,LH_VIS_mean,RH_VIS_mean,LH_SMN_mean,RH_SMN_mean,LH_DAN_mean,RH_DAN_mean,LH_VAN_mean,RH_VAN_mean,LH_LIM_mean,RH_LIM_mean,LH_FPN_mean,RH_FPN_mean,LH_DMN_mean,RH_DMN_mean
0,-10.877548609165702,16.58062660380584,-61.22899875643268,-76.43058102283939,-17.99596047074084,-9.246960161578995,-20.73619298467562,-4.146980661016321,13.15996490938685,24.834112283302318,-18.85140074598415,9.57585822221908,-44.180775724755684,-17.98573921408826
1,47.57438602325878,56.58881477668633,-13.189116489610987,-33.54511128215062,18.321937850466544,18.09128120749636,21.71680318044889,35.741914214683334,18.876769380264577,18.29815573740564,34.15925809529291,35.655039046881384,6.420471228333521,18.295639769358942
2,50.65171902507408,53.43124280249342,-22.747022271015833,-26.664245267867848,40.20660495307458,38.57728238358186,22.45822340797773,43.01040313848379,21.25479508532602,32.65999313140664,56.791705040259004,56.165621243594245,21.851959314542174,40.146414752742956
3,73.65079540607587,63.681629584286654,-40.57632531062232,-27.825074205239723,50.25739740859426,42.15431588470466,25.050492011809506,38.874609350431484,9.155330460671282,11.669823652868235,67.65068098394747,54.81356207334218,27.59086351687865,51.99996656160919
4,103.39217871733594,100.2791206179911,-37.75803425274654,-38.30275798443084,47.67941160450688,50.26142714897552,36.927380593781336,36.570455750688566,11.655271400884445,16.438638909236115,70.44237655861888,67.57761434619074,39.6443894149408,54.60645383498228
5,61.9576174539869,65.7897530775844,-36.95240551320432,-32.328634077673314,43.03069579993272,36.076653754155224,26.35539996500039,30.415665121086864,25.61277105927374,27.775925614725338,70.55518981885078,62.93551283751309,44.995016175001254,48.26499046646371
6,93.48568377576379,101.4751973571307,-0.44617502432641426,-1.1394839568223887,53.01274480542812,54.263605088670616,39.78730857633281,54.6789245768741,15.611336033204282,7.81657383390012,81.25128169860656,74.30894513703579,68.40749682612625,76.95265678181391
7,-40.23740969752421,-41.08984835251647,-68.34648419980645,-73.89748187597559,-2.9857832158584694,-14.840562061972514,-42.83394888372511,-42.52862268634585,8.158881711226485,-4.40803351338934,-13.907479997253644,-13.258242979688,0.3199212448411046,-2.3395982466316085
8,-36.66689336180525,-34.37813912094374,-6.68062308510623,-20.806019754511603,14.675633761729806,-4.125010593724801,-38.118208279471204,-32.253255147598345,18.145636223565347,10.49574226482648,-14.066919457549862,-12.208992926584662,1.556374183423865,3.327888595230729
9,-17.600944532365467,-18.86553254005534,-1.434355501928663,-18.41612809906362,8.047556807327108,0.16243098444225978,-22.63152202910111,-32.96938243475612,15.82799111164284,5.066858261999644,15.602447523074467,14.689648257123357,-0.760219724084511,5.804198305212858
10,-18.166946142168733,-23.259931423670032,-9.081151759315622,-30.984697410503184,0.31610779037741654,-0.923703924723772,-23.149536720431335,-35.86400403864691,10.051804553250987,9.284802806577183,20.649927458214858,23.66662344479115,2.231057270592719,5.328295480014779
11,-50.47870068229928,-57.71652668395064,-37.39209373539602,-38.01944206240509,3.5250996386959614,-9.043248747757284,-42.533521461774185,-62.824017612921295,15.571924209468536,6.7197787634098525,-3.5124847156578234,17.55608381885272,8.770792385527017,8.056867827317436
12,-19.84719654420444,-19.811764775293955,-14.342232550697261,-13.589383083159648,21.12926607059092,11.813698628978054,-23.009695512064063,-34.82436382992699,27.13113765489685,18.675937750728185,23.233704909508564,28.78374602152165,46.33309601615949,28.999869330278543
13,-31.76832376264418,-33.156179008906335,-36.11944040137459,-37.55976201666062,12.234942848966643,4.544039058627518,-14.416712156731663,-29.41919935818827,18.060740874569447,6.005658916619299,21.335771687363437,14.286913571866783,43.471463993104926,17.579057088787877
14,-25.032513871344445,-21.023456079312023,-45.45301379797388,-50.70482654276676,5.010209993635608,-4.583352546533768,-12.474737080195258,-17.435262233998976,19.51283814539768,7.507034708549029,5.045134211864333,4.732735184878884,19.274088004265387,14.263079405446232
15,-38.547178127663855,-24.399022698844206,-68.6161616329773,-63.413003138537015,-12.779562612828622,-16.22402232920799,-18.458434160854477,-16.54707665626303,3.713318881553395,2.674179813614663,-14.676243806770227,-7.193446153212182,-5.0622002342118675,-4.758968357569069
16,-52.24812311947156,-40.061347142774025,-71.86254658226564,-75.00947574335903,-18.938989387151086,-26.71548472443231,-22.454155310607973,-14.745451526754398,-6.304286115091897,-5.426120411327978,-44.56560856717234,-12.715700049259574,-19.755379937256993,-3.9154485660075604
17,-75.38004210111578,-74.65377155687524,-90.84430455805516,-94.84662493390755,-50.1080251138962,-44.85048224687279,-58.570673094130434,-68.006046510016,-19.920194875883062,-22.60382280909995,-65.72573517202888,-39.73093179454312,-54.07743597387287,-29.764280518804448
18,-135.94886430028126,-122.52661655158505,-119.69345090533096,-133.2379235441514,-93.48983207379999,-87.97655499894583,-93.84302381822393,-102.57384055404687,-48.801788211076634,-37.20869238284382,-103.84664349243735,-75.75197917069084,-91.9305915160693,-71.68554705632373
19,-155.5733899076083,-159.4453420873425,-112.36239212981359,-97.64961281722974,-93.77397284753457,-87.77791325521824,-98.19771428109809,-94.78173042414356,-27.539689640273792,-11.707718821098926,-107.30866101455076,-84.24611419813795,-83.5815406542125,-71.89223963064632
20,-124.1489798543291,-140.18491295447146,-67.22580262363434,-81.97501893343679,-80.28073643976128,-69.68835717102057,-69.30491847243484,-73.70043596683749,-19.163988032504225,-0.9127488247286509,-86.27894984187516,-65.13012814776745,-49.19259159492039,-44.99079676902863
21,-87.03723963139701,-101.3440150241394,-32.10332063699588,-39.73638976518352,-47.478986670501506,-40.71770835214871,-14.555313921407418,-1.833051836863195,-0.9978304525781009,-11.520605839573463,-41.26509569365143,-33.291936131622684,-5.67583620011966,-12.452678147339348
22,-55.59620553946697,-83.03165486145195,-27.12281855807423,-14.19705444455668,-38.93392153230849,-29.430402155708865,-8.993831314080811,8.011258733075005,-0.5883147333723963,-13.934818757274387,-29.002918475203835,-27.855586003530945,6.930509026157514,-3.5630758674690757
23,-60.330207487467256,-81.05059102705935,-26.55740285957029,-18.163437785862595,-34.16856205691892,-23.222836865889327,-8.978461574119148,-0.743560354042161,-6.712387485058488,-10.89707325135344,-38.65645201414611,-32.18152556151746,-6.981393060969842,-16.923067245858075
24,-57.17515850142599,-77.94070350554708,-25.767759742938438,-29.229379979971732,-20.595752100013765,-18.061034328395678,-1.6195461769831547,-9.376417159890613,-6.39196212097885,-3.403473288955,-26.54777534364247,-39.79848533565041,-7.723608275615002,-22.505839639168038
25,-58.61608488786663,-75.21906781802271,-37.643495909440304,-10.857346738753032,-5.659631108047449,-14.527337002480673,-10.410786291970188,-23.707345999834033,-1.3830929676304027,0.08408506596566134,-15.082177989979545,-38.29198657466023,6.430508223902702,-12.6424415242331
26,-96.61860020915472,-107.265816141238,-62.68597718487206,-62.41114851528045,-32.904896919967435,-50.34539367126242,-47.06559262056521,-65.7406322281364,-1.0105857397631093,-10.828546876813782,-61.84560367081784,-79.49645751961513,0.0792819766161006,-31.983751991227212
27,-98.83898440427686,-108.6276773344945,-49.047696779243914,-46.756803983129906,-48.925071767554854,-60.12070246892127,-54.48499267684299,-67.44645807139054,-2.5515896784610796,-4.4251013085549245,-78.69162766927921,-98.20347977283423,-15.11498232494114,-47.68737863845559
28,-71.77341636258669,-87.47668187352669,-22.630538254304053,-34.35658398642767,-48.63522344450272,-55.029348083631184,-38.83594922130301,-44.426473162254574,-7.611484666894417,-6.111378939279393,-77.03097668799236,-84.37511267156518,-3.5026064818252727,-32.55774285481372
29,-98.25782021316316,-116.47482724311222,-46.2309590163995,-57.97411200175167,-61.7185679675842,-73.1577766711342,-58.2118273807086,-64.30103545829928,6.287443056966217,-2.096360110812335,-76.18267926168176,-80.83335054963305,-20.690595400122657,-42.987041088732916
30,-91.81855435456654,-109.62664572095265,-47.112818039027076,-61.22352918171795,-73.96883564822957,-63.02450737716437,-60.824662135668845,-80.33782167739872,-3.3539027691426924,-19.749039105149635,-70.89444504342903,-72.27564844745875,-37.57667246920229,-58.87768032012191
31,-125.63205698126298,-133.7617234842342,-72.59239792822127,-92.28509319475532,-98.13786872597258,-99.94146237471986,-83.9633732265504,-112.51834897495912,-27.731960605493317,-16.116643622822707,-97.16473507161902,-94.2578493592115,-68.56794503586435,-68.55744085682495
32,-67.13230646007074,-79.3914064078684,-9.44123129575428,-28.51666005990903,-42.52025580731552,-54.90546341721555,-65.44012327073611,-72.71178648441139,-9.732692740430195,7.753233961960649,-66.88511824499633,-40.945733550340535,-23.716102212667046,-23.05522431037013
33,-59.17278202413729,-70.2066327242024,4.445640042034665,-3.2096145978905692,-28.112644447587055,-29.389201530093498,-31.10643034725472,-46.360689217075745,-4.141411884804932,-2.382633814652864,-28.874387870119616,-18.095653139217887,1.633693428862462,4.089639651953198
34,13.689117322232498,-6.917757397861243,53.48561576157781,48.21816911885388,20.476546343792318,9.63762261598375,33.59293812985983,22.291062692856713,25.211508645394034,8.125486483594466,42.76145190170814,20.61725027057441,52.49206893178544,44.841837849334496
35,24.871705976810087,18.166304084895906,63.58666745191248,76.03426896769254,33.801722999761814,31.153970698479707,31.37300581703993,27.71910412956361,20.84656918314667,4.1072309088372405,30.554702029689274,13.2028708340647,61.71878825303527,39.98897016013139
36,6.5917830296634925,0.4653708277680544,66.65194893321261,67.94446425622007,27.516771436234507,18.998048189558187,10.324449239362483,5.806063868658643,11.743105127447711,-1.6462857114427827,11.119709416742408,-20.695503257991337,32.39793891131232,-0.0018818720903224834
37,14.47721448851105,15.81988090798609,79.43181793581992,83.16292753585944,36.93135235378613,30.156989775922778,4.910957532045564,9.425014185571058,-0.12506127747383852,-21.493022842302697,-7.908147770053544,-31.85039497119105,13.595928743664079,-13.58946912756918
38,11.285245879649356,16.869813354656365,69.2115061093869,76.91604306319712,13.705674184192164,30.081947521066216,-3.3015587820291126,5.310593686829416,-5.4074189817661065,-20.287734984617437,-22.292897903791225,-24.748822416638376,-8.41523249330626,-20.921515681459837
39,19.413068845141893,26.150369973481148,68.47491073275167,70.36338050381524,20.57600150774949,24.74781442968998,13.100262919720356,8.946792286004156,-6.305265248840109,-10.577828717798646,-22.111260976128857,-12.250178980317887,-9.619470692491396,-12.564632394545315
40,-37.089870388348096,-30.661469836278478,24.207825923693786,37.04327496164292,-8.308722150315718,-10.578888723258965,-15.159479289692532,-23.781444274507813,-11.789395333948777,-2.5131003444042324,-58.5730207530348,-43.294297104719384,-35.52531331269675,-37.55366128350399
41,-44.21898454873294,-37.88301977869224,26.322972657186835,31.18816407229935,-11.497267467867788,-14.953221679637991,-17.96638385037844,-17.987885495853472,-18.10524374664753,-6.330160463716484,-72.56681093838719,-62.74958925940517,-28.433197542294714,-43.90326411053019
42,-39.7602705664349,-30.274002343686433,1.7385489653241093,12.829259010267524,-9.268771576629774,-3.696857396105731,-23.950380688043,-16.868830578580372,-12.370963260178087,-2.0057264791543385,-59.11220025273364,-47.4951836451348,-33.69496347734776,-35.62306207851457
43,17.26338559730936,12.584686110096246,-3.8688675428968193,1.259406837294752,-10.552805778350628,-0.474287926916924,3.5115299240721165,8.257032487607558,-27.706280877856717,-15.406804095081831,-17.627952426558213,-22.858813451451137,-36.00746467115666,-30.253004194702427
44,25.46422846623381,20.80298132911635,-3.1498607356593205,5.839688887117015,3.261142452370759,-1.901594426655057,6.187652550263457,-4.839601488950156,-7.13472922456052,-12.888765000467671,-16.933471848447756,-29.11651668638778,-31.557661609557883,-32.27051727219248
45,18.694887476208116,21.190867443887964,7.055818967832971,0.7778568288073453,10.287578570782863,-0.1474565453134314,14.95384219839046,-3.9528075459231906,-12.415163825806593,-5.039373405211054,-0.9364819292608395,-10.33716731124688,-24.64819558340461,-21.190137980126057
46,23.485216174828444,19.73272941263415,-10.610221546511992,-14.590173231919163,13.42786462884579,6.870538894701214,11.440469130516899,-7.516273046917408,5.016665688477386,-7.52043490664804,-1.034176587101184,-0.5907028044799307,-10.83843036852669,-11.803991659482374
47,-42.539766283293275,-52.30137452215356,-61.98378786648866,-66.2909184645884,-24.572320842971166,-42.22265185632848,-13.990928497329078,-60.14665185511751,-6.354126616386801,-16.608887578389304,-56.99410851498826,-49.469827855578586,-44.88893932602827,-41.6473459917946
48,-93.40409771685094,-100.36292588541552,-101.45752607849829,-94.02507039981265,-65.4730857366141,-71.89493333367072,-76.85162932333358,-103.64182331202058,-27.92822295069637,-28.629159630338012,-105.4722919904781,-81.57451584891501,-86.59163483186869,-87.87446787145997
49,-43.21192773453721,-50.177572381651125,-15.538311961002812,-12.953353577403691,-23.00765775086588,-14.845056515460694,-23.55341819914811,-36.413182640102484,0.5095165992361652,-10.01555901561707,-42.10049331707421,-51.906083985691104,-35.021313892813176,-43.21330172748649
50,-31.6670780500087,-43.699799640117995,-2.7674439594746723,-14.71705245380985,-2.0487658355681817,-15.694512858541117,9.553071282988912,-17.714744460851314,-0.1270193250427368,-14.145386058016843,-1.9086056217459415,-30.716997960599866,-5.85621146316358,-9.753977652572699
51,-0.45100627175003055,-24.513517492041245,12.756850889950192,3.2450556023458956,3.639569859845025,-14.487461621718692,27.899034303565465,-0.49290600948537777,2.8996822023477784,-5.969118002448248,19.781862906849174,-3.3827947515783343,14.072125333015169,1.9382771732733355
52,-51.2533396574847,-61.947336644845755,-36.73420530824312,-41.93765458802793,-28.366791645196788,-42.482784403206196,-17.43885806796173,-32.58784912240193,-15.97085338856085,1.0404172131854192,-18.30553833035418,-25.66057092836853,-21.06491178259387,-34.26815181597354
53,-6.96762663978834,-13.18896526928524,14.14169423304142,27.42005929371506,-13.690882403650587,6.999455529126138,11.034115819671825,27.332262383078536,-7.683346820312437,11.958514947830745,15.971991287249224,6.4410084076916485,12.654526468726619,9.308605264664847
54,12.269176829766884,4.254130974105156,50.70285031655026,49.74360739709563,4.041785215748248,19.346096149844453,41.952948739721535,48.99768435298023,-7.464574055733581,1.341789932257429,24.65077225347322,10.500789998583876,16.00732707622632,15.57161416883365
55,7.257259827623963,6.010240562518899,35.10482925229696,31.608238445170546,19.67037937493686,29.201080984884253,51.56317365571511,56.903281647908706,2.039713493763683,15.516511152893631,46.000433560778646,26.445798744143904,17.473527090406296,19.799209446579788
56,30.482388014702913,22.64702510067842,19.72690618379751,13.840582676403887,38.50004714802333,26.902337533410783,51.8634164467677,49.299004056403035,-6.008635674032317,14.713419636871496,70.26553612573154,48.682737100672426,8.696461909322645,25.4046348275175
57,50.417729268997064,37.77123534867346,15.246951599551764,2.6386357773542954,44.87500440432435,32.62793816345803,46.963430122946654,31.53464770220865,-20.66692495983451,-9.105030866640254,63.88638555473584,40.67504045368239,2.616313753934233,20.878219293482104
58,-4.784012503145015,-0.25129967706078443,0.897897626301905,-10.523289381444451,27.806411803105444,6.952149912615373,7.323341057515592,-2.5809018638366497,-7.001884856137683,-2.077743646896028,7.846277415233224,-0.37541505253520235,-11.225883951754131,-5.998834322388845
59,0.9781213752143911,9.209002052089218,11.38353208148735,16.08867128647387,12.716935961716406,-1.2331556331692464,-8.51633493388829,-4.306444428613078,-4.386090008693741,-6.105635433686497,28.818810128486703,10.633085811658761,-4.8564882881666716,-10.750294466095044
60,30.362796114205267,29.519411141302786,36.05231504329523,44.89473834318105,17.581650216637932,16.671592904997848,18.334115699457403,16.786856301535515,-0.3313388056908533,-0.711015322796817,44.19665539911248,20.19031014206204,20.12159353454083,17.08001981705382
61,-55.77677053265455,-55.272371397587925,-36.030427374760265,-41.70348376548016,-27.107224617371568,-43.17622140458189,-38.61706455794083,-44.11528943071171,-5.515201418625782,7.490812220343052,-28.848828898891675,-26.102479763542476,-27.573818917163052,-34.04433087285219
62,-49.58306372393847,-55.890794555303124,-15.323025590203017,-29.464940486703966,-33.54608097883673,-36.431211991367086,-15.123732190937096,-31.086389400613534,7.620431140486115,-8.191892949738092,-5.90310142925586,-4.751758904057902,-21.737294526311242,-21.07073267694574
63,-3.599822645230754,-7.86268631098538,24.428254640760873,19.823493278456155,-1.2464438225865406,1.9707462998562888,10.003916409198832,10.975300176222548,3.1110319065830083,5.018519623838685,19.553240153258564,15.427533020552438,6.807782057088558,8.407764956461456
64,-31.779132156430947,-34.24750513174683,3.9473170501026384,3.3760919491721304,-14.357015440119504,-7.404048889023945,-16.485993544535514,-3.6461678951933862,3.0599184872607625,-6.697306455117326,-14.395338084155538,-1.828579158122607,-5.365840424389319,-8.356912200558373
65,32.97097454106277,24.292252352261958,49.14284960505709,63.83778828429028,24.78997619529264,28.196853947231244,27.362077437249194,40.07352589369013,6.367882774156807,5.611072158904301,40.66890098912072,33.42068500892483,32.201481164803496,31.025706972616778
66,29.381941815444065,26.788320011704464,28.76022311435997,53.07089162184139,21.621222058801255,31.753069686881112,32.80667712928354,42.97695381373278,12.165232854224675,14.234860470317411,26.171857963890414,29.53301997711838,42.427203025682836,30.199000960554134
67,28.36117661080253,34.27841506389627,-17.398107973253563,3.178340273120522,-3.70720770463753,3.3900166488261556,-11.532856305941607,-9.852459328488482,-18.692505815797844,-20.27281284743563,7.73934971860349,6.538096392329474,-7.637915101663809,-13.580578607755085
68,115.28808762332925,114.99548699525099,62.87401142768465,69.80033918820135,50.78149937201301,68.6080895862888,54.65780781102016,68.47795615350255,12.728777719696026,3.6046429651124106,77.6735561742081,54.61927350124672,20.96413246440824,25.805816644485308
69,47.99773671380899,50.58940846473098,-1.187990709578215,8.64701581689054,14.095850686992968,10.299364906725913,12.251661364404667,21.246115018316278,4.679534065429242,-2.1750822528154186,1.6792039153604312,7.4508493405034,1.6929659480740336,-0.9445688258490467
70,14.512100439293858,19.488330406404113,-7.852053331408862,-13.03270434573082,-10.11701086639277,-11.812750706659813,-14.165677395493708,-12.298120474534265,-23.601580187259003,-15.87179672666111,-3.472551754340437,-3.530831406085923,-20.31054795237543,-9.781092612627697
71,50.36682800218429,46.75869203585756,29.089015884468083,31.524067805222067,8.531182535407229,6.879262379230886,18.66358795097447,18.949387374246662,-10.861869917050058,2.825712650351449,11.267149130616565,12.378096167940585,9.746021084302868,21.669909746374536
72,13.583493472119617,30.776306899471475,27.564965364190172,19.14650763092697,1.7893535963225018,-0.945585296170223,10.105637873270522,12.191195748848864,-7.932826417063519,-0.32406317851758004,15.337794833608294,9.39693093735745,3.7064781243303733,7.86485337706404
73,6.77242233193692,25.29061209532155,34.41401634048511,46.32655362853987,13.070285095561994,8.549153292042096,34.51771820491376,35.20686824876056,-2.7646603139262957,-5.3397419027958195,46.16917469750894,26.696277885858578,-0.22587972167560283,3.2813292995030694
74,55.12921666059863,70.49213132367784,79.61853773756751,83.32759001844992,43.50437310772262,52.9140623614636,64.3758098589174,75.44961527670367,5.0326829981052805,4.807149199848593,66.25971618297642,54.084391832690756,23.06883360245468,31.905779722373584
75,-0.21491041018453527,20.053068495753543,33.76470248355307,38.135870079995705,1.5226005121163477,2.8927033008789302,16.422253044529462,19.871875844908118,-3.9481981260158645,8.107043942338704,-3.0999850916475236,-2.748409960772099,5.728860091202241,-5.055371635755604
76,11.061950049275838,22.72545632191705,43.58896331295389,49.79336815203172,-8.722771050143441,6.820345180574642,-14.365952791337154,-9.709261889861232,0.04875672035384541,-12.902467861248459,-28.0657379359856,-9.325678844302411,10.263253564748197,-8.77748106115128
77,63.79599565826676,79.1901069393024,86.23496862250437,89.76327373987988,16.542624338478173,44.77562967000127,20.63190993907383,38.58105356173503,-2.7383312177222545,-6.459751124451748,7.5929963137102146,24.714891523862256,37.25728095359779,28.291739150646016
78,85.04462578739502,89.72064743778441,67.91546641799442,68.48345061264561,25.194250282547316,39.97778410713918,31.179802949316535,47.94900109243308,8.646578492182014,14.353586026299732,50.999098316390885,50.770847073705966,56.376423557415926,43.50147335174085
79,71.16174592647705,71.30901857705221,17.63460639174622,17.563145403066937,0.8912029988393477,37.139418169247634,5.208139961552864,25.72900431835776,7.611946544417161,3.633223256476035,27.882842881825617,47.11280164546693,36.89467216721479,39.51584502893655
80,20.968608425502655,16.85340760644883,-63.44490653394123,-58.77996506378635,-52.0139756646679,-25.393044002789487,-54.48614916279322,-36.69591390134824,-9.068570778642448,-18.808876365121332,-8.085773499454298,6.436618284630127,-13.079216561328813,-13.216305045841468
81,39.334225261459075,49.366037315582865,-11.256389927823633,-7.357708150260724,-13.85554011987947,15.774141238310659,-22.200396620916024,-0.40616788918228053,1.415604594412444,-1.6503771515837036,21.38324257600958,34.698138886455986,10.994322665545504,11.534720333134237
82,-4.080112999639962,-7.0315391720713185,-22.03404828519922,-10.620005047547307,-25.24544279291301,-6.195323819424707,-37.44256213794286,-22.584885385404036,7.7690991119055495,-3.9688095637700234,-3.187625140999291,0.33380956802656253,3.8598908946887933,1.246657377239879
83,-22.204755063954426,-23.25127375010376,1.3986934213716207,20.14756579642604,-17.883864141390845,-5.0208943155484445,-35.7520751766126,-20.676315827162433,10.353975049813032,-2.381541040759151,-0.5033324076810111,-0.6098592812748187,-3.401943047457529,-3.3140289000781107
84,9.261162161263412,4.897077025950933,45.57815186848213,56.67813536773064,5.046057989505348,17.645835267462935,10.975603578046085,17.28586261368303,22.82424565436366,14.264755990615921,32.72719976254274,19.51903465782923,30.241313727987844,25.273367322706875
85,4.342350951991702,-5.336410833878975,42.44739317362884,56.034936041549756,14.655910511569259,13.859054936027634,1.887342686307192,10.76194694973171,19.407108368254892,14.330257681661974,4.978265250184306,-0.3402802167950571,24.48739345394769,18.992274417091906
86,-44.20837558062657,-46.3534558317914,4.959969151165525,3.3445859748260487,-29.579125847666624,-26.324946899842498,-31.646319342500238,-41.954005885866216,13.011297634761155,-16.857171190502818,-48.50713562323493,-38.9589298704451,-13.10863520131437,-24.870457819838382
87,19.79686188524335,20.977193910124722,77.15306881602076,94.2575292075037,14.875212128177909,24.616141442577526,18.72379775359807,36.91085538330829,19.493273050255045,-8.660942665040436,0.14624045159312615,-17.153552885109036,35.04699456414684,18.473126035025683
88,40.75588805457116,35.16691679499347,84.84961699174141,100.90319699389863,35.510687047751226,43.497029148111736,34.10917459726799,46.79251834788933,16.43564784020279,-0.2812655863539977,38.09747967099227,-2.5947069127947677,45.77575243680399,22.262304195549774
89,88.54069393458757,88.7193505094428,86.17305316789826,96.75859795898761,40.19298604773224,50.588340455595755,53.10147931386495,67.53109334431574,14.120319871239694,-2.4913016492992264,54.52639350998077,19.09515697831789,45.40306306131567,37.09235567949484
90,77.89852652222447,79.64885243773429,80.9950000518316,87.19644393888801,49.93574782328639,51.52258288404882,67.7387668293514,76.96263498708697,11.514419646574076,8.530700370442007,40.82907695849817,27.896485315836816,40.3296995292684,31.93900911616207
91,1.9086963745560719,8.316673364482105,8.580470301968672,-2.1764288396897142,4.780819411596056,-7.562412590633326,6.7392345382720675,-4.852203273994935,-7.628735266915377,-17.121712871883204,8.212438952624144,1.8080468462087715,-6.585993773329306,-4.057501457824767
92,51.04348095715251,66.24716051414853,38.44632263332,33.81530993854246,37.063429230646214,32.134302330276505,56.92890461122531,43.79746238598111,6.7446342667666,2.4377272877572835,63.49683564189156,50.91292774839698,15.194250966129307,36.850719622810594
93,42.172189305218936,35.397414639611625,4.584519513588691,-0.09417040022888112,24.080712536317662,11.037637227003643,48.49949232624714,24.015974641700947,-7.748075130674368,6.077651737654628,75.82996487722127,43.83203770990396,9.02746529772217,15.311174374036012
94,54.04165878620714,48.15813547950998,-9.800741088269573,-7.178338324368957,13.240748590342783,11.344015853833165,29.551772369918815,18.981943922789203,-12.4506839410221,-13.06084004164872,69.75988799513097,50.11651622780366,9.751668043400418,27.708738065787962
95,57.19915809928841,52.66311386751815,-2.220932808082015,-0.400939531741207,25.59691449232737,14.747029971711527,45.65997220306209,30.29495733274573,5.26458451394479,4.452679662286746,56.37854910346132,39.63241400241621,24.391134560812024,25.065900944359477
96,35.203492507895525,31.836863666019152,-3.1940431390623654,-1.5073491541750332,19.926924750083778,17.661363719004104,39.50114128290253,33.352527322800434,-4.016946572834809,0.04359396233997259,61.73709815077694,32.262480039601456,3.9386522036880605,5.50722244826428
97,55.42591246061091,49.083256958073115,1.5160608907176405,25.87862656013967,27.19213902551726,34.56142523732735,53.79924954733553,54.139499780533754,-4.57133460351687,-5.281845109131234,65.79994071517257,38.10691369434582,5.747250479638186,11.703460321506084
98,49.53536421336504,47.937945868425096,18.950784210199153,20.55193804493511,33.59206631824787,42.477191662197335,56.6852584885628,58.237667099566124,-3.449222635594945,4.816492486326657,57.438007697659046,38.448518492587965,8.676148582330411,15.512536753964453
99,61.892854788122044,48.22921964427888,14.97495269355345,14.164469339389168,30.589188783009945,45.08537751323349,44.84200624950311,41.29411037029011,-13.252987276289323,-3.296617751730466,27.78991493316553,20.29794050887579,8.204637473670456,8.941682559953291
100,44.95472486977482,46.6534961835678,2.777417323375211,-4.540192526991514,12.751405402120422,24.617619476870427,14.202291346971283,14.642727186952877,-10.782334555965003,-18.189687596779873,21.007280484414487,-0.29090012263787085,6.516363371669196,8.027208558907992
101,46.81049145928601,51.397585927233955,11.943813883491872,5.470402945164159,9.551927545962904,19.96572174774896,12.714976795812598,17.565093989438658,-16.731719675684364,-10.002946176265155,1.649387724611508,-9.052639287830736,-2.4964999643576338,0.296973304671531
102,-38.83679023714931,-25.273151675083458,-48.790890757194596,-61.35611036111897,-44.20425980098978,-44.52908184328796,-29.088101646100203,-54.28895321590979,-26.866432495880233,-7.4756261652932015,-51.66043608201744,-56.06308328030573,-50.232524795908034,-48.09504744892668
103,-33.51381290003829,-35.342628552522896,-52.18535631963804,-52.19804256133722,-30.866355918695916,-44.21766924652631,-16.68305801643222,-46.599087765075865,-36.12007950018716,-14.936162170996315,-18.527959185064944,-32.45122222297241,-46.01102229976654,-41.04124369714723
104,-35.22931137387279,-55.465076461668914,-68.94427999207478,-66.4855310469499,-23.20634979579967,-43.401370908596355,-3.7573020488209465,-32.70914785120233,-30.05658740106469,-30.664935969740675,-25.015625801810696,-30.035750473712685,-39.0336532174989,-44.69987536147718
105,-23.414102430338048,-45.16806211931454,-53.26023266475456,-77.15408134758441,-25.633181116659667,-33.86004293964634,17.77522800512391,-11.403527278257581,-33.39178941000502,-18.349448102367965,2.646042910036004,-12.093043019531436,-27.701171498946913,-26.780429394985195
106,-24.33879242516312,-43.5703165517608,-69.72713624698629,-81.58860597809354,-35.075495877901105,-45.194441110924124,5.601067222020716,-12.092868179388107,-37.85631616024213,-25.534578583066782,-14.654205952129555,-21.881199527946592,-34.22075433790968,-25.512799589603105
107,4.7357362936350755,-17.23223177197794,-29.91508365852189,-35.85664965925816,-3.513437298903016,-5.2585836731638365,23.191000716294734,7.241771825027351,-27.32516916536274,-26.44429163095106,0.5881262496134463,6.412383966243937,-13.346487954077478,-7.024719091121882
108,29.216156483410177,6.993329743778237,14.48385527611711,-2.4263055906353603,22.413090542724124,22.37284170599807,51.11370019638825,48.896198633355986,-6.5844134395384275,-6.319490653511016,29.103132869318635,35.075058154874206,19.132237155613524,27.222480855519965
109,48.00919163837008,33.14092569616817,9.942656650899254,-2.9421263053890603,32.737890600293206,31.162668138296763,61.70141471809112,57.82957670138014,-1.3392818865744751,10.767728975660471,45.03268762301718,51.55854247545761,23.590134047338406,36.967509815628034
110,79.11729354477164,68.52086735424072,21.311030515460185,22.67203263373915,59.22410341600732,63.85950660864834,63.252909460013186,67.93329092087681,-2.2357066194761757,-1.0746732134157577,56.68949287046591,75.83679565291823,27.510938749853075,58.408412676862916
111,14.904258567871771,20.775185976033075,-0.3065862238740819,-5.398917170398972,29.714377789333,19.79352043215882,27.266246916039158,23.435041231675218,-9.85052434860638,-3.7556942319116295,5.90588051322613,30.66838917008033,7.8621132064930075,36.90152562648236
112,0.8065482530410806,9.12779969460974,11.166987090942898,16.517861579446834,9.011108435745331,15.664335509638644,5.645097256462802,-2.4695050217677554,-3.4234609259551263,5.8659555619894315,-24.916412943307783,7.2471877373547375,3.2920427645885195,14.023303857929788
113,42.33794317988682,46.48170057565987,48.05363715497728,61.395086080719324,33.224367291323404,41.81704895007259,42.54410623699521,31.48340634219803,0.6660247238360384,14.96092161269366,11.432283673046417,16.805477413173303,31.214449823556,39.552770972121905
114,28.843236016287904,20.34369006283942,26.52389950466606,43.10850672442406,18.549133829015574,23.65622599244133,12.242220213193045,8.252575151391298,-1.4637930748679697,-0.7750861327922753,-0.45663048003261286,-3.823246308448508,27.78095153228882,26.101451166029427
115,60.71422599497386,75.5553873783533,46.57846573306208,32.37013085746433,14.72721860937191,17.00737727507828,28.8540936834296,38.471734143169435,6.037048677307337,-6.850646210882314,6.549821578162907,3.954998586352935,42.05589444316619,40.589593834492355
116,66.61059585488272,71.70729715037714,39.68152422868253,31.530117801329745,23.090689727744298,17.706627392901197,28.73327921140639,34.27930784652818,6.5868264966348535,12.710844875969844,29.233581549294016,27.21785752774918,53.1698742664284,65.24875715025748
117,28.823157533409617,30.461220628920756,-0.342992276819774,-0.7037893150266026,10.88807106012164,4.201172593665954,4.061161284934388,-3.2913327395047176,16.126150274978794,-1.4944605774534554,26.996285063897943,8.877500665819355,47.76618206446946,53.19133308912382
118,18.387261971163216,17.756514943196628,-10.822715044390195,-10.761830927310143,2.7528145930377397,4.679297150904987,4.213496999070989,-1.0976440835408101,5.9729527948786725,7.794544148101737,28.098517495146496,13.690945283807256,31.135738388670436,41.703970466114534
119,-10.290883455549196,-13.216691761210296,-33.95765337469783,-24.602739939548027,-22.51616594212647,-13.094128385976814,-26.417115354691624,-23.42431952484047,-11.192423307937018,-5.85528157788044,6.9282262568350825,-1.019771719570626,-1.3627864996357606,23.311227084143887
120,-75.32566586457038,-84.91925861729634,-104.33565212680749,-97.88039183316462,-77.07302760077206,-68.82398402860363,-86.40563191315277,-93.53933292681339,-27.604492757343667,-10.940342380364015,-71.35796591497231,-66.13637915876464,-49.20316614046869,-40.44647308997796
121,-45.804302844997906,-46.37546258068483,-38.77565133788776,-55.97027747874892,-31.60528199468164,-28.649811042643364,-51.1464736523804,-42.399018905039476,-17.56824367438817,-8.80331138616204,-50.57906309114917,-35.72015554304518,-20.260582293444934,-15.895464575558494
122,-92.24410552203672,-95.94210165776623,-84.62948775697849,-87.91193985728995,-70.26365635954659,-67.26545971005496,-91.39235328187307,-82.50412434600013,-25.919253101644856,-10.245751165332528,-91.42429561965149,-69.68052461892373,-41.74222280240581,-47.80598708521202
123,-28.41070702759741,-41.025100141564465,-17.370665557924706,-24.18304213985445,-39.28635392187306,-38.33489531944439,-15.54998484311092,-6.443215918105051,2.8512006442074047,11.796507303396522,-30.293149944241755,-22.801824938240973,-0.41299205991741034,1.6307369451059228
124,6.839428420301717,-10.57348801373202,40.07197469913073,25.440127241455496,2.004567988307098,6.275646142536459,22.855551229404295,30.52535038228202,-1.1830784352400219,4.640254014428258,-13.847779303276628,2.9149847160338385,34.928614245963495,27.890906824016295
125,34.738355186957065,20.118783107117554,59.72657061047573,52.644746369752326,17.74221060794671,19.669094527278386,32.61759395965064,53.48115436912841,2.806144276842595,4.673926131795018,11.996244031389812,4.965140821050349,35.547283625956474,32.696130947637386
126,60.91343312383075,58.42384957948198,82.39694782568107,80.57525750977727,47.36501887738047,43.04988464120914,34.5700923167986,62.18705974147915,24.802996090780322,15.224006738807898,38.85862174501803,22.533925709838986,42.33497497824156,34.66091686894573
127,-9.385823075600811,13.297585233900636,5.196532089287108,23.00920712894068,2.853288082485908,8.150787783338037,-37.5384603624949,-17.6518964508341,-0.6251648840388953,11.405384373139913,-33.69972552340836,-21.391408646583574,-4.395569089133849,-25.318553480351294
128,13.346660340662332,27.756334733840376,40.919306847311645,47.12851349612394,23.847588975246264,28.838685389931722,-2.2415074003177247,5.7252340813655955,21.042321101346648,9.587918337800584,-15.30928693548276,6.395436226364659,-4.1672775708261165,-18.315596310821345
129,8.479267002530696,33.83520645993519,50.60814429856263,43.51668600006317,32.974304913222554,35.90047901594017,2.3099687705468264,12.76293779452629,15.433607512096744,11.00041832887234,-3.951403293053053,14.07715155766933,17.258628931384486,6.7981750019435045
130,-57.996534689839805,-36.50179610094152,-15.797129644861057,-19.63562531726057,-7.693816369034912,-14.13186878374394,-30.639959023191405,-33.92577432919974,0.5357864481154436,-6.577197090216809,-29.340800304477956,-29.464631373413518,-11.524458837449494,-27.539939002027737
131,27.190749073377567,36.4282319234953,61.161127480202886,48.67895033555862,42.099133880067235,35.00486532231252,35.526134186823654,43.085802338719276,10.686074662178454,-7.204277559669863,68.02646473708177,32.69025434686215,29.353340843344917,35.378028960339606
132,35.188992924719095,23.074636420363056,41.373125971433076,47.5977015621449,45.447265662896044,48.75103225120152,46.051697441128525,46.99913073051157,8.687485038003663,-5.98505716505111,50.88165594436631,38.412030088079554,37.94543163553934,39.56758338508882
133,80.87939588768558,74.51580098071074,52.93479714922447,45.73784382096805,56.99954167914866,55.6792971865116,52.64501115106054,66.842918347079,22.06825055643637,6.329323581520218,91.39540393288553,63.93842217718486,49.9277029957228,63.08933665824282
134,83.40615291621195,90.53498357136918,57.7897537543757,57.19869822869579,76.28729306123373,73.01944790055032,70.0847337098173,73.75285221180579,22.0695061087068,20.089204476929176,96.84178712064848,79.69771773755537,71.45550893358465,83.62249881629661
135,76.69763784342268,76.52707004200568,21.510218663020357,19.85895775093572,54.80516748706777,51.77315061806865,48.70062946706846,47.23982176062392,10.26369053367309,9.534088665605747,74.14216504699299,73.84297940569205,51.728912010198215,67.78046909081031
136,74.20062963786805,58.4758473582565,14.8606106754698,10.843115063420772,47.6975266050567,49.60967842708071,53.2190443934803,49.512864279765516,8.993213111751583,16.946565841067954,59.808184684343416,74.09749889823732,45.55837445969322,63.96092326231008
137,65.6789530739817,50.14557013032481,28.571230213756113,19.710044894219266,46.01286013383234,54.8782008578812,35.31940620186787,37.991708007487844,15.957561741802115,3.2358307435010096,40.91932627713629,58.66072483523208,44.84065440078278,57.651114205976526
138,6.64562688963782,13.812167832832941,-34.67925745740121,-45.304517404281626,-13.988121061102536,1.2031832748196898,-19.81537733329159,-21.813627126492786,2.8997238294381322,8.218753071053095,-39.344296537888575,-5.261382644256294,-20.262440737488642,-4.358993724280249
139,57.47602848651858,69.96303521196837,-2.508313537988519,-2.910543485978579,3.2209964971513725,16.886145224733262,-17.479112648109073,-8.680845181941256,4.677621207136608,7.306886763246671,-10.843285865329488,22.80244554415023,-8.602659252961587,17.146580303010683
140,32.42112752666211,42.314330833953136,-13.835602099230746,-10.63266547165188,-1.2579504016335994,6.054586731764069,-8.458371901693654,-6.04519869664129,-10.291859301048019,-0.8476713870275727,-2.360658556844169,18.326090888588705,-9.414323671817387,12.359146378767313
141,-65.79212782618725,-53.04019591051428,-76.38881222761405,-82.97443750237537,-60.94584676221578,-58.86405486527621,-67.8602877197501,-69.77822936413898,-29.174236332527823,-14.471807722999614,-68.72890504547809,-46.39075664604728,-56.651537193562504,-43.690330104134226
142,-13.068960312287091,-20.689283655390124,-14.937314742962997,-24.12379212496078,-10.913616329531486,-4.644191270588044,-20.191986408198108,-9.451455463324292,-12.867640154904564,-0.2471481630814667,-20.233429516367096,-4.904170035170917,-33.28958147066725,-18.4338472523945
143,-35.005069666190245,-41.001595983154004,-31.876670994208563,-33.15975743580721,-20.067249019035735,-19.954867202514716,-12.11700955464151,-20.222901881022192,-17.899727293643984,3.661921309926032,-36.178721409440094,-24.460863929051015,-28.609835135720463,-16.16158239444383
144,-45.29749353231659,-62.34108849775774,-20.875244576452083,-38.86669010561754,-46.02573399765279,-46.080476630152575,-44.36205504741404,-43.07554011175377,-14.562687163482536,-15.741155234294745,-50.053010085466205,-43.24621607052408,-51.12963511908957,-44.19262733200709
145,32.15244520627786,19.426619690875825,39.10258757988883,35.73550387198169,1.7236017462416364,9.987806276343091,6.39581584428788,15.182912186980676,-0.8385083062717443,-3.7967784030349163,22.988117655415863,6.063358801486004,6.117059851917433,18.179667977743325
146,34.83557884796687,24.91710975422312,28.33323864396191,35.92801899273157,6.105472484589816,16.761472897019022,-1.0379530650542124,26.267747686173358,1.4384968272507994,11.154564580573386,16.57626451961026,7.437912627782446,21.129369587535205,38.37808441408218
147,-15.59625136171975,-14.574720326185943,-25.202986576801845,-22.263249551910874,-49.5627713748992,-27.62097762140075,-29.153903007822766,-25.377922834573077,-8.445050278978435,-2.13163175082947,-31.265464638367224,-23.441066957392806,-14.126668682800844,9.859676055079614
148,33.32377591408274,38.7246449749419,30.617915673794496,39.275927874687376,-1.9167611403702454,11.403886778817922,13.46868026231061,24.698250552377072,10.9705230210488,12.819202964070925,28.89355484169974,15.54537772660839,30.29024287913254,48.712654076892335
149,24.930018154767218,22.175049089913777,43.46472824215551,44.97134043399574,20.388203966778278,32.81390391834018,21.450091707220974,40.33845441100075,8.594370650943542,5.378045852550015,15.618129204476556,12.391771544293322,33.32236082063405,66.66443496664915
150,-25.874638848702475,-23.773560913821758,28.45081660803685,36.9278350359943,-1.6163986130504004,2.2918309582900775,-22.628877343695102,-9.879771635349906,-0.613541894465853,2.40738916467894,-19.581289945798524,-35.861636089084925,21.068660582278405,22.459324560191273
151,1.6316576593637062,11.32950805054826,89.76561479232377,107.7751555132844,39.344542509882785,39.59927425727421,14.255120758934634,25.204439153892356,10.569416857168362,-2.7050019036932365,21.193271735135838,-16.805665101388808,43.5883429733944,32.80046448927494
152,-21.86041633990466,-9.638830519256926,48.93488402358259,53.60588117126497,31.27801024643103,28.07691617363913,-9.760967513450337,2.3870428331108826,14.20148811266923,-2.0554166677570906,-7.943297836407375,-29.144456252846467,28.1686704294544,20.57027988816453
153,2.891685396775384,14.160053010132788,40.92419231802137,44.66679666241578,2.79597048332915,9.529358215224507,-27.167186544340733,-27.47954834768019,-6.487245833216586,-5.419494937256154,-13.855354129811184,-30.993847013521744,11.773587810899953,-2.6562772831281336
154,69.23368034461075,98.22163976975557,66.64815648642475,78.71245099473704,48.070581418105576,52.048401093785436,15.972717426749634,26.983531057751485,14.233759227385304,8.283422817189718,55.60190854101261,32.040331792227356,46.816215731570466,33.541529659667816
155,-1.9848733174395663,1.5466186999171656,9.630255772859254,18.72473129134688,-9.079401490613026,-13.66870731731555,-13.332351785273273,-17.633961996004338,7.598402261798448,4.759862178706196,-6.5375670892267275,-7.957511143732601,7.7746849440749815,-9.062404817043772
156,0.3669627201174954,11.234951507217483,58.93106300245035,57.649409977297154,-11.929329188100784,-1.2171290519249969,-22.199158711041367,-23.471439138801053,-2.8171602873656707,-9.694932726837077,-26.428204402787365,-17.490299980552457,6.787382109202763,-2.217384110007929
157,25.02640424921819,42.58278612776933,81.0116682783627,104.9519256073669,28.579835001574622,33.90081536651314,20.714692214280173,31.00683208226627,18.931519650412113,0.28785330178475954,1.0819374114465239,16.75606459671064,34.57377565886453,17.781613264631385
158,2.634407314972428,13.271650022839399,31.487916703168313,37.777989437421816,3.407287117641407,14.448813291982512,-5.556227689936901,1.8267238705590862,15.103349334738155,17.976437569934042,-10.559947301650148,9.380446013498378,21.14451660923335,4.903936609398699
159,55.78256956211327,68.04067128280397,63.85220138667753,60.83330543040637,35.867881763668464,31.553505583480593,50.52701817295673,42.784666006516304,17.244357477443916,5.623931920024527,55.88766368293886,54.48611129027485,40.02827894843961,25.467438560564407
160,40.873064369699236,46.01360082297822,35.925519700180686,55.326078433165854,20.191529161470775,24.00225094374358,25.994893241569596,25.65756456584112,5.081632037347098,11.192274431359309,38.72664680088005,45.98026356770557,21.742292403175668,11.782757387492069
161,-31.075707754973198,-18.67572819328106,-8.416794137028466,8.153534510271532,-13.024330848256133,-8.80657635953004,-15.897705744505052,-12.412637853628919,-3.1827313236663883,-11.034659181302635,-24.02951055659159,-15.244830618402919,-12.782732072435692,-26.17428910670893
162,2.3075120462940006,35.842334803482146,35.9423313605379,38.37570205268269,-2.6612740781981126,0.58851900238148,0.8387321274032365,7.769563352511693,0.6622869834505707,-5.502016888042747,-2.2149864052602837,-5.746140161869555,-11.613153071512906,-12.230607463052651
163,60.0783237921947,76.87835827670108,63.17754614779292,79.93628183451797,28.609982498095412,43.07940959576966,56.861505004872996,75.3197006459337,14.46819833585509,9.460134010872437,33.67119526840183,29.461804312552676,22.058622718723086,23.182402918137296
164,25.56555584720833,40.48910234447206,12.605187227458948,28.52358441509756,3.231574643872706,19.692491750470072,32.855537300203856,42.968439712139656,17.917450683069188,0.2656378289936301,43.17079145385286,37.57060461301248,18.766120057595028,16.623142107034514
165,14.618924853564575,23.02982946969737,-10.901237831163881,6.276591181474553,2.5614020266787447,14.002450579131315,19.922706124424728,19.606523576263246,15.454971107573462,13.526778228680344,59.27343256001094,56.641019261236146,27.433924023981945,18.98308510582687
166,-27.166547852999848,-11.420604615528493,-43.10260528922384,-31.281749547138357,-27.695897863862363,-14.180936016322573,-11.203524705557532,-17.101750752362225,3.9561519313041145,5.890507698122033,8.60472578542083,24.277105800432015,-2.4467125307914595,1.3064158690278815
167,-47.93214923245769,-27.489984002432646,-27.67862373413439,-19.671402370819216,-26.103137274292873,-13.66356499230657,-28.404673659436188,-33.425395521389966,-8.198354679651887,2.423560018922169,-27.7400310702099,-7.121040292824349,-23.932797954735573,-27.325885920182692
168,-65.19709396843506,-39.93249193684686,-26.24890071492722,-40.5412566005793,-21.935199598960036,-27.32512774871936,-35.18887803348785,-58.084955563028096,-9.039635053356434,5.58477076490593,-33.78753338739321,-28.865992763178976,-33.62561585812875,-40.486304411622356
169,-18.776353658095818,-0.6897719003253726,-32.19150908057277,-42.35003778429306,-29.207039551381623,-16.072425544344465,-36.45202849259412,-53.01838173530136,-9.655618012821702,-14.706303215489372,-24.412894818309816,-15.004230993336876,-29.682788751896375,-38.2928352365766
170,-50.38877232884518,-28.57015439061944,-56.06855361109686,-71.0736841985815,-35.629900510038716,-35.31872553748117,-48.52162467127056,-65.80602877793285,-7.530248117122626,-7.630889381923286,-25.06725381577629,-25.165046187926524,-34.325606983203976,-44.51582717686214
171,-60.27667965771233,-42.030961430361785,-20.077832776346014,-26.90734855867551,-22.178387253533867,-30.19514117580773,-51.0805258293263,-69.37912020738094,5.597973112259603,-3.166664654176849,-7.433793094893202,-9.437242787833744,-21.012890084011467,-33.814988539518296
172,17.452178752492483,28.895360194866115,12.601788353855708,12.849642741369228,16.33521336118333,15.768913098337835,-4.529366558770982,-2.3224156355237633,13.768808622819606,-1.1516274555534491,41.05861660180418,31.685022001542492,10.211895466351349,2.8065936737966326
173,-66.18787995419042,-63.5127885083622,-40.55571716832504,-55.194928242704975,-25.39685977802552,-40.214364957813984,-51.06799674952121,-67.68645134836514,4.133776119469251,-14.004418022435793,-35.22742084489141,-24.125558764239532,-37.875884569310315,-44.13419224540139
174,-100.95176239600823,-100.08544399334596,-61.19148877839484,-71.41183147744059,-62.13808198386565,-67.19357670137536,-87.26514462395808,-96.81751005680498,-26.52540092011596,-29.378594909894943,-67.96821654625985,-42.23269723110375,-74.1969767506796,-76.41052241570411
175,-83.98730249812814,-72.77554060225867,-26.72918032225837,-35.17856724068951,-27.87772334267115,-41.26898027225746,-45.97496165762222,-55.618837137070805,-5.3095598850120345,-9.089923774838535,-18.199652866115567,-14.08582548702723,-52.88713866807783,-57.16824016080124
176,-61.273646142176254,-63.36086459644675,-39.21513358748942,-48.220505460030154,-2.690122082078461,-27.680432254066147,-12.166436906139191,-29.26790631265957,-6.586818416721537,-5.764659154977414,-18.40220603452758,-3.546440526659852,-40.843963857737215,-39.88733988288896
177,-35.82090198384464,-40.6376322121062,-37.66914932757393,-25.726357670650756,-1.574406468095192,-14.210403267242606,-4.5525874479666495,-6.578825781380758,-11.29605886924262,4.636480354140996,-12.63646616817763,-0.1735470398695686,-39.59018465855252,-28.573909766386762
178,-86.03137674175254,-89.64465667123726,-73.63498196546747,-79.34439499074466,-41.09892661158194,-59.06472072272431,-50.55461238376141,-59.99622133160947,-10.494822509095334,-7.193833237630444,-88.39302592513914,-76.25175882734906,-69.88545598791026,-74.4061242255602
179,-44.3917255721142,-39.41891199495817,-20.945347992580523,-22.982083150395567,-12.944807730787014,-30.078758590660332,-42.40724308647367,-42.52776980912769,2.3265407101064195,-3.9450761517843937,-80.1503703151184,-65.08217788821796,-36.21667574528961,-54.28879357490349
180,-6.32329831841378,-4.869658045565763,0.7243235948238703,-3.3989818877798044,6.298175240927849,-5.386353219248107,-24.54148542265919,-13.225556344174635,2.7603162715549545,2.7881472239692084,-42.9527617393215,-50.4014072244972,-10.232526333873894,-28.77847181955415
181,-11.292923221989113,-15.067872742561862,-3.155250122753769,0.16670278680184314,15.808416811641134,0.12470715061596928,-6.6106700792432145,-19.869827130418326,8.07261239782378,-0.08601120818546448,-28.881395028431506,-43.24109515100427,10.395746455913375,-17.657634889945612
182,-56.486265860413525,-75.08655352632628,-29.358091874314525,-55.718107589574004,-19.585962718367583,-28.451684490673482,-46.564453799081,-63.61747545138677,-7.014505193134396,-4.641444906731472,-41.77784840031365,-47.77972526126061,-29.284399257078917,-41.661315281871055
183,26.055776716085436,9.615819279663759,47.22127198244889,18.001235252887323,47.392399056768454,41.01196436004701,23.21913334131249,27.711768310217558,3.4553662599687933,-3.4382672706394155,41.5619264053436,13.840481110123392,28.801415538651142,23.448655959082497
184,3.7585872663404496,-1.3077740925903776,21.1686318350239,10.374232806763501,36.71816161244317,25.023116469391773,1.9615902519032329,15.54258364927134,14.452817766432469,2.1388412322260724,18.07158655853613,-0.7002672021696957,16.78980685181497,10.805199720639468
185,-9.12892607027183,-13.98613040124357,-9.503488772062303,-16.739027712278617,-4.263208371273259,3.224838737473758,-23.912035678958866,-13.837599844923409,17.015120452743044,1.855400309961317,-2.7383462224941626,-17.83197028467726,4.841714048245868,-9.52699252504086
186,34.78719124872531,22.049131989394155,-1.8747358503799905,-1.6931471115936914,-3.05231321672865,14.568934312631686,6.373300477743643,9.753787581403918,6.920220426081215,18.387626987890112,14.184738719633703,4.534144288239271,32.37526335914917,21.296512282057567
187,-16.458532960761257,-22.40929905305573,-42.945495434512615,-41.59724288064661,-28.69182774326748,-17.669647631759606,-19.04300298724067,-22.919680307703857,-21.378034437835066,-6.019881833935875,-33.71525052145032,-26.37191079468274,7.090618451173919,-3.5102706240549963
188,-40.356832960390875,-47.79859184974024,-66.83131858647452,-62.78461030903095,-56.574999709397595,-47.91151898064915,-39.9289382174145,-29.701713159784013,-26.471803572346214,4.196368939886479,-70.36879670274962,-50.95848927715203,-40.72293650186642,-37.29422999941304
189,31.61092247422962,45.509638112678395,3.3741825564588352,5.9841946909545864,7.915427547203106,7.443308629017794,27.088448606137263,43.24213543103989,-11.445276532418289,18.518177305212348,-29.158521043103818,5.223574329712327,-8.572079321472446,12.876124256232414
190,30.450502821449284,38.56776722352477,6.940754242600551,16.764608081330003,9.346262466022193,5.263621308917758,25.077978405401286,28.539009773448413,7.634825181510567,-3.028849473802918,-6.067794156002364,10.653035204215719,9.003855440633568,11.317030117907768
191,24.479929462594594,19.28888954944155,-13.394138694080631,-8.413407109587556,-9.745946364115403,-7.9359255200818435,0.916832767245662,7.2873946151176225,-8.095834848372734,1.6255194386232312,-15.412414303742267,-0.14656203351345296,9.183205586469512,4.815569346118114
192,1.0825690396844263,3.5419870948141003,-25.76100477825044,-12.430735447044766,-30.202545422155424,-9.3173744687668,-18.180188971884522,-2.723631176236627,-3.7595461817604954,-2.062107799999316,-28.67301052894056,-8.121751176699048,9.205330466448457,7.318746620871523
193,-65.70880943964873,-53.05186151115632,-86.11832323416803,-88.78901067601839,-80.65169149353896,-74.94600247611392,-68.10994175006441,-57.26177399198703,-14.901384802829009,-2.1700001550973878,-65.55380606733094,-47.78271921205267,-37.180422577569345,-28.409090853247235
194,-45.62987287217111,-48.909843972485895,-63.803743253483624,-61.94492557166222,-54.26519992280539,-45.17026641300003,-43.97358737847436,-41.05996205927471,-16.827204918002966,-5.518381182935686,-36.03134187625511,-30.375299158185335,-29.99219071637864,-18.483431958418105
195,-7.602854994165867,-24.997157627588006,-43.80121791847748,-49.770633404508466,-44.485668477514906,-22.40473282405735,-15.536720917262011,-11.971347925705974,-9.985647229371038,-9.629525200343704,-21.202513580602776,-18.48931312062216,-13.621313124487227,-7.364562215578068
196,25.297112581569902,10.253088739384737,-39.685805389859716,-29.539073531681595,-14.181313774400786,-11.284718949227779,10.519675925840062,9.817743718957368,2.921906345729782,3.4166506205753984,14.044742262011471,1.4708332427536146,1.8127053380261213,10.175530374434679
197,17.074891984370637,1.3990962933098379,-39.142723823030366,-33.08043994015601,-12.245105065736178,-1.9120025809485042,-6.502085936562669,4.617567307121701,10.625890634891668,5.510055018903904,3.8826817630148605,8.959910864764998,-5.739622485166692,5.454464769360892
198,-53.094508282429324,-50.898801893531626,-77.36984229985245,-73.41099206099118,-57.09116260085888,-47.52563394391969,-44.395119666187504,-45.49561731497588,-8.636076373709374,-0.47820812907436583,-46.66208859815883,-29.942019656125783,-55.259793132749564,-36.59241603689279
199,-35.757144047344774,-40.36646064535373,-30.4534606947993,-38.982778638772075,-35.04411154870374,-37.48667276863654,-33.3073778803085,-17.625121014178482,5.495845453362694,1.5089402906356777,-17.090065023647576,-10.628726866775992,-41.17035955110605,-30.20378162348413
200,5.177115051676592,-4.44405737633377,-12.33464651454152,-18.725446309865617,-12.01415464990906,-25.720056961884744,5.705670594852855,4.227758230085109,3.429868700569569,12.242948998929139,7.564571817395663,15.546923931377686,-19.437408381370194,-8.880267897612978
201,42.64840399384878,38.48899394161833,29.31315014942068,7.347746330297097,27.00928936899584,21.338578289516107,26.91266521802743,31.279404158380014,15.035469733313073,23.324769780486708,38.99454129871957,45.40199121080899,7.140495455170083,11.239108624632737
202,26.86275030928524,30.047990461450137,0.091079128542351,-16.543670937054056,2.7126414801267833,6.055685619520913,11.287931770856032,19.19291750669218,5.685379261326442,10.35925763020306,-10.148604402783258,30.083994728818222,-24.057564165916883,4.249058912733799
203,-5.3579835290195135,0.32136866060449965,2.6151798859800333,-15.815284365070053,-22.517961476955634,-10.895020636554694,-22.650523682428908,-19.635421832426122,-1.8359597916487018,-10.480691313832335,-36.267788392275335,5.045727151783755,-30.919110825982408,-21.508770398765595
204,18.188368387489064,18.977788456432027,44.923109009535374,30.060437956568204,9.047524529032813,13.48255203072422,7.949779208573709,17.592440705425897,-6.120814608632567,-6.847393519220449,-2.0972446099537922,23.747789123445827,3.8450834512026413,17.728851737123012
205,11.898565917222442,6.283948343459979,19.158955768108367,1.927369731112959,-10.051521253129694,-7.077042524046552,-6.596367542327307,10.302433193396208,1.2104445427954826,1.277403729649254,-22.68387070341326,4.722054703857238,-8.03730912853359,6.0517488429308
206,80.60024412841014,81.22024648002198,79.79684448098583,54.40212840439809,28.22504639449758,31.72834297973759,52.96355173342055,65.42487926549326,11.246333230520749,1.5616089035156095,38.42974525629424,61.67808769372714,22.501850963344605,44.679402931840634
207,124.95077507579623,133.45554986888777,80.83888466234482,79.00185627333956,69.0565422479325,67.2068833955222,98.6450855620503,113.35802985539564,35.53398530568855,22.498317382355825,88.4120605417375,107.59054048704367,45.768410949557875,70.17268991441561
208,55.799199026991054,66.94776138183485,14.16017305120033,2.432179367242757,24.76225605330503,28.416638254961605,43.83469018756038,45.7142796467871,-5.4984315155753976,9.494177068147705,37.13630840829466,60.626031546797776,2.4305529959376555,24.526403281676377
209,6.659863462760856,25.314615786623133,7.746916749012861,13.770644651583947,12.47750700284228,9.537966780674381,-2.5338600427140348,8.420987994266678,8.341916152183568,12.8477954822554,11.667064525292062,34.81043536115399,-23.422207105648297,-13.755656940671894
210,22.038266897921382,36.44756023569454,25.132593981441712,43.917109010661086,43.70279735022601,44.13745085956996,20.816563282258635,25.428509558009324,10.270485613194523,10.016030402367344,26.319441288940403,38.18426088981059,-3.2740301125306037,9.77368879780785
211,-16.42980118454513,-15.651312487792415,-16.72005723832628,-18.043152578404495,3.1917010132104267,0.8778932009529713,-3.4224400113514437,0.21858309519536298,-6.575130907511056,7.353121366264757,1.8338575063983944,14.591755874944466,-34.05084775020891,-15.614891684060165
212,-5.528788015240021,-2.4992916229280597,1.995760814712292,-11.297081764852138,-7.546693470264211,5.130021947493414,10.572363736685388,11.273763570572045,2.05424335349334,9.692411628493968,23.170853972058016,38.86809607211937,-22.612403756321076,-3.002771226567293
213,28.172213878062674,29.58692097996038,17.012879120320232,8.286427469952477,14.711587415305493,25.88833666749918,33.878801555431345,38.16294530794822,13.007807860818213,13.82293208043262,54.382828393956004,59.11919431983975,3.090601276910263,21.728895844107875
214,31.281002317308392,41.43987785961039,12.621371006550815,19.206619660059058,17.105280671929588,21.675517286355834,42.85928155984204,45.898615584234946,11.194841743295946,9.83991729512023,40.16119754064612,60.31529270578095,10.418994051993668,32.98602506263091
215,18.45366305881859,35.28616699931055,3.7427042392418763,6.718181931137312,4.229462251224926,10.375931347932246,4.414344990195412,14.969567679535098,20.102421284147063,25.087929078970856,29.710277625348883,53.046040255048084,10.60439078214428,22.02291121793906
216,2.7591348227666184,22.399713942199057,13.468408131462327,8.128748627518156,-2.1982817162911292,5.114010636697772,1.2206983932341002,12.023479829477608,15.344968592812139,4.391488269997091,22.66472981751093,30.62722078297399,7.037784643998494,9.992585174289921
217,-9.249599664676966,16.73000171285802,4.125503624231254,23.947292263102103,6.532238670964628,25.249673054239537,10.786201428085402,25.770786322617134,8.319295159667098,1.1273007682347647,16.390685381008673,23.529027901615375,10.021086544025707,13.222515412816508
218,-52.123810301614725,-40.63276222137874,-44.71566827003642,-31.071156525823515,-18.473771179499426,-6.653786018744007,-0.9687295116222955,0.3585972021355467,-13.117527538105348,-10.35052909632936,2.7862616610462165,5.199941874422529,-13.108133721922984,-4.774604791170152
219,-21.739462539360673,-24.976040378427385,-58.06937842900994,-52.2465319583151,-38.93011500845651,-17.426183025407106,-5.154379702326231,-6.234684676980087,-27.885975888359837,-9.525281219265775,4.559911878724645,23.64490280407783,-31.587965738866753,-5.627544663745329
220,-85.30760085676246,-81.1728939393361,-80.15212932150872,-68.25389421459202,-64.24740718669129,-43.36670980470093,-53.856125420458675,-48.554077997994376,-16.154094617445555,-7.928910375166885,-47.00020521254381,-27.555205409488227,-35.99704920707838,-32.07834818544256
221,-29.87048417302867,-29.293852447274897,-61.431596364055146,-51.46222906082653,-63.99073930013068,-35.29157859723959,-29.588032709520956,-27.96534832434868,-20.505691549854966,-15.45442337136779,-10.03562013518164,2.257442655650251,-15.670972807842,-13.497855879413327
222,18.573964483971494,4.223207582983315,-16.818134751557153,-23.418974421435898,-40.92831126312859,-18.076596501941918,-13.822862222216726,-6.952212842091052,-14.238039709342267,5.152164455168917,23.30062039033549,16.70297404875573,14.015540407490258,18.46913488736179
223,14.942851206280718,-1.5812811817895724,-4.1249460028257525,0.277652533296051,-24.26014563931546,-10.325903876797875,9.19526211419553,15.350446345632704,-3.6452267718733418,-5.6295363615958,41.10180753570674,39.88549177836468,28.0063189926333,30.88376549946066
224,23.295438213436547,8.910392705852122,10.240658103087746,15.050898192619918,-8.165457696528449,-0.9286197323526152,25.262722367199416,19.237340745897743,-12.536637942166356,-8.08015099551962,56.31770808385509,44.90409832802547,13.243079265016805,22.808806478870736
225,-4.075949576837671,-17.187959274470686,-2.5756659620330855,3.4796970164306544,-13.703843375679813,-10.950053186682565,14.792772847892678,11.22768754857465,-21.026098340028735,-6.861527248335603,47.23901802682646,21.019582924423066,-19.485733885481544,8.178493061997091
226,2.3587633551576266,-14.17414116089379,44.642406537963616,32.386501616198636,0.9679377339747957,-0.4585648123385904,36.48104562869252,29.97081211677414,-7.212318882950583,3.6784744849389437,53.107415470036315,31.987042726180196,-3.6306790376690605,14.722947228482154
227,14.566152773450938,-0.0980265500845503,49.94960682022775,26.91160291023485,27.4355860978537,21.12195637515843,60.10437575409457,48.44588737456837,-11.733783325315827,-11.281723315692293,71.67507393676554,47.28655534376102,10.96314118977224,22.819001200921267
228,-22.42441126119013,-25.772104644839246,15.659438414192232,0.6785012328007398,6.2755000248133515,-0.5821877364663174,36.247767653250826,25.065763055733868,-1.1302714295085938,-11.248725658496536,54.786068122012,33.283036364194395,10.137187182466068,10.295565562072296
229,-67.02614868983922,-87.32551603283154,-58.46303354251719,-61.65102889888384,-37.63142500260657,-54.66066352442884,-9.11610220858772,-40.92213904863878,-25.47679462681475,-17.673839451053446,-6.632943164477594,-6.991467331025345,-22.036386325173467,-26.818737403051816
230,-82.57157472776991,-93.63928798920833,-60.474091824111326,-63.87871735860828,-42.4475679291766,-51.0382773436038,-22.993240181279823,-43.30361608365068,-15.713401508083608,-8.806355906040439,-19.722065154265493,-12.237970483054568,-14.986529991860476,-24.513910689298257
231,-65.32607435073356,-81.62430268950696,-52.57371368834405,-54.3656466451054,-22.270016005816593,-39.61104803467857,-11.883027983099813,-31.999124274415646,1.260173898191108,-1.5966939114813483,-10.765038277459508,4.364427964077162,-11.685554171279234,-8.101265159128472
232,-83.47271537726341,-105.89823520568991,-55.43440461938737,-64.34959564128042,-19.133815478863035,-49.740682184667754,-16.65412734337448,-34.20020232411064,-9.113721739263148,-3.595918429910498,-18.42600582021123,-13.356386280652394,-25.36097067586904,-23.153344483327256
233,-86.08751432854547,-110.41973609377192,-75.49277327559629,-89.28927530527417,-29.34569379336127,-62.10295232638431,-24.65305950490892,-48.17690916788321,-20.485152353758505,-9.928590987425343,-14.68960292782273,-20.72223384118628,-49.893170328371085,-44.19684447084459
234,-80.46138119749997,-77.33734543524304,-68.11184575204774,-68.31812783840358,-23.348151375154014,-53.729741426886086,-26.620310973461567,-41.27337701460522,9.530658864807496,19.96400432906698,-28.427085541119375,-22.5000892739578,-47.414798173748714,-38.50769959437361
235,-68.97424176527282,-67.7336828848005,-35.38252657072162,-31.360555228439434,-19.29780216086269,-35.56961748500831,-22.76395788731087,-35.962485502036905,16.338891488929214,16.56473677746364,-43.60138890810295,-29.771465258022204,-35.49938467955643,-38.61303727371432
236,-80.71040520282764,-81.78150241455803,-39.02296822446278,-51.09269281898089,-22.12377351421454,-59.33297629304909,-32.67212440945404,-47.838731618771625,-10.462107315657413,-1.0100046355528773,-68.71853213578478,-66.3763553405637,-45.917197992002826,-54.87302548594555
237,-92.11084200338924,-95.52716963876814,-53.05846415990118,-59.44376922924445,-49.62655174395547,-69.95111072602239,-35.25135715970505,-50.58361694012531,-3.375328443138114,3.31874869706276,-55.95811521938148,-65.5291720269546,-56.92538917127184,-71.38299960218096
238,-52.346901801160314,-55.90076200705174,-6.993747613843312,-26.21375096144337,-17.354379527084,-47.083416214861636,-26.98349118238977,-34.34958719755942,2.822482527931452,0.45548858041113105,-38.05506203379147,-62.66047096469598,-33.16130919186781,-54.68618977784627
239,-60.812853607414986,-69.56020379212269,-25.8544306904667,-36.81404306431453,-13.911492978818153,-46.442857393996526,-30.155464389104623,-39.433856365550504,-9.273526318478565,-10.368340268219914,-50.9155609240224,-66.22602843684166,-36.67274204810133,-54.85114520565453
240,-14.023858229894799,-13.45742923361161,19.95297175878237,33.926208082137116,27.014105252264784,11.214441812271735,2.095300610973171,-5.919096068800302,6.53090695650014,3.481449579010952,-14.901832798522657,-23.22746595317598,-8.896821391768663,-28.47818669415903
241,3.8716999713281695,7.342031241131523,8.04329527807423,27.232771567187395,47.627875398928325,31.533597658790793,8.333605965487127,7.171651067491311,7.600313372104036,4.542198436919322,-10.819327391771997,-11.870458623305616,-8.311524926337308,-27.097155625640372
242,30.563908216245174,34.74787621940605,19.822229501745753,38.99235242535343,54.23564297497273,42.17634641784742,25.400099934470326,18.683683582223733,7.1938128694940024,10.560960673584285,8.425080854445904,-2.6497163451311825,-8.929515723094354,-16.219770084389168
243,-11.520265903548918,9.10008561248499,-12.677094613250539,-2.7489350746993884,22.93111897484093,17.093511504068964,-10.708602265820597,-3.6135386705045924,3.842924603322731,6.992035485229261,-38.052806438995944,-26.89429713784466,-39.45134185667252,-40.238315321294586
244,-23.097818596376484,-10.21796322798684,-0.24007970660524633,13.800089448223597,19.370161658297853,4.89274880360749,-15.267202941938823,-8.172416167676497,22.12775859974037,-9.209497380780782,-46.26127043959936,-48.6883776902901,-25.58770791871855,-41.1148958251971
245,-34.67688580235178,-25.74978692805072,9.058097071556181,23.255523472971387,-0.8159826349530348,0.5775991444532832,-13.104966893153414,-5.375827058706099,1.5370640690934534,4.783907352303684,-30.252063492328823,-37.71842088955901,-11.907065173514722,-35.69396065249568
246,3.203961003197837,14.20811873570353,39.831941655677205,57.85508708886237,25.007954880146876,20.04703975869504,1.2166010306664592,23.134718718473277,8.270528363575577,2.853397467329879,-3.4933923018928223,-23.293797075008655,5.522986813219925,-9.354508473126229
247,35.207961384500976,34.763961517798556,29.305457414064918,39.90955540281881,25.592901651730827,20.030172969922663,6.916850267047692,9.552789659299199,11.800012623418544,11.67978075044118,26.72364311784539,3.3060569731297367,28.23063627739829,11.051234644987566
248,19.02450187352234,26.29037303396009,14.57989013031269,36.670170956248896,15.564266120203634,6.809312461822835,4.350940177186776,10.542497063734857,21.48589386197025,22.16781539666067,37.8693765108387,14.722537989804993,36.04654791492632,21.261949791656903
249,41.12969223773322,41.27156544736586,21.521913942647643,30.311797542710355,16.703979643380364,12.881628030607457,31.376835078293087,21.388856785690344,34.58801997993154,20.87993466928775,53.940916358242866,33.93336961671709,45.06136618610727,37.83688707812271
250,19.939174335761756,9.111666242982302,-1.453184033278051,-5.56575315139229,-3.735148945357026,-6.955037735965808,14.409416163541133,9.769186088326672,18.178590834016024,0.39455977405103937,24.99402935159894,23.168450043337263,33.17851750095757,26.176383119457856
251,14.03535597168142,10.362897215484708,14.938162553065672,18.044907946346683,-2.348788056807773,-5.934079927324559,8.114181932035423,7.03477018305797,10.2080502198213,6.258365756990217,0.6969161855998097,1.8270320571085756,23.04133450612031,13.78303322140195
252,2.587475834588738,7.775097081695461,27.362948677051676,22.012406883615284,14.119779266328687,1.950962388501689,6.686982771741335,16.232632088792375,22.702857854033578,14.009357089496973,-0.3333518878642301,-2.5140528662367942,28.04505458004763,6.6821001396937225
253,5.198051795711463,15.182732426306696,37.89273351117541,27.700396428415285,23.990886903141035,10.471439275533916,-0.786908841529976,-6.01361238598273,20.082667423096346,11.85800187670434,-22.65356954886622,-22.715983231264318,28.900898666740844,11.630696404078718
254,8.060421479697778,18.047667228856206,20.259212639489803,21.932285027520212,16.543830920999405,11.28001068981948,-15.743130551839755,-6.665400644843595,11.625700549536802,13.290913515666896,-50.31031961641111,-44.75643420909799,6.959180008508834,-4.972757755352057
255,-14.705153432395823,-3.1952172379553705,49.91282226669666,35.54849442045126,36.30444804005282,11.452811859101525,-15.428943759449652,-17.514335141949484,20.526029504243027,1.2292115993399273,-50.28990418083906,-46.487885246942774,17.579871756665515,5.623103194482291
256,-72.04026748357674,-65.64267826540458,-13.015765985774713,-16.85826358696496,-4.6454221637059785,-13.335003018856895,-56.2214464925857,-47.383764911148624,-1.5999621918606113,-6.30305418657779,-58.78252237366186,-51.562173935071165,-9.681638734013113,-20.480924664965816
257,-23.09966183032653,-21.686807243598295,24.898877611010636,10.137591215662358,0.7097992622054266,-3.046218336871367,-26.180518220258403,-24.362306256221746,-10.819554529566924,-1.1844739070801706,-38.88830570170694,-42.62720615229549,-2.464320351943987,-6.363060810096402
258,34.759385804891814,38.666714959351054,45.89315481500042,54.35176991318296,21.827912296855416,25.91198330780848,8.759660883006578,28.086805663726544,4.71211700813402,0.4858894169926353,3.771732247812003,-1.5420098663979505,22.681945416384874,29.84238071027321
259,35.12307354724237,37.63080647011789,42.0975728862584,38.356505344426054,22.48856503073732,21.86686134996642,22.105519379684477,31.21147084031469,6.730979070925662,1.9090217701284544,21.601131312982762,8.703172307818752,20.479322882043853,18.48198988320756
260,57.70784067463848,57.79647607544811,38.81660493217523,24.413747734695576,22.849549058319294,25.607673350001722,49.00415795226926,51.06903177666099,-4.8877853783500145,13.667645674490307,30.17551077431502,23.800425329387775,0.1688947221704203,22.710613368413473
261,26.040940727323182,36.485873128650134,-1.9672690190386082,-5.568096508007152,13.920331379678062,12.639815320460212,33.366129506687955,40.74477906898881,11.795423769787234,9.543827483029595,56.457556079981,45.79761536251536,-1.7200063071027774,20.49844550881493
262,5.981821843902804,20.181546891290335,-20.034636628999888,-28.993908607182032,4.610008974478763,1.4907841430781763,18.663185231516334,-1.9800131577257332,2.1019937885757805,19.128028949931064,44.78810701048844,44.725611613362304,-5.001387229062963,-1.7210714745655382
263,-0.9285749996905786,13.286543887767602,-18.798079357748282,-29.24598524879194,-1.56760060128773,-13.020528014331715,0.6824713259525572,-23.093390469427426,-5.57018008304824,13.819824257440894,25.652500419922088,26.502952581704115,-2.6408949651578792,-7.494932099700154
264,-1.2547180194984748,21.046358148977006,-25.639213756199783,-22.319650400502432,0.10570305847754902,-6.880554661014001,-20.815097400821575,-36.6475927161874,0.4283978609873554,3.746112196966708,-6.229178748859187,7.656810764682351,-15.306953846853402,-17.712618261137603
265,-69.31598142398157,-58.15727615240989,-34.108797325925096,-35.48716382746922,-23.807884707044682,-20.878047584051398,-47.147970964421305,-60.730298428890954,-12.824605602205688,-5.988419077012699,-15.594280376378153,-18.553636738621915,-12.60692878014014,-12.948954567230187
266,-60.92375527147877,-49.83979026209046,-27.26226573700752,-28.225499914552906,-26.681921801613058,-21.51569473268922,-42.93870624742001,-41.44475339679151,-22.61391682965102,-10.29091046443726,-33.05389215717585,-33.233641663388404,-28.590140258150235,-25.568943966291673
267,-53.880976416106755,-37.05819460585122,-19.369512883107102,-19.529676709650907,-18.061776775632367,-20.61255965998274,-39.44129722155549,-41.40299726447384,-14.471457909055545,-8.711579466893676,-33.07703689270575,-41.09305860415677,-19.28187709689153,-30.50263619659223
268,-61.67557542259351,-36.33271222016167,-50.67686683730067,-41.79872828411634,-43.571726810167156,-45.6008069138107,-68.45505111127348,-70.0593295321271,-8.708734963054356,-8.129451338200186,-55.60232764836636,-39.87085967814904,-41.29664750038382,-50.41968970343666
269,0.9777190675657536,3.9072794777729554,-28.76173005039683,-18.524628894475835,-24.823010196741905,-17.516681813805274,-38.67698469843416,-32.413433595879226,10.301139929302735,9.622478396108335,0.7132620759184896,2.749989939778915,-9.244926422026726,-15.703683655337306
270,-7.157496912707757,0.34439752054440165,-52.32538576276818,-23.701515337732474,-44.9887682842487,-16.10961832989447,-29.935204287626966,-20.99489663571489,-5.420846268797931,2.210006911470051,-7.557225261145092,11.353611607007995,-11.597278739290177,-10.359097794066491
271,-74.19636183997139,-69.39178030532622,-71.0987813389279,-44.98899903431248,-67.48252221921864,-47.40732960967466,-53.17814091905127,-59.338694810314266,-1.9214528010601228,-13.390027474014186,-62.81110711079981,-29.776881459019407,-31.507980908596114,-41.997235694988646
272,-35.80970332627267,-26.36427770513769,-19.562906070332257,18.061753756683245,-27.292509634135442,-10.459186180014138,-25.008671225905598,-24.568820837293146,8.638031119000054,-2.4713177745897266,-62.29383003502221,-41.81491802389413,-16.588844691226992,-40.081770827251994
273,-6.8972522199065605,4.213082680300774,7.0541622754097615,27.843456290609744,-5.709235350680666,13.561295650199067,-1.2037856861703153,2.666776426021671,19.027838233012265,0.7258599771116607,-40.79987897992912,-27.03530578397266,-4.959054950847782,-25.926233335273196
274,-14.399714132599899,-3.6681065727031554,-17.7706720695895,21.730997702171464,-11.008082872381339,12.935116255176798,5.308064955309481,14.641390272254537,9.799076677650596,5.285058519509288,-21.222065361460594,-29.298597402615094,-5.580948660740491,-24.725839161302506
275,-26.282349161901415,-13.694368361810394,-38.34657041167233,-7.206806200443456,-19.04853344694579,-10.184048406286456,-29.07895749922231,-15.034200983405418,21.74805261964596,7.503910226121142,-40.774646025222346,-37.67481300847473,-4.991292117204059,-23.739691097047388
276,-2.336663707898458,-1.722375383077011,-42.063746362135475,-8.398976066000099,-17.44821235375246,-3.2932744311439457,-26.457703792482256,-11.962243768588,20.383690899933015,8.113491535439099,-20.65255560407155,-32.16380978023312,8.499735440432135,-24.769302865006022
277,-22.91083672735927,-11.543998585600129,-48.54345127051065,-27.403756051462075,-14.590281511686486,3.0488568785231362,-32.511009557739776,-24.841866311547033,-0.279604985870001,-10.449020051910452,-42.27386655639881,-41.747410312082955,-9.16658185610725,-28.98020604750392
278,-5.673558456887436,-4.469973534835672,-6.181854626206714,6.206636671476103,-12.701032661871137,-6.135660369514255,3.6045563348370773,6.681132669642613,27.353388541238957,10.115006547489967,-21.566832334048556,-10.4328242672724,17.78509971193918,-0.2058752596555107
279,-43.33854723213026,-39.27802553084677,0.5582526853453974,-2.188635421824952,-16.653797763911847,-9.176330803486465,-26.372088017604533,-13.083986044253027,17.93443367475079,-3.3372593321654387,-28.056207559496837,-40.40682654097682,-1.4859185207718146,-25.435379061755576
280,-15.580626243153603,-21.617501213932968,-1.9145134155453591,2.4913787273847463,-13.035675907200895,-5.035460988890361,-14.68753927238337,0.47724425591785896,-1.475446079201337,-2.4631919128848194,-38.338198182708254,-23.39542820656692,-15.340063549718753,-18.705070549810934
281,-6.736616369455138,-18.76569538344598,12.369980898824613,9.947911682849274,4.510579848054419,-1.5452111723174304,-13.302754475335357,-5.437924476824701,6.370376395641782,-3.5239001386083557,-28.14550018796168,-34.207169111642735,7.008325981553193,-17.47622145692445
282,6.291854696693508,9.194487841113599,5.284231856643625,-7.0899412743953345,-0.5357664108526721,-10.673702942022308,-14.591739683519236,-23.170835663434076,8.13350124615396,5.559700072180925,-1.2384382047925433,-16.58022827307753,6.247989821804126,-9.29852046131056
283,85.14213634137593,84.32491689895447,-24.128474210494744,6.561624743116909,1.892864891665284,7.68131086998127,1.2210777317455987,12.768122504823248,16.872149465422297,15.098974007918862,45.33549766290162,23.248831066218717,20.09888574751477,20.11422585066791
284,38.0553074926992,43.77790780607488,-25.351127533537678,-25.033768586379466,-0.8799303679824159,-0.5722793584549668,-16.064163949699164,8.47623648652154,36.57831935234035,33.96391063011886,51.34507323327978,36.1871045884214,22.814646706434377,21.58067917433492
285,26.09365879572674,19.94944242596084,11.104028203640127,7.128707071480443,13.856801086610755,13.624214203012475,-11.898394165942362,7.2763358695477764,22.360162350099994,14.308955605479191,37.33762647898107,24.498395869279584,38.730478746761946,23.61248712808972
286,42.29108359795852,45.84781298603013,35.85792451531635,51.26796398976043,32.19917684320566,33.60178209881021,13.957027193943059,36.07402974063264,27.17967974654088,1.1829863049026965,47.65903445363047,37.44490182899918,60.93044235931772,48.67245761974018
287,33.49633236854917,34.994481335402455,8.921410499429308,30.59481207333648,32.30543264991108,42.81100124750675,8.479658580167783,36.14044390312676,24.929619529612282,8.48043493056873,17.739428260094904,29.703296122125963,58.50805612084643,39.07157134303248
288,33.6621864711213,33.370789819290515,13.905515988337461,33.26565733873849,24.567113933376692,28.88583863309039,-7.036955768050902,5.2325040863661725,34.91110486089239,-0.22157179210381095,-11.550875449279392,4.195392277554766,65.36888568656201,30.05718874015931
289,-28.98386003553865,-35.233872773203245,-39.10144418461152,-29.69025705102221,-11.4318006889937,-16.373128213408492,-50.04334194890765,-42.56471195058411,14.70205984645365,-5.364450415894019,-64.87576082845757,-52.675020447590555,12.902077321375515,-15.397209221949652
290,-50.76580191726984,-60.21061021991019,-55.36098100852441,-60.156981065039865,-20.70301836099616,-22.521508521391635,-19.64754523046807,-34.07561020907127,-2.9329769212187777,-10.797988520767294,-23.357380555973467,-36.137433631209134,-10.808024665449691,-15.942288003438149
291,-128.5036457015165,-150.34158980971586,-124.43282744459428,-138.7143230309461,-56.694376010871295,-72.16412179095165,-50.91407107716283,-92.61154516583119,-19.021672108965916,-18.650693089255057,-47.912923357090605,-48.94509160032765,-40.089607471602136,-40.09253002587999
292,-151.89234482199544,-162.48099576673877,-143.56555907165156,-150.93982408687523,-89.72632510831298,-102.03516936526587,-68.61928666813648,-101.63677094772495,-23.67590055283111,-5.292073164365024,-77.37963396314686,-60.914142911145404,-78.93354160225255,-65.07751792577221
293,21.79955952622607,12.028660802527119,10.488270631718455,-11.679267905508514,1.3269273921941893,-6.689897523353992,35.959044871841876,14.721420597919131,0.8404773437599538,-4.420734754353791,31.497728452606253,32.63785457226729,2.7628189589092367,-8.226940416143703
294,14.028571780849866,5.459747551531356,-0.8287900436834702,-8.080716538411762,-11.896616540121608,-14.217503569974783,32.38721706919835,15.089641930163083,-10.995951958929586,-2.3719397554678707,27.136464363869123,37.90737041939195,-10.470064463248217,2.989757128003036
295,-37.543674036408625,-49.71555361335442,-15.647885270760511,-47.82922100257916,-30.729793517442843,-39.87545278600731,9.488438042788728,-19.2790156970253,-31.762247863197658,-21.051276633485116,-24.728992773992147,-10.486828917476934,-57.61749495817815,-41.687997342538154
296,40.06092149849636,38.09403484220778,54.49549569007794,25.164189192957384,3.6380534553464865,0.5980554214490257,75.41705129437794,70.41994502216446,-18.74854160158361,0.6163144088373875,57.04712654978767,53.37871972944547,-23.217278557459466,9.671622038539573
297,39.19669803427249,35.08490107473347,50.4161371055855,24.711006240183515,10.719611148857918,9.789316114975637,62.894959089324466,66.9924543786042,-17.867129023486537,2.063724402749693,66.00094000379713,66.62233793355341,-25.76690615738841,9.954877872650949
298,-3.5697843409131207,-1.62586915552443,8.574746501958481,-11.042754483413388,-11.229162461978927,-13.685079058508714,30.76425667499502,20.007797594766952,-14.696353012729631,-2.215159341120131,18.998055177655523,42.93350515467515,-43.53049465084053,-11.469242064733464
299,-15.8176729832978,-16.294686318661388,-27.9815285020146,-26.72040089395833,-16.946305781619603,-23.027884104629646,8.23276616543974,-6.372673530477338,-26.766438120913037,4.732941774639028,2.4138914272572087,32.60202741839558,-57.829573717819294,-36.919531472489936
300,-59.55730642738805,-52.167411868359444,-84.17142070707975,-85.07563390929877,-42.76569033662426,-48.49499053698174,-44.15719644500372,-60.63860259253666,-26.502523708450507,-14.890172282141577,-54.3301832817121,-14.362925474855977,-84.4135234522621,-65.05695121727503
301,-95.1392826724728,-84.89750730104062,-137.44495947407356,-129.26396701937023,-75.32179689998647,-75.24113581102189,-84.29940226653619,-86.01348424713913,-40.42586933969974,-6.356587654638359,-111.07009303213908,-45.153140058776074,-110.50961055712307,-80.2404921948065
302,-118.46388265935578,-103.84628531680312,-162.56900368747236,-150.1996050398718,-96.37089289240974,-96.64945855945219,-97.94829635053354,-105.10159286908109,-48.5628353072424,-23.509079616012315,-118.15647462169811,-61.52386551367335,-120.71048832572964,-96.93785386970627
303,-130.9585219924508,-128.80301823538386,-144.64233661066848,-152.60283189694607,-93.51964903402659,-103.6206952252752,-90.32418900648331,-103.57533467650265,-35.00162979042236,-25.700442439941583,-84.80664461299392,-50.28759859713344,-96.58596532446857,-78.09270475241743
304,-127.1515342267149,-140.51269380006033,-137.3646096688253,-146.27602676772204,-91.04407478586427,-94.29476936701562,-86.58051439876776,-105.99139786401804,-32.893309351757104,-13.556953404552896,-79.55293235828009,-50.00432915905636,-76.24235502586048,-74.59998328193738
305,-105.24283511441527,-129.4333335670228,-131.19957583208927,-138.48876550961108,-90.75665182151465,-93.1907891500166,-79.66132205307892,-85.71746650585506,-21.218712537245942,-9.704310752832432,-72.47782028271195,-53.88552173966413,-55.69708703148353,-63.35478960282258
306,-104.76207226277612,-130.425858711592,-127.48835758095952,-130.45195530935047,-83.85991124388754,-82.51771015966008,-79.26424070428145,-99.08552960566101,-16.050387339598974,-20.561587635823653,-64.7024368271664,-46.09325133952447,-47.49539634923831,-48.92122652592952
307,-90.50526568313299,-116.05519826953054,-102.8982556676339,-106.38296254132632,-74.25963340469123,-75.85776809156361,-84.92264455625302,-94.40066894176506,-10.410592263846501,-13.567750055316768,-58.51866490898916,-42.03266426043402,-49.896780859325176,-49.19376569982722
308,-82.38171754645253,-96.8756869613451,-79.25639787724437,-77.32062399764568,-51.13076557818286,-58.34798987355625,-67.65065736336457,-79.95299711315762,-16.59251776643737,-34.659366015247244,-62.402420927824835,-42.042249744069586,-41.70777948177458,-42.189545607436344
309,-41.855127771871246,-44.869390470921964,-13.257792889801374,-9.585926715431539,-28.707792105166007,-30.335271586295512,-31.929911434139946,-43.5398180730375,-8.926314062120085,-2.214388892855525,-47.77927886341607,-23.140266959176696,-19.02000894108718,-15.311565777934312
310,-16.000006544134663,-17.302291815841905,7.985464872482651,-0.023961701227296572,-12.5287345569285,-17.598706440054737,-27.40365336088427,-26.563216301046992,-5.437966920854833,-0.6949251836239045,-28.883637598640526,-21.29089270224928,-2.4556627796197352,0.24795516141102877
311,0.86205860270149,0.7122948170235981,38.266076081770876,17.93381384434206,10.783875627342763,-5.2980563222997485,-5.105484220166661,-17.492021535433256,3.8692305461032817,3.165744899535663,-16.62216138337046,-18.995955999232507,7.0756257177638,-4.5706658075444135
312,29.962385243118515,29.972516131266524,36.96320361483355,36.69078868500014,14.321985836483327,19.425026739096772,-3.986373754467142,-9.231155856779221,-2.9863890460902653,1.9831922044071557,-2.5109390732982955,-3.0630461389803947,8.788552127479596,14.8271282523138
313,71.9855201491162,78.58704480733749,72.01858865210984,74.99448278314016,28.213831494974787,48.17288635675074,27.46840089026605,31.305365981842915,9.814615399832107,-2.3905581177618984,16.365350714945976,19.652017043896905,22.903872656939466,19.955135540289362
314,71.48911572533076,78.44999615100623,69.83972695220707,67.91727272141884,34.1441997018217,48.38177778683603,10.21859573228531,22.34471570804179,15.089579706618949,-13.07100810015382,-7.457164939055792,2.5625601781965184,17.59878980276213,14.075897699151898
315,99.78399524330352,116.3290701168763,67.71939197808739,81.8277711830371,50.851722076573665,65.62736127613343,33.00953519769343,45.93671116335063,25.783531050255714,16.191034613779088,37.811017827491995,30.502532752065754,31.095112051867776,27.74720557422356
316,77.64852671744983,90.23563662932062,53.194817314091665,48.62920802098096,38.36438456505338,50.57356763519279,11.203142408990066,26.661565610991506,13.740032349693536,0.3665238935919888,28.46890308616338,24.531019877934078,14.219092380412125,25.70840127069475
317,82.574305277507,93.10634944494292,82.78077875931574,77.93896263658829,57.59835942575392,60.48461272091601,11.64417922075386,24.31934733502038,18.105357009343177,2.5474994277390044,46.70731099214777,30.680765446960645,39.934616327892805,26.857714589965862
318,118.59969435009768,124.48792581637747,127.83831635755531,129.4378875326588,76.98684091810973,86.10310010396948,28.790339865066557,50.76059783520292,30.739810976480147,6.065424107242166,85.34699568077063,36.59813524052343,62.41461536648396,43.68590467613566
319,91.96370616506995,102.46783189456971,83.19171207094551,68.10922769594903,47.44064630056828,44.96326139275175,27.95372815024843,48.190655505226694,27.428552759415386,13.763355874045844,73.42668390570971,50.764398963679554,51.62057767908581,46.17192598652799
320,-39.851321762068274,-39.6871831359909,-44.049148363036004,-59.08336062964126,-0.6741812259391347,-14.623118003836376,-22.518268924048463,-38.04853539764959,-5.362555009693412,-6.373496656434288,24.18618457457342,9.248208958482515,1.3520122449309644,1.8881697740883971
321,15.510096893097012,27.996210073614463,3.145933770867097,-15.611360333528372,9.71362603747762,5.489824883838881,10.016124946061558,-2.7542763123837446,12.92564123161923,-10.7150216200466,24.723107366088016,24.559662865854918,8.756007951618159,15.35958286983925
322,87.13989717222138,92.51046888687755,90.36909711180999,85.44590255307473,44.63839492353027,55.138046625487156,24.696312072975534,34.79564547012309,8.115315538146374,4.490033825843749,41.46763235025651,14.200804302805814,34.754840333999,35.046764962045565
323,98.28207554251026,103.97005231065219,100.27766476041869,87.50466103598859,56.67556408791363,60.54985658018673,41.90393449388535,59.27266880806368,9.784290348807781,11.619426118262979,42.708345259802684,21.81978995050858,40.0219420064038,38.662767746498915
324,26.69840949585143,34.03052453213568,30.219167579014705,15.659288159577407,18.602098295962474,15.33273687575282,11.110637750953895,19.151796299127433,-4.185633902795493,0.29768195090765115,25.30184427963267,16.906554185587044,12.107714299579216,14.721155484515476
325,94.03741707653384,105.54477402915451,85.99198606421915,80.70698452814025,36.10716756977034,46.00126126282755,42.77271340752508,65.23530087598797,-6.979797899157411,4.1656018118539215,39.33447201153052,29.386903689707765,19.655510248130255,47.163977467788975
326,139.65774048041698,147.3449480156466,102.26699669830288,96.81144734359516,45.884295096379105,66.14193111763525,74.93495881212219,102.6377852646963,0.28397405095442235,9.930303828086313,62.906135796153066,51.83766750556267,45.70177001804411,69.3158684911164
327,101.32421649374571,109.26056285141843,50.63863140188635,34.774985833799605,4.0217534789129825,22.17932737395633,26.62201709047474,30.69720804936202,-5.211649069243781,6.226870476827012,10.728621147563585,27.241959558606514,7.173070584435762,26.960454720306494
328,137.20285651451763,150.62408140746516,59.24481494503215,38.85830151933214,24.38191938102022,38.00316161675986,77.44661476887941,73.36809860675628,-8.289127544493288,12.904104964385917,69.64637861562983,66.30443260225216,31.512780316836178,55.57887229741146
329,112.99494954365443,110.73190457894442,28.996657707265424,11.685234684089076,1.6929050470931843,21.566256729480177,50.97403378893052,54.852388599581126,-8.84894107870005,6.204362905018346,67.85448929146948,64.10287415375299,18.037525454686875,58.342833874458286
330,74.54581392118374,70.06922113374348,3.128386182895696,-2.1516711750945317,-18.09120315939712,1.8208962654833005,38.03407846595955,30.48729934387731,-25.74981225753191,8.793246037423682,49.543381085103505,66.00587731810755,1.7038896798193055,45.94648476963218
331,58.25554997010868,46.664997386734235,-22.745426896522705,-11.446930480232663,-31.015485891038722,-13.763375972993227,6.930983053626524,4.976392786497194,-15.372613739658071,5.268277010586912,61.77011549958097,50.09445899379049,23.402888884772604,53.83555901345682
332,47.97060453023957,49.066962410072364,-22.048990329792044,-10.54995859824406,-7.690960879563357,6.650719139980924,1.0512912590446188,-1.374991810015677,-11.726265356115869,4.209368708128965,25.7323006210056,21.27557377299665,28.967878231997425,43.84737759055808
333,27.767671417620015,25.212342838855278,-25.0127552121089,-15.348979374398791,-15.357740252513613,7.050286164334248,-14.718498120767316,-20.684362467789455,-15.35008749066634,-15.90502903345061,-8.945906535548568,-10.459516593840249,10.643522989225717,11.813475871227393
334,31.73701959537507,31.056796674239738,17.455039037732906,6.197434079132379,13.512648081906196,27.866677262886526,-18.69034748166064,-5.111733056391505,-10.838804386946668,-2.429467857345743,-9.62420977462629,-14.133577979548905,17.67328333188689,7.477561994943573
335,41.162909418066846,41.878850217836664,67.88368078009378,51.30765213304094,35.62198727583654,43.7556910056229,1.7721563124098683,6.861705523442458,3.2402430399908937,-3.5528182128724195,-4.305005704566057,-14.628362153970349,25.002861536887718,9.507547462635396
336,-29.2065788269701,-46.998983039401054,14.747082263357846,13.206492477911372,3.097743489110817,13.78247304233499,-17.39670690854969,-23.17673776320954,-16.784355261522432,-13.122823382887383,-37.22410081875689,-41.32078762497063,-2.229353221327869,-1.2538191010805384
337,3.0353684636622114,0.5748442610277373,54.022603054748764,53.9191874978364,12.114800863911668,31.999040781548896,7.5496890897077975,13.998864247676039,-9.751605298745554,2.2285748749778014,-20.57204375132778,-12.71013069634045,7.467209113637605,5.849087372810749
338,68.16343666222708,74.8517902173204,60.072463802831884,64.2996008830561,28.861103327628125,45.13745024939097,26.236285009909956,42.51226605154356,-2.505400075513947,8.399531827941395,4.197287098410884,10.128258565372477,5.724469443550707,32.842849304586444
339,83.91457075898913,85.12181251760167,41.17961144591303,34.594706201382095,27.183410832417024,48.04164818180908,26.730138455769747,24.885557811950186,-18.336771694251592,-14.943471738826517,13.954270256650638,24.67244703219082,-3.243601412117293,17.784410671493507
340,36.359646531904026,43.292890796386395,7.913023033177322,36.2781992212912,5.16051062150177,7.2869547954759994,6.781539473588636,9.091883861725622,-18.106363824925037,-23.60803660037371,19.632946135387492,13.802891456169524,-9.579366080133363,11.317068953042986
341,11.652726599909393,19.330612251524727,9.172643109936352,6.701427124610142,-15.920587394239481,-14.161069123594114,15.243096094450317,9.925232967904577,-14.376921982007877,-7.05092806866124,52.233251958102755,33.50437603834966,8.088876976950184,18.825431141753636
342,16.27898394071619,-0.5969909856816278,24.48235653282377,8.13656999264183,-26.89558620744135,-18.45757256847583,21.87355863278532,16.28634433165749,-9.180096303672277,-5.485134561250713,44.60193430200788,31.491388961980096,23.319059262294786,20.145638255204044
343,-28.544761837766618,-38.36240866800105,-13.122833695755064,-21.860110690228478,-25.222132592003245,-27.181033319089977,-7.9127201048971205,-22.7729957133716,-16.475028068110756,-15.526631175645461,5.26715696289928,7.573682125689235,-7.779841713622473,-8.87656883963592
344,-30.31658442780185,-44.950193803374525,-12.947105675192942,-23.09722978939235,-32.30100941092155,-25.104736922479344,-9.495404826080483,-14.385496319136896,-13.26669986571847,-16.164550953932793,-2.3437450893079053,1.2636426306203181,-8.841180322803881,-11.157295971550157
345,-40.703824063482124,-40.63123397119006,-21.076237037317508,-39.13528774789412,-32.08430604433987,-32.053077689321626,-28.462987426018486,-37.21783887930616,-5.966359386470359,-10.348614605116234,-35.20868251192689,-15.637374062611299,-18.957601432966324,-19.83327603641816
346,-87.50118359755486,-102.13625553500505,-29.252863016798468,-51.042688328062766,-17.851910065381112,-39.77074614905183,-20.186813809911975,-41.032342908423836,1.0545274240205487,-10.114887657508449,-26.175816257587275,-28.54010929300816,-21.83315741491151,-38.02047530775542
347,-114.04256836243859,-108.55753988519791,-15.992170762039654,-42.8943865999208,-3.140905759395564,-16.795222096195566,-28.01146673458346,-28.98129883075955,-12.343989969398086,-3.5508902436756267,-26.37910308128387,-39.50995535985817,-30.20680663376323,-37.9481833862894
348,-90.0113399240891,-90.91396070592829,-35.76329207795652,-47.66898698587784,-10.717140206517874,-24.256245145844282,-30.256986950224366,-31.29220986489214,-1.7119369596589065,-8.189873776545063,-33.978968341893875,-28.736264464894525,-33.28958453210662,-29.044240587652236
349,-50.33430278149922,-59.42424416151812,-55.801936771216695,-80.29018760806134,-1.000352795149652,-25.873295751269755,-37.23505534454257,-50.44116482436955,10.477476689738166,-7.225270378661627,1.8527639525208706,-11.423306099466,2.5405303202398524,-6.354826118535263
350,48.46294939610405,56.56777203853169,64.94095035801489,40.02675482452847,73.35668489344697,52.57505075769983,33.66226907023714,48.177984536161105,25.141307776554175,14.401560295437802,44.323665307907895,18.6703351759154,35.514687113021836,36.58821046149689
351,77.80254028661521,66.9391702958275,87.96456774288278,75.15991834517615,74.70132548080163,65.05884822785576,58.644951940121835,62.071503683578534,22.51966497073761,6.879026956394467,50.0451060553997,8.374387769739299,34.72187964296482,27.00237146972216
352,-105.85967663858983,-132.31834566725175,-79.61876081291125,-97.44926927463884,-16.81033828779481,-35.83386490336771,-27.24219521074023,-41.97504887442549,-3.666418423480515,-17.083809123264363,-23.168859422620134,-47.27862204490699,-21.810839834879282,-33.60535443555897
353,82.7553450409377,94.65439353751283,115.51183054478211,93.09814851229476,67.78881741108788,62.07850564274436,41.36203172970503,63.206265372566065,19.67198768646028,16.905706471922112,7.569346878608815,-6.515758563578288,29.337962452026026,11.720923814804724
354,99.86751515142844,95.05219988563223,93.33151098479307,84.06595143242299,60.34823686329154,53.955685317577604,34.830919796910685,44.309537362210236,8.122759030850977,4.075980784626431,20.344165440019616,-14.797592550481982,24.019813548652003,11.594249117823678
355,133.14392277486792,124.61563679723523,92.89129064679479,70.81350946532784,56.38203264071718,60.99350334264769,53.59269905463092,68.50687073225991,-3.7934676453575342,-10.38857342920601,36.79602686224697,7.5732521317581085,13.088466345098796,21.852955305665912
356,127.56470749187007,130.47204263147248,107.9522145665906,94.7023173451699,72.07464399444012,71.4955549908801,63.78834707441103,88.95332328519915,6.089496259967231,1.0781496076637145,39.250419923058814,35.45424364962852,34.223527777718054,51.17287925934047
357,141.90346961866638,164.2105740848758,90.30466280487728,87.07721774418027,79.76976092695172,77.28912143086474,77.16519190677936,103.74863899299794,14.279794391655974,25.06721464724169,58.33291630625781,49.742300605767966,51.02010036737042,62.1880610489075
358,125.28646638945416,132.03565621703586,36.829413331945695,30.52741816226972,43.992135377980546,43.61779714070287,49.88290552042076,68.65761769247601,4.709181120645183,16.343611597544932,68.24741804434896,60.98132983693496,30.16824004131854,46.08643470889288
359,131.0360743167597,136.2334375009812,16.46448365227737,24.166415259172116,38.52534541666631,39.63534073116421,78.55820294514709,89.53724494785885,8.199290487374801,14.104905599361398,77.22830802631228,97.51237591625092,30.636134865304765,56.26944947859369
360,80.82631729035931,78.3040514258357,1.6343942695460152,3.781060814112472,36.652080427449064,23.428710493322704,49.021383406243096,60.64450172540122,19.45885524971077,21.039836447660946,76.58284507042325,93.74466419067092,23.387729026781894,44.665219383946095
361,36.733230495416656,38.51242895984214,-27.269371565613056,-5.575999540646177,23.977075828912415,20.018365611788365,25.70156529746692,33.63207177505779,12.473796870182488,19.378202066044352,71.09099243946258,81.59815547076566,19.517267885831725,36.886842712849074
362,14.671607001538426,10.51871235885899,-24.429857968104656,-8.235646118260865,30.977813234923776,12.712669599534015,28.91110088932849,22.204769498773658,9.352012867305307,12.323358577711303,72.320904072773,77.41384284749721,11.244182318117748,21.625695605143658
363,-31.015038267816724,-40.92588936769631,-64.95730107157688,-59.25980241229744,0.3065328603775864,-21.647487485173468,-5.117457072916247,-39.19079748900751,-5.11766299885446,-0.09613193755305005,25.061197888118805,33.166393583930585,-23.019312838969032,-21.375247062395193
364,-64.50134678373911,-58.99212025618546,-71.09124416287345,-57.11680817141621,-20.512733426957872,-37.84015754208008,-13.48705709773523,-37.37949840420363,-13.13345151765549,-11.113754568355947,-18.909990687056148,-17.95754509969115,-42.21535103929698,-46.93966377559648
365,-53.638657610871576,-42.07207771477347,-61.34839542726339,-55.52239304325508,-34.981768868643016,-40.89567450464809,-21.4105991475822,-42.92612420598083,-11.654948436332866,-0.7087626420604771,-58.59453054873639,-48.81927707125041,-54.87593575633918,-68.25105753603636
366,-57.340455180224836,-42.93281699761409,-65.34077322659444,-42.78818257749776,-50.49189361521929,-48.654639977439004,-45.757564010009204,-37.418878298668325,-15.146289560900973,-8.998426710482095,-70.05839719793995,-57.52176817346273,-60.641694531553476,-81.5005875805748
367,-108.21369986676808,-89.28781681752216,-81.03993307668183,-56.44719601338973,-70.88319767226135,-61.643411163322334,-51.38723975419256,-71.79725844088088,-18.354099823973172,-24.739464520355703,-82.6189256791191,-88.2302282130179,-53.17149329995792,-88.18107624616707
368,-130.9627527003747,-130.97441424620945,-69.81812114787174,-45.1530977442835,-68.46241929635987,-68.12068457385371,-66.35585078607131,-89.16170075155128,-29.77374876862811,-29.392958813932665,-80.34860429974994,-98.17136462653856,-57.85557891048788,-88.98742110253202
369,-99.82061440124923,-90.14367674474897,-49.46228497216607,-42.18668546795104,-36.82190047542301,-51.58300910025206,-61.558793453555616,-81.2051957314347,-21.948294682386972,-22.8440002807168,-102.9982984635777,-110.19651905721281,-56.98621518427932,-91.31027503340125
370,-50.71230013122445,-46.80763177349934,-42.656980719264965,-62.06155269722494,-21.811148677016035,-47.75502012054604,-54.418864984390666,-67.21719076775331,-30.998226292423634,-20.042250415338827,-88.85467053543911,-94.18172033325888,-61.21667449382213,-75.34655823642845
371,-26.828744449740583,-37.92939303320863,-47.82351278769931,-55.348253451938625,-34.377252658839645,-38.66806582647103,-51.471416919154215,-44.213749431416325,-8.270319511385775,-2.7226639674481423,-64.84015673881798,-69.0421269779837,-49.442778543235825,-63.40871603630437
372,-89.77455654353588,-84.91040475761477,-57.466096102935666,-53.27684203613733,-43.51650590504979,-54.99402339475119,-57.25071333664395,-59.56541438703168,-15.013769641349336,-14.63088422887388,-82.7640903438036,-71.5101744684934,-37.53175313797197,-62.13693349709179
373,-80.08463979722613,-77.41583224196395,-52.712361751757186,-37.89036947165319,-34.86706167805783,-43.129625650704725,-37.16834488347849,-42.71473651201405,-6.042002817702456,-4.102283343381801,-88.99594851615112,-54.99512255211216,-42.4723585450193,-46.788831441337585
374,-57.5019356698609,-66.55477885715779,-9.179020494005444,7.621235952733217,-5.848017404439954,-10.117919725434902,-0.14130178271137644,-10.613630015494081,8.025549798737998,3.189657550778887,-54.21713429614865,-33.17532441489392,-17.817916920876474,-32.562638060334216
375,-77.05856310045668,-75.61677380796387,-9.20397302008788,-3.2031250797066306,-17.295774670522768,-14.562479468670881,-40.32060712615201,-32.58443097552787,-12.885481796948119,-11.438721848812145,-88.64764830050763,-65.42365242068735,-32.00844757260926,-44.46321215522616
376,-36.864407857804615,-35.760096125461374,48.934598308495765,42.453042476698585,9.181377581213681,2.0613095258429666,-11.113485274205184,-3.7925664558748444,-1.6429003263834396,-3.7307954568760087,-46.21642732819455,-44.144158132483305,-3.798327252201967,-12.796192759848442
377,0.4427106017881593,-3.531430954138437,84.18826074790584,69.6201999063255,23.694553648888647,23.240458089870238,29.262367523772806,35.09550885407394,14.127270255049552,-3.4321798701052195,-2.4481047834008844,-0.420329855308243,38.5218118284829,30.545036206877914
378,34.91877472393861,42.366675552682814,93.15947819919165,84.36319943942763,43.825202107877246,41.630277709530496,28.480672469566212,51.55318602971953,24.96097706348149,23.746500087863566,25.78966240470828,26.353251735313997,46.0532051734585,44.18534976383098
379,28.66242122723227,29.139638539132733,66.12313740941576,56.18179476664447,30.519914412289765,26.23571090157858,13.056712719038945,18.204681366457002,22.86101296415271,20.901807387835905,-20.613168621633832,3.522941764645827,35.06277332345351,31.07398386810654
380,-16.12006289478592,-13.909680164548872,19.601985010093944,16.522468383854182,1.746313775486392,-5.280915055795143,13.108559513806219,0.5470759795448055,19.175939596342996,4.588140705320573,-19.87510751767668,14.281334675689786,30.62650831201128,27.59773340037719
381,37.97389389123104,38.19270346969262,31.209798658742674,36.36257577761998,30.935916752009206,33.94266477672953,23.571585358724736,13.339314326602857,15.411673183293708,8.45594078110951,33.594269421646764,28.006884581849047,54.92668249122788,42.727376182168086
382,66.67224280447208,73.68764462370928,52.543402090388184,90.12952201401671,66.77784436247313,75.90349689011317,40.121399420019124,43.062963085421174,14.719000577169673,20.771230917833023,43.05188190639807,52.48845712044801,67.33014716165553,65.42344105691555
383,103.93635653277978,119.0276502785842,93.51999714862673,122.23768875001812,91.42399664247313,97.41314170669368,58.29042876995362,68.54741773111989,35.60501925737975,23.140367314272325,59.23422743384886,55.83584579545305,87.63219766025314,77.70077050084902
384,86.54031949966188,100.82753973508306,34.58578602826865,75.98411266730307,56.630422224639105,75.55949968621668,12.504613410345597,27.695222615378988,35.271212529073004,19.310946563113117,41.772982122358016,41.55101688805959,71.50205036992087,66.83115561283286
385,105.12080988186594,102.74651035217033,14.415846543163482,36.938697885833506,43.751271598242525,52.69388108160463,22.339057056545453,24.37756320859247,9.91092060549652,1.4414645923274834,34.504729466318175,36.33808639427137,52.10786657860053,62.00854506882484
386,-18.79760843182519,-9.653240327134291,-30.300953629810163,-5.139094675611097,-16.547975992979488,-7.07685303186156,-42.71393829715819,-44.27223223973124,7.865613166987206,2.693795560740554,-16.219624684315843,-20.412019241410583,21.496989313628088,14.733804392900403
387,31.136969852818215,37.62027169477928,44.7243344063721,48.91319400677648,15.357021194570121,32.7775539083782,27.786705005938416,30.619527098001328,7.530186627713164,3.4670659848730745,55.421939657813375,14.005604448338566,49.97177035738564,36.96232603605402
388,-16.419426238476824,-23.30368592877996,14.069775893462081,1.5598031640981285,-11.444493750634845,-4.602675336256746,17.09938346112478,15.477841573950414,-6.8391045438586175,6.586966050288522,38.54173731553113,10.984065239901906,20.240009304708085,16.518240745023828
389,-17.301550926662316,-26.85140937351423,-0.24269516656639864,2.7446685054841162,-20.25759726077698,-9.158931931464181,25.789538292589235,25.276819710384324,-9.730490694413518,-1.0898219612754003,15.612513263319219,14.345310975801734,1.2469386750291065,12.963182111184734
390,-55.96680903507843,-72.17002540657676,-41.960690660435525,-26.742242660740626,-28.791993734934234,-36.917909208610624,-11.385013324483408,-14.412679540864136,-9.59152729887657,8.692647256341631,-1.261415027918095,-6.893448286692325,-37.736320119240524,-22.922244711736276
391,-43.43658240959092,-61.3526849711649,-32.65144128500195,-24.590079346051258,-20.51710415005808,-32.20300933317262,17.633352901466925,5.718006516624826,-11.250167526565695,7.281009229109131,12.681527130550805,6.768256365587275,-47.10366848514653,-23.540639401641183
392,-43.11624235891334,-56.36300764393944,-36.08757311420632,-26.031419570110845,-28.28470922372479,-27.913054410376976,11.236008044710763,21.916156691001955,-4.756653524848643,6.906091919005572,10.812025627357276,12.392436339931733,-37.27884222686094,-8.023481283877054
393,-111.62119375944027,-127.86559223075032,-96.52299725953299,-100.94370029199737,-79.64036351719534,-81.64786768827,-37.22481886867437,-61.94030229311845,-38.01741363808245,-19.833703442980585,-56.957603398400686,-41.343237344888706,-75.22439673514336,-68.82009076445473
394,-88.69530458804898,-91.9924299673943,-46.50185463109938,-45.253985050316025,-40.080995286543065,-45.41795244416919,-16.09477663622997,-27.84826432842406,-15.727309971630632,-16.578049231535903,-48.430861107499986,-36.9223967111463,-50.87267175458045,-49.88283460162247
395,-40.04243649336162,-55.673013797878596,32.18229297822185,40.795591303378416,10.823933894733836,6.048575208657184,17.332215498368694,19.600923098941696,-15.437798862314972,-11.81511036655288,-14.339971493115058,-25.460417657112206,-20.955160481724924,-29.726343395478214
396,-24.968796151223003,-32.308373252731414,27.995268948412885,37.05369430697814,16.232726883204112,6.925583440078492,19.03730711104621,34.97267628698707,-5.226726732033014,6.246795507093758,-6.202125233456899,-15.885419146240972,-27.258199600333207,-16.92461152057629
397,3.345923298372689,0.08022021448684308,8.385542010097696,2.121944846584088,-0.589026449962862,-7.979057577130179,6.7555528956017,11.734213912166812,-9.705569893942176,-3.2376575256811604,-16.524701408950516,-24.839454059271933,-22.388183198629562,-20.985417137697084
398,-20.823496021585708,-24.46320833811192,-21.626671584975636,-19.325122521238473,-15.095204118195113,-26.728015148126506,-7.265182133621879,-10.739555528889403,1.68327072639711,-2.1780267669378715,-32.920043600172896,-33.48094175971657,-24.981313645470955,-32.09915377138271
399,-27.058345744866642,-21.439679901469678,-20.136396306659716,-29.546073034267543,-20.266701783223827,-27.889177129437634,-12.895429204582996,-10.577598828729846,0.4588046558755086,-1.8928260734328433,-38.794849268130584,-46.74481023007638,-24.116407759213136,-33.96079896631198
400,-34.183468418634654,-34.057388251489996,-55.891589786030806,-43.58031571359778,-23.509245517562047,-31.906924675958013,-19.731176454746333,-27.591952295818867,8.66920566038266,4.641712818539983,-31.455939500863373,-28.932101321551173,-24.07887796199155,-32.75571152467896
401,-90.365520138579,-105.04920500293146,-68.96073629333519,-72.22014319199597,-41.28404231120916,-57.683430935091884,-33.418715429325744,-44.23501500213423,1.280940271508617,-6.141241004216341,-41.31521924546118,-41.64467617533655,-34.82039802378076,-40.111741582786344
402,-5.093873032851894,-11.723490334792118,-13.68091699961291,-13.509855996962738,17.550246787250703,10.059822536817945,-32.13715061647035,-24.275940814607722,10.800525954664138,-3.2955191541506252,-20.704559000649276,-18.94922350156656,4.060641397475705,-8.232339616827932
403,36.78384549045367,25.396049080090464,41.728173846161404,45.81885587435079,31.942593740642934,38.21615585373985,20.3073117521109,18.51459098558525,10.350999848823681,-1.150218027834328,-0.6397973254584866,-5.704272909517402,13.905347175501534,20.90845723431979
404,61.78984902358022,50.80406698244477,102.09820768318754,96.78791932344977,56.44144276499998,46.82458512989863,69.44451175150071,88.65939713807222,31.247690333665105,18.59986513148762,39.66623216923335,29.02690217789666,37.063396527326084,47.71525211482512
405,111.50940997974017,102.17588097552797,122.2126859048887,120.6480234438556,68.111828379229,61.7111682688615,95.9235370231221,115.22407553960606,19.335557196940172,24.986285165434406,85.77760278158215,58.959709534119206,57.265442441412546,61.20586695000157
406,142.37783498479612,134.06707683399475,111.18044448325004,95.78243778944241,66.87929736365227,60.29043979383173,107.62201898050546,121.4128335385537,14.450078430328729,8.963444302369567,118.27155929959163,92.42249333888026,69.74967157617253,78.09819795034878
407,126.46499641364355,122.51151811058597,94.81124402091011,67.68712068689715,65.36514166958649,54.61351604956933,112.74469529692233,130.9980090788635,32.59299538306944,20.469325229107895,129.6288973253837,105.13325778236192,70.17042101468753,85.01804546644229
408,70.60550079463086,74.76144791148724,17.03203224734978,9.653489075974864,32.77569717528,28.000259193090734,62.93394660415756,94.46694699457149,15.282311539530108,13.037212718963572,83.03083573653288,81.201919599085,38.6810615064367,59.02470687002415
409,55.935595826096836,64.81566392205791,-3.683221956397396,0.39728082077171845,24.13159087304361,14.978886999456936,52.546288432012815,79.47126664135646,8.752966958673953,23.567204787486723,61.28556452667189,72.38506684338722,32.58550692308812,55.983380339791985
410,53.60123159131306,56.95723378612875,-8.006374887062327,-12.848124148806393,27.06728903841416,19.849651995920805,59.27559159977786,74.13514378198715,9.679361725782256,22.844252339724616,64.25273759405522,73.38425474981749,28.081228364170805,49.50940424354858
411,-41.22662452708968,-41.488058841471265,-120.33511831178937,-133.46964640034918,-54.08333375603822,-61.69879595040715,-22.52191568983261,-39.060159723694106,-32.231796681304225,-4.243499902051724,-15.253413815447985,12.870691343980663,-44.90771885551538,-16.523380374463983
412,-38.32940901790576,-53.29310688944878,-71.8598826135925,-80.70779067722127,-27.934886932900007,-45.70567432776166,0.7160346690858225,-3.2552989410333124,-14.014977418418566,-2.8401242521875414,22.78776231022391,23.250748392841164,-18.068788979212698,4.08669073453971
413,-11.863913809797783,-23.785738363633172,-39.039506415126404,-41.42385113258799,-7.039474975384753,-24.430886217508256,14.199473553212856,14.366119512453176,0.27295619771537183,18.34979563064573,13.334437215264536,27.433399773753486,0.6797234919370492,8.952660458180619
414,5.12423747581347,-22.21540653610512,-69.58790606330585,-77.29344429329517,-32.21627711565583,-33.43231157339453,-9.292494783041434,-21.824204670320274,-26.70596694425626,-11.587798765307511,22.203762596911975,11.293531657038624,-19.191957862690607,-13.577984921848229
415,3.4331668991887594,-23.461676782853168,-38.023017045850736,-32.333115068634754,-11.61921120897592,-33.59613128229163,9.533402299616869,-12.013784887920238,-15.878040284297994,-4.725623373576539,37.477799163616694,14.24547914283236,-1.6094928441063898,-9.378066203914925
416,27.723772686729824,4.6913431489759,-14.167160211137377,-1.682422430773256,-17.546596304547585,-26.490826510927565,23.225707442481365,3.4833038527536297,2.304880015415536,-2.806392579177846,50.37851840257592,19.225184178521573,5.681306708548032,-14.291203571944816
417,30.220389136929935,-2.7798575509536967,26.649056239222812,33.9327364779053,14.605844218394914,-2.338623939146188,45.51677736248085,19.942024883878133,2.8999095007771403,1.3674932226344518,66.98238442905938,29.55145817082451,30.416564517533736,10.545397603277058
418,15.578818396956743,-2.1509874350585103,13.381251562987162,43.6519240981632,17.384667377045517,9.423179874486285,46.24785763472762,34.00132613312723,26.555424840762385,7.486887407116921,38.23126747007744,32.43359724802636,33.05346329338512,18.495661255537808
419,-1.5143821056091715,-9.549127527793948,-18.197851176949026,13.071285952609022,10.806657027819924,3.6254322007995365,21.63063100013049,1.0891334169414661,15.467225860953166,10.5818754026219,31.991719289813986,24.351437752004305,15.100496790065602,9.126231261719816
420,-18.147656969516575,-25.36233591861607,-55.79193511932153,-34.658589105302454,-15.287228578990371,-28.072922234493614,-10.229097891487115,-32.132758286346316,0.5211773927556985,-3.6163598866087447,8.16318087098576,5.838837118001018,-18.829255126874695,-17.592878220325062
421,-63.166816599677176,-74.3404566441153,-58.475982736278695,-49.09280421644636,-20.72388223630688,-51.9218363301213,-15.014010719368754,-52.52163056321881,5.094855878930537,-19.794079431826855,-20.391745244890707,-10.962475923948922,-22.492415611231536,-32.88836493220094
422,-56.19076798119483,-62.2637397299503,-36.042753062862786,-38.289014148757225,-23.01240211741521,-38.21816871716951,-7.077503374913341,-22.73471402262408,-2.2616361165461307,-9.663777532216926,-19.523515003976975,-19.339928091406545,-8.146681845376685,-24.3879928392991
423,-40.78986738198405,-61.07282938904976,-39.65929725392228,-36.89975718015495,-19.586092875869944,-42.24669275529901,-12.641015793928279,-26.719630742299195,-1.1630547533888655,-18.805020882361394,-4.7980286376406625,-19.503854437521753,-4.0389840301880815,-28.65585182524942
424,-34.00456881885672,-46.83219012737372,-30.306935827074227,-27.50960627757198,-21.806527782557183,-43.37615712524852,-8.205144007513201,-28.035823280734824,-14.805452092834429,-14.269005230521376,-16.36796592465147,-26.600545596038177,-11.74875559525358,-33.232350416387774
425,-52.64476653666631,-71.93784800501561,-31.916819465462705,-38.84713552392462,-19.526254778180977,-47.166580894887495,-3.991771130913183,-31.390875024157147,3.3149419279049783,-17.531625911951934,-19.955614998725164,-23.76342937551257,-9.608359858344624,-32.63825306422942
426,-62.60636238535998,-74.19790087475673,-19.090741540820215,-14.96641078344591,-15.463597737281718,-26.223548848503377,-9.807883170307127,-29.24791653802729,3.0614309278973653,-5.72176722248915,-38.05330925999306,-28.375455086817755,-11.909782472325626,-30.26187344691141
427,-17.002883243259046,-19.823961593209873,4.376334793549105,-2.6526235046065905,-12.109438613748443,-19.64820857544341,11.97412565074367,2.1632836335405625,4.051444915179849,-3.75580498276228,-19.85286008340687,-4.123614910967139,-16.368642083515837,-17.55985805787139
428,-3.878761924265346,-20.492016489975825,-6.371294883259555,-8.400838174196608,-17.211276461156093,-19.436175675248652,7.83218460261128,-11.973412065964238,-12.453995480185602,-16.149190268624587,-16.90319130028622,-3.943781095415272,-29.600423847614017,-24.59532830353827
429,-37.26292423799612,-38.99816024298893,-3.7047243788282613,-7.57543735262816,-20.336250623769324,-17.265469832261438,17.18007037403054,-2.4121605920069267,-18.26086287807283,-6.027420494666052,-25.38068806353277,13.33563288043215,-19.225172845889176,-11.817102408557922
430,-26.161438867023076,-31.974655850706913,-5.524541779015141,-3.8085519256463645,-15.670077315569827,-15.58405693743188,-3.0916583655913144,-23.186613438866136,-9.623055765171037,-1.3733683876075253,-27.640392898303062,3.2825308192140983,-17.207064053134758,-3.4412198425589264
431,-29.42331839134978,-41.50633886445358,-13.953103131194721,-17.475843221115987,-16.272404079748092,-14.863766264063004,-5.517355258910411,-21.43227337234812,-20.66335542938841,10.039824702122168,-26.001496615002225,1.5905394544987561,-13.669788924364088,-0.35464871899450257
432,-25.174085170535786,-33.55844616153118,-5.62396947335879,-15.722742037307466,-17.728071641559556,-17.18894285560057,-18.965980000112975,-19.314000468597207,-16.623461970199628,6.2228010057512115,-27.8699141040259,-12.129728019277561,-26.512322443362738,-12.75764257969966
433,-11.568318232330139,-17.31291417399261,-1.2440687665185237,-17.06751405772019,-8.289627848314362,-8.72907269086842,-7.417194386935788,-14.945201438158758,-19.318555085858673,-4.43941987086397,-39.51022326318927,-19.309145116388933,-22.76413841171963,-15.709745180335222
434,-18.17010260072129,-17.453773038174003,-9.249999443674776,-4.0052873155124145,-8.595241088697952,-11.397806300846582,3.470388533235543,-8.665962792320844,-25.913680065605675,-5.992791863075123,-46.05111000231965,-22.036506882038026,-28.693133579950572,-16.997533162556522
435,3.580636626278393,-4.984149836439036,24.361530933693825,21.112110726364882,2.4415067571977365,0.824853525540974,2.082346873383311,-9.620054549521152,-18.12629111925263,3.4865374934380786,-50.80597932723221,-22.303865397097706,-25.998919934361297,-12.045247041705318
436,9.84385985925421,5.54412362322896,34.97184946886599,29.69499700020502,6.2697110020656694,0.09719226891391333,-4.800380514154748,-5.066147720189876,-14.358553357067152,-1.580396733606218,-46.660158124219485,-28.947107826614072,-12.647497419670474,-10.345501107458348
437,6.4176035472349025,3.957840609231102,52.45871120783812,46.815348775948166,13.373693120746859,8.769638792707886,-22.037690721786785,-17.106606112164023,11.62862278383067,-7.145113758443136,-41.482173611227964,-29.58594565010906,5.997875899619123,-3.225414824050648
438,54.21378419516436,40.08483245995795,64.73062597920493,59.78252943258764,31.216181249160122,26.217909680445853,-11.769364642141069,1.290708227024123,-13.435853969462267,-11.771926989630986,-13.427320538803036,-24.737603302473808,5.529162991947458,5.327234310968094
439,50.17844902102533,41.50417069718735,85.56707128132454,75.78613635903287,48.25723446438494,32.558703056850874,11.72917519892883,33.86844295485651,3.552277212032197,0.1214616205086485,9.264855273118702,-12.775918730899875,23.608266874080098,20.06524819351494
440,76.25925627221903,69.3466206710007,83.48902196116664,83.12644161526336,51.90255294083931,44.296152141444644,24.529003370198943,55.13017664291751,4.389252477987579,9.170385985521493,22.79179152963029,-0.4359069056980264,31.213154020703183,31.30381050264133
441,88.97346487958615,78.26346277604802,79.81451931918055,76.6412255371949,42.90173920914935,44.063305457858185,37.2108368142458,59.071179469133725,1.6287350983714444,-3.3341464541919725,23.444454702305027,4.447634201204778,29.452372558140134,26.32392361404362
442,105.1489484794007,107.34563055046301,79.94359204893894,84.78757237844034,48.214584242777725,56.535384134526744,62.65173312881391,93.32381636445314,1.0901500471090095,6.027166074059895,51.74440213594922,30.6868121841275,16.150708381137036,34.85180950530648
443,80.73321686883168,75.36498983720838,72.09708727714133,72.47510240970432,60.20642469869751,48.791082474085,78.47830446497333,92.88765745921147,5.120936785774317,16.44203341935704,48.76331413042635,36.666575040360485,12.122091509445665,18.58319081942054
444,45.085132680960164,54.89863017342872,29.20527426822171,46.05834196444913,45.02216414076128,41.75555812310743,31.89680738627891,42.06660108311969,-10.772230102342553,11.987256568884934,6.0046728813309524,1.2439216696798887,-20.028244304608297,-9.464197828588942
445,28.957797302563037,33.64601833991498,16.837842880973376,25.84764822402367,34.32529982854896,27.838089932945838,16.32100288860459,29.416262022047512,-6.100226439305602,-1.1233199798388385,-3.5970821554491526,-13.920280009122884,-20.69404703914838,-21.954923523640776
446,26.449886157797984,36.220712375222156,48.36317008089852,59.75650032030486,38.51975861034728,35.91929824152712,29.276464917260164,38.05517893583628,0.8197839066307218,3.9453375246016247,-8.991334543110836,-17.753641698219255,-2.5230587233496213,-10.369000290072346
447,7.472348365604891,8.242906480833993,45.04864174151555,46.04058963288472,31.718050628805145,21.080544809786172,14.369402891167594,11.428822912617457,-6.590876378605782,-1.5482483701653793,-43.77997360640869,-43.807785464169605,-12.78547829048416,-15.51247742976965
448,55.9959511324364,56.38735651734632,77.12394546955743,62.28964133563136,50.375323546107104,34.958164470025686,33.162342575088914,38.1251808090524,0.5032480524482613,-7.700919096729487,-13.91979231004254,-22.414493455181788,2.6700402470287865,-1.1208399780968767
449,67.18730299203665,71.72097453904979,90.06142158789392,50.607258151580666,52.70673158578939,35.34365060420284,40.08451397311591,34.3203734831453,5.413361954514085,-13.270398408659096,-0.19169444955930715,-18.426340505803577,19.0713731857148,-2.00062261493815
450,117.91806910295895,133.6447861433802,96.34370264292477,72.55991930569247,68.20530714089053,72.25878288804401,62.9750952021801,60.89407777254437,3.1491733963352595,-4.321724187071042,49.83719232071917,31.0721843682727,40.16883184885763,44.96806599011947
451,60.09039468206361,61.58363992328812,44.46362269316069,44.380715162907684,20.48948951211525,26.317986726264387,24.58762184780812,31.169704817667075,-4.8839548253257945,5.402451210424217,8.665209974051747,7.585117708884294,11.787422759553815,18.08530596359984
452,52.289298251429045,63.598783083953165,51.13010369582023,43.74783606945532,-7.351253141269261,11.08053154631521,34.99169314237357,35.60349248288038,-0.3791672986614299,3.8670629548213307,44.50922518396817,20.469677646995446,12.143562332904436,20.548085455393334
453,45.023486610924444,50.09337138137522,78.26128320087831,66.33860339186577,14.85282396351915,27.40029182716874,51.61475414357487,62.27478543327229,15.700157412550837,13.630537568406442,50.021572314038124,33.17543700851358,41.35324556330159,39.444164598106276
454,16.252984527333343,21.73943273125959,54.4423625635798,53.12693397073998,18.886852788220402,12.607450332525667,48.98019411382523,51.898246873694276,11.237198059371309,14.969243459768967,60.62012574140261,42.66046648468701,38.589561380196315,41.858461735653535
455,-5.268407377331069,-0.597278880396954,11.100141634715461,14.455999280062018,4.568785292463237,9.775550276951646,7.779169345967337,18.94709795810429,21.329284187626943,8.081589278442719,51.91543008417381,27.253775518668135,40.44163732900277,32.1160013875089
456,-44.14198429866818,-54.263554582993514,-46.697444105512005,-34.88047329166499,-12.345812077630907,-19.525431373384343,-22.507222911908652,-18.9277667415656,11.908300874255692,5.019601393817641,17.86596740493828,-2.153242035365072,21.93162675424957,18.18850559918616
457,-59.473065726321074,-49.62885435273607,-64.85295720582286,-28.823489133898025,-23.937363784159633,-30.168145849144004,-34.00305948978457,-30.200861383358113,5.283986187698248,1.298559818401956,-18.706068638445476,-21.772724506470897,12.044814807071592,7.3534503947348355
458,-48.68670221519758,-26.85451196228029,-41.41878730211255,-6.390503791209817,-14.58661069198243,-6.573977713661004,-36.16177744615243,-26.41338458819011,-3.8486421011575325,1.2359125327202705,-30.99466088753857,-17.75886902959792,-0.5274568062302379,4.314149479218192
459,-55.170218500817306,-45.30309131368725,-28.952830820073547,1.4735603059487303,-0.30158662108972556,3.2256159435914182,-23.377293392917938,-14.927995372240114,3.968559749313714,14.686486809437532,-31.20355383616085,-13.323528056070002,8.221303673212478,-5.653593230794249
460,-30.88605900214773,-28.516543425298668,-6.296691431238947,7.283747339160392,-3.132738404803454,1.492889564310835,-25.414292225613035,-36.008425509240666,-0.3359166537571823,1.4242790616345204,-22.167999227774743,-12.664201640959215,4.542544694386427,-4.173931432568486
461,-5.528495959971201,2.1506136888245924,6.520474692810059,6.621053895341287,6.694191051690195,3.5836197490651824,-30.602137457634637,-23.137581979739515,3.387677369928642,3.5601339270239425,-24.74619420543469,-9.071009622897726,13.111462446153164,13.364843819395709
462,0.4561815482137723,3.6604138583488406,-5.878048377636637,-12.35453521663138,5.972029383002358,21.777538186734745,-26.729581619633546,-26.483063049466615,4.777379318873305,-5.115622278715834,-8.58048029607993,-3.70272213592339,10.456425905743105,6.958837479353078
463,23.986332553402885,26.877912654064545,28.211415795800164,33.881536693305335,23.145391515000284,36.557668071710836,2.958311710009435,28.681116209410636,25.111842813716333,18.079572628448858,3.0936109155864013,30.963178403977093,46.5875499283812,54.762818598199345
464,68.47778174825241,66.27416532921512,83.89834201527292,89.90425792677355,62.94120821780987,66.68689941075925,29.756158257931542,62.163468005705056,38.670870819585986,29.842561539959465,45.05284078498573,54.208685936979,67.14714214741326,66.73772870076687
465,4.789972547778496,23.380670709830564,53.61008159139201,84.73690393288763,38.677645819911156,59.99166717553603,29.02192077646205,58.103841214251204,17.145316563823204,21.002607519004957,38.11032914965159,34.58183714695248,42.14629753383216,49.94324569356324
466,71.81309066608843,93.16021117195848,122.26853642816661,139.73283756256623,68.72809927331937,80.58320130805485,67.57106026006174,100.06410815251274,37.3580595627598,33.58010077520395,67.25423965321042,60.79788513877015,69.25196697547868,69.86541909767351
467,80.45755802094419,95.91583321753279,127.23185631631166,125.73866743974261,75.20083438132782,79.83431425323265,57.8250749021258,93.41106943619727,32.73584996933075,21.118348111144968,66.72700171716616,57.34808499947988,70.34151036519937,81.1512011057862
468,161.08702224804168,182.04175650609065,194.7756110714786,200.19122422221471,116.04921400352025,131.568193566445,97.21131145087479,158.81839707670767,46.49210634657067,25.233316076219584,103.17727871906172,64.24188998887095,110.43103236953024,102.49116809180201
469,104.0665504404558,122.47480140860459,133.4695962507838,135.7079249505226,70.1675806007837,79.96051054165991,60.647306824549915,99.51653496594983,38.598668580170084,16.326315682408513,58.25065305596024,25.356832936163247,77.61946462764374,62.80502136909922
470,123.54447432961969,156.82754045104946,145.79810703177247,131.91268518761845,74.66205394922973,90.39699946814883,80.79522543877532,122.72215911953049,47.7725640586144,26.969532845432013,76.38336139793684,44.89883577565974,81.30678457863625,83.77034140844233
471,176.5992117037016,205.84325503275934,178.00067293621785,148.2021797010903,95.01190030469547,116.76319277342203,100.85708901135781,138.26848098370414,32.29775034408262,24.45875174808553,94.89950107787821,79.50839680360104,102.35338569889836,102.7424159691884
472,264.87966801054057,266.2539544362738,176.10876385729566,167.4899766537193,121.43330012977826,146.53541499131765,138.88571778803902,160.20472380399522,34.986005671224966,19.576983971916462,140.3786069838697,118.1445041076898,144.383388805285,146.43340658335515
473,166.80261186241594,177.88635727338828,104.16015737861937,99.69240013137151,76.84373520465644,110.27725398829696,74.31386487100808,100.07983010286466,32.635607994676946,15.229857429863525,56.30948916150504,77.68715897109807,104.48094226411754,106.5064677798288
474,172.14607976572563,184.04297531353052,106.31923129209714,92.98461530956453,65.5829235297085,88.12053813583358,77.31835420953931,97.04368227202026,26.372361730778277,2.6561988537381236,49.54546207133038,74.60580900055547,83.40904078492164,91.52113144542614
475,115.5981428315053,122.49549803841322,55.89750791356963,51.165669731084236,33.256441577680405,55.254507855460375,42.937188959294225,41.23288102870256,2.1969440254320634,-10.055956737508511,14.220232347892331,28.778432195676114,60.445534935128926,61.2368087783105
476,57.14450326326489,65.92855898256423,26.2508735377277,26.510586835901364,15.068561712180344,31.98578753005064,10.127947154962076,0.24644114116995902,15.039948153043307,-2.2552193299393357,11.167751262961527,19.28159676062021,40.81307409421003,44.582376389627406
477,-6.448526966409409,-9.573746166706044,-34.99933347816465,-37.86600589206641,-14.093155889809905,-11.662944647756749,-22.16829909972182,-44.51168353256385,8.61285808422495,5.5699728264803925,-51.67922880966954,-12.728201668136979,9.244138533444142,5.980500083485145
478,-14.379147112578867,-13.187574648034714,-41.29093424791843,-32.70947090498368,-12.032046542538527,-27.501721114459606,-25.327209958061424,-41.97984662574238,12.34644048959049,12.85443700256139,-36.10808944423398,-21.94573895735943,5.684257855651236,-7.455226202342913
479,-30.26173570170803,-33.7059398201626,-58.48183330725897,-59.025649846473655,-22.355564210505232,-41.74775323100082,-15.367007966771647,-44.120910537728875,-0.9012352302420873,2.0605989481719362,-24.94880148229642,-23.579459867048502,-3.719781288312676,-15.778338075349058
480,-41.446041821827194,-34.80857479199095,-64.72050065009779,-72.10150808736357,-37.52705211854647,-55.97708341434471,-19.289560629068237,-32.20111190106689,-18.91260674192817,-0.22767284293953205,-24.55374450787913,-15.122909701355402,-30.07331873960358,-18.496173823261923
481,-52.84449528513173,-52.967797001611956,-63.31824551203018,-67.91640815945385,-47.40132510993174,-48.699685876862574,-12.555859306754488,-23.889998010860182,-7.935304882617536,-3.5734930813476997,-18.845286685063016,-13.53091431511382,-31.30003276523273,-22.38937529197313
482,-59.148839572590845,-40.851297154660315,-57.690579332904406,-68.15563835434313,-37.300783206995746,-40.02110739197456,-36.10527921642985,-30.021656111267042,-15.95364784200325,2.5649009432169922,-8.67267975163296,-22.7279717832015,-34.57109775253177,-41.4955118460322
483,-69.32357325381143,-49.63861923360137,-57.23931054336624,-61.93773108717361,-38.344590119510485,-31.257104854017374,-24.006270005097843,-23.584119216205583,-20.259477939670205,-15.445346374240328,-22.735353683122725,-25.722688990813097,-54.513381580984486,-49.06493276411971
484,-119.32472149250349,-102.86088470446873,-64.84181959528445,-78.73012503915612,-50.77191486012799,-54.73926051083531,-33.82935434108603,-38.249850111141214,-24.14064069248647,-14.783666106366002,-59.00806630100654,-38.5281418369133,-72.96755272531692,-71.04342412320288
485,-80.04965391627017,-85.77665786786935,-54.09341482636529,-39.99505988770219,-31.680907197821007,-31.494267545549977,-27.393690688057177,-20.70565684534465,-19.60571760722851,-7.942222232946092,-39.33015870257023,-40.240988463143395,-60.16357577485691,-48.20791897363893
486,-64.00621657161972,-73.30381391240837,-22.9990523095501,-31.198610569789096,1.332229592202036,-7.2111019812709145,-1.6908158785173766,3.259432850020808,-17.833961573352923,-4.186037507067499,-33.340932257430154,-14.081778331233807,-14.449061688384006,-18.405547502281788
487,-22.463370148409478,-37.95268152118945,22.02906179269809,27.612843801427836,31.98873050358823,34.86485362946052,30.177239682122018,39.0978352705655,-6.375222306182074,1.066341709655024,-7.095590534686837,-7.051565730339595,10.758699488604332,13.478070524288547
488,-34.42115027449947,-31.58200200443535,58.448963108522236,57.56934029692906,40.54063659195509,31.559150477426105,47.815102636564866,46.18717042194764,-0.17004835424861517,-2.511590535422743,-12.135376919260057,-27.05758941310448,8.603966398295132,-5.271285625632275
489,-60.3934466515721,-60.42443786212093,-17.555292060540044,-2.596259209292313,0.8627295748488084,-16.387238351184813,16.096813816563177,3.5197131673922954,-14.303997325973095,-8.349146736627816,-64.1643503303317,-62.05733102991543,-34.94886879721463,-52.80518079204225
490,12.44268247605308,16.4815902244595,25.915903103023982,30.1959009860061,35.00202286577151,23.327952104628054,25.73235642816686,29.892093179991218,2.201710255656217,-4.318587001112583,-35.07319730348631,-43.754729205017426,-10.942010588613668,-19.583653033664902
491,22.66606157844566,38.65956810892186,70.38172219411467,75.78737732761522,64.881792256661,60.32422948285732,49.435656924102965,63.680521559308055,7.784275276300292,10.761846401352308,-5.987872277698219,-21.697525180687776,12.002516214493358,4.4019048257756666
492,81.34813554184231,90.07610503247517,85.09676557101888,81.98749438789132,80.43739163722805,77.54918609210186,43.332100487967224,65.74029974988744,5.702386744248251,1.858677244529165,29.85133037867621,-9.783665423809733,24.105390715224438,5.755065023276498
493,-142.75095657362797,-154.80792210710476,-119.20769997167748,-124.0891903194703,-27.516666359979347,-39.4027885484798,-28.802894674335537,-55.69207829933693,-6.268013252246963,-11.516998224425052,-50.62320274381224,-65.45759703371107,-60.40247672934618,-61.41982216920886
494,71.22117526460714,87.12148064500745,79.31044521264532,93.83941474907023,80.7238476362343,79.93473414750554,31.813771907368693,50.895977332483994,12.463267223554963,9.085646929389004,18.55640546215875,-5.372763413341155,30.345300552518204,18.42928680917779
495,100.77695464867656,116.98949326998869,99.06600904859461,109.12051711287687,85.37746276288222,94.59609473308787,43.45498230327452,60.349505104141905,24.468640690620077,11.394531850399009,31.830602670535637,-1.5749477828430851,30.3999204578154,16.89200163837846
496,170.36685061114164,196.33637132682594,138.05325817965445,164.72978323872786,111.97309206396919,122.4929353250701,58.93116018648782,105.15510696431184,38.77992845778507,15.154753927772903,78.00878448161687,29.456460108501485,74.76490140054008,53.943105313818066
497,16.093890797620315,18.779751212046342,-12.460504805968078,9.347805682224735,17.522271332991693,27.017757018603046,5.218624131151798,-2.1395137815342964,7.8104791475921305,-2.8046715038111376,35.557562332442025,8.200867593708658,23.20739852627098,11.296199983324367
498,153.50690536203416,169.5486540245207,103.25563177602612,140.57018880415225,78.68990815172786,103.39985582052768,47.86346145656692,67.27633098999463,29.07795144406498,15.67999505615245,72.08986238928512,41.10660940406586,76.31505828918968,64.74698620588445
499,97.20509767425625,121.51191544479614,67.6260387777062,104.02796188197757,36.03985707004495,72.51822219547158,6.198381561804532,29.230082830720487,12.867699685577888,12.740088120996628,15.082552097535485,2.678222339233615,36.81920127171873,34.93705144777352
500,153.20431756122656,185.83296908327608,92.94528846868388,118.02923870778373,36.917873179505804,70.63949235858271,10.582028726546536,17.759897415638903,21.568309597086095,11.947172971786559,21.125338047857205,20.032529664245985,45.34348438499366,33.773614968060556
501,45.556633524750154,51.85558303103807,-28.879403745305662,-4.322093493445972,0.8417434965030671,18.872268359201744,-10.053426522661036,-15.452767348253403,-2.9251890680504755,-6.396207364358839,11.501090290839363,0.24323088449533337,6.4864181447467555,0.47117041841122576
502,146.7723510293578,157.0776879424214,59.26346590760598,76.49083558810065,66.26667176921546,73.24693346209422,72.77614415427283,81.55533730467172,14.9550586760636,20.719010179278243,82.92539188193837,62.25251572194559,64.47586775338664,73.55852648118507
503,101.3372999009372,107.27980413637854,33.657324160473614,50.570645830200164,45.2111579914531,42.75308814724736,42.917902759788504,45.052926733710585,-7.154261143533301,-3.683581066948859,30.881594125458157,18.562633827861344,16.40793808053145,31.295664958305522
504,128.1808797447675,138.74792874535706,45.07577873373788,56.734128747502744,35.118063806671934,36.33976088948402,19.026165550846688,40.29961861465929,11.400651354846822,14.367468016839913,47.23126220099227,31.857265051736206,21.566554635995892,34.41865431897151
505,115.42831290493743,120.87799269606509,61.27269907283884,44.33632768829695,53.833624653792796,37.041539300354955,40.1411935165537,35.26583403634375,8.604551302203054,19.549144775193263,52.55097867482013,55.515480882595504,22.83361479413979,31.759135360667393
506,24.76771496583438,6.063824171345975,7.43044508416403,-3.33027433459284,39.40148776977308,19.445051615169234,34.25925716173584,25.064348511150236,7.0379957299160125,10.04238220531584,38.695610969284026,26.13502088758052,0.4994381637617768,3.1236726391741856
507,163.42316309491557,177.0714701461911,158.7931831514525,143.70277548335682,107.30703624624294,91.2011454797826,84.74664828452883,104.95724307572354,21.54268236702144,38.074167802241234,71.45107921772771,58.85265557896589,61.12803817468541,70.83834798562356
508,196.2808902636206,219.69569268298028,224.1021855303045,204.35612558605771,122.215441406585,108.30551850081822,93.37487102695555,130.38086960049287,37.573189916986436,38.07172191961656,96.0978088465668,66.35447917793103,90.92415468505266,83.66405530264754
509,176.93604350451142,197.24590183463803,168.35070043461056,126.06789922004407,95.31364729361029,77.47712955052586,74.60428724954706,103.33279693267359,28.629797256800117,24.081843920200733,82.95540140461105,50.2968955408873,86.04274629803714,71.3815333463514
510,117.45935199302909,139.38675997486635,126.0827557393252,91.21969656713098,63.35778884225543,46.207661833638376,46.657258819912364,79.06948194644602,14.509205906931891,19.03546231377388,42.30029798455022,29.640573515621654,68.4682332699135,52.766410444207104
511,58.22237819660841,74.1545484815349,60.10767764538583,25.978092436586536,38.311860379168884,14.973222990773696,44.95934661724311,54.104908361881215,28.00732023011635,14.131017046631346,30.025460478251638,29.81262967821636,34.54739310006915,22.27000601586839
512,44.502934949488264,67.7662422548577,55.8215102622919,35.93743136015502,40.081925527471455,21.323068900090693,61.0279308358327,79.59669786785399,9.29273281865701,19.13696782586275,47.70836094048175,57.85474300343648,18.486608900866393,31.38449418796572
513,12.502584587332596,16.843508184297285,-7.07718890056233,-25.439037044917114,7.739192357829552,-7.10207786918876,26.996379222723053,38.00649003906517,-8.66018233871503,8.94187887754132,20.826555198062735,56.83565711647433,-13.522703396566047,8.712970376478069
514,-102.4554667677186,-107.90910905300598,-98.555881939529,-119.17919841073349,-59.20876004501543,-79.645927010279,-49.58751239105204,-52.6980609955843,-17.374031946535915,-5.656391540793456,-44.1265210500275,-0.7615515842124161,-43.23144495233029,-30.53031105539678
515,11.30536635772818,14.072392690867765,-42.173502525964274,-57.776896480241525,-3.311507704943478,-7.267594410743344,11.501925670303148,-5.745318041787378,-20.55197053063933,-15.48142285350661,48.875685429390764,74.0963618050998,-17.32336960488746,13.911057667393358
516,-57.27486800245372,-65.50323391251163,-45.43264677544756,-50.61840712249047,-24.89375786118016,-20.477902686259224,-2.527898294693383,-19.263547249024604,-7.93338588065821,-1.6240721624988965,26.38266760385282,42.241830687720025,6.1406335030108075,12.796215231295342
517,-65.00704997545219,-63.529193677452284,-24.815783785496123,-42.62960866355134,-22.289891030802114,-23.668179881254556,9.52765269013275,-5.57231261093644,-10.446356704519525,-16.630622563303877,30.396264697951658,33.902051244803076,-15.164743518879819,-4.560807174518427
518,-82.46524394559502,-80.92814589092413,-65.04483890593688,-78.9925694795853,-50.268224576373804,-50.434995592268436,-8.59074434512604,-27.77319901308669,-16.929864585086303,-4.6690153311827345,13.104205511367725,22.575821585788113,-40.850039800716864,-29.400262096174536
519,-73.57990983154994,-87.8135538700503,-70.44969032313257,-74.72585174754484,-40.846133177273394,-44.09457425964554,-3.446583273148874,-24.151458464886197,-11.33785538526078,-2.3172989395054717,5.665098798421283,28.862919708797342,-16.925433360475118,-17.781118630521238
520,-121.73654602127615,-119.19710829092527,-79.80599364276038,-88.2247635573201,-50.27292450078663,-55.622293075317046,-25.40038787978339,-37.810263347684774,-12.741245881999163,-7.587408409991063,-13.873247601626197,-5.5275631219723635,-36.549861842367505,-32.47923069338713
521,-198.4613283900557,-203.007783804848,-176.96820373032696,-181.34408172301795,-108.31272786918827,-119.3820001479756,-104.39158617628529,-137.88793675230562,-31.089457088394013,-11.266429590043835,-90.99718747193455,-76.91142259953814,-77.59169555347287,-74.17196978557799
522,-207.44563204167133,-216.23441417738937,-205.08459700882088,-198.20381830805198,-122.42745592469136,-128.0032803218683,-125.46921771266467,-160.15086276980279,-32.68788747628633,-20.421468230355785,-115.76446012468776,-75.22181033740718,-82.63191344760266,-74.57850221824388
523,-218.7375138233144,-240.50274880761003,-237.05478925387536,-245.07951526321355,-144.63040166099842,-156.94565967176095,-151.56774668119974,-198.68869856777428,-33.33613540169206,-19.440957234472354,-123.92536576170775,-98.27445972416669,-85.87199371690446,-96.50796311792037
524,-228.12028921261876,-248.4091835223761,-220.73945595855648,-231.81524443257607,-135.7642351465451,-154.98837497085384,-133.03198139698145,-176.11551853453153,-28.14132459604427,-20.565887466440415,-125.30666665224923,-97.92901669724728,-80.67639216614114,-102.40946754814772
525,-233.522970271312,-250.9180059713311,-199.55925212776026,-207.21725188756056,-139.13123532456336,-155.19218390565405,-125.35881203860943,-163.31911888173073,-26.23682689833679,-16.26175547227637,-126.78210767565473,-94.02250244358643,-77.73678471970383,-91.61453528193653
526,-220.542908070662,-241.84982594359303,-165.50792111415714,-169.01520309046708,-134.7358540478849,-145.66372558978242,-120.81476561272986,-146.11033605526848,-16.497835270023405,-14.276148607127098,-119.60421345740649,-89.39144808192388,-75.53817458591108,-92.17003809979303
527,-208.1854435394572,-230.16040714318007,-160.7738674102023,-164.17742955615122,-126.45676741874092,-140.15575050258275,-125.1188181528415,-137.9957721008148,-17.506466948496186,-18.17795525448483,-144.35780419941534,-101.33667102375115,-78.54271957733299,-95.12974290170679
528,-205.58850221467358,-234.53348901736024,-179.9995026942032,-170.72229412131324,-123.80534624228991,-135.25405911720927,-127.81145191589512,-152.62972817632968,-26.056382307588294,-20.983410748901626,-112.12497571877091,-95.24998520888403,-94.70516844517358,-98.95496640610244
529,-188.62536066545098,-208.6476452133561,-168.4207017745484,-165.04428407168973,-109.36292662886063,-128.92198280716227,-111.08253546564876,-141.9757525703414,-30.572121373272022,-23.72613269335053,-102.34014656204697,-82.35394440651294,-91.70640617149509,-93.04220801677617
530,-173.2892982757241,-185.37423645961567,-149.30638217383915,-138.74565072617435,-96.8376260860268,-109.45388807676522,-111.64020521932538,-135.40938740054344,-17.51259701849111,-20.513093143981322,-82.03141334394857,-71.74151984747235,-81.45790468022392,-84.88228366940051
531,-146.74777947209088,-153.8212939052923,-142.5593392586236,-122.23936389891747,-90.65202203602982,-100.12984179240735,-102.70868971891392,-127.63765307830161,-27.85242297750381,-28.46915280634335,-56.67231561116161,-55.269855752674744,-71.90973375334039,-78.98468831783636
532,-145.4296122524537,-166.06963299592113,-152.22308733696727,-128.84911256823608,-100.52169480633091,-98.35472389943597,-104.20581362100177,-118.57354029172643,-34.80948448740268,-41.0988157265048,-69.12189966181971,-69.48851095252661,-87.92982602009835,-85.31814567559948
533,-182.52310139916847,-198.2616432559633,-159.31670904552314,-163.45361636073133,-111.70625785795781,-131.93828764681055,-123.64205913771123,-159.80442818143675,-38.30249827880669,-16.121123244652455,-107.81228941146158,-108.03151488718713,-112.22107789360328,-122.82627998810672
534,-128.97405050994183,-134.56686241684116,-90.7388857524827,-111.40175201433563,-61.13914751898872,-85.35253288967225,-54.990130009810166,-94.21389334919816,-32.982114808383194,-24.47879758682067,-49.770252577592586,-69.6614369982488,-88.89345901405484,-81.68779136881916
535,-61.22562748107058,-69.74850474764958,-40.80904040445958,-59.69654556335629,-18.582256970377944,-47.15059197519265,-20.880351633607035,-43.3896191420061,-12.092376481325543,-2.182435933355584,-45.03448617487731,-41.806861466861534,-47.841396089681,-55.59731911249492
536,-34.88674705857678,-48.60765744591971,-43.77959426713301,-57.87894763673552,-21.988107487336247,-22.915945047266035,-16.772258967456107,-21.4008691332376,-8.984811569650187,-7.858279410450159,-20.81679546897864,-25.89382744835899,-35.09531367066911,-39.22693555833928
537,3.599171292217742,-0.8546733096920667,-28.387516616025334,-22.969666673736302,2.1762720423496567,-5.695713492429576,-2.680938093347877,0.8990176330371998,12.531346598293338,-2.19198165624894,-10.512453386765339,-23.380975066259012,-10.70458210554586,-27.552946764059417
538,46.449457749224344,48.621960189150094,13.417608511886785,15.954020746320554,18.5716550492479,25.346110629689974,22.170820349944954,21.663368265591643,19.893782260435724,2.9516980469559866,8.38863889186648,-1.2452986717131513,12.857760434184671,-7.968630657874749
539,3.2155602329940765,10.283907579755255,-6.798877267619367,-3.725097696379649,16.081960653041754,10.02767583115354,3.670675923356296,0.6079206345550773,19.263396845869888,4.018945619947541,0.9775967408370683,-8.92318310965961,1.9177978427482243,-11.226539812226365
540,40.51466568340012,38.87333792235909,28.699266588120796,38.410137641684265,46.34937770751446,57.04298682557076,42.811678467295145,47.538461881681286,3.095688155049386,1.871842423335409,44.18703707303983,25.07601303078783,22.56917634306224,18.75815168036229
541,10.22209021967809,7.21404335907461,-2.0096926178800243,-0.851535000953376,24.05212087525505,12.744058477895807,16.63547939463559,17.629999929609866,-1.797918866849513,-3.2361628028804814,26.53957468674089,7.995534537751029,19.798178652655402,18.14183140689675
542,21.26874804908147,33.02896083987719,9.5738137955805,21.210884453922564,30.035045309788725,14.272890429516766,13.07519170430082,15.169212773800984,10.482747775818831,15.007861915505146,7.868180775019986,-7.960424643140495,19.324390721164082,19.34082106537929
543,38.002068919631874,54.75567258461055,44.63889215623791,47.719464241896105,34.19773166819151,32.20386606233503,30.041560397625112,46.87629637922291,18.655936822644257,18.56786285534345,7.272475967616804,-7.681834802072533,33.8013823270416,28.141377574243926
544,31.167360878382617,41.825263436892065,31.03237517060535,42.101162008519445,41.76886451978817,20.95843919274405,7.521040985659108,3.5672187909725137,30.981182426986095,11.518850374193605,27.568878773498636,1.657486217166107,59.42471434705468,34.26239484100731
545,44.69189875918306,42.21346142128258,39.419554485586794,77.90528884305603,31.582254901253876,33.3459412771647,35.52577238841287,44.996000416401344,19.35299710439635,8.985419886248573,64.38125498476386,16.326736042354643,49.13956105438534,38.72063564014576
546,10.208693260398316,4.076850427674707,46.60829077901462,73.56709057350909,45.80808301646584,40.30189796934079,31.601510076878604,44.042194523619116,13.015187793897299,4.1125612591693015,23.38886425062885,-5.011427252867064,26.941525033836573,20.016486811830593
547,-25.274617815067028,-37.44966636012655,-4.526422292021404,31.75532550877953,7.733842104818317,4.752003882196937,10.689543178819068,15.872312345962502,5.268850693785689,1.3150853321531262,11.193517438812593,-23.086485020217648,11.611032375813345,-4.0620512874860015
548,-1.3028792428603475,-14.294028002680301,-11.101068320052649,11.442302340556958,2.6900486553472778,11.408403448464597,39.854120496524594,45.657413111381224,-3.624435066012742,-8.084822050145016,53.575867405859924,25.02021945432114,-2.7253811542861093,3.7807985814869727
549,9.491736929170944,-8.384700766907391,0.7283088895661347,40.919505671216584,17.2865325646893,29.245560957135243,56.391602124606216,61.84566568508259,-10.115717496946123,4.975889056024083,51.032207329478275,27.882101605071743,-3.1396544693411976,6.899298837337421
550,-32.660687422578086,-40.464823219356695,-49.177443831789766,-9.03955224494314,-23.95194101369183,-14.429158458695843,19.78898980103543,28.681994032943443,-17.46369307482941,2.0395544147573994,18.261504448506017,1.3816244710323242,-32.591056529629846,-20.774132370563937
551,-10.150874875177996,-37.36306251031166,-39.31947942881601,-1.077576948417875,-8.989322923043211,1.910244844823454,40.3104021391085,50.12570221190282,-20.992545169456545,-4.027263012778917,38.81067538538505,26.042189982099355,-15.244565447204137,-2.2306025544849013
552,-19.907574929058953,-32.00872321887748,-74.04714070445819,-23.8441263685569,-25.853069298877287,-6.710106060234783,29.748286531359756,24.137794931022448,-18.49658043771177,-8.19800491915511,3.2806621481614724,24.538192401971187,-24.9569115859369,-2.895519557075711
553,-11.970491842259058,-20.51433479820178,-68.62310609206803,-54.387401567333065,-20.53828209926379,5.919577662452933,10.608267084906942,-0.32057876456601553,-12.741943346254198,-7.6383923851429865,16.36430120710945,22.167418454655525,-42.722357817488174,-16.638921945620933
554,20.109333118727104,12.314809091824646,-22.88157549872328,9.069852250852428,37.99318158534849,44.90845022905702,64.8619032143994,67.7322883993995,-4.369507782953986,8.9726311679341,46.99639085146683,42.29233918617419,-2.155301957081141,11.021148860633078
555,-5.233241637562292,-22.513688588086058,-14.885930725857959,0.3116576008779588,26.79691028680697,32.769993358908465,43.15830581179951,56.75841996229226,-3.8723290035893285,-0.4474728453183795,26.62424417875354,25.634798849379,-11.799902633513987,-1.1193478241827108
556,45.57884143603206,40.01839146582264,40.02391953181657,47.84879561603157,30.295367925717773,56.06707084511148,61.01200469164288,68.67048760117348,-12.643306906869123,-4.10465240059248,66.20981134152518,65.69633176796516,-6.401837853726951,16.29946604102974
557,10.47847285465956,3.506874921916153,-0.5800609539350129,15.09532495161799,22.609634723425316,35.6600432233984,17.693528872903816,27.962312144513362,3.5639557797854162,4.349771439054996,21.930704512895268,34.81852890253362,-6.40285886943947,8.006664169102077
558,22.49458415890817,31.03994837542197,-13.64449722717024,1.9023381324945607,0.40066899294236946,25.045177982506036,-5.777286376056187,-2.546671874002786,2.80326537725885,1.424950619116558,4.036414426548641,29.258874966617537,-18.527763526141783,-13.235929120253466
559,33.78405655140999,54.23386658580763,28.768403093467356,53.1733584070535,14.179366982264304,42.596424012401386,-3.830534699171317,-1.1230594948344048,11.080857414091893,7.538953469235206,-0.15022733009920053,22.84066670101204,10.917126216963648,-1.1400785239342859
560,6.450113098346993,3.9161784836045097,18.525334910216745,9.246820256985723,1.7171797039450418,12.508380818506508,-18.204582306321438,-32.23559969468384,8.175267811916179,-16.179229960275777,-3.1389356234105374,-12.054776151664388,-0.2804065749847477,-18.55956830570741
561,14.486591107629724,13.692452655368221,15.559803560850497,17.09594741418404,11.726792685360236,18.715482883612598,-15.123122000689554,-20.417372698592605,17.253538983308978,-2.378438343041565,7.029752991968775,-0.3005785451934531,6.733909638206628,-5.705308629268064
562,-37.83480764600734,-31.681506712654766,-22.615805705367126,-20.21311559882637,-16.22929668082283,-13.434951771843231,-60.2024062047601,-59.71584815672101,8.756310138874182,1.810021002703135,-45.35315466384912,-50.90489746917364,-20.653804188740466,-28.28836168553886
563,-36.79056566574867,-21.21161855625352,-40.998355451766564,-35.96860438197627,-25.013973438784426,-24.04751702903295,-68.60757616790714,-69.22981736221223,-3.4920677869765444,-10.334147372211216,-67.83201750825879,-53.93482136964235,-25.936530780461062,-46.29067044749428
564,-88.12426098210885,-85.92418260131018,-74.7570427511561,-71.82535883557328,-38.203995621556416,-55.59380255786271,-80.5578061915132,-90.40825117362354,-8.522238042700225,-12.756240334521552,-43.46566567339792,-47.09573425762327,-26.44706208763902,-46.54167944158708
565,-93.10020980198928,-83.96479941041312,-70.87709127766702,-61.75493604849499,-32.692340307965715,-44.27879699829675,-59.641170366604555,-77.1691535013248,-1.3243548813238275,-4.9405812667024485,-28.968430412615717,-44.416790566456065,-37.01291067466996,-53.41077233393019
566,-69.75283713381899,-61.906832050005946,-14.570708548009419,-19.877680089934206,3.478439197821734,-12.126009773394069,-27.827406493179264,-26.141636701755893,2.896278473362932,-5.132224929475577,0.932873415542272,-24.4669736978267,-2.043177856294214,-24.978548751465016
567,-30.033610078625916,-40.81511427943427,15.954107858298912,5.355546493897684,27.058521593133545,21.233234570402658,-5.438464812317756,-2.036634424369083,0.08680552350224098,-2.9394878257536163,24.287627948569185,-17.707497944839886,14.672911087983067,0.007601024815197119
568,-8.743624605999733,-10.477460845305341,41.18677028964257,36.59575584139926,29.690016152958055,27.744237726835372,19.106628348912306,21.636663711553545,-1.530744035875065,-13.365226398686701,40.71273779061852,8.944568226495257,27.58142245255902,32.01571331969035
569,50.15238190394879,45.13572577141949,98.92663269614407,82.83538796839034,52.158606369074306,46.19060124280157,36.941049178002,42.48372397519065,10.431179357099868,-6.886659178080403,25.355213324452656,16.877433506464566,44.99068957627731,42.668916499731445
570,47.25842484190675,44.78857165281914,88.11402049921048,82.77554440140204,33.59926579028085,36.52682612281443,35.053301528808596,47.93760345134604,5.152110779950631,3.37000734219607,32.008086506098174,30.5675289942903,36.543102026006,43.091084670441795
571,72.86178874967935,77.32800805886814,120.21503150647162,99.60831584412512,49.49584988429606,51.5509753906931,44.5596320037726,58.09784752961065,8.544878721823798,1.2426907373170681,48.67439065386426,30.874537459807243,44.05090821459112,59.93501787533692
572,48.401754897318845,62.27117180816739,93.37835736757029,86.0265550113854,24.44608413007952,32.99152755687699,33.388042466499556,45.73472754568111,7.887701109890863,3.2674620704231288,4.812374621354829,-2.163424966407765,28.88382564871367,40.38019769650154
573,63.312411261751954,71.26051754248867,73.25530286938677,57.96669677730195,27.86312524653681,22.354066856672972,24.389563822273434,39.631721341457975,16.471470427032557,10.727823820166646,26.144262786935386,4.869669274212547,43.7650377420385,41.39539717341077
574,99.23819650881694,97.03387156934615,55.21176561515728,41.3246913287792,35.63927097844196,38.514011090518935,53.950821833614285,55.30895558519133,14.61493766057695,14.529241315051607,54.20548662570525,46.84225694627056,48.49893908773406,60.32534265750548
575,71.99935742726231,80.62837883361071,21.240706406233024,17.022777780027976,22.928291781031046,24.007833922832198,16.76625782217192,17.5230561880657,4.108989624994534,14.844343452140398,28.648583416798665,22.923777084819896,40.21765857004407,35.3648230307704
576,67.54367860930404,80.27362218061941,-4.113923088869895,2.521574521858697,13.261179636419504,18.786889488438657,-14.958116049223085,5.41302732806488,27.017068901273074,7.972813849625127,6.992652287528511,4.710905991595739,43.07043803624609,40.47501076837152
577,57.657562012044714,48.34215943593582,-29.485016087221737,-25.26377590342021,28.768633948863084,16.420125481757932,-4.2186964042928565,-0.20122486370289785,28.817351177468993,11.218981972236655,56.92204895490093,48.79338318799348,62.69721792814349,43.27277687634533
578,113.3628351793852,101.55509299375221,5.934225900716974,3.5432929125338197,62.57826104460704,53.686137530247954,28.429445973432603,30.923962238815864,35.797952124280776,9.485968821183727,79.84926992734967,71.42191201516196,77.62724637820867,63.31934134229707
579,34.18669554292187,39.48639882331174,-20.540091657321316,-14.184667106830618,60.31153987283013,39.91396905929415,12.718490407003438,-2.0495086327134806,24.4862829248367,4.372676567175575,94.29838873685846,51.40004311609406,73.66084053869119,57.54683197084487
580,48.288089961740596,40.26328020154872,68.034830999084,57.150616619434146,93.93134203165431,69.921426010635,44.75036161035032,50.265309691864466,30.32216307084109,9.107762872102638,122.98794346567796,60.38036024045069,100.2479396522903,72.72850743561
581,-19.01933403009172,-11.01985808428625,34.24922820238451,37.24211795653092,57.01602782679801,41.22361933109823,41.57930576768624,43.8843379575334,22.77874922370005,6.9510723819433675,80.18413855022236,64.32047708846915,74.26330096008584,65.41675402970873
582,86.37101408036749,94.46955128846038,123.09013294941091,124.62088859456568,87.24901067228578,89.4392907778787,68.51775502742879,84.51975652818332,30.81468613178244,14.140394716663007,94.21754321164318,55.81614780292076,105.95786561271636,87.2881892398161
583,61.520012452584446,62.8376729992077,129.7711396507511,132.03005805262046,61.29769412976758,75.98241550261119,61.38179491465065,69.84446050813125,24.427422107947226,20.256016179914806,40.3289837940947,17.40834702038046,68.85864422531075,64.77913415650556
584,56.81249094321029,65.56188331311786,144.63064508552972,148.35614242775324,57.73169279201814,68.5019379240175,50.14529656770026,71.89219350396044,22.256334614059558,13.694180794111531,20.648798589180046,13.022763622065927,66.33955709811556,57.48642876678661
585,18.167483893797005,11.90249281603967,79.0536601277072,91.57250310051974,31.051900270563465,26.20451060990015,51.89927736555363,51.92678212364045,4.470605309651158,17.476889528108522,8.038273273749665,-2.762403881326987,24.059220873951425,25.63888464113663
586,53.837052623287235,52.28172876126672,84.08906116760767,73.36249556272291,12.978344991300126,23.78246122181856,32.27203250747727,33.39460755369059,1.2471926517278291,2.4567345023881666,-19.656187476720948,-13.389486099582331,11.985465663048643,14.949719628883344
587,72.69332517447883,93.39069738258932,105.58479463841293,115.11808390602282,21.190407048780603,45.534015378351064,39.09460933748506,59.075024485734424,5.700587734325349,5.102859642034563,4.697377416780134,12.361803597656742,21.381532700619864,31.193246940262156
588,-26.07429696215772,-22.294041338845815,18.211706298086956,15.564571089352917,-37.489615551359975,-31.181691238921875,-18.813381132110255,-6.115845451971329,-30.72738642683217,-2.3625901223500314,-56.133842381571746,-27.218085023391964,-36.29119663821281,-18.627624996993077
589,77.14991821991487,89.906409434712,114.2305129232613,145.53345713898582,32.430610140431604,59.12929927529429,32.272368266679834,57.44147811279138,8.216024612790909,9.036606536195634,-13.151784450746689,0.11497947162899022,20.021523842002864,36.56145780405471
590,97.62367685050367,115.09346799243218,101.63204660757145,135.27785146332963,4.094975679172891,42.089181973410795,13.622462993342792,55.0183084331246,3.4089396328419426,1.2578212025247915,-34.89106113315815,-1.995139931731211,15.708347678450913,40.16080721320725
591,80.5941840651172,91.80157157455764,62.50754850449733,75.150029997136,-17.973538666352752,6.305561088788994,18.48866040104167,41.65990194525033,-15.341866623689725,-3.102103351449876,-21.990614177008204,9.579030119383766,10.026864259110924,35.53230223599997
592,25.295821967814966,32.32064216714225,13.053348830461497,32.793431537804345,-38.815470308542416,-15.581322715303587,-32.67923980875872,-19.37098202782043,-5.479970758712446,-4.448986165129901,-62.18252707689296,-20.55211309622078,18.54055862062291,24.65922849498768
593,38.230425143999796,37.49757742936133,-19.34311338764756,6.3165136879342825,-48.85406480471683,-19.46985345970885,-28.411212197877433,-6.622812494725762,-9.172126083833414,-3.837728841137074,-41.13180445765182,-17.440727469364337,19.643668844823313,25.936000149882776
594,-17.305459101145612,-25.879024638737555,-50.551560515490756,-42.510024209048794,-61.968319288908425,-40.56050951168394,-34.76494225780916,-28.80825398721558,4.310089929194052,5.1153922280648985,-60.59223094259849,-28.87142536161119,-6.175481804087735,-3.440886339918556
595,60.96081935190629,43.26608962442057,-4.116754053724629,-22.89467503523951,-17.913312040004378,6.37045248945141,8.307148767625288,5.07196506382172,15.018101343421641,0.7953155876551419,15.912867520928623,30.390160710505498,36.116726655739505,40.994518393024265
596,-61.42997560811533,-84.63139163857028,-156.05357973103295,-152.486500513426,-77.96727341372458,-67.33474464921417,-42.57572013956139,-69.4750805254416,-14.64828389562522,-9.630866101839823,-25.735050976286136,0.4464039815215044,-28.460923780245444,-6.01854121211275
597,-28.564629372251456,-43.67465835658651,-88.0341758302957,-68.3552454393852,-8.687183982589362,14.973824632751345,-30.922920106830556,-46.42663488688527,10.046874484318538,-6.36549547888265,-12.997001286022375,9.164213432157736,16.222536948123636,12.46657162838859
598,-33.74962369296371,-48.505982421714556,-63.58796583393464,-23.462661488401977,20.173884197365105,36.728077857353206,-26.580103052209207,-40.766418196438416,19.87900284281025,10.72139383531491,-12.80050558417583,7.211610077992672,32.7459300585647,4.99824939061349
599,-0.31879539533721946,-9.381250848646763,-3.4647288067925253,6.569177856186372,43.73110865202453,54.09329724010992,-3.307469843017595,-23.664351468774534,21.73577028797973,-8.177985084625849,8.795354750528325,25.597916218829823,38.491972605691494,17.958864366824162
600,16.351005455658864,27.8571268067828,9.663751165029614,33.78313459275839,49.38456682471429,65.94057071401144,14.859621078686027,9.58334172147033,22.666771460337767,0.2841810950390119,11.936596149126311,12.655145275680978,21.30917959573784,8.84674876743726
601,-41.48860272336654,-28.94493134738925,-63.44864015613769,-30.37560799905765,-15.316263037295167,12.427060154689192,-45.850405039874815,-39.862229578728765,-2.085016103056713,-12.907766129840272,-47.52719337654937,-25.746078274610596,-48.90481853753131,-40.14015653754584
602,3.6346686541893956,15.150751845569982,-22.88309859090621,-10.027501438742531,-9.722093744794263,10.232501060429064,-18.86818281920145,-13.61238587964993,-1.842034426903113,4.72608788692553,-24.303689604375748,-20.36766680602057,-30.8383783265462,-27.277769151018216
603,-52.31747509241586,-39.60387873091092,-70.65453138237352,-49.943416031259865,-32.169888154940836,-24.399452001445308,-36.945718786162374,-38.692600232649646,-4.818392866631705,-18.30815340281027,-50.58203189913736,-52.805396839496865,-37.711516160452064,-48.218541935647266
604,-30.288067147833438,-37.4364303246231,-90.35927751715583,-82.99908971642971,-64.39141426037386,-47.63828061482717,-46.57379311630442,-62.66881193065905,-32.0889768391385,-16.209697982348022,-27.34215953921285,-23.66387187357318,-50.52478688265241,-41.10984939252788
605,-67.51311340784235,-79.93485785678983,-73.37674521821853,-83.77843691041363,-63.51747071782377,-65.11160396375318,-24.87168249880196,-48.51065361980574,-26.313637523919496,-18.797038216364328,-22.276359982478034,-34.2698222542978,-41.09524254614666,-39.8315268852682
606,-100.21564956041878,-111.93834257257195,-81.3777569445116,-98.9614731286514,-90.58361555288944,-85.83563420399102,-33.30476502981874,-59.478810118641206,-35.827890501850504,-17.01629094810587,-38.17430622575091,-28.494138599974715,-48.906067262786266,-58.24755927798178
607,-104.69424083325148,-124.05910460834569,-71.33574146159951,-108.22720519030983,-89.3792543788418,-85.57813066548965,-36.86612986812852,-62.7292237952351,-32.135997079689304,-23.477366354938045,-44.78879254826881,-32.042150369507304,-52.772939236677416,-66.10997283311055
608,-102.75269767385369,-124.06640566868167,-95.11668507442454,-100.37430872683271,-95.74435077700376,-90.00050652321228,-50.34277313122129,-84.17607131582356,-33.575386110124846,-27.36754682992617,-59.092680535826375,-36.941425272746976,-75.07551546337605,-80.2282099448582
609,-179.2448683687978,-198.4364918988774,-136.19975679649428,-169.96344570647676,-140.0234290750301,-134.2855483567023,-100.48544813769874,-143.72742861222267,-53.18213971265299,-36.60606660462162,-126.98309120802355,-94.72199310170721,-112.12188228813935,-121.69699540709763
610,-163.64471798929702,-168.77473457279402,-158.7872474927421,-173.55396546527615,-133.11883920615787,-128.20859345344067,-125.51725296834327,-156.37950688009664,-37.43417319382868,-35.01152903382793,-110.79752072097604,-95.8485463829594,-120.80282532654547,-119.03199521044122
611,-94.96505871628064,-114.46238250217176,-129.81629829555223,-138.43799310165195,-92.9934997246949,-82.0367074998547,-90.57379011771981,-104.75431538680603,-32.11729708669847,-31.102318441234253,-62.532286646780435,-65.10475922936192,-92.76757456908724,-84.16126775252859
612,-70.34033772853108,-94.06373600985441,-118.49870928293234,-130.10079692797834,-85.59980206204293,-89.83982788206154,-75.18352155686547,-100.56403062654655,-39.35292932835711,-20.95747699051032,-37.356323615611814,-49.95776856602973,-78.01345065695509,-72.3261988223197
613,-82.04211406493529,-94.85719881115583,-96.5651764987593,-102.81545421557223,-67.0615405969666,-70.60795297306785,-58.64951352287527,-77.51209171471041,-21.46121760308579,-11.540421576356136,-35.519420433873414,-43.73617678048684,-61.863854847601786,-66.79539476218541
614,-74.40442405485942,-84.00460142249842,-76.96582239218658,-94.75942845573529,-54.246438710306585,-60.31992976933625,-51.735214900546815,-65.65665458115248,-16.969636839398127,-11.278056373833918,-55.37424469911963,-43.18403279137332,-58.04400079775127,-58.10968082451881
615,-60.02749853831675,-58.088498723657665,-42.60549597943521,-50.56426728780193,-35.67043454680772,-41.62144824087722,-40.25343040224398,-38.91250266992771,-6.7707458542701175,-10.605460182617893,-2.9531915157320974,-0.1080551527145638,-25.218798866638117,-19.118493913917874
616,-104.68628785552563,-109.54989235749878,-65.55642140392696,-83.45202855675383,-40.75632967380638,-53.4885684533167,-40.054164899545995,-62.20433643705252,-1.6017387861216115,-2.457779795793489,6.03095074752668,0.39823663281774124,-25.426111145397122,-24.0400817605322
617,-120.43520423784851,-142.63350359450038,-79.31318781771097,-97.62640529081074,-38.87229569843619,-46.64086217215664,-53.354578055361785,-67.29502548641229,-16.35135556512662,-11.224411940791924,-5.817808145435281,-7.126544394865094,-32.798808450202536,-35.95915489538618
618,-68.24690272988374,-74.60463122804414,-16.22834375530768,-28.89197409037171,14.086807167262123,10.66962133117306,-20.713939328944086,-18.705863628710865,16.194359525303597,-0.3840588578704427,31.139557633861244,18.706127117163188,7.715666192384214,-7.60976658421472
619,-38.847308823075586,-49.440647527169716,7.486862434774804,-2.8421466132091022,26.590713849213,8.878541987590827,-22.809847376439148,-26.857642278542222,5.468854779396676,-7.884401908650703,25.403034933916036,7.137293612218103,12.538058053100896,-1.3410460357308838
620,-54.72783651280786,-63.83046423359829,-12.885693874441008,-32.02558757272267,6.680044738842616,-4.427695390516699,-30.34473150512383,-50.22779442249525,-5.4209801382996945,-2.212545084603809,22.522158482172706,0.2689103370631503,-14.069129179504616,-19.201809378221142
621,-5.8072803887114866,-27.060894729200868,16.910629179434682,5.837438352591803,33.02035237848498,11.198477911194567,-4.620579497330297,-13.544534888783963,-1.579863939993599,2.9118980256434286,37.98027648716809,13.44160113747208,3.8350762310097184,-4.881974417478449
622,-9.678482742873275,-18.780439984656134,31.827081804674282,-6.5898736204359265,35.91418051872449,11.068072545962725,5.4321093518795385,0.5160511862674341,2.3741291179589736,-3.951143323732312,5.052570378661041,0.7323271914919035,-19.58144983133681,-22.819039423065696
623,-67.48969088122529,-73.813678681596,-37.92468295592885,-65.42291244393873,-30.267157075241478,-60.417647750745125,-46.94204384535118,-52.062550945147734,-7.5662129084953555,-18.66267087017071,-59.88720825111122,-51.44550242083167,-64.21228228127269,-58.97162426326768
624,-75.4985607132289,-94.9533396143767,-75.27014723200993,-116.0953282115245,-51.21240137537919,-75.19058497866915,-26.0806790140518,-59.968655932378454,-14.733820145889249,-7.021485359672414,-2.588996167952292,-10.029634550912505,-45.46581715924099,-40.03639829026468
625,-79.53677731790893,-105.03011177243555,-112.52991969639207,-137.23867834201542,-77.02605312419502,-90.15656452154293,-22.33695143826736,-56.01320820109345,-28.239453005207285,-17.664206053795596,10.752257022184919,1.1674250872157355,-51.31126698747845,-42.45820906488652
626,-137.29882240267833,-156.1251363030065,-96.22238267930958,-121.56919055158507,-77.15896287840401,-95.57075370325522,-32.53540259634625,-66.49969930072345,-33.514484287575435,-29.685046163566184,-60.27957912504991,-43.70704828232707,-55.46727445430731,-66.34868042716549
627,-86.42008929707875,-95.42802105715018,-72.54633051425493,-78.67810235380149,-59.46387129835211,-64.53512590215396,-46.26371381832381,-67.06771626141321,-29.42853982998516,-23.12028442496968,-52.39496773729273,-65.13393173388171,-46.23266141914423,-69.23373441497064
628,17.1779794857013,14.057337990940773,34.27559288846073,24.584534908180363,19.865459107993363,13.942170989699807,32.421524187932455,25.19844949893148,14.52672854511419,-1.6618852112756182,36.01486475444402,9.795197741268792,21.73413708725104,9.039148706831897
629,-62.32760724393687,-82.61217538931554,-62.547178283443145,-53.24170049331833,-18.58606344432877,-8.214303464310246,10.168629157765576,-0.06641034095728778,2.2031584498147,-4.57144120230174,12.820050587286113,13.779289406156966,-1.1567104149122915,0.454536127265192
630,118.18450301768773,120.69349965881828,110.48277939170829,131.35665974259652,96.46847556644212,130.47419450863518,81.20999189336605,106.83802309539465,25.985044161712228,14.074963399778053,98.37544822968977,71.47807874259158,90.51779417914494,79.04085257048872
631,136.9015308355938,145.8104782800775,123.41994874001539,138.03040870192675,93.66962857831253,126.63372666978967,85.46125057378079,100.52994912705117,19.067504636511373,6.913472564459485,96.21877503442043,68.37403242767921,89.24600033166817,86.68326901308188
632,83.46831260862564,97.80443552789052,81.10775105423782,101.35176943515884,59.83560942016669,87.90210130683752,46.679086975520306,77.8890599217503,28.239712560279727,0.5680427666732806,40.43197448275352,33.18713456557498,72.38072827559037,65.63603210718561
633,99.88321168959952,112.04168480105993,93.15361748352227,105.98595977233931,46.20155581922849,74.15481770052915,66.04631420765166,76.3047832389598,5.301812434672,3.969098009474523,57.344567596283795,45.97919053657735,55.21315606310937,51.79010923752664
634,98.691022871694,98.1727189484076,63.92007713822739,64.2919456312632,24.514279216721064,51.319087017616354,59.19948487105057,75.69752425605748,-8.823835445973968,-12.97154850073795,30.944239649178705,46.097232085273575,27.54775245425786,41.808886443226484
635,6.657149245988224,25.276174003067155,-20.986678668362977,-27.90476431582241,-23.75446739285244,-10.483190361001947,0.059800165335172295,0.07156033702391085,-4.984964869976121,5.601203211289599,-8.204793607611023,-12.771747705838115,-17.416931739012345,-3.157114589843874
636,30.587892922379226,46.208581647985554,7.935704007369531,-18.133993505780605,10.135901388638178,8.083595949345883,26.28052819252897,15.740218164469217,9.116521725486392,8.64722117285684,17.14091546086817,30.850488660159538,-1.376406698759682,6.55284844456555
637,64.93764033042467,71.06771806354827,40.8463696696629,20.09587823588964,43.63959320607498,27.69399310572033,54.15975780006198,49.874701040447256,5.904512649752313,5.5570120538760355,67.45140695055832,63.04193679081257,25.898894507601167,36.98716690756632
638,17.918774560375255,20.825842750440618,19.100965687888223,0.17178831571266429,32.762944692062135,19.069175352299407,39.39288977559665,20.42056325254125,14.027635049508492,7.727076248922792,59.918375869574064,44.28818996781598,30.133327442871238,37.948283022237
639,-52.155819900713595,-47.18695628935541,-57.13169499955129,-79.07073264633463,-5.356192668023727,-9.09880800401566,-38.36721619087062,-46.88740418630054,-8.57987864813632,-0.903104984515655,7.962603212640422,-3.273217687448948,-18.53948603413221,-16.40482273493452
640,21.451217781582535,33.19799491866917,3.0847349597313545,-0.3374370385906591,25.97702334511749,32.87891004985319,-6.236368375830915,2.6008935860867304,3.2549331180152095,-4.454924655948258,57.14113944576741,36.3820416802377,14.778740185250047,19.892716631863177
641,9.775520926514174,-2.409324929018635,14.969800738826804,15.75041447841843,22.272326680970416,18.07741907652777,-13.936175512620824,-12.237701936749241,18.370622447333904,7.961644267353327,27.12597541524264,15.00155860843954,31.809238313582206,29.21935062969535
642,78.5312520281953,76.48797821350374,64.19296601200658,42.27570314427686,36.58272047867703,31.98669170924967,9.645452719547796,25.321747743109274,18.09702870381965,13.204569837154356,32.97657321293996,28.35375509070496,31.7987486337395,32.338831105478405
643,85.94599306000705,71.95128390535706,66.99480480032436,38.069677319763926,20.909521265676446,17.10382696131932,24.415466089937947,36.783317518329696,9.373796989526639,12.618578774284252,30.914575960654414,21.24364267356986,7.118706150195085,26.623543617635153
644,58.204818303123346,48.06874060445087,36.59448564652818,18.739656936299863,11.471647447327118,-2.1592378414007096,8.558638325274542,6.846051526907514,2.250564692283667,1.5471035905521884,4.854307717112378,0.09560988180981687,5.474696912238875,20.344236762513916
645,-47.323853762698974,-69.7922514037501,-63.9954687744073,-84.49527417223379,-39.62504270924648,-54.8145832876897,-38.00309439390302,-61.075057720726264,-23.5309053275169,-31.72123248389422,-60.660450936313815,-49.34239538317398,-45.54450765068859,-33.66155472170998
646,-69.25873412344069,-78.51582861847828,-40.78244440760583,-36.39722362136084,-12.868653026833565,-33.4758894427341,-46.37543217353828,-35.65171063136686,-15.34241437895408,-11.355850286035638,-68.13377810158124,-62.35306473541747,-21.3164250541725,-25.112415929885113
647,-107.32135131815284,-113.7965554364665,-38.79705182932533,-43.68867531065277,-25.07752762149598,-38.39438655849938,-55.143755421885054,-60.77360135281915,-20.34257961274128,1.130897251245987,-76.73692832313532,-61.72479974169957,-33.686069858916895,-28.85979799230885
648,-104.89294459248373,-93.01353298475057,-32.761525707624806,-16.835753205692566,-14.49449060139886,-28.87972190131772,-45.486468464655196,-37.70516196873664,3.5112923723335103,13.396894158046884,-54.22790426946395,-39.82823888630528,-22.279803442459624,-16.181639025257507
649,-66.08947436943195,-66.56641424793169,3.8854887070651842,11.483363706104026,-14.444517217382444,-28.843030199220525,-41.62065924168404,-23.0210302485332,-9.580324048127197,-7.101839027930361,-36.281676375312976,-45.64653662911594,-7.627748087228952,5.089155618543663
650,-9.68934728438387,-24.90258234236202,16.954391025185327,30.925538079345003,-6.507948653689802,-18.653103068619224,-48.231469601494375,-29.918492042867094,-8.268140964336546,0.9847386968688845,-49.5751425543825,-56.193235629390195,11.578139180118228,0.06450639989217906
651,-6.415360874258316,-7.142328759026023,-3.3737862300643293,8.843124214072228,-20.04748484166358,-18.49419034723758,-59.73702902248864,-46.887825541013925,2.5987576456333357,-0.3745438500620688,-37.2399743064625,-52.43095824972685,0.47306619266390126,-8.374388168294006
652,11.599190411608,22.046208657019054,1.9250781471591907,3.1159440003403525,-13.030494283640618,-21.462103606074276,-54.749043166170104,-44.631243867458146,7.245807751691405,-3.4677372845899797,-20.927892510120063,-38.33134678142569,17.561901473938978,7.812901959496657
653,-87.96973553384531,-89.89724759860084,-37.04776286045254,-34.65123113667195,-32.585712037967646,-61.323096354890176,-47.480850045912746,-60.94664148455588,-21.036557125841217,-1.2183289458190516,-54.44014819285733,-66.133239774976,-10.845217954757029,-23.554459243082636
654,-3.935722006622738,-21.639975559475772,-32.87658534085357,-38.107974228689734,-30.440770009461318,-50.489706869278,-53.0728529744366,-56.32580839749039,-9.417214250416912,3.8052641084295558,-16.602435566652282,-32.49124694685767,8.453618082506264,16.127698477184083
655,-65.89783931275103,-74.15564639804576,-82.44874269896746,-76.92223338919807,-58.91093100091437,-84.06599659535877,-81.90109230288735,-90.0884269720898,-1.9665884122059236,-4.3636966118135705,-40.18817079641732,-54.546920346205134,-2.983754100096932,-26.200490662459604
656,-132.34357117530405,-151.90287006792965,-139.89401614028608,-166.14960881694182,-88.85795234387923,-106.99459177927233,-90.34033059912349,-128.12545997755467,-6.554346139173066,-2.457279834430591,-43.19373467019952,-52.254888322662566,-34.88729076538654,-43.52326367844386
657,-13.821736076593105,-33.69790631157071,-29.649541138840977,-61.90751666086208,-23.086579673985234,-33.72161922531244,-18.828508287750193,-15.458483118135439,7.119825518420015,10.903921733967422,-0.8802230491861076,18.477840052417687,26.744203136264954,32.28184026883318
658,-3.549593627916045,-10.066765959346249,0.025158193171692433,-11.825462175846866,0.8935244924010646,0.8636917416680345,-7.08271718247233,-14.061405364095544,15.072121057503532,7.8538379646062895,11.64831328775188,24.25476820022091,37.54821483579346,34.38803159203149
659,-56.07279805186622,-63.216735994030756,-56.2791582182435,-84.06279969503618,-52.054788702702126,-63.724573676719196,-55.747224103892435,-68.0872811660286,-15.475010134005693,-1.0375067708300985,-51.18538478550235,-27.299527834393572,-16.592753712844278,-7.536583402483057
660,19.78349117180025,23.69621490778083,38.013271266309175,24.861354257629472,3.4589073565981003,7.713282467094486,22.65544451939561,25.157844133268533,17.706651637034096,19.862397215436644,27.929379232413602,48.44636751151875,41.56576809945112,57.97091696770388
661,116.52301121675484,127.67022090509536,100.45337507169495,79.94723555994356,45.70567758818774,54.975816914310236,55.254482986775656,69.17109828897762,20.218061003590357,17.307044319446128,83.16733308708068,91.39772419314876,84.14851519386204,86.91435432521381
662,59.50589571623948,54.97656569348234,46.448847893447244,30.37931639926799,19.116561072461195,27.41677654831384,37.19444873472965,39.77634686792337,3.604358240814245,5.870188198458903,74.63031441936694,74.53035997432791,60.34721229441584,64.17042952747663
663,131.72782944808068,154.09084371440366,121.58530081363244,126.92321662376358,50.912347642790095,72.73870085093664,63.26990251115617,90.44389290374724,22.802737328199324,18.82941740295423,102.96847494425441,111.76932528101614,97.58112198313628,101.34776300172966
664,20.4223942614587,28.40025771182718,33.54007185771872,18.48778983467116,-1.4377731417483686,10.589289004916491,24.572789737787964,23.73449534228373,6.300702139004673,-0.779485091069301,55.61955526080453,59.932278635124185,44.24908504972221,46.51790343320509
665,135.51281057374612,156.32438222367483,117.57708827665414,116.52669660615055,42.20258461191329,69.81785497947517,47.048605486187434,60.33397428472733,27.175544364560853,6.370244053313525,83.78752977163593,86.59266902547193,89.60080318912352,73.12003388641371
666,76.56008042479452,103.94360311026165,67.22998402510483,68.02877027021582,26.50725637796591,44.31754657967465,26.064915806424345,32.19009347233389,9.943142456641844,-5.221085535456354,68.90551751025674,60.74510073322291,49.33001097187642,42.607781183001116
667,150.21870881799185,184.47800502227736,139.2418975946418,140.4965109317676,46.90652800263673,71.09844381996268,44.86740195609743,71.72267788626272,26.853154239445562,20.915566048570135,90.3037431454425,81.65863574802991,76.70238469321745,76.94752670059427
668,92.37054462336556,114.5532023657912,82.01509277907077,88.1111998771915,26.984792037848116,34.85766602508825,26.173199976942406,36.27420756213802,11.152683170312834,13.983915583991244,53.05069756791734,59.90903099180936,25.520047801981946,49.58520100798816
669,55.91710474683268,67.41679051008857,57.964334834054455,61.28083160047007,17.95447790456591,21.641196514439482,33.08911717620096,36.921621734149355,12.80663475408386,11.69401328435518,47.785901004415656,63.514149854318674,14.68842658978636,34.78831117866126
670,87.00770567373088,97.24781725427864,75.98698850577357,73.4980887300768,28.325948745900224,30.468136701086415,55.98295189967253,66.4838338445739,20.924447860148007,12.48592561969778,55.15652812582184,58.50965027172261,25.087206276758284,40.3292333199385
671,133.35123617834972,163.23751971505925,129.4454185330069,121.92223759616623,49.73050186501975,64.91657047106885,60.38742162740459,90.05329146374787,26.90948949463633,14.834468998393994,62.76511252045678,58.73129514861216,51.611826599263935,58.827658789348746
672,39.988715725918524,64.86152472647717,57.19090643389132,68.31439647015024,3.9206902719612877,14.884405883671832,21.344772539185122,50.944445377219765,1.1078500548993055,16.636485072804145,0.5584231877882191,9.075011989873794,2.5539080352902066,18.78172607350678
673,134.65579671128796,170.51086408379402,130.47819346553044,139.89951985993952,42.91116831675544,66.00524626761377,52.45134678183378,95.55129296871431,22.754041618885974,27.508812799802048,13.825072255293449,17.647682745941193,37.6121998162653,46.75443090892266
674,-2.430581913850451,18.318566349476676,28.21232587503827,17.74210186949052,-19.193662739314263,-4.028331554214121,24.007517943975092,34.29859387413633,1.7604908180937464,0.29614960004672586,-44.40171474403159,-12.743969037466407,-18.95982870947182,-7.479364986435424
675,112.31795868961242,138.66591319397776,124.48892964377823,117.28891048694194,42.81459718884349,74.92059059107763,67.18738519151557,103.25728903012711,15.041965426131592,29.072116671977756,-9.094722582582424,24.657785227012084,20.050811522186457,44.89505530595696
676,-21.366101244476326,-0.44321235729460806,14.75244189336705,9.638499943569922,-33.611563673279846,7.0915459403950365,-5.190900231679487,20.33893031532724,-18.309518031935855,-3.347758499909972,-112.93489290618749,-56.20149227743579,-48.01008283790174,-17.743121452138105
677,65.7245280264849,99.16994871267809,79.4321117510466,80.38679398733899,-1.5941936472227882,31.414164724670673,22.75981388340074,52.917250020140614,-8.631200306413831,6.148280620122341,-118.39894429624952,-65.98673002192554,-64.00759810134535,-28.616601014623907
678,82.4666557035221,106.38768659156884,100.36603954929977,96.89008736571539,23.345157494987127,53.666890022805475,54.05519328279034,100.19458709768648,-6.165298216830377,1.3677155093528128,-84.78851376351318,-42.208089148045616,-52.19061840618404,-24.600870271070185
679,-41.87259965977617,-47.396755002847584,-10.343166179259004,2.7251241718314745,-16.709078746415226,-1.662283354967487,26.969833158363393,25.96233939066259,-22.840768000552675,-12.777366129155329,-96.19906962311083,-53.09031355719942,-83.19012376603258,-72.60236471045302
680,57.54902472113973,70.79802132687925,45.77402555634408,46.8152900229358,17.251643818234122,28.60511374986302,7.168004196312772,16.384097761649144,-2.0891527314497065,3.9885259506421615,11.334404653081538,16.195084206414016,12.998799286069397,16.14644493202892
681,160.88225849028424,182.94240990172227,119.06600899367781,143.43635081137435,95.74325097138605,107.9508912223016,80.09297030083265,112.96024062841109,7.663089635990564,21.368383034278438,42.0879617390744,47.68085889623555,21.575353671648145,31.928565987973684
682,203.21880055855942,226.7570822511738,143.28343927499455,157.15605738381663,94.51024394744378,112.69844631517871,107.13266368324808,135.23592496497412,-1.4975584981327035,-1.3069843666954428,58.945892839416175,44.1785705021773,17.635241125138887,15.550864441980217
683,128.939167366064,150.03084399486275,63.213876598757224,84.07681463795794,41.094361121439285,58.266124970752166,85.32978740398072,104.71421050469932,-12.661055219536477,-8.274515843134168,25.635963117412953,32.75141372141399,-10.703402820587657,-3.7802300762386083
684,200.25333668567802,223.4642927495682,161.17683753491153,167.96384988588537,74.02050614762571,95.31037772285,101.84380455684402,129.41550305219343,-0.8659937186373412,5.651494379764573,57.16801200321338,45.860922735689705,29.81601600996699,33.82791621171001
685,100.26736310146975,114.62329227589618,69.72970013786643,99.60248505260263,36.77124925766324,41.14659388371749,53.52861315647832,72.82011764805885,5.792722703735088,0.5420665615587219,41.962414614360306,27.794881451683548,2.3713732219226094,5.2745381303136885
686,213.39349985696566,236.15080159370086,167.59930674966498,197.3198971049276,80.25820487668611,88.3125023419029,99.74134765699488,128.12155220092168,-3.6784874804613104,15.262096789276875,106.70944235559227,65.61930290115245,53.425435982707626,47.95643012153437
687,-58.661427899896744,-62.131817919770015,-54.9422605227507,-36.995343649491545,-32.41990689062844,-39.75323085589766,-6.6950505708663774,-6.604702505963999,-22.96636848958822,-8.725643661434686,11.907671424315492,-0.5909662730977985,-46.968200976205246,-42.55892645056195
688,53.552623034160504,60.23436766722541,72.22429988168021,88.28583734629999,23.924605818471207,25.490074744410773,12.543986414223353,34.947898895122975,18.567347952489122,18.336800220549836,35.44341923902794,27.19025016219088,13.748076578250307,3.1067116208524586
689,23.057012015375413,22.583200902829475,1.966092004063869,32.23209004880811,-6.939204499695416,-0.016711841869466885,-29.792569400367913,-37.863886274891314,9.893392370326637,9.481994861149273,22.02332474597992,9.704364387639574,2.4283757480281984,-8.382900052809994
690,143.92195609426162,165.1909927868499,114.00679887727682,144.0158827746615,50.49925524567158,56.25369931338763,22.682816497000736,55.70455923974108,38.54660962879061,7.693326279603136,104.45532157141935,64.56395053748423,63.56838356488105,39.80196306667628
691,69.99262908042222,81.31869906405083,77.45490129470524,91.48139854854438,32.721652130267636,20.9013698061429,6.7908896981860085,2.3493840659177736,15.322123994916163,0.32269170535840164,99.57448195872689,44.83953169218197,56.14446167675659,21.01849110353228
692,-7.037449939799386,-12.187546023400547,14.573316113319727,15.593088269836576,-0.5433039458604965,-17.78232518257719,-11.435427404299219,-26.19898784419084,-1.7498942417678893,0.5700116968936566,59.848413961001775,20.623057960744433,17.674695117283395,-0.6951890454023861
693,86.51597114361078,102.65674468034624,93.10886498367624,93.6857825365623,22.953238477917935,23.81253961549729,-5.772136540157923,3.5338579144575455,5.879471774114145,4.61364928179933,60.7143527831291,32.83293077820852,53.17702045252017,43.70855937673725
694,39.13428478450985,53.2193571442657,59.182422638840656,59.453081780280854,-1.3419755142486445,-15.229049418575798,-21.07710096396628,-10.772845656875068,9.167672514513985,-4.723224209053064,14.053984218028447,17.735355352563502,32.159639147524224,13.249511015809293
695,32.719952767671884,52.43066219836541,70.82856572742773,56.40292389679027,-20.68190563173389,-29.985500972043504,-27.324008888772692,-23.960857720772044,8.495998358005886,3.284545185989536,-5.636966996645683,22.15109853041722,47.88255463655931,26.005106801971063
696,-103.26228921240585,-107.7297969641086,-50.724229705755754,-75.37513642477342,-82.70128031664602,-103.81275452827144,-81.51696289978359,-91.10642394626568,-2.5757394168703764,0.023453104608494355,-85.95468661540852,-37.5137448156177,-32.49304705229465,-26.021407707043966
697,60.88440415825434,58.55644066485325,49.93991847953313,35.11054817618122,-15.88873721368471,-15.818836167950366,-37.72392873634556,-18.3618877244492,12.85760657339433,5.109625838685326,-38.93866942671558,-8.343269177230717,36.243117968796625,21.38580497955746
698,9.582856900854361,-0.061919035164966774,-51.30010585567026,-44.45814584006417,-20.086693906090044,-22.162756106015156,-44.05569404856167,-47.66768719974971,9.975659310948124,7.755081196528685,-41.274485524445396,-15.375595773754295,12.950027509367345,10.093753816992917
699,2.0801710079099758,-7.974078888774432,-29.621567350887705,-48.28421765187199,16.571447691390937,5.426348459781814,-39.03790290838397,-43.16960646568484,6.438426284171428,7.445085086552325,-33.19794750355865,-15.259190630021477,18.95920025376224,20.33609741176302
700,-48.79486071322379,-71.45251807280378,-51.54476076902821,-65.7471871472301,14.622691525800924,15.05443778511414,-18.138381094119143,-36.52407900399233,-10.412215739797709,-15.615200718862647,-34.465024946749224,-17.883458714441222,1.4097634718296932,10.753131183357471
701,-83.28105599026344,-94.64053359696025,-81.61997432894714,-81.68475117775134,4.6605600584273645,9.445790376157163,-19.05177911416045,-26.842496933930732,-10.21510675288761,-2.498144389797807,-45.831491949855646,-27.62651649214866,-7.550951465301798,1.190214391487124
702,-85.13491606740197,-91.82871173695492,-64.28669672687278,-55.427675932944446,4.438522896349781,7.7504322176355815,-0.014333640655763702,-14.080952872068469,-9.961186115913428,9.261679859146629,-35.66673608405871,-22.934138470022006,-8.672737303789551,3.098762810285292
703,-44.30266095176509,-55.45294160631492,-45.554311624601134,-38.6870281946648,18.53793882666978,27.157436586756496,24.252438777829052,13.937329315450365,-0.33521235007046474,5.6053900179303024,-18.29982357735606,-3.8475226658643624,-0.7604379942926385,7.05192424749979
704,-68.25479557221315,-85.40367758536144,-60.48677723123003,-72.78065707852562,-10.581140957869469,-13.943953585852329,-3.0746939241296087,-16.91394413363684,-5.454837062769627,-8.875217004411937,-25.393237069364133,-26.465852165470444,-13.023852269700322,-0.06852535183926989
705,-58.75986721143951,-69.0539296676299,-51.6014167532197,-70.6753445665391,-12.86282508776165,-25.62974868346219,12.029565980060594,-10.285065411042046,2.9979566734927867,-8.817105000152347,-41.6981745941792,-34.18872619953072,-15.11322444849051,-17.28450943665501
706,-1.0255271359493716,-11.939077319852807,-10.079726526625883,-42.30268446578335,12.067178149503722,-1.8035086257217838,42.52294183363246,39.516237396267535,6.0326200624618425,15.767974074729445,-9.906890268376255,-2.9494237017330724,-10.210289732943533,13.806132468396157
707,6.696161037073358,-11.313944426379768,-25.276164152078593,-68.56848998215173,17.949002961554786,-1.2773420611129942,59.425971805433726,45.19787262358916,7.414844708260539,14.813699997012877,7.593210953368983,24.419194620183717,-0.0698208581749033,7.5481420805891215
708,-82.25616255636848,-113.84429738448988,-124.36585016817355,-151.92726985051107,-27.201346114611248,-37.82224818434842,-15.450746314129153,-31.713484977072703,3.4378584396680885,4.744299598682129,-35.423460082135776,-19.700956883204558,-47.47214894264245,-25.60343841168408
709,-132.80813275807648,-157.03545915704132,-142.88910488519215,-175.94017165434016,-21.66571671294193,-51.369413961383955,-14.289857241506185,-47.72901961143366,-0.8492132066382349,-7.611306793514704,-24.562845443877787,-24.93487145183266,-52.8651999991901,-47.749058397271234
710,-38.417189779089675,-52.83870000271,-36.4458526964207,-54.26236353888641,28.3020021971456,16.437503986578232,0.35596274361055386,-2.028234658040925,12.992611245436814,-1.084301772599045,22.571512656284415,-3.496231912215979,-4.731658308837523,-6.621306015552867
711,-65.78683597645036,-66.0069227171234,-49.56053497094939,-53.25488070960146,-6.41617632008044,-22.895310721415687,2.570456086726402,-14.259482092343742,-2.294893082803237,0.7991662571509064,-20.64632923141836,-29.117448594008792,-42.360473811985266,-39.809733875813045
712,-120.14479792306305,-111.39951740015164,-69.41824011760626,-83.0250311551572,-47.03511409583045,-49.260741231310114,-23.573037802035234,-34.81524417117072,-24.393968628880845,-8.698793367910447,-48.902225089856096,-44.73259513657488,-79.99813506970874,-61.162287336786086
713,-130.96937132078483,-120.5352505188725,-97.96771313931083,-102.37360827303117,-70.2040208441348,-66.25045646939972,-40.354637367708804,-40.821359478586345,-29.45870670321708,-9.629867543097735,-80.01595167495962,-45.97325268326429,-93.26067250955018,-73.84925793465375
714,-105.93194313455939,-100.94550818433106,-103.1324738807826,-121.24646342401773,-72.33103895412941,-85.33735778065373,-32.144272019240475,-52.08205631010694,-26.586238250040697,-10.32821669423169,-86.55119867612802,-50.88369464368228,-110.40855200899297,-89.37076748866279
715,-97.95622878634953,-88.62579266396426,-119.04686517840175,-116.16481002400971,-72.85733371347692,-76.32688082268183,-18.044353559162502,-42.17187254533822,-25.068086499433303,-6.570643728746357,-62.70848548276804,-18.42352698602721,-94.93247024419813,-69.57022484883447
716,-210.45416134467052,-228.28356042760325,-201.97800977966335,-216.97296001216478,-139.80474646935784,-163.16504046576065,-97.10919893400101,-142.71505915775413,-37.64216739014081,-17.648639669920453,-124.85783519795898,-90.22213036239901,-137.99996187720927,-132.74626163506443
717,-183.2970428935135,-200.16847658433667,-108.60409789146678,-121.51145006914082,-96.14086856554462,-107.90019814022313,-57.317551693562045,-82.14674909493871,-44.11530634435008,-28.160806447948232,-66.71167508167447,-63.71999589114028,-107.95177062783036,-88.74745920993227
718,-161.4158740503307,-172.04500520970095,-75.55499963521389,-100.87532431946441,-112.26779940123771,-126.3280210181434,-23.20899734795613,-54.36857324326631,-59.58514076651816,-34.9140986101605,-64.34918694956498,-39.441898538931056,-111.80989181349264,-78.40129920908808
719,-54.757343674110345,-85.0889490684675,-2.799248924472206,-19.998970414485196,-59.74649463147592,-64.70192129579985,31.766765018660085,19.647645992788,-45.2867446190422,-14.789894246674987,6.6917725790496725,11.464514978580455,-59.80085036645467,-29.569877669708788
720,-10.022618653076282,-26.518560944954043,50.79199802280643,24.72119394741161,-11.923044094441622,-13.022815672869923,78.17928806631497,72.6641009069357,-21.420873444182217,-7.560588984962503,32.27418384624643,36.6577659132424,-31.819901277579717,-4.420308224224173
721,-8.320342854285355,-18.301704233268858,17.76250493396151,14.143212772895193,-28.47161958050596,-13.502548828117257,49.759355414454795,54.61957881495916,-35.73040569978665,-10.621578838298973,14.24403090214211,27.78111570616561,-47.49436707999798,-20.980624095811798
722,-33.99420360637011,-43.100314041257505,-16.413424567267427,-18.719732741803227,-30.332394220193457,-24.252408945738033,23.93845090515411,17.748029404487795,-28.11971094271105,-14.232638506434315,13.208447720760248,27.283006989094243,-43.18577355525269,-31.14406050164696
723,-51.96738456133921,-48.222009571762,-42.24431008728529,-58.110741442236915,-33.77594829146619,-32.056543369611745,-12.63113463755343,-22.18773583897984,-32.00144555566924,-17.574991739416046,-0.6904924142213282,15.673199672675644,-54.975812087728336,-41.547815263870646
724,-74.15061434183194,-77.18305218401045,-96.95842405686658,-104.4629693352543,-61.624676841384556,-66.78537147020923,-49.376510026134504,-63.91493548100618,-21.603238377334304,-7.495166789986694,-23.359706304675633,-2.6034427591653317,-64.73320731966429,-47.090736527915304
725,-95.56759209733114,-98.21600794694578,-129.2416794239608,-139.79865813716103,-86.91121881940722,-85.00315131690468,-78.3409340937845,-96.44021258427122,-30.66158165171906,-23.52105099014619,-51.79094039802237,-20.83503673338036,-71.92295805970453,-58.47128440796792
726,-119.0611118862085,-122.7112544638985,-155.36630777284157,-163.7457092634998,-97.52554113820153,-98.32026852540878,-98.89632977300674,-131.27992964640373,-35.14420912063302,-12.659784609308442,-54.573710078613864,-44.26316389419181,-64.79784786367723,-60.87877034521659
727,-113.09463139036177,-113.48934575957306,-154.81527474061082,-151.15929446931386,-115.73061418033113,-119.2989346926618,-102.02484252843381,-138.9634240496523,-28.662395264098347,-23.97736128514439,-64.39809295394977,-49.40854559740311,-67.23854786074955,-64.19642401755723
728,-132.18475230080253,-150.17454362915151,-165.383920999243,-166.68848164771936,-116.59655360234511,-122.82291097717165,-96.29406087812491,-145.7842445150794,-27.675552701012823,-21.85116702484362,-57.11020113599318,-47.71346902974758,-58.512789070666834,-60.20705394896329
729,-157.92083322761707,-175.42785500809126,-176.440828556279,-174.5671028678051,-124.54531500902101,-133.7472553138322,-99.98873523222453,-132.89703355934165,-35.42310926134396,-25.951931000542093,-63.86000361079038,-58.828998901032996,-69.05224349249829,-77.75163012677064
730,-130.00321207021395,-169.40797492252366,-154.73511764003192,-151.9647088402757,-107.70153305042838,-115.30292782054933,-89.62194801779637,-127.44043207417624,-33.86501956121213,-20.363064405314404,-60.18106111093276,-67.19939144376731,-72.05345955043643,-70.61061862802384
731,-88.5698157972753,-111.85423775368523,-99.37020503145574,-120.69680016051521,-66.61320152290408,-85.71975138432572,-64.64125114197033,-101.21570851679381,-23.46314182473957,-8.726203443822724,-45.12647594368662,-50.18568158149116,-48.5270947875127,-56.400523743362946
732,-52.36648960871541,-63.38229715511555,-93.65982969033236,-90.6659972650256,-55.69484584452634,-67.4419492385231,-68.09470775698624,-90.72096297929886,-22.045213889643705,-9.580674971719423,-62.9579859481857,-56.90218722434117,-58.11891553064418,-65.9525465872687
733,-73.57008282597577,-76.22915734734869,-102.44686802413726,-105.19921764219166,-52.36480126284731,-63.74695209273566,-73.52960647406543,-105.30418120093059,-13.26456632182102,-14.261121262110855,-73.588010557973,-57.7125521771096,-52.56523732939546,-58.190398862011484
734,-22.045996824891386,-17.144314254325867,-52.161653932875566,-57.34446470558791,-22.598494213745774,-28.464026088214915,-44.09321335085546,-57.37309780186571,-5.245658311054757,-0.8921348191716034,-27.85666255393632,-30.322717774858102,-18.04511165897973,-24.561871840899553
735,24.31106788811352,16.944763677714977,-22.829488747054366,-29.14174200789901,-12.765905492453992,-2.794482607361034,-29.888083694839985,-31.807013546942574,-4.153303587318514,2.702262375539833,-19.37629980424685,-11.96401597535634,-14.868561104122888,-19.858013519454644
736,62.5310674807344,65.39823257768877,6.098454323265723,10.001531689489722,5.729772707744419,20.776590320355915,-2.9517981583072554,-5.611441090373818,-3.131358227522012,-12.19582329177484,14.554076574752669,17.025295152728084,-2.068725694165371,-2.181151961735215
737,44.97132421054456,44.72059742417926,-4.669278527794443,-3.4966860269557185,7.864923456411644,21.276760473860616,-10.317649292215066,-21.489718449980156,8.280479861343315,-0.0063027789863296935,28.13348679609708,30.96080714194532,7.237479003487816,7.523838253928388
738,59.91763942329913,66.80006062683492,6.2378885887052045,21.82644333083319,23.144870611587137,39.81132619981032,-4.594930065856064,-2.499868366681285,-1.9864482165947617,-7.414861435945388,40.449774035399656,35.44633121448901,11.290316530682817,13.833231091759982
739,5.557968699508551,14.15632660447,-38.20309804048217,-24.48793400919325,-18.53108181246121,-5.331814351075146,-42.03953364828359,-39.253248570613636,-5.086312894142599,-2.280256045922088,-52.242480659390004,-22.423550448271435,-32.63499939351068,-35.28827019540696
740,45.178185245365945,77.591153045888,-10.283917313412061,10.892690314677408,-2.0505630201674094,15.725239171707427,-34.60317815394003,-29.368020794539966,5.027293291412708,-11.544038618071543,-56.36691466947974,-25.931422618703145,-46.79853793318334,-46.578944813708965
741,6.885594716598525,28.074024232772892,-18.289878444507078,-24.07377700758257,4.22836859534689,17.729451547854577,-22.89141525819861,-25.96719716760156,3.1960911092763724,-11.268985897792888,-49.24217482638664,-5.355313425958909,-33.016240960819424,-22.042612473286134
742,24.255221688745387,48.185370432252036,7.533480318172067,11.197261849958661,33.08850562093146,46.0001255556823,-2.045002505074154,2.4062093094113544,17.953132181227232,10.718968329431332,-14.99423547850224,12.430493502594071,-13.307394699663526,-6.139414810807187
743,64.91837983616044,77.04009522396801,74.23745456429783,76.61834630381345,51.554305010159084,72.93792174399623,24.272087737551068,45.32424774499685,21.824170426749646,13.578554582103855,7.290173138351075,31.601997333683965,9.57381418343063,29.26375630063885
744,98.28968689597158,120.36283883811824,93.09547192790397,103.81553015214564,86.82194729462634,101.14714437482758,39.77612406848472,72.82710068900967,30.996160911585246,25.898306409525734,44.50992735581633,41.227543467734144,31.173449273517424,40.061198144470865
745,23.079438272650783,37.59619048007527,49.898272514734536,47.670115905452924,58.09519299660032,63.4923990168337,23.234546766170244,44.46684030194364,22.5975782434802,14.195300026807377,51.81005973829047,43.56713929211177,31.677169167698306,30.77504124460395
746,28.427892349170648,41.510202192501474,34.1205776928316,44.425923408143646,40.52894814616645,39.01353014105622,-2.0749244065633543,11.770510466130498,14.760780840602832,4.395435852545407,26.628393559833327,18.50066781843614,17.950647046813298,4.789461367843671
747,13.922098126994902,24.32936075809776,21.574745993438906,46.35906991737342,39.6222131635265,43.49165393010795,6.346212689590866,7.810308598926551,22.063932780339286,9.436605997799994,26.87086498523399,12.654328282745926,19.325428550980824,6.33035698770108
748,10.701732511240502,21.7360823861977,-2.18638331899303,8.436552430321186,18.994746087206867,14.711811441889795,-15.282760156077709,-12.767623375487645,16.43138516728174,3.3318896169356966,-5.480129111671399,-17.611505018381962,2.060656292955783,-22.46924904883135
749,-64.66037935648318,-68.92900989877575,-48.96934271061502,-51.43977385092173,0.49878296860858184,-20.560067787706974,-41.41958591626384,-51.323738195998125,1.760233271584011,-7.052646458120357,-15.106151103744445,-29.531008528577033,-32.150397545454844,-37.78338679767003
750,38.937485157059896,35.94533536988037,50.82661014020797,56.49513417902107,65.00868759361039,38.93144813921474,34.677493014229306,53.22072247384775,34.722593327789575,16.31079433464922,56.580392834806986,34.10455281414028,50.82842229763468,43.30740302181625
751,20.02864512532524,12.07229495337524,19.120406360339103,19.533541332552765,39.204410770434365,33.478344751746185,13.097034824890875,24.100729416417483,20.88765691671104,24.522835595216925,38.49917683736012,24.668803071650224,35.459887004001104,22.689591202976352
752,59.00413251310286,61.22399167471241,29.51245954138768,18.842479077825864,39.789585212869724,28.536479938906947,6.8964703180055995,19.4868815379956,18.272926951869135,8.164758597588591,24.284801077361283,7.70203061839488,34.95116228117528,9.319785983608043
753,69.38801201502262,77.67629078750478,27.280110169827463,25.727310065078825,52.61167601083747,43.00655778444608,8.876034169235309,27.943520616250574,21.952204970525145,3.9443430936556236,67.24141563942075,40.486588556931196,48.2496529941171,31.551612543752142
754,122.62127582761771,128.93914074875127,56.471202838003556,67.16483067173428,80.78079139524024,81.53583598107939,48.93974266015295,56.17417585968508,38.885292593522166,27.26878587215132,102.28031823715295,56.66324840258145,74.62262833124181,60.34293685799176
755,102.3296994781026,118.61933780783896,88.126069438672,71.19052579713613,80.10221941260261,62.371398317709286,57.18483969939587,72.33289161622615,17.815966798377374,17.172815484455462,66.67178244138924,36.845734582968845,56.481029441101455,53.497345275108884
756,89.97363614816734,100.42631226877593,81.8235479989629,86.15438611027449,63.49425318113648,58.356058602341875,62.25939314418948,92.91529732034135,20.925765610352205,22.397908786982512,21.678582447104155,28.930168652432307,37.10378051887688,33.14222633703895
757,92.25669894725647,96.25637715801466,114.96535731207268,99.40310234252301,87.20771561290127,69.33950369511425,63.24317950119733,71.16216899614166,20.112261989612637,20.863417326896233,52.236871696211395,18.077723834565298,57.05213113708776,45.35695995693994
758,161.3825417104327,169.7269529627079,168.39062747538006,167.29027001419215,104.78534789561573,107.33434541235236,95.50210352335749,132.20455308052382,28.135480869650248,18.64222104823537,94.49163477198614,55.07470879650165,90.20883208640981,78.9277743809867
759,135.7669567979513,152.31183705677628,148.61682891806495,139.40981586659092,77.95811481163909,75.65215238752462,76.67538298363696,108.01798886174666,17.366037255048624,10.659031737941312,46.89482183031264,32.78112927916655,64.13150165133632,53.925803379611516
760,206.6854143800124,223.864565671452,147.0335980878087,137.2086657570489,87.5611985722791,96.29857874818458,99.55268908510786,149.11380612096858,25.277381343819638,31.926990159511156,74.3931391065416,61.96822333899465,71.61860866059509,77.92202235904537
761,99.2469603766509,103.27675227999458,91.63610585791321,70.66754163381567,49.992320945741774,56.897239138593584,59.18853461752075,76.12161645351793,23.49768529908876,29.434910622769287,4.669575673389466,21.315894201574363,57.94091992362564,55.59895043478154
762,80.74901873997095,88.7752853245483,19.753927176209434,15.1514930790003,-10.350999282138314,14.251190082593308,6.79500178299687,26.338067677253793,-16.989456540339486,-9.62855509279489,-51.01409690074041,-9.615977003860378,-12.8202477572621,5.07914239007902
763,68.86987336071603,79.716843508241,37.41076118514623,32.453473881202555,16.205214149812548,23.030583195952904,32.27073351085355,48.772024945663404,4.631945951325838,3.777162472693061,-38.450210333451885,-3.808860781181026,-5.756276985794993,6.62459836686
764,31.72038400605548,28.16527994636598,27.28915882775696,12.572652930042556,-8.646496433512745,-3.94908489346115,33.50960765248473,46.12436962744015,-2.9230572270970185,-2.9897345409381337,-41.61594735813699,-3.793223598384394,-3.4135519297227472,5.902028867769794
765,-8.922254496385094,-17.232561323694558,13.537926797918766,-17.090746349304286,-18.02495100503756,-27.858306141939128,17.232258726280772,10.42318180474792,1.944600221807337,4.10830440187366,-30.5457301530761,3.320749255993554,-13.28462327860995,0.7513411129046612
766,-10.773338395164735,-9.020852936410984,-5.753140228496096,-24.884524940913195,-16.41181352973975,-26.53350077647845,-5.050524053208149,-14.197010806682266,18.502705097913132,4.210225796105839,-28.087988492383115,10.822404855123114,7.461895656555048,8.001846986473062
767,-13.685980645011748,-18.27325245853882,-18.681411820063854,-13.155580558828758,5.453991355634947,1.6250179437450964,-5.499325041132583,-27.41899831056154,3.5321402966808173,3.6233704396292636,-22.440113490399437,13.651275163217434,7.207061481058978,12.072687679512576
768,-9.048275121541305,-0.2586328261343942,-8.043072839838059,-3.7146999109867833,22.99655695721542,2.823073738718501,-17.77695555746318,-30.0415014590115,11.86665241270829,15.123417153798577,-9.445895509327173,15.230855991826234,5.340925634297465,17.54920847733318
769,-44.92755355242182,-26.410113439162757,-52.83650186532108,-48.84326698815672,2.3787683892299425,-11.065703903912663,-40.940917377733406,-42.93069801263264,7.803702734357773,9.087256999067565,-33.626374739669785,3.2647641637013143,-15.059922537508147,-8.762394146061366
770,-43.887888087769745,-37.8373365129683,-54.58607674039618,-39.97268887442382,3.0755161289561426,3.536494879845717,-19.84617587480872,-24.16781824958418,-1.8103153975611974,12.031232546169774,-11.866144103468807,-1.685217160887646,-9.040443892165236,-8.248811864123308
771,-18.63013901918743,-8.116427749918419,14.60474762457978,23.190155119474614,34.513572580585965,33.50467865365262,11.066586163539972,24.883094770089578,8.92791606464434,0.38673406421817624,-18.027590978277683,-1.020980466509951,2.4038995010867543,8.307185505114232
772,-11.314706129706558,-16.362707422702446,41.30538406953169,56.88901799954603,33.637951646564076,30.348586806727177,37.34930590685527,43.79802451134187,1.337923879899126,0.4116680303378,-35.294016161106505,-4.2078134335529604,2.2345600885994,6.2370218677830005
773,20.360805710825616,20.636499837824168,51.31763451623922,87.78791109890827,25.932525894724485,25.8914978182598,14.791667360282604,33.01953927528203,2.2905230042250224,-5.403155745994208,-1.9572404718448038,-6.5801264696862845,14.24933845821309,7.072861310054528
774,27.327588639067194,25.97191958467609,40.913454184261035,71.447738513354,7.234568782538847,15.36332685289655,7.566146413551693,15.541073256868936,-14.07655545987872,-4.097400364929242,2.25711797837293,-19.172601408521018,12.546655183000443,-0.3906424085470364
775,47.53751607552909,61.93957890351016,103.41494155664009,127.9654625327432,12.10193640833053,34.86379358596891,27.179001190134304,55.67674944395643,-4.261307681336453,3.9055089742619233,18.220425734743806,6.610939352913823,23.802124831511744,27.395205799419397
776,-107.62173113884847,-109.47253116303654,-12.831337721682223,12.120868418456425,-47.61761996008519,-43.15142871403548,-3.9472781888985002,-15.53160284952815,-8.275850909640559,0.4379490460404192,-18.561619662093037,-20.102162013081863,-20.88684168186236,-14.240547616809538
777,81.95730542465071,93.33133647896622,135.15588819723317,139.70102771939037,29.075623181350835,38.44332694090375,61.26966376867713,75.37989303342621,9.721450126412613,18.1207599915467,29.77989718240144,22.54451393108165,35.851583968930974,39.19480118557322
778,32.75482421657245,29.256044946795093,75.14263526137124,104.01779095080892,3.1910734762923174,10.722914854277485,16.722125216039917,38.973775795593625,1.1381980487159404,5.1080332470962215,24.579837223236687,12.107319148589243,27.75239113883669,28.902680251765716
779,152.89859070135444,176.06051285187704,167.3973044687103,194.51378260216552,60.99893913816234,77.35457293084289,48.21677347530648,83.4187744344694,14.519591960770475,2.6592356926403236,82.91666787309819,43.20680429242967,62.432461132695025,68.47059535445631
780,59.704924367371376,69.38905195396893,78.2837502938012,84.7794105535909,29.807871855329218,36.71222132581368,29.578018312062067,39.538986368189725,0.6836857634225746,-3.6942560869446655,48.168055260139994,16.10902074811997,31.22835761326572,20.968706189990847
781,130.47984912980476,145.86474058197723,111.6678297272177,129.78758318862052,52.43353624154074,72.38027408557328,39.548541162777674,63.10127321882546,10.924436349034794,5.276693324303726,65.32878889090054,33.14114968729322,51.1457470779884,35.27793110276753
782,-71.25407199972808,-79.97403624782723,-88.84262886372,-72.24192485893658,-75.0790486103427,-46.95123720260462,-51.28846904861598,-76.24151278845818,-31.152329253491512,-23.14049094303494,13.36560468780198,-15.642166202607314,-35.216587190584576,-31.53307384093837
783,-18.19875611336218,-17.180001566913,-18.677189596226416,-3.1158782391291338,-35.881615253944915,-22.078661147685754,-38.10622725420698,-31.076885467739686,0.06337959058880542,-12.501280873125022,15.204093397704975,1.9623699949956819,4.23534272625407,-12.67187366599041
784,157.05464298184015,167.61906315495267,114.39914376419885,115.88304103767544,62.335349073244544,77.28355152495614,68.94704519751821,96.32221097476094,12.696271555058166,-4.649384114004651,85.94822896277068,38.28812331416032,56.821419924030046,38.63193311466422
785,41.3089974492205,39.887890939544505,6.417022037852412,22.52168956295973,-9.105267898523815,8.327424678771512,1.6705394663056554,2.9398130197484376,5.354456918221771,3.9282129660192067,33.87873233131485,20.277294395491474,18.070988193486418,11.476398218432365
786,94.59636147428589,103.83597252680316,75.21866319173529,71.94611642941481,9.290776324172823,15.97725068793717,23.335864052788846,37.910465062668635,22.636594039038172,18.19102775373865,27.33777743660624,19.066022961585904,31.241691753579396,22.961489697208147
787,37.17033352330584,41.27093999694605,50.17538469340453,20.944968395545168,9.083172343187325,-9.31455298408262,11.804467495325472,22.57435349738592,9.3319308697367,7.225574987328232,-2.4893299834342137,-2.4824300345928036,20.270515567430117,7.474195531278036
788,234.70084941020366,265.9079544776272,197.2978883869704,186.05099580237007,99.42068652763152,90.42891642366803,103.318250319385,145.0426767914015,33.654792194006,33.867733251525145,55.74534169717478,48.82305569667162,83.14620927166372,68.9871578134277
789,82.65297584290225,87.92971155586993,74.41338020058114,63.712707411176304,17.822900428228653,19.988549649618374,21.642810246525958,62.65928859568546,9.417635123649431,2.883857640846038,7.350490550642836,10.304556935818812,37.56404727238176,32.7869704163671
790,7.956610166110928,15.470035101503722,2.2120744964752457,-21.191879202286987,-26.631241086048938,-32.19569450642769,-16.808354534543962,-13.809751213481519,-2.4397606829211473,-14.589325256606534,-77.57714241817634,-57.298082733689384,-9.439953476226078,-30.907329431728314
791,145.00093374725392,157.49080451448913,124.96558645907236,110.96829825532069,34.940867225167636,48.51516656315166,9.07035050388254,57.97744337540409,18.72498410055816,10.830169284166288,-32.09768950608898,-17.48451125196255,33.53665576269735,20.234132865305607
792,-78.6066247978636,-91.48046949101716,-40.699996321789854,-67.88759850508598,-21.739137276013892,-25.070322418066677,-12.817210437435351,-7.441335414381648,-13.724119035724407,-7.081283709874757,-109.51621943043637,-47.63036541952195,-48.157258041796,-37.271499717389815
793,115.5797800991517,126.99366608117838,125.75714642622897,103.44278170798458,67.94640211551135,69.33372081764466,78.8166484966024,106.27813475981455,17.78205661050214,15.99939166945685,-39.39572499176375,23.714744571826966,35.02700636038387,42.94323084962026
794,63.30794473530099,68.68588287528323,34.12087398236419,20.3443056676778,29.794765834683048,23.388798347883693,30.880080895055784,38.847430528066745,9.954812030694308,19.77370960918046,-46.819459924188266,0.0367160289062149,6.268752274304176,26.307722817343734
795,236.00618252172268,252.1985872265648,183.69222716915635,170.20030266714645,125.32328527734747,134.4091897752839,113.89438986008433,158.12581117782617,42.68248184941962,31.56758210770067,76.60918062945002,81.67250133610595,77.52830355628099,91.49091676458738
796,137.94602857761748,142.78400257562848,71.88194267365805,63.88214858039286,78.48827178370958,79.41620720207047,107.92177836388048,112.77592962254523,10.822476038007915,20.095453642479907,37.83951988940106,60.28616343882423,34.9558592315573,55.34610085503905
797,-79.96204931812912,-94.31577552375974,-154.14121555339716,-145.4756992810086,-67.87301046626204,-63.266896927976816,-32.03768178145224,-58.70466270370811,-35.537691434061905,-15.703744656102485,-55.365676399841696,-24.37738913355491,-84.64149424161168,-63.138816572039225
798,-8.904214298890514,-16.420995420315936,-75.2968502451369,-64.94761619216752,-35.413551239254765,-7.453858959289646,0.3212804251976656,-25.680371626675857,-27.183948263847295,-13.363440391876122,-20.544258247656586,6.135205828811242,-43.87875766313617,-28.12400514671849
799,182.3212784504189,183.31034085938475,90.99581467225539,120.92100017828761,62.53835070062283,109.91251852222524,58.97589882160701,91.18741885174616,-3.952745710294584,3.104403690953207,51.06409007492697,52.72289241691121,36.68675734803624,56.53235226111649
800,207.94966620638385,208.82789163477082,92.77850559574578,150.8160181276691,86.53315599254373,130.67467041069278,92.53806051697974,129.2265839050865,-3.450141936683277,8.420951828942375,90.27954750956825,90.83772391545718,62.95425502336473,83.01945795987943
801,97.51061250287343,91.41000600577968,42.48994787954719,94.33053046538635,43.97516280371277,78.39483470756302,51.22594535139733,80.57552188533867,-16.435336972822622,3.703881267446717,40.30979165104163,40.54157611062615,35.07120556889832,52.56869416930595
802,31.681572107284882,55.226405438273844,34.57122783349926,97.30923266614754,10.349616220975337,32.330812463688645,7.088283105013795,40.2301025386583,-25.673871103795705,0.9020688108324317,-40.052138069223346,-24.17801053740342,4.0976450484418185,12.394839669647594
803,10.573044608897398,29.092340601000124,30.747860973961348,97.37267720621281,21.214731751907152,43.84903581456965,43.799419336633036,63.4872086664241,-26.20686653753889,-4.3552115856473455,1.0644763959308206,-0.060970051853118434,8.351373157642628,24.430604665603937
804,67.76557292429146,88.26766724984901,109.52226785714193,174.8793223654142,66.14521061601322,99.25243086442154,76.60003370347616,108.97554001408113,-14.787640425358765,6.344303489754477,33.50775453274763,44.15059515030514,47.18772001419718,67.49426206162491
805,-40.23569945594292,-24.008878872639077,13.54113358254691,83.46115773088212,-10.228082642249664,12.022726480740733,3.449686348341945,23.740957381363682,-18.45109679401192,-11.670498926291202,-53.757633941823066,-25.379524830219264,-6.540476114284161,18.31860151978339
806,17.344322422858003,41.815428768819416,73.76239205241805,151.1355947893256,22.131149120798305,56.71044123162715,35.701462025280584,64.46057838168838,-5.963388756751389,13.818079383048236,-3.264543603140081,3.8287324949973445,28.452191244283732,56.005410628614506
807,72.0126291618196,82.48956425862511,101.17250356977767,195.71219349276817,52.88490412026953,90.29458914114242,73.30602672227542,117.83727020752806,0.16349845197471038,19.84077186525976,46.93046491150219,56.12536155263764,63.73032683944351,95.8671737858882
808,29.58282764608088,37.99745610885473,81.48974048631338,166.15359147043276,26.620576582173506,66.46397577691012,54.418950460056394,81.2467605977225,2.203965043544796,12.619935616230865,47.976367963235624,39.820960276513716,63.08809266718819,77.95314008780457
809,-0.29294530719985484,16.462217652639076,117.2184324821197,170.10028766538986,24.02144351912122,55.30834354470619,52.76726846697805,75.96665824240111,5.439822975902807,11.035911426160329,57.652921090309945,28.56355376692006,75.46953756855395,64.19379175805476
810,12.388444001367027,18.570009151380383,128.42986979464405,177.33524306406116,33.625201958480226,74.56235821505207,54.43072423976087,59.39810340575102,14.442076203975835,5.135434514433244,47.85366201972275,26.578954271713158,75.34380447695293,56.35669473852167
811,14.232511634474228,37.264859173113074,120.98382354831438,149.75467867857034,48.10894039361125,71.44433473716275,61.58673335464105,54.233995948817366,14.257551415606889,-11.227679561004425,71.31688895392969,38.93876235492567,72.48098607028143,52.60684361429292
812,-35.526935096198095,-32.217823008248246,60.606419922003916,77.65424035706117,35.04064841805884,31.351058752800096,25.438049710238165,7.498639993957977,11.50000138189475,-2.841283035587399,58.06873411444775,4.735969694264292,52.31289848363564,17.074256118694166
813,-16.260386386250094,-20.728835633787085,57.773345245002524,69.26674141866928,30.648355698401375,23.084926570757183,10.401105535783019,6.251648036550836,30.381614228163908,12.527301953729475,34.13432233359095,-3.8163785528428935,32.336245869246625,4.491038678946537
814,-35.03883190667429,-33.47562498118873,47.72508357882831,45.995501776402484,23.522698478563253,8.308713968593837,-4.209176836199128,-12.933029728098893,15.124503589678215,3.2547789370070515,21.873540008774924,-9.030199322067313,18.918808022487163,-5.660967972466451
815,-49.758004243806816,-60.52152555757622,12.549816813240641,-15.003700768562865,18.47959053789046,-8.66956215267826,-42.942286937900086,-63.611960191542856,28.163302832327577,-2.770820707798293,-12.406287046646595,-43.94724074819168,3.8340776784005417,-30.46841796430272
816,-26.453554963704985,-26.559681859100145,16.288723907140778,-20.8859805944238,41.72227821183124,-2.2231798248985526,-21.183098086659584,-42.2398616268825,13.472883218154431,-1.0846689162789005,-22.93458132662481,-21.82786344648643,4.4237314789228135,-33.264996314820934
817,-40.202716363775984,-45.30632402672986,28.87582267621885,-31.574154399830977,58.15819536995441,-4.009970199910425,-1.3898371602978783,-44.00332390375697,37.280723265113615,16.33923370990128,-7.378047661419283,-21.33304280872053,21.695218612339815,-29.45050185463077
818,-112.81870099676374,-127.65874581262129,-40.141052792630326,-83.63665432060402,16.41440925243653,-52.98829212842693,-31.616212443257833,-66.85018697460623,22.308186690249467,0.8719591603701571,-43.15786728242415,-45.38593282766534,-7.089945019774512,-54.27766748509593
819,-22.227612005321568,-6.74837132740074,35.98502964819533,-0.7379407628489085,38.6780415475042,2.297808085899083,-24.8588720620486,-41.488490535640025,34.490370645627216,0.8502318877073168,-3.755446908635353,-10.912709443778413,25.007906086472627,-7.331458668144831
820,-108.06501367344953,-106.04411585309565,-62.73846591951905,-79.15197495297964,8.537620345391241,-31.217040553753346,-40.76881240737192,-80.30371650696047,9.733073027592189,-6.082341832460316,-5.727023505113114,-4.811884265641337,-11.816396150285328,-50.32729058511142
821,-23.144852057222074,1.0573612370136063,24.335061660257946,29.622900087753248,48.40037763736704,27.741034235848094,-2.714910049282299,-25.976704379549403,23.788124937055187,-1.29761290649658,42.946520115822196,29.016965454298756,21.273100485368506,-12.47238455268502
822,-177.95816911907622,-183.57852302970875,-129.26756167787389,-127.4586290318712,-64.60766753238109,-84.7332151381594,-94.38618668260084,-129.02142149344073,-10.860117458853438,-29.40768546581454,-55.47839240100606,-50.28814908731718,-74.65496189852246,-91.6604954818773
823,-66.00846544290253,-52.05512543700261,-8.054468721246758,-17.910068603623316,-32.51406285216335,-39.35088908705877,-91.95818455992818,-87.61973908802251,1.4751064224686254,-9.276485563584133,-29.340197647386468,-47.72127521110591,-37.32025819313558,-68.30919030069009
824,-29.363406894636658,-29.340642806436446,7.548976271462043,-3.6911344065486533,-9.336972230977032,-18.1893979389776,-28.907280732415682,-36.7279042855226,8.609426280959243,0.9389299872688586,20.373172729185065,9.656010101604172,-31.263607234301396,-39.540947673763156
825,77.4085715101967,82.08825369106152,114.92362817685112,99.6530923790453,42.20907933616987,51.10027692221411,8.432783248255076,31.339554919292073,25.117313953185135,6.482739119083259,100.28709316904275,65.96336093130475,28.892831897468195,15.128172031734533
826,-54.91047764176588,-54.96048721598308,-35.97244844958579,-45.254638109003324,-51.44372514982175,-42.20868863771863,-67.6106429979428,-69.50228285821365,0.5151813165336124,-13.976020119199053,8.50198213131826,2.3846787496314557,-37.0279543946001,-41.71389672535414
827,130.07536762709503,141.23146637401268,116.1487403126472,102.13592483965905,17.973833950617287,41.174259815292196,2.243646795293082,21.975179763338595,20.852123849131697,3.3899633087312413,88.03478357706618,54.782962098263475,31.783745605707388,36.295681414152405
828,131.6849076914287,126.86835148830787,69.4715829824402,54.77935742647172,37.92231363693638,41.67105635670093,24.17042128230344,33.21239701061825,1.6618291054324519,-4.498208385139274,108.00003863110474,71.44281172880709,21.4565823844538,33.39535832892663
829,143.63205948659646,142.12510725937412,66.48762192756716,56.33367182768747,26.761045906339863,15.91669329963666,18.31959962263822,35.51708267665132,14.88689205442691,-5.2550651629421825,59.87330609115906,51.178841342056536,21.075196622837137,34.253442219324135
830,107.80125733994483,99.41274783925766,67.83465064487514,17.711280881432014,1.107749244114157,-5.590878401977834,-2.4470051739553123,21.597015878712266,6.579206910722235,8.169348182130568,42.453462451196955,24.572484127481804,3.827542659204207,31.958894330203552
831,47.00881101320695,32.04456660176772,16.490524527320673,-26.369430811336127,-34.01018832356693,-52.54914628689285,-0.23081792919570177,14.837329530069713,-3.689283471133574,1.7122889091532358,-10.150140214575597,-1.7806078987955294,-3.6517127958127187,21.66943112597336
832,116.86801424878496,93.53985495466982,58.612964600802364,10.059591180214309,-16.838848085353288,-14.9801771259322,6.42026209568865,21.845932658718436,-7.26771970195123,13.778678722409913,-4.3940677570615465,4.364046017235618,14.169049846664192,42.06050505940198
833,209.46512144100222,208.93181162221802,110.30277827832815,83.21797296667302,31.911472297134978,60.10131726362424,48.37631670753802,112.51036380215191,4.892515741444297,30.075622520403915,49.36685815688336,72.25477380686999,55.56811617110529,104.57762467495606
834,102.01556650665896,103.14963450647329,48.39546875004826,32.008467951945754,18.260276396233156,47.737824170795726,15.018914726314565,72.79010500748898,0.8427803782990443,23.03353645743998,37.96853412504759,65.49868586573166,45.519422693832404,85.14315142726186
835,139.23402820543672,137.89466887064904,66.5853295585571,68.76486293990104,49.963976697629676,77.80590192185016,36.969946350048886,80.54200197159062,13.574608042447665,11.496865314968247,69.10951510517572,63.91806091151534,73.02955362622563,100.0080070228971
836,93.01229900188008,89.38658699155165,50.306576552714944,61.17480028675297,41.894640665589826,57.90383266017191,37.90155318065182,59.759126504333835,16.210162903545534,16.689652064630632,40.13412964516145,31.64427642673248,66.16884616084866,73.08947693872192
837,40.574798106522636,43.574273468211736,51.977393641791025,57.29337581021248,47.56527678901499,38.75531774265723,41.602383307529045,48.19151294732639,19.00281259484463,8.64573086669646,7.718609055294129,-10.594899177771907,64.20274861392477,56.53487181603771
838,34.89578185464404,37.67059211082124,34.21422320208153,52.223919321413206,41.6370220169154,16.371982586514545,38.39339333575221,45.54113707806636,14.621293025965835,6.1263258096747855,-28.694003888662312,-23.635260804119724,49.456293526201,35.89058661006143
839,-46.343689827044386,-50.487045733203544,-32.049516092728645,-24.30548753090299,10.025959191432548,-12.385885581263434,-10.52896101229319,-16.902434177187576,16.262535869321233,15.47803029884453,-73.57537833290002,-68.40656373280802,28.847781075387267,7.839822158423936
840,-91.2057514748703,-98.42104503964052,-88.57345059801004,-80.39443972585381,-17.48721167921868,-43.9097768647503,-49.0621235477587,-50.76394688556171,1.2545046536333289,8.219134949016988,-89.82253151633998,-72.80685042257838,-1.0666096006907932,-29.735438937531477
841,-49.56243964719612,-42.6542743895028,-88.5176996770694,-71.53890236413477,-12.638836240495609,-41.17240728808285,-35.10842371429693,-34.12522824777217,17.203510698446507,-0.8077077905562913,-72.22025634203867,-57.785173427518345,14.819477464442713,-22.305175397798443
842,-13.313753828337635,-24.723692920375154,-109.13559417176002,-94.27685345664774,-25.219225916232148,-37.11243583703908,-26.005484605903597,-46.84901439993103,3.190019703840741,-1.8722447250112029,-37.21381308277865,-27.440048667194315,-8.044733294614947,-19.465523800696474
843,-46.16044032496011,-56.302078863357174,-125.60183946700216,-112.0248666792936,-34.401477129102595,-38.63290288259082,-35.4013205418062,-69.6230583850279,5.932168397631432,-5.281745793967515,-29.590340113996344,-25.23618821848204,-5.972135669735687,-25.562915100770713
844,-82.72531285393406,-82.30539517721165,-102.65522836797123,-109.43463777988009,-23.490687980679656,-39.38748871441505,-34.29906334987124,-66.26011839870606,-12.622375553955306,-14.995789958725105,-27.942452629860497,-25.82440847641334,-23.003001328133355,-44.85602516944602
845,-38.24099288488533,-50.971993696968035,-89.41122323670845,-92.98515577162699,-39.95550533024824,-29.7248308993985,-21.95080860276343,-36.89798864391926,-26.926213135134688,-24.47991679562422,-7.002795807789339,-5.057346851187376,-28.173797145394758,-35.61924303806858
846,-102.13694211879331,-105.24441029417333,-119.225873259897,-105.48320968499199,-54.37237580210054,-59.35497283563837,-53.74051438174754,-70.90811371281359,-32.97327119539235,-34.28645986861343,-59.5144675400724,-63.93578652514455,-74.65345993963523,-92.98569428164161
847,-104.52427575275831,-104.94813924533887,-101.73730027453223,-112.40684781923025,-60.75515787059853,-65.87366088416792,-40.96813810835358,-72.48142200312995,-14.287269869980861,-16.192854016737712,-17.65979645553588,-24.91860409203785,-56.37196917727716,-61.69259636093755
848,-130.15081059942312,-139.4267854277445,-92.58210020409327,-106.60753396361929,-56.78813740412271,-56.01215024559421,-29.91268682918129,-62.0796721297235,-11.587697692307996,-15.517855167343953,5.452604702813934,-13.949994513135376,-39.252828590984294,-47.39998633926743
849,-155.54110016815622,-168.31596586033936,-93.73009485766102,-105.51629014005147,-69.14768255313142,-77.93154820432268,-40.56035384584279,-63.64744110655242,-21.491207832041294,-9.913366861100867,-37.80632157608964,-27.89655482235047,-65.45888929111678,-54.56743420412731
850,-162.2094142330381,-172.50428286169702,-134.29682190347216,-148.81068849060762,-85.83474351728985,-95.02348578390017,-48.94051981459119,-72.0674310054948,-35.31862602968884,-18.876386125339426,-28.1581990630098,-17.77254405447092,-80.70990064322288,-54.26833347437191
851,-175.80917559593004,-198.4582753049388,-166.86239984833614,-177.7196312192611,-93.04399474437352,-96.55252140336795,-60.44372830313999,-96.6696809341332,-21.071199415657873,-22.5683084885592,-17.194191399632132,-13.434667897401205,-71.4722365938755,-59.527344142772314
852,-186.8445127836794,-203.10553776172213,-167.39681028793703,-186.86042508525315,-101.01211235386262,-105.20724131517022,-76.23938861171196,-116.02199643994336,-16.768520704731028,-17.321355483686375,-52.884430041318964,-34.803730986988185,-69.34680439389832,-66.52155642075198
853,-219.73626726824614,-221.43361652419054,-161.7635455211113,-174.89031593779214,-106.50744469214652,-111.7366409243238,-81.57815446438785,-115.70013315704568,-27.36201177149711,-21.50867702614851,-78.02255556325306,-63.4408410228934,-87.68844887769316,-83.58810416405233
854,-180.57814608575652,-202.35374212973215,-144.35173041847938,-174.12717098714552,-87.68582039203977,-103.60047563595766,-55.7721143931371,-87.02746782624118,-31.39651396048191,-24.97643813832535,-62.829604916489316,-56.407491023300196,-76.03763778496744,-81.51669370579529
855,-173.89772487969378,-199.20150566190745,-155.65982367045294,-164.03168430448818,-93.06243703642761,-105.68845915410391,-61.353364981727076,-93.03149760620197,-28.674022188783553,-32.308498997336805,-59.94469878539076,-53.87002407767247,-76.59374678890495,-82.66033812564193
856,-188.53063814773293,-205.91046597322193,-170.78413582679664,-185.3697671389934,-100.50996271097897,-118.27058258347395,-84.05992902162252,-119.42587565755018,-40.7754059188712,-27.848717868971917,-71.15568171488987,-77.9734486126851,-91.18843098281862,-84.8516069834186
857,-148.41171181651467,-168.1233165677498,-133.5940786125704,-152.28853326691709,-86.7784414086663,-98.8604900432683,-66.1856180357865,-98.60046434431911,-21.917002270720857,-7.629530316156747,-67.42692490488899,-56.653174123597736,-95.41067042766166,-83.85085241928451
858,-118.92347724707007,-125.61370469396121,-128.80526382894763,-143.84144069338427,-83.81810610955029,-87.16727213739831,-45.442612248053955,-67.73442151506426,-32.61478927783342,-17.32539794369819,-55.466193767723574,-41.06815762262654,-96.98837358185597,-75.84260493517458
859,-118.74816275568553,-143.94961603740535,-150.99923034843314,-163.11382904087245,-79.8685527217346,-78.56095490664526,-58.387971176492336,-88.82599565875884,-26.862708421552313,-17.142497985142956,-50.76851633725633,-53.98225559594214,-99.71343555389436,-77.62380409596568
860,-120.53920447140233,-124.67891411190678,-148.40112083622532,-154.18915345052812,-61.887374462670515,-66.1118653649618,-68.22472819806356,-99.98745790326105,-42.44132099351511,-9.952502701303764,-64.67615993159369,-60.86415476497562,-98.3849784791461,-80.6992048047949
861,-107.13016463528693,-124.05582312624546,-128.71006215549133,-147.74656060938088,-48.39734980018116,-61.88886202777871,-65.61874205603787,-90.49518400074669,-23.65659039411588,-20.128129299720964,-77.21879761703251,-71.43505523896148,-100.0105539909056,-88.33738880079096
862,-52.02475706944584,-67.99828745027588,-89.04824830612976,-109.04231714046688,-37.369982263144124,-34.84023514098538,-36.17450772595164,-52.122894162106306,-22.85428397860232,-12.81970529367953,-66.70094346181493,-51.12377064453381,-82.81136125161144,-72.29418160734973
863,-61.57566188082267,-76.6035933599332,-116.58385956449365,-134.36078744678443,-36.35501596004806,-44.40614210855184,-32.930788308579466,-48.526568093008464,-30.762611393994302,-17.261842619522884,-54.51368704744969,-27.14698525264656,-90.12900753839641,-58.08609324683935
864,-107.76290063983721,-119.61988294975042,-137.01533740489276,-141.1253864286832,-45.32968253464642,-64.17604139633194,-58.24621112039064,-90.84652442747692,-12.428754852938125,-4.19992819349199,-63.07712142160508,-50.55173836733633,-82.40099063168161,-61.300134939129755
865,-68.36513333550323,-77.33971252703275,-88.89891851767595,-108.01933994997698,-12.516543973411952,-30.25198960613324,-37.09917962741328,-60.12133220895127,4.327349046550737,-14.943526767808272,-31.445820209740297,-31.36073289890988,-54.52430265465287,-48.305332114895286
866,-83.84098083890503,-86.69400832359597,-80.0186694369139,-85.59809017312611,-9.830737203301748,-28.344683131556817,-31.878508810461305,-42.85960318113793,-4.018295343021802,3.5010506867241746,-36.827844904286465,-34.55172802891067,-47.08999076514053,-41.48344978413298
867,-39.41300305716577,-36.16628177318578,-8.48222947750193,-18.4046275757548,20.768482172130696,9.831753026928302,-13.003563071859116,-14.742923535466085,3.1381734215479082,-1.6862514881728787,-22.418211574377743,-33.366714453753566,-19.432378078910148,-22.643877175490065
868,-17.98000897130565,-5.714665073162101,29.535922732502215,16.144721062780174,36.30654470270535,26.99605812277319,25.213878807095064,23.27105116991228,12.962548551149725,12.138789768830696,25.877436813229203,10.691187151445083,12.127042991009734,8.684116280403527
869,-68.36912157392844,-82.07034630990523,-6.210825919723281,-30.007636944519138,13.273891418660975,-19.213900030019897,1.2919972529561643,-13.486895352008677,6.0734275448579,16.64483524397012,16.638306056253146,-30.24839818614655,12.27257230155517,-11.452900781641972
870,-41.22699332934688,-53.620884706631735,13.530772829133937,-3.8098147191626186,8.098682434736535,-13.317590183253275,9.184150543714683,-1.560196247264917,6.023437487310221,5.154838053535413,21.57387917719341,-5.807634792500456,20.707126039298466,0.5946065967382048
871,37.0641413849855,29.841754961827267,59.71059192986627,31.072191116951903,22.41916441981655,5.959802107674814,39.12346369162417,42.08133305072144,6.808214126253105,6.595281001778489,58.19647624388939,17.577710662109002,25.975017655098238,27.48230226738121
872,58.207632589429814,48.62065768228926,58.29068555292195,23.19841880141995,32.393808912994245,13.77763787010835,49.958066748573586,49.804073097852935,9.390577189591,-0.9699583137194487,72.0529822885052,41.48277941751608,38.068272076468006,37.28883552641519
873,-42.84270773864212,-51.44531299531114,-15.436392135063107,-30.871995261151994,-9.930803670002184,-26.22021328302919,-0.6824260544899838,1.053312623264692,5.237519493645756,-4.488287506189682,33.4611039611308,1.5195858533963147,17.876511572441014,3.85956963367225
874,-136.1417161680563,-164.8170422330264,-113.40179448749564,-128.9474512597609,-63.35708958135642,-86.18129358891979,-54.818965467637895,-69.77461243437506,-12.6759996615461,-5.272145712585103,-33.730737576718695,-42.90240390408167,-32.0231950165072,-38.87956775540594
875,27.53125587795107,28.850601947366506,25.12280650872027,15.428948136767398,11.908050295187316,8.891318491599579,-3.1545128678292307,-0.24117094902220765,17.98349680397554,11.299507264366515,8.928321457345813,-9.05305972433732,26.406689105587397,3.858964990990745
876,16.00004250903843,4.881007049644433,15.440223358697176,6.244220789335078,10.4564985780426,8.54784535783932,-2.597343780909532,-5.80263509561591,2.2266242796751015,-3.4928621679078393,34.33141765970989,12.354703738980179,21.176497133256948,11.402412163773299
877,30.3178097648449,26.6077766481954,28.798702600721814,31.111860487088514,17.635154242687463,21.182469307515646,10.445456958424872,10.137363530392118,16.09842599640702,9.916736749335172,32.76983061792842,14.1714789927728,45.88423436549852,32.21767010843128
878,-11.891830272643249,-26.181542048168524,1.1635906369311748,10.724232767993417,-0.3180021718328898,-12.684832513687509,-7.136898512783202,-19.12597333833615,11.388986064937653,-8.322140882582982,31.676832221909642,-1.4218298057586978,31.802029465086328,15.672079239111902
879,23.544289467337315,21.64278293148781,18.740467182226627,18.654528044314585,-4.7865362341325,7.950794762523406,-7.882195856230935,-17.709759114121134,18.89232741985774,5.662525504063824,-0.9657532309924726,-2.262385492225043,21.088123386851734,8.429512118807713
880,-38.573241163263006,-42.41042210783877,-41.44079217693686,-47.260918164736154,-45.45773419085019,-46.41034193493588,-31.95980798669702,-56.07289132532102,-8.217710872777483,-3.2802063516532085,-30.66153500808506,-38.238778460563545,-18.760597765971834,-29.200601423207683
881,-58.02681711115045,-65.68588166814975,-51.147312235112004,-45.43638376056198,-36.11928571892978,-33.82407074702004,-23.99766536595818,-32.63137598802387,8.090370470219975,-2.765480115216844,-3.4390701698520356,-19.69383954052876,-4.294455344382512,-22.676285806328302
882,51.60010093136694,41.492993516987774,3.4637956297621244,-2.9306113807056997,21.954939085618427,18.371680640263655,62.95366874523996,50.465711033078286,18.927694232810513,8.9738671926339,70.89407835987399,39.94460415096387,53.116874851004454,35.330451180697146
883,23.634352635720457,13.995293613420817,18.476861019763568,22.360865672375372,8.801098388271853,12.947409898821073,31.125360950350235,9.301829494151846,17.084144416756754,-6.979590322322963,23.87551283866825,0.17618138556109308,30.122660015379626,4.04929199040867
884,-1.7786666491603498,-13.740632289901747,-15.824874453059493,-27.666512222302188,-8.320400214384216,-5.501442985109875,22.520627764391598,12.41860083961119,12.216548428331492,11.763880924320166,16.093062287367452,15.976313175009873,4.379858324690269,3.3497996832925128
885,50.63277655418346,54.66210726977636,60.10731751116972,58.207857494528106,13.700215972537746,21.00233478010265,19.413230907838663,31.03546645169613,22.88739229738687,11.155504184553104,45.24416886366401,41.75691549417056,35.987114004005996,30.650638047858887
886,53.60440011602843,47.90748670791604,66.8876635898316,70.06910767310117,32.74864097777058,38.44120458774348,51.22774281373801,50.063207663711054,8.110306761861013,17.860720895880046,54.604811792401414,48.00262928645925,55.60273043719032,45.054972608949754
887,-16.7362334499295,-21.737430492976706,18.803003993942855,16.430152494697126,-5.843188633549903,0.06518539733435251,8.522661142332845,1.0552090052217553,-4.387281395956092,-9.007094850753305,27.515207228957586,14.395238801380774,28.658812187688024,30.627725272823856
888,-101.90495598253699,-92.4628399659608,-73.8082486227568,-61.038816019349255,-44.35368450618024,-28.03598640285275,-60.64484257527141,-74.7864040849361,-9.567511449537312,-7.061753538063591,-52.343095846248914,-33.33049573303369,-33.380265367689056,-35.78007911644119
889,-121.36425846802861,-118.786078106378,-85.4415339239405,-78.04196118683718,-36.83501216123561,-14.51602465449931,-42.523559284878566,-56.73227366884282,-22.33311570516015,-11.944806872015642,-25.626445978248956,-20.698478283277677,-55.342508421776614,-43.92604488683989
890,-90.57328473134605,-81.44196248610884,-69.39037394915145,-45.00013312912177,-18.021094540956717,-15.800264854979341,-36.8458017767036,-55.09052071186418,-13.328761695163655,-17.756915097037446,-20.726022261773373,-30.118770496882135,-28.711212863001613,-29.25483765562143
891,16.42694500839544,15.995832782072714,2.4573692575972355,25.98537314780597,15.39817485811478,37.151367981114696,3.845577782449862,14.618958600308536,-15.60118601772635,-3.929895055315919,26.47960067799651,28.701366440750924,18.117774231671845,27.724166532813218
892,12.513715464888184,7.213907172462376,21.05659994973926,46.74137622349902,16.4352838382236,31.60480330223171,7.927655504760978,24.92502717570185,-3.362690462824735,-12.376981525814163,22.594232533023543,21.24164828930773,30.2804374506276,37.712435806813346
893,5.214554846770422,7.718937640072039,23.14856223106384,43.38719950351065,8.093702339575552,19.494966196498464,7.771755740258258,13.800867340886025,-6.118886707261197,5.767434811241362,9.419773987719383,3.113759259202977,17.07344903486845,28.394023629341493
894,9.919513764054578,16.066500533081978,28.426573489755146,44.34887442127722,-2.7010743869711598,19.07795159991212,0.25835842418997246,21.571571970156636,8.742504891153919,3.1947052147890274,-11.637165376009989,11.257300238246508,12.905745377280633,24.996400984775622
895,16.03406345949227,10.189388908272177,-4.12511813818035,-7.735550488322741,-6.486423249438746,1.2143779403859036,-15.271259393076267,-8.639932439084435,-12.875535602582636,-5.658403570717823,-13.265294013764095,1.126004267152888,27.121716359268763,37.38001736071181
896,93.23813928893362,100.62688273183838,18.750268234504446,38.68154407891986,-2.5359424567944364,13.310288007677249,5.733696056855536,22.86135597999234,3.63323210466976,5.168724702260931,-6.632625791270202,20.306455983730668,30.616543274852027,44.954843677555665
897,46.50910570862467,51.11226739863868,-6.592317587058873,12.538448865809311,-3.765914656420209,2.1221351765467498,-13.039773270691848,-2.001637336493006,-4.7506725206542315,-1.9503200421851536,-12.897568344110262,0.7264861078990753,28.280165018020664,34.04666521723438
898,27.139960180770036,23.19441254934557,5.170081624630058,19.812649721320728,6.613968258242964,2.017116224020666,-1.824651372897416,16.60302823632357,-3.1393021209549015,-0.6974974286771509,-1.2968050458639186,-6.314950020049758,27.41409675759625,28.715374352259634
899,-15.47493270426527,-24.011082707766676,-32.75179761353902,-16.150828898197762,-19.700922080568553,-14.391622744835859,-17.078383584053594,-8.44960601331759,-8.719790910119835,-11.127844213806158,-40.551515041556826,-16.223858204147344,1.3603895990867125,6.748200729504121
900,21.110256553602174,24.580803950601567,26.70343253669228,8.812678481927001,-3.140798854343077,0.35041015278071946,28.805276247009317,47.28092475871906,-5.853266534909476,8.043659343337739,-8.052940433951292,-4.783853270582218,-10.945473279162712,5.661819671538174
901,26.766690020358478,27.12849490337704,33.94712291316859,20.438750020252137,-1.1554908469748582,1.2335091311535682,8.851214684027104,23.288442563866305,-9.938192533926841,9.442900385221812,-2.3796206389944223,-14.145357846094761,-7.5231457186494355,-6.051463650357936
902,22.007723641369164,14.584647534394886,13.999131882637665,-2.6450768678753995,10.586185061639295,-1.128256308431633,3.1012342021286026,12.798144044001743,-0.35323316038446606,-7.360793931130747,3.156696206020831,-18.14672683289374,1.2683112422854006,-13.818945084649915
903,17.17911377538712,5.259076885877786,-13.174615835154322,-24.31558272061432,24.12253329918208,1.004636620642284,21.847165977833523,10.307895598164924,0.8805260833809557,-4.206274656763207,24.672499653269615,7.50828429377017,8.05020447173461,-6.218235698822409
904,36.117442433582305,28.770366032367594,-17.61565167196807,-26.620750182754104,34.9138971027634,14.60263880835455,29.486282614939853,24.295455262259086,5.965565274500523,-8.210303621603401,65.28762797626294,37.293139087281595,20.816059844023446,6.501771532737205
905,33.63278466892977,23.874097448845717,6.093839873700169,-3.6345086288165462,46.093738231902535,26.172241750943268,28.758589010607896,21.975028231452644,4.3773401546073325,-1.8959388828135024,83.81878583959912,53.22437672330315,34.97452494057093,19.889795417530586
906,13.497148409412787,7.743048656843996,9.295005333716645,6.6047676783092975,47.23719078720589,23.26068898906224,34.89393194669169,24.279412773241262,13.527523732339096,8.428956275464492,88.99217475323334,61.99003242599497,27.008959775434978,19.58310023439409
907,-2.9111891023992924,-3.0045057480393274,-9.413244479734802,-21.87221529570248,35.5170160318356,8.037426186038575,32.085009048824226,10.299706110710627,13.549994072616338,0.08416727555140513,87.14143794234123,63.679760151565084,25.011517161548525,15.868480082121595
908,9.96408338350335,9.787316909415118,-8.895457236865694,-19.720768136656837,36.135696609960206,17.771495132712847,38.21277456330103,14.265102966721923,17.10938479559694,7.082290734305411,97.52975406347979,71.82959075190878,35.2646728460126,27.130427288684462
909,18.66437274639267,19.766033019893776,-8.92181208553623,-5.296051067327628,36.47355655131996,25.785008062508023,33.88545696995827,29.67806299298031,13.748169013929228,10.72724639692571,89.48647051554843,61.656289230646706,38.11489102840783,22.408234863113197
910,18.398598642347206,17.51844671404545,6.015664357654675,-5.57374643991242,44.04768984539991,21.403136507832055,28.147968708700205,32.17926807932581,21.80387703637727,10.054977606622195,88.75774677085276,56.73824009170195,42.59862111612852,33.14524582359477
911,-16.582218714648487,-7.943866755173534,-13.148394237131223,-33.21004942711586,18.494811416329075,-7.949905334015107,16.690447761345016,-1.083763590587371,14.391396224995987,9.308513698953798,45.04731206553208,29.105272476489038,16.065461203785137,6.4531741952394555
912,-15.823943359148542,-7.331205920483486,-4.216365127105239,-22.18242891971844,17.553288502568904,-6.268653538208503,16.710654747312464,6.6421973855458445,5.84129152702038,2.4871882516434827,33.82471066469277,36.09151093392133,5.762160484106687,3.7779837205362514
913,-34.35367998202206,-30.379264116483302,-13.7315014700391,-26.14533485542594,-3.4224322939716343,-23.28063336294307,6.3691963017211055,-16.03669676643903,3.167661848660862,0.5509590457608393,-12.67763707048256,1.0938781342981467,-19.552513854063577,-15.36196421778913
914,-39.83960374106386,-38.228990318118825,7.496675892800806,-11.535706806124645,-9.465297818199991,-26.714588550448745,-15.907695131970865,-29.88935339806411,-11.37877946566123,-5.100623423226082,-42.68883009574956,-23.989830022741273,-27.744271130737488,-16.736171997685624
915,-43.35378549845996,-45.94440448280115,-6.926941344047475,-30.99443197460249,-23.705194068548227,-37.9714211328523,-23.655589245819783,-36.44605675195729,-9.088004811087835,-7.326132492756721,-79.980682552552,-42.34832395834943,-30.753181146015564,-17.560716252576203
916,-21.341784861627303,-30.56784022709592,-10.478445018778698,-18.43034972629517,-22.966142321333027,-30.871067489137783,-19.328476865969794,-33.14452613329446,-12.528805968675924,-15.827476801499815,-66.8289675343674,-50.58697558683676,-11.618462100528687,-0.4130450526958435
917,-5.458739081951069,-15.896195794643646,-0.3161953869962672,6.015781777272848,-21.57736560527856,-14.991692375136532,-11.064742016888212,-15.321374066860077,-7.840671826190259,-0.4375255472762162,-63.91938358972027,-57.54066721075133,10.715935652964525,23.269883370767992
918,-18.85805803338888,-24.774973015997535,-5.00699584679755,-3.9073468781279113,-38.488704239269566,-25.03649178942351,-13.633641894774666,-15.351790319478752,-3.1442248177407284,-2.7053494121175845,-94.45607938944514,-72.9706716065535,8.078168031248426,19.07920634268823
919,-40.36247654334428,-47.449448115698615,7.184664933660147,2.38464053357336,-34.16251904070766,-31.774104599065954,-8.86601700404772,-11.692259303073094,-7.2218047797864715,-9.195166075356376,-75.09548732619285,-59.442489198570826,3.847203112835086,6.0889259574826875
920,-31.878495572206777,-35.94558599033791,-1.8466650693137954,0.33921653450826683,-24.145344465126875,-23.001043572881,-16.286824147223623,-0.48644744686409924,-7.936860395022465,1.468870849873126,-78.46808858390344,-57.47018500702572,-7.048211914627756,3.404083256222171
921,-33.384604605585054,-33.980547330900656,0.01498112990660568,10.277900520750439,-32.65410943500618,-19.484811065643648,-21.856631319031557,3.590629624879645,-6.015942601585091,1.7031351186821708,-70.34118756776428,-51.812034245076944,-5.624205253157398,9.237715141017254
922,-40.91353759610459,-40.93019064074456,1.189262745600848,5.9299349928504075,-44.68483080740154,-16.315199002616765,-12.74790107224761,13.423945980024254,-0.6373606450002178,11.290267630450247,-65.81116443006029,-42.348512340882145,-15.35758630782348,-0.9539521453456546
923,-38.01077742122642,-39.39115055168159,-6.321780931369062,-6.073206760656916,-28.74846642180401,-15.849941958942168,1.7582398186382189,35.81669888545885,-10.146751285349687,-5.118470060132889,-47.63709336563123,-29.220219713659763,-4.036277798018133,-3.4599301341779096
924,-13.858130022631428,-4.184310614601367,16.16350740471349,17.386150725934815,-23.96490965579959,-1.03205946381,-1.6371082257696927,29.988824584087546,-12.038707697460424,1.3708249287522036,-44.63519958965682,-38.753058818651716,-12.947315227801521,-16.049025176948412
925,2.5439585633960684,7.728790434924533,28.68806748177462,35.09985093564686,-15.25343443789173,7.117621236228972,7.292438443443197,27.86529375042801,-0.3823734654406545,6.20131944372892,-23.459660231492606,-15.136054973180011,-5.554204252013417,-9.819174158081621
926,15.984854885998645,17.317842597081977,26.37913700967339,28.71299230308307,-11.324113502471613,-2.0231337208635134,16.958184989264904,35.04767337021462,-6.526054886144862,-5.745515608743501,-7.164989543542452,-0.5963461188731753,-6.804747334264154,0.09852937884046745
927,-6.898605386179292,-12.175218328611667,-2.8094197524178615,-4.7680915235134576,-21.42009103427649,-19.974883771041608,-13.003138261773712,3.1145083511184803,-7.101133918255596,-5.833771443900922,9.815797427797682,3.8458254705640846,-1.3430754973293735,3.146576458656328
928,-23.69524881096034,-22.32168137025896,-6.747961695523411,-7.092359968705113,-34.22585305450607,-17.79448629260865,-26.108824228101703,-8.254154357451739,-6.191005908957887,7.7637344897871445,-1.684447179384918,7.065023260608809,8.45294197698039,15.023432946528787
929,-21.261253170830976,-27.261751874635475,4.979775053942024,19.845368440663094,-41.67618730899601,-7.806166263541486,-37.59003874946971,-25.180431963067427,0.9473623832727532,2.691770807680608,-22.57958952569355,5.386975468292005,25.51661197631751,29.908257162940274
930,-35.231423877618866,-38.179610022405186,12.868404402868256,29.492530394271338,-40.07315642907432,-12.120957112372478,-35.84443514238229,-32.141588311490835,4.846780205500844,15.839498401474259,-8.70633067311553,8.42836888181877,31.378804933373168,39.42475477414112
931,-38.4148331332846,-39.758255366762796,12.848475113495292,5.958456175464889,-35.67918572319632,-18.377504647229948,-38.063582376473924,-43.387558132017915,0.7857184247956756,14.41814843744084,-21.526529315415747,4.16671533298356,16.644640163478144,21.058467696300724
932,-52.37135885345282,-39.550529234470694,-7.78718562932534,-11.537397403995257,-38.43767013132513,-30.20048970103582,-44.27359754750235,-52.3689853071039,13.647116042516174,6.595254516294512,-24.79345628415311,-3.915473580547803,16.083730121398034,18.408746412168036
933,-40.373692208130464,-38.08091968336456,-12.17552761665641,-22.78675033098497,-40.14047755518035,-31.528749317094707,-57.15158022836193,-61.653033862506405,11.56874488460394,18.22289710301242,-41.766478311288495,-27.218662627232934,9.16048281385585,-7.11235242329795
934,-40.31260604884332,-25.446412604886177,-13.828144152376796,-21.933699285578474,-38.50559584728593,-22.160103411741407,-71.46668303018357,-67.92170280218915,5.294643720776126,5.253226257037629,-49.01171210387388,-43.85779736780225,3.7969701250130163,-18.5911239195972
935,-19.917561176030958,-12.65981200536233,-3.841011627943605,-22.867506558995203,-31.466119402541384,-26.068528422853372,-63.79751029407879,-67.30635852780985,15.545135081600469,8.921828245202857,-50.28076728857868,-42.98594982383231,12.08983280331378,-12.806185343049037
936,-21.674127546778504,-11.821859588798693,-16.112801151407545,-25.705125188817874,-33.19426998263972,-28.717651412597032,-56.94268691997473,-67.18113517034683,0.5940069922872061,8.447210940929104,-37.06233630110119,-24.77036852734703,9.924207485206226,-4.134164808503311
937,-28.727459804718926,-20.62469239182164,-5.409216038525458,-13.152850633646404,-36.30261445434297,-18.473588508394467,-61.31380629213764,-54.689025546166214,13.566358819675164,10.781946455919911,-33.87768349134858,-42.75822331030534,7.724745495863908,-4.5382202248949
938,12.85176180376556,8.019904589615853,25.446404106086675,24.547838098655156,0.6593147101634413,14.755030303591814,-20.275474685322024,-6.1209301258168,2.483930341386026,3.2281313993292917,8.474048029675771,-6.420361395782684,29.895539861976804,21.15844075175183
939,23.87835843879102,14.232967831266883,47.34055110715824,44.71439456246359,20.55645247608742,28.73171202283449,0.2224980871823002,19.442330311712652,8.959867439642752,12.024108522748088,39.025742896427595,9.237230715462923,20.707990866325822,18.975822638008452
940,22.331034584453207,13.626428558522026,39.990357447371935,21.071059568460957,33.973078239858694,17.4151869119357,15.014039021383244,18.300049452968,0.21630020744984169,2.2767433217112516,55.7370252867986,23.378283543968152,23.811712132245056,22.31301358229712
941,36.21876847652507,28.14693347774701,19.00417701422263,-0.07725794823738319,26.590051508831813,16.965970008029505,7.904933429368241,5.131884410654633,2.6617057846702497,-3.8235282341952423,53.21609897773128,31.604023906537552,12.43934563015817,15.396291404158818
942,35.291131948166054,34.533780687712365,19.788558120686876,27.704186062495047,26.027798207927987,29.958344015299254,-1.6513992301712979,9.933085512702501,0.1606896885826735,-10.306957634572367,41.61931895741135,41.235244686723334,14.530398477936915,8.945415155187392
943,20.47474291799599,30.360199789834763,20.039759475599094,7.52929859978636,20.55375767217666,26.75737702088438,0.8186810963267674,10.763573262319433,0.5138058263489765,-5.820347655048048,34.413035317868214,30.52438054239805,2.097283473895451,3.904557977658292
944,10.980352663348183,21.878587784094897,7.871516380184546,-3.2498787101975966,28.054731100936102,19.01995879688001,5.150865153035487,7.104344616172258,-6.369656295607566,-8.189446185735044,30.011017378196964,31.015467351998698,-13.36461199801494,0.6759351983271724
945,-0.15318723964626813,9.591431033734166,9.329651716500507,-1.6150123961622542,6.302050718991433,12.76096040549761,-7.134273565368267,2.850944431272464,-3.6245844950222748,-0.25822006002731857,9.077013378232634,19.588003845978555,-17.932834182755975,-11.29780863380899
946,9.00081888918401,15.322301369611791,11.77985098377809,12.519392352027673,14.085841695131021,22.30606153968865,5.8593457475623225,6.288901809335572,-2.6679335393073846,3.656856455720805,21.32656983126005,25.335896615237274,-15.32279010432673,-5.3739238062095245
947,-4.921618980130892,-7.409597901540802,13.252143663320828,-1.5621761244454415,16.83460684981893,12.7767581381301,15.226491735758023,16.60557845582655,-1.6584443095264811,9.413940021992136,23.906085541654416,21.657347481047335,-8.172208094835941,-5.37461518584759
948,0.5298967289740927,-4.405565703750752,3.1990689826191523,-3.7292583614508574,17.62896978496778,12.278297752368,21.743009885176008,11.92678712838887,8.25401240471674,6.753716812182918,27.886584492631293,36.26995984132603,-3.3855673178063785,12.459223766962
949,-2.439125784531308,2.5232508195564303,1.3976124571098738,-5.508692969523787,4.464721027593519,10.93076730931563,-5.763089297673818,-2.483644711050302,-2.6936119674517838,5.664833271030948,11.683246344541875,28.84435134997838,2.472708764167741,11.646037171866407
950,8.81021494877938,10.64140047557588,18.90262232934695,18.53723830944066,6.928440200671353,20.539874136552445,-4.780555559901891,12.52866590510731,-1.8581478036490566,7.890972873087546,35.92942147167382,38.50947187902519,19.83908246086177,22.237369868416803
951,-1.4161702864448371,2.5190471573414897,23.97287882833993,16.406213101907444,3.0007522012196572,1.8339631489589199,-12.026362187256817,-14.01329987844198,6.215583443895565,4.63063818153574,15.842826281836217,25.696460214669727,17.63558070077702,20.072977503042548
952,5.365454334380519,9.327018044834542,17.058425830005206,0.40855067555285635,11.456737152170493,2.943037165674118,-1.5219396075168439,-5.263687617685329,9.72443154996515,5.7396328236698615,31.27699327465747,26.762479451728076,24.54859138542207,18.22011056598006
953,11.204592778566097,9.541955819024562,-0.1255620310690094,-15.324878438429478,7.79677944839044,1.032389758708168,-0.5813441401054028,-6.548135616993792,-1.720751038528143,4.648952720782862,18.08574832082298,10.587921661242436,-4.219871807410663,-4.480769598446761
954,2.1528186026430793,12.582720028826124,-14.189797530659211,-9.249379679198938,5.186025897251595,14.690819727597276,-3.382388871115371,-13.60250413006214,4.861379209684835,-14.132188090684139,-0.8113152548755633,-12.011755164391822,-25.175347036978486,-25.86409094929348
955,-29.708259646362833,-29.709202679224518,-38.92049736733389,-24.13844715197188,-1.223966810553545,-3.325499816371649,-8.162981849555349,-33.68436388765882,-12.092064115188629,-14.378642903973708,-30.297560972620673,-25.094101446142897,-44.36302742061542,-42.28446650908998
956,-32.583881639518324,-30.735907656793696,-31.894348985573334,-9.851868565181356,-2.192085258564724,7.2979505385190535,-16.22642136888391,-24.042618219415612,-6.916157691390214,-17.443677631078817,-57.3673856979847,-32.724002013207844,-56.46463434162543,-45.77227172183468
957,-25.123314212183296,-25.29081401264454,-36.573727332868536,-10.08059774322969,-17.398192025198938,-3.060725927621174,-19.25000842164678,-21.274462399625,-16.674625010847915,-14.935653384222544,-62.501727522484416,-36.44315433696307,-58.3175323522603,-53.17889760946084
958,-2.831199755970584,4.601104116313615,-5.919162117474425,16.865685781214186,-7.233012316793592,15.740408960216692,-6.201765316329795,5.9296860768317545,-3.9407291514146525,-14.096051034028417,-39.14125712794425,-26.189727705632052,-49.93538665755774,-40.24274748435382
959,-7.768738223631333,-6.689650651726298,-6.341786477602279,14.966322563015389,-10.799331360892028,-7.211626571200525,2.1013138656187036,-4.258643143614981,-11.40422421055169,-9.731083259275097,-29.870147105593468,-25.29098531344708,-47.43593727354288,-43.42601553533373
960,2.3033844660959293,17.358897333836254,-12.142409665913858,15.162518259857793,-6.889202368292331,2.3471480155999336,2.4431744904165424,-0.1741211559180737,-9.270459571832381,-8.844609826118738,-14.262328792341076,-18.738259185890414,-35.93204399111333,-31.195285763524904
961,23.78563300991077,25.576778768618375,10.05185511771348,43.048099611098095,11.343456928381073,17.268109408546064,18.359676742093278,6.506789376267025,2.4527251587632803,-12.038354218293108,17.334400852315092,-2.589597457717892,-16.943017318226993,-18.410089554515224
962,1.4950711161663552,-0.495535030520057,5.51369768588138,45.337616669744804,0.405737682132985,7.362246234651688,20.724294727805706,19.621777077611924,-9.672163597895912,-9.597757368543146,-5.064578978422475,-15.550838575319878,-18.946275702035656,-29.687901536087306
963,28.632898523211466,23.69789785029978,10.944579055563059,62.89140768159904,25.089025009125226,39.51021065351312,42.3722521665908,38.82459209556559,-4.418130398432898,-6.100294679018754,33.77280096110506,27.561701541254624,2.2177499637289264,-3.9126035234142638
964,19.283890989315573,21.98031087508016,-15.05541587245997,51.21376475233149,4.079196631748792,32.57766222281026,19.422711380197324,35.23427224131689,0.7764513270083446,-10.499740559699589,11.031167169954244,21.88401306887401,-5.160202388077861,-3.4741861237880354
965,29.290467887560037,28.08607754786458,14.871746528246318,68.01267339086425,13.466192869530918,45.305700571817106,15.125615873640891,34.58041802526667,2.9554194295124634,-4.269939895923685,24.40514861498523,43.16618582417382,13.175151140685013,19.971686840798128
966,-13.8352489367436,-11.841995590894589,-7.0444178349878435,21.227056424311378,-5.733252069523673,8.126423572594206,21.4292263544217,19.11244833856146,5.822076020795497,12.924996671181153,21.56068508527668,39.2472558516814,14.176261370931918,19.941479734047945
967,6.972095861082605,6.316738906471402,-6.0868524893345795,21.476092775318957,-1.9161985890463655,25.92483291541068,1.1075383687260985,15.10775849897484,10.543712948475452,-0.5975468079695934,17.95512326353386,49.04873941773467,19.43515961973035,26.710495175691644
968,15.937307434014194,18.987729362020048,-6.306052251023609,19.508378847985338,-4.040287705540645,16.499054391763483,6.755887945834901,17.122129451328767,8.087458802699528,5.615082095193946,1.1124993340322458,38.441291074609495,13.164868099100513,25.654367088893796
969,-7.652484680444285,1.7297837008077752,-17.465910336831012,-3.0343954633384183,-25.952673098189326,-6.119254801656437,-10.700633054894439,-1.841186377224005,5.527885303987527,5.713233123698288,-6.56627327295129,5.4818744891614735,9.357023031156396,6.602032481761998
970,-17.556596015743224,-15.216358400982639,5.119812419058362,-14.095237668585604,-25.187136945833863,-26.493189529284216,-13.988415616840246,-21.166408763862982,4.407825759872221,-0.9104704124460574,-42.98964633161493,-34.383557849430225,13.324672249352233,-14.908350175371913
971,-23.07043661392511,-10.754364397232516,-6.804978619662182,-24.43421384903325,-37.70119222167228,-31.559259345245845,-40.212153379713065,-39.37427243074718,2.8562431679286426,-16.889846970664873,-74.51145131857956,-82.98884782086982,-1.9717608735008036,-38.38974295046564
972,-19.411011186419433,-14.983748587192114,-9.22820571587427,-9.562445295870589,-19.200869121321556,-10.15197082104315,-29.02686496697586,-30.292827066325664,-3.663819699190604,-12.531825952234136,-59.53388384827734,-94.316140335927,10.950830782877212,-39.7488108230586
973,-9.811949898326041,-1.6629764284351278,-4.339868856461726,7.948312440758418,-13.993558282106846,-4.319290705166821,-45.319026136693005,-36.96949044615234,-3.833755200351765,-16.561034382105305,-43.858558162895314,-79.90459483933267,13.01091284808201,-39.054956219411714
974,-33.66099586229366,-27.06427536699173,-16.703890417847955,-11.305541126575179,-17.315537423613534,-15.210670076840026,-48.40453338469677,-54.42291321954063,0.1637659438357422,5.074832816666916,-38.16522219070791,-65.1816657486894,19.133298312270593,-18.307441635441304
975,-9.65519031574422,-7.796898765457079,-20.462710438276062,-7.581871794828794,-13.440012727511006,-15.025489114019885,-53.918396950001124,-57.11208988781567,2.4685182784290545,4.075157993969428,-18.79864026618789,-34.90902579872571,20.275549284857107,-2.3073191216502065
976,-3.91442014868687,-13.557413438690428,-25.943594852084235,0.9142078976171095,-14.477442728652846,-15.244974844114122,-56.00116036961247,-61.95277773855073,3.072114535214009,5.802185724419283,-0.15143527073379714,-22.019837344055937,21.202121235637403,15.427913824410991
977,-17.811028551198277,-25.886051092602244,-31.360508225657398,-13.692236885697383,-22.14233095960778,-20.61370250972917,-58.74364651604954,-60.49740435798411,7.650260892434718,8.957819128841228,-20.19904912649129,-18.7191033400847,21.220088276960237,21.739221072105348
978,-40.841044393244864,-55.98190216437554,-52.90646399346597,-41.581642766276055,-28.59124028986203,-23.962829847272882,-37.58037917891513,-42.03045474929946,10.235089276444802,11.976486713948736,-12.284163828096018,-23.55629682089237,12.318772826614085,11.805936048250741
979,-29.396068604300392,-41.89779446013689,-48.123853157019944,-17.58252951684074,-17.37549373822243,-8.200645789861325,-20.86688026957733,-15.709499141251712,13.288397502935515,12.60878810058506,8.369027387828762,-14.43069492562745,7.058062855334288,10.339436641512712
980,-21.554539892143296,-29.418353531119116,-34.58472684898078,0.8119759897339822,4.1039509242649395,23.99441181272303,-11.331245350605867,-0.9264362581253713,2.5445906024864953,-3.04763121433034,0.19970531321105334,-11.121428304659457,-1.9253975227542652,4.75507664590237
981,-26.634358197224692,-40.8873932169022,-25.326785471458006,-4.145616973772489,9.719370765628847,17.162558658762645,13.152579609170996,13.210709788958813,-5.78920888505785,8.669860386395992,23.043021265518313,0.6578030759513472,-6.74260729245161,4.129295959250919
982,-33.64954504471718,-40.80852244884966,-19.487019487317433,-19.286533525402245,21.053267281444356,9.992634867616761,29.423259023800707,23.855471302687192,0.9300485986687814,4.98052935135112,32.88659528242986,20.975403923197042,2.4528361486353285,16.56302290569092
983,-11.581208754738398,-18.402219148890634,-14.16476775092026,-11.54829905069284,53.48484855762417,31.73936528037615,34.81857119174486,34.51386845573505,7.896367887795083,13.09684333714281,70.88862629633994,51.07126962304349,3.499354127266118,24.324895737245015
984,8.70554368745299,-2.175745849748888,-6.944676696725046,-18.868128058404032,53.26310097303417,26.133813344064162,39.379331714251734,42.41008460940678,6.118644664186486,4.537854933647329,70.51295289186423,64.99926419004544,0.07561958114744573,23.215471770836835
985,6.624933775680147,4.118985762537569,20.395069116622956,-9.084060844391443,55.65442350720731,25.45593972220851,60.81131691958503,46.12139178985257,1.4569792014592415,3.3786950893243457,86.51654045061383,66.70395371542115,-6.683132564917728,15.826898220632716
986,59.83237216861437,60.072154738450074,55.14616664881496,34.797403672051466,77.79317342711784,48.28207434630626,66.31504111050737,68.66667200660473,2.049186051241084,-3.126063748304273,68.83498981716416,70.52774252146082,-5.084445560342264,7.627962449227567
987,50.37345291806575,54.533411648854056,59.373837346313884,62.190116265172,55.535177804929205,56.118635293783306,57.11121027155898,68.97195236153182,7.156665620244087,0.8956390611278353,38.27670568649165,42.625121502799836,-3.954202617568966,3.3162907411324962
988,58.53167964866335,65.28230890686099,47.371278501956674,57.80980179090054,45.26970133511534,36.92621673550127,52.679873824815324,66.26376860135838,0.5995433620660803,-12.400326987574008,5.110859712924286,25.37727249348282,-22.666535652098695,-11.67607072361875
989,76.88770829502045,82.27481662034401,71.21919540665817,80.10334175268463,58.33736888345214,46.86377244583773,77.69926920452073,85.71620277743583,-2.236101080604976,-11.495007479650592,28.279989676894136,24.96024390493001,-16.59088975122492,0.054056930988168196
990,32.46200433332345,25.66173958848004,61.099511818793395,45.38419587379992,36.011203217480556,12.334183324627428,70.54860756729538,61.298271805521566,-10.06780358900244,-14.336484932226941,1.1412700036603907,-3.4973130935735393,-20.293365797838458,-18.264830405706608
991,26.980805398288318,19.801012901814904,51.398067209562036,36.18925638898479,23.963297575679263,14.33925835603499,41.056967451695776,45.365687136989244,-10.375568583207528,-14.933825814675469,-19.97362566170902,-11.695986748945138,-26.1679337382929,-11.574752887244118
992,13.479846276664137,11.992651078553264,13.700429177921636,21.792260988493336,2.3186331031182394,0.9790536141122491,31.913615125067743,43.129909160469325,-12.229864074091042,4.539410057455903,-23.62218128107987,-2.529089920171251,-16.30913236330408,-17.199194593944096
993,-9.141929182983349,-16.763446965284405,-16.42909812872718,-9.775297354201053,-28.998287494092615,-28.893010954506273,-7.95369086868763,9.631381859873681,-0.7811779646366892,-9.136780074148055,-52.6183937871925,-29.953250144766667,-18.79483698641209,-19.852930752022655
994,-55.497308350635834,-49.96026492314986,-47.18572580925515,-67.80820839368225,-57.00491340450003,-66.64055540384919,-19.512673802784153,-30.59412273992559,-7.221324812576949,-15.565711171006981,-72.64405873235846,-49.65603060251615,-29.36670630981353,-39.104185165513236
995,-52.452828639581284,-44.04054358370128,-49.945964479833115,-60.87924711961609,-46.29162659501609,-56.34531303893977,-21.205575473283375,-35.5577492810976,-14.172795585247014,-14.185473227404781,-69.28672988022132,-56.11899709858156,-42.81893938107802,-44.51176556175015
996,-22.688182282154962,-17.951469444724346,-26.84324767229114,-30.93869209397688,-20.99444307734273,-25.08514515769019,-8.61879296676273,-8.653932021501976,-7.7261796939517415,-11.856203521702454,-26.716902010825383,-39.88403170699956,-39.07402085454668,-45.283566099535896
997,-27.02370658707806,-20.449806835166118,3.0405526400405294,-12.861916103607957,-14.311455562798615,-19.09908435279367,12.447325714297325,4.190955319449882,-6.329461823065034,-21.543425951315093,-27.714854115222273,-28.03729865242184,-42.52766697520185,-38.867570865563565
998,6.615486455626388,7.531097577008715,13.769265427688337,10.182469947073933,24.285992689314384,21.151026543743228,30.431355489119376,21.518652829538013,-10.187791154371098,-15.281789147032526,26.06108239008431,3.7528582748928514,-21.123278987704413,-23.854124764654447
999,23.777901225829183,16.571252113839783,3.220428357374054,9.107957284388393,32.446951396378054,32.42225668195805,21.245642590798845,25.76012245048968,-13.579400551236946,-20.555789803898623,35.243283484835075,24.383794474382743,-25.4849433051383,-21.45344905852421
1000,18.53300216246149,15.812202099108658,1.007398760147635,20.483761547951037,32.990272861165856,41.73785815783753,2.922557968189905,0.14150726535061403,2.553926515065866,-4.992789041263474,17.588987441681518,14.127604514615303,-19.50464329544732,-27.784862451298704
1001,12.53249375386709,15.04694697005396,-0.5049657554720616,12.803714348612518,21.931363721563155,33.891439535739586,-3.495866003559066,1.3567662135824385,7.535012246645088,-17.972170599416707,6.054881651638329,9.090891886785002,-23.43069286281944,-25.82235646875231
1002,17.805853528717194,26.64715361234301,9.721670896438306,9.867521654345309,13.720158838660582,30.453270883097456,7.290682049696633,-1.2290051837219966,-8.910167597318301,-15.507533090282843,-19.139786755351835,-3.228311095681006,-42.36436709252767,-37.842903527554604
1003,39.33289320669492,48.33772316051754,10.548067014486879,17.14399336470453,8.111062974107211,27.321490218010585,6.4426579191584326,16.507974108774164,-13.728910908627915,-25.82482317382689,-5.604545975027421,4.953908603816043,-35.444383185285176,-24.02436970680859
1004,27.992193660299726,39.13230529295183,0.9626309498209705,14.4693579969882,-8.11657673546831,13.288669317971918,4.643458786102335,6.953119325608943,-16.555737789784782,-22.727254568526373,-18.821894889679896,-1.2807543641159247,-41.12978634900428,-25.65596071784021
1005,30.065704777271435,41.90821794455418,1.2081708244558398,14.577855701232279,1.3341036928877816,9.042626543155425,15.800925022942637,14.587758644849027,-9.336129663430745,-11.054830214212464,3.287657438542312,8.320206223723208,-26.373830582013685,-19.087720312433802
1006,52.57516588909041,68.67517566763534,9.4527346183605,18.451461185578054,19.802533813684782,23.365715522048358,32.138958027406524,37.867387819872484,-6.561685995599356,-20.333837372158456,14.365422074931939,22.659979630982463,-25.61362570867235,-21.755820542032566
1007,60.534932297681834,62.400576783067656,19.280461716015427,27.982995191128953,23.443994356199845,17.591862784784663,43.62340211480371,41.000125864640566,-0.38202591962818594,-6.087658143201706,17.556201656971226,26.147716059095828,-22.55643522457992,-20.052995323472047
1008,45.46024636831592,48.74712505842213,10.167937896452791,26.546811465552423,7.532691305922514,11.258085359465266,23.134218347695487,33.861297805252136,-12.032702343777267,-12.180265406721974,-2.2805674147016655,-2.8228803332080514,-37.89452371370979,-35.254002063102114
1009,21.653634645688946,28.24314216188602,1.3274489295619007,12.797373948581162,-9.420383410224288,-14.259983303298641,12.733807835432401,4.711508734414742,-3.8259816339852883,-14.995789939040987,-34.65766762223761,-34.667828188354676,-31.711546825277075,-38.36903910479759
1010,26.11781186760621,25.552191245638348,0.5646713240058526,15.31001255859646,-23.64170944822915,-15.542353448821085,-2.4384504402191696,8.827608995811906,-10.414691041506318,-21.05777661230281,-59.26594468654414,-46.434855214609605,-45.063857694536146,-51.879881787536306
1011,17.073044018102074,17.858465549411047,-9.655867871434795,-2.8018169618713484,-33.82707323597247,-20.612591224950666,-7.263445399871905,-5.551832668187505,-14.5653721917316,-5.564678405069024,-68.21798757710926,-49.00558350906928,-37.824250350630436,-45.76138851138051
1012,-8.190067027940376,-9.708618354502082,-21.262909219964687,-19.643361612778758,-47.841486147286204,-38.4139990891102,-27.96181757099033,-30.24489638077863,-4.26783456939351,-10.923721395092091,-73.29428369743115,-41.82969993791331,-25.64092292500383,-39.155267420233436
1013,-18.38780193704716,-22.200481251128622,-21.121441686310853,-29.12060653674205,-45.345731441369175,-32.6143143262991,-29.826284140858597,-27.82047730840868,-9.129057002852592,-4.172621111601778,-47.01407344739865,-26.936478043808027,-18.740626548233976,-19.2821396379621
1014,-2.8857574660813268,-11.915173069020517,-28.14978992220658,-34.17920541132971,-31.79886056186287,-31.220160004360007,-30.507238081292602,-25.719460395023923,-6.364463502307902,0.5345433666819588,-22.47981865650301,-6.6202080530120515,-5.790707431566635,1.835702744985442
1015,-9.371269625246846,-21.52444770657071,-13.684677309807563,-25.13249069533477,-23.465335304132317,-22.304379704754172,-10.305524347156014,-14.145507005067364,-2.094775105897132,1.5719922081567197,4.642617093621403,2.108764415710874,6.953049575363995,19.177018725765205
1016,-43.38719643955124,-52.1134055791244,-22.884975158196777,-44.32095910662492,-15.854090403547156,-35.65828941227795,0.6674254637905085,-21.558793039940713,-5.190203070141981,6.682826009407874,4.601072355638581,5.755966461412206,14.213503252284921,16.137519450380445
1017,-25.53800941414967,-31.932990062202634,-21.35218193639739,-27.2760563451605,15.764331022396476,-8.986837045151521,16.694538316296605,-1.9669125665604263,-7.537895697149524,-3.7370836634813234,28.82130946101032,19.0683001910589,6.233369974933833,16.617900073603977
1018,-5.994754868313112,-4.7656223169117915,-5.620472435977568,-18.577732685620852,49.577949845122674,20.170522276731877,39.91924163918464,19.056848420342646,-3.787485700908394,10.783702149200376,48.652998890126646,49.29844817208727,11.846529923573241,23.388390321108854
1019,-7.299153597662776,5.888507640099704,-15.45455684338585,-13.305699549545743,51.092203931736385,37.98468365514653,36.0235645279591,27.87485363251172,3.3308086956272205,12.224690462726631,56.321859829539804,36.172144889878005,9.626548766664975,19.70771971341645
1020,-51.86531972739718,-46.337109870759754,-35.62544224363825,-50.810020477490646,38.764885288719796,10.605956485424088,14.441553368155615,-5.888508650291351,0.5608983503167829,-0.3850387910096692,35.63502719281177,20.11569145705522,-3.0534207118616807,9.583845820236835
1021,-31.38712890738038,-28.945561321169507,-32.12879956586141,-54.909324317692125,48.88952016726074,15.484318559705352,32.640176436129714,4.188018056427685,-7.221775910935548,21.513379373686334,56.09887668398592,36.962145235105545,2.9515879117394586,4.1179481704171685
1022,-3.276669039333777,8.94899329044456,-31.11629223443035,-36.54886364976162,49.00972866148389,28.83783037605648,30.920030086670433,6.6186446038211315,2.728366067831105,6.08164036450581,61.69302622566698,39.676357503561434,-5.420340202275596,1.3851258224091332
1023,27.24685779169081,30.183635521313757,11.4472350324236,-7.741297564866979,60.005099901691075,46.18090438275279,42.255760446633985,29.880397870855983,-3.744727225261355,3.1516712269189915,85.51319868882435,57.96925942981508,13.073633151351594,18.236107693847426
1024,36.35698668358302,44.026952825762976,19.664879246431074,9.896708286580658,40.33974738610976,42.216566504530775,28.0491696207098,26.25498691144827,18.330494362477452,17.883932489621397,78.88390455389036,65.36577420345702,31.849146648076815,37.763501770357216
1025,20.770229864925547,18.212466168738143,8.862888959155013,6.588634025237295,32.14743748618909,25.169732135774957,25.3568479723408,23.64108520026588,14.005842273122207,23.39395923822974,67.38268907149467,61.815779557746936,44.02756880206577,58.374030069387906
1026,20.709881729266062,32.129240402491526,19.234437266705786,17.568766473502116,28.200864899970476,24.01994724770871,40.603516685409296,28.66256782984333,6.396915033638682,16.39607754791406,48.92043331137881,57.26365759885513,41.54714129019315,56.02564914935947
1027,26.0255936025922,28.159809988021987,29.57598314255,36.87374548732233,44.275089043585524,33.407158921869936,46.58093140106194,38.5347039013007,9.422407964375314,18.821533136630585,40.52211320317823,51.12941018741529,32.8868876503324,48.77206164336463
1028,1.3126571530965554,-8.167939979930164,29.937862811133574,27.555358907669927,34.61903182493632,6.01733306926242,36.339975799628824,26.036070683584864,4.017546423552439,16.682558082763578,1.6261475750282948,27.374518134088678,20.560288745656774,29.672351090978633
1029,19.235348248785265,14.366981737582439,24.12793062129306,22.46323240100178,34.92449987113319,18.15805593673151,49.918177927535304,32.91912959514525,-3.3182497093612646,9.548291664459281,-1.5683008829377716,24.975659760128764,7.260394046726246,21.800553656820703
1030,4.061932885776314,1.5852500871215818,7.573210917508014,16.115395666362517,25.69811180778934,13.660722593621022,24.740723607359815,24.195577746688787,-3.804844351818178,-13.227545403398254,-20.85488980648346,0.3456785909474039,-15.77207179170107,-7.639256654490135
1031,-6.803409298427168,-9.811097036321115,-0.2761636962046854,12.808804537022024,17.278401813073604,-0.9734809642457315,23.2713489904487,23.95198069767909,-1.2228018904251101,-10.184752952990783,-10.220465763764476,-4.478676341775641,-5.841601430408284,-4.973957677682817
1032,-7.816040834835176,-13.904906449682025,13.15661357365965,10.350728673394597,18.43331137730545,-3.079698167011689,28.753004546236628,24.094902858074214,4.510659065564997,-5.2921265910928525,18.53692838535295,-3.389532198460536,4.442083937252907,0.8521972900052422
1033,-13.971174551577278,-16.935080310082093,-9.468350658623523,-14.303116718332717,0.2943801991146705,-21.029521972798655,15.79524098438853,8.053037745831585,-9.645371888204483,-6.630327671890534,10.389570284615301,-2.6944312991430226,-2.809897137075675,-0.5956076983590475
1034,-8.55934468057452,-12.94647518726398,-15.366591056886088,-5.423874706732185,-2.0904928941861227,-20.794780519311093,1.1987645253378292,-5.850780277144386,-0.3369012204668949,-10.558942331227135,-0.01210288983658181,-14.053293271597562,7.9648237973272416,-2.1370991189938473
1035,-59.4578406201681,-65.51074453481532,-31.92688013698893,-40.1873028309708,-27.927587812531105,-53.89337447305541,-16.21975126178282,-25.337198218194246,0.5982540315670543,-8.367703546079623,-13.006811140882396,-32.68476067542272,9.669345052265433,-9.527008538468909
1036,-36.7140210966611,-40.87511595122634,-3.5732657943127593,-9.24808011689826,-20.878632662116082,-36.29651952973952,5.076799528766209,-7.7456670638907115,0.37471440394896466,10.625729168195656,1.0276109721259759,-6.686265386120071,21.140943229332038,3.564755475195979
1037,-23.772095473740844,-39.02801754205271,0.46922482484208167,0.08333443691531395,-18.020855550899043,-26.893070484501354,8.998736114602995,-2.288185588913115,15.032280342366137,-0.6297599082605687,8.77295378984465,-11.945068546791795,24.573938415147452,16.243439685665674
1038,-8.416993734271422,-20.997020362374357,24.143132247546944,28.96367926362629,-9.458235828203355,-12.218752578745178,2.783000782423495,1.188870999988596,16.224483315148774,14.36619617939597,15.801353961371131,-20.480180551538485,45.09361218082598,19.79625448110775
1039,1.8054517566293273,-11.767462666373993,30.892654901832028,30.157341295790083,4.6416097200461595,-11.651504863455147,10.660478101467538,4.215510184127451,16.494094412077768,8.264175925233031,14.471583155911738,-15.477293845408651,45.42330860965076,19.56990875098074
1040,38.073229973472586,27.683988454094393,43.10627424568181,39.566886210254665,30.719427953098496,17.7645969903661,22.64220044746938,21.768517260825377,29.022502391941373,14.115992181956916,53.85783449377932,2.908855867107061,49.96470770585943,33.96976983100367
1041,66.78712491543985,55.642130240389506,44.40756226331687,53.246822362933884,45.19156590106896,29.929127749696814,31.83438487778364,33.4735303589891,26.41484707001969,13.175246676807127,58.652927950390634,1.5923576890024926,49.10382158579984,34.56144824006666
1042,88.54522262150606,82.1997361739324,43.10457618026385,41.263510406646866,54.93461594502308,32.29532671745012,22.30993827227567,35.28156925644983,20.098296967376065,14.303454592033198,51.55929469737831,-0.3965704467143504,42.68137683591495,28.508028605132985
1043,84.2753098106425,81.59793689087903,30.095147860951645,17.503800719567288,44.218397399662464,19.597713810401,17.367285652457507,31.440476973007755,24.209980817281423,6.7233136465062,59.61025742693245,9.135871862694424,43.71077904557036,28.614143445642778
1044,81.6097741032458,81.84664275458763,-13.541653637979598,2.58262360758771,15.095392446973696,4.591988399476038,-10.760705401691018,4.0104637517751165,22.303462648533152,17.10154795987512,59.36064249891924,-2.6298016323938507,35.93156540657064,24.04132598304939
1045,58.514428873795815,61.33694080656397,-21.39038035565909,-18.865145369545253,-3.0270106124629317,-7.940261526379304,-28.713150962471207,-18.471658929585942,21.541931660922273,2.134688036534343,50.171792020262366,-14.942152098262486,41.929498159432164,23.686397969379605
1046,11.693393816833378,12.007307265270242,-41.30033567640728,-41.55706825208505,-22.820476008506077,-32.110938187521185,-30.827645929280436,-34.67887483459083,18.133984696959995,10.348902632291084,32.25618405862515,-17.75953140321152,39.52240978757667,25.791715321766333
1047,0.871584931957616,0.9456310879742191,-23.207220984747696,-35.76500150334197,-21.71431323529551,-29.240218113838445,-24.537854406139584,-31.5734619496873,17.222656679871132,2.7262190700891242,33.46086925969112,10.38590633609745,36.132156239027815,24.442856320997148
1048,-9.687393353624893,-12.283193279561257,-39.53178024164047,-43.31411517801171,-39.132566361244166,-40.40924226294727,-39.29837804527919,-39.147377715150455,17.103928893061276,8.285677989241005,42.198965046064814,10.310235202311764,31.22298752557467,23.369445729495308
1049,-29.186675146297805,-35.57119794234096,-18.478496712417243,-24.166890026862863,-46.55446542588542,-32.276552975470416,-52.71806713292235,-46.11836778766589,8.131108026868882,1.2532775315279547,13.472900309357932,11.125892935582925,25.852020600754066,21.987888504263243
1050,-22.93470864573882,-30.50248668623862,16.278791997065827,13.331585169060435,-34.04114100089215,-13.641928419386934,-37.04827450825955,-23.342062310735844,6.184298361296245,8.843061839115144,-3.04683841230612,13.075830891428517,27.84934909794191,21.609534326040386
1051,-9.971945313724946,-10.992529263811738,16.477956900206994,17.854808815149024,-24.448256948190533,-7.069073534040149,-19.5524844030606,10.240861483171173,-1.3993843436869133,-0.707110096132834,3.292813732624154,28.28006934590917,18.671929118327704,13.512227499911122
1052,23.55625713183684,23.75639026182908,39.43886743379564,51.83362750543057,14.114161181676609,34.43609720873294,-3.1040566006707593,28.881899591466414,7.356675563159182,9.608517122127942,34.85892069256437,49.67753670494153,22.684537190641088,18.504087905880986
1053,12.78081578536307,22.84155392943867,19.723152853669273,38.87394308540487,26.288279658432,40.05038601273556,2.5916754140233933,14.531100546465492,5.215720477718379,4.784310231252581,36.34998056289002,55.35947139489104,15.544305897843715,19.827929090370954
1054,29.889983762909058,31.98204135042143,24.89655624196045,31.60871275667302,33.90804347048599,45.14057834996157,13.871391247450418,21.980876577633495,16.02417825961065,0.587102067073566,69.94909468714498,72.77500209983378,23.87996352409389,27.71731922989834
1055,35.693663442772475,27.920913208795877,16.48794299789445,28.223757260188233,19.12408314065506,36.01076806017585,-2.5747145375236093,-2.221534002692087,19.71777769160571,3.681575869533514,50.101388857907125,64.90540142854304,24.16177755169617,29.209297033130714
1056,7.0018814976861945,-5.691052776766509,-0.28121923192235804,-7.282514707128335,-2.585133999558018,-1.7289468395003358,-26.348979627629916,-27.893635827721226,13.736077321257682,10.060236736301956,28.12574405099839,50.983318763278525,16.84662287234846,16.12401077604323
1057,13.896640296645977,18.210481868175133,-0.5098772882087836,-22.07455551309189,-1.5853541104853999,-5.918933600123447,-23.278444955664458,-27.12374993791809,17.49593803298061,5.47352078880353,15.542349398105708,61.58290375682288,15.513622913323095,34.26170016000554
1058,-19.415684616349886,-10.31661434674561,-25.167893974171264,-43.21751367007608,-24.489306041308044,-20.806907477460182,-24.865233296767105,-40.14060772108892,2.3936175155139052,5.177683708165533,-7.764764003980073,48.034988322994046,0.5541227271162785,13.7562473236993
1059,-42.86301197775296,-31.512881729182013,-32.46547941915617,-46.592809999907786,-17.75283420375107,-21.591407906191485,-29.741788039533326,-44.173718137712584,4.07245753639951,7.3742771458187395,-13.984633551011447,36.07213038490098,-4.961973505738262,8.113132454788422
1060,-24.263608481688195,-21.396517903047712,-8.527062485860755,-20.786065115859554,0.6325142668136263,-9.380839235439577,2.2082272706230723,-15.839317677283422,9.133441795478985,-0.4487687915816192,-2.8649391852646757,39.726890965302,-3.2132747349493362,3.597964725586553
1061,-17.739221466624816,-16.950615878353627,-15.909851880842346,-32.88727016263386,-15.650007125374369,-13.955065605624355,-11.036559549163593,-22.10103997867107,-3.9880730606130066,-17.21603950407999,-19.080874827089392,16.7958007639561,-29.44141511213042,-17.750130263299774
1062,-10.958909154871451,-9.106830036226645,8.445516404219118,4.038361873596079,-7.853757359577383,7.484206941858523,-5.81454447442052,-7.0993829128015165,-1.8295890751188881,-21.264449490529508,-10.637721026794146,3.6137845006369327,-27.963284770535935,-23.60073780835302
1063,-22.392095708610285,-14.808958263961424,9.565569908763718,-3.3040581050118036,-9.101398480205384,9.968645253951012,-7.688387110621696,3.3995684835972484,-12.286407939053008,-0.2550841578369658,-27.162383346327886,-12.152653191204088,-31.32833750049614,-33.23808796517944
1064,-6.364148800243914,-13.575658745662643,-0.5386001079569303,-0.8593338657910146,-20.225823994008138,-2.251692507063296,8.296074660687063,26.419841820098405,-13.064206701152267,-12.9325393393034,-13.336567559888502,2.7982045606857433,-29.050014974691244,-29.06983286246542
1065,5.146475080119272,6.509541914784522,18.862365097852443,14.003518239005544,-7.1333882416442576,3.6473737053566198,5.302231629306128,24.082913910862104,-16.935428204049828,-5.6952310764104395,6.0748326081195,6.108202700470122,-15.776729186239283,-17.698932493591556
1066,-32.947976195138224,-34.20128872001173,-8.937407968851968,-7.038095170339087,-32.32751923225505,-26.55191928310806,-11.66838827519324,-13.951427046971087,-11.688371201914956,-2.16564672020057,-23.167187113069104,-16.94341085181819,-17.49435842762746,-17.72917875172873
1067,-14.858065841817137,-12.828019550699734,11.265687697601143,9.458229917202676,3.6428569850686223,-6.613557122966528,31.891413854481907,24.73509548477832,-7.555565615310061,-7.001636120579398,13.394918997726027,15.038834618020903,-8.21691516894263,-5.546107504843809
1068,-32.57300622903878,-20.135355188689186,-6.462952903014013,-3.764843006042985,-7.736053624991016,-28.464970356536366,21.559470437310548,8.781601607969748,-7.157825260573898,-1.5765647381629389,-0.6194762124438897,-20.233519054487374,-16.105032043580824,-11.409605003226874
1069,-57.97530495202332,-53.41118048815235,1.4276180334751165,11.20564300148152,-15.878173946051708,-14.914911680751086,13.021082685934468,3.3624029140927005,-3.962632324572628,-6.8007545665028,-5.359158560758282,-25.717943523610025,-8.827609863883966,-6.6964046988861545
1070,-22.5156182615655,-16.094863178799258,12.034369940889732,31.95776748273237,10.190785126682979,11.427458420269591,38.36262026494779,35.9948847201659,8.516626331985258,-13.884823673813312,16.28504893649054,3.635271295117372,7.5595819451692075,4.578174565119003
1071,-13.367374436805244,-6.235693633084822,-0.3773371096319205,36.48064477850953,20.17873705822414,22.754197201684402,41.51713549453773,44.913643502379664,0.5969413762756056,-10.471233041764167,20.64573017753682,4.136028607725813,0.860738590234582,-3.682010167853497
1072,-2.561021758579727,4.180302170210545,4.5164419861061615,36.41238711029396,21.811671334141423,26.085001078588018,50.09065182633826,65.52121820650264,-7.3054800829797015,-14.06504769532907,23.40932796033296,6.166068331455344,-5.744430066864168,-8.205156863745025
1073,1.0252351504995036,0.13488178790338268,-9.135595027265142,8.761425475469245,22.8481277918702,10.073403172189458,52.14604044915219,54.63837392870521,-1.0561824850708963,1.5896910631976446,38.42102076465489,13.493582209563588,-5.253603640542989,0.5546132965285845
1074,7.675215222415316,4.047370270028359,-21.05037066620504,-12.856555542903934,17.56047304459006,5.467298992194711,40.225593401227684,37.021823098357956,-5.593237482549408,8.56771649124696,29.242843216024262,19.69587483895506,-8.736021555808964,4.520318268686977
1075,-8.797941736244512,-5.7190658070972695,-26.271727968815714,-37.93959037058702,-5.565969384071226,-12.690015223612798,23.056840777898028,15.170521124990561,-3.548609651592081,13.998260491963318,11.127341942199816,2.1784422024470578,-4.939589831756852,10.521829516791689
1076,-17.729461325272826,-18.887771922614377,-26.364908575285174,-35.40000057999041,-4.3696666924867555,-11.318831065709073,10.811383175675031,-10.566476855721614,-6.235021593047892,8.064790311986059,-5.909949631488416,-2.75164746136349,6.407052361681139,24.836698210602822
1077,-37.48420027584157,-38.772432277314195,-44.814110540587144,-62.1958053278682,-8.978029762689209,-28.016924542835433,7.902978882095108,-24.75693449293546,-3.886675044100866,10.134141257646476,-12.048546284213257,-2.995558383022671,10.933169198044824,22.69507697299318
1078,-39.79782708281911,-44.33660570085749,-49.13139796678835,-60.21174619368552,-16.386157939741878,-25.471148622570126,-4.600287902306427,-28.27806941413623,0.21259385824744884,9.550656530253057,-25.3034551639936,-5.437403831541861,6.5479551390421245,30.044536696160435
1079,-38.21975166880318,-51.00242030292061,-50.65809308428958,-51.72902228228675,-21.029559857256025,-21.137284273841356,-6.2842469526571785,-24.775138349306758,-0.8909918379181244,14.534841508951665,-51.75188143416413,-16.821258662510942,11.685977070417515,35.13753282178223
1080,-31.068446892083028,-50.23017508105205,-30.043821549387804,-44.299043874623216,-16.604344689524794,-14.216234439115796,1.775442015707806,0.21316217406660448,8.613232254687752,23.39943754697011,-40.676877234580566,-3.7089774495550945,26.215454221197067,38.00316491880731
1081,-24.990373369588244,-34.51392188714109,15.008688211705548,-10.83251832770111,-8.816628798494433,-3.4786570231197933,1.544102501138423,4.757892802811628,0.9561959547913413,23.539247856243925,-41.25525734057428,8.024916651641284,30.212320304725115,40.06973076530703
1082,-1.9468189255984047,-8.052334388617908,64.53808266045644,46.82915245724218,-6.662231198047584,12.105937400113563,7.382171819575625,30.29546399452739,1.6204926434193803,20.068977294701984,-52.01190395138306,14.092436278092206,27.014542602286358,54.1645594582053
1083,-1.8460207762789986,-6.2189435398788415,69.81010898865715,67.89164877243239,-9.724854445400496,22.439857511741536,28.2297746402479,61.2458101509838,3.282871976384417,10.599636716859475,-51.7659549927208,17.682651364878634,26.813219129259252,50.20783942808999
1084,-13.549205483993502,-24.48298074518718,57.398597235120924,63.12106429647804,-3.7907863727486077,19.06288750473988,24.927111987919208,47.69794681205014,2.735762119364276,17.239027843233146,-14.000360680831522,22.39699567228769,33.38469732386159,43.32976626438029
1085,-15.740288766835818,-12.811358288684643,42.93216191519432,68.49425385447495,16.91969620974251,38.451361694233405,34.91269217511821,60.25827977570674,7.605100538832763,9.408847144474482,8.20379845379542,35.86305158583387,29.087664067331154,25.87330398394987
1086,-23.028838382329177,-25.298831991045688,3.9369565123305446,47.2112285543303,11.709507445084489,30.884845636189766,20.018762753685944,21.72830939531879,0.32908514578686443,2.2402149907338256,-8.492263818991283,9.635985656285127,3.811693709296434,-0.3139316529179027
1087,-39.55364960661027,-39.53899964542028,-18.19974983161288,28.39394446222996,10.501501808915648,15.258135931295346,14.032327542840092,1.1138908802258065,3.2314679120091205,1.728553406698294,10.19768425146681,-3.5008703908692462,4.954613544496265,-4.329322240990283
1088,-36.568972354769585,-34.30001291235281,-48.4426766842468,-0.811309631193111,5.010013535352681,1.6878648725184218,-3.692819710312513,-15.667867339598862,7.826971879631788,9.12715051284607,18.36936950108943,-2.8780137625493625,4.581474856826778,-6.929377206982459
1089,-56.44908638335752,-53.81919401442209,-60.87205465542191,-35.96468751014129,-3.7531738232486775,-21.544987914767255,-13.00587702509541,-46.501433154584674,9.404859317127267,9.226095220030672,15.49447209234907,-6.106076312929754,-8.60654351592483,-10.30944289199798
1090,-43.788989038700265,-45.724048168709345,-42.380664747610346,-10.129899927305857,-9.98394770074898,-20.32256592197063,-22.052360903535973,-47.520178019640255,1.4940069231012536,-3.1954127541775197,-6.725482493731245,-28.002523557099696,-8.996842735929024,-18.9700860375037
1091,-2.3550552496397916,1.9722351406836278,1.8746973737233352,22.19588085777111,23.072620892852424,26.259426642018592,21.280217896413998,17.89715147437291,8.496026851021009,10.571222279270524,27.403196686027233,15.877138376769308,-0.8870534161099324,-3.6226663330825772
1092,33.000368689106736,40.85456650050898,42.70385916100474,51.372993049566446,54.14270827521817,52.462335059031446,47.250972314544164,46.507228336520285,7.228972215191966,4.220271908075872,70.6384219441617,44.25243895605747,10.326060287172133,8.547215657083141
1093,66.07081361010063,62.941123348554186,30.26127465966942,51.17330555950981,61.732814630306436,55.87498913999463,40.756742894111575,40.74833467497811,11.962862875097521,5.288468671433987,77.71771543117389,50.89428898484245,2.1550558115724057,5.729408162279703
1094,46.997116164916584,55.78164874318152,30.09855453119822,33.277678226473874,38.78238244565272,36.13483067317634,26.7741006923261,22.639152253277008,9.196746152692016,7.058870225442,32.870068983853244,33.23871533307491,-4.385175521234402,-4.793471185783852
1095,29.83951506888806,41.014859532201704,23.078214001115736,14.737612274290964,27.396231681102943,7.9170324141140185,25.99920368702155,19.49397405028109,-1.2634397308508776,-13.22280706594467,5.738692944161531,0.13323400890080628,-23.56478810627757,-16.489582424058526
1096,14.69013668506627,18.14421514727485,-5.076010810630323,-9.3849560877443,-15.226830554812784,-17.09160584111326,-8.910770949266434,-18.18293621130323,-13.626675784380097,-7.119880985941117,-47.332759030863514,-34.11898673698098,-38.575826950996536,-30.375234437217127
1097,-19.551583016034275,-19.24598367807577,-19.686045847658615,-29.96647393570547,-47.809621568540244,-52.69566761905086,-38.47323364553789,-34.3936199008975,-16.360081484024352,-4.632325991481891,-83.57731608051027,-73.94538513583858,-56.39294971610703,-46.90030279374396
1098,-47.94171638818879,-39.70204176130124,-14.309607150410367,-39.73145224897457,-71.1493541664792,-70.05751116975935,-72.90279563306414,-63.16233231796319,-25.32974730919953,-16.295424405058768,-118.94167549054328,-99.56507394612514,-61.08247200830423,-50.80877858241112
1099,-59.2836326903012,-50.19356333871059,-23.964240862863047,-29.4446436597647,-85.12789595181862,-66.0646609323843,-81.47510777792978,-76.18786170620825,-25.53624525909612,-14.735877575274978,-117.55971520000217,-97.10185552917795,-42.9788824068429,-49.420776374881115
1100,-57.117890860082625,-57.520802741401,-24.1466317917269,-48.14069056872287,-99.25991205813743,-76.66603342829826,-91.51886185696706,-92.39020421365993,-25.215049330320216,-18.127392789147677,-116.06971476260613,-84.69310997176487,-40.24393808500047,-47.16212502289091
1101,-23.760981923196173,-25.613766782105483,-24.9209022980903,-51.79383452890172,-87.22222892074313,-60.08632318673492,-75.24874073406023,-64.44925348873402,-20.519153675406926,-3.212497055035744,-78.960999014084,-42.91077276292289,-15.455520520724944,-10.563782541636277
1102,-39.7589520619661,-31.992581068978645,-28.08765358546954,-40.809778533387124,-82.82330816547261,-52.771202593348605,-76.69752399118258,-68.13426822818283,-11.463629924580781,10.330440938979397,-68.50621182591708,-38.77060927054108,-8.138080035887707,-5.433143852898094
1103,-29.74533930952424,-36.586949147578956,-18.09823706480066,-27.169487576747755,-68.56879531762947,-38.29517323052006,-75.59182470051034,-71.15950332679101,-2.4995076934192753,13.912795587347798,-65.73428188125376,-34.14634021940268,9.706664274219197,9.04486388451042
1104,4.889972746784619,12.077277516957892,11.092303338823031,-3.80373010739629,-35.03201710278964,-7.23620616073851,-37.81285129216961,-15.892773403240486,9.266527836762295,13.600946282557565,-18.686310458551247,17.997506132795422,35.21770222827751,39.00101914276963
1105,10.999723475261515,2.0421677784748824,20.55780908409667,-4.837473591787349,-38.182997863339544,-14.177680297308598,-55.17276179781008,-51.03140267011041,13.829723258769922,17.500882168899995,-32.20759452030005,-0.7688345108745177,40.84461210563371,27.892332488427158
1106,25.88077086376436,31.427615153510278,47.598319967000805,23.363439593533336,-20.857231405906955,1.9443526349978657,-33.26385097905807,-23.8718285347461,11.770958924088028,21.252755054928905,-1.8667422822006028,25.927539537087952,50.31376859829261,48.80700664251004
1107,38.64633139039532,32.95251815585359,41.52104772989053,19.872081043290983,-16.902568099501234,-7.101591614525065,-19.51611884310866,-15.565648007787953,20.598712405824063,14.99726749166161,4.130058086985305,35.0680695865977,57.287759304913365,54.07403532887756
1108,48.50610247947433,44.13447695744109,39.401758628539035,25.392891710321642,-18.694708728952975,-7.321031740342759,-19.210609915290814,-1.8629016157536529,21.755638790770785,22.222132230530775,12.59518976404331,39.16940576891958,64.45637902341146,64.51320814992879
1109,45.35730569550097,44.19361117261164,39.84933692810677,32.39236642650977,-7.824578296793536,-5.743752710908611,-5.594966750679274,-9.980433581896332,21.06339622942621,17.417803064402854,40.099351560496274,42.46415233712818,61.039499317103754,55.05468432105867
1110,44.07311395089314,45.17790005016444,23.97380009538435,33.066483504429,8.733306314984068,5.114477987363413,-10.367438845107925,-7.262886804986567,25.484374844517614,13.57184008155943,55.01722688487612,33.38352189964488,60.477393969276676,41.21574373489218
1111,50.7916197704179,49.050204776665794,21.413582180107838,17.213801590353704,7.294642308995522,-6.025204805497363,-17.57421487302729,-27.53975852328461,23.167455840142537,21.77178679886158,43.84885710033111,16.76207692640934,62.25599702549949,38.15230179441956
1112,43.4254458161681,39.72647547862322,27.69354955234407,20.324736118186006,2.515552167716859,4.46677500207665,-17.995513359056286,-6.789124140194924,21.39212265546715,22.51886608525644,22.96156698620446,4.814129279177678,50.12777194235538,28.30582776044699
1113,15.815337857789489,28.540621700524706,39.8148891347517,25.81183721701738,-8.461920439863096,-1.9008668640842479,-29.28284244818871,-10.012680374669133,14.651356056857095,14.945851137176483,-15.980261835492371,-23.263446006529907,24.23116158534663,14.809535804703785
1114,13.549121608347788,20.761050114821337,14.584886523659298,19.089977055513,-23.324425728570034,-4.033376270304021,-19.752543100152813,1.3697467281873563,-5.9037229397269675,6.323527188942788,-41.59509310186721,-33.96785992444039,4.855839340284623,-15.503208344205301
1115,58.49289778873135,57.52879910256134,14.305789572594257,10.432392125068606,-8.854994954841015,2.0300882862203067,14.970201130677038,34.02634244557161,-14.191596426412348,-5.376602932696681,-5.672373499785515,-3.928564209020408,-4.8259109699463405,-4.74325122556523
1116,46.03076618542678,57.50250304535978,-21.116906292494807,-9.937239200574902,-11.890987516630675,-11.428137293275665,-10.818143183224105,-3.520000269444459,-9.82133658175894,-4.116820858803951,-4.541948810325604,-18.779115754696136,-15.290166182608804,-16.56448242843988
1117,45.668175079558814,51.669046252849256,-22.979269916399712,-12.157313763817784,-5.808136654000809,-5.27582227443307,-2.3216213504865455,0.3707565442371667,-2.19027231246688,-14.60344678562265,9.317069640418836,6.4108761965377035,-13.203549870539941,-10.272850519807864
1118,26.43189474605737,21.56192099467643,-33.122154625368,-41.599165321089636,-10.406669824353543,-18.285100021654472,15.352052667939537,0.9823482965675243,-13.134626360279945,-13.250275223552217,18.325684281938127,0.2113843338067897,-6.398330664994804,-6.703010937599829
1119,29.896683785254798,31.543569343195305,-37.3282979177959,-33.086135440841595,3.7543065905490534,-17.73685639519054,21.79370985212642,14.540181228278774,-2.9597970945134864,-6.776749294426159,44.73016561583262,25.567537928209045,8.309481993511026,11.395276756132574
1120,-0.5097928035875008,-2.8748480359290403,-40.65849257939036,-37.28999840279683,0.18223139408940603,-25.696483835151387,3.2987277761858955,-9.87627330107934,-0.5479104021306452,-4.389446005984107,27.044517618535902,14.72929573632801,9.311250208196963,9.799247268422668
1121,-8.326173781469485,-18.57659089602198,-22.08936611484515,-22.620254865930413,5.4178368059586415,-25.650302444171082,22.565680372195704,1.4891325177392667,-2.56404082379242,-4.36894629383886,33.00050806200001,20.964301137133916,14.59501471563478,24.319559696106698
1122,1.789854583751516,-22.018825121379013,-28.341782652698146,-38.421324850053516,2.5013739035013898,-27.359811627082816,14.54875269068485,3.212559143526368,2.6951315391154558,-5.902742887499548,47.23048423974674,38.99245444363873,8.613089939808727,25.667819604160787
1123,3.6098166657600776,-10.058715445163195,-38.516550782815465,-47.681571970213454,-0.7823631674990604,-30.225937746323865,12.253625273085548,-3.3998787005460165,2.336500469677848,12.375314231497716,47.23253502805113,50.55955849287045,6.978756729145668,31.66978713866473
1124,-13.993202863530321,-28.827803155586835,-42.872919878974194,-58.413166473682324,-14.39943179881191,-37.493857123444435,2.0726889558092094,-24.994372740314297,0.8872907769404467,9.700917161617307,21.08176563154721,25.566921614754346,-6.079361052717275,3.3078424617091993
1125,-24.902698686264856,-38.592819784428244,-38.76710478124102,-60.879636750130395,-4.021657185357938,-29.318833493457678,8.286330380212844,-11.131085676204567,2.3462185308214782,9.35342121028279,12.247418510067442,21.749401813866346,-15.299910020682319,-6.548406065469458
1126,-33.66602005196481,-45.77113057368802,-50.32630470496557,-75.48150260864008,2.4830341792749175,-26.31895087827711,7.118351391095612,-16.049203496803962,-3.8529520948221756,-6.642054146347855,12.533045468412267,15.729765209844345,-20.28671507434244,-16.25806398490864
1127,-48.192983645504185,-51.30946851235515,-59.41637611270837,-73.091814897479,-7.161807812157808,-24.36418331732691,-4.016096259188372,-20.513466383424607,-8.625515826976832,1.7907880988389324,12.53417002508701,4.329585773988916,-42.73113008202575,-34.332108765530705
1128,-51.18816771456532,-55.12086436992982,-42.354891235718405,-54.21925109751359,5.963875759317072,1.4647179421243,-16.42961985915985,-30.99365238424422,-17.68159533963691,-16.79321282281549,5.4619724467259125,-0.9006256135729315,-48.60951640862715,-49.434664798255646
1129,-54.1810417237531,-56.02610500075847,-26.844037784234413,-46.10410786771943,2.515110405818531,2.3578753332398352,-26.5404361350973,-32.05548307334782,-9.237634458765653,0.37824383922129734,-14.560313524509395,-10.098491930460755,-44.348698165213136,-51.4972524614745
1130,-37.81500366168794,-40.370436650919245,-17.401513023484352,-33.03596632110493,0.9739782010724101,2.4762726064381857,-16.811757199435288,-37.15734797441333,-4.710068596306161,-3.555967471414168,-21.805734424090286,-16.55561076556924,-45.56907897471975,-40.33655064517487
1131,-41.007085708780785,-35.717176883848175,-4.082242121504777,-15.772754585118008,-0.07357889119740468,16.033482711001163,-32.93240368000018,-40.5997318925424,-0.4340725458206863,-11.777795441494836,-39.83466588561496,-28.701418400069265,-42.70081471031431,-48.51014491899191
1132,-21.891100281626542,-16.69437312866436,18.485519519447696,27.675342253727152,10.972211455185093,38.89134211908131,-25.624034914831736,-22.31857394176115,-0.9536437510553751,-6.2714585250048,-51.99996300498182,-40.62631400482052,-33.057088434020315,-44.42242922984058
1133,-26.285364006316343,-26.252280987942353,15.502330036846148,37.544844233799154,16.415292496347746,39.367278639344555,-17.703190423036602,-14.525822513899296,-12.850027652541526,-10.755153873084623,-42.297363222150224,-31.563011314365653,-37.625751232877754,-42.44299577861137
1134,11.207958381348105,11.054202136056057,40.70445176483387,73.99895084785696,40.452173176867056,66.43509432429848,44.86597217195373,56.33762326892323,-5.652476381840699,-7.84480259784086,6.2963199352535,7.253335430322685,-16.734428431459417,-13.783655964100223
1135,-0.5962104548751367,5.929574212790841,33.49272055556212,72.76330597503387,41.72482705284365,65.25476708482269,32.53798991938354,36.47231564858167,-3.7157175533690805,-11.553013778047475,15.280623014176147,-2.9216021815083604,-16.304037898957237,-21.901661912638613
1136,23.149170669226926,24.378563841326237,36.3331310192657,78.43155306923863,43.98951735135668,72.88314797094995,42.21447606410554,49.478966331269355,-5.518254841846622,-4.473221632393128,37.14825191797536,25.530176674167596,-1.2338125485306373,-5.446504943741969
1137,33.36248581838073,38.420584087705336,18.564106045466094,54.10403283023681,38.70191583557333,57.66480389613882,32.30162046555444,44.2651747535976,5.646863500916601,-14.417840844710895,52.82648464608263,42.81380232968165,7.820977755892478,10.019615857646473
1138,38.94411404978039,35.841284793577415,-1.590461105162201,41.47251839157634,25.20563994210105,43.671747970560844,17.01886022047406,22.501655291320876,1.4831282556316996,-1.2136521842875703,32.78765260482865,35.36767362115341,1.2173970554535372,-0.29746078055379593
1139,15.843705962806508,12.44036887714738,-5.7396737838276435,23.66350164514366,13.331156920007945,24.950601129916976,-3.599826339528509,2.670045577552496,10.70592329176475,-2.3138854521296923,22.484678302143912,15.431080496907745,0.4850151529737306,-10.980497869717958
1140,-20.31966697370205,-26.364788716012455,-5.448841307347204,-13.9067351728355,-6.571893951468548,-7.141027851005,-25.424740198590012,-35.56780596775967,-4.108825145416955,-4.580366426296672,-34.0324410014351,-31.42624170214683,-16.51351232455731,-24.460423581842146
1141,-12.593092926529383,-21.426531081070404,-15.10619934292326,-17.272917715280265,-15.370711202119193,-11.353729053229623,-39.59562986840995,-38.64692819457718,-4.020164824018331,-8.582685327711857,-59.30235770799955,-47.32731173592109,-17.65372722437045,-25.79505082237134
1142,-23.916427047607062,-29.005511783878426,-7.718060660236734,-11.870063524667616,-22.28666720526636,-22.73639430439726,-51.28895531316201,-45.26418057869526,-7.161481468337023,3.1683883761539775,-88.41434020547368,-82.44767708524819,-30.49841338525085,-39.44510175383381
1143,-2.5145335205893717,-3.1671796997673756,-1.2773625383176659,0.7651827525676866,-20.772748113076872,-20.76982603342006,-51.35570369463054,-43.846161528690196,-15.484708853814979,-24.67664078627344,-81.77963608608603,-84.05138268772335,-25.78701443757752,-27.55377656613467
1144,20.169078715119202,21.05631848332634,-9.663974016306057,-18.60782097199112,-6.393785788012712,-5.036953414269545,-34.9142433156724,-28.23904369118525,-5.421630899936665,-16.690620449576432,-60.988284896009894,-63.79217647946348,-23.298467058654452,-17.604289038046634
1145,15.947980147580274,25.545641260362963,-2.5344353635328285,-16.43789428017784,-0.10284421520490494,-4.060995995913826,-16.857653133583614,-14.728596380439015,-14.307673917675821,12.22317358633535,-52.59972675490654,-50.125356202238464,-24.60658193647802,-14.775140391987525
1146,22.436552216399267,30.96268457031261,-1.8260981168332877,-2.585485295849625,-1.879603389093571,10.483485827483767,-6.679216063052233,-12.379678657504261,-17.192822200108136,-7.733951500623396,-26.74953938106599,-36.520648668575376,-18.301296068190194,-20.12651494655088
1147,30.4236015725568,42.06022466511168,-2.372817760812763,-1.8141985601443482,6.147983064198886,6.134969771896576,9.249124458883523,27.80681122603604,-9.806459767654069,1.882754853605586,-8.942284350316402,-11.756044678118394,-19.71881483317849,-12.423915756967187
1148,21.534030967376435,28.84858793823616,11.064632424377352,-2.9781671945294206,-3.3865675348496165,-5.501282279785494,16.093470202149582,14.84469464435046,-12.387878403525965,-5.292668630261467,0.6725960252057224,-4.075119946381815,-11.378177448005117,-14.961044575159674
1149,18.052927905745506,16.441936303692227,13.531967474563809,-7.394506802283057,-14.18846122865111,-14.544655172223003,3.731677549481464,2.5788289247558027,0.1898976735286094,-2.1498980626118755,7.445322760811232,9.211774915375898,5.200026623608654,0.16204332442222835
1150,-0.1407772311728911,-0.7437160464297312,2.1537899548083255,-8.61412382123846,-33.09495453073028,-24.11710323052625,-7.082430627445968,-6.497062871480667,-3.891506421001061,10.62058088550128,-9.718725415463519,8.72601066287172,6.407034229568296,7.527967076875796
1151,-1.2848187158800193,-1.1383198414193167,-5.99718128325926,-13.095503040137633,-30.62744011000082,-24.712078533906315,-2.815229862285706,9.240766475480022,-2.4714347021242635,12.051526157241353,-26.193844988023045,12.435610161448755,11.731415145013976,15.8779535953255
1152,-8.418914534721038,-7.847728903789077,5.747878385528023,-9.865611999431522,-37.64718628179578,-26.977941590191342,-6.440609384811885,8.487044910398946,0.86864331272248,7.49723163032599,-39.33350105728996,-3.8385466797192995,16.546817412833825,11.36393987689687
1153,-21.45914066554772,-13.295056859448675,14.718675122741319,4.824740261156525,-24.454788691608044,-7.973171389654829,4.771665057221433,20.135748630625656,18.863175264047545,5.625289992403486,-39.28561273366057,-6.319957576650706,6.1067795365478315,8.269875943971249
1154,38.05498585929402,36.76154338607556,36.21013122211235,37.53108282292194,11.685820222275376,17.46835427615494,50.1474644356848,69.58734025006217,3.358209235430872,-1.1869771090317183,17.943403277208766,29.25696247326136,18.795131562814806,20.752790337308785
1155,28.434735836335342,34.78851330162379,18.22321426931288,30.272723413528944,5.009313729817695,11.758141863248577,35.716239144598305,54.713327737867374,-5.828839005799278,-0.7465189343477329,-6.11305403695912,15.176720869856663,2.7962922029197803,8.662084021518726
1156,64.78542724971607,61.183600382299325,43.055123786214295,53.26756369913565,28.548960245212662,41.890961224456404,61.149066600227506,81.01809247219062,-1.8560033799403797,-10.551766740571207,32.94879484096925,44.55051822065503,10.087964368145322,29.690106138370002
1157,60.89087675963612,66.86743749098872,24.851833474896953,28.51329927568415,23.374228833926917,35.20799641456753,50.53623535619614,62.326720571527744,1.463014782184045,5.349780416563765,27.37604802708336,39.35207339207436,1.5686435127515248,26.02945213334282
1158,83.22732667197657,79.64746686502926,-1.113111014564455,9.789179998818215,34.54451773895915,36.18305455768996,43.727532251016214,72.19343685327621,9.724419646067329,21.168671305135376,24.721582422674327,46.05680523622729,5.438980308302989,28.027305374160765
1159,76.58508914714184,85.17323209986733,-26.246698341593767,-32.89563036743992,22.240767310722692,23.403634798821468,30.299331299821944,34.30955890186706,1.8134191695245214,-4.334918940506386,27.615473292833386,40.33529097608483,-3.7760419170880772,20.05973378121013
1160,50.40094469902225,56.53890468147684,-57.358681472082196,-47.16797302627201,9.88369847569177,4.183202846299636,7.5278529978382105,3.596310401929631,-6.416016939755255,3.6162763120158754,-12.446155431787417,12.361017387006918,-18.31247500100765,1.2089915263727766
1161,87.96453862756957,92.55796793587884,-39.83897120618472,-54.01363622690539,26.89162410448022,16.610664324339606,29.747099060327766,29.956390652315225,-7.504387483395021,2.3161097133019535,28.822699521923088,46.751827362030234,-8.6972620871298,14.442058593757743
1162,42.21789496141276,45.913146964791835,-70.58054928312318,-78.41290787021764,-18.068450797497615,-16.192894940026015,-31.97212444756806,-32.765891145751894,-10.685076726535769,1.4658564393558255,-27.75533383030068,-6.386275818966315,-23.040176685647722,-4.607238576050789
1163,28.184259533704136,27.946726226621536,-61.308025543701085,-84.58818830581686,-7.866929038205511,-9.53674586835878,-17.888824862310763,-10.799555439403692,-12.046374701283865,-1.5277885488553515,-13.535943159345095,22.739578644558577,-12.598475243365673,12.296658936930402
1164,93.24345993439776,87.83436542275948,-9.165286027187806,-6.456507799395219,28.14801478695698,37.48369737043758,19.867196680461795,51.51835121043873,15.186782400475673,26.046347160662723,64.25675424130677,75.15895113385199,24.319167925512716,50.85931271686798
1165,65.87884216664918,55.28436513738987,21.19041438871283,15.635348325558507,27.42017480866443,41.011246168345544,27.794531408631848,52.52733117435683,11.294330785177065,11.964116519005469,64.90249597925848,80.75091400182558,22.372854668960812,49.59466297074393
1166,19.910714356420964,10.643756625436744,29.86010978690989,14.378043563289756,22.752390859361473,29.366556595984978,12.235539063826076,45.34967636419057,2.70648230358776,14.964789570729337,50.568742374166206,64.97001953662188,1.4267750152995156,26.457060233455284
1167,-20.53299112744749,-23.985416051568063,30.546331630282946,15.025204310397463,12.44067632001206,23.856867047393205,15.725633868338607,37.144839072438906,-0.7127492034251365,7.254748712594518,30.373400547609105,41.421272479514016,-0.9972204576972273,10.827853238557166
1168,-48.663259590953125,-65.45672412952817,9.91887473697215,4.326012267413006,-9.237653010299752,-3.1581588080041145,-25.524331222119226,-3.7991266354052526,0.017813179129944363,-0.03764672524224899,5.765106389338541,2.8386029160790542,13.512167391009164,-5.027847072110054
1169,-58.57957049460541,-77.58053072700528,-20.964019461866112,-46.38257740072304,-32.5581844176783,-32.51383390504536,-32.59994462001451,-29.513043273670167,11.823392154472982,9.911381761273875,1.826205340288059,-2.6761437063341074,19.859312340803093,1.2870298773406275
1170,-86.92467896201184,-105.12664531172288,-31.37323215854288,-75.92605422654134,-55.98882586999011,-66.67830842892818,-50.44731695397196,-61.839818828736064,0.9035032159206738,10.055040615620406,-35.67131829302111,-32.58857549127592,25.489445758119448,2.4515562232038346
1171,-97.87904891583061,-101.97304590940827,-46.59541055307351,-65.18118669931796,-65.59003582931366,-75.74286264041316,-72.51958826579197,-91.9493893885561,7.12428067972332,3.854202072755613,-59.21123578439604,-56.599292474654966,17.862092073342478,-0.9070269439790867
1172,-73.95438200635552,-84.09346074524369,-35.09831914223004,-44.944137903423055,-55.618589934349096,-61.49147014137298,-61.58026765224182,-75.44888969163806,11.049224313198676,11.046495957260973,-38.216769965176056,-72.16885830140428,24.45083349520255,-1.4228887201417828
1173,-68.61983160553098,-69.03494635416686,-32.913708496070534,-26.50670686345927,-61.24421819580744,-61.157066772892165,-58.870478614924444,-74.06792174740632,-6.655971188635363,-12.545291818496718,-60.3057787833454,-77.45109148004045,3.383684763168941,-40.05119888893244
1174,-11.899454637661476,-11.047298421290606,-6.72622703057409,-4.982402870116127,-23.404716077495042,-18.12401955936104,-30.311625855702978,-35.76575339809078,-3.9463582829790256,5.558196892716464,-25.568684666465774,-70.41891036472515,9.778473832538616,-32.8984974732981
1175,19.185862563668326,20.655472964410606,-4.957840077755061,0.0048937602916838685,6.897674296860247,3.2015432652122624,-16.72268669191602,-16.93491991761795,-8.71370104272774,-9.091888663385461,-5.8246540066451296,-49.80499743667658,13.687277593431569,-14.262456712923663
1176,50.55064456350519,48.349230610850654,3.3890386947585056,-2.256454123324663,31.660530986441316,18.0250660178499,6.707292470967758,8.34418420739021,-3.1625626938832347,7.290424685541998,25.46561209802101,-17.684615693814397,22.327039440641705,11.316917225725058
1177,43.34317529646393,52.355657956178376,8.103319327978582,-17.279470462692267,36.69811402293524,11.954534377035259,5.462502223616587,1.380363366768123,5.287324077070976,16.065558209265838,14.923933987425675,-7.0204217320983044,17.596637160965216,11.289593300566331
1178,28.826911152309265,34.27696123919549,-10.614945442071646,-19.5154153177265,40.252905762649675,5.069186828823146,25.946205734836052,23.31931014743681,-0.8717232341154842,5.077318901881012,17.0792973383139,-2.8945117758855026,-3.8035902619968835,-1.7289351578117291
1179,-15.87112159468662,-8.758334583800622,2.1338945261671483,-9.01147560884403,37.575815150090506,-1.9436250628196696,27.05567474272797,-0.22405331363229805,-2.4263226835916107,-6.927595344284415,-6.9373105528316055,-43.3522053704697,-20.5452243999874,-27.270910225158545
1180,-27.93326886290182,-29.509693970038345,-3.055076055274283,-1.6067105707139226,22.335701180102568,-7.352439912190763,18.617156767497306,-9.414518818918252,-12.620151273390661,-5.75367222686136,-37.42167024105832,-52.15491538139648,-38.28577598353587,-43.88000035032302
1181,-49.216373601324555,-53.0627057387289,-3.9570090079215294,-25.349005068646147,-2.0272796443917165,-28.446301819066715,5.960699882793884,-17.958669829005565,-12.481645040280567,-33.55448626925791,-59.43000245656819,-72.9022398079199,-48.08966159549522,-59.164868185681506
1182,-1.6700818237434087,-17.779822292017837,4.3658341727705645,-2.0241892159089474,13.502810361103034,-1.272269943965036,35.00783395422863,4.192235879702174,-25.07892125739239,-5.758479274360107,-36.49628918795305,-42.117660404231444,-38.00613271921588,-41.134248933339904
1183,-17.715065597913785,-17.80259072340784,6.328472196366657,-8.887984474797237,-4.734352807381133,-8.775297536070168,6.571989150218124,-3.482686742155935,-4.94729419782454,-24.733408644812727,-58.05428150788171,-62.50195871879536,-36.94224363976006,-49.14047284246721
1184,6.271521604147661,7.656696295862405,17.017189600626367,-4.193506273068686,9.85227788187439,3.8667103123811613,26.54574902423972,23.900659618492387,-5.403116946774815,-4.46761547065617,-12.738587816738475,-27.935638815395375,-8.309802900512157,-25.01509983110775
1185,27.344609415463662,25.700268957548214,3.840866222029162,-0.46916851292401635,14.259877494035527,3.826579210624631,22.23126382186519,29.448086884083086,-3.155897181722698,-1.7238998143262945,2.7678569155786503,1.0712629402826448,9.83600715198569,-0.3885829121538835
1186,15.107962113257903,0.603399917413216,-3.012625476535833,-1.2166350083599478,-2.3254395563402777,2.4766475984106977,8.558224461092305,18.616752136295844,8.624991629736046,14.596004863281445,-5.148666882066926,12.904454903563503,16.283438093098674,11.464611931395067
1187,-14.249120364302067,-16.61290139724938,-5.881625581083356,-20.715314495347844,-11.386054392268129,-9.835926329589489,-13.371015574131018,-9.632598528567126,1.9921350640789182,6.043821035042859,-5.906030789676645,18.474993196038483,7.73805028511245,8.44660759042486
1188,-32.340761417543696,-41.17405402405232,-14.421321234430126,-21.68387845231269,-33.51003422921805,-22.08725816038188,-32.234810074197,-29.55360823940107,4.482818111285902,21.226656796130385,-28.458185164047606,-0.7620019244270131,9.712647095083096,5.308159700920355
1189,-45.59803442855181,-64.8788067818672,-15.89055671301584,-28.220384097004022,-43.53115042164769,-33.08553864622693,-52.41197173850555,-55.43577530593242,-3.2945571850653868,2.4543898676922455,-30.302745784530998,-13.713899654621251,3.6023049496691217,-2.949554879083264
1190,-24.547874272989645,-35.434537285952466,-2.444833078384789,-4.455000487789386,-12.953359717477197,-6.482469515547102,-34.08595203762622,-22.44081271901411,-1.807904904170967,3.126568412390297,12.303121940346202,11.095585489072501,5.721156586453878,4.80368511900399
1191,-26.15002289006682,-42.082574777013434,-6.076589998298964,4.134779056773113,2.292292243138563,11.403803286036311,-14.722266400191922,-28.656108007329856,-8.765613787207698,0.8282909453973781,19.221125707699937,3.1445972158438886,3.072216179239595,-13.184400127275127
1192,-22.627585468001207,-30.056344418589692,-2.0399557811888887,15.5718821005607,17.06641903098014,29.693444583780153,-21.90192241122207,-13.215459885689608,-10.959807456801308,-7.239227928984864,23.457523676258067,3.348840400690239,-6.765792734348209,-16.20128478583595
1193,-10.956053367115393,-30.01688891167233,7.821448476547933,34.82712162082901,27.474649045306496,43.002827981630396,0.13849598741741684,18.37409662500597,-5.56777068043625,2.6545594693280665,24.91374655954065,5.4853839245247435,-22.83605817041561,-22.586866465321556
1194,0.695267865019469,-0.6072917369931012,25.62563534500917,52.319736727545354,46.85603923152517,68.0702145252564,40.50523973489717,47.02904287282978,-1.2228786246924794,-6.987205895278098,32.5737456794511,13.242537865414887,-21.854396477118446,-10.88749762213474
1195,-3.299630459987737,-9.541589476739201,21.25248148547985,50.25103838494861,48.01975036076165,52.52871068596843,36.602858671513836,40.42192012291509,-14.080151981023855,-17.9624959220479,-8.08803244730186,-18.599872850799773,-34.50742961312247,-32.925408411336655
1196,23.735294942581483,27.375467815404267,31.77817223885593,55.75069442343645,58.523722428744286,60.83544631409853,44.490286132737694,49.90171503883953,-12.759792907831107,-8.133524191057877,-3.1237014550086792,-22.613079383472936,-28.187230295018686,-24.15986535408012
1197,64.11575276603412,62.77572647824727,43.43782580542602,45.58106685446481,51.47080347657958,61.76959744118425,20.39451410361305,33.68404948920437,-19.243224989567935,1.2131760909016496,1.9829363973813878,-28.677173347911037,-15.065725969176908,-7.902970013112881
1198,83.79443368874944,89.00878324530198,31.726717619316556,34.18361357507684,39.972811539906644,51.143489448762864,5.784993959419688,23.193406154428082,-9.587359117044942,-4.453391784278417,-2.266853647360345,-16.095903597122707,-15.89106434933237,-1.5426463281965423
1199,72.20497058248816,93.26901276228207,27.713781336898734,25.90241039098965,26.1067356464961,34.166871091152096,-7.76070950442496,14.482819142179391,-10.936597019798173,-5.921608128744177,-8.46331722474817,-27.860442670498898,-16.203260207164462,-3.2002922974799657
1200,49.49169389817976,72.99950911502812,6.675401905072678,13.047432553857522,3.6301128901501682,20.870961950145773,-27.288042656036787,-16.344504459278333,-15.231076637146993,-7.075410480559135,-14.647311408190065,-29.6701017715517,-19.916931294230757,-8.354455325112683
1201,78.19599407724702,93.61721990105207,7.885224380355737,15.627186578365217,16.91241208593774,32.827703587867674,9.254517541546162,21.81447199898615,-7.141402425214269,-7.265922984864993,23.08891558835611,18.623110098040634,-10.809846057059973,15.727924360436788
1202,48.70326399686766,70.90527075448401,-5.914058887226993,-3.4925555094507206,-1.7158043354298038,1.2892267507506323,1.2580502093392372,5.835914128311925,-12.081790622444705,-9.765615232040995,1.9591202658055344,2.1184436454607973,-12.806463350348169,-2.4914190595562635
1203,42.58977765011247,62.41994151249568,-9.039629056460493,4.525325811541645,-8.836559879445614,-7.81110151108704,1.4820556096313056,5.946095844494525,-12.19680260286618,-3.99155454891399,5.1321938602762,-3.722187732808417,-6.88413029889852,-2.5795677835765463
1204,44.05498614109023,51.55896439264819,-5.595730628941347,17.008921466381477,-5.980279797969448,-9.399462371732929,28.904059751078584,21.418642334003735,-7.365964574196482,-8.05362292594905,31.582732277040634,1.0841702319754947,7.8991447400409145,14.797588523811429
1205,21.501912329196262,20.108755289092816,-5.733841974699248,-4.830648417151477,-11.254972259490843,-16.276851737228267,6.8361900666672994,2.7652619927724564,-3.622971940272517,-3.4864987845945907,11.289058423831467,-11.703269250852507,4.180731396611877,7.839312411837772
1206,-8.380747888544384,-7.502950621082812,-9.313098037956564,-2.942657903395134,-19.00896737711318,-27.381781979596465,-8.908483090249534,-14.684440944901729,-9.982248773811678,-4.7072508292497375,-6.101004914291738,-27.852055755457897,3.180596797455018,9.325372680319134
1207,-22.214989061465864,-25.754279708780793,6.678072409249871,10.312252917247642,-21.087794296960773,-23.595276546815857,-14.620543670514703,-23.809738046341998,-0.9577295251577155,3.4819882732189873,-23.527520848353028,-37.60704475470444,1.6705002847327748,6.47964603046344
1208,-21.7583661242668,-21.016116839106267,21.391138646951656,29.62796895171091,-21.024889541853643,-22.089734841383883,-1.8463964544897884,-7.804284145167418,-9.01298248293392,-8.77164403804991,-12.335171432142024,-21.598052281891885,3.908952967384428,11.59752642435136
1209,-29.096362191081685,-36.13973017621535,4.919276814594707,9.039876320424774,-42.18769079021537,-47.50998059790496,-17.0544760198549,-24.9721959158587,-0.43244468974655764,-1.2484779984692067,-31.535792322169208,-35.782005416960835,-6.094077462453703,-6.699510861930949
1210,-16.77141024622587,-16.197716420092068,18.56342125741278,14.821181366410324,-37.365269522566514,-39.610362378268896,-5.025850558499269,-17.689760493416152,4.258483171459633,5.6234704047681685,-25.561003661855526,-18.14549921273452,4.149512455155719,-6.581297266359848
1211,-8.818279240814475,-14.193562046415813,9.303932657429717,9.525537757269461,-26.377296637357592,-29.600129219187686,-11.902490439491222,-19.256204620485015,4.989511598867126,8.3761001327839,-5.329273967580139,3.7276743212620027,3.0526073091107664,4.571553889952783
1212,-3.690010749057742,-3.673629843152998,9.703805455587466,6.93016651213475,-18.880596172954768,-19.113488718324415,1.1630477203497043,2.5449333490724726,7.723856526451375,9.121426593289343,28.758983654422394,26.58058999815662,7.013363864202535,10.985639032546446
1213,-25.246594668663086,-16.94551467378042,-7.534442510679824,-19.310665973863543,-28.143621183659775,-29.044915148453686,-5.229082185462218,-5.12947250298388,-2.4603691829328045,4.612761470433282,6.127988083551378,4.026243539714375,-4.48561167292896,-4.7995547658049125
1214,-24.06042123464606,-23.954554315590155,5.884158135914462,-3.706433142638707,-18.59605459573089,-21.091203104630353,5.407452766320177,13.20801742561425,-11.139885364475859,-20.324173775053723,6.804772466506584,7.7903638965906685,-24.90195379432568,-11.764864688116928
1215,15.217520494779585,10.465294207793754,26.194869562999973,30.51833370822317,19.25912830627761,3.323165182999694,58.081161991536945,69.56238666395568,-5.319139330336639,-4.988685501252439,57.39215477097746,51.47831135704429,-4.400879973482655,11.220251286684082
1216,-28.779860999768605,-43.285791085952454,10.77538221175191,25.045241899323344,-10.914334045812819,-19.877871804240943,26.302505530386647,15.731236401380297,-12.665634783865356,-8.444847372108299,14.404910604544444,5.604884421907416,-3.8738562050014544,-5.32633149493178
1217,-49.93414655412911,-55.05115108520996,14.256471840090478,30.47393039029828,-13.130407291645598,-22.94055030343035,36.993556513368965,35.927780099788784,-2.651840961931219,-2.5346603132639975,-3.2723424203539535,-10.208030946596535,-14.103889100578673,-8.110082384206097
1218,-56.69016221189489,-67.2118906243888,2.7277809020199424,9.273996287062204,-11.936870722199412,-24.692691999414727,35.73818805165506,33.08874943887177,-8.39120980733165,-0.721206675117418,-0.7997390703001748,-16.587991031980003,-29.29761044424342,-23.983620998939976
1219,-46.0987875071762,-68.74929718568785,1.2407180025641835,-8.087268151774856,-16.541875598002324,-28.366088701911714,41.299897230881996,31.248910269549373,-16.302300703764804,-6.156180659601295,-12.191831222393281,-13.128963766070019,-23.907017103585044,-12.197923874413572
1220,-64.80690590728074,-77.77822614031712,-36.093239478333416,-30.23689116601374,-30.178584512055032,-37.711575392518554,11.567709540596683,18.12101317668113,-15.923870289081842,1.9578085033778627,-42.497656333839785,-19.719764221177673,-26.398017231861488,-14.348105117446401
1221,-82.29149970494726,-98.36045152238592,-70.46535363543184,-67.13027710103498,-50.01553934224725,-52.2230272602169,-6.654798800537831,-14.963605599311979,-9.034829490096197,-2.062196073931175,-51.048149569021376,-19.960801028283193,-26.05764199334417,-22.531800037656673
1222,-112.68631811062866,-124.91491605303604,-91.01324786771441,-88.05630453494153,-76.07263764668504,-80.81022837063277,-41.26616386536176,-55.20183270473001,-10.677601389725545,-16.39039080327092,-64.42880431715153,-61.575719502238904,-28.689155301620676,-48.595014353727045
1223,-113.88012390495754,-118.1367697132372,-76.99971666954823,-83.51886725748705,-61.96457749619289,-75.9602190899955,-44.921719107848055,-74.46403626833583,-14.23282217377296,-9.72552815142276,-47.809777935583384,-56.46221527058459,-19.348705408403386,-49.62590405177432
1224,-80.06145993222225,-85.70443021435337,-41.15918680866235,-49.635536940714466,-31.019334425118608,-52.36558838247989,-34.543971943456874,-66.05799388609347,8.19566175568223,-8.155428352676294,-14.708336626964952,-39.53874094335955,6.162159413813669,-30.28565881072046
1225,-51.76368486137501,-54.5661200878703,-31.546726184891366,-23.375026582212964,-15.179340859316135,-32.533328238642866,-29.464915611307692,-61.09588700467342,11.709379165538136,-14.725088283475813,0.5745913641132541,-30.469943199312937,8.618951118962752,-19.930837745116676
1226,-41.82489648393759,-51.55837206137914,-33.16092686727696,-28.529769124072807,-10.007383287973694,-35.619681871395876,-35.16145776346601,-48.46134796146032,10.099734615647963,-4.510005380665971,-6.337343338031749,-24.950338783459067,1.620496206054309,-17.181719620917242
1227,-41.921550621411235,-46.64555064809034,-30.951950087553566,-31.64546634860868,-15.929968544081662,-46.56886257351402,-32.72454909861856,-52.309496565543874,3.4430046036403277,-7.016238925717463,-23.493828122458112,-33.21467088961818,-10.902341441595835,-21.200349844762997
1228,-44.453041637471784,-55.820342140744,-39.16503773633823,-34.57759517109193,-34.87961972603767,-55.41834698891618,-25.98593847221489,-43.20400563182573,5.795412130887144,-1.0701101307684677,-32.77047806442704,-40.67395399578746,-21.808823833859872,-27.182488911465814
1229,-69.56667787938066,-71.38412879883992,-69.04560127988245,-45.698281711846384,-57.09857170833737,-64.58908014503096,-63.21483971274757,-74.23852039084531,-11.641890157810018,-4.055736665630748,-52.802975648564654,-60.969274612293475,-46.35064650905159,-55.01252922014368
1230,-84.5144277545782,-81.77258695429097,-73.70339519540083,-65.04853642578175,-84.07653147404947,-70.40886696538135,-80.76860920035904,-97.0377415886408,-12.592328192385665,-8.208752795381717,-95.58946224656515,-73.19391604105148,-74.99447286111425,-70.03675186701243
1231,-38.20439966612971,-39.88262999988744,-36.22583617366278,-26.788953032107816,-78.91423450605643,-36.19825730314036,-76.13799727307506,-72.81203804624604,-18.17054764294808,-2.3448448341452686,-78.51702849260926,-63.734490212920605,-69.58276491592049,-67.35567563806393
1232,-35.240764398857365,-30.8333027093615,-24.977473706593177,-12.088739868464115,-82.90019568788307,-33.19473133340001,-87.46714954345313,-84.06863589403038,-15.447679930954843,-25.31164759351372,-124.48480323888964,-92.00891288881002,-67.60125228173357,-76.76632658437147
1233,-17.356950519276822,0.30608239967751727,-17.20809619938247,-15.184221530401086,-67.1849943525083,-16.077774002847335,-79.47102246360232,-63.2656165120081,-22.93255994550744,-21.014095688305233,-120.14332795136426,-81.69724910428424,-61.42626329285077,-65.88806098147273
1234,32.3901201162227,49.008231227325204,10.123764735330157,11.831720370851967,-11.168109289595899,31.15269814184756,-36.46500684260904,-18.44668554530177,-13.021331109475431,-9.481728698066263,-76.05231308143327,-30.928392275362675,-37.92928367227247,-32.604975004888864
1235,16.1931898787708,43.58621016354802,12.091199227555487,26.572492406327658,-5.685318649178505,37.21129870623064,-44.82761081735755,-20.99234970894893,-15.543790451557951,-7.1199239328358255,-98.99066712710211,-37.79210800207849,-45.97652303986293,-33.69284132811485
1236,34.66709709233171,59.02436662248133,27.258364215065313,42.64081483143369,-2.9552553957819465,39.77900673648228,-42.25532245825192,-15.977275507117753,-10.640677923488033,-0.7653414871869235,-95.10990684642105,-51.60261905930375,-33.30511704228573,-35.03517469473137
1237,37.007825481704536,61.38570864147604,38.17834172801796,44.40111028416889,-6.666227651206064,32.299192406386744,-39.42336076254516,-23.383602363647178,-1.6452221353471905,-28.280419516327363,-83.21022228469799,-52.190519660348365,-15.561008838075402,-25.80514667572481
1238,53.86089689166877,83.57943985419391,47.73207506986166,67.22868613521541,-15.498178587974348,33.30110429038905,-34.80426914892325,-7.594689197795171,-2.9770693877562473,-9.431987429995262,-58.19270193623983,-41.58109517090747,-10.552417330344943,-9.850645120323106
1239,50.35405881964311,83.65574366786106,50.40848530444487,59.529087818284175,-7.76698718864985,33.1511232837384,-19.559187676724882,26.50268674778824,-3.3039324362172384,-20.64166022845544,-44.9965864485189,-24.769419349062986,-19.07190170298642,-10.79739397595294
1240,46.46605384199344,76.62823151357713,25.913185700093113,48.98888932598154,-5.425237603699681,19.825336419800387,-8.232948136536981,26.123968379796384,-15.835635665293248,-14.45160663900865,-51.98515419246003,-33.774759571032284,-19.136339029939144,-17.073832887526304
1241,45.86909733510106,69.57582946829388,24.80639533485593,38.12609230586084,-7.461081811013423,19.522940140595413,6.761986695303553,30.18093558391923,-10.920769802773371,-16.540861771848455,-27.533504606014404,-30.49169091833489,-26.958984867056884,-26.511072115687252
1242,70.28445435296663,83.57528933145812,12.83934322610365,17.404554371261277,4.53539474670645,15.759557972598982,22.925820157505257,34.85974089337674,-13.247809901905029,-16.3098653594894,-6.242099094412044,8.345518357864506,-22.645947047422492,-9.729606071900498
1243,54.553298653577826,70.21604095734914,5.325350534208783,1.6613901215679912,15.312125852487533,15.754594514793027,26.73713563568732,25.93084194936946,-11.180170865291965,-14.465476498668764,13.596564611793067,11.5010183696324,-26.363980985404552,-23.020621570779998
1244,41.328107630751525,55.67222009650726,3.0936856913106507,3.659502509074959,9.939306134805438,17.744883489859394,37.54589828028219,35.93246504722581,-19.98430328504611,-22.123018973583406,12.387520767183542,25.381262557057223,-30.175234263934676,-14.706491879446105
1245,26.98659041926414,36.8733765560137,7.49530864310658,-10.251655074056933,14.097698304208953,10.864965464103904,38.646529709608004,38.93453520398361,-14.501389031255508,-11.917152922653965,18.70851478770324,18.277189983549178,-21.00493490420445,-14.819698271221357
1246,0.26472872088868293,15.867436952048292,0.7454004506056631,-16.280605802920963,10.072104259498584,8.1160162823409,30.558487102292833,38.78444259772092,-8.745947543711743,-5.242680443349222,18.35093502184513,11.207358177293461,-25.353582696746418,-21.288012795516952
1247,-7.335957020269088,2.1967747700647293,-4.662819227568662,-21.99725988677153,0.6439869376968814,-7.954678435793239,49.448840954493356,48.22622604490221,-10.824855958699407,-11.989776087161589,5.17824539249936,8.997025286407414,-24.499103206243888,-10.524097140245159
1248,13.922454606489545,13.529415636642039,9.010428171800172,-2.480045809897156,17.956669100494665,12.705339956656678,56.812358078245786,75.75915624877776,-2.6241222646549383,-7.617912729166099,28.832869340314502,41.61654300860588,-0.5091312584681394,9.225669983828016
1249,-13.396652668602709,-16.3129277348352,-15.819286012455834,-22.151563117580086,-7.481449630887805,-3.1282422448964833,42.42609060222956,56.558631181286955,-15.876114724965888,-8.170377740965908,7.179338694508688,18.15812439930769,-5.24996343201869,8.224791799753286
1250,-11.686894541414599,-14.31695758657709,-6.698005999738737,-22.754638582558336,-0.9930313414162257,2.1907238191996257,45.43370021509913,55.88055900611887,-6.074764629326538,-9.222686802840716,14.045914222746893,18.763169136237813,6.763611030048092,18.82428544472504
1251,15.73852341009362,-1.2656304707296822,17.621025541920073,1.7385539825236074,7.493088721883222,19.163825414065432,46.031839059523804,72.40218362328059,0.014661055186700503,0.042620641031505535,40.16764660896517,43.03041790121791,29.979038496356267,50.288612907345126
1252,-8.653505412343058,-25.06758074887726,-9.68153765355553,-18.70284785057833,-2.463357877563798,5.698724266885738,27.586856138834435,45.39528629175916,2.0754220396031027,15.694524310823077,22.529885444655115,46.357676396554965,29.047330864234823,51.584124695460666
1253,13.971219199018844,-2.652797082066731,1.4534316496747255,6.245773817234958,9.718455965523168,30.654890300763697,37.16761740936566,59.72177772176583,9.789701055088331,23.020798284744913,28.218301690263438,47.18930535228919,31.448119517150506,55.39710381438079
1254,45.815537058315954,37.61591668049431,18.03809664521121,21.80279063698592,42.48691293869611,48.91290225788034,47.15239252138549,69.24902893066724,11.182655032298166,25.93695388527664,50.66651005666967,65.68684715688228,38.16215149383399,54.14673185031243
1255,85.87681659203986,83.12341297971916,20.821822172109055,26.07538427400988,71.81551074471282,79.3209113775697,73.32426594542319,90.7685598810659,8.77395050404942,19.134208791145944,74.25948597159382,93.52124412723566,32.202059176893,58.56988267522103
1256,81.28310247846548,81.03764770194579,12.539138603460444,6.664278116454021,76.25310806108354,76.085832571018,48.23687058535581,58.95846604865708,8.898447772769003,4.774033689784967,67.0231271484261,62.584319678580414,19.992737389263763,29.89931592552676
1257,99.88518943712744,103.13627686877577,10.974062259348488,5.929989095373139,83.34833188525805,70.8770965340323,55.61842022525162,53.81248346356837,3.3650623992779587,0.9967773877804483,76.9876755516176,51.478994446384036,9.370164314276307,19.952449704749853
1258,122.14562277074111,122.78478799000975,3.3043265558556194,7.421663784683652,80.51666994178387,62.527888313152516,39.73521780984914,41.83679876904208,-3.8720938718054954,14.481542637564289,82.49874854304824,55.135802051054384,5.590691403547468,33.68104804680046
1259,96.91009785223429,104.98136540330927,-14.702018625484238,-22.35855852571729,57.102135382634735,35.88628029169778,30.77056996749489,17.348022244859653,-13.873371226425332,11.294118968059033,58.00504717862407,38.417514535506285,-5.087539939534474,22.233630883118526
1260,69.76137437428761,65.22945316506818,-35.35273188404307,-48.63742308717255,32.449007501341896,2.0785122979896764,5.37092205752774,-14.74423195011567,-4.4083605841312234,11.131185417983087,46.44962395223111,18.241470486519898,-3.8865845296171253,21.480127589648543
1261,49.172420503047505,40.59473726734116,-42.19817061069977,-55.29213659864577,15.615326972303246,-11.348519487336125,-7.820648071083393,-31.12088244344983,-2.165001359337644,23.432035712488183,18.816150125715367,11.049017966137171,-2.831015251850398,17.512303639780246
1262,25.310878223592542,20.823369721417393,-41.12596220318336,-39.921278452952585,1.6672424640969403,-12.390267247378445,-19.89713119791853,-32.35865614854816,-4.026794208599349,15.727907501233338,8.335021265211784,2.0030461952181113,0.926669959275694,23.99170405196085
1263,25.625838642992832,27.347829307094468,-30.8278430350844,-38.900648472432124,8.884021591354742,-7.345212995630985,-8.897393095056243,-12.246013220384366,-5.848638079140124,5.36767625119335,38.52710141103695,31.12775293722229,5.642267195362549,35.65788869034423
1264,-13.95797982469045,-11.711899498552288,-56.78363574057494,-68.41011615951372,-12.643134935887145,-28.847928368146434,-22.97163172044831,-56.35779006822439,-4.862256375017452,8.16231982827473,16.035326112302805,3.575164256721773,1.3991185646569337,24.95785449836526
1265,9.075492889319655,1.1786712287792285,-31.376357793415448,-42.5567344282238,15.574353546522364,-4.465498249603561,-4.233202377407943,-28.92470457699493,-1.0166523276228925,11.651535237618965,50.761709157339865,35.3667682826597,25.06127232341439,51.11323400750969
1266,28.890765258322727,33.508263135329074,-9.185062595459671,-19.787897473331373,31.242143991738548,20.526511646362533,2.3527518769563605,12.17933665697988,11.781587008064976,19.727851285236877,62.67370753818552,57.76835001506515,51.265343106266364,71.00565897365445
1267,50.26721056594155,58.331692876918964,6.048357816247783,-13.143479141588045,48.69387570165017,36.192928615042284,18.85464330624126,22.805986907692095,23.490316737110504,24.77151197483687,93.43456408442832,82.57249462114652,66.51483103213988,101.04608779251967
1268,58.41652943948504,48.5943403469858,4.0548781629411055,-18.70147190261468,57.14225636198473,35.49053991273569,5.234878567292397,9.135829428609693,15.2655584396054,8.37583026564478,99.06113148304611,80.58573329579617,72.75652112213449,92.16762082417608
1269,46.61198717289622,36.931945485335845,23.753897269682017,-2.5145090970889337,61.26055247294985,38.23562767181461,11.461720609392714,-6.529747234747298,19.523168851023367,26.838193381340993,82.46323528644501,57.25023700199657,72.03437599688917,79.27350738086979
1270,62.69260769704189,56.65683274488658,50.73153903746499,28.64032862903677,89.68950010325152,64.96953283879786,30.839248482940626,22.12079065632461,33.22983634508213,28.473113756851397,102.90142850377212,76.2316920757142,84.62721126862782,85.53438147418302
1271,34.89719145217575,40.45531999574504,71.75255151044304,43.40929537190211,70.57920534030235,49.53586366141655,8.598554413639443,7.752676673544832,23.514537986587992,23.159386106844508,52.591015270638806,36.65620862986063,68.41202126135993,60.93237548434207
1272,63.16105797401521,75.55167538505688,109.14120051936861,95.55188718277493,85.72461177635276,61.607126525304004,20.38549762286041,34.0120265719502,32.08232495279855,19.517396260062068,45.635701048663606,20.304031550713532,66.07436283079836,48.3809078578347
1273,65.12400357957355,70.10585335881396,131.92784293021327,105.15064258618828,85.76478703453273,58.286268383851294,48.08687999227272,57.111144092616655,17.114499122860057,9.822708641200201,57.30904788286478,36.39913460608789,47.86567795351789,37.8502401232993
1274,117.22528318360229,130.89097089528343,121.21549600221398,104.39760454222116,95.24494493751232,86.81159299127656,69.28245028228723,86.6038094688483,24.215884089277953,20.701406943677775,110.01615747676665,91.70166855985651,43.564914129956506,51.545156445871086
1275,144.12493707409288,157.60562900476566,146.7066862085679,133.68289888276882,116.20518865237304,98.83872755592827,84.38848484303296,98.7298591298152,22.87550253753402,13.654861303102722,129.41465992804112,104.90339341192663,53.50319266159231,62.797074395265184
1276,100.05538628219898,114.48227431732873,105.50364446538116,88.32394982167034,65.31874095030429,69.56903383027225,48.50735606341408,45.95713071727839,15.737085890478753,-7.230934529732018,77.91971924238142,65.6478807914355,38.23692665496235,32.042820182833445
1277,76.39471250434302,74.97428526765752,66.74965484243383,53.801849506523084,53.84399449417733,46.97546606853547,39.931408903966485,27.480637154478735,9.937025025798006,8.860570019199207,57.87210167054236,51.50868898687377,18.572755677055998,12.793383814721482
1278,44.62128131721794,40.81980227323171,21.17704058888661,21.132680570177296,48.12398394163658,43.3768269177732,7.115272251719711,2.1834998643843107,8.370661931535913,-8.449165561673523,44.560395241124134,44.83236033342008,5.806377073114179,-0.702037390625626
1279,4.323344553991705,-3.527189602056237,-11.27610243930782,-15.313778297692929,35.417481856307674,29.370354466205903,-4.702677071379633,-20.725655740496723,4.704820310777909,-9.564652048653032,43.34697330143839,46.542006677354834,2.3998130838123406,-6.932405287075466
1280,-49.74075123691537,-53.52398156598917,-32.5622949138386,-38.932882825498645,10.541530351893446,7.484834201332118,-25.451609515197223,-52.77153395875757,-4.518775200095916,-13.650852201624238,1.1284383400822904,16.78628023966365,-11.816153758490618,-22.959384679661728
1281,-74.97135090716655,-82.18428617223547,-39.18860882054894,-35.143830684248734,-10.311892745788146,-4.016806745147902,-40.59959413868443,-56.988422463877235,-12.792792897230072,-10.231032128884427,-21.005126092816692,-24.775248221080492,-18.66646759037315,-32.02664541494872
1282,-89.52957772879742,-93.16011537385425,-38.074593801081356,-37.47860705885432,-35.49676600698848,-25.77042473549764,-48.48648166563561,-68.98614882921876,-2.1698808740467914,-15.677273349876764,-21.359613795189063,-39.564436771327735,-20.63019090537921,-40.6787782903331
1283,-81.98011808899707,-82.35693349462693,-14.449402921745929,-19.929054710173325,-46.639727448506065,-36.040102369333816,-55.686000067030804,-69.17218412935735,-9.562550832421616,-7.738287397406598,-12.046388800122735,-41.31811250400023,-16.224986117122572,-37.29735396091396
1284,-81.36034977331067,-86.15215479991453,-6.660606941514498,-43.75507411698756,-46.88631911505447,-54.78139338810222,-70.79653322231671,-85.10710256059716,-3.770818372060523,-10.47218333343337,-31.48588068142634,-74.91539886424266,-9.738476213350896,-40.51318377956907
1285,-37.800163748610046,-30.301282556053046,13.956370235636156,-0.77716710661892,-36.114232222103006,-40.63914847668044,-45.84060771242532,-59.13059466030599,-7.2515110094809145,-6.427661863965497,-16.57794986232394,-70.58473491984935,-3.893502180176491,-21.852775554329387
1286,22.901774803753014,29.445590074671664,15.369476219903193,11.09976374548068,-15.248182096314075,-23.556242564850926,-32.296457758219795,-44.37440290109371,-5.685481344603133,-2.85280810298566,6.339258981013645,-37.692569894987734,12.021475482756168,-2.4558204085895246
1287,33.424620435383936,53.22712920119603,21.229536034499034,38.60665181242728,-13.707924774574511,-9.140661340786608,-36.64350378036094,-32.956983018871526,-5.743874698853265,8.759184867206816,-1.247064564496105,-27.973001606184326,18.737076853147894,1.8421222001042301
1288,48.46779308925344,51.999058955482894,33.04600469325687,43.82156106203974,-4.74657010862639,-4.265216623155519,-29.686639670507457,-25.347985586859142,6.162909955607958,13.470911752346847,-3.1823709148957056,-23.30376186087049,17.562909560416774,4.010959538058998
1289,45.80487913526434,45.49974225202526,34.446998260233386,36.75110607171214,-14.51334402655802,-13.660489680043677,-24.204088353934445,-34.10530317661533,0.7021379891715024,8.652827081191315,-13.787179108479796,-46.66949741069024,8.113041576904074,-9.784251153469713
1290,40.22799871099453,57.7897770792117,29.35122397925724,30.809286100184096,-0.7130394441741568,-3.7832414903496683,-34.84324455908848,-40.769678120587116,13.431389488425582,-14.207192044659568,-14.528081876452548,-32.56757604952542,11.093773667740436,-13.284951014589502
1291,59.70893830946123,76.29424714378219,41.96344015969144,50.46737414514216,24.69643170684585,17.29300347735804,7.171249097997434,14.745584059775876,10.377186951385598,1.800594607420929,26.220728702586044,-0.16032394266877187,18.01965655106537,-3.307747159053565
1292,39.56976592602345,51.63184337815631,9.393198399179354,27.86601223661353,3.880982965690092,-6.27909408645535,-11.579263593765814,-3.154261098829051,10.06009801102229,-2.7273988320406453,5.378339502063548,-17.83972782711895,6.479961705959496,-8.243332745491616
1293,31.73023598042666,44.568807180240256,13.589227167738393,20.02762496632353,-5.874640977290202,-5.051655649730163,13.867048212648802,30.206013124850358,0.41282518151033304,-8.735856435693577,-4.070078804076555,4.812645314880789,8.567735770742669,-0.43639729131223054
1294,55.20441740707602,60.444282219631674,13.85707898088094,29.43875316476721,-1.595310682124641,4.715894459154618,28.884518143238857,45.20702846085661,3.7617334412590755,-5.33811914408488,20.9923475294031,39.261468298879386,20.338495726040257,23.48803635820119
1295,32.112875979118485,30.636276743249724,12.346832691811978,8.465311175862997,-13.03771330301943,-9.630463683067799,20.216151966597884,28.717018068009633,3.3661113377326792,0.07398802225163958,23.43327177522226,49.40048236993542,21.722591081914864,21.26791613250327
1296,-13.008878208466657,-7.037280415377426,2.6184211436163722,2.686567531387944,-39.429674751590035,-25.1207626082859,-22.476279865032847,-7.825462144163258,16.021911852688017,14.041259842446467,-12.589948709131628,18.050860091924328,11.71781230488732,12.73108542880674
1297,-16.018164356739263,-22.510771413196036,10.389736754534866,12.66369162440049,-40.461684974931245,-32.92051831964831,-33.761827258550696,-7.055188707625871,6.9537747005357895,22.52807787419753,-52.526380545759274,-17.87531789821978,2.9174663641031255,-0.4966861971597583
1298,-2.01139555405865,-0.08847836050569047,20.063227271889804,21.764518780847407,-26.3381971566145,-15.45107173841542,-7.104878194004776,0.8007462673642756,20.86763271005132,-2.3709814017993076,-45.706897902537705,-17.46255701913547,8.948139840259488,8.394101225224091
1299,7.318217303002374,10.75115992766711,15.520140531876256,22.523066618090198,-20.120938853753394,-6.482320210374395,-12.38548145398652,-7.5957926767872,12.196195786983282,-0.15741590660425564,-27.623438786945123,-10.257790025028395,16.65414627553572,11.639209457730358
1300,-30.316812264567652,-23.561704709244157,4.907074795691154,10.204097177117387,-30.476806774554884,-15.952429994616878,-23.586017690956016,-17.838170273920362,18.808115954228725,8.73896840504195,-50.84659248972979,-40.55661214698867,19.382789817664055,1.6137925201326928
1301,-36.56436264895029,-33.923603192387496,-10.08193860418614,-4.217211942132384,-36.20298058446007,-28.473601101082767,-29.262774410367054,-26.712394010010904,10.458018476987023,2.4648443965931772,-63.41811549552127,-55.66225253497432,10.213904050804521,-10.945710423941136
1302,-36.61104921116003,-30.018553170013615,9.449486467325633,16.437095535875695,-14.681707420619983,-7.004457585749068,-2.107913547857552,3.1651767093664676,8.372992374398,0.3778860692348456,-24.209270132331426,-27.430078249964946,9.72431285530976,-10.06807896268495
1303,19.74508794123834,24.357336052843024,38.18319639994254,39.11824553314278,30.158022973345716,31.5119316764004,45.23512504918598,63.15803658078319,16.231835467217305,4.084340628438513,25.677616170792422,38.03834510918597,24.25428266468995,28.228338457396845
1304,3.336636001436572,3.158732358203249,3.1066399993526956,-8.971927211459047,15.756615682557433,6.515482672514014,37.957154218037964,39.71063348760982,-0.9121021214251309,5.394084245403649,17.43103951783816,20.074954362290832,2.4367711164979067,10.782146682111078
1305,-29.67800259778655,-30.427924361746836,-1.2489566914113592,-0.10659253755707843,1.8015325643219002,6.836894551938199,24.717967497059625,31.37750287024935,-4.560284521872133,0.2153950213921898,-17.672084490044604,7.407868986390424,-12.76417968521862,-1.4816159328908256
1306,-1.1090543278750598,-10.144388149560797,-10.022796513898202,5.25766752304783,-2.7367549063208383,2.5774966190735817,34.888249290309076,46.6520337387058,-1.8650839098190495,-5.242271336589862,-9.220408023667916,10.414522844361585,-10.930978545507033,4.613465810907337
1307,-26.809199937063685,-33.0047201127593,-8.472951014350173,-2.2222688167162636,-14.93474721260881,-13.726699635975708,7.950451879002193,8.996804975034808,-8.231769730771058,2.1715408073112936,-46.92232452003975,-29.121580814204314,-21.837277158125158,-9.412714917426412
1308,-8.933297813899152,-17.90540664421698,-2.133844533774264,14.750204854012006,-16.391283150008544,-9.538831360293441,-11.731753358906305,1.132795883944506,-19.792063708577388,-9.673642271463345,-56.69462926919712,-56.342749787330696,-40.8798782107378,-36.976081798787924
1309,-17.27035971794938,-9.080258536747559,6.003606282548,23.82973386839019,-16.462505859860094,2.176153372306966,-2.1077954462892596,11.562029641950993,-10.37001304280063,-5.806736714489081,-64.90794782987274,-52.61853599710311,-60.299923683460165,-48.6898631290502
1310,42.29606823685392,52.63317265458939,7.270937668855265,29.829055164975692,12.443537113755225,36.43235195483196,24.902502196564786,43.06136718364253,-9.67673487059634,-3.0142710346926287,-6.481158399994218,-2.6692066628402435,-35.032354557787315,-23.760071498644574
1311,4.534230950296599,0.8651026327536725,-12.80837094252493,-0.8073992282355604,-15.016090693563902,-3.7565508977176094,5.094864473169471,16.26856174924057,-14.735051186101309,-11.886075209867798,-31.681383444640822,-17.035857914239998,-38.35012511558704,-36.11070909588008
1312,7.678749339449837,3.8951064604872143,-19.13652606804568,-9.452990456040927,-13.251115895272836,-3.071162828013997,10.227692215643875,18.845615224614683,-13.607228736673576,-4.363317291709406,-36.62409085767974,-12.454266139197905,-34.31855834438218,-14.509857575128096
1313,-55.59154209886955,-60.98113565208428,-65.82378217022155,-58.00109028519348,-72.47567159411027,-59.42449609721226,-55.40300788403374,-52.58189939002655,-23.473915724113795,-17.410908825102894,-83.67682216548336,-52.89120906853542,-53.29152983826748,-42.22468351585814
1314,-46.692366000206796,-50.89661893813194,-34.42673983902108,-25.36725907361632,-52.749813986110865,-32.63065114715382,-12.429459081784225,-0.2525075199602,-9.454161067794793,0.18107527095697074,-50.97377822139728,-7.675719550796095,-22.36128484881399,-5.69550116489289
1315,-42.957733130810524,-48.581595322670935,-12.67920536697286,-14.554975102808845,-36.89566737026681,-27.911053187935238,-6.042190293652175,8.017766508509842,6.243055021723009,6.843118999779301,-7.383328832971948,2.386357777146625,3.3455301589570996,13.539788541098098
1316,-33.28315588221885,-51.655983320685394,11.35068186026445,-3.337167106064152,-15.049989326177387,-19.806513526142314,-12.119221070030733,0.35488636464499057,4.266630768556769,0.682385023617698,10.87790108301968,6.588961728865083,26.18254309928036,23.495032480533315
1317,-0.06257871914900351,-5.507173492749909,23.0673839258888,26.369871877685025,8.564078817066147,11.351032439974391,-1.5436385789067626,9.70931008347935,22.51545446505879,19.379181904119456,30.370181632770148,14.112094783572713,40.67804054553732,22.937846062522024
1318,22.03102853627843,25.561177714463984,21.061763110603064,27.778171069735293,31.189617497687884,30.648281524709752,2.0362675469001155,-5.491395756030977,11.787158655054322,14.107231211756044,68.37373205939714,38.267959148842024,69.15049968596605,41.61559007241328
1319,-2.2083191937024034,4.573772913660141,-4.368439000626072,1.0183931920473794,24.70154489363429,20.25725406617151,-15.516207871165586,-20.03664413212311,25.968913828217527,31.935704416271786,88.25848011382952,32.36746793025725,69.50518554187835,35.663225943548234
1320,-15.04058132260321,-18.2921126073675,-20.871170636438904,-18.70348878787335,9.772347077474523,3.285004035334432,-30.827038715345918,-41.12505557679221,33.59882642820876,18.847560692125896,72.99780538642086,31.58362830544578,56.645170475635645,34.115981888748756
1321,-34.85338137137555,-35.06175846988399,-26.030465174520952,-39.46183898736186,-15.135820845186522,-17.226024663721482,-35.86280883895065,-55.64921339548361,22.362036410912626,11.872634100186467,45.43816549851057,8.601067452140278,32.06923615159339,9.874830387153718
1322,-61.87352540008179,-57.53168949037168,-23.754068164444444,-31.74808927545686,-26.79353239488063,-36.61598833637144,-47.23745099728129,-60.66383984216835,12.621144446562921,1.5075499331806346,4.708372538713416,-18.357633094207344,-9.145481101439257,-24.15138454352225
1323,-27.098055571831146,-22.41734314807181,14.172004009702034,7.740515150288478,-10.91817259209295,-15.952579187628602,-6.653905482609404,-17.02298591562567,1.7945037711541028,2.0344060444917305,6.246188641735065,-9.60872195877798,-14.1295166927009,-21.09813713950534
1324,-70.98787936767692,-68.83722796693647,-8.146265652164118,-5.05698754571175,-42.758698400322615,-40.442918534509445,-52.021955174612835,-68.94282850209922,-2.3281934001246083,-0.5360895292991881,-36.79556660325608,-48.95714970161137,-31.744530485311795,-44.84019307559236
1325,-79.44689456985645,-80.1281287144357,19.938959936557023,-5.567080560928438,-40.572772944824564,-44.1658173221728,-17.337527825272016,-33.00952712004253,-5.416649662830907,-5.79480443008416,-40.972807189101594,-32.20945512534459,-12.710681883363272,-43.08476757795978
1326,-31.60993987979644,-27.182182669652196,34.78598593717073,28.952715658909536,2.580136766048342,-0.8113220480310807,22.036097119419964,5.831760211910952,6.46031303670895,-2.698628183998217,34.87327341456063,13.261508465380066,10.903606893413054,-11.870052075016924
1327,9.354758489362206,7.896121926024666,81.8295185392344,77.47683182136963,31.832422454601947,14.668313610535927,34.17117863358377,40.2971611363753,18.076671467453423,6.605453674015855,39.30995413200053,13.808677060649687,26.166260868466868,-0.09112296663236918
1328,-9.283161575267512,-14.516450078520451,72.90655209926074,76.59649144270456,38.72141976903898,24.632619011458242,50.99605684992565,59.62292284568978,16.57512078845328,-13.57135687170771,50.16004682143379,29.13598973229089,30.828195843590535,-3.7942222211655827
1329,-25.084411134770765,-39.16218833076552,30.536048645744057,9.878182574032156,18.550099816888018,-10.257824270101619,27.79525730645105,6.202771151645105,20.308004367654423,-23.113257609759664,16.303794731590532,10.524412548347954,20.93994564634901,-9.236479322397058
1330,-29.12762135260327,-40.30801968197374,-10.333815359306987,-13.793765915704334,8.269671401022837,-14.291349930795102,18.828520426279074,-6.875340241349788,17.231084876125667,3.8308836238277046,37.72731311920839,20.19793702695861,3.5677694285237487,-10.033724271991467
1331,-22.26942421033566,-29.371211802184813,-41.46730989398827,-43.570629270270196,3.852851816273658,-17.771497115033053,9.088551071447636,-10.96194666342819,2.88343965014793,-6.783821963080448,20.627704577749135,12.50768015840811,-1.6024045543963192,-7.842251557343929
1332,-48.627369252088286,-53.42375930808445,-75.92146888757732,-76.79441759048785,-15.231235472687693,-35.49772370104457,-4.71042503152085,-36.62794952489203,-4.560794938725015,-10.80244502600315,-10.180978342844789,3.6427222529642105,-22.885437418857975,-19.265840900804708
1333,-88.01893113657012,-100.88408277907064,-99.85500188222436,-110.97536687937168,-42.68986389138302,-71.76533308059179,-33.01105823212615,-72.47583548355601,-7.430191616987585,-7.816753898166058,-65.19219327135572,-29.28046759724103,-51.93261043484213,-46.31743338708848
1334,-88.13301976628472,-104.8679219740168,-93.20615835326085,-91.99899044778533,-47.67916734551514,-59.04065957251688,-46.5229577338927,-80.34731109299314,-10.588192765906408,-2.329405041384948,-65.62527958652575,-44.3521043299914,-50.978064489139555,-52.00962932765936
1335,-75.43294322073568,-80.03155313428634,-59.7593467064151,-51.54992293387869,-22.083349264731293,-29.92814446185114,-34.44594538465407,-60.34146294374445,-8.867614617505527,-19.177886550556764,-35.17526372099917,-32.477858526936906,-25.153164420179927,-44.97037940700762
1336,-74.66328792346206,-80.1234222619009,-18.737851095383366,-16.592918327781867,-12.419124405732513,-19.370874565886904,-19.74083227985852,-40.48896430891712,-4.777772127954854,-28.53091157583313,-34.331504879849525,-34.59995840691209,-14.056410499096645,-36.416134469523875
1337,-46.67317430072059,-45.82079222865979,-3.526998096458984,-12.23295654361093,-2.6798614638036438,-21.015988940215014,-19.766011499583396,-34.412912671487675,-0.342692221892588,-13.204273300147523,-15.859000054731684,-34.1435486377738,-9.539507469675122,-26.813639102876298
1338,6.742132580569435,17.35278395634097,25.50893619379025,29.063048933411128,29.736593422541134,24.715973397203857,15.751124423397922,7.096513541152805,5.894966167498637,-6.599287610278041,16.339419942581284,-11.986876734468277,6.8441914580273675,-12.544936548115619
1339,39.67792995058167,47.79215298604171,51.6594685291318,38.93585189694004,53.802120296386136,42.33183484236024,31.482698562890175,31.746870306448017,0.5653378218676226,-9.62114664290165,65.08841272350382,17.056999991236538,11.033119623338301,-2.6166496503501135
1340,69.09947724737036,69.68423479409363,31.169703732257933,35.42881361992131,76.24737543022653,47.46137694635756,51.06841705169423,28.28757029319923,3.288560806656843,-21.718494519725887,91.37430252395981,43.28502317518439,26.403725516005345,17.66393894613833
1341,29.54542728787415,25.332872132270026,20.066497124593795,24.07838598854778,57.802663641454174,22.691443936584914,15.268273371107616,-2.753479817600216,5.396320486972552,-9.870491130707524,56.876507397541495,9.452527111014119,10.191654902205602,2.898500566149102
1342,9.292162048911983,15.51460557960867,38.275063095437716,36.30238905776972,44.362862067621904,21.454029760497512,17.475566856868472,0.7223838561799102,8.686978345676161,-21.98680943617361,24.163680893901585,0.02696479395439945,2.856172459662768,-4.9021928634506855
1343,54.376782803836534,58.75791934665632,55.29706853368207,44.964126226571025,71.08142050421868,42.581339325146914,60.47880855959122,42.02338000492282,20.318186087067176,-7.610241307792408,76.48460844917524,44.207846498186754,29.467791774620533,24.78574247075729
1344,34.16238221062046,30.468684548445207,16.672982908116655,14.050132301240712,44.282675854761486,18.59998733981965,23.559608167788756,14.515699016077594,16.26341064767959,-0.4596421131935018,57.34623273282661,14.761148735310151,20.585046665202565,4.980221129189851
1345,23.186716511569124,23.01301561601602,15.878653868472057,6.183642888822664,43.75697130637993,19.857208226656475,16.33493335335407,-0.8535361743212511,11.488426965640441,2.604377723332916,34.12406858489503,20.049927478943104,17.479901365231367,5.2771894156785395
1346,5.7925257202207066,9.15784040472574,20.296196868424214,21.450715976072043,39.646268478091834,19.54537701620239,20.633807003165884,4.113114850935318,12.308732568644905,-1.5972489495961026,21.427504395267256,9.765318455058559,15.680413479695208,-0.26010801276047757
1347,-12.573726247988809,-4.7815647056488295,14.453184309207671,-9.923637718679101,32.89900489489573,6.4752301536716885,26.029414394300026,-7.972457164824074,-0.8615019245447045,0.6894500189687047,16.21524063637608,6.40763715937665,-1.8951527450409436,-8.093344137388625
1348,-12.296501268574197,-14.247925998034976,20.10491015321167,-3.4184194700893835,26.760120021175112,9.805313142233672,12.219924101131104,-8.844764835418081,-4.379557611654909,-7.525831565431119,11.496706336015006,2.436433665192028,-4.688197810106753,-15.357221880745943
1349,-10.516329575721528,-13.639168441137283,13.545294051198,0.7371558530228389,34.896185714574855,16.456608930114808,13.914312553330486,-9.34500262775849,-7.369568733026038,-6.165570235685445,39.95279994712972,21.69551704215376,-1.9055622587196703,-3.9342860393783043
1350,48.374032589706445,43.452570045090184,31.892259962643152,13.010397054276057,68.58905151345543,39.48313267261056,61.78304357066799,48.96620743071659,9.190072961689195,-3.2851210838113705,97.93969793402023,86.5469927280068,38.49270935605606,45.92302655495517
1351,3.341827290187081,0.5888365417450059,-17.12291538398873,-52.90824088541899,29.4639257113905,-5.873745515754233,15.284783361954913,-10.920024719834593,3.8026849329512857,0.25529273763045635,79.1870596707945,59.67959738952639,14.896900620615222,25.617019516343394
1352,-21.518249355857773,-27.94827843954256,-23.062136338472968,-38.73291539055124,15.338954057777029,-4.778730824694031,0.5503809412680177,-29.264038172728625,5.0755829090780065,16.879307199449304,57.42701786138473,46.86518475895951,12.096506213143028,19.886207018753204
1353,10.92744055847224,13.043868366948226,5.955875950487157,15.64548094107465,31.277184379378305,23.009279530820873,25.068336914380456,13.075408617430558,13.266621667575992,6.90499342788573,80.35165769902702,67.57240880155767,24.026350828932127,34.4897186548033
1354,-7.892142483401183,-9.588928885684686,1.03233789402106,5.936523901195612,16.331049305603266,-3.7015458568891337,10.598384726793226,-4.543806740809582,13.191234712191232,5.287010552878378,66.63699252514928,52.02827643373044,6.071355849973473,16.45605474219866
1355,-46.68535292526174,-50.09935174269913,-28.493225905071014,-29.74723382561488,-21.024944243033186,-28.82732864611364,-24.460137823779583,-39.024792420539335,7.128704513281451,4.901763942014591,12.084771968926045,18.661212761035014,-8.205026429843668,-10.341561950147673
1356,-14.304915438467447,-16.8671022542979,-10.8204743670597,-3.596539386575583,2.71701045995973,-16.66245804065174,-4.7884561868684425,-21.59062998152687,4.742951152535461,-1.8110926366037017,-17.699731273599504,5.154603727422715,-15.037476007530465,-9.15814224763593
1357,-12.3369347936985,-11.496661426462659,-12.769493974103403,-12.94737926505646,1.2071489056888418,-5.422375343893668,5.168281838436846,-1.9328804160520883,2.341856734940119,-1.2604526949676982,-13.346221370982704,3.0791794392836263,-14.084562392665545,-9.166855751018362
1358,2.0129622051189062,3.1893272708242915,-22.62780823684274,-29.010671790163087,8.025833476747296,-0.27962069186272814,11.726041467008415,17.862467665827985,4.978108953055023,-3.789931031100167,-12.230975126072487,7.057363768228394,-13.121045778492824,-7.807351008664607
1359,-24.546968607417764,-20.395326078165404,-54.62490489375612,-51.467423027179535,-6.356885491591806,-13.75661899847798,-2.020793962836289,-8.88849536500569,0.3931533043122384,8.46134255047685,-45.07810242951692,-17.560600084941168,-25.839450364858926,-27.763518474114253
1360,-45.810590648761774,-43.45619745689579,-79.4102961272339,-60.58525447974612,-22.355920075505736,-31.263926718247568,-22.037631685388494,-31.51118792100513,-20.878490680273874,-2.533475705471015,-85.08308358937595,-50.57776639239897,-53.619588306460884,-48.11442960591301
1361,-57.05990446557999,-46.98290528700707,-79.49855570892544,-80.60141307370688,-38.24691295497587,-34.39105190289335,-11.455758752467025,-25.74824230787532,-22.449223873583975,-11.49794164431734,-97.44201753740381,-69.86403118974674,-66.33624867712935,-60.38647830046675
1362,-71.8583652946455,-70.12911724859518,-92.73392839774681,-94.98985003971568,-50.611884259102226,-44.80663516852081,-25.34103483398571,-38.99042476138366,-28.273739629613384,-14.939276396636846,-99.42180052617951,-65.45435104129032,-65.55129718357468,-65.77619128730704
1363,-88.34741313206268,-97.31482297747294,-109.7619385146005,-123.30696011859925,-75.41779592765138,-71.34960049330502,-59.02692048989646,-74.3442834772884,-42.419810791580886,-14.345793989070511,-121.08429825714407,-92.88325393861845,-77.1242695079031,-77.66955090944985
1364,-76.13552662850154,-71.2927538992585,-113.64959260759942,-119.88073026219445,-61.354170157765424,-55.78824821995179,-46.86965224576478,-64.80414213067947,-29.859512157418877,-20.123803308027504,-99.872693789297,-85.42007084462927,-81.23498501747778,-78.49700196679494
1365,-4.06526474983657,-9.788941041286224,-75.2309807631365,-77.7034216293489,-13.04369256955675,-11.190072510790475,-36.14744410081983,-43.83939364571137,-23.34904292385379,-12.998816028483546,-55.03902779142751,-48.56309260563718,-50.32345690052884,-52.131990913370394
1366,-46.24276156543076,-34.91719352780885,-103.12712408069045,-100.38246160183844,-44.056841515094405,-38.84723304766498,-55.168195201102186,-65.59162443457386,-22.484690246649848,-11.994951976899195,-94.48420774434388,-68.84458422807361,-71.5076025911747,-60.08025506442471
1367,-39.24688292021287,-24.216995027969443,-67.65201446781732,-75.77767762681836,-40.95717015602322,-30.728987388871065,-35.748038819243746,-54.168335685856185,-24.14521124784385,-18.82762986308795,-89.22668921884191,-58.12977654737217,-58.66361308523168,-54.39899645614223
1368,-14.800940772904747,-2.3587697970305266,-22.720841076913743,-26.517654266389286,-10.39073985540252,1.8041240364572673,-9.549186014750315,-24.141127298767373,-15.1609182633174,-17.675178624982614,-40.29143592939187,-19.99985568755841,-31.483315544182013,-28.21776571628895
1369,-13.248654306951021,-3.616686380703102,-5.357480002275055,-10.74600239242094,3.263878870218185,16.7100770809577,-19.182686238005317,-9.922669930706405,-3.0945312407615533,-0.25957775963627383,-6.972680082710032,1.8485533594924672,-16.198482226191153,-9.755288618429416
1370,-17.10360407332076,-6.512282715933228,-0.9912810415761696,-9.366672346585695,0.5604013720267542,5.92855942590296,-15.5251715758577,-9.371445880604464,5.2933245431136156,-1.8669270571925034,37.53754874059827,23.102443857711716,-4.279508740209498,5.1715438340737805
1371,-34.22448737916537,-36.548641216991065,-8.35406027182859,-18.232698737291525,-9.240623596181077,-12.288810618971478,-26.578974998738847,-39.360604533427,-12.936775926838713,-5.790767813203283,29.257935276559735,14.601449329315,-15.169703575076072,-11.64127004987465
1372,-33.86276812715768,-40.410735556948076,6.211194984802642,-0.5514211154544582,-23.447501845727462,-18.170887998345954,-38.480205113538766,-49.2733161630382,-14.90719297776113,-1.0674578875122507,-14.072051759951977,-0.02764556548623704,-26.601060790336604,-22.641041286523567
1373,-22.93881878799321,-27.93331481512001,12.581105478460621,11.463874301978608,-33.38171543270366,-29.56902697037871,-48.428450290514306,-48.15914621390378,-6.940311341357262,-6.611677668938433,-49.7618252678609,-17.255762835046344,-20.954110858889724,-12.891588953293438
1374,-47.21683256290176,-51.53564710230647,12.193752376785051,2.090634022604385,-50.30430937657503,-41.0305666997177,-46.56837690265626,-54.43962946683255,-7.475717112305553,-11.497061739170402,-92.0907489284976,-53.604011132233246,-14.248065796378294,-15.455129238354713
1375,-23.408085054806676,-28.790141365348013,19.67688530738251,7.887224325486,-36.270485009510374,-37.994879748071284,-20.762622147461943,-16.540124097096157,-5.09144851135786,-9.767979457432004,-71.94891508456764,-49.753053712676234,-9.664086336799674,-8.553381281168937
1376,-45.74738845739485,-47.04857645203324,-6.371623832975008,-13.269503168804237,-59.070856700920785,-52.92445833481535,-41.15055846369768,-43.46466068599247,-15.828563442753966,-11.522182933097334,-99.53188502124685,-77.80544875904064,-1.4660776206503492,-14.538983168390471
1377,-1.869775334797335,-1.838284974509707,15.803455612613215,19.41166684792955,-34.27183873490984,-20.596941366710887,-23.027722968346943,-9.25464472425091,-6.187930679768389,-0.7885909780558915,-41.973705358259366,-36.89056048262302,14.750341484717362,10.814293429848037
1378,44.29883181525793,41.79344183107296,32.290986273889544,43.671159331791294,-15.913851624172313,1.04749512450656,-8.548146300294782,17.14209438286725,-2.3695263256706665,2.3283879474203033,5.786357407018841,0.8923889408380745,46.30077219254427,44.907072164618754
1379,42.65679435040881,36.96955537425417,32.794509490762756,41.195407432075356,-14.082881869268089,6.928761546268303,7.48756394620163,33.658246412822415,2.7362395447679915,19.244248158723554,12.00820640221783,18.30177061523823,48.94274769838046,49.7491651868791
1380,29.813880734959753,23.34358124266975,22.146724437089034,26.56959793520371,-20.057416976173904,-3.3631834877094278,-9.238390663022058,21.83451718551268,5.239680835883877,10.824404191930096,-4.086974761954842,6.589431338779983,43.13706506188001,50.99454877252572
1381,14.813031433854102,15.252795053357021,37.99006638318529,25.962663428031927,-27.364669252341475,-12.584929744542142,-29.06611730252384,-15.934922126167837,10.47500808084533,24.007841296008344,-43.56699701088418,-15.200512528783374,33.89856815343211,33.72932862019835
1382,1.0060756322750768,6.305538174616273,38.99137474592944,39.302551145220555,-25.91781187921744,-9.917976141449373,-27.2857987182065,-10.739700254537379,16.157635460262366,20.44798531428852,-56.393350694345735,-24.15195777544512,19.79314087967492,26.080236264227793
1383,11.053042816754186,11.281806464468325,24.130733729302023,27.37788578701772,-25.76363825160384,-0.6295847485837776,-24.0136062855378,-8.791886495524215,-3.9523409777361453,16.571448516554003,-65.89676735043805,-36.9060793136775,11.944451387293725,17.62068501249757
1384,-19.417483812524736,-14.646684523513514,36.6298738216623,45.47298320481565,-17.010692117353063,-0.27463554623408193,-20.4291625484665,-10.913533492704795,2.1613073456096523,5.033603731612571,-82.69002653409937,-56.6345351588693,-8.015271394256812,-8.380301264679163
1385,-30.440754839959695,-21.307503029610174,24.22981902146024,15.316037983852848,-32.23091202329209,-16.1249062463902,-43.33075905547446,-43.1633564080745,-3.954057296854772,4.640292592690512,-99.73639676770037,-88.41775270070015,-20.076849458647985,-34.20977004565442
1386,1.163959908939946,4.546271677039586,30.51843313890335,28.786311067916916,-7.108573894777413,16.406569746433494,-11.540821863983407,5.869363705039647,-11.078418917659008,-4.722438458731168,-71.80939878337176,-55.893689086218885,-12.848943280317833,-26.472316724900455
1387,58.902083798828194,56.72890160580898,20.06691005092372,22.26915373219166,13.953435842325016,37.65633986273936,12.505996816104757,41.10659422732544,-2.8383619758873393,8.526439520695472,-19.05659147235714,8.14399450196894,18.227206012944816,21.108720756367997
1388,52.47959156182641,51.655475391600994,-2.6860963643963167,9.737608454238977,14.752649304862185,20.15200058800906,25.39325341750257,45.110174863129764,11.308682226933563,5.937902828531772,22.947868307710188,24.54596483539212,42.93179062807629,31.715175963625892
1389,39.68338296299082,35.372752487264606,0.6818384711258477,3.63375964856417,5.914614285466975,4.111321869487939,19.57889598898927,27.748047120104793,8.475196119174509,12.766141920499408,29.78725546153882,19.66502070479298,41.955045432950826,41.65330422416445
1390,-12.866786820456056,-19.54723148690421,-14.49015480922799,-29.757277257039608,-29.758688550687186,-43.479422833381875,-24.822628732160883,-28.726380450802573,15.97824206302986,8.799417342966988,-8.324751621352874,-30.62046012679461,39.972211716947726,20.63238692358517
1391,0.5108324394105865,5.316818314279454,8.337092714308222,3.5663843849558385,-24.216418093080904,-20.414722004567782,-20.728538762824055,-20.087131830407255,15.798486959536959,19.134340017501856,27.8951166206163,-8.021260027709836,49.126869972588615,29.579637878755765
1392,33.94876142228216,25.00996323241763,17.406640638865046,20.183897092375197,-0.22203061858537287,-2.279358307613002,4.303070086157694,6.696551449943007,13.993187294896302,8.296857532221122,58.1509826448966,16.051104571394482,68.79076320308187,47.92423826671618
1393,43.28371641745322,25.621267055601102,24.1621703037992,15.074922014959224,7.020441638109442,2.9050203952153626,12.192063848609378,15.5520264068651,33.632691895659654,21.624670945275554,64.19663878834486,26.03894862146657,76.04102986761767,57.08730620670565
1394,27.121225538802793,8.673620960531355,4.252939767498548,19.72814949393633,-3.351592224810438,-2.8635681699552147,-2.288309566867229,7.613787291634793,25.26948173951699,16.81998002100499,52.36037352661849,22.2054010942001,57.78042531891578,39.07414671218357
1395,-7.16353757658902,-13.67079989797854,-5.730667067726074,10.214600856597183,-18.716230862372406,-12.87631446987721,-29.197493545744923,-17.931179525264504,17.661423573740773,18.137579027004623,11.478326561438882,-2.830357929008831,36.01742621078835,22.437058324923864
1396,-18.266853107737653,-26.145871669574095,6.594873372163158,10.925984953254531,-18.304738197711355,-19.236555860381905,-27.883759209780987,-25.459965583683264,12.832661831767075,10.413257301260284,15.30407858565196,1.5520919426610145,28.027974740626316,12.82923296289615
1397,-59.841823968338545,-54.89440623341012,-3.5631650958035372,-10.343063049661383,-35.75704704528651,-24.105367429612937,-41.28774945475268,-35.74320854392805,1.5964504057302111,-10.848083462084336,-24.178673697552053,-27.835654438935485,12.930987912832109,1.2051140048008107
1398,-32.07520102173677,-30.018663115408195,-0.20634368559454538,6.391356984481941,-31.65462767019977,-9.037859665314773,-33.2258324910569,-15.530929740344462,2.271453837989315,7.422822968872996,-17.21380698957887,-22.560919142994397,14.047711230615553,11.786453951939603
1399,-66.99887211593271,-58.811632171694704,-17.106587201606,-24.79664223790768,-48.79791639508154,-34.9634244063183,-52.97458832623489,-59.08182837174377,-8.208042580625815,-1.3416239167877757,-47.9242126955112,-67.55639031267093,9.347754894521001,-20.48469769577579
1400,-15.858986161586037,-12.561622205595718,0.9190271824160016,-11.249117503253037,-30.14882281014589,-7.7963415441666015,-11.14090260701597,-16.89130334742678,-1.5711244089552814,-6.98232133866289,-7.130905044951932,-14.29132340475362,24.21614908577247,2.6882993281535663
1401,13.838598370806364,18.994506406174626,-5.749018837655231,-14.732804825558638,-15.734768588531422,2.1602827122283337,3.977316671194371,17.23063008056281,0.07320497673327342,5.084268940787537,2.7080593037647995,16.024613619808026,30.017230673266663,24.46502575920912
1402,25.32051171671275,28.836276660183245,-21.350105980674613,-9.316730569491034,1.3967965085467684,10.627573425201295,4.467171214137175,16.52368877509939,8.267315723473436,-0.6080754245935038,36.91891716862348,39.17873253412824,29.739272679748293,26.10016653892105
1403,22.64380959745857,22.607537680418904,-15.26688425079456,-7.755098561247259,14.644670769348185,7.19136480221504,23.672482958033843,15.517944465282103,5.676880082389648,4.998730815740104,34.31757177677692,23.63346141936352,22.446862448224913,18.073785336735373
1404,-7.579528698338223,-5.007391009070079,-25.50645418089124,-26.784554132928942,-4.703095328408352,-8.442108349114381,-17.490042184100794,-26.46824393344828,6.666556098927518,7.145003312632442,-0.6913389967253889,-20.94779010485059,-4.229371851375527,-20.359631875703084
1405,-24.374489803412903,-18.100215179698083,-36.57802150996919,-34.80615217868422,-12.479985215104573,-10.576700337184786,-22.546902495266263,-26.149588999952478,-6.700224858686895,-12.769439568592034,-10.07883510157533,-16.805523106507085,-20.55621273708516,-32.5345264111767
1406,3.263861396604739,8.347414847596367,-8.800393252816974,-15.780861795493605,4.409969466215748,10.114033257291748,6.45117518217756,2.541038570336859,0.10832865288825404,-2.0019167775302544,19.625458943216067,26.027162602767245,-14.540880920017688,-3.0666180173458604
1407,5.583610976776693,-1.4456003141487122,-21.31727894068936,-34.4924693403708,5.70043140608807,4.264707081851688,17.75109029983555,15.006831276538986,1.4233963217885999,-11.117112348146444,19.226919558799143,27.690590146474527,-7.159773152180388,2.7574751189806004
1408,-13.906819280705438,-14.987048274663909,-21.69470502530145,-34.86469164654599,-8.751865956169537,-11.935121657722433,1.9594409951518317,-16.067101362114364,-8.567792884657493,-18.250062842826104,-4.094811205930801,7.997815798562971,-29.425977046631495,-17.909214666059295
1409,-10.058986351292795,-2.8075933652463,-12.054478020626817,-15.033243697123872,-1.2288914579900472,1.9029110382310683,-0.5736095138124855,-10.783842901520448,-15.612210266864357,-18.741516751796766,-9.514250144898478,8.322396747952038,-35.3392499941554,-21.068635810795673
1410,-0.8918803064592239,-6.792602506704597,-18.736786144657202,-8.679530700440582,4.363612886674337,10.810823780225151,-13.14704363391282,-7.374106004673308,-6.158237472497443,-7.673607620586096,-13.657315470172268,11.293574119993906,-40.92366060555317,-24.91707237855502
1411,3.797045009982748,-2.8203480154443894,-12.279195460096235,1.6281825846876827,4.965228057833238,24.111757266127587,-3.8509768121981325,-5.033530397439149,-0.34145079914423265,-0.26726252966973596,-17.565593857089176,18.519970743290905,-31.231247887775325,-15.702062575817974
1412,-0.8584652026392064,-6.6776685006789815,-14.64553641508392,1.7148919207296767,-6.0968275039831985,24.52537967534769,-18.51565820187326,-9.5151942925702,-11.185839269813016,0.866862967944436,-23.95934383594873,8.315739024951073,-38.29585946466448,-21.328935528734974
1413,-7.638798584842245,0.3394195284457542,-15.620600383031666,-1.180059643262601,-23.078802539260526,9.414209232404586,-24.321913132775826,-11.139077300002201,-12.017895939386861,5.3014593000908015,-63.582381971864976,-16.905468815419574,-33.25096104808939,-17.023783117847483
1414,-5.916226526084286,1.601847529797955,-8.700978316426653,14.037309797675984,-27.733323932232388,8.48794587807089,-38.609699350480454,-23.47736984467942,-14.614773888911806,0.17477752886797449,-78.81389607834836,-47.930317048157086,-32.96716289998291,-24.8582016241572
1415,-26.281549888488726,-14.93814239533269,5.337922491047261,21.80134243022202,-29.67929017384615,-4.585121082343006,-40.3013913567426,-25.31166827106702,-14.643899629476605,-7.828967616746247,-85.17010943624986,-57.22333524319726,-27.46357415038279,-19.559763389373277
1416,1.0646320007343337,11.315601107071203,43.71008470980451,57.555882961049,7.036427679765299,12.857805599116984,15.609008069261701,13.557396175792928,-3.523705443811894,-1.3969124098660193,-49.399690850482024,-28.456505140752206,-0.18668097131563635,2.678112136627658
1417,-13.899246702817605,-2.2174128042897463,25.79218760622321,39.22316250450672,-2.441776522316421,-1.6779890015646437,-6.594533898181979,13.394958901465193,-5.813062845056366,-12.976999755359788,-37.98519153573561,-52.360447803515676,-10.578422943633646,-13.446261028916359
1418,5.680552635673796,14.210115699989185,12.359291451780921,28.62715939928732,-1.058612030507298,3.220424288580763,-3.887558289552042,21.178449567062902,-4.318193123577291,-0.9111815031202664,-30.705882745371646,-32.08684643606895,-15.59145953508487,-19.03262938777306
1419,33.70279728715805,33.427314738169486,16.882502183385967,23.604912394415294,12.47251531133669,17.69157061059305,8.504844639145094,33.91502778001612,-1.8930591177427738,-0.5226197514870204,7.306423290997661,5.248981612050027,1.4525918142145318,11.113765936332843
1420,31.330747447525003,29.3282171429926,3.8506516420820076,-0.4898399109411896,29.691825454244686,10.748364710483205,37.85349705010869,40.9403519784892,6.898636261591445,6.840573078840529,40.95685737595108,40.586207459102006,25.628736127652278,29.00914781606908
1421,40.47286960600785,46.34175009800198,-31.088513747493778,-23.475160126032723,18.836422716712203,14.750937530845487,32.237291347663906,31.94358156913763,2.558243881085709,10.765598797147256,47.65622730409646,39.747025353406954,15.061931122631034,27.28199373254831
1422,10.206642849444897,11.406615171186239,-43.36786506925653,-34.31115864115212,22.53457765707301,3.3638636899858696,37.58826861262302,25.462352853544864,-3.3025751739574942,-3.79992944482297,34.420143118401555,34.42545501145245,-1.5139308007636687,17.151014748094283
1423,-28.389543247584673,-28.62225056938689,-40.031141163494816,-37.87065143397696,9.897917288089925,-14.896035171156784,11.993351723009237,5.2997629794932575,1.2510451337379218,4.512304820851031,-16.473250111598805,-7.9422657273145205,-6.6851872035424025,-3.0047686066430894
1424,-26.366459280408446,-26.47040240101684,-45.339258069631235,-31.59004299555603,-2.2339914516749526,-21.201470461709317,-16.27881676447304,-33.37797706373173,-0.07559939018650634,8.518854533454338,-51.419392977352715,-45.97206579005737,-21.027185668629762,-17.759806023460634
1425,50.09459875256686,45.95600797484086,7.770078865194164,10.337226473714644,29.688609349161602,12.494880502143378,21.245482870464844,14.80799858723511,1.5239852976267532,5.810840219465272,-6.6465844118061455,-5.117264843021952,-7.868422616240376,11.65462131429286
1426,75.48984841863563,64.22423985378491,38.89977072289837,44.932487106744794,44.91962557308293,39.85683477157773,47.35852511423555,56.678255727044146,6.592439397182349,19.48469300149807,5.045761694459287,4.186770016940142,-5.06242374155729,9.657191851278588
1427,40.27632348626563,31.199895767319163,34.00475414543708,38.74945420548508,24.803907912149135,21.182138616999882,27.73403584693728,34.60262818892811,-0.7258109350852733,9.184728996317908,3.7098164430765803,-21.250603849466945,-16.65950409369484,-3.561722457068048
1428,45.23541126098523,30.11112569494421,27.937746151418963,33.400310287761165,26.828092636328012,20.280825980296417,24.281017031936887,42.68847589836145,-11.839653346100432,-4.384613875404131,9.32231098362372,-10.085521737785292,-23.734534747479827,-15.406263366999044
1429,31.577234484074772,23.68662285552132,-6.630558738276236,6.766841237017359,12.020879585424897,9.601012680431413,12.471165671319438,20.710962602738906,-9.11007001844248,-4.45407405085727,-0.7426874869031113,-25.542503793182725,-26.52227279074096,-24.123176329479676
1430,30.40683986345115,15.39808382360441,-15.015141908791213,-6.6701932332550165,17.372381241317257,1.2899048967730276,25.50911581698087,9.474231826023287,-12.55573476703191,-3.1902646601180726,0.6601455947480321,-12.512412302431997,-18.95747616633823,-22.269692592681647
1431,-4.544155229724714,-16.223277266583043,-42.85551751519082,-29.965825491993595,-22.50622905861573,-25.023345633333406,-8.308889813337476,-23.131364031617363,-10.470172245727964,-8.39506359496077,-10.219929639448686,-24.082192924672917,-26.058998150008357,-25.39882773094104
1432,-80.74850470492669,-85.15320014142371,-54.238143611436065,-38.162967570656726,-40.079621314432615,-41.152657495860346,-30.953011159141617,-49.113413458484395,-10.874583999959222,-18.578033683930336,-59.21446082640905,-53.81671181968726,-34.62256818285222,-43.33991955792998
1433,-52.698959241670494,-57.80104064324453,-17.707240052722437,-11.122933798480762,-19.059758447079844,-20.171304812817834,7.761345660165113,-7.612416119285325,-5.560911504930129,0.5940114456357071,-20.139255582444058,-13.498631153468914,-8.338533310806376,-7.113975108866852
1434,-19.31790203926846,-27.47138119232427,-35.429850157782894,-20.036838847333215,-40.64970054563975,-33.88296004076598,-9.225335453545174,-4.908731041690918,-21.378820770897832,-3.172087031094134,-14.391716101324796,-21.43806111167961,-0.4779649029427326,3.8904542782202016
1435,-37.500439532492265,-39.16736442093084,17.916335590221625,18.43993983447096,-19.90806099135794,-23.583561079350453,-5.764773892904532,-7.819209886506225,0.6992056272821229,8.381141670873086,-25.48171777500903,-11.504342132450043,7.5345535194133895,21.336848870279535
1436,-30.196366997620448,-28.684822387227666,20.512628907040718,30.576622424485645,-28.899448931893435,-15.574225905293273,-15.073870304037671,-14.41786204120414,-3.4362767860079693,2.905150090362372,-53.416931644921355,-36.21215364805553,20.519571717945574,18.521151366619936
1437,-38.79996798420862,-42.317010638894914,20.48076742945253,17.558382174376767,-42.85157560723857,-35.48033310702862,-17.178246569857833,-17.30798949175627,-10.138855113960096,-4.796485604639263,-71.35719290799148,-49.312714752999845,8.968757999139614,10.811313801421568
1438,-7.670942945339402,-8.971822267670133,8.868845340226711,8.339883906028213,-25.573343027540048,-13.499272023701954,15.18188794268124,19.8869624592243,-11.656258926439678,5.401455035461199,-25.049835046725068,-8.041650978533813,23.87705901885233,24.29445032170621
1439,4.150926775095531,-4.908086934867816,-0.8635285011084849,9.240782721108724,-3.2629387949313555,-5.740977202984899,36.937671435384175,40.982772431608616,-1.9717654216863216,-2.3471598857892912,20.101476740191327,17.769512560439644,20.412590210427133,22.82207396666287
1440,-36.497557099720076,-28.481624752881824,-32.1473017218217,-19.073640641325305,-18.148408170274877,-27.931249397060764,-6.434192159095008,-4.8178055437624785,-6.942878025544864,-5.357519074609853,-32.709798886463524,-35.43742358013393,-11.563023718403192,-16.992885748864786
1441,-57.68138220362841,-55.712230508523724,-51.934252676564306,-42.110230737031756,-44.682977013450454,-45.374135516357974,-32.201573932108374,-45.83576278192195,-15.290092666177019,-21.419562915273033,-70.37222712139399,-86.89912198504115,-44.186791128567215,-56.21894026116982
1442,-50.53546309994075,-37.32109079827038,-44.40579088305191,-45.286694923629994,-42.326171802603476,-39.230914790644434,-20.98820946100138,-42.915548018793785,-23.121488620333594,-15.360675102218849,-83.29416744033806,-96.48581182795445,-47.854105601944624,-61.2726431600049
1443,-59.38330055667906,-62.5441818076773,-61.47401259875705,-51.07121833901876,-51.66775500294468,-42.70920847602814,-50.964019334913544,-55.056679030197266,-24.639786564543073,-24.996111444560874,-85.06437766786297,-101.54957153812606,-65.89084675467453,-68.27274852169565
1444,-44.51296394448363,-51.7568110704569,-45.752576139681594,-56.749243411126244,-57.15849837161531,-52.42707616853977,-55.9470135396895,-60.43193712323167,-25.33660737887681,-21.56731808758408,-89.50515249055087,-81.38066184904692,-59.56036867808374,-58.498120302407024
1445,-59.79336195338164,-51.67983786497294,-11.236523681399314,-31.34815840874558,-47.48367162210787,-39.02344552926882,-30.48726927113191,-44.56130481932182,-25.143547049960734,-19.728667089966024,-83.18368472647633,-70.7760646664994,-54.81348704041927,-42.058303680672836
1446,-74.19706120616594,-62.60111480910414,4.646039372561784,-0.8097143441122003,-41.31776632874511,-19.429618526236226,-17.747985649026482,-22.738179941652245,-17.110535078004943,-6.743762333447674,-83.43831809385927,-76.65650500740178,-24.441891633874302,-29.793282458666816
1447,-66.03782702247065,-58.51235811856728,39.45307522064898,31.565434214379973,-20.796798755040555,-14.075141475624289,-21.49484528276446,-12.713447115682815,-5.267907675136577,-6.077091305000206,-81.20264805460044,-66.49757175478743,-18.121857913824496,-27.07468301158696
1448,-89.43976824654715,-85.91561638603488,58.0357644739665,44.52744799835777,-13.91449564312372,-15.839386654251433,-21.081683612015343,-11.743838228296628,-10.303049149113832,-3.9418291210439778,-88.54299900581178,-80.77771420249009,-19.669169560723414,-22.332206759597884
1449,-70.58030730379573,-71.39221162822817,76.31915234068352,71.18790923669579,3.0098280937582116,6.696145693421294,3.4931784184349093,20.90009778192789,-4.613287177766768,13.277495186409496,-58.88612375613492,-40.65952637220921,-5.0481636910305046,-0.8850619850388568
1450,-29.827320931531474,-31.593156747363896,95.20015307403823,95.02072900353905,19.28493827536516,37.935832747671064,33.97403440629645,59.19272700280724,-9.239349431940443,-4.040028116939649,-21.74546230734944,-6.159318428495487,9.267037175530694,19.544904424651556
1451,-22.275742477758413,-26.550859213626417,85.13449677086398,75.28226822993653,13.06060742101799,27.465707038229358,20.584187099633986,44.64933034512681,4.394156208294727,-1.0798020677930062,-28.95831253326868,-9.192275362528695,8.314188396925212,14.65902557442408
1452,8.579786479565476,5.357615235152767,53.79931374061675,51.43559277138533,16.038947466586855,35.66947740693642,27.213718067567658,55.80212464358258,8.80052929251992,2.044912942063143,-0.22004628874080012,13.666574068452741,21.92911108824026,31.521984799271547
1453,105.28753174391284,101.40942382735577,64.92899320901064,74.45618590192268,71.17825173397101,92.13265579604851,90.18966714354274,129.16230931109556,10.955170027918186,16.239011261692095,79.57399319320729,97.75354637340313,46.55117004251777,77.70692520665153
1454,87.83960980248604,78.10152022737019,25.041391419581426,27.020915424603352,52.22674982542273,58.238313734459105,45.251696173256974,67.68687922332317,15.507002039280076,9.448442300798781,50.87042509508842,60.84225713594115,30.3394335207664,46.88093584799835
1455,106.0902631116632,103.40372377107795,-4.677413731638598,33.919813445840134,61.69977890165153,76.29164282849095,46.069506381876685,65.9019921669449,3.71746397083357,11.069462804876451,61.20567810130986,72.15164258268051,23.283846088311144,54.946152182604806
1456,123.7701792916439,115.98542441556052,-11.854987913714083,9.262827541988731,66.90635138637548,67.32308746781192,48.14556266951256,76.82491760186984,10.746714356549553,14.362663657931531,89.07613890612589,102.72662798945697,33.79618163447334,58.61845763779943
1457,105.19515358780069,93.95181062813835,-37.32672235837061,-11.315199369068555,47.14690313219698,51.49935933222751,24.550669893022096,30.081676694789213,14.241602821447733,22.260866307519862,78.90023952759447,93.29642427413802,33.21253384582597,56.68884927544543
1458,46.84406081385701,42.232763566524895,-50.28927572858796,-34.81149851295174,17.528388079444316,20.107026782067496,-5.676127362588178,-3.7713613664473558,3.549689048157097,14.319423093091007,65.28338991523393,80.82306242021515,14.459888469593833,34.50521166469868
1459,25.28697134544289,16.47794491208642,-45.87481944785085,-43.14505521717976,7.560591931746348,5.733859320157832,-15.683332306334288,-12.461664577087568,8.16085522657477,22.44689389758809,54.47191755828666,66.41101336677461,24.27569486455893,30.07059749210225
1460,22.668060905697992,6.682737830112401,-37.51742969109171,-48.86375434429091,0.5042966468594204,-7.383881104860762,-1.3794710694439039,-11.008403315652956,9.639374155115721,27.95504021881154,57.32346482901641,80.06858959091541,33.00331295948401,43.80664647439869
1461,-20.34877080299634,-41.142820229886254,-48.45340191618044,-68.57795887960603,-24.497584482214403,-32.94642720415752,-26.518990991677015,-37.94458187048102,4.706610267645128,17.760276532966014,23.90683756270967,54.232671322330155,23.387842834207035,36.1295803058797
1462,-32.92941700391533,-53.17022966386192,-43.576604623934806,-60.06271786604174,-11.330351470772404,-23.002987044025808,-27.46085375653769,-48.996674525557786,10.320931634828233,7.497903210950276,23.771567766778208,37.77080511789683,35.024764824322595,29.177152165103806
1463,-23.431241624682166,-39.9166404427831,-23.247111119251297,-36.88396777205071,1.6415598907765272,-15.897291148414832,-11.393633105514931,-24.657086286934412,7.579530132712624,10.61541985778453,35.72309353280422,45.28095788670083,21.265956131557058,29.441234557305528
1464,-61.002707612231056,-70.38935312395327,-10.886907594383883,-17.00042864882824,-15.245849249721479,-15.753038973831881,-40.047463038700414,-38.294793614041915,7.46318538099496,3.8372174307200124,-9.832050254083342,4.580014360401165,-5.571108363869301,-1.5765187617386618
1465,-47.407110158504366,-53.615518263111085,17.4643196121046,7.557353487859428,5.36186737828469,7.677133006970711,-16.671983181824412,-13.93801202960886,3.4876468881187144,-6.711806539971037,2.19232035520079,11.760805859915514,-8.046173456998547,-4.309185588611684
1466,-25.290643657320356,-26.34367252281521,39.04469198056285,42.57630136383983,21.28447539745676,29.937110678203684,8.589711857549078,19.61021238608687,9.557400892042994,12.544840156379104,23.85422161320538,11.168669119159036,-5.7658540284381905,-8.509177730498497
1467,-25.72354684892665,-18.31652535962329,47.93722818661248,63.062073908653375,13.010270408770817,28.103376305113915,3.0786842306131903,10.827587554778592,3.8027798306256373,-12.748339419053366,12.254835385045327,-12.883781876481317,-9.450848602723484,-15.136918163306841
1468,31.008722037951696,46.00214131548736,62.84231119960706,84.51839237516903,28.663852011651308,51.8816809336444,29.043151862705038,57.09966429950989,11.589493972087935,2.1953538156131143,30.785743221061608,22.471084650847033,5.6173765882890665,12.891182320986006
1469,45.48225457918599,59.486215081602886,71.34420813184688,72.3933655146541,40.78860180287716,52.05999106251722,53.00476715684601,74.0712255511446,-1.8478400138291702,-7.604909746742154,60.00508378941147,38.87266041730638,15.53777783338539,17.683849873000643
1470,118.48987880702293,123.6059326851334,75.49344528581382,94.09491403606475,80.4546655570431,78.68518862330045,92.30645642092234,116.82849860113842,10.159011027978975,-1.6238031096999839,128.05113971448895,106.3059359757636,46.110623304248335,58.44126048086189
1471,48.115681895585084,51.402074455754644,24.47905750956973,33.94720245275079,33.122503156452446,27.472589122747046,50.10520468611264,52.29106729120497,10.414541391817592,-8.417981383837452,76.27219872369403,57.59284815866873,24.723396953029376,30.071146149683134
1472,38.97589523411735,48.45544905527189,24.12581697103502,34.40238915615674,35.742792120887664,40.3992207923734,36.65734357089931,26.590941275071856,8.114590005069324,0.47142289944979776,70.62080008355687,67.909771354876,21.22937761858789,29.21370445846569
1473,46.12345122127533,51.3417079362812,27.104493122498386,16.938186882152763,46.37918928725086,39.2745424987976,45.1457983317299,46.28915565614504,19.46272874054038,3.8743349308390167,97.14247243123407,92.4011626594317,29.730078424055,33.6410327374779
1474,-3.291608309245206,-4.102538670570398,13.068370476144372,10.368650927109412,20.699159208901147,0.3391122138308723,12.260489985933834,-9.217740832137101,9.542711733954585,-13.26084754958029,51.059914620146444,37.553548913857625,-2.8180514309048115,-6.272820947600121
1475,-37.946797195494874,-22.301827494737626,19.41866940430189,15.761569505705932,-0.3065026933802608,3.2541156655488805,-12.882384566257233,-31.925682211192303,2.384880576940202,-12.77163476530209,20.94420019755193,0.9228958434066621,-7.171151494408644,-22.220055433241136
1476,-2.3785722400674456,5.079224691062185,33.52710674002894,24.260955797785098,28.01513519482269,9.880178418578193,3.047406168464247,-17.58162410462068,17.267337616562937,-10.53542275553352,63.774581096399395,15.316332023728174,19.738873139570153,-8.454635631188268
1477,8.266315218502172,13.64216739693347,71.31690812818279,64.51743426047226,39.328608724940004,28.37191490571231,33.97554696500574,26.29493379990891,9.575156522087427,-13.35722322900234,82.48773872800494,41.942743521055746,26.091703310536673,0.25839278412581285
1478,-25.477570863026756,-24.54473357057137,46.95483398662961,47.49683715442291,12.838274830666185,-5.349886082956602,-6.328931370250499,-11.789241388920672,8.277962504878586,-9.665241736527145,29.04574779386914,-14.115185874901206,7.494942236101489,-24.189396810204688
1479,-21.13660592551013,2.449125040944698,60.28685069227865,50.997196784302766,17.5539809449744,10.451292467164853,-6.5728340620935475,-8.763159912677983,9.500650185112717,-11.424041006603025,28.00533451803724,-6.349352347123605,7.137001828685403,-13.230168848832625
1480,39.351543261704975,50.10853042695769,72.45794380811911,62.29519994526091,58.326137288582565,34.15307519561914,38.46450572513577,29.78064757622227,24.626749169005535,-0.9331753965184042,82.50429992712371,34.14567894989124,44.12271682152688,18.779347239890537
1481,49.0273699411439,62.91381183462314,37.85048274271962,45.632709331076704,60.55374572269984,36.91331684596874,42.20688179314653,36.210541152321106,13.173012886625534,2.401251895566639,104.32607293323395,50.46926739691478,28.699144316216465,18.709854907347257
1482,13.744557779171101,36.75754972508297,9.44462551795388,30.9649325760366,43.09208508788682,17.42188448208236,13.367889770406395,3.6670007464892427,14.715404164232694,-3.330829682996467,60.9549027824952,11.271005892796385,19.508312315783442,-1.4200356326459085
1483,-10.347828427992521,7.450845122098413,3.0851501376280215,-5.644415376875289,11.325101518204681,-15.227990022117638,-13.975063044792632,-24.120201786367712,12.67477498407179,-5.544278553378263,27.975847392889612,-13.954782686700904,5.547314955454569,-12.373470507763118
1484,34.47468081159926,50.95530978532984,41.703069064206346,37.81167677301625,32.57417694180411,4.580048978769555,11.019661645869803,6.057713505888434,20.30533756335184,-1.3430216892619589,70.6843504984266,0.5592556861344481,29.975317937946052,10.995102277416892
1485,-32.55564637801989,-38.86355421883771,36.21900687219988,4.504670489806279,-12.793368008090775,-35.34535291902356,-18.288594010434387,-33.968996504751686,10.005340137387636,-0.779430212445793,-27.49579415524082,-67.517216825311,16.24511546655487,-16.554783312303343
1486,-12.602375101544139,-13.731264581141675,62.70769007469023,52.40836580291574,7.962147288730209,-4.0773529511101785,-10.294613327334687,-9.768943169975115,18.179057894508436,-1.6804826307873988,6.380309213294815,-54.3060897967707,36.34414207254144,-4.489265711162679
1487,16.187328923689346,30.737006357891882,65.8167159894087,66.39042690456927,12.786909667947688,5.249064158683609,9.85062845196569,34.804145343197675,23.356502859209744,-9.961656562919028,30.493448872118847,-17.03857066256042,39.621165960677054,25.360880748636024
1488,9.260931954451378,9.58380487295077,22.4879447879111,20.94787323308386,12.437306090727843,3.3467548142801653,1.6730611218891618,4.8338368618302345,6.415816632868624,-16.69200289653258,41.0911234498584,-13.307197178975946,39.10854695128051,8.613258330802056
1489,12.132975697041262,16.969431301228145,12.462724163027508,20.882563390555934,19.594755978665493,6.975787391092564,10.853551615030442,10.488510091411833,11.340999534629168,-6.2278610855030685,47.68271754943756,0.8330875192795896,38.60682072958069,14.950227425968444
1490,18.510007865799512,22.906250428881336,9.418972620911694,16.10590294354883,31.23711996883719,13.756957546988161,17.80551644218377,3.3544775297208886,6.991382566044494,1.478710559039393,73.23893105107594,22.326754835950496,43.008746860829056,18.918883406328632
1491,43.931684476082324,46.07064597689391,10.913247221895608,13.24229313309324,31.834846443460506,5.843262941672086,43.02624073658097,24.793377917671485,7.542969916090278,5.5714229898647885,98.11545725775582,50.94707833616557,43.079518663007626,26.717738096107986
1492,-3.507911257566307,-8.795560015035807,0.31335409611231846,-12.792386302079466,24.121138597400048,-1.1770570545253403,37.03028181682738,4.388110470951397,6.8013117768286335,0.5025591726139649,49.598514673614986,20.425710112133757,11.62397074271372,1.0930026958123116
1493,-21.94390191680832,-25.686415795779578,25.296201717822957,16.50198975400212,28.538149188427226,6.659330585975324,15.229812216910375,-1.3784416455027821,1.5850409610295983,-2.174898724343626,14.16317111939773,-16.749599423741223,13.859210030545936,-6.57819276754222
1494,-25.45683107168211,-29.4662299966431,40.11773092918754,22.755437165007322,29.811664609808464,19.923804943841454,12.026326407716823,-1.4277304414477023,7.50612734876368,-9.322970400826758,6.864272449831377,-14.54616460028819,3.977805571339929,-1.4762513127974508
1495,-6.862236046178517,-6.723396622185141,37.37664068028973,37.91535351236614,60.74692869767002,41.1380386455123,30.140821425948698,19.06518017748926,-1.5578287451762023,-10.187674450753075,17.467194153824444,-4.937070217563102,-0.5742389303582578,-10.49192864416027
1496,-18.017256559095276,-8.029113512558478,21.319178554849472,38.79903863652531,51.44338319146022,39.767118967458565,24.4461134717632,13.914361650091047,-2.8918515909633378,-8.408662329754659,29.6865072771687,0.6240245406934682,-6.6722740221403605,-4.951421131343148
1497,-4.101910669897606,1.7452170131924132,28.549165914300257,34.323379856039054,42.72886818023553,34.3203283089384,34.8981413795913,22.807237223127494,4.288366615769798,5.096769415496603,18.541600002955036,24.673509468015208,6.914289659838177,11.216668511575637
1498,-19.827740531206064,-20.34192878342189,-19.038316518207086,-2.4837790137787796,27.002053023867226,11.879816455934051,15.759160988292004,-1.592152097761124,-12.563303308531403,-0.6957949238578653,-4.70684236456697,1.8956270044760393,-22.107033587364178,-18.276250828965672
1499,-6.0283407440469325,-10.489544485435506,-28.131125322232602,1.6257592263900023,7.305480990626828,14.208863037894044,-13.013751889913909,-13.330882131241236,3.623408986461358,-2.5871244505847075,-2.4975751109721287,-2.260638666108553,-12.155219303100516,-15.640608194894986
1500,-1.222160349337257,-14.628588760935628,-1.807826972676305,-3.3087003652938574,1.574280961756271,14.82062529263629,-4.301357496873947,-10.978644848901144,1.0641855251708805,-0.4097871407368209,0.2791056421573934,12.116938187872154,-2.2435220518757393,-4.0315998646209
1501,-8.90330556686504,-30.57059030206429,-8.87543192374517,-1.0612594398560824,5.335690318323415,16.871955745433066,-4.943361861155891,-5.995853351700761,4.579329972043954,-6.417882184229704,-6.074155794788764,7.493435289263592,-17.495439509800494,-26.076387571866725
1502,-24.19623254321089,-37.435510245763076,-7.810252455647153,-11.11405981051467,-1.3152537855906836,14.215668152371753,-7.741679001569606,-16.55254373831017,-3.325096674707017,4.860550072538436,-32.59719924670823,-8.106856985000015,-15.568694666262143,-20.393890846875877
1503,20.98650316456709,7.356852286019732,1.3027135677595243,-0.4476256081287908,6.25287889525446,22.52018942913738,9.013776266793503,3.9199701853712314,-4.030862779055506,7.405672653576738,33.66745917368986,44.61578684933947,11.323139251882084,10.761038925165803
1504,24.46545728297516,23.479457337401495,17.31216405950504,25.82171988124044,25.279452029869702,36.93744337477024,12.749700644889254,21.798910666007988,8.64969306729841,1.0793930730339802,45.79569427055866,54.84448671777991,10.171392970319012,14.340433511348392
1505,-0.3211924080356929,-10.371677447218273,-16.150207760560342,-9.592146663985828,6.489816314123337,26.59224691910519,-5.65258670143119,12.2687398259582,-1.8526972284362457,13.514037482734167,-3.6043208590810414,17.994570755078556,-3.6265195563684096,-8.957875217837456
1506,30.45338097850171,24.643832077209705,-17.856268728335944,-8.917086256227211,12.845656119986899,27.515828507450976,0.9008583381883472,12.370050268734982,-10.28746781146196,9.299309524639527,-15.659406184733477,-5.2465068030608215,-12.065167334244926,-9.751437645387533
1507,50.00394955518792,56.202398712200186,-5.147940231046922,-0.7370066686921974,14.914930540222988,29.577416777989242,24.052659915984417,48.507912044388476,2.40472365537886,-3.2266033087564754,-7.0242708141998,10.134629461430624,-5.082406654262915,4.083812095585324
1508,44.669558561955945,45.98838347773833,-46.147009123449074,-43.84503974185813,9.687211124708274,16.765844358466303,11.033048467757329,21.823197227228448,-10.143751638564716,-6.738491767306867,-20.883580734451584,-6.551788306139816,-23.589530023935218,-10.238507770213449
1509,37.25483076366829,32.87742208684367,-73.63087382001117,-63.79615411667404,-13.272308840579907,3.879585978917898,-4.359516484540068,29.046422964013534,-10.964153302162167,-5.862086047965733,-43.53950596600873,-3.2009862451683833,-34.239041534037646,-8.34298634213941
1510,44.62101299294847,45.75300502958491,-54.46502310833976,-68.74936050250915,-14.817177957890031,-0.517220908299337,-3.062625616797035,12.842615905653982,-1.9089416346946324,20.826679908049663,-27.91338148311273,2.8014492386014176,-19.975676795665414,8.186152244208602
1511,63.79499733676275,74.73076279316791,-64.22871841562674,-72.49761361099041,-25.329087306377343,-6.369091073555255,1.6558213508064423,25.718567811274873,-13.7035355742215,-3.1791368206829214,0.28025130679206356,36.70211796174586,-21.704131295986958,8.257765177654717
1512,40.85958583036384,39.941688127657436,-72.09796109180803,-86.17994572024877,-43.95632817251444,-30.710441297170366,-32.48526336401956,-15.370517485814144,-6.027363722847639,-5.0643253069640375,-24.492765854529775,26.670590389003124,-29.837031711554953,-10.080196352884672
1513,25.5857663971007,24.411886773821884,-75.5796916956456,-81.18754802552823,-60.641360825524494,-43.51434408581097,-53.30915189470621,-47.428009412252884,-3.270634276801309,2.1893034174186106,-43.41422670249892,0.223422301783445,-33.35054294868824,-17.397709462093033
1514,36.7562349853953,33.938635256780515,-59.481481554757636,-62.50086376784766,-43.28099881696163,-40.7716040341988,-56.84930011861953,-47.38628342849425,-9.484219877970292,0.5200117350970345,-26.905164619085706,9.082089359531697,-16.917674858672374,-4.771698942511532
1515,44.66370718738268,56.705567740569535,-69.5310221767117,-58.11704719451643,-67.92874178437877,-35.47437551824121,-45.14284210265861,-34.1452631364984,-7.810643692014789,-9.241967029848718,-26.368237008612347,17.1434246847838,-16.49532707858717,-0.028175394912177607
1516,9.113856174243232,1.8605861023361778,-49.27368026505177,-38.83896546519888,-37.01099882742205,-31.49052146173526,-46.53775648968684,-36.58778304073274,9.720844570253854,7.968780772750227,-12.201530466836305,1.5170596040839823,-8.61948710405062,-7.84254386737654
1517,10.948494660606677,6.21934523687601,-23.90298395526861,-20.117482235556725,-34.20681674146146,-19.378302576851496,-15.76778184507957,-3.1436373901188888,-1.395764586582355,4.0907563060959236,-21.58119024008589,-14.9820336007776,-10.119158663597155,-9.934551772247627
1518,28.68905623987305,42.1931979128569,7.283577037744216,28.30581551121754,14.18145699162194,16.16133985186858,12.937986307356415,28.7423935483125,8.689143751286103,7.482859691285222,29.76525962836797,15.96928333139845,17.66568679773877,13.038290926694993
1519,46.44832177725138,62.916010578672356,-5.007413702687557,22.940142585793268,28.415634138176205,29.47663615752015,33.16471526179381,32.94580901648225,9.749490685449215,17.305002463323433,88.11579443316096,40.761195500126874,33.949986356234476,22.903636965222802
1520,-0.5238730653447953,-1.6550041510853104,-0.6975020665640725,8.164987069715279,20.723418367116633,4.9041413759983765,21.595400351520624,8.68406164107317,14.417463983074692,12.289692083411484,70.70753064862396,12.84670552713501,20.952398557411204,5.941937744612607
1521,-36.62534764920435,-39.90502584406415,-6.750186262555576,-4.461071565382629,-10.369033838806896,-22.90383815310337,-9.471346597074144,-17.443227055801273,1.6715998750634886,14.50707729530885,-8.614963053497078,-33.590509436948295,8.628577477984377,-13.457297674919912
1522,-39.03850314115189,-36.94198084607517,6.065259339193129,0.8672097959355716,-20.307378990408292,-26.55107137511464,-13.142181396676921,-13.213972717538038,-3.5049243060063433,14.06509680475314,-48.51903538191978,-47.134045944786735,-3.718137391076507,-23.657424293496703
1523,-16.555399747422953,-19.3500203422118,-2.301140413805964,-13.209558925571166,-11.494545160243284,-20.428704395080892,-8.765594915067917,-13.373692567439008,-5.057025324993903,-6.026523092421542,-20.208088353947325,-13.787130443059805,-2.72156388849794,-13.27183505373136
1524,-23.649003371443424,-15.285450494418134,-8.417585494038745,-20.5480977732194,-21.240976178303285,-17.96867448665896,-5.828563597530232,-17.838457982191233,-10.077086090594713,-12.528034875129597,-20.945487964060803,-1.7776613011640972,-15.088270483270172,-14.937785870207682
1525,-46.9103033871993,-50.079435330246206,-17.384510030494006,-11.035142175973057,-29.229480958939924,-19.567252073544555,-14.58226273180327,-11.140158286241842,-5.264370999889882,-7.068364744317651,-33.530787846456526,5.297517450061002,-6.94251985681229,-5.651284356666549
1526,-86.24536855842042,-80.60421593295973,16.66531947344209,12.359125947777585,-23.98487107897589,-16.850316327401753,-25.103516915048687,-20.236328460005183,-4.930949631020953,0.5160790271090026,-45.58995624188712,-8.34712194669814,-4.317115438080382,-9.58098595748207
1527,-120.60098105164622,-130.88841303162152,27.547505338983587,11.573059648241214,-39.91888726546151,-29.224357908181407,-34.558583503539,-26.909526650994945,-5.6838873890684,5.62082805184108,-48.02673327099073,-15.150205680278614,-7.743889275317719,-4.8439848156887955
1528,-59.54790714868979,-67.46912543859736,72.3682720998139,55.7247710276588,-9.725498320576172,-2.3954517227736933,16.05643784130106,13.69363032805614,6.712154941057103,14.521050018868458,5.552551932544968,28.78227605392471,24.00948857374016,35.78345652442566
1529,-6.210095316970126,-5.764390601259484,90.08829756930807,82.79042151397205,10.54234313990674,28.641829274130277,48.39307148993223,67.6324798115034,12.09796279312711,7.803815680739201,49.1409389021385,73.2335725378843,40.103359012390506,57.61604494759278
1530,-45.24948108948155,-46.165718307236915,54.7018303172978,52.60457548922553,7.242550084273427,21.99620885033641,33.04052753261581,44.25243787718732,11.241849657613235,14.22731403992741,37.26162252552032,58.767159575086325,32.7967889239958,35.28266927659985
1531,10.015366063209953,0.5549027412013927,62.08890575464647,68.60561776648966,19.338607464818033,33.08565245444876,41.35413387613389,62.681777728804285,12.527404525128697,11.303341123334432,44.63268850747888,64.25514469178219,37.02341895300343,45.47378806877703
1532,-12.507764409251642,-28.394714933313175,74.64039419918625,70.89254431391097,-3.024966818661598,8.325037593125183,21.2830622805843,41.854204875720995,17.111402620576452,13.128935742312091,20.933870888795454,38.54404203209255,26.484411041399174,26.828108051177825
1533,-3.0035135982844614,-9.044133163919302,72.15177260959136,84.59178101955095,-0.3200193864510932,20.25654182186596,41.42715517139958,61.30569337948873,3.489473298034024,6.6325045804398375,41.32074454569502,52.97772202987724,28.64829020463882,43.92503393536656
1534,17.47938713765347,9.835566539300753,80.63331550133606,92.2477646260241,1.0882006160014748,23.6633648175965,36.67626005809864,59.81466145199882,9.429275342389325,13.933709565327897,24.46626144076042,54.11860753029674,40.92094348690041,50.04427691763176
1535,-3.810367664976152,-17.87443568928208,44.36244584195348,54.81294108185034,-5.510063760132665,4.920117711799695,-0.2337472451285081,20.5879420197082,12.016233345281877,10.475491904055133,4.71268197224544,29.607250773818276,27.981070723955707,31.54418037551233
1536,-48.477631408261956,-57.649724122998705,23.028000480814672,-7.562503686754431,-33.32960700513442,-31.88306676229975,-23.814995618076335,-14.45526746158637,4.86693004397146,24.267559772796243,-10.172926057127903,25.580961901606457,4.604224966808866,13.326295912905467
1537,-70.8013533575443,-73.9482782126185,-10.408157531284337,-27.045902709195015,-35.03028025226965,-30.918672777775726,-17.988755883666318,-21.120000139333534,-13.533001824337797,2.638206618791993,-9.118895346940347,19.31371136053991,-4.682290040061835,0.7593432850799424
1538,-116.33928806075988,-121.06007170819905,-43.26527513243007,-68.2468868723487,-61.63346383681665,-55.976503436334006,-50.725093693872154,-57.725830666339924,-15.979542861360818,-5.455141075132699,-40.11983453864184,-24.992795839978143,-35.236106103245206,-27.22764919928018
1539,-137.75757814425364,-156.76573626622542,-71.27433544253854,-98.48175361523545,-74.07459490270243,-76.7623327372787,-59.578034677939215,-70.96632966935817,-12.986198867325754,6.490256778585211,-63.10832385304771,-50.72085069278657,-49.782438076187915,-42.50755379423338
1540,-133.88074794762576,-154.83022932549207,-105.63030904167903,-117.10571448180598,-70.49014430927471,-80.0383116681185,-43.10580181183077,-78.01898261158985,-18.536189856116767,-5.4226260129885295,-61.69354153905641,-57.381286675161796,-50.123114588161265,-50.42882090669979
1541,-115.76394449965068,-140.59082350227624,-107.94831074653074,-115.30756280953793,-60.21381753403757,-82.79225960299388,-42.18500394495461,-57.20660321319298,-16.65146986360627,5.789006090041866,-33.492887155671994,-41.59076099354874,-47.42279413213653,-46.381615489559834
1542,-101.4043430312751,-117.26454947298701,-90.04367874468385,-101.54829335570363,-64.48674904311581,-75.66523250033354,-33.51617468333926,-57.76975267223006,-27.54732616581283,-7.302166203863166,-33.56228664151999,-32.51929491073898,-52.34304815897329,-45.277318952867525
1543,-74.44857596367397,-82.58516207958951,-78.46267191187236,-74.36081295134923,-55.30824346598307,-56.401934729386596,-23.204984978350456,-33.43970582570637,-20.253569818457006,-14.313394828454044,-28.57550403190425,-17.56263112010963,-44.649416821520546,-25.674737752634595
1544,-31.364908660540507,-48.732071671119265,-36.649449059125324,-40.85765322235972,-39.555686912960596,-38.15071218494423,-21.89347431892272,-21.368159131201335,-20.15989047947934,-8.977350233222893,-27.910356809922085,0.23775151054961194,-33.679518388672804,-15.305609487056422
1545,-0.24275463670012223,-1.56376553590736,0.9934972251289983,-12.59767993439477,-24.50440645555176,-27.364035126500994,-10.71881113185424,-21.78196417738071,-14.752703211396797,-8.857772597713621,-11.61485792169232,-1.2182182077638057,-22.694410710551942,-10.88650450810951
1546,25.36318959850783,28.6908075941064,27.26207085539294,10.557152756208382,-10.896411360809541,-14.50996314044933,2.503285594389085,7.581519363725991,4.706298462665237,-2.58875085078361,-8.327832023656624,4.245713579085057,-0.20272739203833026,8.369087447244324
1547,7.362483940286641,12.174392045818223,41.49374865272523,32.30997421240555,-2.5654043858496896,-2.2112447471214645,15.068425633911506,26.666942668362584,0.9959258830510335,6.47922994492297,-18.027107252425278,-4.843758035621423,5.345858764394361,9.282218349619818
1548,8.089222275925684,6.092242059131841,59.94461092525405,39.53824470594987,2.418664135392204,6.163675745527704,3.8153700207051884,7.871883748184447,11.650140584649035,-0.3419691196022451,-34.58446211443686,-29.47982449423316,14.879715935701025,18.270861047187577
1549,54.518866928303716,60.94115034093147,81.37290825674397,82.73320588304375,30.852001419617988,34.88613356205048,18.412069736097486,33.87271395483718,10.13029785600227,-3.2650826274042775,-17.183611230632412,-21.44566153367433,49.09364238478028,41.92077405352298
1550,61.63204498966526,69.55276210789846,70.61745559537354,77.37581050612468,22.964738777269435,34.02349552781808,31.68721419961012,38.18966494851021,14.846438192547133,11.944693812574412,-11.137211207106937,-4.763169996308577,56.169745109323635,50.917067732266354
1551,95.49199445491233,100.05714170735911,69.00847010268664,73.97365858514229,30.002559409919915,41.72846714752456,32.62659245622036,55.360287534661495,25.804141845694346,23.53262837644076,23.08111521566208,27.266018623590373,66.80462831536364,64.06550563614465
1552,98.22008375569554,107.37941752806958,58.09956331300133,51.844702561788765,31.038756183096897,35.2646767615026,17.090057254631557,33.92025762705714,25.646964045730744,26.847079829178405,6.797725120889431,26.432927144429286,69.64400623393126,64.82488475679934
1553,55.61211037022245,61.73818780249654,44.34058800469393,26.857423935259213,1.2211986871154057,-1.4594782352160927,-8.47386052640932,0.7943362713148904,17.19782242787695,28.788208609635902,-18.898821525710538,-6.020235189125036,60.83989280789321,52.767567608019675
1554,79.75247953890184,71.8584329516858,24.983330469606045,22.015857178337775,9.202743756782548,9.99621638136077,-7.474053489061068,0.9599704299548246,22.785923854890783,24.09105040177561,-0.8817211438544543,13.544437493365827,57.83835434478972,58.04906159044619
1555,66.57470148189606,66.69781958739766,13.55916718345973,12.633233639838513,9.195425287517207,2.064957217925358,-6.32137540040775,-9.117545538509862,23.219504663606248,24.49846678885155,8.603303861083837,15.875694956331627,51.587448148521226,54.30657812682493
1556,35.437795490059095,30.22645319016225,35.901081804424756,20.93801027145523,21.107378759966984,4.59017530541656,-4.724685614347455,1.1357847152400133,16.376484420512195,19.101052846883192,23.35515160343648,3.716496856281891,41.87239098465713,27.823073510016876
1557,9.107701192645429,4.696390395956127,15.06891935319952,19.63078718603849,3.7386151046856604,1.8761483198716944,-17.705859963459027,-15.768721038987954,1.51947336930795,11.365300371853134,-6.526383117641654,-26.59654178725717,21.129889149271214,10.267663826367254
1558,20.93769228644248,20.345446179338374,22.061288450897948,10.75276818419809,9.940516004702078,-9.94989805024411,-6.869021440272363,-3.1216918613249964,12.871807843101713,3.2705564606471365,-0.1848560216655044,-13.181408630166096,18.63589337518679,17.39162210109712
1559,54.71656533666209,43.848206824712946,8.628147141830352,22.737954036685792,27.283587679495866,9.12223307951791,22.045007016126267,11.796603406967506,3.3624131064942024,-1.0131898438651321,34.90640839793504,15.250694947763792,19.777198918913584,20.220187910894012
1560,33.434966487428966,20.844546986686375,-16.212671113911835,1.211540063106042,9.6104647463346,1.0434582172530178,10.221280036189341,2.888075639706422,-2.637032084912442,-0.6333459260355616,41.42265016221518,4.14179873521912,10.909764612042876,7.711472820006895
1561,21.90143033848344,25.25797617330663,-44.058666440000536,-32.844717683750346,-5.0830952599536,-21.94446211114368,-3.685941497822242,-15.036699580160075,-7.727257040019249,-7.343526778632326,6.0258253578895635,-29.971011547867768,-10.254512937040703,-20.363613914750598
1562,16.06010814848174,29.166914831304325,-74.04408360195573,-45.52311375478806,-21.296313245690197,-18.59245553990484,-4.471265597127177,-29.816533784530115,-5.38541942479539,-22.926274199609324,-4.065203165675369,-22.26738934976496,-19.060230649892034,-34.35659975900967
1563,30.286219998697902,30.259844381526975,-29.715086640183042,-24.775107872843225,-4.515389100773806,-17.93216115244896,4.343283042985059,-11.225692912784606,-4.6388290663721365,-2.4743528505645602,14.243906358322862,-16.903137428697356,-14.653258171766991,-24.595504349247975
1564,3.7537952884836496,27.404294629549405,-40.62928775456997,-16.043645367960405,-5.566057506344286,-7.757375983514705,-18.516221133610888,-42.39702793312107,-14.072099430992887,-17.47832330302748,-18.939891184101178,-51.163533113629626,-24.744219415589065,-40.07099852664503
1565,21.170936763542173,37.85202937904334,-2.514333488729442,7.536049589227515,5.14675782400509,5.521584893787257,2.3152204885997016,-5.971816384095019,-5.385126783880566,1.8146298129079819,-3.7561668656168985,-26.69461429665832,-10.551478268637972,-9.888420267152844
1566,42.24503841539998,53.29840996331716,6.493416216476311,12.947868434443357,13.721457722492058,21.96828576574124,13.52090167527093,20.718547006039742,-4.046988278642924,-4.622660448788931,19.16316179273715,-1.089184915052285,3.6904734417109424,10.562613984002546
1567,39.776319858311524,47.67568516006996,-11.656010498780857,-22.851868594572622,-1.0745695503205428,3.7856549014993925,21.902126072350036,26.83998344599245,-19.387433758974645,3.619897636211436,24.88579852569209,23.730241272650133,-9.785487914687316,11.970443647239126
1568,58.233649062222156,73.55223204918914,-20.797129143080518,-21.398001716008093,17.031151176216717,17.85000818262122,44.08402642173437,46.72118664149956,-8.146923369172656,-0.1355005764744135,35.260405697194564,43.557753932619775,-9.953146224687355,7.935105587438668
1569,2.354279530574798,7.603344289956044,-21.399742982434873,-43.263021778991934,-1.214541109451163,3.4163523421598065,13.203622048690798,13.609860260155855,-5.988190578485828,-5.035536215389278,5.086560204053757,18.44451471602054,-19.551374499415473,-7.554548755166507
1570,-3.289490725472642,4.3433032687208035,4.993079069569192,-9.136768747108365,9.755469674249731,15.058592889392102,-0.4295578689110463,4.551460346037347,-9.44130434304137,-0.06744320429817074,-15.098940210136401,-7.703134597225155,-6.995916106760479,2.5263114748074638
1571,-19.553075672631255,-16.24598300303799,10.833500476440415,8.364668215916197,0.1311558763262129,5.80982205714392,-5.288410943602817,7.717483690361613,-0.5510622741477329,6.859086118492083,-14.372624122880746,-16.00379254473542,-8.130256450741674,10.452780755787034
1572,-28.060123361808735,-27.204326692594996,24.022726216209346,27.506628572000263,8.234196959236106,15.179889833293673,-0.17626398032022855,7.884221721014012,-1.2715588501308466,-5.900751407111511,-6.503905038926637,-22.121326059505147,-6.381127231676278,3.5047639338566183
1573,-33.793061093400155,-23.069385448353472,19.714092957699965,33.90426141408394,1.4794838709694822,16.98918446114346,-31.267460546573123,-15.983622435219283,-6.706367692286154,-3.81988553731924,-52.839749271203175,-50.00412705475356,-3.223614467402242,-12.902609687808763
1574,-13.037697148225053,-4.503784351378462,36.12906923518995,34.003243220374756,27.33341917613366,35.228653982984,-0.027089293952343878,9.73878760425985,5.165282019279458,2.5826238972177458,-34.278003928675055,-29.238042636424083,8.895536701021708,2.6166653474592274
1575,21.92568028538204,32.4894424043527,36.02514402098123,41.32088033191647,47.88994628067002,48.49801607415518,-2.468161065069279,7.509139651844651,8.075862748598245,10.687952141317375,-22.879652407262444,-12.7722337344182,12.808671762342685,8.212111961474784
1576,40.63308506049225,49.35611164575688,29.58951372052282,27.72178367942205,47.46677983724475,44.35322508008894,10.801696838660757,17.926241422276956,13.692398280845088,7.781049827916334,7.533263683525111,3.3772536357844527,15.417585800355267,10.46852400620267
1577,21.410006755832672,22.920458246712702,18.286674001346935,13.124157655003454,40.80522967291201,37.64627865346467,39.34725452274855,27.062689024479294,8.437722038067287,5.400075402202194,21.885757160267964,9.457673005547342,4.837989795338769,0.2419533022909519
1578,-13.553246230092721,-17.414364352575976,11.33092672134945,-8.252239342472286,22.806268249037085,15.589048990408234,15.053407212865384,7.608673874700656,3.5670037782694575,2.6097254161250194,-10.142066008878926,-12.296062880738143,-10.435964976172896,-10.904925750071031
1579,-8.434813241407884,-5.3647973089802665,9.438964127949129,9.81010651278807,12.747720771142948,19.85958018990082,10.37517052688223,-2.186825430831059,-11.096531475899631,-15.027252559294475,-10.517287996545209,-17.523414184451926,-14.468575821912177,-22.43084664766607
1580,-8.991799394221179,-18.611903676722235,-13.336652958169237,-16.335434257749263,-3.0431312817370157,-5.271351757541531,7.230284289563527,-3.8102075760272003,-10.86204916288141,-8.302216423066245,-10.423591639979106,-5.500031833203214,-23.241407931267727,-25.482316370240607
1581,-13.903308499053084,-9.576911584373258,-53.694043204392834,-49.949453204888215,-15.689937412294373,-23.07719662473101,-21.34843733944619,-26.880396260475447,-14.837140958037006,-6.393956707219706,-20.938552922785053,-6.592763419546369,-43.555764712366695,-28.099226727408844
1582,-40.53587838337427,-35.934362417421745,-70.33599965363642,-87.78174506545355,-56.81542421147769,-44.75270720781743,-57.041421617870846,-70.42859922588389,-15.162582061419783,-26.650838100160893,-56.27527613191986,-33.117532129339665,-54.02516566817074,-49.68981964080556
1583,-25.834905425753796,-29.696629232290743,-46.21376987021364,-74.13753109069133,-38.915304453940315,-49.72720594583759,-45.82643014397257,-58.25946148928931,-21.37075693723087,-20.730701858128427,-22.406031038441856,6.1839607281807965,-50.528790989278164,-31.083220407834016
1584,-37.85512488129549,-41.89230985759843,-49.498959786285404,-56.3260279243717,-43.8162250156632,-41.17378711459316,-49.42153856628024,-54.26174263280402,-13.839842343183975,-12.726806302052328,-4.7923737736398735,14.289125870044481,-35.2775932731159,-25.83151049123562
1585,-33.60989960920589,-44.169285523268265,-20.26448889158659,-15.475851718203579,-26.47887807654485,-17.220669440806972,-35.96055908080673,-31.254569128396554,-6.090947511894868,-20.539295653885993,-21.99972477793622,19.897638132487057,-19.73127056650856,-9.0388546018957
1586,-15.453373747697388,-17.941316044033414,0.28851868670729114,14.236982460540643,-15.461753758780219,2.0627192122659768,-35.563084594894626,-18.885503573300664,2.0358703992088425,-9.95662931424765,-40.28166844238496,-21.730838788032916,-10.39112755108325,-16.843807139791267
1587,-34.57176018065205,-30.996570786444103,-7.063613061620586,-8.699083188843938,-33.39506970515562,-15.712135158873236,-41.00874151249065,-19.73291137159521,-2.0933734017850356,-9.028784917225321,-57.99940939683019,-40.467086470100014,-18.665604444563225,-25.907384723825945
1588,-16.092483586628063,-19.214113552351797,-25.946706300392098,-29.60246457055704,-38.16640660595988,-26.124764513522003,-23.822664367524656,-25.022449002308953,-0.627695825986996,-7.752484228623592,-68.06824151715993,-47.375047230955616,-23.647441211035204,-28.217222088255458
1589,-9.812656873721883,-12.756865114806839,-23.088892494802423,-17.027910876454644,-50.949797800381134,-43.47395225146351,-57.08002169581069,-61.71562572433193,1.2916044822902697,5.688326589638699,-105.2964660638414,-64.68329852815997,-28.326832293327108,-28.141704235094338
1590,16.286605806728534,13.467720555241415,-12.010030681857799,5.109234172716549,-4.392521475116771,-10.125153853331964,-13.860069030228953,-7.320198061700313,-1.2318357261495165,-3.8497008286509855,-64.18882130376987,-32.913717005351,-12.48231803511525,-5.404528568125133
1591,6.144999128130951,16.456814474021566,-4.0611880835452965,27.284555081734883,5.901890957900752,17.63468416547988,-15.571239531777795,-14.769326282338678,1.2600630910688555,3.5259237310528135,-37.89902159201456,-31.16699152427747,-22.432021133723204,-22.326034945020393
1592,14.312379846261434,22.01450310509,-9.408447311294374,27.47989199254745,9.467485326918652,29.587656760945613,-14.55133008265858,-0.36591958766838995,2.1707825392789895,-14.800356980484297,-50.17742667329149,-32.755132410300185,-23.341963392929244,-18.128292155225047
1593,-8.998278755853672,6.4515776542761865,-10.295538332010603,24.49258417168436,-3.6205888978753054,13.591030139565172,-33.93048889491584,-28.764933622785275,-0.12058014220458801,-7.874123880226216,-71.75425878665108,-55.750495236367556,-46.70652438289081,-40.50665618362827
1594,-21.142581501104235,-27.470606779807966,6.562131919081781,16.473526879878346,0.2549152851540011,3.332865216645638,-22.482684360648232,-36.89504532411602,-20.28161112443577,-13.098128038235496,-74.16367360133995,-54.40708769175491,-43.31754224711825,-42.59341417019226
1595,32.41997404762898,40.111369963129,9.996200745353663,42.37276498571928,19.54160638660252,33.744953318932225,3.325228090426737,12.926374108785964,-7.515225387149208,-7.963479135332736,-36.57959487885422,-46.27257116177139,-23.84406923304037,-14.918091720983021
1596,60.19045555370646,61.95377226446806,16.409949771776677,57.10522352958997,34.965460520187534,68.8368242152364,27.757300594208143,43.13200435375315,2.406180386650655,-10.464711788517441,8.665292035793629,-14.368993908143116,-4.483094676716825,-2.0982443322689837
1597,77.12642003920533,75.5859945200686,15.650478778373428,54.667241105701805,52.69216176794841,67.07560804048963,43.47615152041518,66.37176218185922,4.406371971492484,-2.073114370555168,33.59134295083378,25.03766796721104,11.445785097595603,29.367279380916163
1598,104.02259920564512,110.82328985747688,6.767551245996714,56.65218910482466,69.39201922877332,76.58943386119367,43.275018708127384,68.50662175422417,9.641608046016524,10.394511972628836,58.36334541462189,69.98373472077532,28.35938257264025,47.375844543573976
1599,62.24079927513074,57.28479018769058,-29.226592100181534,7.962457128846405,57.95665182461389,48.63900363584087,54.557862446199934,48.50987266758118,7.500509611984934,0.9399459280897557,63.48560184331986,63.48485070264652,-4.98360185025351,20.27883246109241
1600,78.6591220084149,76.35018962428612,-13.949874971743284,16.446222843908,83.82581319824321,67.15430286767199,71.60570874020547,71.78263052913395,6.823072763189306,7.655544243277159,100.03291326779663,98.6718423715611,23.30215505678294,41.322920552745266
1601,75.10374724683093,75.29358711529163,-23.81506293700936,-5.270341636242453,59.993962884083295,38.26708258570203,53.92101912412482,54.69739580923969,9.815576601769036,17.73840883585756,82.60065228259933,75.1311004524602,10.01170946411794,35.912724369240216
1602,74.4393316905066,67.05520282484771,-33.33954625249652,-22.210952642680382,46.68755217813201,27.534442663908745,46.61308709629389,46.016129873020176,7.113881992187888,17.7896524864061,102.51206651534326,88.22300092202066,21.893362583744672,42.49963099124186
1603,71.38215834756761,63.907286201834,-22.457278897242826,-9.334618053572001,38.20293190756457,38.35996893543487,64.25493297950935,83.11455835252849,11.579048619345405,3.515593332510348,113.63577144686818,95.85583700624161,18.025882668464924,41.07851917174642
1604,23.196397303684257,32.11278660600425,-42.68549905715111,-31.111924152474174,12.91220321301379,31.821771801985303,46.046967793513296,72.75653703575814,-0.5227176832935753,4.9190155990835125,59.121135471944925,63.1990143137003,5.674207159824025,25.584567521723656
1605,-15.747602340928019,-14.118709680464852,-57.26890179666109,-76.78083350029189,-3.384457263041533,1.6138470509917018,31.75873959572076,34.87839944296712,-9.698027681413011,-1.8257762970223197,6.479990539099736,33.96891560112544,-9.696932263741301,2.541814451297537
1606,-25.503343179359334,-27.639310008466424,-68.43169010645443,-81.32956366823154,-9.464800938132868,-23.469718026336864,16.20080367788503,15.793490712247756,-9.099273405826613,4.442051207324469,-17.53053889741177,6.341468850173489,-31.339265503160824,-12.820788581429248
1607,-51.691269558654845,-48.72316529875069,-82.52557611763704,-87.35285051495177,-27.7524538448597,-38.55407346827145,8.71526864182047,-6.797927310685957,-10.471880697241948,-8.575787508614098,-57.53925439044575,-20.968324539653956,-47.80805148671549,-30.508372941601042
1608,-73.25656311012133,-66.69210218490282,-65.98717073603656,-84.8739525092748,-44.70599858042464,-59.281894223962404,-6.258202240596107,-24.67111886662879,-22.109687391756026,-9.400008307535899,-97.04276420566548,-55.7142792415196,-67.06793304296683,-59.23590294190394
1609,-89.99353566366403,-77.46272416393735,-55.94214601027779,-71.84565537215191,-54.32532956252653,-66.28447806502983,-10.9890921083675,-34.32297676437319,-20.136585709534696,-11.43072948899357,-90.38721539180078,-71.11916191598935,-63.814992142318815,-64.40516489100976
1610,-95.70245687908293,-95.53668946304688,-48.10947602818155,-63.99109294684557,-52.62189540285876,-55.507986346711824,-11.427526500537741,-21.47739973293011,-19.42463035243146,-15.955838471637836,-70.36679816115117,-59.42965454704918,-58.847136082160105,-64.19754715186268
1611,-64.11564234927991,-63.01538968252527,-24.75936795273368,-27.18970980274424,-42.95135921564939,-38.022151080904564,8.177308119309872,7.66124824939786,-23.403840279390664,-19.71694157309811,-38.65594132353816,-28.101865227512178,-60.97076614880429,-54.15302681018114
1612,-53.779434447717364,-50.454195632792185,-14.247523398684615,-7.24503035308545,-39.699397299417,-16.330567222383316,5.5466741916012285,6.8141935816503665,-17.878148213115818,-23.756255511461845,-20.276542289894692,-11.69555489257868,-42.129823119751045,-39.595209983357655
1613,-37.98924833761774,-28.244054142211176,-4.557538037495292,18.874136890979955,-39.68874351740516,-6.08107805617355,0.7789571612548876,8.39973462404023,-18.040943704692463,-20.0818125153502,0.24945794714792413,20.083535027747633,-8.664518916118235,-2.1400650774801733
1614,-12.17436288120051,-10.199782372719321,-2.208046697872341,-0.5653901937889458,-33.78475453149659,-13.476665093833363,8.218456267157482,6.850436611126244,0.13724999793133819,-3.946204249912004,13.941770220081235,46.38290676153938,7.548924839183109,9.26115735282068
1615,14.945895632317608,4.690583999114653,42.848650937806475,31.637458646980225,-4.602664738977495,4.818942179953055,22.004117492922187,28.755795129851407,0.060502293247127525,-4.466808348770983,41.128805505219745,56.97402787135929,25.661897368776458,26.195042493618985
1616,23.621393598130382,13.547961221393125,49.89446701423489,54.93436044030582,10.757645737766282,24.11149232050607,17.11731465290502,30.870169929028172,-0.6837801747154203,12.943083182318198,19.345222202083434,20.37242996712184,14.41247266500536,3.5868123231132687
1617,10.2555653828665,9.062067068804758,23.74567834203897,29.5279465531877,1.3672294358160109,12.341565513106158,5.986397533946915,12.17980617280808,2.7388021634893285,-3.2906586911355356,1.5169066822636843,-9.578112638781793,-12.00236215342201,-28.923722799299046
1618,18.91865350330317,13.040849324385503,-10.030789446580776,-20.80226773016582,-6.3331765878341,-17.3707005710525,-13.481265742435776,-20.924941529274722,-0.016858313850223777,4.29453819675552,17.699650405241805,-15.578689112192311,-5.850605896453629,-39.46633099759708
1619,8.29907715643727,0.034896442744879935,-33.42946337366161,-26.46133877367013,-29.13526563466423,-33.24936354437975,-23.861331506966717,-51.9470918508416,-4.346473597112379,-8.614672458972905,8.538982863582135,-30.44547723149428,-18.00445759963425,-53.975927622937135
1620,-46.92542245071564,-40.858083933121016,-28.414860584855347,-38.50744983813214,-56.88414483651536,-63.48869540032523,-46.48802669950914,-74.9685559504684,-16.443381876551754,-17.75116083995139,-27.73990663889559,-61.47485869994986,-31.382958736432137,-59.0788433122681
1621,-36.92488318992779,-31.201657567477966,-28.77266172882152,-44.57720894288465,-49.79478508547529,-52.66322066370987,-57.40163580939298,-71.84523779263144,-6.757541826266333,-12.871118041468211,-34.54460912225784,-62.634050899804066,-24.073063433287942,-51.20551617684519
1622,-57.01902047811874,-56.762441969009004,-56.007207295880335,-61.424270882676005,-49.74893983593,-59.701162802129645,-52.97980411577542,-72.5072213863593,-5.197312442653087,5.025448118826635,-34.03731852370408,-48.76506411473547,-27.476991010760266,-52.71344247222198
1623,-59.38139081550518,-61.84237411740964,-55.154892163507434,-80.68916699165878,-58.058820485398655,-78.6718721447157,-45.157996919948054,-83.28776911414668,-10.362578005868727,-5.819656716874534,-48.70108929955303,-71.10727823470046,-31.284832634239596,-47.86308838182336
1624,-53.426376420379995,-57.256347595991194,-35.10699499076532,-57.41677430236027,-46.34636776420771,-68.06442032303633,-48.741888415878144,-72.1573138125857,-7.726627921355075,-7.9436962471743655,-55.7550112884099,-54.99284590904896,-26.927747553525972,-34.60575290839437
1625,-62.90431816465457,-69.6099707098363,0.16622598681233378,-23.033967561369632,-30.23258987024755,-52.49402445395591,-22.586470811607747,-44.8830518971778,-10.990378287101878,-2.9749016970262327,-33.570955141626136,-27.230268617927102,-11.859780758287172,-6.076443415661192
1626,-10.170173964417453,-16.542972936864352,52.82127650281348,30.113977362075644,3.0093036139689393,-0.576393384789866,-6.491059765309545,-4.43644341618817,2.808894450167814,3.3645891493074487,-9.91694907491544,8.130581403986811,15.990369437792802,27.99868272389052
1627,23.9739793762538,31.162347176938223,54.595382160186865,34.4573247180091,14.521340525687659,10.512401114829512,12.370775292671244,8.17488719363745,1.8256493435643304,6.2920280230108805,25.21935568191675,35.40981573655224,28.15801069177284,41.585186208021355
1628,36.88019085910387,43.47261151991208,53.3206411415012,40.756450750154286,32.78865868436896,23.871311331835862,17.182442288178,11.865936462496533,10.2259358103778,-2.916657544707968,73.22957755358017,63.0835554173397,51.89510347759257,50.54668330676948
1629,43.74146453974683,50.98177989090747,26.147578600761463,13.79761453287605,36.31089825183613,15.609878115848629,9.198016127248568,-1.0947641955401517,17.423239805258486,8.34656394205246,78.9777164173085,72.75657190492241,58.88859328252819,47.914768013628645
1630,18.00682450884507,23.11913661784853,3.0232296912197945,-7.6837307801503965,8.1021732378667,-0.6258273518682594,-18.716162960706203,-30.2745610790032,22.839269185416327,12.879150197812127,73.09962974132264,47.22641504401228,50.88923658804693,42.866152328122446
1631,13.166338661021525,13.639222717742014,9.229867634973743,-4.527225889621182,14.387096221159291,6.623073955952906,-12.403435441783133,-21.480635044088963,16.911818742317845,6.577844387639216,61.38108036880857,34.31834371976828,50.834804908152485,44.54680823675697
1632,7.7366794710939075,10.727291850393105,8.532718647551567,-7.134372377064938,10.81344813624225,-2.959082006501062,-25.518778060041285,-22.659921303666398,20.677108070187582,13.839664605056722,49.44645391440734,13.52753290455424,40.54687345986777,35.96889929033986
1633,-11.572821752511656,-21.719261988488295,8.927188572201883,-12.716777371770625,2.176276795922817,-13.430035245689313,-31.743593591797737,-34.44432179315101,10.243883910710037,18.388096370779486,-9.247360946096457,-8.86217786155391,31.377481359549638,24.1215021174095
1634,-8.502851815517083,-5.7021055256952184,-2.329692064774859,-23.31530590507719,-5.514072877058116,-16.57252510883131,-36.957670197898416,-40.187547119061755,7.110114589737386,8.541033155884609,-27.275766700004976,-29.610855033763137,24.478453849453253,7.716296583411277
1635,11.190102107931764,9.621360737961039,-12.532854359885969,-3.9351844311157693,-3.87366590815802,0.8155199082060136,-18.944976377336097,2.2012537744763447,0.7119345874784025,5.80550308780939,-5.654990503766157,-26.185366897332806,28.01057514510766,22.426230961329303
1636,1.7695370873105662,0.4680997032486069,1.1912612699398626,-1.6542230449555393,2.2191836942098386,-0.6764732214892725,4.184011013010279,1.3778494104207404,0.6345707956222036,-0.516336463378678,7.7285037606037825,7.614450597370699,-1.4038027676685583,-0.957179068519899
1637,-120.5531935811203,-112.63862073836206,-46.981410149348044,-36.2177611765887,-74.50237072400725,-53.37236196811546,-108.10892071678454,-122.25036733047384,-6.128048619248042,-13.551560960183386,-116.83999913054316,-125.19096886919185,-37.03243787283835,-59.789146888293764
1638,-122.68611130990182,-120.07719056302413,-6.052533491542225,-9.809656057907924,-48.168227539333564,-55.94754937409449,-67.26976719757118,-71.31906691699251,-4.793236153351456,-11.326281335839168,-78.46041244014853,-107.8826874397672,-25.361649247688113,-48.601738550015504
1639,-73.74715794949503,-75.03675413931187,12.574364091702543,23.55701107549342,-25.62698033856075,-19.670902317311434,-30.408674726456685,-24.798870829316456,1.0120919021739994,-24.88251396042186,-44.31930709855364,-73.53543263678029,7.4246998376847335,-31.57613632348043
1640,-33.97205609160164,-28.580081056924083,71.31769905779755,72.80683412134881,19.212754290156788,20.354068988324975,23.882223708741147,25.195601693527323,2.558269772066823,-1.8275562012681732,11.077338067154674,-28.077633114066067,32.10427891806353,7.956725689766897
1641,-1.406845082742097,-3.177152667946812,65.18858499681993,86.93947591933032,23.584525206824587,27.128628225278895,25.77057373991874,35.09869077636822,4.637145039969171,-6.518569010308909,18.939956032227784,-16.02295434634966,36.502729674615175,25.420312815467742
1642,14.824732187996185,17.9196546296542,54.560781890943645,71.75696583187381,40.62510870872126,35.01136039890124,44.69842734928731,53.58424572036282,13.045396362962087,-6.054234284965331,44.29124276291569,3.411763705519034,35.56664790037711,25.117164618134908
1643,49.301637279545794,50.71895623219236,56.72468246577967,51.24127310207512,56.45697489170059,49.119946857364546,68.00151350012109,87.49456561309097,7.937150936675978,-5.843804458177482,77.48965990581256,48.95032984592448,37.984370739798344,30.481486319943205
1644,80.60278474575495,66.38458793551511,27.069138861810444,25.777298159473524,70.24709659078603,46.81615661316876,107.32356930242284,110.88232872393834,16.172053487402636,2.0573550517791634,123.7666981162827,100.90375830421306,42.8880254478033,49.351646298858576
1645,25.341029000652092,24.842132977759732,-18.343382391998556,-11.009383270022031,36.9801142543577,19.947070141495818,44.90729000528997,36.472927022909005,11.746572651046398,-5.542041545837577,76.19265228682801,56.78132233409838,18.41255405292522,18.401569970637553
1646,5.977572220600006,-4.59984819495854,-27.913790342213748,-30.235003563775344,24.294984196959067,7.149390040785286,38.31980056279753,30.619491903633918,7.766446114388305,2.967684825574785,62.31245953957099,53.890866174149444,7.2423475689549415,8.564099847517308
1647,14.21299243765886,18.271541823620275,-53.167523195650006,-60.26926736773534,14.990554503584901,-1.767730976767893,29.50176216721487,19.08256645477335,1.8329829731198235,-4.541327942309041,59.61127195725565,68.71058744030532,5.752837381085704,12.822086615983203
1648,45.44311745547827,53.13107371688672,-53.18063308500683,-53.78059772671733,26.00133756953413,10.65463054426311,37.9208650375142,29.378966628612563,14.366281696467444,7.963110268396001,65.21919663396507,88.04903614880921,3.071953978432318,18.29887881479923
1649,26.58015104834513,20.58701704006634,-50.069533055618905,-65.22785043142984,12.16492793171238,-7.1542277019102105,14.17020690514486,-12.706378104372888,11.134752083574307,8.485527038034393,46.81485655732484,59.787505141909364,-5.734626795013261,8.712332764623117
1650,-5.447284948940425,-0.7665176802117573,-53.22100152186238,-85.80483650662543,-8.08340787366477,-20.12123770703073,2.3450557341053333,-17.125002105266184,-6.506099385443591,0.8944137771339389,12.226204190189089,41.44252892332092,-33.552739003136466,-16.375111623224214
1651,-5.6001653467649515,-4.079285873688158,-60.26231143057825,-67.968401328033,-12.418699734190701,-33.28465953506892,0.8047728792218578,-25.3709036287565,-10.827183848322596,-8.650545412750148,0.953317195292009,23.841258387634472,-39.72646860855259,-22.36319368327003
1652,-11.599812328125813,-12.306013511364831,-59.9404641970819,-73.86237672348012,-18.33299712480763,-37.18170777714317,4.005253871266274,-14.709877848115422,-9.144573447218656,4.059987133760225,0.20926068787465057,27.43047134732744,-46.428828247687115,-17.654576330609405
1653,-65.95149553148057,-72.34714110998974,-76.84847048558494,-107.61711562300047,-61.200549274011244,-80.08935990692473,-45.679308476364945,-72.28847034121968,-13.134336324395093,-2.0606833950021213,-51.28764479609373,-27.622383949657124,-53.453450449812195,-41.79193688564524
1654,-88.8566428413882,-103.65068485575,-87.23770040172076,-106.48751352586751,-72.18828984498603,-78.86245472413323,-55.389091164485016,-67.48978857218535,-17.87623715457512,-8.433411488846428,-60.98134339156566,-28.23102844473067,-53.98860664415554,-41.31304363722732
1655,-83.30307543721003,-88.67105246026382,-75.3393548484934,-89.88186352684434,-76.68391754655349,-63.99602510582579,-45.20393250849113,-60.38998345530242,-10.407753954713195,-1.4652399901352975,-62.60391289984716,-13.827505656118053,-51.13071468920732,-27.71820030539452
1656,-82.63764276944346,-99.09521503688504,-56.21421147317752,-76.13004552105971,-65.46956602833477,-67.71794071551481,-30.090551242827587,-46.20506601598712,-13.676906171342141,-0.9497791584449256,-50.290409178701545,-3.979692892981158,-54.54396785115934,-23.15602643141221
1657,-109.00077909935142,-114.9839235199298,-77.82113104055263,-99.29485212003829,-84.4357351393789,-93.74633977517666,-57.0755640295442,-92.15505612922153,-23.312929348719283,8.800506236012515,-78.03254057555307,-42.67166549254859,-50.69537540065707,-42.22529955161576
1658,-128.2501831784039,-143.9383755756083,-53.4835423412077,-73.08715404344497,-87.66689686018798,-92.54835236929621,-47.951523565417915,-70.42649217837439,-27.798569920157508,-3.150282931743232,-84.07955330962972,-57.27039851956061,-51.88992351528413,-32.51165517672055
1659,-72.73419604638478,-79.56058194844088,-31.219474990186015,-35.9722838263216,-56.111000231122276,-55.87862744868263,-10.271287694364966,-16.98105507969423,-8.58068032832528,-3.2859986410612634,-13.239981129421961,13.181167405450651,-16.95945591699873,0.20399206430587083
1660,-33.90831395658324,-45.80387375343181,24.543914679513787,13.401369069247686,-17.79137601317552,-23.412187595475224,10.699597617167038,11.069444968723806,4.732832929984699,9.883399194153156,22.55869796086443,34.91632498405533,9.465911106060396,25.14900254640394
1661,-56.926776252882206,-73.64775860620219,29.188739977318573,-2.438758479396333,-30.535541003886976,-37.60093490513617,-8.45937616837717,-13.48935850904204,4.300863795895077,9.942580712917392,18.92362366171955,27.903471131615,9.171303725469159,19.865888445794603
1662,-71.96124988177678,-87.90657316911323,40.63475274776868,4.658956730780465,-37.21894144254721,-45.356243153303986,-25.107031860155683,-41.52081763987013,0.3700589256653946,-4.532317721802926,12.875745145015127,16.946017397607715,11.402537910764998,14.480807064342468
1663,-63.41186710623573,-68.21137105553618,14.284559784934869,3.4885902350759785,-13.63494955563641,-18.041500341601726,-35.489458084729655,-45.949288320078345,7.993781378124744,11.105665903939217,0.0904821269084688,-4.150257468309373,16.327209168264503,8.23066064496142
1664,-28.407481535972224,-35.73877499835082,3.567697412412562,-0.07951906731605585,4.686031695845929,-6.319351541306205,-8.338124929982055,-0.7573124030726686,13.037667543129709,8.407710596083074,27.677523224264807,16.679120824946935,16.293474518591122,7.040774305308518
1665,-52.14845393518834,-57.489577737552565,-20.522143424093898,-24.83475251535778,-32.50245664528804,-34.852643231809864,-26.743235919387054,-40.04601114030969,9.043573305869751,-15.524779640406422,-14.316872563397121,-19.65222734232933,-10.603057232645826,-23.25720098706543
1666,-42.880929979692304,-44.48465629711213,-13.208616006098012,-0.06126578065349175,-20.6261539711151,-17.508246220720974,-31.51728766274877,-36.94514065806318,6.768229658195164,-2.706987752244708,-38.20493038337559,-40.80731895670627,-6.017004226659025,-16.099534154900713
1667,-22.223306085469947,-28.708115723692714,-4.503604905684509,-1.8473759661052123,-4.59796464678128,-6.6142432769130055,-4.351881928917071,-21.833875228088505,5.781168323369404,7.168710117291857,-21.738990183401622,-27.567681100325462,3.6795566142401746,-9.910783855427493
1668,-30.008911850357272,-30.47714281575454,13.967024696145662,0.5311031667309649,-15.704387240799669,-18.982804900961632,-5.423201048914749,-15.993329982053407,-5.889432426810738,-5.811383896992206,-50.73067079912238,-39.81427827015223,-14.72121482416834,-20.785472335688056
1669,-17.780908149388118,-24.50045235317091,42.09192490949984,51.78646119123628,-8.625883526864367,-1.3032379818363455,-2.6705077501742447,-1.7147172109192632,-3.896144968019744,-15.124550095577195,-28.246909183330544,-25.342522895498462,-0.44255120884422894,-0.9147298584170812
1670,2.188384521290806,-6.345941994605597,53.486799392696355,64.44963418433221,2.896805661943272,7.738859091464846,21.803316474649197,22.03415675180746,2.6991753456527277,-2.4469332358683964,2.3534747280134782,-2.487861842925819,19.607880900324883,15.055760926479111
1671,24.324282348911012,22.13080055937715,89.99306364504461,89.06023729299869,22.8424817066099,16.938566991446528,31.50754090910542,46.586042499904494,2.338698404982719,-9.285312820997659,29.16098954821281,22.104099258121803,25.521258251217,19.845432126380746
1672,36.42592776434514,36.311109873555594,85.56619757992685,88.18877607191443,20.63487519403838,19.083061654883625,26.875678907986217,37.873577840159776,3.5099022684533754,-0.1594293246459666,39.10486049455593,22.71984495801029,19.101036094330063,17.97656563010325
1673,48.81086088093272,49.12432410176216,78.68672561495467,76.58985938606835,16.069092177961547,26.720127269772416,36.70219604134153,59.155754670908735,-2.9281621718565845,8.211796107442488,38.59970321416342,39.14930093110354,-1.8352736560813683,9.29803334305977
1674,88.55401125830164,98.2120342442767,83.54914443479235,75.84950952602581,41.062209302249464,44.21576030509651,47.203223760286015,62.831666837276245,-3.3197557311229198,2.198217466477434,36.784643998513445,45.70412060688678,-3.156375872297369,11.120816959653892
1675,83.16922584924137,92.11496086165013,65.24105571590758,60.6816775585576,47.83614246380698,46.41267529928168,66.66196112532312,79.36792948508858,-4.264800437323015,1.1540281347643386,51.191651652085426,52.3950010555794,-9.568877973987497,9.06192006231883
1676,91.68976484708566,95.2300596133042,37.83716633432183,37.997888257912436,38.43742877902149,45.586989243958655,60.70397340634856,73.55901914540163,-7.8016633962708255,-2.008122568715224,48.338739656212795,45.14233492511747,-6.044381180413611,11.98547989897367
1677,45.19667040217643,52.435334649920804,18.058801746064756,17.84232419533998,16.75688137558637,23.13711330852997,43.45537881240309,49.44631103971828,-13.961623910283313,-0.5884909397509911,24.947707552675233,24.024148151721754,-13.506243036070007,3.347216309377235
1678,39.24303389696972,33.19201766045538,7.7526192726466405,3.965543418379935,17.92434538170527,15.071691587418497,40.00217038622137,34.63619413914084,-3.8653564532146447,-0.7626937072161839,30.31108648848609,28.13752243512668,-9.471614820986385,-6.28242326192488
1679,32.30084225335344,22.353504277984037,19.757692087459784,27.937293787383314,23.958068419251234,17.448860481626408,31.374200884505132,26.235250124917155,-3.5570021044163034,-2.535374934603607,30.823837986773484,20.293038695518206,-2.195685415886385,-1.0463261166086573
1680,6.980674609286306,10.482905793260617,40.670430368493,23.356862042072606,6.380356441849816,2.1149666585635876,11.70156042051428,12.270130858304043,-0.7472120428451717,-12.008471952110984,-17.134591827658376,-11.779705428258694,-5.664330959999934,-14.953233414049521
1681,28.192435081657944,29.1605225417874,50.3212621135259,43.262547329744216,21.98864266043966,16.889776161336684,19.401737052334617,28.844823572817866,-9.211144050506368,-5.736288716715316,-16.519039134762572,-4.545126988942807,-9.97355349421995,-2.5629720956196613
1682,33.37670396767054,40.748439814852,54.73157860363836,63.47248601049838,34.901706796657045,30.516590498852832,24.397685047989395,31.494218460093084,0.3221247448344802,-4.169662640722105,-4.419345203534449,9.215101076649889,-0.7918700092863958,-3.1891837045937206
1683,85.96466218729526,94.79676390505863,54.04636296425477,62.772852862243354,62.17023117000619,61.50647765472225,54.138528772402694,43.34200949903058,6.1758740702978185,-2.736349504563311,64.55797381879262,69.41763121960628,24.654594254146623,33.802713238334064
1684,45.292381433679665,61.62244934620996,32.89412485025127,36.84722644442707,31.882499976894827,37.24179599684904,10.814684438884555,13.957223446849458,8.878470716693888,6.566825786481914,47.0140598498675,42.26755034567612,8.476089888650604,17.91267356364247
1685,18.947481466997925,26.29278933831708,18.882167017342613,28.895318478107242,11.962050613225275,24.845152461972788,-1.0720349709142498,13.283133524291719,1.7047632391396192,-6.252564305215582,32.91420359787133,41.71109298008034,-11.551357716998925,3.3020379267062325
1686,47.5270798229424,66.56084248948527,39.88363012612248,53.2686538897388,30.88966790701785,47.7068737370343,1.4815530395958618,20.10545337673192,-6.3401000332427495,-1.5161524200604937,46.778321347903606,64.15878257063329,2.2113089354553743,22.70346421258285
1687,1.6775288411829135,8.533793517385252,-1.044001041210579,-1.995225962669947,-3.1864076211837937,8.22405066054996,-0.28846984028689354,12.197357849557227,-9.838082820619482,6.326759995085874,2.5020772391192194,21.997797386861976,-22.19113377189297,-10.262342577607138
1688,-10.09599440164266,0.37107387400323244,29.44778741757207,43.05332087632132,12.792745246290684,37.040788974966866,12.291487467056685,22.236283998947222,-2.2598697947394872,16.759269148276637,2.42779923090273,19.43950706268646,13.983194976212765,7.966589778873032
1689,-24.48232034871742,-13.283067867290054,30.878050286800914,58.490138790861536,15.728047840715723,32.32338543470819,4.3816049740416325,6.0274883351459545,0.06519513570041442,-17.139703835333368,-33.41750251105109,-20.893287191619535,4.473733535409453,-1.312108955048229
1690,6.633111705821751,18.07061595785183,42.37720496364654,76.53830434900543,32.06159960262059,53.799725155078605,15.333309438670199,43.52746735849231,5.268453203613038,-1.5760066842975444,-8.43978229970321,-3.099193758099369,3.2984663363553555,3.6267653194219283
1691,24.20856528827031,43.318061530900316,34.46369283620531,76.4215772854461,48.31395914390708,58.45450648415004,23.132038652139066,40.95171481581405,8.841948276462533,-3.302403423701074,13.485235448403962,-2.973267528304858,20.79985766308466,19.815311134715262
1692,43.313339753173096,52.46056023870137,28.773942435642244,59.73701370076739,73.10391697419803,62.51577996629448,49.277575040664324,57.095746157426355,10.162246982838418,-0.293463344861852,53.84913300464029,24.627771808593657,34.90566573137891,20.592870703419866
1693,40.9259177917932,43.11242557906664,-11.865125177597426,17.423978963034862,70.09398336764073,57.34105828525278,45.66715106619895,49.27430842779264,18.453623887528906,-1.322871770291414,81.31633165126291,28.166635919264166,28.9356797964987,17.67925928688332
1694,77.54218258441756,75.46207426744178,-14.924300929302047,16.091776611569927,82.57227974502263,73.32043274185209,76.98819594405725,103.12312474025744,12.393335572381526,21.326556854572154,111.38018344318473,87.6973857064811,35.568761379887825,49.56075960204794
1695,55.04465085897116,45.827845641122025,-40.69688170359969,-13.298294699882526,53.85906649852545,50.5118049124127,58.13780974118641,77.23089862005392,22.330542878524835,14.960721826988397,93.32723165821379,75.13626721060263,42.362414748946804,45.23662664443666
1696,22.44070829243406,13.38393658370651,-38.840247267888195,-30.47097867307827,27.22655318791849,27.567441757767973,25.66444961491444,33.93669399844219,9.411290595655329,14.370762060568678,70.91469948803217,51.03173971947159,31.845330657292262,35.99030503074194
1697,3.0514901803619523,0.252130105399039,-42.6708092116754,-42.23852253540204,8.365903681233501,9.436732563875228,5.6544220363093745,5.90422234590667,12.013081689595596,23.09568996153824,58.14483091115474,35.47201985171219,30.356910290226647,30.776555382770457
1698,-5.772251480520164,-16.74993212530893,-34.20006789653531,-37.60910313681416,-5.19330948681751,-2.381088770645156,-12.09259147984917,-15.904295920399687,1.4811960639990351,21.148822583547897,32.63677378035508,20.858552353799094,31.602405379511076,28.18232322296029
1699,-23.312536119241233,-33.816788730857205,-32.553992499627,-47.82624341500836,-29.206978889551287,-31.329807331157923,-43.57788841658796,-51.08078432326634,12.350162030068455,16.7959824866992,-7.848279683155032,3.8883868942559183,24.57226209592614,25.61307091799571
1700,-63.8608880814507,-62.557295689696495,-47.94724169399951,-59.45009998511773,-50.61625803467206,-43.18195344265996,-71.94698511252876,-75.71699939788617,1.4496145843150268,11.013733866323356,-58.99159189038224,-36.08781395938522,-3.678065363740292,-9.117228881806978
1701,-21.813200586209447,-13.989064565515172,-30.0254653003431,-29.888244856359716,-24.015909009240524,-1.763652259062308,-43.83478849961799,-37.94105948669779,3.3212921866812324,17.962311515929596,-19.979776813526048,8.842190168573227,-2.1453709264852034,8.301556847107003
1702,-38.97394431717249,-44.81833002232299,-54.34696243861811,-56.57746150982517,-41.57184493771893,-40.547416207190565,-49.46210814359101,-49.81969020323923,-1.747167932340923,-6.802212753464439,-30.801569851726708,-21.23027388245204,-22.804415222485623,-16.13424160517955
1703,-19.373299033664384,-10.566633638655658,-37.07325529405157,-29.355321724727528,-36.55270716814686,-37.22019890214519,-27.56177025580163,-26.463500843275558,-13.85199587632841,1.7143944864970977,-36.421102050522016,-13.640360257159058,-43.309710899379674,-28.49613373409146
1704,53.912457320220284,68.11592876308664,-8.909650653970568,-20.107681083089066,-12.712205159181451,-3.195249873251954,-7.176856315479518,-9.229701420744831,-7.844676113079203,-7.846079572023362,-4.6411798120371195,-0.9979143679623969,-19.961730802614756,-2.8131654112899485
1705,51.05082587791024,46.50305992329519,-34.18951293194222,-22.128862116951723,-7.906443253978318,4.445897109109763,-2.4683349763633835,-1.5540064826998878,-5.321944865714498,-4.692819397919651,3.530718489293231,-4.123254561485057,-4.2348546902494935,-1.2766230586392273
1706,49.153004563841556,54.41567389389043,-22.947266048315313,-16.243232833816144,-6.550600906963391,5.718725552325812,-7.05766617998073,2.442095607972864,-9.277243843486838,-3.5020253410225246,14.135408316509073,14.895629193756125,11.16091976648188,15.14008861728164
1707,12.82147246154127,15.246215866791122,-24.98244131442381,-21.967557498007988,-15.838029580480352,0.492882867284531,-27.331006334249434,-22.671585484939136,-7.087509558472072,0.7155356439624023,-14.871421175996117,-14.893534436825329,-5.008903962550455,-10.34623319956046
1708,11.299193355533797,6.428721783429605,-14.28850024578586,-2.1208057125068898,-13.320270433790299,3.4327374928750563,-37.23029917641783,-29.7469837875655,1.730945208159725,0.5396678154584451,-44.79507367957302,-27.955719639632466,-1.1176870282241504,-7.127560953256412
1709,-10.328945697388663,-12.156611776606821,-2.022970627912048,-3.1040792902381154,-15.156921666833789,-5.003175385746106,-35.614266095795735,-29.981598349464793,7.443038072773629,-2.2295710656817995,-48.25930120247058,-47.63191163718532,0.6909211419198844,-19.011368076997886
1710,-16.022255282918902,-30.55671894843472,14.282425825178562,22.735102932242917,3.753344638688975,12.776395893032097,-18.208078915907418,-7.410501007787522,-0.5341562259418868,7.164963699246525,-49.37818263881919,-47.58161082134172,11.366777516746176,-6.510256910234094
1711,-11.19083369111813,-2.350286328662677,22.051504712903167,9.3925771558965,-7.831543671215032,4.063919567209615,-30.444282374717236,-20.180535077222107,2.4307205249677986,4.049077714001329,-83.70702068122435,-63.72095949944316,1.3751843321234993,-7.108864815865917
1712,21.506026473017627,26.259813417459515,26.832085951503306,27.704049947897285,19.32860885271028,31.6969175798287,-22.247482138127932,3.4138887290328355,15.022406822353284,9.737301580009726,-49.39677301986774,-45.29264556610293,22.025801179610735,6.621332917032294
1713,26.262168010759908,23.905107555378045,35.13778625437223,30.955994036052452,21.24326546955801,33.363350305979715,-8.37633413795235,1.0127538285969533,5.550978614042709,4.6785658910918535,-34.88203365612453,-46.872404574041,21.43954828586632,-7.140748159243757
1714,66.65484329027552,65.77822553976719,26.32013716376429,40.92008578851209,46.101461666715096,62.43988047552836,-1.9053246139284798,26.121099545427086,9.474385107792942,9.717999582529686,-13.488409111531208,-14.877690051719178,35.61014451127611,23.92509817160268
1715,57.800512804193595,60.28979154032166,1.2662774029644768,5.876642826738919,10.679312722502402,27.58587403833571,-8.135500625402125,2.691125815584725,7.87288176822545,6.693624061821972,-47.39525974690129,-22.320263023296572,27.238064655950225,19.306297347658003
1716,73.40930308642996,78.05529351374788,9.167686061441636,12.467431175571075,9.780834356886126,32.12070364901377,-12.231519297996629,1.9516549730912807,17.81297436248085,-0.6739825359280425,-49.313554615210165,-34.57278587702447,29.098218553405296,24.448415618397746
1717,19.85424193042683,16.540141441194244,-37.52806443623437,-35.47709970047196,-21.557749276610938,-26.92387121502518,-10.795253684459526,-14.375728903676471,-0.6765089425277493,-1.799820316922804,-5.960242233217859,-23.638085688450374,-8.299272324367507,-12.92786569439079
1718,30.30931409795766,33.734129778707256,-28.740049737664734,-25.24422652995685,3.1605279165155657,4.750576146304915,0.2656080838910973,0.050937169652358706,-3.183495865676854,4.943751768299705,17.17897357955701,-14.363480016043177,4.666975113838633,-6.453459811340733
1719,66.95281539230481,65.19494835139429,-9.776451740464447,5.180624316481192,7.558265233216225,9.987282432882903,-14.149813451360213,-2.0747070211965335,5.492181478482223,-2.237670315307448,-3.7339212170937923,-24.220191406529484,24.39709789557319,20.042110096605878
1720,28.249587716953528,36.69420052058432,29.047875358640308,36.70834513861658,17.58697147403758,5.556127111023417,11.998142904898748,19.395855409143827,0.7749002709740876,16.6196409992123,9.574682533693064,-17.26815719913353,20.384957368855275,22.669043054006693
1721,-14.663323606780251,-6.6065955854424505,15.50614322670805,16.182470579797595,2.1150985712108947,-10.559434812300145,2.294628761845501,-2.979078629902612,-6.5278315051272315,-12.12318842787482,12.701155578223869,-31.594931179299678,-2.5086590576751147,-0.28210993635582166
1722,-0.6144103806693219,-7.9205915675798275,38.623880772241826,32.19409004800239,17.416550180111454,5.2632338557623815,16.940882647721324,15.361060873170072,-11.433141372472514,2.7282657746800747,14.927920589028238,-15.784674437474827,-1.0746142874918891,2.9631266263584664
1723,6.574122450516887,4.458126098125705,50.114747866322,51.618279578877,14.533193508851486,15.084592591196436,9.591834874857012,13.043120051568991,-3.6665583319103696,4.311193222236191,11.812407846804046,-15.238302089608531,26.65449849902967,27.806520885798456
1724,41.792931685939806,40.001054761750225,71.58378940746864,59.23878529414782,37.6246889474894,32.68350793577828,35.78837015451427,41.0555127061897,3.606999710454447,11.914087337433436,42.88117737608159,40.92831351085587,40.798901593515104,47.04440197549349
1725,67.89107719458701,74.93446584844196,77.6804958540804,70.13316080306062,75.70988405086993,66.142481911036,70.92814394382702,83.35293120259149,9.851524687551436,5.783501615328271,85.63703236432488,74.41158512159075,56.29317473631128,65.54308027275705
1726,96.14726588025144,106.69125335904917,47.025856300515336,35.22717605603795,73.83148905439836,64.30763094417642,59.63035303989508,70.17327417493188,14.38032716533115,14.979368019955311,83.64112758028861,92.62349511953842,51.907324723484095,67.90344275140902
1727,60.64260680180775,69.54612760768144,20.65844176668233,12.982402966673959,52.296966910484784,38.96956327397697,44.53265501812607,37.317410404998896,9.792005149234933,10.04499968314672,59.27314100551051,68.72330031632606,33.66819394390595,48.210080388347144
1728,58.96524252574326,60.61770377541113,15.745561342052481,39.11286206951147,47.35604039235059,51.053424615275894,27.698932720366347,33.857215394629755,20.029253424581846,19.964447112264924,18.858496984465745,39.35415549604357,27.09594593159513,44.79754060037483
1729,60.644174567055224,68.50132574569065,45.71007417650546,64.01094259689796,46.40477364587005,62.12916088282837,28.201303566114188,41.341315546908575,4.3480422613851735,6.367905910234667,6.129602320719057,24.115860682921905,17.355454764690997,32.98122597323141
1730,40.206619346719094,44.48406860507091,1.6128811476989096,42.59001936569961,29.169584888781667,36.821228231818225,29.144593713189558,31.966574624465967,4.043406350520064,0.16976527294565802,-1.5324643965343816,4.317431985763735,-0.8988948716489497,3.3038271902246934
1731,51.07739783633804,57.99655476325636,-1.2854804775288908,32.68725547701685,42.75173326511601,40.2694445276136,35.45742616488349,46.663204858624134,10.479479018006638,10.695851220000543,15.851542983046098,18.514999101837088,0.8414522421623778,9.748287630015106
1732,19.38358229752123,24.590867319208442,-36.69460155553912,-8.463869409082852,-15.884857506946389,1.2566286155256923,-4.968105181349422,9.639720313555955,-0.2738044519586606,-6.348374954441153,-8.733909899017302,1.822095210942108,-22.835744257729196,-10.634160992297856
1733,-18.080548727507324,-16.243788727098988,-47.22970535298749,-32.70519277355176,-37.53551744465336,-33.85175996075559,-38.874325693040014,-39.565001550705894,-7.072419226951876,-15.746288522378899,-43.888696765545774,-21.13782507294934,-44.01187912587431,-26.735201257112543
1734,-21.244867734203513,-11.183382732757957,-46.85965256601557,-53.836792262186876,-36.86324797760199,-30.193002276952097,-25.082133244324798,-37.641076611674485,-4.873525110181212,-3.058725234268959,-62.90745745401085,-35.1189261547258,-39.40284871870501,-42.28123642441077
1735,-36.93061691896192,-28.923269475943016,-58.588744906570405,-68.76075414286694,-42.61193072831209,-39.377613470077,-23.381174972093756,-21.941183397727713,-17.943842079268336,-23.067069815625942,-55.60494333683493,-42.99581896435397,-54.47650609549753,-53.451342372816015
1736,-51.56197150809252,-53.44853811971832,-52.63585416641431,-64.90581666278933,-60.845757902518876,-54.072171818201234,-36.325370771687986,-45.93115934411503,-19.534118579750988,-16.55854898195918,-59.890577116618026,-60.55412768265525,-48.67372044996244,-62.49337327065855
1737,-56.2747282695357,-60.10617429518476,-52.33118329899221,-58.037342272536144,-51.59261043230325,-54.27130482876235,-20.627695286522393,-41.27027004318699,-18.909771504283313,-10.374297737988686,-36.36848484094569,-55.44907683772433,-43.13639046576965,-50.90078384694944
1738,-40.058494350343416,-49.970195901931746,-54.94395632187695,-55.76409980160404,-32.60362758942118,-52.006055152216625,-16.754577702029195,-35.3073353849889,-9.881613915516574,-9.832474761156066,-33.37624530842999,-56.82513197217243,-37.71205688255945,-48.442968915525945
1739,-58.94061732076213,-59.71900425535527,-59.14975722480867,-79.78026209302523,-23.073693710721717,-51.80015020647186,-0.16337728015668113,-18.745503159412035,-11.4367500046489,-2.9899056806873574,-25.16907736142123,-45.47340358514182,-36.5047457922562,-55.756808087087734
1740,-69.45137275873412,-72.53258209001378,-67.03178057222296,-75.52912360262879,-50.774420252033,-74.95533375321254,-10.872449293404781,-40.923455291863064,-9.700436373801635,-11.553531439993604,-47.55573987841732,-64.22586585905906,-35.73546879437238,-66.1545642739958
1741,-88.07487447493384,-88.26941108942336,-58.196803479846515,-73.0263947719739,-52.823794395077144,-70.31357098938861,-19.644604642520694,-37.00420188160139,-13.120806891242248,-11.485868639859383,-60.52912634881002,-76.11995015629421,-40.455710925612344,-67.60837742858781
1742,-41.038517033590324,-52.27110692910136,-34.25108840579689,-43.31660344571665,-29.05350885228478,-41.281431499067104,-8.362116418861195,-27.69747971644473,-11.792514297461821,-14.092841046132616,-47.44868113397173,-72.33125700684516,-30.835087081005035,-49.7659443973862
1743,-51.806086524225876,-75.19329451480864,-39.08177741638689,-60.93705754443266,-26.54697517126877,-57.26175015827848,-9.647459197219948,-37.1892137577709,-9.400932619937297,-13.396366702917458,-42.34408431370929,-81.37675022253912,-39.30081492141922,-60.90002910976932
1744,-28.42044558828158,-50.335484623355484,-7.838701723007495,-31.333711426283916,-16.463948729736668,-42.37016685126826,3.623674735831163,-27.40501232652013,-1.897221310556087,-7.106210526066227,-27.63192327865881,-44.48893804137645,-15.686960438697383,-31.894284975329892
1745,-25.84417247529926,-47.10526910881513,4.861145347468503,-0.4345497913314327,-17.18588044098997,-30.963615053492322,-13.781401760564789,-27.951627941804826,-4.030043023304183,-9.863771649679421,-29.22787962108531,-61.833964243529635,-14.598338008886891,-35.92737031190941
1746,-3.549528925977496,-3.08592378830748,20.888359363847854,23.755516106461315,11.042795680125225,-9.004278955209534,2.7992177354666112,-5.562829224578204,-0.4720398158901153,6.749733645448831,-1.1238858471086193,-32.92357312488621,-1.2120813039946225,-16.465508200390733
1747,-3.389060213422537,-6.218046003797896,12.087470557254806,23.358314043742475,3.495483181887181,-11.08533615980417,-9.203835477627976,-11.990182897746067,-5.108687052776686,-5.40353630885031,-12.964623249970252,-38.73801277690425,3.1798531331205138,-10.813113664421836
1748,13.855061198102922,-0.32695141071084266,27.30058631662709,26.27390973752344,19.290086565964806,-1.2543051411921293,18.107399472844737,7.979040853442368,2.756371908926661,3.7828804884501466,17.729930385237246,-1.422509353457573,11.1207477027076,0.7211217290526826
1749,19.06120086567313,9.721808086281307,11.080938135153993,-5.4933730915303745,19.279291423816677,-14.641866832119579,14.784682184575027,-0.5522261771129973,1.1602305074096255,-4.490305019650186,19.143474982198363,-15.648051055496381,-0.2009698639435841,-10.322122861197897
1750,7.979452363047224,0.9822283805747876,-0.5433859466753924,-15.886455815843068,26.68855012856765,-20.400927783862905,39.42293231609081,12.753479663863445,0.4829721482460349,-8.972253315341382,49.76252263845102,8.415577777373768,-1.0741616816349182,-6.391223378694097
1751,-15.634761609919975,-21.113818570018484,-6.046770290194587,-14.217145672002921,2.8376209444093075,-26.851937515704062,29.67292034935892,-0.9123935240137147,1.4505948499962662,-0.38807216377885645,41.103091756381176,16.43625692338652,4.881029751084391,-7.976206096718147
1752,-9.746897939424658,-12.259258071110576,23.73153004610407,16.436080236121732,-2.1802333078173235,-19.13981628742155,23.029257472992892,3.750328624066145,-9.908364242953466,-7.861342300577768,19.21238976479421,-14.632574324766884,-14.648028816509001,-30.649699231257287
1753,9.989318944100052,12.910046843128798,44.16914843386822,26.79158604019949,13.22828320125398,1.2895255439935622,35.58445333269656,41.594025314610654,-7.711427917176384,-22.008960012569887,27.27330761044029,5.113911895010993,-21.19871052118267,-24.928705856547534
1754,17.25843078636453,20.89032531635234,42.32460384538269,26.2749408265211,18.499971014427015,9.615910104904502,31.600602198846055,40.62046468619322,-10.497908856493515,0.22234304160782958,25.271080632511666,0.7604016449894826,-13.734798195257598,-23.871069524355445
1755,-30.27279893938954,-21.196516272164388,43.42069887313403,33.1225853956564,9.078012366339685,12.384609291973891,44.60780801621178,55.24675739639317,-6.203673136575628,-14.371301419138744,-0.7216185161158664,-16.350579340369634,-8.767290478169095,-18.174900786111884
1756,-32.15412283989369,-30.12779058507344,12.46962745893036,-3.722401616701878,11.792206202746906,-9.82060867693089,39.7296526603285,36.29189930049818,-8.70506386439884,-3.488200505214733,15.542778717871563,-6.710274961017938,-17.863032376233367,-33.20563561031831
1757,4.679849204568557,9.113110289292866,49.68798925001247,25.253973890236622,43.96619215668907,21.77681711056434,57.31807429790803,57.45704108467379,1.9318807311550354,-6.591980939139091,51.47146989377592,24.30115368633741,-0.5044006620961998,-13.600132270952718
1758,7.594891394976263,7.033178673501615,55.58199801662994,33.34681253791475,48.745701420348766,39.19568386547064,66.48282237219108,66.88112384710317,8.09573808937746,-1.919049202069856,68.7608176204484,48.171210000191884,17.286189266727934,11.833357538636273
1759,-2.5122707885304525,-9.622374933248764,23.62650284586444,3.9792033764070958,45.421370124827874,33.3932185968673,52.46409304101546,29.5620654939212,6.410895393218965,3.6181857280481706,59.389671502687605,47.24733660727123,17.643199213237253,17.79579701540604
1760,-15.417026094510337,-21.78161203600446,18.818409670742344,-5.035933357227743,44.2282207083236,33.106757408207706,37.22576503709828,23.74780640470016,8.343284242883989,2.336001397265215,43.532055482755055,54.173726342298636,16.56998284876789,22.31748854502073
1761,-19.277946610208666,-24.916498216690115,-9.762606668428761,-24.60918449264692,38.18808557655044,19.969286358066125,17.972038350525594,-0.26191295643900164,12.854188026527304,8.4213295399902,36.30105943798966,38.20482804211465,6.670301660546278,13.647999575366278
1762,-32.810903266029726,-37.70022976812662,-15.71831579317753,-40.556517973886585,28.071869506014004,4.9951489700041245,17.330327131479628,-0.898503905760893,14.155610005449693,7.795051791589149,25.349840967050007,21.994871627333378,5.400261326117127,-4.067861252653859
1763,-63.71822365837011,-69.92032596129994,-14.604482989515775,-41.9938599038134,16.284996842521668,-14.764925788051363,9.479498598117804,-21.733646173828284,1.1961692000916173,-3.978541312997033,6.874603352201131,19.998919976912582,-14.046583496509344,-10.691219923041231
1764,1.3563456864378916,-6.888959957102499,-38.97410308427432,-42.17807606442591,1.4639956261455067,-13.77757303087489,7.342820117101107,2.208247952269822,-3.6085934809473676,-0.21546321387158596,0.6843045975542092,5.047393304408222,-4.618177554518959,-2.920410535762757
1765,42.02263123975694,49.043961733718966,2.4576706980592085,38.08737433706251,35.38072336534278,57.65570203522027,-2.176726356819052,6.761379750901358,11.69253745666237,3.625252440230192,13.939360591117739,13.7716482807181,12.4374867068525,2.9058387858862424
1766,8.546247443149342,18.80614205693509,20.012105803140216,41.03556343590089,11.831430881452622,36.697160661429784,-4.6357396612516695,2.3095803665939294,-5.0897972680032355,-10.517964376746194,-13.267878382643072,-11.85337103633756,-20.63519574306332,-5.823463397822507
1767,47.994511635822086,68.45357569289096,74.81839818870907,92.38900327681317,58.06552066895431,86.87234395567172,15.907655700531693,31.772809821825366,12.235444570475556,6.7516224020798985,14.252923225691422,27.81660736609025,25.017996341710095,26.963005172686064
1768,39.30652576811981,37.05857779399636,85.39611746113087,99.48932892655478,46.355552643109995,45.47381233531428,43.23280457410697,58.72506590956082,10.761839328731204,6.469638765781855,35.295836553365795,28.02155714932064,39.79028691867555,45.716221632818524
1769,61.628819831607494,77.72589743830514,90.91478108176715,125.22718729914753,51.22107492120501,78.28923903782412,20.247376816799537,49.76466523720573,8.880900106700045,6.6744002750796145,30.647081238252145,22.66328173543175,48.32864933545155,56.153166297114126
1770,-9.171977116519793,-3.285416667965275,11.91172828537332,42.74576064000972,-13.453929423665254,16.234709430013186,-14.394551015407817,9.344366076945494,-15.728020491372463,4.541589181096965,-67.31055212371041,-56.3895458771182,-12.897432433481864,-6.15321405694061
1771,-35.95386213991457,-22.12535184698653,3.2425912200119793,2.6689146257795877,-16.43927471549477,-3.1344100235390897,1.2116350819886434,12.232455645829766,-9.015588330269212,-8.535834564002265,-49.17601142083094,-31.592483196793165,-17.55460367217494,-19.762907595944398
1772,6.994867353410034,5.012014057599623,8.274645814497765,-5.665973010342098,-5.957705451010245,-3.553761202873654,-10.686152244254743,-12.154691165266247,-11.966416176430036,-0.9916025467725537,-14.124952294325665,-2.6453218580884785,-0.6760863668133155,4.627099652383379
1773,-27.277721535061094,-23.427705092915662,28.224765016432727,29.51321488928029,-26.193813990262257,-15.431385018176616,-28.27313596596228,-12.046486833122898,-7.013913021783925,1.577156564295401,-40.29615400197817,-26.315047427699056,-18.610654814015415,-9.695625315769844
1774,61.91096670950848,59.181529701908005,51.846555589331636,50.83116787917097,24.892316754729496,33.04235843108404,-4.7190627330494435,9.73446133577825,0.9469040281487585,8.52964971525048,-5.392304352739649,-13.438015526035322,34.12497572672318,30.64051402777869
1775,109.33961569280032,101.87009561975745,81.89792473983877,89.39819816573595,59.553697670797064,73.74434664811574,48.98817159306207,81.21274265104398,14.555262132466721,15.530015266310055,52.991023087980565,48.04515687888681,50.06960187428603,65.44705052294195
1776,132.57579417170507,138.6845363622208,40.507447009521904,65.66200930324231,42.409176207121405,59.45773478392507,43.70100910015477,78.5700525024098,13.882153301630376,11.370023346984633,58.3693155870417,47.42330960935486,46.9171331226017,66.72725335784672
1777,114.37567545588948,124.27768547725805,31.781409887501354,57.88850671083111,36.690776049422475,47.51856067307077,47.654374226125654,74.14964310461835,9.165020947928344,15.834963881017789,57.37436092038698,62.82433248967123,47.93015834352949,64.23400136113973
1778,152.0177241763025,141.61256191296908,38.52253299905633,43.218021503044234,67.96150469283347,56.152179333270674,38.16818445922594,56.26789541506603,26.57877232483547,32.07065978638515,75.84245269518144,73.01644803076431,60.01204004162412,83.04376006933786
1779,153.5346684167563,144.67555034288574,8.645196344822066,7.2591390957343656,52.145053351667045,56.72848067753324,43.41599661125032,57.44102949769062,9.989031758298951,17.67880662839373,87.37774790376817,101.81254656818807,49.098390096486156,72.58113052986063
1780,103.65818797344143,96.51040547187218,-20.542509225297916,-5.139726737429095,21.62723576233876,26.613330828320255,21.208743531404107,42.326977481450704,11.427281441080817,21.057165832557676,75.56364751962323,81.89152248968273,37.138018858624534,53.81329338984853
1781,49.31140913468081,41.002867591406094,-48.615400011757124,-32.75949193564295,-3.5225148014773455,-3.26273727297648,-8.703526853362602,-11.381012069480196,21.407805092310202,16.30629130251742,16.669848215042943,40.47229537931858,11.630509345301506,24.37282234189511
1782,-4.121815797840407,-14.914707242938189,-81.0012899589022,-92.17161899162011,-44.364588305033365,-45.08449737044121,-43.58517933612466,-55.135230008906944,0.7653404281585008,8.089579900716666,-45.13628176505084,-9.100720246040737,-21.332584687094823,-27.089298903330203
1783,-41.10208851560511,-40.63698355346347,-56.548016934173084,-80.99915810002477,-38.48451946091265,-29.57798342450522,-55.130497431843295,-61.13895088054652,4.097294071198803,-0.7961552562500189,-55.948741787005275,-2.385742363283505,-25.509821897173126,-27.289619935318512
1784,-60.61943832393237,-62.340477810647265,-63.51094641109836,-67.3880894070966,-60.881509545422674,-42.58668002658548,-80.01060956160676,-86.18350842506376,-7.633424002261982,-2.0705994760502593,-83.47583822132184,-37.26583179577955,-36.78120069568669,-44.64134510848633
1785,-39.25822428791466,-34.542459320324305,-42.04638686653258,-48.42706699330316,-56.40887834239374,-32.66170440733053,-52.418689429759844,-59.04919689634644,-7.711501928270574,-9.425670871411228,-59.93094458299172,-33.406855421879975,-25.026225620990484,-23.36702383631649
1786,-50.225707072071664,-46.80409165932626,-39.357815416717415,-43.78525878751908,-47.93905675527701,-38.830364058015284,-51.4999774615906,-64.14568591962119,-12.835073981163589,-2.093679719073633,-62.577091110028576,-26.486692361220364,-29.57111698758426,-31.870792826300484
1787,-24.591127480362566,-19.003429649709517,-45.97247211564331,-44.90680829047919,-36.64887422348039,-28.00577145151944,-29.702015606500904,-29.802157450687407,-2.856955870559224,-8.13570768604706,-21.290007186159404,1.8965457699733497,-24.333149829254182,-12.995007007107818
1788,-51.48556704072979,-40.05583006271392,-58.89141245517997,-52.72718777159831,-54.949875176450234,-46.938837544416835,-41.0739354278169,-41.44923399201884,-11.187154903145652,5.066626550333218,-44.47408480156578,-8.970797283287858,-27.742411690210613,-19.833073872156916
1789,-56.6101634920987,-49.22881552680546,-42.152169500144716,-46.52614278691598,-43.672312135157725,-39.88436105569433,-39.283695832958806,-41.493340755019865,-10.147288113837202,-9.809896096340726,-26.6118124640618,-17.91409542617807,-20.55741468181747,-22.454215432906906
1790,-63.92952539948947,-56.86743847326871,-17.23952576981034,-18.001872947979795,-33.15208574744127,-21.733291882145842,-20.963796459417093,-23.906512557383447,4.1590754822945994,-2.01784758962708,-3.5530004593130933,-12.815552576719506,-6.613576157052569,-17.42299899278781
1791,-42.08784170039133,-36.59579553333962,-1.996067888550911,13.956063553138776,-22.12276174638558,-0.269414737803015,-13.126954343897793,-1.3811623239653605,3.3431204957193983,2.2038085729417185,8.294344262804376,9.281761626634319,9.687202468092565,3.750714929854006
1792,-31.05731856712865,-32.50115005260093,-5.342159904390548,-9.508506709518617,-36.297748360625846,-18.68320222340766,-37.59186475022792,-30.397923374375118,2.624292291345666,0.27022814347590773,-1.1090952965947132,-0.5257931484025432,9.294732521113595,7.668080302925026
1793,-15.688892601736411,-14.160334227379014,3.3032736364393553,8.64701801591905,-25.302092508214372,-12.606410832599805,-33.44829235370748,-19.249742604628832,-3.8647200864796805,-4.787493299412086,-8.575171369878802,-6.082114574724938,13.068077752601893,12.941458355076366
1794,-6.8363767914294415,-6.707183494189456,-21.1605288994054,-13.635907431209231,-33.48865674875901,-17.88663726572123,-35.63405328922572,-30.850093778928375,-0.7726891190212696,-16.54755114597845,-6.965622870059538,2.0859768389030067,-3.1546882278637964,1.1271141417825135
1795,-83.63489432998985,-92.51317898015752,-62.77385903928714,-52.02971786805958,-72.46937773856055,-59.65255064593786,-63.4541733949868,-64.12851646699042,-12.310478482353922,-7.512611461644448,-47.955797328241424,-33.90688567021141,-36.06252151706503,-25.987243591482102
1796,-81.55782736532714,-73.24774830898087,-58.51874419811026,-60.26921387719555,-53.45950244404875,-43.58882582109129,-68.8858674414904,-77.71435049986258,-4.084406707249027,6.38487222628177,-37.600023266093544,-24.86418279093157,-19.17226807408352,-20.444068278683847
1797,-105.443467419854,-103.46342924298497,13.95703023096525,7.075637046809945,-36.28046984176517,-18.978921198076502,-54.614096544950954,-50.91688456728738,-2.657090211110422,-13.523608892337393,-51.583925084082026,-34.72247422159579,-17.1702635981184,-16.25711012616458
1798,-77.31914195715014,-79.04394856728717,21.930529181311872,31.049170433589367,-23.444832610535624,-16.906836292394605,-32.19121761894477,-34.3421596139162,-4.950445754714289,-8.359587457984588,-44.82457230117332,-39.318542881564355,-0.7267202352322146,-5.352615682450547
1799,-18.675024474704106,-22.96585690003494,54.20975554262399,55.866490873874824,7.736166766746878,21.057742749457503,3.6502975177234163,15.54075257043607,-4.042132497470647,-12.873559114690208,-4.617979234632879,-0.17154135202490584,17.90115741040184,18.124943097260974
1800,34.76656915362784,24.331037143682003,-21.079771215123674,-18.001569440892997,5.783402061503554,8.483958201932898,28.6856653431015,53.07360272543657,-0.4512750142266582,5.602348867434027,-5.5244277105296105,14.650312926829312,-30.55414437538175,-5.970955450313935
1801,12.32393297873516,9.365937146147036,-32.60066953076862,-26.22263104140151,-17.933923623843363,0.7981266453408037,6.450512505658783,33.77501505409907,-14.787613856897204,7.118887400659771,-22.765504722677345,9.155155291549045,-36.68396644746846,-2.082025493659184
1802,43.68024947635068,45.51091030772861,-10.122779094881201,-2.7656758864689026,-6.947739429614802,9.722576430473648,4.0755386477166535,22.783752589882535,-5.121016518809673,9.889161392202464,-2.2216247662563036,23.305500635483003,-17.115207070098467,7.645861420939226
1803,85.62671259217116,89.34620267111754,32.12773558535014,37.23359639036609,23.10234738336699,49.581254799755754,41.73491032226549,58.95204604788985,5.181187259522264,7.569667635526047,56.04549333795685,67.72025517325636,15.132954897374523,40.689959445010665
1804,58.06702274879173,67.27692731999369,4.794403775228663,11.340649514553887,16.601432268106553,22.59867903886521,10.498242771154478,5.9151376066821015,9.032086522940327,3.150787365786507,52.98215551382936,51.95805357024166,18.146108372149946,30.04852732638253
1805,37.040602585782004,49.38092233577819,29.95012121180224,22.627982372088958,4.879576023986166,14.710593100931517,16.548558604596316,9.425896978414269,4.480048300455713,-1.0596329814017709,39.614076221926,50.51217309094572,-4.187047512195824,12.440723741666442
1806,17.63985232281044,31.543284805105053,19.147731156353906,18.98417218858243,-9.510670978566624,9.912276122719444,21.734476186031525,16.901694493226003,-13.29430796740377,-2.423985233174365,9.240613003630806,33.966736697110505,-15.66848245440077,3.2705666072947435
1807,-31.771659080879683,-18.288159334525485,12.574068466692635,3.8601950198550425,-28.987280083913298,-6.548871670367496,12.081545194768376,18.296868161301994,-10.771888659916693,2.721451844037483,-45.27016875164775,25.599262347322178,-36.35096264313549,-3.175980611942556
1808,-50.079611168467565,-46.13821357126288,-7.797329101958629,-17.36454871703229,-46.737652806858684,-21.341496346003684,-21.25415062108946,-8.795676072887774,-10.957297239993101,-3.346389601322953,-71.00182503243205,-8.115774609782342,-49.08038780400506,-29.39523098557726
1809,-66.74885767432093,-59.460752697228095,-42.47673984130575,-46.968461295202836,-65.15969511349864,-45.68042783802508,-46.96446275941423,-22.62073344364204,-16.96833277690131,-8.145464038474541,-109.02629737362915,-48.50899770417787,-75.57838455967716,-59.23548272282987
1810,-97.34390794287974,-87.92045565247119,-70.70143267849473,-56.83905562622778,-89.72561226394156,-73.0231451562406,-56.1746978813923,-35.519978962288654,-20.774501114805904,-9.32806219386516,-119.34679803939007,-76.95256543775841,-87.99854720264076,-74.64437319435602
1811,-106.94299967041212,-110.75093532894161,-77.6299393636122,-67.21862933971526,-86.4540858262365,-78.1238103556011,-37.50892376042821,-21.71834293556511,-39.77222805527977,-19.302087336003847,-108.94808003068223,-62.39987748072589,-95.24083303246945,-66.13639130700518
1812,-63.95624084796327,-58.96273524247724,-30.168662947775616,-39.588609541887614,-46.4338299287961,-51.68196981060273,6.592231046637432,-1.7333237032934299,-14.842255118301145,-6.959301569578731,-51.27435237449798,-27.720483434887527,-60.789507688990575,-38.94920157697977
1813,-12.504161070888962,-5.5049639873353335,-9.22964817700267,-2.04981847616976,-13.811772179498703,-11.551321119094988,30.93140344164944,24.351492265534525,-20.172819679003137,-2.3663156916169754,6.331709832136613,3.855203042481855,-40.96063145341861,-18.799004974817823
1814,25.49203482955169,36.17884815921524,-7.428391013935584,-4.160066393622787,11.6115614787575,7.191646157403433,36.07041341264178,24.86250190686053,-5.345786267704372,2.2443320208446216,67.28831477903196,37.05061997094218,-12.853828509520984,-3.2279614782377477
1815,61.86473615972626,62.93271767624521,-12.138145618277527,0.42126437720670873,27.725794351601387,31.13272435966125,38.26029264413841,47.00943113487319,6.757787612058043,6.362479926525599,80.25950392944551,62.90495462651154,11.993186644428224,19.38805029874239
1816,35.55227551114464,43.500042164152305,12.03183899348418,13.117743744867566,44.56159518206209,50.28696216383833,44.49414586193234,53.39728095729252,9.103862341369117,9.394428465377793,81.5172264695189,68.63397676162941,28.376452903656514,27.575776022043918
1817,32.93981709477418,38.85525428458399,6.579835876799538,4.894437798355414,43.187713647757604,56.923971947539066,24.75952948725021,45.756771398861545,7.373903576421301,6.63935127913869,79.5693355976439,78.14313085972658,23.01980733884581,26.09108178606177
1818,25.7276596951838,34.92291109306087,-12.585469556966522,-7.460497096446445,34.11546524875182,51.96278736185072,7.130257838380819,33.26025162322171,4.081383647227919,3.8572291297874814,58.798638668007044,63.52571494555124,14.1483529280187,18.264147085429418
1819,21.517452816097126,23.50645041995789,-24.525522221481896,-16.991621167734596,27.764676643815985,43.74344128460484,10.230642057969519,19.80645659341432,-0.9138179948116463,10.770657770559382,53.777715241145174,65.97594748109303,8.627419512116491,19.851699606507996
1820,-1.6229057147142598,4.352895872619516,-32.502609418236446,-20.14423153645681,19.519475635199743,36.4317758917889,16.027113011108508,19.522166400100918,-7.909342287837807,2.5021022268129656,26.85087146834088,51.50635850558537,-1.236576873407743,18.920332246544376
1821,-19.809229663606413,-11.4966239824919,-23.03921077498562,-27.47786996923959,15.51731314404085,20.17667219885642,7.241126894563087,-0.8785320477076473,-2.224752261642671,0.714954067215662,-26.560982635874417,28.012047918038757,-10.736393418461416,-4.948292736177612
1822,-35.90243488667162,-33.099084200152326,-27.02410102241177,-32.59425069873995,1.5537562772245106,2.6152306684764897,-9.09745412406509,-25.984100586125862,-10.067729705993726,-15.510643346866729,-78.08274857013899,-22.392551174285988,-41.70213483409488,-39.675722252189736
1823,-39.785152919456564,-34.035166408601945,-30.38395484888775,-31.2705051953996,-7.18502841224016,-6.033711341413675,-9.10625017945796,-32.36384434325079,-14.197910608248549,-12.549681574121804,-67.60318016584729,-23.416827202598398,-38.194105166956206,-44.05504377709289
1824,-51.836666491184246,-52.0326200411569,-24.610293849101975,-26.06907010674471,-7.766088632294329,-2.9714657331090137,-7.826781375270941,-16.696840629922566,1.9668473228129748,-13.661076652005617,-37.352686353838244,0.11683448657072087,-33.3075384182162,-25.058259686123492
1825,-34.89913592314507,-22.66219112214871,7.841826192090372,15.331389698384207,-12.156552027596483,3.3072098293872365,1.2058458624139037,3.3172827334071235,-1.4239986836456155,-3.2527225875557764,-15.99477886283642,15.049473526960163,-8.168382720632739,-5.360836513111416
1826,4.239998453508183,11.678292120853925,30.479707681100454,36.619089258771204,-2.305506885402634,11.800602390450535,13.626392825972776,21.409060113710844,9.266328424781564,0.6991037491160039,-0.1816925814734054,20.191276449280167,16.26779704477772,3.6519535044225013
1827,-2.403479609915108,2.679660865141699,24.21499656519856,23.205942501546797,-13.398313071281885,-11.271900261961177,0.13496585516910337,-12.949876669561295,6.986234874478637,-1.1636968106921328,-20.242631961350362,-15.753400294085392,30.431929097048965,3.2106253843832477
1828,0.42115238194579385,1.4680011288969326,6.328031795245985,2.3339827341510824,-19.10413032873665,-14.259448760667064,-0.8630621650945426,-8.693573407222125,13.326365242351905,7.314004044540752,4.066089920178378,-1.7744586887715166,37.8221504867636,21.674111739046772
1829,-24.398546591597665,-29.06633840008795,14.12290346780965,5.648850237225941,-10.083169572561824,-7.777613249928644,-1.251378827844581,-4.426757943431011,7.125092224976453,10.155190790516507,-6.977848901044439,8.149016589241857,45.84824538270724,31.029310371118807
1830,-3.7251904450134625,-2.350018906285142,11.090821388348424,10.087757864688934,-3.068586284976229,2.65553071480403,6.953027293689514,21.220052807979094,14.375817301434061,12.058304892620502,27.658000006330198,26.924448785903785,30.328094066106413,30.867922101988984
1831,-26.88069652447677,-39.39209029434946,-7.340311105901134,-5.610104427387542,-17.54132489641905,-16.795267535905136,-28.218090820757343,-20.831720627793604,4.675678808033001,5.525492312397602,-19.072419116864495,-0.16257206839730387,10.44316820082314,1.9295217200889423
1832,-28.263804593408814,-40.8082349494121,-27.694326548264232,-35.7480616351277,-30.406818917931417,-30.83949268679595,-30.505510683603116,-42.00948392393394,7.060570540540669,8.140035720936257,-8.378979458054749,-4.587026847408463,-3.8221254344100757,-8.917849140443229
1833,-36.86274165255131,-42.24306813538247,-40.396688881943284,-38.61064910658854,-29.152700125928565,-31.387607710020507,-57.10887461687914,-59.62092394147221,-0.1364631183600006,1.3990350608940232,-14.90264180598481,-14.999006308069717,-13.023260035815765,-6.671137104270584
1834,-44.84153625471232,-50.62007578990628,-9.295381059282109,-9.567646261137403,-17.83110666410953,-19.007107302683995,-41.33204394751778,-36.93763372128812,4.881233025646341,0.29339566439178544,-22.585089888883637,-25.553811439733884,7.1350752620962075,14.246590967089714
1835,-33.13227835436395,-30.540245503289764,-4.106618450685018,1.8514675720300682,-17.58162798471155,-24.0077609642934,-40.0117512727302,-31.736259370600646,12.178043028898948,0.6912747034463353,-6.916965434447182,-30.28772497350204,23.639763011902133,25.809418433453178
1836,-39.94289285064115,-47.882075812514735,-3.4619719465508374,5.164805462569352,-35.555106520997356,-30.88183622939676,-54.841186424928445,-51.50608421070276,12.338813352652117,0.4836630863758682,-5.375636723253888,-56.992436171871404,28.45923580350025,18.24975182798444
1837,-55.78437219949708,-50.02748537529037,-31.722832176453764,-37.516195292476795,-41.18497766848575,-56.67237970239473,-62.95809914230916,-82.93971479585039,-5.546707840695052,-2.67969545963606,-1.5601255219644878,-64.77871889114326,28.810057493075327,10.292744229820975
1838,-49.08291388265919,-55.78293951883596,-49.90094812338713,-56.11318497786271,-27.688208693679755,-40.22780038371037,-58.20378111321328,-82.7334583504942,9.70626473648499,-2.863953096763813,29.111886742349462,-43.00125039770059,34.91847435113813,11.453651581049023
1839,-77.78550720603322,-88.26871572693364,-39.10504635914182,-51.83785966444334,-9.719360290526676,-35.012369859166625,-49.95940054225888,-82.00486126887544,17.44133400156753,0.5804607644494229,15.528827820465963,-25.064672366226596,41.060834447355255,14.629339542256595
1840,-59.86024652478625,-67.44486927940147,-41.38561513638394,-53.48981670743983,9.833086968488859,-13.473922818941096,-33.85185181693304,-85.47888330397306,17.043878536776994,-2.7282198347780775,44.172677228230285,-22.10457802156062,41.56843152644106,-1.1876010381304325
1841,-59.534062959770786,-66.02671051407226,-32.99404592451827,-48.910991711064405,23.8518418223555,-17.935431993431717,-30.557172186412227,-70.34783209622024,28.422105853565856,-0.12121574081757314,24.650290407010427,-43.25409531843391,30.024968338420937,-17.55174129942322
1842,-37.571838961381374,-46.533553469954356,-46.34711086065257,-54.30631997111969,25.701904101081485,-14.13848017869426,-24.857995364948575,-64.37719262330216,3.479153962172001,-5.75006147437746,17.916159745200286,-56.99158219309558,25.584576078631073,-38.331089024859565
1843,-29.22346102984283,-39.62949499081458,-50.238111486301456,-47.52146009866721,29.978136922531366,-8.461786012212475,-19.256127362876864,-49.88669299667854,17.30441698596678,8.516898411193443,18.061211734505967,-54.58965363833575,31.915835707676838,-14.323971437213316
1844,1.3031208022956688,-2.7421969870247898,-19.69409661425365,-29.755036790518876,32.67618946648667,0.38485182856428984,-9.766495420633337,-43.3834280790587,17.639905827231768,5.46752359526598,20.590346534851783,-39.24231387739634,38.69833758844265,-1.0456507457793454
1845,13.845088845659427,1.2255745767478707,-11.403665299124137,-21.96508209063779,32.21749932919181,-12.52021879947111,-11.024375729011407,-47.699903879013384,26.116772347472693,4.177432683687343,27.3233181040707,-33.76250347356761,48.165152084298136,7.799405226100083
1846,-4.751476583341964,-21.901327841699228,-17.30161016863926,-19.13920774265958,8.950041684343756,-24.72994698143672,-26.27029619378903,-63.0420104160012,9.422635686136582,-6.30487112354438,-5.4252474702413265,-55.44760952822945,45.548354564885344,6.392045474210177
1847,-9.336207202879333,-35.071721596449294,-33.42264265375257,-35.85195974650718,-1.7258112700390744,-30.571469803282014,-36.906047073723606,-68.71637352956614,9.379858528855744,-4.522318235979157,-19.691754895762756,-47.88317138691235,47.26166479863901,20.362472390924857
1848,-36.55290496660162,-48.51144312545848,-29.151349900790702,-42.484218227680536,-23.590396586708042,-41.46305423307563,-48.79590562436623,-63.53146780662992,9.437174796954325,0.25937496743399713,-76.24470741409282,-56.08257206015855,27.496982625038104,22.71460880985826
1849,-35.85252841452797,-40.7022130662473,-18.34619456593124,-37.48212529853781,-31.01083706211696,-36.51809496530807,-47.38154277067842,-59.10093895840579,0.4890661316899158,0.9788639184055974,-94.59568916433317,-56.10296829277596,13.353249376494809,18.14440705202165
1850,-30.924379477053556,-35.27547968273802,-14.986842441121993,-28.977221333280056,-40.653260465122905,-38.37152551219145,-33.67894061633486,-51.28462275999,9.186156471899308,-1.6643172205350236,-74.48187042951231,-49.61534463583952,5.301901496412895,9.913575560722679
1851,-28.924849955655418,-32.424813609611284,-21.76364526261698,-26.924821088947397,-20.23780762568181,-35.3011645003074,-17.955919397460747,-24.548092741788338,2.1923621639501154,13.23948392126675,-41.05520413141606,-27.810107550670367,2.988646130212947,9.908601077499343
1852,-2.228874614864102,-2.696349414718852,-2.016749366925128,-4.163659849011844,9.672227670768759,2.853459140213425,3.545967330999197,-18.894899678424117,2.1821921319842894,-4.6324728419119,-28.990063259282284,-21.877412787982212,-6.906210567478596,-11.648270472053985
1853,9.083290030272535,12.072176588249038,27.86087946735701,29.07243124609699,36.38991018350512,26.084130593939985,18.234952792078147,10.48235972668343,-5.447291637687904,-0.9329542007652845,-16.181190444708996,-26.442640637880263,-15.529315940620664,-27.812154729303575
1854,31.95168608782994,33.1415268204503,27.760912795944503,23.659744145424824,55.51260394510989,37.69606141088549,21.863932703066688,21.11210814881063,8.666514137768973,11.170262024411837,13.746578808892226,-19.079511848459095,3.7649328999427913,-15.381910960060255
1855,2.4439327601706813,7.857893752994829,31.92118980432775,21.000833626513558,51.755021982126806,30.23026811527766,10.896855706916366,7.190897497273684,26.529689290592803,16.62187447454432,-1.4600778465134199,-22.36621258071954,27.870645200083025,11.295632081511505
1856,8.581882168499995,16.662313956274456,36.79859145219649,32.06508500936101,44.47999497135507,27.294811518715182,8.592599282373968,-1.0302601174838066,22.925275834319297,17.68434740089714,11.392075165967054,-14.803392629446897,50.33748804287107,23.481032353393473
1857,24.283053460555536,15.31135165112634,40.76567333744547,35.28794957114462,34.484480080276036,21.471139555565912,2.8816570174516296,1.6196534498563053,7.6325810385958945,13.421950780762659,17.377032258621213,-11.300129790246485,47.81743471748806,26.140593373314175
1858,1.936640917389234,2.1707987943436127,11.665518878394247,23.198420369260027,12.303098087594863,4.05845612460976,-10.49453172048013,-20.678018275873463,28.781925594966015,1.311079309737999,-10.524125207317088,-26.964235860754126,43.19565052004089,27.7856737663261
1859,-7.897710723241507,-22.901706981476522,3.2407216677433883,-2.7286110761053557,4.85057733769068,-5.102060868046115,-5.999550231396031,-16.327675761287118,5.495351870277955,11.514203562729024,-36.00646031754049,-24.151662928073524,17.550272220778677,8.932035323113672
1860,1.4889353606586742,-3.7120513995610747,8.1228381834525,7.264140058112801,-6.126068467628601,-3.9435995020650068,-3.48001034517297,-3.925053266614384,-3.6366916672694614,3.8797865383784877,-29.49892145228209,-34.05898340845285,-1.1703938655391253,-0.912898620103029
1861,23.756847412988083,18.30177930341821,21.40156370139034,25.907768418620115,-2.6178792034404545,-1.0021942523568117,26.629401921501785,19.70475770235874,-11.982430707085348,-3.7573974040782523,-24.344529655802837,-26.4762503151221,-24.87782234460518,-24.88934983636204
1862,19.649116939872055,12.980867792570486,14.597157625694146,12.079817820560224,-8.990924984312372,-14.183857651720084,13.872507420884721,7.515576266723133,-16.191064148102075,-5.5495353677965005,-17.751831773483502,-38.54238799194247,-35.97037776800027,-36.861001341253626
1863,18.486124990230675,1.2180959602074943,5.850568804115599,-6.185741692693079,-6.738412892399383,-12.20433809823662,15.226406533493327,15.720065891516395,-15.547228995001717,-3.2432219928234645,0.7199043462401438,-2.7966576804720233,-28.515555714819676,-10.558484919609889
1864,28.62014821567895,7.69765800557205,21.690558144754363,-1.191364895395182,-4.648006208137933,0.33225884856840693,18.995948166254994,19.21150018977789,-23.02233230713828,-0.711194525970461,20.378198387050944,9.063733066566979,-28.928389521660925,-5.841041404589947
1865,20.7693280627752,5.789810133076959,25.886279392060473,19.081569637521465,9.706079206805596,1.0683473509378376,27.32913859035499,24.063830787725088,-5.018174997861657,-0.34745748976931745,9.161737003894808,5.203006655778501,-25.247422099780202,-10.343846997643164
1866,18.529759921602086,4.558011641498745,10.146620735312323,17.277937853056418,5.17514750955236,12.129743571614325,13.810059797470641,25.88780956377358,-10.305751402707028,-3.202542309859906,-4.203237766530438,22.838914849675536,-19.620768329938098,3.7532836485567382
1867,4.161047105977101,0.287019184307268,11.544943123100886,14.672778131727279,-0.938235228201696,-1.951241453580536,14.424481335725618,25.763752425704276,-11.669238789109022,-17.075602588048696,-12.693349129605444,13.70390683379187,-21.674468800281584,5.566446531437885
1868,42.120000448489655,42.15532434123454,35.2498553757181,42.68575343979526,10.87594668254731,9.138120531758366,17.36376943940589,25.597180854159543,-20.64280967725729,-8.581540863583182,11.157682146526666,-0.13650665852644334,-9.073199174158818,-1.5341060891529323
1869,64.32598792229926,75.60610862525337,32.22885626932574,36.12020232555996,29.193919702417954,24.738949907990975,39.296846691315636,34.595504806115756,-9.454588874104532,-9.303500305629042,27.605832635097617,27.16642504831671,9.599898367919488,6.903109705479585
1870,22.240831050465136,35.446279256122644,25.428738365438203,30.00774395825213,16.63263133513664,29.67750390719675,32.69381453816191,23.69069418285616,-5.2160166510303085,-4.30815023457234,46.64041451939278,48.27734436564286,8.156900172694538,14.734929459913614
1871,39.30518025904168,44.28927041572229,26.647525536364526,28.196020686200082,16.474489322164416,25.54027017988607,15.568067607270857,20.858245718093663,-4.07204826992882,1.7084111229937449,68.00929147698571,61.49150901210372,10.99879593920759,22.27842232632432
1872,35.498021036113244,45.27007952086707,16.751217289351235,16.54069876746104,13.726506791212797,15.245222634317328,-0.7957933647946949,2.9007343584766767,7.9646768347447745,1.8530940895183479,72.37623875303527,63.9613122341678,10.46820942157878,19.649108221656228
1873,26.893642482140372,23.07953558616905,4.949304789957444,11.803194684390313,8.487322581484095,14.68574650757793,4.84767293628453,13.29724736632186,10.02610761959929,-1.1416761263208022,61.89357764340424,68.93406816169251,2.7751944508118886,30.515278580498965
1874,37.551198728685414,38.9067837386593,28.386927149340305,9.95995636143935,7.969818676681925,5.462036364860997,8.622573217710867,24.78264842012919,4.894623413204753,0.20310098347528838,48.60199768983112,62.270947455126965,-8.49935868162588,14.80238284800755
1875,66.97200611188758,63.84728205535415,47.07464044928282,38.558901114933064,37.68808994560166,22.693885624101224,46.93721587795866,35.7202251727649,8.461089245971339,6.032532408639899,41.614981419808394,62.90756836110312,-10.860415265401182,14.220977187892935
1876,17.98653134935101,16.039467681166894,40.61608453799432,26.684554353235114,10.925727207529633,-16.135648915251114,33.98403401983625,14.089417142604884,-23.787711371688527,-17.040970706295756,-21.604042986152706,-6.922555000625405,-41.218102083009626,-42.37074097343971
1877,20.047295056770018,19.85341265609762,48.15841204713865,46.77654916599516,12.275952360217232,-8.051734429944002,55.232445874355626,40.89389588371385,-26.210831823091365,-14.196120457043675,-18.13131883596462,-15.649738045954772,-62.143345649921635,-51.19091665521062
1878,22.788376030851918,27.00474661492069,71.2239334257877,54.6551818072777,22.31801805051498,14.026180374014103,80.17974186044488,73.46965473541708,-25.309501711239204,-25.595759644565334,-5.98121768061179,-0.9314177960428077,-42.796743435217586,-38.720273058016595
1879,-8.601692438331737,3.400233349343244,57.242256493301994,34.91908554815063,14.08005159674589,-0.2728552161981061,69.69814655408031,54.23308594442634,-29.628569093505728,-12.737834819903448,-12.777808219945284,-15.251527494523053,-55.08528309593696,-48.809344166046095
1880,-6.353513573089629,4.112275569536701,28.169373604865964,19.67214528864305,-3.6700291042838304,0.20658710584629544,40.68257472673958,35.52675658049126,-35.99047120456243,-14.199480075125896,-21.50916288413191,-19.124035093406583,-45.35631938151145,-52.70247047069319
1881,-29.231568893985443,-13.553946164460026,0.027700804528392037,2.7825874718633896,-31.6166265192837,-23.928895190703265,7.073168073534674,20.589452794797896,-20.192397825339203,-7.491808246406547,-45.337256968960176,-26.096944031453987,-56.771892792635555,-51.00116648134417
1882,-32.877020208002584,-23.670896274613245,-38.74628668150511,-28.835800120413687,-55.054787473701225,-33.877575385907086,-18.43011598781759,-5.58044045474606,-19.316296780119213,-18.41742643824026,-70.85899179011398,-32.31333972502923,-43.8781186413283,-38.480121829370326
1883,-31.92729577588803,-34.889381366458764,-48.178418245038095,-36.244738680867165,-55.86858499268966,-45.29386077669231,-25.393361475043974,-2.5099344720372034,-7.016421907317199,-1.8206601977628771,-69.72231159500554,-21.48639282707897,-23.759626064452963,-5.446112027535425
1884,-4.571122322011545,-9.04678063659925,-22.78207490472275,1.2362447697777386,-42.00656254956171,-20.131238243331676,-10.354375355144251,8.971183439506488,0.8145431169080837,-4.184071237810644,-40.00162911781193,-15.650200775552472,2.613943816769898,-5.394527076743248
1885,19.094002779279045,26.780472832087078,-2.1442491443284553,7.45964488398992,-10.195406076095084,-2.129855375090024,20.212187979798934,38.331689144977545,7.535576452188233,-5.490746040325796,0.40612912579074534,9.848441327491821,7.989214139241156,5.632815384309226
1886,42.21497580450626,44.90682322376172,-12.88575936181968,-10.363092387176025,7.265101205372151,1.0302783646107936,31.476369479054792,35.87780984987236,-10.255800848982016,-4.5233900010679475,16.97405303340905,32.37533729763178,6.964624711168319,5.998081395140968
1887,71.18686695657198,75.91218767132803,8.73557548406273,8.095060899045185,22.458682041157164,21.520762378029854,46.36964189434692,38.15209091213262,0.9535688403009491,1.8570826670158862,44.39511720080428,54.08247199354381,5.235339524555101,2.5832085353627066
1888,103.87192391112445,107.38596494220639,23.296348875415486,27.127767684942437,30.063478481109783,41.608422676347566,44.43716268491833,62.95517566010018,1.7632424522125056,16.346210376593906,63.741779568179496,71.20441015790409,6.476473932571071,18.390390260949008
1889,74.84988368659931,82.484967815099,8.449843489429703,22.289497544114543,21.915665270802464,34.94429952235125,16.212488133917212,33.21986122291942,6.572941936686083,7.373423357591348,50.76521870857547,60.521599838190646,16.30565460221456,27.419313977440144
1890,79.42936588825822,78.17550943644764,4.3526443752742034,15.456098458952212,11.419824944466589,31.989275027377314,-4.627383847163918,21.582900658045613,18.5876368690007,20.082721894597768,50.24245125010658,34.710976021640725,12.547104046138827,21.942370403813822
1891,70.79468165787881,74.5428222633414,-12.920995197112822,-0.7074087460242255,1.229766668004715,33.20495886828514,-9.713967905671835,20.225264238893324,17.053848538547378,21.753005420930734,30.11295004149286,16.04473305443177,-4.308062338281643,17.114188285656763
1892,41.7813941868782,44.98399474499265,-10.114588015531156,-2.352397717433153,12.165099605069118,21.3745251807181,-16.70337715436408,7.102683887811475,2.265123130566898,16.298539775455353,17.492130551019866,-11.69340435275854,0.7502074418297823,26.788712726807333
1893,14.696026286044214,8.99936433186938,-21.13281040683553,-18.2169069095533,11.368476972660448,14.597717722233616,-18.64621260965244,-3.146253358628784,8.904446425846665,14.212307814642699,4.489413063564841,-26.284630292652842,2.067655994406302,26.477707188533874
1894,17.612523200533648,8.884885163566532,-26.14386860757484,-21.012909211879574,13.837493171910952,5.025672814550256,-22.724772056197175,-23.04854374758572,0.7869309340981004,15.700000485618418,-0.6350776081376237,-24.52113171349454,2.3383674683110383,14.693040310299564
1895,-6.996580742833383,-7.771835149522803,-25.976673141946332,-37.86304423141768,3.000613011754516,1.4748935355902597,-41.450964046808565,-27.03076730812709,-0.631633762456192,6.303845037793888,-29.232598048670532,-22.528081699049796,-3.3891619785650486,23.425594204593075
1896,-23.725963132592735,-27.03196203831417,-41.332096453203725,-47.3606094547818,-8.285786453621007,-11.20921381833794,-51.2873768283837,-50.266636666022244,10.836149362051671,14.325424395105596,-30.138830934375065,-23.950984804152732,17.160734188837854,38.64237479663269
1897,-20.1173310199291,-27.144201430582086,-29.779631313238824,-42.71800221651164,-18.004914203639625,-16.572362945056945,-40.275143169771034,-41.11212490206939,10.278195391106825,7.96695896166362,-10.301804002502546,-30.79997558973041,27.374022017391262,45.49096460011586
1898,-2.061192670568871,9.19754795545597,-0.440388047998266,-20.84158374339479,-10.602325510869058,-16.897548692594004,-33.0952997900079,-49.69886790651816,5.1814465913004275,5.363107108943272,7.564354091683454,-23.50252191394634,45.6704380533458,40.64488856220918
1899,6.753030397070166,11.882157806903871,5.020209910619784,-7.427745988790677,1.054388964279966,-2.5561356052034596,-10.813754334465992,-19.732582453415553,16.40167323986783,2.1522967514486133,42.172932709361,-5.987848310964314,61.20081128712419,49.74086062439065
1900,11.975911090305921,22.47141283659415,11.440567338177113,6.530051873344219,7.381525894115292,5.851663142261235,-3.5440729929195265,-28.17609729604401,2.683119854891887,4.569443977135094,49.932091426880575,3.2134924658890958,82.36648545279482,53.94472370484552
1901,16.75190081375545,21.9458571308261,7.513460756904434,23.027856108892255,17.93560902857521,17.1634633246056,-8.472171807468964,-10.780303177560008,26.375567119814338,-4.124641729340322,42.63568947882599,-5.465942039679709,96.9635143863108,47.565765042073195
1902,16.607669002455065,22.945063390872374,18.0824006556584,33.668700651819,37.427318807971346,37.30161561416863,0.7032989019275419,-1.4682924083888058,13.038593549765087,-6.432782756937344,52.74165672930749,10.131935013486329,85.51910083961988,24.79493622291167
1903,-2.164499873096045,5.247764072460992,13.79134070666477,29.96693366292915,25.592583918501436,43.5764366019194,-4.517203139297776,-5.600170438469492,24.013319463921675,-1.3872472186169185,28.51044964855132,-3.3791268081843455,80.63913853690389,19.212795562170832
1904,-18.077746050798545,-10.237905971489045,12.607396975652847,36.217848051820255,35.026969741789515,45.32240112961997,-26.014945838769002,-10.838821850359317,25.152464706907935,3.4346861051358393,20.881530255823435,4.170241948554182,72.33098313641787,39.449352669323744
1905,-41.13215373267956,-31.297956637664548,2.7760969021655075,14.352926466257921,23.231506803340046,30.8530861805945,-19.74872764906934,-19.06228457413645,5.065561828317966,-1.3414530201599184,-4.323388873947534,-8.895311156710067,45.89697058699794,23.76272462937775
1906,12.075830418451623,7.117446986401411,27.282863421092078,45.08962896657319,40.91303067253753,63.948739890022374,6.053298164315355,4.747170651725953,18.92537703381703,17.852290851018644,17.77572586023546,33.181492316265526,53.99365411145858,41.71760191470275
1907,-32.738949570317736,-24.932985077323053,31.669155344228884,27.571944030953226,9.587367703486246,30.97812971079971,-6.024788882739017,2.6807853791024545,6.324749211010796,10.749707392760222,2.1211362053667955,3.6756084709153733,44.94333750913337,19.647306263939637
1908,-4.688857068734595,-5.955417586832039,44.63342598594094,55.328151530665174,15.961745718382524,22.40701120921774,33.49800891123202,37.02985404158831,-5.948395711375461,-5.739555317888391,6.965228605791926,5.299204249129237,-17.22078699786731,-23.578566986228225
1909,-3.30254492999088,2.252858227665075,68.85108007845814,70.15843480280805,19.715288971727702,18.931956208238663,50.85237870997594,56.210084761254265,-14.449213358089048,-12.417727033727738,-0.9682309482734786,-9.37603727903572,-18.12637641335149,-32.77865634106131
1910,0.9491997066548483,-2.3343799875794238,77.88363200790941,74.82655348657794,16.96488813589071,18.91038154375533,59.646572234571295,78.95088022512354,-3.0635046844301015,-4.410786939109254,4.425565503959197,-3.06022955559063,-24.519437540701368,-28.51624120141298
1911,-11.404932415127115,-6.710161485533156,49.700837727246814,49.097064390368544,-0.3887841353161463,-10.22364867260272,36.277180978954874,37.29081712410631,-7.593080227335151,-7.977812244532032,-7.324178347597873,-8.014730319286562,-24.727573954255945,-28.690719275240966
1912,-14.262924548033409,-12.407337756599865,14.015553150845482,20.33969256912308,-6.379436772470327,-19.207240119434744,29.718918555556787,19.315263818280464,-11.402133920065042,-8.38616354856057,-14.024256939831524,-18.519987450533257,-29.624410599841504,-27.262167535619458
1913,-20.223611498102855,-20.165396182048198,-5.714957598234406,-2.465936760461066,-1.856353346302504,-21.419966810443544,19.307157690267484,4.7682989923956045,-11.758760905235341,-5.338883677599704,-15.84200216040161,-20.624679079763567,-32.820625564975174,-34.960573355099285
1914,-17.58941619499747,-18.296135180376016,5.173115173022129,9.963137066569699,4.317625008588245,-26.60032022560397,26.737103933780627,14.555908871798522,-7.017319323411852,-5.612396747391901,-19.071338804485507,-32.90581283946205,-40.60037677775806,-38.090276147992775
1915,-3.0328955909346673,-16.04012271852377,27.081810975524068,17.9303249150362,16.303591673546084,-14.984087862017434,42.69280305261056,20.34801746691772,-7.00376978548276,-5.425147428200884,-28.293877961234458,-23.01172873069934,-32.993086067514504,-39.49245269809339
1916,18.842688096485073,5.120408415148049,37.45199216061395,39.3661540190074,33.49392931304135,5.7492790142062935,65.41368352257493,51.76707503032718,-8.598494592435861,-7.999499761856966,-16.81078361475205,-3.8556579586864737,-31.521539887612924,-35.98109186797643
1917,7.564580121276663,-1.959672226024352,44.39532204924932,46.55928325913812,54.38405640879694,15.706923637663118,74.5789035301954,76.47423580910962,-0.6314912579897195,-3.986943391740729,7.055011259095078,8.990941431523034,-25.094821648013358,-32.768925206925104
1918,18.93293466494599,11.880467396601428,40.92217989259355,42.72874251527786,55.397706389411496,14.274993901503352,87.1964921196824,69.89888414927056,0.501148929859089,-2.8174561328767114,52.78748933142212,7.504950754724804,-10.836381219310173,-39.97389563043125
1919,22.39122815502177,6.197683235584951,32.10095367470816,20.972855334246482,46.44536670008566,23.46135331830298,67.76343859569704,49.75310783112874,-9.300404735649979,-10.917695974498146,52.096327187654914,21.818318390754236,-17.211642555351617,-32.92873743070675
1920,26.831045014460358,29.93061934788262,11.618807199651647,19.39754441230542,41.70576989380141,15.778393462991962,50.291440704596106,25.831538865349625,-4.2983595535859225,7.662718267905634,62.043135312521926,29.116232146185098,-12.466591311754255,-23.62367273098473
1921,19.23383160933691,11.021002281513198,8.950046063222821,13.697906367370951,20.430226385539193,1.0908292603393555,28.868607038880118,16.289100308336693,-4.721676175725154,-7.5198444723472555,28.110279487044252,12.167269877357278,-37.45772689015261,-37.83465100330784
1922,9.64710223578525,5.143887407527835,7.567339017399124,5.162994037340116,-6.928521717451817,-6.775531321412741,-1.3262812508259405,12.237454365403671,-14.849834768722758,-3.264829482735472,1.0423558157379083,-6.267928171672728,-37.04521783993051,-34.12604979272017
1923,2.713978548058525,-10.412689735563523,-14.043134879163006,-17.004593584036655,-19.36350817810186,-11.378231235195813,-8.381139994170976,9.032149721695808,-12.984070692102458,-4.847079456559548,-33.372720506392525,-8.064125147975124,-48.82414251785179,-44.91078756126729
1924,-32.66352885881261,-41.44395961625831,-21.547101954622722,-21.4239789154363,-37.548247293574946,-32.024917655035004,-18.026411452688073,-6.124571174258939,-5.812080804622943,0.5909265764498624,-80.08305315429686,-37.615163507291726,-49.91944904287084,-46.8154860558758
1925,-41.08062833195999,-48.90607428094176,-17.337451258506405,-32.68103058530867,-51.66803206062688,-47.03541146775775,-23.96231543823185,-19.5322449861523,-11.804512649623534,-6.702996255925424,-95.28777573354012,-57.844240271493874,-55.993323634446384,-50.94279194660886
1926,-34.77321558627645,-36.73116405834806,-18.42660672546027,-19.258020954019592,-40.172049528022214,-29.357924834128095,-14.227397722233306,9.659101523383168,-12.153264543734801,-7.18317380863747,-70.31608800297569,-50.386021597462616,-55.576859468024594,-53.2171745306209
1927,-21.43981436574423,-23.82790959686824,-11.761847773155651,-16.400900624452845,-37.53440129860305,-23.65779173118401,-0.6956808701941248,22.179800581377265,-19.84538136239403,-6.017190718886231,-60.677415040714784,-41.23275584089478,-43.95638279034632,-30.593688771447784
1928,0.703073094130009,-2.088617645023458,7.521684543091013,-4.05462839235471,-23.26521085855721,-20.218166116480095,14.773173888219166,37.374021628483966,-19.994908216782235,-1.9400618930781037,-41.33592911283516,-27.110371206973323,-49.11115591447957,-20.46185552445844
1929,12.437538740231581,24.410579308164902,6.800841843095339,7.371833822971636,-15.054950164572595,0.5180532606355206,25.64701027682969,46.254359973206796,-10.933951566534398,4.02406449410155,-1.5190801427174083,6.7922649861591715,-18.680383042624154,10.008890822939351
1930,52.93137146285986,51.442894308689795,14.018174748947397,12.94418676238163,1.760166470360453,17.26505982415191,33.240283756938524,50.6010385827025,-8.180777852609122,5.495715362412734,64.08460520347535,49.20174861886578,12.118082870072454,41.98085984604843
1931,24.377472274910932,33.42266373711437,-0.6899435875079231,22.350636040096028,-0.4506687318679119,-3.0609119731695764,10.18239663414165,25.822394295321242,2.369248789237458,3.978481782624609,57.91984634106593,56.74171200510609,12.83129098631636,40.1347020969742
1932,2.4808382541753673,0.23746174056323566,-3.6849178928214794,8.669201864420714,-12.909128752032194,-12.724792631227933,-20.70152692208162,-6.088944889281886,14.744531191060346,5.815123119661989,47.09514282968303,31.622857178678366,21.377923540737854,29.244489937596178
1933,-4.955939374827914,-16.02529016658403,-14.69336553734879,-10.673585859159129,-18.896802220088823,-18.69206873918031,-27.915606290310077,-25.598884903030893,8.52658539699649,3.9949160410390525,24.898999115355856,11.122076237919616,10.738140766820806,7.52573935976291
1934,-29.322104645755005,-33.65997943348589,-23.833477637124208,-12.809798853545036,-23.684795338653508,-19.755342920302763,-26.211098792684115,-24.197594322052574,0.6726614633924003,0.6340882150876253,19.907432255807446,17.556899438109536,-6.139545749604154,11.775064317512863
1935,-24.428767309824256,-25.997840307352416,-25.48509437896247,-8.824277324305303,-37.488550635056626,-21.74943208875891,-40.67515144910568,-26.835006460403328,3.068817808442192,-8.941251316434437,-5.4381113690737,14.161785331653189,-4.3593529523868,13.079746415576066
1936,-33.95436264371946,-33.17408485011476,-30.328948041515176,-29.53116599726619,-35.86232637979327,-34.62845821705223,-55.07957773876423,-38.74891841479156,-11.527723317600698,-8.322682358382682,-5.159178542679669,6.502362166728938,-11.94201579385097,-9.708427471533616
1937,-35.39241745806716,-28.34610056035131,-19.565641778395616,-20.38148795041007,-30.167650668663647,-36.29030372901535,-34.25908609509327,-41.44349441873462,0.9109145336471478,-6.793440782605709,14.173641277762368,5.422851159338293,-4.6462496950152286,-0.15041070278233207
1938,-44.03376783546771,-46.119446453823535,-32.222771276019394,-41.70984836987064,-37.13428235885397,-39.74010397178163,-44.998982018847286,-51.942500239470675,-7.57600570192471,0.42383220817848555,-2.4725615675349477,3.3183460140950936,-5.304517906166519,-2.127879636852143
1939,-41.08283800187673,-37.95165236971107,-26.55067054917144,-32.1756261729924,-42.24284196620177,-31.595134477390804,-45.090791662007476,-57.71733019545967,-10.393171476936985,0.11451143682339268,-10.005133726944827,5.465655971587426,3.364266241003457,12.102858112627787
1940,-41.54713328792094,-50.841535579771445,-23.66486977671237,-26.62177148349496,-39.80894342398723,-33.26410412809391,-24.904459051613646,-38.10317040915045,6.5980023660582034,4.410774495745303,-18.947270563409965,-4.254983714760292,1.3265012765524333,0.09870991681679554
1941,-38.37776544922443,-56.403466869242784,-28.50027236850624,-31.68424171769395,-14.038234101473469,-27.090127643727406,-7.782198275597421,-25.513511167607263,16.661165638305455,3.4493488645689827,7.985987701528054,-5.035987339505327,15.516256308386712,7.0129885859344485
1942,-48.29020131364509,-42.989733243787,-32.39462381706323,-30.614343312185945,-13.5488050630909,-34.84998644160281,-2.6747855517231014,-23.800494674594212,3.9760422710560817,3.1108072113022405,5.605409017432536,2.694885578169486,14.257333220966073,14.827419427970375
1943,-19.85319564976047,-25.740280874418527,-7.482964263361605,-10.491032814022754,8.394388643851514,-17.082050847802474,11.716159500256888,-22.91048822891073,19.125066691217658,12.466594902423843,30.826754712119975,-7.51988136129959,29.53941207875203,14.566230519926801
1944,7.637269411577391,4.2766132860034025,-5.642292567623637,-1.5204556851094466,32.05600894846824,9.126007518975305,42.67383145088572,11.281438512786105,5.81794409600957,11.127700598974922,51.73893749106473,-13.79222939327152,29.109955260126807,-2.488341012511352
1945,10.184738731683556,12.935152825201348,-1.3353287675983703,2.5550461344144084,39.1440871977121,9.494800411590962,53.23485089202882,22.672334001737248,7.269507467212264,0.20527167501082083,55.25757803104126,-0.006610047168757818,19.750159487846894,-5.093908267946648
1946,36.207157758622806,30.29667279162799,23.647841870281535,35.852991944739145,36.63366402083731,14.25494150687925,48.099139624649816,22.822533837678066,8.351542460659152,12.271269673390453,63.472392879309425,7.68084028661563,30.343518566875634,7.644553201044975
1947,33.83443895813061,30.953834545057205,28.59736718439918,51.38543234248988,32.74140759168188,17.922468063457618,43.15462707231164,42.801238236467995,7.0567771392419365,10.466450648817727,54.43808712855032,17.18136117718939,15.318886679808381,10.219882242809494
1948,38.51828725237885,32.06965275003321,25.48462431723286,28.933289893782646,22.717596600497732,3.34424761096382,27.806725326406482,33.68623626871757,-1.7607814340082266,7.797300091411349,57.65343870060198,11.525787327163988,24.06291120975497,16.285102035467535
1949,21.482105191634105,16.768255520125432,3.9167827758436213,10.977699803966814,8.093467312626291,-5.609260768250558,15.398783033537471,21.560962650739913,4.860931032297371,5.011569499328447,9.120829122418879,0.7325786218742975,2.1632069409941597,8.511066359963772
1950,21.772472864915002,25.38955600802933,19.17725919461154,18.493877492554063,-4.827179898087829,-3.2437196723773574,1.5311615623756467,19.607192411385814,0.8278613247158585,-7.588826534772265,-17.47122664922227,-10.853182565030819,-1.168876766384345,-0.7619885650228344
1951,29.12998837065665,39.903539679738046,19.21343726261867,29.388928461870027,-9.204292248339046,0.40559037949238963,13.091264895510522,25.72242258893915,0.09603033800983536,-9.454583085984527,-20.99064140638173,-9.908406206708463,0.4723675051847301,-4.145829527526155
1952,30.802426898529568,30.717303467733817,23.072064342665684,26.301203687264966,-8.535373121514525,-6.720142112811216,17.226651681252076,21.176567347393508,-0.3791142442904321,10.807273287678823,-15.727394423383375,-11.12583633201055,3.0136114839922215,-7.021603016727884
1953,33.22396834504562,25.056594551632312,18.739575127671817,22.987836426824405,-4.183174732900595,-1.6130486058078237,24.95353880309815,29.60947217457428,-2.1847306968284794,-1.43168358069006,-1.1999582288904254,-4.895776261173067,5.6137444916789425,1.6667368634844009
1954,41.55116177147813,42.76496169732968,3.7199447017375604,28.64012212326675,5.469911560786372,7.244135414872225,29.83848370095429,37.233692882402764,0.09325982900682413,-1.4314453040456956,17.76033600427794,-0.42686836329394356,-13.617508072633102,-8.172899313877538
1955,18.3489884112728,9.786035390402732,-6.46296359802864,-12.716166765164932,-4.200933865647112,-6.939405895576165,3.3317649570455723,18.817787508617528,2.544591876973314,1.2119956687927136,-5.202341948021754,0.30973571996665644,-12.205829828395387,-9.59729945158311
1956,2.62061235090403,-7.3520690799450525,-11.218278148182756,-15.283356893403148,-15.533655940157555,-6.143539532008162,-6.6934220042531205,7.674983179622063,3.9360666618270024,10.737883809277701,-5.686141882672258,9.869565022160312,5.351667080029302,21.827815637657036
1957,11.936796395743528,3.4604328399194877,-8.820777694473103,-12.916589341687157,-13.109704168524514,-4.562469790124092,-9.918512578396045,1.7701766468564588,4.340032529895965,8.22942834642214,3.06732733780028,35.93667459189978,13.184842013314247,42.30012890445991
1958,-18.949448927944932,-22.36514445008015,-20.414255509567518,-20.83740023602025,-26.06030208742179,-8.899195941775119,-37.60077707683483,-13.980410624146245,7.0721930950980125,13.721904053117026,-17.103711905608062,3.8572766417930526,31.12587561402925,36.06076068963736
1959,-19.932114647776018,-31.666636515053792,-37.98023410372831,-15.368989855878704,-28.34381532064658,-11.390273624645115,-50.7236645709125,-18.016608041114374,14.865890478816242,7.815848381095069,-22.694132500101222,-2.7224906902930384,18.925534264663455,31.065017069953367
1960,-38.86441592418989,-46.133212275714406,-48.16238685842189,-44.816278034275285,-38.12482994819667,-18.04746540510461,-62.91423847529006,-52.453486428269,6.820845747806505,2.495824749706862,-69.90312433324712,-24.48943918846487,17.29819235328426,20.827538790785983
1961,-32.45431757532614,-26.84966135575275,-28.071445155298196,-29.945182749591073,-37.67647449538125,-19.086792960642587,-56.859703688509036,-40.36264357217244,11.580276482843699,-0.4244927528085274,-64.89879570693293,-16.151500521308872,20.726646141270393,23.576128193263003
1962,-27.495759170652722,-30.199016601372364,-20.154599598081038,-28.88168304457606,-26.333997091090605,-18.967748343992913,-53.627306308265645,-45.16583042688332,21.378064780514887,5.250340432128143,-76.90437924095986,-35.81760837065852,32.68535228913872,25.8076101680257
1963,-36.45757919341767,-42.449053309390784,-21.7305240371392,-27.512471359958834,-28.32696323270883,-19.394979412803927,-52.52523859858905,-39.51608861140495,8.469069477706261,3.8813005257932263,-67.40711912666079,-27.761521745646466,15.769908954516971,20.653527870121604
1964,-33.37661735167909,-41.92316602203278,-25.36909492499137,-41.70691802119784,-31.564471105920155,-23.889404688238237,-61.63931973032891,-42.646567342312046,4.341207076566587,2.6650393544549598,-63.249897056957415,-22.155243629196175,32.1403200514502,35.85108562168303
1965,-35.33139060031805,-46.94725293969938,-21.842187261505213,-34.08551488995209,-34.98771776440813,-28.20500014334909,-74.21165527580716,-57.54825587999301,16.96028607076187,7.352521929866647,-53.21951975740376,-17.10173635210477,23.282355020316874,25.726627565107602
1966,-11.328023612475553,-19.55035361927284,-10.392217089283161,-16.61442086442469,-27.291279386788382,-15.481215809005075,-65.97894318582173,-58.484397190748005,25.954944372261924,1.8161813228507553,-52.171587050419596,-6.771248298519971,26.320824541969877,19.214329792625396
1967,-20.008258170881792,-33.20363935761396,-6.77141439537444,-0.5801763066294692,-17.741395213662184,-10.952498943391928,-61.42155015486742,-50.0899944484174,8.038508377815301,-3.9914037733976584,-52.064655780652934,-21.15929390987962,6.458615205494652,11.162248439109847
1968,-24.346282237000416,-21.40489065453624,8.775450062352268,2.8451387811658013,-16.42584492420103,3.9331642823059836,-62.86953884670016,-45.33359750089079,8.078825131582155,5.513791463810486,-44.03327246452202,-17.32834450029297,7.522164933438489,9.846477629703132
1969,-23.15289532807907,-27.219003080202583,21.430882550838977,13.552549584312725,-8.638510736576896,5.002886559887139,-56.06221681675522,-48.15531448394244,5.946500975615158,-10.236662248823398,-44.77815530603839,-7.294587829155519,-9.360430762652841,8.361056137152122
1970,-21.19283251573029,-8.014013283013142,38.90786680571032,20.794509590567454,3.1263208597001735,27.56307764920336,-59.49265836227318,-39.32226156198978,7.09071471099864,4.653039528170715,-30.351165965117374,-7.1312513600290295,-3.8098021676348477,5.1250724728938595
1971,-9.19593867039562,6.122037341947968,28.019181795253544,28.28419588958396,11.616565944165846,29.720572399560613,-33.94875957103888,-24.67616212202726,0.6388250655343187,1.099078781236525,-8.468869572889048,-15.400486363188318,-3.553482741901747,-3.3842056786537285
1972,-5.090320595639708,8.721334218471624,29.124426609753332,32.92917068557079,29.28130207574937,42.70454317262057,-2.9616132672516913,1.1500010549344375,3.0578171809896784,-2.053850353797799,18.685159100098566,-0.7108057106860622,-3.5036472311784106,-14.793645527906301
1973,15.288400109505618,29.487367042002305,31.330673114697934,28.928169226417673,41.755356702120984,50.70864419628902,12.798915865752264,15.341711558268452,-1.208273419899834,-0.8503851422064684,21.498547808840176,12.003902558764594,-20.435134614962244,-29.439200716829863
1974,31.43905888951928,36.693507620161526,23.938436942093983,33.95949087761185,43.85292289319777,43.94011653564268,27.644212336364937,40.94402956339741,-8.634023055268658,-4.841010899109936,34.30569546888585,6.993881592764249,-34.08991197094722,-39.58483346175284
1975,46.516255714865956,49.684694408590794,21.01770674557509,23.55574672750189,45.400191079718624,41.78611807190187,46.595647630400144,49.5278895547428,-4.266052691273189,-0.012939321378903301,37.53981323546624,15.075173199212356,-37.6185253917159,-40.935795296713536
1976,23.297910636827346,34.987782064530286,12.502534995950002,10.57190992302636,19.453004218425768,9.314342003024956,36.987753753106986,27.27634543726311,-19.477957965558947,-8.772180721451656,24.651432377094764,20.360962205117143,-39.15614506505176,-32.78570067442423
1977,28.66527582656416,27.6362260958804,12.695467710563769,4.482415321743151,14.185351119954136,12.421737044242112,31.881096059220614,22.590966498275243,-10.353101518400015,-8.363585800994104,34.67616704005813,36.15642323982235,-25.089081332594166,-20.60986615795176
1978,17.389138945555906,23.568165305680214,5.747387268829802,-1.7837774115535365,27.354534002273194,26.65508814206293,35.11991740401341,26.173983099148746,-1.98437850484638,-2.864314919826603,57.94326138447678,57.20798430703561,-11.446329410861052,3.2749142557047803
1979,-4.490238422669151,3.0784679479560175,-22.642337807678775,-23.052597467793152,14.323157807565693,13.646663595575706,14.967390178608236,9.116981211578501,-13.717131389040318,-1.7789947860375104,20.005443909006598,39.93371666201424,-32.07536646559902,-14.179177228273964
1980,-4.366397573707126,13.719091384717718,-17.443087852992107,-22.71282108423004,13.855707811109578,8.738534238881384,12.0470811593373,2.901494338900193,-11.424461138031445,-0.26033408876252073,13.40334237637742,12.096973542968682,-46.176713162629916,-48.46773848521403
1981,-11.664715113116364,-7.183172042735894,-13.511419956388222,-23.22549108374908,11.13632842546617,5.887836373212849,5.878634188920323,-7.987557481874013,-10.715670673435868,-11.74678274160892,7.890893156708916,7.776224026215867,-34.29400302130377,-36.868983613252844
1982,-21.73574936696458,-22.20712150487036,-29.6645044776301,-30.650911157811468,-8.872834148517247,0.33463727640564805,-17.334889655471528,-22.86574808852458,-5.002500162357966,-12.62349272275478,-25.749956994530244,-0.5484294185509471,-47.14445153576582,-48.33603058136084
1983,-27.059435570629486,-25.153495546660334,-18.53129833252826,-17.454539600635236,-12.835039512625944,-9.618849860070055,-26.92824684993951,-32.40783272777002,-19.67358561364465,-8.570415325246417,-18.23817895750479,-5.936117113065471,-40.301385043222226,-44.03060357139075
1984,-27.771465860646614,-25.672671547771863,-10.19855961478514,0.8067662792294539,-2.1929821317461777,8.016092570845197,-13.14362424682641,-27.562574731333264,-7.976695794412905,-9.680625500549525,-2.0449927286671645,10.303389493143413,-20.933497859378942,-31.263759129650815
1985,-13.545085259269435,-13.720461177056858,-16.98759481988151,-10.79802943222847,1.4716396613290392,12.647520837404874,-18.152820334459935,-27.409321220207936,-9.100707955552402,-4.415692017430899,-2.6554234186205807,33.30691540915737,-23.724222940617516,-18.778630524884132
1986,17.205607915233745,23.993340989877982,9.549434730228485,17.376523150853398,22.821143757748214,33.055109589284925,2.183390230450361,-2.01821640166578,-5.921304479884962,-9.956112577668453,11.616383088438798,41.249538527902914,-7.917869624269614,-6.92838069446164
1987,39.90271712265022,41.790036547583604,19.42367762827066,29.587859423383396,41.09801133804508,43.28705040534923,26.6886317677789,27.942265855632648,9.925650501699915,2.0724411128509868,26.287620778427378,58.54352369739578,-2.5314087175361917,6.503398943826591
1988,38.21866868384297,43.61014731962074,11.624692076038817,19.044112453893298,39.48745172599752,47.202088218163915,46.311135511281286,62.27704168276161,-1.1609386930222942,-6.5433542080525795,38.00890568248352,78.0855891147043,-6.943930193119309,17.57551543194536
1989,50.78888468073605,54.630440802214174,40.912405231283195,52.47884556372538,45.48839755577983,53.24217643741703,68.24135577839206,88.74716065048929,-3.2539417361929828,2.0811323038357354,53.435135856638794,76.99090633249257,-9.10238173838614,17.05168597407022
1990,49.79197596043158,56.6812538864454,46.13704018628875,60.47789367084141,48.22466573437923,56.362598242382276,80.02993243585061,109.69542695922306,2.168636557647005,11.023400523941147,58.52615218212628,72.39579558923587,-12.834789164127526,22.062421211920352
1991,49.639800010928695,44.54808678649745,47.819464351488215,63.0125038629288,52.29375440852519,52.22277109173977,85.24805048596606,114.37316073538827,1.483718364893394,8.14822733234686,71.95890917239748,84.21399228634773,8.070259200677857,35.45271950829422
1992,34.35523829921794,38.81585792254898,46.20071463923949,41.77069393147053,27.530420579350107,28.956021556931745,52.64077741505658,57.14935189258607,6.594682894064197,6.340607369477229,56.27361006198395,52.39959618626786,-4.836102523178196,4.536730372057352
1993,34.60767618598041,32.66400608341966,66.22873221515188,56.78994021630205,20.4777105440433,18.975876343557836,54.61428363550583,63.74119644295208,-0.4768505130091727,-18.479081218271297,40.91189359436035,23.905868993327754,-8.704877620906016,-6.816956170743777
1994,23.571067654117734,24.102273440165234,76.90519230230872,81.73727305246646,14.97248658830862,26.707437872811955,48.72999102148615,62.2176926176076,-3.2485659181537607,-11.17281504019732,23.697917319635255,3.937823632787513,15.731671382971136,-6.7464998039833945
1995,-2.2804529705470147,-1.8669971852226603,46.35226256570971,57.164704592971184,2.2520667843192026,8.595285349856399,38.330005554634056,39.93454948453483,0.49517003955875144,-6.942845852968333,17.81822340172545,-14.436085280575574,32.49349555500799,-12.89736892776274
1996,-7.961035580340071,0.4100041631004103,19.156994229409314,25.046029127155467,-10.955028359701384,-9.815178439533167,29.202671161947332,17.241604904733283,-6.040050717314725,-11.04085874648219,29.179321134285036,-28.079923351950512,31.153328797605617,-12.747592933385773
1997,-11.454232681782862,-9.264908650992899,-25.841636074723585,-13.359003753802241,-10.839460558455345,-18.913470512121034,3.3064076952613632,-7.521308262699269,0.424185169474236,-11.660869063206302,17.274385410064102,-35.5061032737984,18.286038462559763,-14.207821711993432
1998,-15.512038821691565,-5.7059109996223425,-54.96368195865637,-35.208448462707516,-12.060223753564093,-19.050005112301623,-22.61803549761965,-24.83687239530726,6.137039590093761,-9.492179535149214,10.892338459131253,-40.74637988012419,16.573960795941982,-27.127870503675375
1999,-34.788619284114475,-31.890808133126573,-59.19539760542577,-65.04492519120909,-23.27020088115656,-33.754494429820674,-44.51052890367275,-50.82045271866739,-1.8717037089218553,0.37112766083586646,-21.086451594167723,-70.45408087189828,-16.869783583275122,-46.318791911368365
2000,-25.42591580008801,-22.054970771974105,-51.232875291984755,-57.38390332992998,-30.90367788252344,-31.767247524764493,-53.38916400918494,-61.99394465151791,-20.126431526130524,-8.638738682765197,-41.53876947025993,-69.95849777411156,-26.748885977839095,-36.676819847012425
2001,-16.767486253283696,-14.621241185581708,-43.472108544342206,-45.64927675359018,-26.16540888610692,-14.736499277748607,-49.10292314675984,-50.755311682480155,-16.63284886966039,-4.387420138185171,-47.4032955446126,-51.921106332610734,-15.59428845493428,-3.9561441312279313
2002,1.9183337211323481,7.8460574001626595,-31.152246445458946,-36.985038757610845,-22.59552099362906,-2.470857181579516,-43.292428986076025,-31.06647552808041,-9.53327730272855,1.6780700742387151,-32.36167716429831,-42.444050837834,-2.111500711978713,14.432237644456393
2003,15.13173371250057,15.245890998796623,-23.005364854649276,-22.862081573657985,-12.189894483240511,9.120063325999707,-25.99563139679082,-22.12697401272154,-1.0424945298388943,-3.6687158453367803,-20.501625210863125,-31.84565135588936,23.906682784800356,35.00952193109527
2004,47.48577298759706,47.16448365346784,-1.1498450477856759,-7.591364401040105,10.034430504063412,22.298818334731617,-10.651648767034711,-7.253666742594554,3.731395163269969,5.345796119706636,32.225062388636516,2.9859689258371294,58.35134574723754,56.91748096971942
2005,44.658422363566665,36.721842340931005,10.97618717434509,0.5866531652286788,25.608643342367863,25.702669535332017,-1.3212670197729899,6.539328663489757,1.163371340437297,-1.0798993118545694,52.06924086880972,37.41224151164599,69.85473271914147,70.14803125602943
2006,38.098429133887926,40.562617903950496,-8.074207702947337,5.255264337903899,30.63827891072907,39.68078183900774,-10.912958298357216,-8.912263398980716,12.48712716668499,-1.9043787493370656,56.11043514805641,46.205510412996404,81.75522893168748,77.81166648517367
2007,19.9758737528558,18.754065554819885,-18.22022618120941,-31.39547993588981,23.12491629013166,21.86618911723372,-19.39244627295067,-34.40943591067935,3.4469412237210997,11.47650880522621,54.46377509226312,36.75041083232766,72.85104143807416,65.90233016799115
2008,-0.577407350444151,-3.559128337183165,-31.871905473984906,-45.78034466077754,14.43778848142715,3.483053599860277,-33.09989287697903,-57.91634266912191,-3.3335670028137514,-1.8936905083764968,36.28961147703422,27.122864728462194,60.29254551324934,48.301073785781504
2009,-18.110979907843827,-18.61500118857335,-31.894596546949902,-39.211292680990795,13.113343882045594,1.1993247807813192,-38.195404935895944,-53.64027752624143,2.018450056753546,-6.3777118858614115,23.99105792032315,9.519831202555991,45.154419535007676,48.90810889290183
2010,-32.2198928314065,-33.93813100395039,-35.44330774083665,-63.38880525736736,-11.887783082203178,-11.806185624478752,-50.0675313987236,-65.45238828858761,-17.638934579675354,-11.32027547358303,5.030369606021041,-12.228352136278597,36.4407761459725,28.931691708455855
2011,-7.0664362815119475,-11.456647590645622,-19.67062643494241,-25.131708591672982,19.193454457371878,5.346262616234303,-24.93222051600884,-44.775364843477966,0.23226109434669576,-1.1527481537134294,34.81188026209395,4.26888502164195,58.07837187238508,34.24920323285457
2012,-4.131149895004194,6.620947533409022,9.439302415582718,-8.391450897049433,12.45452065538104,3.4168690406527737,-2.3713040980617373,-18.88081288633329,3.4153765211590166,1.6243297256749711,19.867496394353964,-5.559464678172945,47.70326705587929,28.023945839193697
2013,9.537654477512268,4.986750972375324,13.731349539422647,11.255728059810346,16.510189329739163,-2.0070076031465414,-12.753373161273524,-22.546423336094993,3.2126555458855606,-1.4242146395797697,10.422432129638386,-4.325518394868556,39.88683888183451,29.91200660294127
2014,-5.986755530289526,-6.313808984690546,6.544590875118648,1.4906286936434525,5.746386503831824,-6.025021030497935,-10.911633489200787,-26.023655142605584,-0.513751286245609,-0.952763439125803,-22.126896206362936,-12.24566427718152,33.59114418300068,15.64412447042376
2015,-29.883417956835192,-29.447287914695686,-8.015798381703798,-11.448405731210531,-3.5586152283832293,-20.733189772567453,-34.89857477098497,-61.23500537796359,7.285332616230758,-8.282950165505117,-7.338010516877157,-38.58164249256404,32.797911673883576,4.4008103783386865
2016,-19.36826619727523,-17.637361351750112,-9.409435659967366,-22.923315048034542,-3.7256038312772946,-25.464993227739047,-45.98926344052569,-54.65150440970716,-1.8504148588434914,-0.831369436240116,6.765481353572993,-44.841724070117415,30.19202209119968,-8.346745475849055
2017,-19.547430888280058,-23.428574488733357,-30.026739451547332,-29.420653333639205,-13.175795975019604,-32.013968962762746,-55.761664699422006,-66.05407390134364,-3.275478751480676,-18.548862172932594,-0.8438743519061749,-47.99150189300161,26.522020421845774,-16.38209324130178
2018,-24.40521187749224,-30.59591386363612,-46.55880936907093,-53.26886054061947,-10.757325926777607,-32.43218040913437,-50.97718691988655,-71.66547711618088,-5.621856779924403,-14.909935737555672,2.014790107523389,-41.46310217014406,26.459090918434892,-6.518857822255271
2019,-32.614559437197954,-28.958761061817825,-39.71088363606408,-49.81286085542449,-13.732314953618353,-32.42474360971708,-59.56140444648377,-73.6367939862083,8.723070301319694,-23.57429728370457,6.895021193119328,-57.61440454225211,38.23259512444641,-18.636643355178368
2020,-6.635920062709265,-16.377046988195623,-24.932745494754432,-36.22415579504353,-10.726569195672244,-26.86785561155039,-29.75219226278038,-52.67807519504744,9.198014855867683,-10.07057019235793,25.506414172508148,-50.31897784803312,45.03474541960877,-3.638889739065345
2021,2.8926745682254404,-6.77875193340829,-13.633622559591608,-17.98843995950947,2.0385753056394864,-4.199852243191372,-10.541329391494497,-36.79792502266679,10.540060781324707,-9.235445556398677,27.88194522494633,-26.64714808351224,63.39386246376974,26.449922815907577
2022,9.982978788176055,-0.0248876367000479,0.8840412668417068,-3.298445659966053,11.206642963226063,-10.184979960612534,-9.180774609977039,-16.253939121963903,6.281752882828546,-11.746477777457006,22.643961360939528,-9.158819190314798,67.2320401277003,38.49227898510555
2023,13.52846403270862,4.3998157800136655,0.012763058781491901,-19.445923818870806,-3.947700471799438,-25.57419774239935,-14.639985706976892,-32.357440209377536,5.729827810175931,-18.65302923336425,27.264636517621547,-2.360969154425474,70.53565473767566,39.76254692272951
2024,-0.8703968972011784,-4.256516827567061,13.533108312064693,-8.517562236738183,1.3191440058883481,-10.144235723510716,-25.408056311650416,-48.74568961127436,17.04621353300406,-7.105952765265522,20.71785162675488,-6.988893348863126,80.70572433587674,38.156483468379356
2025,3.728011617242626,9.942734622176868,18.219653911151582,11.26979285720321,11.848545816256184,-3.0579141096400733,-4.624942703483903,-22.914823660178072,20.924208760896015,-7.290314023301315,44.691554386549264,7.737210646286802,75.05876873264268,42.57534828902503
2026,15.66596351468996,17.0461686449794,32.46431476681834,8.146660416173606,20.91769318395571,2.6676283082517704,0.01805713467638524,-21.624533747390306,27.195867662943574,-5.254282452299212,64.56612708712682,21.52615108959703,67.18589147131927,35.62665586585411
2027,-0.2710844334162823,-0.6482914343760848,5.31319409133163,-9.267714704195317,4.378459741709642,-9.51626637146055,-10.177123811042478,-20.561709721406878,24.603148893547637,-3.9803154257717206,47.66962019155061,18.704527153602402,53.23721913710678,22.146667082553723
2028,-8.234782402672712,-13.600737827257182,-4.32714448980051,-18.482432541824124,0.8604955938986691,-8.8021283309854,-19.92051865023343,-38.86826920452506,26.64763811109584,0.019715775034349292,29.415299478597905,7.7341294545438615,48.00485023547772,10.580034721842155
2029,-3.9899761696209453,-10.4574447893893,-11.986624026307275,-21.35154058993583,-6.162088220541985,-15.877166249372696,-13.668721490137486,-34.51335596529485,10.982034455704921,-2.1558055225591115,8.898409938314536,-8.03935198479371,10.376960896264581,-15.831542450228428
2030,-16.732260849814057,-16.75893562966759,-32.32112765646988,-28.204080072519044,-20.79560766178944,-16.110412288948428,-27.825053378471733,-31.426842574717007,-3.137220158462357,-9.648305759389407,-11.380422095383038,-7.945895564631872,-15.03471489119147,-12.71053919449465
2031,-8.883986479388916,2.3570414334621224,-17.369075141336527,-15.174474662007977,-21.563387195700095,-15.067256932799229,-22.81141834317313,-25.725081737513868,2.467526765148596,4.816063812316192,0.1605842338145287,6.284155881614761,-14.660751873511064,-9.382757902450575
2032,-20.264053685451486,-11.293944976445848,-5.123572925137066,-11.984678280198793,-33.04377623394632,-18.337404085965034,-34.290939497675666,-42.381869847275,0.37366749781085823,-9.406063176298531,-21.574987711356307,-12.639642660594959,5.2481249468061115,2.9612381640023773
2033,5.67486533614165,9.307748510270374,6.944701618051892,6.485175475034731,-20.97466287660041,-9.725954024978057,-15.654274857661589,-23.936856405832206,6.434655644254442,0.0074963255688549335,-17.058113631600833,18.54160240510738,15.597267797622875,33.25463874215507
2034,7.341030973380163,13.3743529268921,20.32185017861661,17.76979213734205,-8.730261126278965,3.9130670477359604,-4.714258413492509,2.1160378236810122,-0.39526488305877555,10.415883946439765,-6.220542501864008,21.51910838379285,23.078169961312497,36.99724358781328
2035,3.627330036652784,12.315764467050071,15.6004002873081,22.145460693719752,-8.181049173307041,10.836507781855591,-5.165356156915081,12.040717521859587,-5.194452630980174,-2.0761626389883427,-16.120123744467456,26.947082846767316,16.59993278167432,44.96681349576204
2036,-8.632411467778606,1.0197800666408217,7.078492407781265,5.175519052855412,-9.850845266034248,-4.214396089670407,-9.890447204588108,-3.589127698428279,3.164266895807231,-2.7546779317469494,-35.3730247935552,-3.0579811610217096,11.972106432072875,29.398274321142004
2037,-20.367595127671354,-7.267701628101789,3.1186799455886534,-3.597964930749839,-23.003247719300514,-1.767281062851922,-14.211195924975371,-10.429488061889476,-12.146124769989122,-0.405854019787664,-35.647660887968954,1.60772457724684,2.727146682485359,23.411076514743606
2038,-12.495262869092608,2.967057810399486,-6.263080186216345,-1.3606759255580076,-13.854847032039197,4.649050625483214,-13.390308424016519,-8.524046485637973,-9.005459301190356,11.255185471519873,-30.66689482125002,12.820403625909345,5.8967556851774425,18.60007681563876
2039,-5.380444716677139,12.25380402755971,3.557716066841488,3.3990619310269525,-0.0588483192484347,17.405801456057226,-4.7903681959578295,-8.639456860941596,2.3740588058255248,-4.833401242245476,-15.399615447485925,6.731690318242483,-9.747814240363997,0.20371986105363762
2040,2.367116539148317,24.298324495353995,5.300738000425032,1.39912445518521,-4.917180705749662,14.752040732946426,4.5198003077423365,23.453264430179214,-21.42159619943284,-2.737662936162806,-19.67692744141566,11.81737250688844,-46.451203111678666,-22.528632123356463
2041,13.615700920709095,31.955190461666337,5.6217858495916815,7.420916934435821,-21.15676384253272,14.246402685897545,11.756410425447141,30.236687191716396,-9.90742884846471,2.181435116695881,-22.106095165255148,12.152921632334325,-54.54001752933289,-20.632322038170134
2042,43.000570507465994,55.107806183733175,-4.030401422926997,6.012965128109213,-24.13337156214367,17.2850997378613,9.657444618082538,42.134542566044445,-9.035651763458697,-1.131287100254035,-17.70698640285895,26.475418271693343,-42.334789749072215,-15.26592522429278
2043,13.888727568477375,28.942154181147032,-4.909191189217522,8.80978755049036,-19.99901901316909,7.301012160455085,1.5869822152151147,31.349659766307802,-2.3776706244435806,1.0183547567970712,-17.89474772818533,16.331864420332234,-27.382929725363947,-18.83693726088454
2044,13.926203925080094,22.918846002052902,3.1256586693857695,19.10474717200868,-18.844556001200665,-0.7582491730758996,15.02108579459952,36.62610937206729,-0.9717169678441205,4.588419331716623,7.39941440842938,26.74416810514747,-15.350994939552765,-1.4614517902848652
2045,16.50928826650468,26.645248343874464,-19.298346526204963,18.356022668197113,-16.35069278203637,3.114444800540956,21.9331845456319,40.8387387037417,-3.307434790988785,15.321857135418586,14.21521657151564,40.43429967156674,-16.27599969954699,0.28914598180025375
2046,28.242938558986168,35.46748904973159,-9.987927179035871,14.317877156218021,-13.325782630858793,2.0753783445470217,13.1724345269806,30.818423215156123,4.745014775712234,7.409621878262982,1.7101754219546885,23.10239850757733,-34.73305817875155,-16.869929844147087
2047,21.841332691851168,17.520366064742483,-7.2052829195512444,-13.775091095051327,-20.278809431736992,-5.534454435268707,20.182556683152722,29.721034846852795,-23.249387058362554,-6.2544758200308,-44.309474110901014,-3.7225280990669347,-71.9000683443788,-39.63494696438074
2048,8.950959821835584,10.723139950342844,-14.20728127576089,1.3324004437032722,-24.82974942006333,-16.41899656807933,11.737805864354801,25.227488112708794,-29.08524850504999,-1.4624415316024033,-58.92579903849527,-9.903608459852812,-82.32210975352064,-32.659382111578196
2049,-3.674327722981953,-10.194563531087734,-12.925844117497803,-12.151074758639494,-34.74276013059646,-27.229872737273617,-4.765741657998606,-2.2859624857326444,-19.11731294453686,2.1964071714097986,-52.84794444586429,-17.77575252160448,-60.100257471039875,-33.851183709704074
2050,-16.412356184429004,-27.798223209854708,-9.106747181893335,-16.256757096065723,-37.960563991101,-39.05025544964503,-16.22336627947678,-25.390730418695586,-16.91203091053089,4.501197228689779,-45.64514135014962,-22.66288171470846,-46.44077609139917,-21.93749924557607
2051,-25.188483513503797,-21.96186003934246,-21.65756471278694,-13.371945713298109,-44.032869840587374,-34.63602804504499,-20.94061391524114,-19.69076205199122,-15.211878758368947,4.507424644214521,-49.73242135073693,-27.145187212346396,-38.60302383440731,-13.788538895322885
2052,-33.29239404385938,-30.43285877704098,3.9420399568725837,9.929059740690104,-50.375637776900476,-47.2441631532111,-44.568250765823116,-42.53749755661063,-3.399638548425441,-6.832572454023056,-52.65504851525145,-58.87346829945446,-24.888253440283798,-15.28592308260422
2053,-18.614709989656077,-20.372971051231666,1.5094935941984566,27.030598369548002,-50.948838049376135,-37.647788307520095,-43.92324099320337,-31.37600500409433,5.20317511393475,-2.477675993631033,-48.750838154663704,-58.20659899588593,-14.0460852329288,-10.450690922156328
2054,0.48648961732154145,-0.47296429740305546,20.54411998054891,12.980935556599151,-26.95192434618083,-21.22736989592325,-15.656470083368829,-8.576743248340374,17.753313913162557,2.5941007032711285,-20.62141691408116,-30.422255484603525,14.051792986181255,21.1818448062611
2055,16.158500642906436,14.78122263125343,13.696140160353387,17.25272050712489,3.229438472152184,1.3766869943969267,0.3552602664901041,3.522769570574847,15.824423411257095,12.240001502210575,14.897478078881841,11.955670387816376,41.24402007657618,32.93655372736966
2056,18.767873558512093,14.717454543791215,4.111488733055088,2.613131394913991,27.8136918813941,11.915937545507855,8.51464496909678,3.3845591198767346,30.65758558070665,12.064690706908934,49.621485629873675,31.593901613240025,55.00295498211203,37.050494227953614
2057,9.024622474252451,7.206394160126648,-2.172979711351987,-16.88895418584885,52.355774216682164,32.435128417910164,15.670666001159418,0.5130808706922849,23.143062393076296,6.521469956092329,72.75088915750095,43.022299832484606,52.74556101662121,27.581634893331728
2058,2.7782197935939,-3.7666171084924667,-16.56202048653247,-12.195229227013368,59.73203622729401,36.986104630596905,20.665962079061366,4.401535662988747,16.033755844265837,12.630172875228146,81.2173990029813,55.94186122253691,28.65853267550354,8.05453740142075
2059,-0.3645709634423813,-2.6657732174028475,-5.32914545748103,2.9795534743250167,55.839530164657155,36.37161209129315,9.3896455910015,0.013501392784020894,11.021468517941514,11.131990485040559,55.01029717907131,19.832722463689056,3.293941465011197,-22.230920188242393
2060,5.3891133694093,-1.4364344173278822,-4.633527040925373,-1.4995522184253356,37.187681039844755,20.929693740779044,3.7683628490063117,-16.656882380533713,8.44767044410573,-0.890367618200006,29.238897684251537,-3.6464414620244634,-5.962149515348758,-30.897893764312446
2061,15.898696110257244,12.352767572809285,6.069005563256664,1.123235890912194,30.501950489926255,21.11489182439942,11.857117669390936,-10.846476158535038,22.672116831205074,0.27046378842998897,19.851317053961,-7.202853109892595,15.81916675320055,-2.3600059149629846
2062,34.82484249118554,23.451325709363797,11.817340777940188,16.164753135469347,42.57010778525601,32.976996231529675,26.273013646344804,14.56063509588794,23.645732056656374,7.249999515740117,42.98347864867035,23.748585777771638,46.491754030287616,34.636794994612075
2063,34.98769420664664,25.344831269598398,15.261320234434052,15.200147522693364,42.80757408782348,33.333890624461276,20.479210828530093,3.8230236454961,33.166731394912695,21.80979894015101,56.23508328669096,25.793952472126907,75.0231420323938,43.925958269436336
2064,40.09809954197749,29.26043897617008,-0.9184967146215411,2.188048882636794,52.19064625253093,41.971476583532244,20.278727100773864,15.06653594361417,22.787575134816382,11.910424831520148,91.10692781205921,46.85928325643757,70.43920774982934,59.18782745008575
2065,9.566866276078315,10.758981880679379,-25.788492941004762,-18.707168856352897,43.341769462710374,44.09437967799465,0.5028319578293841,-2.5029241963077093,29.19690081041381,10.080634846507362,77.93109074723897,43.58730322383621,70.77455865685836,63.295246021960516
2066,8.328653407919013,15.410784992074923,-14.59728561263101,-25.824581106160316,46.95249510024708,50.22221410593068,13.607154519924801,-3.385268116451931,26.563598793999887,15.481895758767696,78.29972978755066,44.380681134466954,62.28436092957869,51.349525822043056
2067,-7.819012166148094,-7.325603191861191,-22.200965618369434,-31.979250216436956,25.644094439563343,30.399961301730094,-14.294602681876546,-5.6352884977410795,28.264183085430762,6.362996914176527,24.80799373196873,28.99856527139321,36.98080149249112,29.076382472745095
2068,-27.858249453602824,-18.794197718411056,-38.93860256941499,-40.20206047774948,6.854972224983904,17.638353261016203,-20.342451756466687,-23.110862807437208,8.226216573752275,12.736829339115102,11.190653234507229,2.8640772797057275,28.43915906846285,24.12762578823234
2069,3.2326989526997534,1.1274702478924294,-32.952772202459066,-33.79729567667203,2.8665318819207233,19.375039148421802,-11.467281804732737,-9.595830448201642,9.871466142167568,16.219002231929075,8.288416919780223,17.627820428993328,25.21322328915685,27.144793950356494
2070,-17.71913443893085,-14.700222965736167,-27.017273117625905,-34.12713622955044,-3.6468304384783683,21.59587896886967,-26.771197208524477,-7.759767120576821,8.00356249104513,16.912636167241654,-1.6189553814439863,1.6061410754009495,20.9390387368595,19.608382040909778
2071,-18.784132479599048,-7.530667680720782,-23.758651080291397,-28.319480497197194,-3.1276347781879674,24.733437900452607,-26.696383318602923,-6.276211418807212,11.022936435378412,10.181321348788076,-8.750965630244515,-1.4873931904524302,3.60708903757538,9.540279379023644
2072,-3.175904177153832,-3.0601774141432645,-30.714374802207256,-21.31088896508473,4.499939103337978,22.532785103760574,-14.68664659016743,-15.020949781761436,0.9430126128939266,5.130792660272299,-23.033637454297192,0.6348122702842289,9.74051633874387,18.613428728275696
2073,-27.854318223995644,-19.22123926480461,-26.958523721884106,-33.72591633154947,-0.15502750067694604,13.308454397347914,-32.81167199458703,-25.336418137503113,9.270861965543682,-0.19242208494581492,-43.19138805262202,-11.357333593511346,-0.8478113185128863,8.694947133937104
2074,-40.998298786971084,-42.10277502496501,-33.105484801574754,-42.16195273424382,-18.205487561844077,-19.632307777821186,-54.53402719532878,-52.30114099890994,6.5730231664150365,-5.598193428600385,-71.88815368314492,-46.950017503431255,-7.625400979566177,1.8268197873189687
2075,-45.58939638588039,-43.734504980279226,-26.23399641060188,-38.1603531081538,-31.172944040061513,-30.525627909879,-52.06361365775917,-49.47964296923525,-1.4916921282871556,-8.983497474119954,-87.28732416798555,-45.46461756115666,-25.143795722672827,-7.232603039907758
2076,-5.516109956259934,-16.33367875966443,6.169355419174292,-5.159392157682,-8.486229728833296,-1.380703932126629,-26.610628537806008,-21.103396788669748,3.958742264070027,9.214837361232117,-43.31640536869388,-19.531596259529177,10.20647778804846,23.318322253815907
2077,-49.613665072788294,-54.61834062156369,0.6115717867860772,-13.97724299231551,-40.78413082783942,-40.80171934295479,-56.08621517422033,-48.551089801463604,0.41137506486931635,-5.587746720728239,-59.79470399128572,-75.83377967662624,-8.140314158503283,-6.168243206539622
2078,-28.6090407577356,-27.822500205638494,46.80867975688371,19.785701865111786,-19.13052048322589,-28.99174570394845,-1.150352903623951,-3.4946329073284077,-15.443151303217627,-11.848868476200039,-35.77439297427469,-57.206192124474875,11.87303518965825,-2.69874976327791
2079,-1.768723330056024,-2.498245744095264,66.81781430769702,56.42860739702181,-10.615678531912238,-2.333952862181367,32.6835858304778,44.97784979588842,-3.9269621035826034,-3.3700951547548748,-29.46537787732172,-25.18179093806986,21.90532318030304,11.51986973514026
2080,18.705766581040773,15.93921426348868,63.02729201474562,62.21627224399485,-16.468486309080657,-4.5740818578149245,58.56603863632646,65.52803114175995,-2.989319248097227,8.151684201239958,-26.220530802144843,-15.719524721638253,1.065092952127247,-2.28456111849945
2081,42.165563917765695,42.53401783117127,59.29362388078934,66.89972533612666,-12.856815887811202,2.8982836762939255,63.55270703908487,80.52503725689192,-11.244717225033185,-0.282396203492258,-17.066513725587996,6.59556964266364,-0.8341380378141872,0.4072377268369287
2082,44.255383380615484,37.282963504961565,25.30845266951864,42.86593911549843,-13.935990898666457,0.5589284810357985,47.41032545900474,52.207584622445225,-0.5888664710489598,-4.049983693744467,-16.1179016108279,13.88717117816092,-5.48312306094556,5.815393275113958
2083,40.8556745974644,35.13336340846648,3.496228546405669,19.401350358610568,-19.92079940936868,-14.3635489025005,34.57505096069364,39.13529788847885,-5.890712007153862,4.553985797927334,-4.474989409030288,20.34113988662637,-16.45849606815869,-2.874973657256511
2084,7.683848217946937,23.243547160591184,-21.656871975233006,-13.631699533585568,-33.15354152183839,-27.294325446010692,0.3358684701440802,2.163424340698499,0.08435965280156665,1.710298241025559,-13.349042938188715,19.450755003511702,-11.705330645317206,1.0368649584848226
2085,5.6924593937593055,13.530649619917302,-20.115439003935595,-11.691790509942466,-25.843531913434177,-14.9666862724382,-13.273613904938903,-3.071861124518044,4.664244733411862,3.6585557954154555,-7.169007467473781,23.473770932687657,-5.9621798848367735,5.259076998780139
2086,10.779958180870713,13.504531954811295,-31.517693888019817,-32.09171097623412,-32.56926833692219,-22.47964249073078,-21.837347932673474,-24.358756918782145,-0.8895958949662924,6.225778697937328,6.520360144396965,18.150014441176285,-3.740714260842787,-1.421249092051978
2087,2.5868400799194786,9.702215090560863,-31.044796518430022,-24.20432123528579,-33.362596623872825,-24.54191849541367,-17.72366997676466,-20.751625096732187,-2.3390367497629216,9.385782942764829,-8.731116470429265,1.2901117496181564,-15.519888663205412,-7.866755451617803
2088,40.414597965214995,44.90586989603218,-12.70243299045353,-12.72364830329404,-11.305155708201575,-1.7625115210250293,4.115767093619371,10.533817510045523,15.855590839419241,2.491978442207584,25.814246514378052,28.960869234364957,-1.683070760734598,10.431848952796507
2089,39.82690782634498,41.60875168170969,-4.3790521259117705,-1.5550215221260704,-2.276958087218005,10.20208208210659,-4.190926149438151,0.993569161679385,20.744714151874643,13.499684449704265,52.50314926395661,43.33220034446661,12.238169519998182,11.905714115008555
2090,40.661537352137515,50.24791769856377,4.031150174102266,7.194632001495706,6.760141414315873,17.562843183603093,12.546093650951907,15.100957016157697,13.04598490637303,7.990480642052333,52.2865092661023,56.102035057143276,13.80994332059813,20.475661489477012
2091,10.968066248392416,13.429747798722126,-13.21277014085573,-11.321310432872195,-3.3171507488011223,8.968321792255198,0.4602216829519476,5.205830158817898,13.058286175991228,9.964185260842369,31.267893553893316,53.425905079040454,12.639582209305884,20.405154528369486
2092,-2.030669317005471,1.2556400297322967,-18.59700380352127,-9.071155577091494,-4.8444611151326065,10.54425056001302,-7.090104938351838,-7.435886836201877,9.509296606122248,-1.1306893935956162,23.06438891302884,46.58378711700736,2.4816979713991025,1.7061904891643442
2093,-17.512285890936603,-6.921436438330259,-19.985767034561164,-24.635041303410063,1.4861113938365544,2.263860466975978,-21.455708174976433,-21.330511616342967,2.9785417903433675,1.6436734047331627,12.863035368249395,22.24535805530603,-19.800281796297902,-17.019850146033754
2094,-30.503306671778173,-21.954488027618986,-23.74178675170627,-25.527771754627523,-18.57882856077754,-11.519771262263257,-20.548724209933944,-26.877346631519146,-6.215743476373244,-4.667560858267768,-34.57403864038157,-6.072988802997412,-60.34318840037742,-53.575312295509406
2095,-20.65798140179449,-3.9303995904581006,-0.7951141625451505,-18.198423374232622,-11.923426287838023,-0.08880601185570924,-5.332123139887435,-12.955078645304244,-16.01494949408999,-16.799885256930803,-43.65675179411619,-11.717980789933023,-77.64126030321933,-61.908045820143386
2096,-16.484426132534082,-7.465344629598441,10.688859701995064,-10.584112371191372,2.950051963750905,5.774605686885711,4.27980785798556,-9.381131027524592,-30.215180506125005,-13.790437028442591,-38.15188131462936,-30.214028838735356,-72.85713952274696,-62.03840637311243
2097,-26.623936768917904,-21.882203865137104,5.315839771041081,-12.030956620781783,-4.033193643098242,-10.003270005551036,-9.58405703044286,-21.7797976457423,-19.688101799755145,-3.165989183800665,-39.48310829288796,-19.820866322962118,-62.522028508526304,-53.85850007833768
2098,-4.6277293344568875,5.743506414509486,35.72525178630338,17.99615082280469,9.074422757728318,21.872537443973126,11.802195041492556,11.48465415416579,-16.087322474282992,-2.5390712837841627,10.364201581560732,27.798431613758535,-32.001745704034334,-11.993209566073373
2099,-3.599981490763282,2.6342087179746905,12.510296633856996,21.514074981834266,-7.047282385540455,5.946915939887396,2.0967034221815104,12.96124397081665,-13.258649645089932,4.161585000024826,3.031800274476156,19.106507345258457,-19.37343629573183,-1.9691555733308983
2100,3.636709284686467,6.846085145495223,9.45593609506113,14.481578367259033,-17.465674549085318,-4.975747063349908,-4.314449740984911,4.531265064012942,-18.44649426080173,-11.048747354370184,8.448778331212877,11.434758459918047,-7.2111791050864475,-2.962167948460819
2101,-3.3140431427717427,-0.03287281918055496,-2.101476550346912,9.585208119299077,-10.812857960268886,-9.19072933231322,3.733264308202391,9.434181635141558,-8.971016957518815,1.764715068912809,12.535509931662379,-0.8741865172128447,-5.810184079216658,-7.3941998543917045
2102,-11.868053654323758,3.5085286805370752,2.1341044411996823,-4.241189063417988,0.7750962696433991,-2.8989937237255394,27.9293739435266,17.472928552244007,-18.115744980687868,-14.414622736711156,-1.849030154845015,-6.757518310202047,-27.861992835814927,-29.58999361575088
2103,16.6677646422349,14.807009106492771,12.32593345998523,17.202724735021597,3.9949765620629956,0.13006782626940705,32.886402593947686,32.13422350776013,-24.645664339766252,-10.054744741987426,-23.919581098833646,-22.409754310975494,-30.008867520882987,-36.11995706704906
2104,34.91956026587732,33.42193666788916,20.01059309832837,28.741920405796,22.673470699524245,8.837075581238734,64.90231192573779,59.771857931894395,-17.973742114639208,-9.543709263844883,-16.92750534534598,-16.277792485050075,-40.08615458505052,-33.47753618249109
2105,36.16036748395472,27.79394987701781,39.36256108400699,39.68723976961512,39.953395303227765,27.980209232066006,88.63389923516651,86.11406226802617,-14.453165082301465,-4.694232818324955,3.843977726187516,9.270428442478895,-34.66482545123212,-20.997844148127683
2106,45.8744481158503,36.32202852367661,26.83517954608571,48.03376592207456,47.848423197723164,33.07425845039018,82.62476404868262,86.57164683694052,-4.855619418759834,3.8367590491589922,30.967245800494894,22.297924783614853,-20.383374064495516,-9.740367377808438
2107,30.60375615049853,15.489260507707925,24.931731606106055,36.8231950637011,51.16334890452146,26.289101042867962,66.96684791299255,79.08562260240504,3.989265906062458,-0.9609759401871414,25.617886624773035,21.5939883580608,-6.373433904383943,-4.936526222236289
2108,3.801385177520158,-4.760094181686972,11.436169743352307,19.554932923334185,29.482080713236023,6.261255573622249,50.040827034647066,43.874771620414876,5.379815553455249,3.4244342814779825,16.514457319572458,12.881853733415848,4.041181089437515,4.4816291380205975
2109,-11.176497000316774,-25.370372094630596,-4.221093560081531,10.06482262756027,13.63663351353664,1.0724000221096353,22.818006628373443,21.00709296658289,7.507474123484463,14.757403866436384,16.7291108857024,17.210813761245536,9.767201476537192,11.173217217449793
2110,-29.33557329791011,-39.33267118155218,-24.359808874102683,-12.29832299200855,-5.6239636862638624,-14.228818712117748,8.394007182743731,7.72699407104926,10.295529352861864,4.012259928627436,-17.52972770886041,1.840061023854044,3.008458114036297,10.79205032011139
2111,-34.12361215525657,-50.15611197060235,-28.32181925653171,-28.497767999182614,-11.94796289102114,-17.464834947613234,4.21817667042179,-3.9735083055168907,8.080550758349174,15.278553405085477,-33.31625317990231,-19.07488031142495,-0.30876018441661784,0.1748231702810437
2112,-20.485078376903985,-29.97768658042481,-22.465461847040164,-22.222262967161196,-10.293166747869968,-20.949917247904693,6.797278190596231,-4.421957308139922,1.3830137950130859,2.788863342857246,-35.69193241178902,-29.13648381313793,-12.138156834637565,-5.363920115911548
2113,-17.88465560080663,-21.171301923274836,-20.47227624627877,-17.203078317112418,-8.076759870848697,-26.301365445045516,-2.0548958808745605,-14.546126049843092,5.974641932710082,12.770740753322226,-63.812812574608465,-39.12097095245515,-9.58506144800096,-6.674099075311284
2114,-18.802801251256735,-22.267088131004108,-18.675889520275785,-27.216098014442196,-14.68189104530131,-40.00535036429432,-3.1405262883295477,-15.878200692336197,9.685037822297765,4.271251950786259,-65.19251635583824,-50.34355376677868,-8.92470498789567,-10.24185811598357
2115,-31.651332383344236,-31.769389743889906,-21.30399654449722,-25.53902774505773,-11.642973689205412,-35.78155645017897,-11.047494111789941,-32.050511399933214,-12.56522725518163,2.200555045092277,-45.84168846073153,-60.67464066714538,-12.029818324137217,-18.16592804024617
2116,-20.852191278832446,-23.900319202210206,-6.823880593529263,-14.580124960630393,-10.230063093344276,-29.83810461853877,-22.152814286884357,-32.44772616997743,-10.494518091716955,6.050331545325525,-45.280975729309425,-64.63251223328997,-5.198077932045999,-10.182323892231144
2117,3.6537778343227902,-0.7592554677298082,5.900646657198036,-1.781742162699722,-7.825346256698346,-22.378611675813026,-15.786198210607532,-18.30059164215512,-4.730863479456937,-1.6762424712039046,-10.97779549590754,-57.955121659211194,2.2279691855465327,-3.897435615311953
2118,11.76353148029898,17.715007897962902,-5.955557468438342,-22.616804729451555,-11.810292798878475,-23.44262439242682,-19.550042640928723,-11.249453541249455,-11.598333251710967,6.054067084259113,13.456757587265646,-28.20890067390512,18.617792901441625,20.683634928173202
2119,14.828488153051353,12.433540661441423,-11.39063042802681,-15.255172546619928,-3.935254984357752,-5.88353624510968,-20.818167736200017,-29.52221993123813,10.05777681800163,3.3800262255040163,40.884593664892066,-3.309807798952629,36.50579673545225,33.536562396534215
2120,24.15113683362117,21.858600218202085,-7.93835534459605,-4.528155665680573,8.837034373210805,-3.5763814739209723,-5.478609259891806,-16.26017755631215,10.184666234148926,6.9422231252240945,69.57579325186356,26.39687782723625,47.119002380856095,44.493100786533724
2121,26.41261554324012,22.99777345229065,-1.389773790897997,-7.444950416090894,-3.210721996510079,-5.518317153183228,-14.608918373004784,-19.897787398469852,19.40796804258801,13.417200633777218,84.66994465212665,42.52470923305373,51.349735992653606,44.37825070233778
2122,27.518292901958286,26.126537668211316,1.3639273063218031,-3.0354919890283334,-1.8701332878546626,-0.06889280007490707,14.736049582482298,0.40574747539458544,4.889152381312541,8.159339995197827,67.21527496687284,46.432026031949896,31.60333577482925,28.40708115706616
2123,32.80201323865112,26.359742446752076,7.208018127059687,13.106885870128314,4.6690557968997,-1.6527467094099717,6.882607080025915,4.5237473180062056,1.6752321574221452,1.0088881525829638,56.54948119789199,28.193481640205942,12.264042570952787,1.3683229285125407
2124,43.31815389398009,40.005361668671895,7.338999461276887,6.569535946762274,8.657594162657826,8.95124651827017,18.57898345938634,26.431168205126358,-6.149694197559498,9.887359449099211,20.45962876470357,17.17797206888052,-14.411288781434203,-11.108441134157363
2125,40.98447088106654,30.313608033782245,12.019010171626455,10.13046976901727,11.212780320293628,9.255265439965626,32.137957968565786,39.11387591369483,-12.362813576592957,-8.033080385484958,13.103548207343682,20.052865687420514,-29.14134191804263,-10.518405382184296
2126,43.015227742661594,30.196729356492167,36.63217451210644,43.755596713140385,20.675191417518167,16.460838169648632,36.866807356652224,40.72856496922742,-3.384353927061646,-3.2379105089663227,1.948515709414019,17.624140398363426,-10.879390684609781,-4.982605929100726
2127,52.78120243555582,49.175470779464945,70.42734983214983,79.70749027478892,44.22687182251295,47.90943196810546,83.1558489485059,82.15721122358929,-21.122485133410546,6.866348833602626,-1.502662023925787,38.33135894653779,-27.586528463047458,-16.963061630392858
2128,60.588569418491375,61.93785785043904,67.22802037905485,67.05527817613809,26.62635983566188,18.198511033698743,68.49971887314402,78.46238707435764,-12.796550843113826,-8.996337690356896,-15.866123248051164,4.052749567549366,-24.240859361739556,-27.004700697551286
2129,81.43083579333125,72.50703892577073,77.0135881392541,89.75766876540158,25.806723293625474,29.93179157929764,69.56988369720433,70.80040239770645,-8.429588407338647,-7.483835777502062,-8.919080741913985,-4.861935283580156,-17.281271511356774,-26.52172671582796
2130,43.79727162448911,43.309801871074534,80.18720197023937,91.0705706994619,17.66784280623799,27.28044932643042,55.1571924666007,78.58723901676316,-0.13828196921417182,-0.5058310121218752,-38.328928193209606,-36.755391042512215,-7.25804966725355,-27.30740657216461
2131,5.393232628563186,-4.7855416691294295,66.85556806942004,70.32355120937147,0.6883800147494001,9.325158519731488,28.384141475705487,46.55054295685344,-0.7315894940826126,0.742129525356999,-27.571414138897552,-54.919583122506715,-17.80693228501517,-31.69960530132624
2132,-3.4147252860357726,-7.392854571056109,64.65148942762436,63.2930795618756,31.946242839114618,27.070449509529585,47.54670977344223,57.707209534333515,0.009104462102924371,12.64894477307968,17.724001962665994,-15.875279386499066,10.477417548060158,-1.2812626629419352
2133,-20.850332399142346,-18.21666952813453,49.94824728889724,56.37082196794892,34.955266296785446,24.444273282142323,38.95858222867877,55.175562050123425,13.179498519143946,0.8811658354688122,7.8540813850965785,-4.469845874241723,9.280115138224192,-2.5204043921384502
2134,-44.82757976665343,-43.82762582869215,10.348626829872762,18.13663365969769,21.92766305171535,12.385968471081545,2.9474138611921163,17.024118541432795,7.046719086260193,-3.228814568434313,-28.71187292063903,-25.075297804895015,-8.70265952815797,-22.70276552930392
2135,-59.83122207351065,-54.65165653932975,-7.819237737196876,-14.056048506318673,10.503261055887862,-15.867048001675256,-10.778185625942411,-12.444072876517305,-21.677936363906667,-18.724080701573413,-53.37507961865806,-49.88945173623714,-51.757937585048474,-44.81621224145582
2136,-58.37933336158949,-60.72662764406428,-42.14969349293671,-39.56049031210419,-14.28610835597069,-20.874715727093065,-35.98206719961903,-19.21584231392823,-24.08515436667363,-17.64181731658155,-72.00690295421252,-52.20357838588035,-56.77887026778813,-37.5082623088218
2137,-43.9136180352587,-49.745951966869875,-23.37547836973091,-32.10915028885199,-20.912042445105413,-30.561095146249595,-30.428428622134025,-27.041440003335435,-16.99125240822531,-18.192098212720744,-62.177517480001924,-46.377253725139695,-60.70408002656754,-45.161273563125064
2138,-15.427487060576125,-17.26538135389351,-9.62023703674483,-16.087977781737763,-23.04826408082981,-18.774066626032614,-9.535966339323567,2.9351243169426073,-24.265850813783057,-10.69238404413326,-60.337466538580316,-37.922139006471475,-63.14530064079562,-36.48987538374531
2139,14.6588499559949,15.784118280952342,-7.17768041762331,-6.721593907662166,-26.645199211544032,-9.924440871971012,7.23325783697475,23.608771843721435,-16.696271239386633,-4.713763323617102,-38.652880484009486,-14.42552478096895,-41.37406889314257,-16.129118923558885
2140,68.12415416688222,59.7802312038394,0.8970404591151206,6.0334803093992395,-3.6440685071656436,7.940606657162304,30.327335990198655,45.05555647911162,-18.26743104402085,10.181391455008963,6.7906241736599355,24.446900407869926,-25.740991454659593,11.781227654832533
2141,67.89207627135967,60.32740745025189,8.562970085309518,25.3588900256877,4.150160584777742,13.574743056213018,30.258446307428308,55.90232231834,0.9905076003004404,16.370850758342158,22.68466905866699,38.77010937863142,-15.633402791107482,23.210998123785263
2142,60.74601147767443,69.20950790525002,20.09186279296468,38.478494409172676,20.19327960828602,21.4165052268178,38.11498736491341,57.28684497919122,-17.69241863363182,1.7300392137356624,26.81200632636228,52.52260488229427,-18.185937760712015,17.66147734938859
2143,52.31371761952458,57.09413463672337,19.95201903484033,28.110125791156115,35.79426819329382,24.022019615147695,37.10398556064013,46.35768291832042,-10.484527313926334,13.569957103591598,40.26547150903404,49.7972956488046,-7.398195126639,13.015602854856075
2144,54.02804675093377,54.10597128945163,0.7024945283741184,19.079607362182422,41.635389257174175,30.414169711010004,39.522448960689715,28.513055587314533,-10.866551270110714,-0.6704399739175275,47.33329267819424,35.798989530260684,-16.12706244462516,-16.19887551540431
2145,8.28332687563376,16.620862168386793,-4.618633218462647,-3.1766910368063037,29.31130287824581,6.043973781330927,11.99895589525669,-3.5163847581817222,-0.06474074847101423,-0.6636557930423732,2.1551281841359184,4.791819671291989,-19.64413748430888,-29.372639783082764
2146,-8.485075992570946,-3.3951649964361894,-21.894678547651967,-21.197322193271596,-2.084037131754757,-4.672745505811332,-13.915465344235473,-23.234736006808483,-3.943703892726821,-4.571329816387866,-24.943018575666784,-16.120397413496033,-24.393766878964016,-36.867158965088386
2147,-31.299882204052786,-24.63383417230491,-23.732483454569703,-23.01677394361068,-21.16261199480719,-21.326043241653743,-21.970044036768773,-30.587148342621457,-0.7329395837647369,3.2300880762029474,-39.24135225088058,-44.43291230421086,-36.703258252145496,-47.215771430909165
2148,-22.254220059446393,-31.667155818835862,-12.90285995444349,-23.00041985972778,-20.828122870323423,-21.67968644352067,-6.54600979004576,-17.785741910118325,-18.768760250584418,-8.877339235072444,-52.349103124220775,-48.107801692360844,-58.80222682320978,-64.86229128960936
2149,-45.49878227775994,-63.321905407929336,-10.752418832015055,-23.086730753002833,-20.95176134019637,-35.14020204612272,-8.125008493211043,-28.6542092672573,-23.438035792598544,-16.658037538375268,-67.62999969944703,-53.96255949601466,-65.39709482286159,-57.795071280220434
2150,-40.99897342363124,-57.009907746464314,0.9013611283925819,-5.91037720160676,-19.56260522188371,-29.966226005202266,5.024491119251038,-1.5126703983806544,-8.621781609000795,-8.82990796638019,-47.55108256015983,-32.16245156591673,-70.1267822128622,-43.93823467132124
2151,-19.79426847241661,-11.501308687593378,13.933116331200106,-0.33348790995186883,-9.399301809504822,-0.771396262023322,28.563189099141585,33.61105443351427,-15.43528197779223,-9.934505434021423,-16.13882801553895,3.83111039908334,-61.54392294041788,-45.671298226693445
2152,-64.54170499417147,-67.13970200200013,10.032073969156533,-11.935792467872318,-51.5111337591653,-38.46700358086781,-1.8685768552173607,-1.0631724950689327,-19.43545063773592,-14.3329938480807,-66.66373617031584,-36.326038747366,-61.49909917767518,-56.39567980997817
2153,-33.0581838731467,-31.018804391477378,25.47648234453325,34.494877668581786,-34.05700752284715,-23.91970725824645,-12.23609969785156,2.742922601861733,3.2481119057671397,-6.353884697953252,-31.52748511894933,-39.766292729544496,-27.03949370781372,-29.38741893429542
2154,-26.276293681372934,-23.985258022146752,37.10575725252061,39.66993781032044,-26.762351956122366,-15.05898534814394,2.831110210389106,7.496079713223921,-0.49415271233385977,-5.299700645139199,-48.89368815966203,-45.228809578772406,0.655140044599893,-8.04002572118842
2155,-35.018736515942265,-36.124651301088385,47.367399648731066,41.895752349519476,-11.281792543857682,-17.431122597528525,18.67027158489663,22.20397480489826,2.780365636215469,1.0735137097295127,-43.16146554031064,-52.43932999879175,-5.988019112610244,-21.68751697840571
2156,-39.4517283192133,-48.66093110304014,25.341114069547597,22.488287284052923,5.782885063099809,-10.870778009261755,6.307871491092224,6.193700173891765,-5.4123860923568,-9.76843143975634,-24.67097713270042,-44.592280034121615,-17.37568133872747,-32.630956748072975
2157,-51.454701170569564,-64.11780308785721,-11.97323498626425,-12.933490403414288,-12.901143737447747,-21.393490781406246,-20.47135461911879,-17.575957023355432,-9.895537371982066,-9.055019196976117,-39.140192801321504,-42.517950617328324,-26.121041061909605,-25.355814915894893
2158,-57.26767875736156,-65.93347971952018,-47.08129270978887,-33.74401043237205,-10.263740790764253,-22.463559029208522,-25.99671688391126,-24.643238368893364,1.6076717802262503,1.4104251656404978,-31.22834399138339,-28.58302603004731,-30.22534217608882,-25.822331694382818
2159,-62.715663910986954,-60.853472405366574,-61.937191755623275,-63.178670864109385,-20.63795745248888,-36.76462227909839,-38.669622260185136,-53.99570538464202,-14.519537009957249,-12.731457683213021,-31.34258542828129,-39.18908860584696,-48.41449546223016,-42.75645328454443
2160,-25.977711323003167,-11.197189432990163,-60.84353268406323,-57.21697988749966,-17.327351333654775,-18.725854142340022,-42.32052807765349,-55.1916059163398,-14.501240514708018,1.1897702876234113,-53.255266434142456,-49.12883787730175,-58.38597516043146,-48.8028108401809
2161,7.7321804120445785,11.259020691979746,-54.812022243805956,-45.02536777964241,-36.68946687162336,-22.39126992035177,-37.30687660060108,-37.979620238359345,-12.378746653258458,-7.451111470348862,-42.54859564544337,-37.70745161925198,-61.37364041057822,-44.41109952394954
2162,29.18188789217419,30.3748086890562,-22.672292651987593,-23.066138792230657,-18.49672553759856,-0.9156312236978338,-3.5793708562451014,-1.1616859077892214,-11.837194076501618,7.6192433701378555,-19.671187017112477,-5.410951055693196,-38.828620739062195,-19.282669119568418
2163,37.87001740673066,45.436431302035956,-6.268538091386136,0.3061994611594113,-6.24319300321649,13.877473497341956,8.367864871640514,21.807205873968094,-19.40246038745414,-6.5385516644949355,-3.7053727143995356,14.348898094599624,-32.16628375652834,-10.120208793265233
2164,35.54786595295149,18.523052640017777,6.514339560119123,14.405775204426883,0.5068892105876022,16.423965438253422,9.626183600186,31.412999246700508,-9.66044267474396,-2.035858159118891,-10.016185899504812,9.80652324509659,-35.22770883240034,-5.158076911654704
2165,2.099278122373439,-8.582762771960189,-5.157301425868895,-5.278334483674505,-14.100324729809532,-0.6101925244372823,1.1401412421138857,29.375431171082766,-17.423357198380785,-9.21089268606385,-30.21428507356865,2.031806499102586,-38.03295209808732,-12.669638717488654
2166,-15.875033046921509,-29.06744075042107,-15.742957489111689,-3.2809772583789503,-6.865274164804454,5.621350664528895,10.000436649206303,36.21525732337927,-23.566309680278057,-8.67906323692638,-23.020433437966094,18.491590803489448,-39.85864629377855,-3.848214970209331
2167,-27.097168027568724,-44.37887837666922,-27.967816632193333,-29.91446789426673,-6.283487640165466,-2.3899070202171018,8.728353789551937,30.251628636047638,-22.84587591956955,-2.7502147622911526,-24.39674346598033,26.612230089921457,-45.269829134308594,-10.840061649311728
2168,-47.26350360450303,-55.19630830192335,-31.26962376512489,-19.68753532499995,-11.717630602388496,-3.9750305750179087,-13.237722316135494,10.140041669946015,-20.38263305753039,-7.679038581319681,-42.575527488449005,11.36681785076869,-48.67951365717242,-13.693881489827696
2169,-52.83260707052549,-60.78737982605797,-35.00203814454617,-20.85521006256087,-18.407059364451467,-8.574427645405038,-9.170349937531304,-0.15896385931468568,-20.769238188606764,-2.430061477750382,-45.96639835321776,-0.2186486615185138,-47.279567705050006,-26.932046336700736
2170,-42.59243091751295,-52.036786750997216,-18.350482884250873,-16.14792976912982,-3.676476299349062,-0.6585744746042386,-8.835172190479181,-0.3585702841476988,-2.094874497196242,-18.759317490586234,-26.8510193631733,-0.18499384723725734,-19.32950981700576,-5.221861188615844
2171,-41.81683636679597,-52.41272437176002,-19.550919171713943,-21.889404795656834,-2.441376021744883,1.1465281313094968,-19.57659807399605,-20.889185974345168,-5.981560645237984,-0.9581228159317592,-11.29152772269627,-8.041846367670049,12.73874307393933,14.797350913329787
2172,-32.47286419559426,-37.645486817560666,-14.330628018237732,-14.143158918390093,-8.411647790386603,-6.304655765467812,-32.62786821629153,-32.734090108521976,5.7187651244832045,7.51690889676775,13.577152096634093,-17.68099015659029,29.12263463733208,32.14076695999653
2173,-20.42481352583222,-20.546939592718193,-3.4455901848727026,6.270171339109009,-10.83914194285776,-1.8366539056325233,-42.280551974527945,-29.931174594163224,26.72981373476378,14.48829785041116,8.21651984815381,-16.43584630660753,47.21077213776043,45.069098511166764
2174,-15.66519574928956,-5.01702961693516,-3.469879423042197,1.5588002260989149,-10.316572427344353,1.9946189277020179,-55.02655970808119,-40.911794910533,18.760577408599534,16.183937935785906,-0.1847524517225051,-9.251971693047683,60.050453460853255,56.52373438383902
2175,-12.296650948812356,-9.74141933720126,-5.608255517646616,9.616226757829782,-11.643598836570131,4.932263449296635,-59.50480762532589,-36.21547733070868,26.25233668346246,30.025913521869004,19.343467902951982,0.05637146211413343,78.94041266360342,76.61485191132267
2176,-31.20777914503314,-23.79367356409532,-24.621325715875447,-4.681017833012278,-16.924625596274964,-0.6037088545536565,-43.172049098448795,-15.582006783319969,18.775207783871366,12.143673145768274,3.474206793374181,-11.379869165177798,64.81714231333646,69.43477386847228
2177,-14.201812315968214,-10.02187527880789,-4.840750671411748,-3.9005312298079886,-14.649786290943263,-9.219839897097085,-26.995538702217782,-7.605815350873025,23.133255474790477,4.332446685082745,9.402038408671208,-20.129372513717666,66.71223932392216,52.2461391071771
2178,2.8408175830153173,6.014603986408607,2.4387061161641688,0.40492854781127696,-18.29934101430009,-6.959590065694688,-14.399830984622936,-0.5597341797765225,3.5184638759674964,12.301537457438847,6.205334775042119,-14.0115741507202,38.37080978392169,25.839040457648288
2179,17.167212397783018,16.977509963203456,8.317687768331233,11.694511834007285,-15.289128215563274,-5.818687773825043,3.9523758272844476,8.646293673378503,16.09258164953528,7.291914941003204,16.12412149907451,-2.075938185723284,36.76420272854284,24.166700018121176
2180,26.38208595952569,20.517051977344124,6.227516813028932,15.299264362606932,-3.6077798129558123,-10.669413960248702,7.302491018219157,10.636710256461015,6.836285925132947,4.5257132776601505,32.751299051160856,21.867292520814175,35.46016108589979,22.613090403554228
2181,21.520385382257857,22.390036826439708,4.055563574633313,19.661044400612717,0.7032530891486133,-9.254046982711907,4.324709808047178,2.931317708786358,9.9128193509601,0.05888049822693198,49.68409261704498,32.12912968271031,28.852631801983378,15.85190268731742
2182,30.805190493708793,27.960901492781375,32.792781811141204,20.073066988744262,12.36533560819142,7.254349004415873,3.5098836354696963,-1.546765854897421,15.908326148978238,7.746498054000128,54.98313431296519,46.56225008496381,45.74033014035337,28.640421371895957
2183,-6.0668183577825,-8.83335502765594,13.011513530120006,12.576588133910745,4.080809913731051,1.8030659571062049,-27.198313531026912,-23.362074633449435,11.606855679479105,-4.398181585427838,34.71400646329823,28.29571690087847,44.8161993362976,28.28233768955339
2184,-18.469442528273866,-22.369749442191203,7.536193340105139,13.865451736536428,1.5070312086221795,8.099198539552384,-23.33509668185683,-8.616317151576721,1.6256051956082433,10.125404981509954,21.50964489203196,31.705668721376956,18.51718130713688,18.83054160615867
2185,-35.48770329067346,-39.16992855907508,-2.929013733456861,-2.0337096444042793,-3.875929450446774,-6.229450762524231,-24.29747134802428,-19.327515186290377,7.623550159517651,13.718763667357642,12.951276057838042,22.157337436914094,3.764241938544127,12.358806816120902
2186,-43.79929659756989,-49.0195839503735,-7.470197530823889,-19.277360593962342,-25.940912868926514,-27.824850432938998,-39.05551741329617,-37.381246259606705,-2.304304113827147,5.309460197053741,11.789670372787699,-3.775795131431328,-7.704960333298283,-6.283521494074989
2187,-54.25104098816425,-43.198927530717555,-8.068288235187497,-15.40622181189035,-25.05126650991349,-30.997549217477207,-37.48114811476364,-37.284967256596644,15.799797050881082,0.9680464561789436,2.1420034495703932,-3.642134422422698,-2.1997565225834412,1.0806864553280071
2188,-45.19583126763977,-46.256916498880365,-4.756582401969436,-22.235586242359656,-19.398459350531347,-28.38445390256678,-30.39765898927562,-33.955995055559534,0.969898411547342,-4.38040637883936,26.12328294349732,3.526852450539821,3.8720504912346696,9.229668067125372
2189,-49.09006391653799,-45.54374860504772,-16.85733230345215,-35.528958038466946,-12.991313935920816,-26.633558356073205,-19.574561875308223,-47.16711712148641,-1.5463121456292896,-1.3163746406139576,48.0294582032537,15.108666362728014,8.1120609782019,7.097744949229777
2190,-42.14937023690597,-43.36238877238779,-15.409134532632047,-29.143559682870404,-3.607208629452104,-23.607018756490383,-15.951990708015076,-43.50511451313366,9.897667652010979,6.736738997725684,47.915182643766826,14.397731336769645,25.73421544449354,21.290543463224537
2191,-25.196419984107063,-36.59889915403613,-13.811661411669997,-31.73355852358162,1.865933662874481,-9.487378842739114,2.4548315742895346,-29.962139373774214,15.14798855076823,7.702827554092074,44.8602787139974,34.25042799875258,38.08755449173578,32.48700824250571
2192,-14.895750279935259,-26.299820688484843,11.470394435581248,0.2347081723832658,12.89098225398118,-2.1811720429824684,8.785427467612282,-7.953262518481563,25.43751085545486,9.492468476964662,39.70417605562531,40.56998356688078,41.76524396812855,41.61655724400603
2193,-16.66906887492328,-21.072837487134215,3.483026835554362,0.1995074438009392,9.933712001106894,0.2711031894048731,2.9082083152807785,-25.47999784429712,24.659768029890884,1.7941834170589945,11.92071302932174,27.48954353845768,32.972062396131705,21.57700564709825
2194,-17.8373756072399,-14.03762684176041,12.7474463792515,13.607612270261827,0.13073890651216524,-4.315738798757955,-17.41368733881563,-23.531720041858854,12.60439360111988,-0.4298731314233495,-21.09419738918681,15.491129519391823,17.35562526971775,13.224196143258222
2195,-0.06415203339208632,0.07815888427764017,15.720822452445718,12.528147756747074,-6.062742815486304,-6.6215272243378385,-15.42984954177675,-23.314113909521968,16.6620416428277,-9.2711387728546,-31.261188727735917,9.934809888251301,21.770091125227186,8.78548415943249
2196,26.825704803995784,38.689509300063456,21.268071156903144,23.214661603929287,-5.982771443613855,2.8835278327995013,10.15546534995973,0.13952975671647788,16.54799292008835,3.209066701709115,-13.358151990750263,27.596822028049573,8.54747567030327,3.5328287451334863
2197,40.286865170231835,48.7912843369694,30.042808015350786,24.61841100782032,-5.334511498026398,-3.0122784508352893,19.33567961164172,21.64566327034652,3.700903922259453,8.695749550816924,-10.390781388237293,29.522152898922936,-3.1473448774237665,-1.947216867984932
2198,41.347195350468965,43.923324934757375,24.157641200222553,28.64863636213772,2.0942168031482122,7.666107459690346,35.81631236335612,57.06435681865669,2.966435662537575,-3.448434976441988,6.088139523350311,33.226645092242755,-18.111604690369163,-3.8054293592269404
2199,47.68041135883433,61.443735289228314,26.368982638726166,35.11073748924429,14.260001357986237,18.93493270334371,52.83664385342592,78.04748417820687,-1.9601075802474195,5.46906221100882,28.77833870720694,73.31874525835775,-25.975973533321493,10.475267202739383
2200,62.91022926844062,73.79016462599103,10.90882703112387,40.094173322021646,17.721048412064132,28.191306293662254,48.89589610390384,75.10439148236547,-5.16152071053751,3.855185065814461,41.643643807811216,64.23509813250332,-22.713949659882115,8.559676456627102
2201,51.99106613669662,59.83358103906433,5.312236197979708,12.822988348017924,19.468080431813835,31.505595927079753,35.77874633606119,50.7549838914508,-9.009723322840278,-7.212272262454725,33.262687098453185,64.2122036528744,-34.404512484593,-1.1408887946650452
2202,40.2248992093242,46.3775727040612,-6.194339391960315,-3.898071980492005,11.278322385334539,20.89438394540092,25.16671943704468,37.3419066187747,-2.461936629090123,-4.444744144499059,36.457421040531656,52.7856933137605,-14.968917905815411,0.5983937436263602
2203,24.62125674417254,29.624133533539048,-1.74544462471819,4.061523168784099,17.940308663860918,33.59520827626056,36.02931746406386,39.43153841775679,-2.8270667567871137,4.776563428302496,29.689068376420185,45.133748950141715,-16.832787402656823,-3.2094104343707275
2204,1.8060189730165999,8.83228010426866,-11.113620165790552,-19.118636088286884,7.5431837161979765,23.602896454494424,32.62377275540613,34.08711403226773,-21.050966802229024,-3.024177238342221,9.958850200385802,23.064105448546385,-30.418239722515313,-19.843032755744886
2205,-7.156739768925429,-4.675862452565721,-21.17707611676794,-19.532726639488203,8.886947281187796,11.507148558969817,18.44745727793434,25.56437311653232,-0.9094020128380315,10.776959677842331,-15.696071779313232,6.48312886377888,-26.440522857813377,-16.934038663003665
2206,-23.241682749979123,-11.78044765114927,-22.16436725268254,-19.28849540038683,-4.164520679490591,13.73888606323851,10.889723845989796,19.932185378863945,-16.8717476431823,8.703431705841448,-56.160902439135064,-19.89509635132491,-45.85894903941274,-27.952717137148852
2207,-27.539266158056805,-28.25178700905025,-37.63458348858598,-30.286765821726274,-9.231107943570779,-4.071743596170993,2.308116093637548,4.039491809474111,-13.721316208156082,-3.894109272573654,-67.82422930892022,-31.729007707034402,-57.240374299133535,-43.74604094021681
2208,-8.452503619918758,-1.0979806320241492,-6.109400904868434,-23.493537321755575,6.717147247145467,3.9541860583352824,23.96165220895484,32.096311316823126,-20.303998973462694,-0.34576630555661403,-29.814628840966368,-14.514598687154015,-48.6482132413419,-38.341975854478726
2209,11.37118625679358,13.387006831068597,-8.447380884485762,-2.254404686614686,9.682597252719113,14.924596300958303,32.446244807506346,29.683563370159106,-9.864165441608892,3.070034465046572,-32.64976976689595,8.665474570218784,-39.3726188852755,-18.97786148280728
2210,16.69730603780438,24.658072102265265,-6.747475445152124,-3.4672809797595185,14.748511405460107,11.515225902724898,26.389100075629848,38.94360225600835,-2.8044208720950805,-1.1754338250401508,-23.95994223507675,18.033528771905253,-31.13905432961481,-12.435405217920799
2211,26.456039138526137,17.050758936835216,2.2577924677056465,6.75858120691423,15.230259906567042,14.018581838289736,24.67927816717323,29.094848367677788,-8.72860770281567,-6.0256200801173385,-15.543006850444415,8.760573660413494,-19.047009743511456,-1.189029054312023
2212,17.680527989367175,6.0695971282897885,5.102545184845332,5.803131170147237,21.685264268765195,14.738097191203781,35.36590550480754,32.83860510839868,3.0964149015555535,-2.1528998988330423,-17.151992149492425,-12.111659644773058,-16.76678955097661,-15.710144509043777
2213,19.950886817256308,19.1442266982895,11.442725482590397,16.557186562730557,17.35549535450076,17.849540979345992,25.195260820632345,31.39378166871648,-21.822878350495795,-11.62877823600764,-25.187060126311525,-21.608885039309452,-31.094659448598485,-34.39617090329283
2214,23.063939324440074,23.824019856561666,20.854174108814302,21.290148938042176,7.808940845196831,3.196478279863328,22.295259789010196,21.2707238320222,-16.542128042654138,-11.642502167961027,-22.500230742322273,-43.267241157147765,-40.8085761354996,-56.25242979004092
2215,0.3884399668350322,14.962814420524847,8.201141690805894,12.489761707117074,-10.83432633765634,-4.8161630369771915,-5.315968321130571,0.1782626140395151,-25.414106326273195,-19.737749402601388,-49.78623223277881,-53.64083611065634,-59.29188073248899,-64.17909010300855
2216,-7.801238865773548,-12.876924834627062,16.848299170987456,12.042694633722785,-15.854099203891218,-16.07229723529079,-4.500481542614244,0.7811696604643596,-27.71751115318375,-13.26367358113724,-47.23868151692069,-52.301273485971514,-47.8569720966715,-42.30416264621271
2217,-23.138567238049422,-24.84926970981796,10.168314545666457,-4.859725744949379,-27.283129081326344,-20.270356843124183,-6.586481310383614,-13.870642901297222,-25.40783991206816,-13.173253705766935,-33.6607562515496,-42.89895386499274,-43.27425420946046,-38.85664774804412
2218,-20.71315813133523,-24.3568422887493,8.086571713097376,1.2292054630857605,-24.349520169811562,-22.920595643065493,-26.37128375184951,-34.121002196949725,-18.908585918000703,-18.640818115620114,-27.905424499815933,-38.82415381395975,-22.92087728929596,-23.599769119492123
2219,-2.7076330153927994,-9.913676328430265,12.870368055327765,-5.5736538978912655,-0.9593760864755604,-17.93467490816195,-11.45330035723967,-29.5770444596108,-10.176376289893907,-10.969079603897086,-1.8535983254837376,-24.115348864709908,-7.823831224374124,-15.494450791955682
2220,14.238232894079694,11.87773719577149,17.808935864341482,23.29523016536768,14.049038023472542,-6.024817265705948,17.428156087159852,-0.5015241924863592,-10.562135036593993,-4.942863437439252,10.421801725900727,-7.054372697497307,3.704488768213168,6.199860247138004
2221,28.438675400662436,27.167773403277167,13.79170870486193,20.177368765798686,19.574394130437668,3.0825161281473146,15.060803436774943,-7.343610076798595,2.4604869743327087,0.09233694457237096,38.87236591288468,-2.3063757120159867,6.336308571112378,-1.4892704453801164
2222,36.35204004984743,34.13117963911372,26.058536208691976,36.16854424933234,23.194028239700874,18.579641183487514,9.72520092109588,-7.723759238348462,-5.349529977429146,1.7542185881201764,45.71991858655139,1.354087135195259,4.36092750800624,-8.25019613696186
2223,18.185380989232524,17.355744032502173,35.91018112221432,30.8346733258927,24.72799339877895,22.61144515825384,5.67291012327132,1.2376087368681787,-2.2885535134396426,-0.0997676238998686,67.14796374790487,1.557169849089885,5.2816224691235965,-8.04042751278293
2224,25.093963078567754,31.453480497550856,28.1890235127207,39.74051157263082,46.741669411028404,39.74588189844462,28.340153955840304,18.478402632558282,11.118191653146203,8.369181100949005,88.9277577197617,28.305773980177356,14.54900937102664,7.896743236164368
2225,13.832532210673952,12.76377300285522,21.673337122806544,18.018694555844228,55.327903953335664,35.50339834952295,20.421799453334586,9.806511106502995,25.559988543572256,16.6098329412049,99.9177301487216,39.6803277383845,24.244618749588696,13.189707235626969
2226,-3.2580713423576513,3.1958229614088287,20.14740262368552,12.214762304012527,51.51735748620723,24.41993933172402,20.348325204452866,16.623581989555344,14.841774888508818,8.959157833738992,80.91580060478525,38.06516751339717,22.154937375919495,11.986562580022037
2227,-28.098417948679074,-31.652240117396044,11.287080469975946,-3.2630962013162192,42.10502949449754,10.441899000734107,15.57296403526561,3.8758248806185103,18.57743038936764,12.782795752753033,55.84319068855065,25.25621197762875,35.372431167264324,23.209935983700525
2228,-26.217632944707752,-23.490309818114586,4.054717171021866,1.4058693057958747,42.93016326449394,23.693377462144536,17.007554138915836,19.061701708390217,34.729137589489085,17.47216129078994,54.864871234506126,33.574778271993615,34.005446065364346,38.69637311757426
2229,-28.04694669561549,-39.849335282074264,-4.416824240631698,-13.072056352856881,15.364231966882873,-7.781539761653781,-15.819376822228037,-22.247613729996743,24.20140607581189,18.339942438811523,19.030777756517818,16.59146993999764,41.60598306910105,32.320310702597084
2230,-35.4750408397291,-34.551555539065774,-13.705447138598272,-14.353842232323144,7.970529513194808,-3.7698112629137177,-16.825268924966462,-30.787889265923916,15.9291185192711,10.679790092443758,29.853516747911506,9.34953739324805,41.476676688503105,38.60593943189522
2231,8.962058810603416,4.262175884790843,-12.78811779297734,-1.2089358150480944,10.167751136531884,16.387978337605528,-8.691562710458319,-0.4286831657071616,16.25804129556303,17.912634237418146,37.73228103780487,35.992285374519184,21.47279013795107,29.13920525638571
2232,-17.681178145617853,-12.622124850406742,-5.0549001499225765,-10.775958248838812,-4.022323300131518,-21.212147639771192,-30.819629481153694,-34.48736843836285,20.586329696867498,-4.160894883632209,-5.218704682617333,-26.420689514155203,25.443823609611734,0.444600536496421
2233,19.465287503953714,17.7426655215134,48.47774453751138,34.664075147778085,12.112472261178365,-7.970165884037769,18.43009358780946,17.230342103479764,5.951699834696794,-1.4720258363794678,-8.853015287359284,-17.113680045856945,10.531647329108695,-7.575688483076666
2234,23.08825517474862,18.052975695115762,70.81318087061568,60.54673860754993,22.72951769120927,6.48187165079056,23.949731939317324,20.20572378543642,8.253194026852858,-12.581431500900708,-2.5462787292372098,-24.1960455291792,15.050958606501013,-11.339962984914077
2235,17.92908780850433,13.620204828756425,59.113757689377586,51.94754358188858,19.875088117599212,7.243493317628828,30.123253550452358,26.516714500911764,5.22438986502902,-0.5034670219332371,-5.858212590563604,-17.67667000950223,10.254236573368045,-10.738295219489011
2236,2.3256949545643884,-8.949240453149322,44.76000212701347,31.39245969128723,14.517511426138451,6.007407123153933,7.268519996553158,12.13019179865177,-2.1968759684374066,10.349134792478925,14.223415425450684,-7.303441615207843,7.5008468073275685,-3.895914562081977
2237,-8.774485488682958,-16.791342639030333,13.886262985252749,10.209152951110063,7.331388011494385,4.383596675689155,6.953777546520745,15.372555192411856,-2.924431869229334,-5.169837121312583,14.45512341763885,5.84237688567584,-11.932376901214269,-17.941781597045754
2238,-9.456022649075315,-8.39185584519456,-17.080503436995837,-17.884770682537187,-7.6386130065489475,-4.825887039601493,1.0240218270025345,-0.3612241471431128,3.166564617352131,-12.894764983988253,10.949215709789692,-0.23364359290969405,-7.1838941821825175,-27.05681126564473
2239,-16.53582885594548,-11.067483849863812,-22.720552280529528,-29.264029434577036,1.1922448970690391,-8.47926259767418,-12.601826771490078,-17.623797478213973,-10.202092329117859,-6.080699163228893,-9.055510072375764,-1.2204430241679016,-16.09394887450773,-25.781486391547187
2240,-30.316425805660078,-28.959075886934066,-33.82235985057837,-39.8350595585364,4.188383347101665,1.430081386838699,1.0842927525417865,-13.806690798554916,-12.807232542951413,-13.665179921204697,9.769362291860958,1.4951496744445667,-43.20829491994991,-44.075787754181626
2241,-20.864353446064236,-18.695914500699907,-38.11673519910947,-44.03507732617904,15.824943550217379,0.13451463557268464,5.853349906277805,-25.6933066601858,-16.28327774955825,-0.047958399251196326,11.391752455033734,18.592467585607967,-65.0983856529693,-53.77804732317124
2242,-13.371181318279849,-19.110665122581807,-34.41428145696787,-27.052143064373297,25.992968399812007,8.864829894295958,-20.229198756231455,-34.949478201400964,-6.960160918348105,-8.434105221962236,21.61218917664862,11.16596846098923,-38.70505316423503,-44.800508703250166
2243,-11.16990982989919,-3.2923214826141565,2.092455979889706,-0.5270023733765115,23.580764748237346,6.848337044844519,-1.7465575766609205,-18.838440816202368,-6.489357187128331,-2.135500832072514,45.292509158772994,27.932683328565552,-6.021984469680695,-21.418089928896094
2244,10.080552082956574,11.605817957401282,10.635867298622214,18.945626127377274,20.100465121024378,11.995266648884423,17.524447328596494,-2.277310660812071,9.019777393891857,1.7198572479964636,55.11165929250735,43.37203680707502,15.462334048142704,3.8243993687803353
2245,15.55440691371754,9.373928992117284,23.337804284077066,29.435711527039132,13.235195650075145,4.199278577186695,23.987647172271238,9.091746350296706,-4.564434431864284,-8.881778082331193,37.25595900707362,46.186044666508174,-8.08386153208813,-6.835610104190275
2246,0.04258388816477697,1.7262600202228322,18.791182975137747,16.82914979167224,-1.2094148655782808,0.8208431166101171,5.010790872209015,-2.2133354125860802,-0.05318584759190278,-8.34558764694086,5.738215864724479,29.133564148680406,-17.384140395425653,-18.389310491260954
2247,-0.728288089182382,6.183941782710383,13.34652861488314,21.743330619297218,-2.369444283937914,1.1433740262003678,11.184147061374427,7.000112071137567,-7.593804388584496,-10.391797957672159,-11.033659716039084,15.147940391676924,-34.17798985997183,-33.13376035849013
2248,-18.824252627654644,-12.716349232658267,-7.71704730426097,-9.110907770448991,-16.150456064136172,-9.580103734437841,-4.245231560899875,18.973955464714525,-3.730511271205717,-19.606079267943123,-50.53023786017771,-10.020302928107762,-36.59456826687772,-32.56731153953098
2249,-29.434269348803152,-18.601700360634418,-37.612906709201916,-17.80409587092732,-17.551056577559628,-11.993850794015875,-10.514452169530633,7.30639504106824,-20.280639427033446,-18.983012741411763,-56.063797595743964,-19.824751863222996,-57.236176003729724,-48.88934592685916
2250,-37.2781956623889,-22.50744699727787,-52.089564591150655,-42.58872357423276,-41.04678764504886,-19.45615656713904,-26.235003793782376,-7.388049468932721,-26.840525766804674,-8.865190205989004,-61.36972752797615,-31.34233796697877,-67.663289490679,-51.39334624108151
2251,-32.4904483262583,-24.993347603157275,-62.7116428658939,-53.597519250872836,-44.99572427365106,-27.003428402587012,-25.521802608418973,-11.636382559951933,-27.79881532033399,-14.660560730241206,-67.03560733265385,-33.261921628094996,-71.52159284452922,-40.420322599399945
2252,-2.7443654880497954,1.050578295963174,-40.91602368790483,-32.37182791723798,-28.43633675534409,1.358943884206438,-5.674909151348621,7.394104938432212,-25.166887307118134,5.9936188236096335,-38.754866751423556,-16.424757825569415,-68.44903315260805,-31.9547149321412
2253,-2.9443784502104435,5.302065948159043,-52.16054745371613,-34.71044086647613,-34.769708754237904,-10.900196923024636,-8.778874518540901,11.837360069774771,-27.654053247976034,2.1528936705205792,-53.34056900772543,-24.948802487926685,-70.81423952732611,-28.705523145661132
2254,-26.18598066049027,-28.19540088442587,-62.462764311352394,-46.44282838658712,-42.7214092014997,-29.449556004791365,-26.583986116782658,-21.15002176884221,-18.101572428660393,3.4024339932119942,-53.10075131469003,-34.231741003077964,-62.73158801888066,-25.26032039463679
2255,-22.437177094775826,-19.37794620945783,-42.952239496946994,-52.6757180132515,-46.04170348980871,-36.772740615041066,-37.13541668710723,-31.887259782683923,-28.427305255719187,-5.4892162130345294,-33.39983484130809,-21.498673818020823,-54.32312798707559,-26.25071558121192
2256,-25.753785393761163,-21.482199586832888,-27.285392401102232,-47.0646967671374,-41.256151270088495,-35.97627802142612,-44.403008744196256,-60.69265415209795,-15.79723590223108,-3.8965712478705465,-31.186163395444133,-17.19770083989296,-24.563672646890755,-11.42936076830733
2257,-26.267884797308717,-11.979686861431606,-25.268720528299557,-29.317430527940452,-46.50680601624612,-34.03634658962955,-42.50576504429339,-54.61862169148549,-6.223142594039892,2.8764325732895264,-41.33370504643807,-13.5773904596285,-3.1102621593338102,-2.812619949953527
2258,-15.474595687037525,-14.06916034858595,-11.071634836874635,-17.815324492273422,-33.79296685967829,-20.86102962699486,-42.99361486380456,-52.25549357153932,15.902475360941724,5.228300198542531,-29.465313834310255,-8.047313193658344,18.660629808356145,19.24810173650158
2259,-23.94098328497058,-24.38340095298723,-15.883365191875585,-16.273827418317055,-40.28889083233583,-22.568008383174654,-38.08823869809833,-43.76939543500122,12.069216444428193,-3.4013596251186775,-33.53756411346808,4.180633060850277,11.841997244866539,6.693622111511232
2260,-24.791759428947117,-25.183599202114536,-18.688138849569743,-14.202902525787337,-32.2228354464935,-21.997190549995175,-50.87125996793119,-62.38094519040662,12.277300684870815,1.0663718059348555,-18.203397635908985,10.180103995380428,11.581641430855266,4.408208356310674
2261,-27.070506053967772,-23.338548483091568,1.373966612598992,-8.201872175173449,-37.735466155102365,-21.071630824569336,-50.202173305935936,-39.02831773748642,15.111170231764996,-3.292515720575873,-31.158094270403506,-8.463246011480155,14.71440532164013,2.2238573933974486
2262,-3.5202167844587957,-1.0913407312521206,7.688750235213334,10.167468035710858,-26.791207158597288,-12.48609595264107,-18.336371847228833,-20.330314306768727,10.689081286240969,9.626006857931227,-32.94809519224183,0.34414054419394957,-3.5444730753005205,-2.298238745507057
2263,21.429744643177415,34.328751665959174,31.930356389176733,23.332640519428814,-8.248210980921524,4.646051952051607,-4.344570562817933,4.902805561412702,13.34550976691205,12.741269346463021,-22.177550845202234,-9.322420190937827,2.4501322529692193,-5.774087606214844
2264,44.55254883168954,54.89786243137582,32.22919702396087,24.73373578698092,2.348653435594859,15.644293335455023,-0.6395101537595075,9.932504275218196,1.989622902985289,-2.095628772267284,-28.033132399186396,-23.50178380678142,-2.3985795180986567,-15.517984341375104
2265,54.71659771958577,69.70764045136323,36.9190224701051,39.05769153475775,10.072490597465858,20.121938207358447,0.2591959048051609,15.276292790220458,-5.797822203312221,-7.518988877764235,-20.101733407712988,-14.101673293305915,9.94240626636261,10.252793622294417
2266,71.01322122106016,84.78404513571081,25.84463482363576,18.769646506691974,13.78816840005138,26.63804419379647,1.3983929381029296,22.76103037186038,-6.153830299261972,7.612734876438806,-16.822024753242502,-4.062265270479462,-0.5144752524393739,17.661436685874644
2267,60.98846864874619,76.08759723467247,43.999083647263376,38.32016196249471,3.67379562333743,22.225267308993125,0.7309648389535054,11.28175164087687,-5.493301730925631,3.6903124161574272,-24.277812983022113,-8.11941572430581,21.038243372869267,33.457175660773395
2268,63.72887251123648,73.22873986654179,50.41583462972067,41.81608974736125,4.0758199823288965,23.072520850531053,2.9421915606429856,11.955645037654389,3.8269156882751356,5.778733910473152,-14.894487203451675,-0.9373101843773534,52.84065802340978,64.06143937823347
2269,71.53453711275064,69.12371330154588,53.84548299611998,40.131256405514506,19.521711623573832,28.878639502573826,10.412657684970169,18.006641467002066,13.89575421089719,9.4980675494729,30.742284694008397,34.327585467810934,78.32652707355261,90.15163131286715
2270,65.5955856553692,62.255126395242264,36.05921115052239,31.404767889777254,20.696464367084573,34.81482201752967,9.288052280009016,15.076576444291323,15.353910084380189,22.160136606170678,52.38066878927655,69.3263566258906,86.15611490542815,89.99091308678022
2271,45.636241177270044,38.54039851360847,21.02452841088527,14.989299266392552,18.513489663824068,34.983584131997134,1.0129475750411618,-3.249595914801506,32.62122087555589,22.01223947213782,61.499341462894115,60.4758890329395,103.60812689543287,100.8781791609093
2272,38.33448683890604,44.50633384565908,13.335263680823246,9.644373857935427,19.994566331265407,35.291542627293104,-4.183242220955483,-3.225476766742736,28.8262481509623,20.3899244261508,66.72269651289722,72.39073153922084,107.48174221470875,114.39038102633971
2273,30.614840185641746,25.979590546986078,9.772391057139552,2.864387747109747,19.61022200560858,31.461481204174767,-21.033499194134713,-11.829060237965985,30.749788978252827,19.740371414604155,71.94225663722662,77.52900696867083,111.8358775003234,103.13780135299957
2274,-9.632244450139135,-4.385024502399669,-9.961213907182144,-11.106734567717846,-1.6300973234072131,16.9186869368403,-31.715600668954476,-23.654843374667344,17.589131094170778,10.097200174601637,27.099373674891183,63.79484634571098,71.53323216650342,77.58582216029687
2275,-11.117174682695223,-9.204833094933676,-13.624439056907235,-21.8819887304972,-4.4024898856307395,8.567642431117696,-29.536609844815302,-41.4841542277544,10.42855942951592,-2.5122303750244486,25.37361172221349,42.867022884957464,47.728751683596265,46.27867017975205
2276,-6.587940664901059,-3.5863929032590773,-8.368625518968587,-17.82572728144965,-7.196419049230382,-4.4917426081422756,-32.63011552558974,-36.40820480284289,-1.1018585465716484,-18.55498499774096,-6.337014566051691,8.117982508792476,40.67249425849333,32.6438791616856
2277,-0.016884801381366818,1.516460212614061,5.480050705272187,-10.751507953123767,-15.143726405659748,-6.313323130027959,-32.22906455594002,-41.431733237242966,8.75477230105412,-5.703065114663895,-10.590179076891477,-13.483128904996347,45.531418811251605,43.22872812910139
2278,0.593000342692304,3.3134442171422838,12.633524285775884,13.04952580522138,3.5688709728468027,0.13322018652756437,-10.975045237196765,-19.368725444741834,1.6878417968824657,-0.03652265462363791,16.466195534788103,8.314245292476675,55.80742302271228,48.969932301364835
2279,-2.366101420407036,6.062606680887269,3.8455751527869597,-9.831087476232662,-4.7444980718310505,-4.8696206543616265,-1.876689759574197,-1.3931529936681577,1.7713220469130888,-0.6881174006926845,28.549415434799947,11.607923144148105,48.35640580121341,43.9226799209739
2280,-0.9339878899752373,-12.805273812661497,-15.580702866078623,-9.509105249304948,5.5733301650219715,-2.6182263351649695,-8.058350658715694,-8.25300478499373,17.210182193070168,2.648989601825039,54.21595684025403,17.635261002357943,63.65253929502119,45.95327964787673
2281,2.9214681831802984,1.793650004722887,5.986021609471014,-12.344794624973204,14.849323817346116,7.932797796779113,-0.6225429183713977,-7.847561709954457,17.321667100930334,4.301724772634114,81.41468430350841,18.31014871272426,82.21095387052665,63.32336317216366
2282,-3.4141418822678675,-12.612595258590739,8.314645654122549,-4.473039664168297,5.932147841902555,7.392889082083239,-0.016717590092741017,-4.996880366211282,13.748387724134318,8.791978826554585,83.80885165539375,44.912323748888035,83.36445119649625,65.71307818308291
2283,-25.68106606111246,-39.13243055526822,-34.48849355898691,-30.2851449525902,-9.94575805926193,-3.5964720400456716,-10.83843472843624,-6.052730978503581,6.98734592469982,6.31125262244899,61.27274453478506,39.322561795086614,51.14899770211253,41.623011307515306
2284,-24.467462569443686,-37.15549706780891,-23.276793290963298,-28.29050003543803,-4.435050927396116,-15.81709484925602,-1.247591962191322,-21.6718085520557,20.718715921206968,8.516755606597174,82.68020697274855,31.520700318475413,71.00827816638369,50.26206715184264
2285,-20.49318924821683,-16.901130506690706,-17.49566366853423,-13.341065215085912,3.2169655633584275,-9.584537925654612,0.43644786397760804,-11.766700827826934,9.578321980941983,-4.364309148661233,61.550810562572956,0.7298230778369559,55.75247604155071,30.38645778985202
2286,-8.515717290341126,-12.70757867026498,-23.86438153311649,-23.5809716692764,-5.991647765940708,-18.643670818459803,-17.843903865482265,-34.92070280799489,11.114655882227297,0.49237488096146986,31.588346762265623,-17.94795987465657,40.45498176550578,15.936828744577952
2287,7.815034153169307,16.074296696864025,-26.142473222475925,-27.924900803950525,-7.099917947087936,-23.828442445110845,-15.953564021795168,-40.96455100858629,1.3350890345716326,-5.4417728348629035,14.813056258465197,-30.033927274529795,18.7996685040067,-1.627952684371943
2288,-14.275124793208782,-5.459750039804939,-37.590122188608575,-39.223965286715355,-32.841596588458636,-44.29078946498844,-29.46881374043542,-54.58754893891677,-14.171043069315317,-15.965056383432167,-48.547017390588806,-70.21480130267814,-6.936709078684067,-29.691806539194882
2289,-29.544424170740868,-27.843085395160163,-34.464838970155775,-42.56592924122501,-44.25719747579586,-49.41243467472835,-35.84199717544457,-57.968931948201245,2.785685839387576,-10.619670927825675,-51.16897715439858,-74.84829520901158,-11.898744588240097,-24.452261366980665
2290,-11.878348223454017,-21.757161824905296,-28.248609688853946,-35.90373087432396,-38.934212713412485,-36.2181793052856,-29.32914484709054,-30.824398581290268,-4.884718612508614,-4.508592731600266,-50.307252697570256,-51.82418000503352,-20.214107105125507,-21.179405979380295
2291,-8.366556260815221,-10.89730677343498,-13.910755261911016,-11.638990382313938,-20.617871007997355,-27.244884785593477,-20.048826377980284,-26.846703661931638,-5.763832090782593,-5.650412487681281,-30.543770246407586,-41.35303340301305,-4.387948637241938,-16.32601006035243
2292,2.5184479616842865,-13.853973288849662,4.639150099167162,3.8337698499756607,-7.34841679371927,-17.028343631724265,-2.62169116796496,1.8003378862871222,1.2710169097829958,-4.790007055278199,-21.132056066583743,-37.3185230356602,15.799039433451185,-7.734484332656574
2293,1.3361842699602389,-18.63197455844397,23.13627955618557,28.92946148229353,10.62493676354247,-2.3605588447753214,10.304842814978189,18.067907791384165,18.668249965523575,-1.6709432904615942,-13.258035481752746,-36.120315136378366,43.8873832694425,1.5214142922649907
2294,1.1464919584916495,-11.866543144137953,13.660849340974524,20.411172953683163,8.575503077560315,-7.901235057789423,17.164586502452728,12.785282376819614,13.99143990611762,-2.9943123584955202,-17.343525905268418,-32.04943775236568,32.32687630616083,-3.4072427167629944
2295,-1.1007506627700687,-4.287726869096984,28.720827056797386,23.004970184433223,25.328852679613636,6.085564435745617,13.775835711484417,16.03905007529523,28.980526078483013,5.78979860259169,-18.91856521641234,-34.12723553198796,48.70072073660633,11.72791884132035
2296,25.30124632804718,17.1329511412554,32.18806043918577,36.076957416951174,36.11732360686718,39.89466340368032,19.488583192449948,29.20387957107739,25.170775232124218,4.209124966618478,-3.4877861122690645,-17.91342714238789,62.05194394906421,31.88257806823499
2297,20.235080379426776,40.11126831574933,6.411906540619063,12.398714701459916,34.23975422687913,54.22396226012541,-5.192602358522009,-13.742732466778738,15.174736873608259,5.303323403097842,-11.78082275231447,-13.195895335675752,44.59132784662791,18.07717814881032
2298,14.007075820999326,14.347780143471809,40.83802226795326,43.53573170804219,48.83886784609771,57.83181188428127,9.50477153307855,5.84536115950074,27.03037074570072,4.640360015062951,8.547158439816702,-0.004537180103203376,41.1935660852824,35.64727976395789
2299,22.360813326593835,15.18402424058301,59.54086818531763,56.47961761106932,47.827119495983546,67.24594491769804,31.39254140949303,35.56100611974223,9.422033336064429,10.096488174476992,26.481380661236933,24.293122883469138,14.005524023688231,8.752591349307405
2300,13.126722914774128,11.64079695723007,79.38521414862355,83.07805823281093,51.88874368545897,64.14114265641334,51.54130567975198,51.788675414837726,6.406732081278854,-2.0828172300557317,46.3480120044832,23.051614041168087,-5.715095101010794,-13.105661735559925
2301,17.31618045347553,11.082970642594203,73.00034692211123,82.55551579249871,43.005614282845634,43.532438918563685,66.38627196704222,83.89176220797523,-26.448701325824956,-11.147904891914209,45.132439759398615,21.01329068839799,-31.10329370402761,-36.74233997932632
2302,-4.799545078764051,-7.742728374733164,17.997396376948767,27.589792180440824,12.95108601481829,12.308559958875984,36.40749163789412,40.930678317878645,-19.09969986081763,-6.587447875253776,-10.509756567421352,-0.031769404112394595,-66.88812717909185,-55.876302084821624
2303,-8.637333857283812,-8.707936079367505,-7.113178232761826,-5.157526149582824,18.60061469863968,2.7395311278043444,41.345508802281714,33.31695914666243,-23.949855655971007,-0.2930268504430362,-17.275306054444187,-1.121833260625494,-78.87590189218744,-52.04116548023879
2304,-31.866409386111116,-34.55327102812248,-22.900077079067046,-21.483050538533185,0.7502965995014788,-21.445496294798968,25.87739137115608,11.894810558495063,-13.22898977801844,-6.8134513923090685,-38.41185484033969,-29.583493997123053,-59.32599251617547,-46.408106705575854
2305,-16.47478185842977,-18.077510836816746,-11.452686013557043,-3.083711905545733,0.26995944690642837,-15.644385517199538,28.231157196656834,21.771082816323325,-29.018892269240627,-17.891368858523343,-22.44670453970101,-17.080147365407825,-65.68872447752975,-58.40618973382823
2306,-39.22965129129306,-39.790903297058364,-30.35812281545419,-28.56278482150315,-11.348122019264014,-24.557432792246168,-16.716982988877174,-34.56090407600174,-7.5820204512097815,-11.40828252051299,-14.654558163451055,-47.90943701200822,-9.451199809107774,-25.315977281278414
2307,-8.278836684007029,-7.987354275044719,40.018050666722985,36.333167632192364,9.853096831976853,-14.19049406226398,32.17957096035921,23.655602291710824,-16.873285123106164,-12.214012107702342,-24.817938679261438,-31.629371300715675,-24.71149950636999,-39.29881171993317
2308,2.71379528119873,1.4110308525208843,57.43592503420735,49.88097686640331,-7.8402302065468366,-13.278604632911726,29.46073672095924,32.66698144594752,-11.790348500912947,-17.925236066320963,-13.837431911276783,-6.884394806482007,-20.686781338153427,-22.65069398831142
2309,-12.10911878027319,-16.484439510210457,50.13353409213649,57.01911566880122,-17.522729118645273,-2.1397415538171427,32.730693184799925,46.168909689455305,-4.401121590184338,-0.612706310726133,-22.98145565245892,-6.303935906035706,-21.77439153324841,-21.503531901087726
2310,-16.63937480202584,-26.350826439780597,18.782352056878665,39.13808990971593,-26.905033826163656,-17.835937898417846,19.46273866901732,42.860925638332255,-19.567317426084802,0.09878801831847261,-25.565946675818253,-6.167298532747838,-11.403687519027367,-14.196992494384368
2311,-26.92072289142038,-23.929882798275138,10.625876241127676,6.5013389085090925,-31.494924144091215,-21.42499208858518,8.931600981569913,25.064253315231007,-3.674142417824566,7.212757010836853,-28.48232062922876,-5.027110949644342,1.3882181516562233,-1.7134589207910713
2312,-36.300254580110234,-34.45957861292059,-23.598713472796508,-16.6331114971301,-41.903758504610764,-40.049097465984396,-9.254973992132777,7.674044748693278,-17.491101572263727,0.7392777125911527,-37.38224659411038,-10.56701593096737,-27.017675273802745,-26.043820615982575
2313,-70.88367291668561,-68.71494220642019,-44.74622376181153,-52.93639221355172,-64.57802118560637,-74.44203468662356,-34.924160129613234,-50.80087899978281,-9.278710816095938,-3.509993399199156,-93.41529442541162,-56.51388732796167,-47.58492137004725,-45.9870759637592
2314,-54.030830427395685,-47.58747455481278,-51.023700476263635,-43.1049783887902,-62.664333891760855,-56.65603661998523,-26.508450071211037,-26.60728566455008,-23.40964290861237,-7.679447166363591,-77.50699712175869,-50.227311429599354,-62.15902310376431,-44.69050769857567
2315,-44.795072539309174,-38.50270062303842,-48.79279258530363,-39.63893573275201,-52.84411145987006,-33.72100190616585,-28.72615882424878,-17.323948232898907,-22.08627362717304,-2.2282861646793575,-73.83578165823681,-26.349643966790893,-56.61505513672053,-27.041271268718614
2316,-25.38636995735669,-21.268521289494796,-55.045367922691646,-40.84243618227489,-43.10328969680443,-27.171604119991862,-27.292315369205145,-10.092844940815421,-9.347419281703724,4.574315670824725,-47.779761394456045,-11.441760755231046,-59.93433105002154,-28.670431050576507
2317,-15.602366995134007,-17.64186838409587,-41.535391441184935,-35.07641535666323,-23.179210889567415,-10.041275822229041,-21.064733179029954,-14.084894976343396,-2.129407674433056,2.8502626363372947,-26.659246227064386,4.494669296691015,-18.228318449281364,-10.952576578935577
2318,29.462465423910558,25.50631317987255,-5.551967146767832,3.3032961402349605,20.940378365999873,26.824193876027273,23.738834467541547,31.113164564575065,19.915300686393696,1.5799503029422157,29.441876276574032,48.993325597294856,22.32908793094087,31.38795445355338
2319,2.4895563042837825,-14.38659745831431,-12.47589293225475,-15.018958293213643,-6.500020029345175,1.2273064509915284,-19.58836512709982,-5.630219302576996,25.144193532551128,2.332363044544466,-38.40124030581522,6.961732627268461,21.720451444600336,12.354095303475752
2320,4.126588807074563,-7.805192412351648,-26.64893826996416,-25.852337081593596,-9.542646771600618,-2.043818562031606,-21.374349921085873,-23.157504067278275,4.0854161869887085,0.616938046706597,-30.587705957582735,-4.367288311244905,-10.774388600664775,-3.8859761917253364
2321,-7.189476422881498,-13.716083459031559,-32.17616769732993,-22.920118006670595,-2.0884886424166806,6.421883065546292,-12.167259347977007,3.4209342395128908,4.8537247113586695,-2.516815195563024,-37.877065707062,-13.63640223989626,-3.630519350740126,1.3654812509653298
2322,-17.507586142479365,-35.861853247541106,-32.52356691177072,-44.08507634136778,1.5291439735333903,5.030093079775155,4.129815685243329,11.937586293033036,5.153645108319872,5.71811161189218,-33.11025121166996,-20.222867965201008,-16.416635270736638,-12.971104501559749
2323,-8.249150416364381,-22.976148275398852,-22.00094347907738,-25.98841774797149,9.660777008567353,7.759008035115667,19.14572770703726,10.430703993962048,-2.981790877750568,2.2095156832224037,-34.62019419573098,-20.025946080993727,-30.772208991131436,-37.051345225552076
2324,-15.644133390513913,-22.240137992408066,-22.612896689958617,-16.60155460999805,-3.04435389588007,-12.22779807482158,7.885554373750625,-3.1266927523850137,-15.744017752811809,-11.702789816749085,-31.469308171319575,-32.915620483214056,-34.84149226705979,-38.06923120459794
2325,-22.398121341225256,-20.089216195456125,-24.599259458442972,-2.839806294897749,-0.4904765085301026,2.34887503648064,17.843840734692076,10.339927572573455,-4.893142453278588,-1.9539555258008112,-30.08214304830502,-18.31297292838537,-37.81601285722992,-33.251870743777026
2326,-39.58210346546508,-39.22263653690591,-17.26871249468743,-1.3439457162020385,11.329549542131263,13.271619533383452,27.716529211417985,17.509188451610918,-16.00552976334583,-3.7739193125808193,-24.24701886560042,-24.607837768953686,-34.995804925605064,-32.03013167819287
2327,-1.4116958451991575,-5.967829696556469,-11.982873733751779,6.91687657734515,36.26093862641318,28.981790911968194,50.527076024466695,41.32937024547532,-21.124048062947136,-4.655755787617503,20.516350022662117,0.21090880718273722,-24.982711286806403,-24.67013368234111
2328,3.454205069580691,-0.8744244741865312,-13.801568725686218,-2.2446698088146633,38.41854748640429,14.242055514158624,30.779969411883766,26.800019200622557,-2.3959650824580074,1.7446522752459865,36.84162145432877,0.7747017976456224,-6.380202094660873,-12.837787034382734
2329,5.142518035552423,7.926819302084455,-14.531337815044816,6.96843097170566,28.854133007332596,16.161827391954613,20.551247882155792,14.624541506800941,1.7323055085066368,-4.424613532287931,57.48476446791265,13.809531577427355,14.327506811616948,2.355691882796275
2330,14.469458687234622,11.402154089355696,20.073818283474758,23.32251886249192,41.08339263665148,8.75373587082069,30.250295600599532,11.513413766588423,21.494540307858472,11.03242005478922,72.7693703416035,34.04207365708564,34.82752129843426,18.088425216645547
2331,13.862234612015833,13.47105755725096,7.445094023232362,2.1321329623135794,36.177110603128085,17.634153574533155,13.602949071096328,-8.890478674423537,5.720580844744895,1.1589511562743786,95.01167797978557,60.80788797680608,36.371902358950926,24.565085865731454
2332,-12.46212944739914,-19.746217615900697,-1.8185381576150847,-12.888638219480653,10.818627191394707,-5.356327876124084,-25.19024264834129,-27.500539933486937,20.521371377052315,1.1583241842490435,65.74509618443088,32.554851375785,42.441591290365814,34.466322844999006
2333,-5.4324511719479,-14.072088174910313,2.4567412922232066,-8.683028799907444,12.911578801631268,-4.654505194720282,-17.763600446192488,-33.84812921328842,15.410877392888295,19.707702429322673,62.43268876679997,10.094062625457193,33.09561716959835,28.95713227435972
2334,23.986404587735453,22.432948257555424,20.088088938795845,10.222936166871305,26.142927902004075,9.586148085077143,-4.776567930525233,-0.08950708727426929,26.220254241850125,15.934783010535998,51.494884582294844,17.301611619058903,33.92015520528796,43.2381906933621
2335,48.55764896528609,54.90984358956871,5.226836057087021,15.609831607837311,38.79008090714355,21.399490271649277,3.1353990589609104,12.964375671457507,14.30365552573867,21.438445658801342,54.59459263543572,18.310691117935125,20.653344226997547,31.902069165416002
2336,62.712170761984176,55.13593193534786,8.150847234628335,9.65547000479376,30.6934917111791,24.0712966639891,34.71730968117858,30.4794198970087,-5.394635773551177,4.696999878219383,54.878909356443685,18.002102046366545,1.3282791944895147,11.821370248684248
2337,54.62098833335972,54.99807263197946,18.60031755227699,14.685490519078655,37.14369510902634,25.049124712468068,16.48556277218454,10.432078829662602,5.487274330588991,13.6617220691704,37.49059154769107,9.99211272327829,-3.6318768616429713,4.302783547484092
2338,54.51251799622734,64.54997899460537,32.288885084200274,43.094194660320255,40.4628465399228,34.67652951231615,29.10210898228429,30.836145205709112,1.8889729697748532,0.021771769988394585,31.660393062031755,24.222998256087813,-13.435469492077187,-11.63327231069847
2339,37.851558669916024,53.848568355377786,40.740112039960295,35.10009550680194,13.576743887575445,16.438197375026366,8.864784902448678,9.483281075414883,-8.20384674791728,-6.097276194924162,-7.650099511371611,0.7663236590511365,-14.910414750277718,-25.75981534717528
2340,40.13615850118366,46.015403557414956,48.420766281839,42.053094973687585,23.42098170927902,20.006780981725132,7.75887604100537,-0.2316448733797948,-4.158927807251869,7.80166825213387,34.7888628918623,11.34938533265843,0.8620876818673894,-4.973616368576894
2341,37.47510409490846,36.66971638124315,36.69096405927585,34.177870528713655,14.140322801148528,17.031322059587545,4.456821013555656,6.9963547142776985,8.749128124012504,11.719109578959738,41.44579483245258,31.69193445177896,11.264908320233031,18.298894194455844
2342,28.198492652719963,20.955946864288734,39.601990032315804,28.80319924953044,19.293153754592105,13.5863345809047,25.389884199520395,13.620265088254243,0.783456412891464,9.818728296596415,26.127321603830023,27.994455630991446,10.884946840469052,13.034342384950977
2343,26.455586679918532,17.839005903056613,23.821188605064616,23.361804726840866,15.561843746593862,15.311493830359538,40.47635774697574,31.1773333297313,1.8313437677160327,5.578695563746949,29.500378755976595,37.10894125310387,-5.176656877530912,7.087125851057834
2344,12.959007338472547,6.2970178612851955,8.793153737333398,5.2690051147061485,22.161855020148806,22.392017250741485,22.966857772864284,16.02651642245805,11.560806467710435,23.589910734579206,20.577431152951156,43.0428324752157,13.589346452245906,26.122509305027915
2345,11.071055930963247,3.585618832161047,8.035373969471761,10.43886275318597,17.829449662822498,25.295371774286412,39.80450937531467,44.94520174176798,9.615145686539153,5.748251144269243,22.337763871706645,50.06619596098987,-13.548231937163802,17.024010931933933
2346,-11.186106230128043,-5.601282403492637,-1.2173784134353702,-4.475367305967676,-5.717316180069484,0.7485431683466822,11.357245802691962,17.247196988860285,12.078948862175693,9.416438603734438,-6.792798074674489,24.39429298254994,-6.510836152781666,8.972768968452515
2347,-11.138400470372865,-1.4454637499176215,-1.1344916681734274,6.829764664275876,-0.9703295971986147,5.001995649703673,-5.322156626884614,9.301299950571604,-1.3645120581057162,-6.470425171403827,-33.560258824943716,-7.632596677316067,-24.255239305327027,-21.21185560022167
2348,-18.296504158597568,-4.2552163298216,21.75065211683943,1.4792582998838535,3.3352105334327753,9.833670074237222,7.827428300092651,7.110480675260655,-5.484551025308548,-8.559975605540277,-49.19563736950953,-38.77139941246986,-50.438353890982135,-45.83052444603438
2349,-9.077206212972776,-9.83955645803766,1.2265482352449137,-3.2388400624794045,-6.436770956620538,2.5852948793454082,-12.08708321883371,3.5194430345579852,-13.885972595306823,-11.012946476987917,-49.977626244525155,-50.959297784280544,-48.51608662992255,-42.24695184846389
2350,13.99692510751028,14.882510621093903,21.198024822031396,15.914234509910962,6.722745231557261,10.208260483937902,10.691216420350504,25.33175814063721,-6.206951592113838,-2.66298014637636,-15.393527555838247,-22.675279916757816,-32.94928687425926,-25.401290315823918
2351,24.672706499722622,25.641407007685807,-5.247499066377542,13.670854975870737,-3.850029219022608,4.187071243804317,-3.775725834490825,25.150354755296632,2.746205944340932,-10.810014146376615,5.693787848770366,-3.62293077911587,-30.81464724182187,-15.597954700062637
2352,44.7644717701145,46.60618707206116,6.955226549781245,3.791535619100176,0.3171701559100455,15.538443148478013,6.944866265874757,24.55803059995434,-9.575410461001391,0.41536405839254886,32.40022149891875,18.78192454640388,-10.693146143465473,-0.3767400810460696
2353,33.389396393938235,40.2515991887722,-11.890500352160359,-4.242709598088639,-10.477101734429073,-3.170484804316899,-0.3569707143048967,9.642303280777934,-7.964447994543288,-8.450979923270491,35.19024036567838,18.9918463802983,4.441141066176135,10.196348261306726
2354,15.851090095141725,18.00887787231652,-11.243345152928361,-15.994919129220154,-4.849951040094677,-5.71688510369969,-11.577308945080151,-3.800106985447301,-1.401115241306514,8.527089918698397,23.58802704297171,22.413515301998206,7.298637139583633,8.461836796155973
2355,4.600115989113833,10.48101018054178,-17.34268481037498,-10.926594108440014,-9.86103794609371,-12.558755256829015,-2.275239662106979,-3.406603856498731,1.0484675106137187,-0.1478084325344855,12.349996587876104,12.339663833013194,-1.0283101284987821,4.495675848242976
2356,-16.19887337701363,-14.85306331101494,-27.838268605186084,-27.985778432161148,-27.865311374760196,-26.694711224798972,-22.17365040505111,-22.913982328184638,-8.69270446346854,-17.632573969600017,-20.214439271117925,-7.462356992362629,-4.650334712492652,-16.07227424567986
2357,-13.011923284556278,0.5135186227697224,-27.752270047318444,-17.22462121788624,-16.781821888724036,-24.17786671735367,-13.455911592171502,-26.137171926491476,3.5621279570599853,-3.31819279932753,-18.58740070259831,-6.276275870212299,22.049837220336414,13.133482200801604
2358,-16.49284862773744,-22.532930072806135,-16.10197580728963,-7.412774959856449,-12.634002158967242,-8.69490479566934,-2.501326370591537,-14.308104470316783,-0.053997209854698504,4.400356224298862,-21.46013074852376,-25.035953053077478,23.237356193005347,-0.9523510629463808
2359,9.346682733674937,12.537095867582329,-7.43329633903258,-18.295852932344303,7.287415994512946,-0.4541024375401409,5.124849650620661,-17.800479836182202,10.343747642006647,-4.786308992726312,-8.411325108670809,-27.178420076545745,16.455836741872794,-19.650795718309695
2360,7.341348022523574,9.516679708784771,-13.461270745318776,-14.954213964080779,2.6364216250863857,-4.081683141392423,2.5028808325704204,-21.025664607129578,23.299260392433172,-5.858172201487395,-26.53659913027947,-41.145916241476485,29.28034190025337,-19.437603667253278
2361,-14.05643667500228,-15.563661898246037,-4.967142121060841,-25.6851645761758,-14.564551782029262,-33.61675173555555,-1.9021604403625265,-28.696002052891043,3.657662713194194,-12.482411379389728,-33.48208363401778,-65.48715120090509,22.562146268323033,-29.703246421316614
2362,-20.34506511261396,-34.28485935810584,-8.200986136980186,-32.08342705945617,-16.57957748732844,-29.044759779909814,1.0762664790201504,-25.469170392591774,0.1700452159417507,-6.0082575906703415,-42.84769988963526,-48.626986819022854,26.215717105849823,-1.3367155206700387
2363,-31.265301208187154,-34.08432642426498,-4.410099741828912,-8.176416995378066,-13.001118323368777,-24.59553443381602,14.11589500674705,-14.599639128354841,-0.790784377641503,-10.332634424453502,-31.728823463019477,-35.61549500522397,11.375469568885004,-5.85280131456011
2364,-49.51891677452601,-56.74695974598238,4.612568483742629,1.2019575139948624,-26.052120952237978,-38.11626629048628,-15.006097743651582,-44.85437190992572,-3.8960407133154926,-6.46026146012508,-37.769555877499556,-46.96785336673951,19.599343515723618,-4.07682721516444
2365,-40.57720136636715,-48.00009052401603,20.624236514941042,-0.8661095386137756,-20.747494122585035,-29.14706010202962,-17.631862012557487,-34.61043376021371,3.750778346504909,-2.417108338840994,-43.72145864973467,-34.88116574550625,8.160469841043959,-9.198259328226065
2366,-8.889366129127838,-13.348213597207598,43.6634122348492,29.68506787873787,-3.9882128254392772,-8.353293148863257,8.868170787607253,8.601985788760198,6.765215105729467,-1.777710951953301,-20.377152516109177,-5.215372106637947,-5.427858886223432,-16.03743372483046
2367,6.024536048242704,8.562175536597444,32.40111939388531,27.940814919023374,0.7747439077844804,-7.734644655687356,0.7352913102383584,13.4126146290875,8.274146455597739,0.044965526324572735,-14.788541830806734,9.15014041689394,-7.2590116041557184,-11.787599926747708
2368,29.123398894558136,32.474126879666535,20.293521776108573,23.169623105471658,28.35910411860301,23.10751016634193,17.21044016970128,20.22916012899593,11.005050653046107,3.3132778786311126,13.53617012435191,42.32201892219969,-6.077656925196882,-3.7634941549506866
2369,50.852860644355665,64.29585470485766,16.703577077393273,20.23121826730659,30.398022807035463,28.546136185330756,19.920872548848532,35.93900948731065,-0.8641995390045348,5.74793417961529,28.591952128461653,67.31659481352477,-14.814733382067477,3.1039971595767395
2370,40.073206053100506,62.73380648949643,16.325584464811215,20.098412825888353,27.5796596529064,36.71454816560466,1.22295208805001,10.324059966476215,4.092088627444897,6.0353945739015495,36.72562068873294,65.44213972821356,-13.360021094811675,9.658995549366486
2371,39.073573099746625,54.35617530197894,37.83567995166309,35.56580759565508,24.29583535099603,36.1344330879197,4.903760144946395,11.129537401304622,15.98594110741339,1.270232681729472,13.878395961041713,50.62899559797831,-8.598988912886547,-4.725704704016166
2372,20.520258138617763,29.418174712428446,48.63793387943164,53.5822142555949,12.21753148037491,24.417072315995593,-13.086051072683668,14.083594279008173,22.07955304194166,6.847027730534535,-31.136008069789316,23.404860772129865,-22.588843030554195,-5.735769253094045
2373,25.86887596375296,34.55252156705875,31.28638259485547,57.690921806870776,2.324742387650871,19.061746618642445,0.7692746326103024,40.27770240283388,-3.466212877945098,-3.104847051651536,-9.143289628301908,33.2528197461772,-40.219243871956124,-18.636305998232487
2374,38.18840532205759,31.94766075273491,30.552339764278543,41.624472374474756,6.104582818662369,11.960138857330723,-3.455333234937418,9.766052324280432,9.607843125623363,4.755735125011155,-15.446336920604246,12.52804625456297,-15.265518928515073,0.5358249760692075
2375,58.7680454661434,71.75197134287758,36.87502190183264,45.34783468287488,17.107973103152318,27.96921084859229,31.26615667855493,68.4687589877146,-13.139164914249696,-2.622462554691137,-2.2146829164966597,33.89786674392054,-31.488375850552764,0.22315940227492606
2376,43.09054436958931,47.97741314324656,18.854309245626208,25.79951482924588,0.13356452731235824,11.688652177514061,30.06106545824931,46.76068111972023,-17.37566301180323,9.184849531215459,-12.013412335364606,29.29473825355141,-33.39648860140501,-2.1477589949591063
2377,64.04489070450049,53.40414166589046,35.32696281777842,27.144215766578654,14.536767756287386,19.395501947079115,33.10576170989289,59.18411524627578,-3.835571085025336,3.41140713314459,8.521394812801741,39.81551093346518,4.279868752374638,26.04925823404488
2378,113.22675460728875,108.5986925985995,72.90249093530058,64.72476555388887,51.07373038037086,50.886554205743536,100.44316594847193,119.99089912552287,-5.589870180127881,-4.473418196143292,64.77874308784462,88.58351211058257,-0.4158621634219468,25.787607236609237
2379,49.50654102580121,48.15441902141247,45.53013327388817,60.29965331873892,21.732931678283318,21.129201463679436,63.58201199146585,72.32332990430089,-3.9855958624624854,2.431532248532883,45.85513290993854,47.4706816164971,-2.076774006612825,15.393571659654082
2380,73.70267874753812,82.96166785644246,70.39699441305021,84.96498064085279,37.36540230893866,44.4940734684797,76.11932514492294,90.10954771431923,6.595469058079943,6.734645824957607,71.40761519682255,64.3025820407264,10.026748364159134,32.65305318198727
2381,71.3973044504873,73.91766365197952,82.30036822441419,80.37200913757039,48.45446250299007,59.91398766212687,98.79943184328867,119.90498613644209,-5.678508946728197,9.827527115109715,58.122633561332094,81.64174837776606,-2.463027247485102,20.738677247147233
2382,55.66729169230934,65.96262579419222,41.84296690235846,58.07620891905092,43.789734979230445,57.39815107111913,64.64737214601566,83.8063473131747,-8.4260868251437,7.710815863792151,24.8237982246329,60.29449518424555,-13.384629321877705,7.3768589348465445
2383,16.03330201144617,22.89989610783459,-0.9180995336590133,21.695825994294736,25.326078503331168,40.04159418243897,34.267795557060495,43.590394666037724,-5.661666196832642,2.898660066379058,-7.909107818455084,37.763504297066596,-28.522986997437105,-3.833794512225278
2384,20.406554249605897,34.77451999098302,-43.65553341568516,-29.682866040147083,14.0314089345529,37.24816991429027,8.856365964562054,24.45093424447194,-20.823328380394173,1.0427963761253212,-24.737618249787825,26.775478909197073,-35.58432641274029,-22.5177439567158
2385,-32.60670933060431,-8.875230186989585,-78.66881582425552,-77.97327985357406,-6.0848326030845294,18.600309362709858,-47.39785285784864,-41.436028305262745,-4.886795115668005,-7.587684042578698,-68.23694678378075,-24.357372277974207,-41.176952728783164,-33.50009562440676
2386,-35.83675821668724,-11.568831712919744,-84.29257353597677,-64.88109645997598,-14.242316580103758,21.115467963657697,-47.419447940677244,-26.221591102783123,-14.77303361737661,-24.43813527968082,-46.03239974796811,-26.79954135943786,-57.76839200643262,-50.83708613609297
2387,-53.5357743187832,-37.346056594181775,-67.74300090923639,-62.86722274765154,-20.489506067791165,-2.5451945440216184,-61.32466928173849,-42.70321765634179,-19.5457836641888,-1.77238460042865,-31.16894686717736,-37.3627775745602,-49.90903626814796,-40.01946346908051
2388,-75.7798105914598,-72.94407077318797,-77.500050843968,-71.6417262943203,-42.71539314327269,-29.577354111013538,-62.921439145041866,-47.24596169107751,-25.447782697515724,-13.81626692628307,-51.11691211995009,-45.2045284141855,-57.255026998847356,-39.883416050747186
2389,-58.513847647654124,-65.1371739112499,-65.48226727744414,-50.54766607922922,-42.4749570732245,-28.170357267115953,-57.26815530979325,-63.24144809435961,-18.50812327362411,3.1548058859005907,-15.870922670755661,-33.592303048783464,-19.241827207524725,-4.257319438426703
2390,-49.70371464825952,-54.90582459907499,-58.72817630741321,-40.627921069646455,-39.978289000553566,-24.06909213967588,-31.289085762816175,-19.649753561106884,-0.35890268970022277,7.938066007881402,-13.042181008572573,-24.437188630626782,-3.96370528383795,7.3676505773394005
2391,-37.669069309810595,-52.005338591881156,-51.396413356064905,-31.655495060652882,-25.24312219539044,-12.601530739667663,-24.66689533354375,-14.310414097162047,12.25076216075437,5.452975453586849,-5.8901577148139745,-18.28076689461019,29.640610928044232,24.83594679953104
2392,-22.56133643360837,-41.85888591677106,-36.94728661915278,-29.544023137627743,-13.591200960241283,-15.075041596009422,-16.10916661789826,-6.722984026403306,10.31771473273943,12.510453237246882,0.8875233763586383,-6.202936024459863,49.482391783234625,45.922714000620914
2393,-42.600935784630046,-56.996929237261284,-45.90684085775911,-38.099487270961006,-24.925216823363826,-28.327337735275883,-29.798120505992113,-26.708241647424842,11.381404292932459,14.51123140496463,-22.434778759477304,-22.06107216222813,40.58576795303054,51.755083649199214
2394,-46.29781722434618,-58.668653829118185,-42.80013286981037,-39.831256065877355,-32.91282726218888,-31.1711914991545,-47.57300468468806,-45.59449308696558,4.528942680021495,14.817278426545773,-30.44353983090619,-19.03208922605898,31.043752945021847,50.92068786437904
2395,-54.76561463013086,-60.50570171089982,-58.46263025966066,-59.47037237418573,-42.16190015928669,-30.01515984771634,-75.40202194752855,-70.89593436029288,9.388525364714654,14.735971347220179,-51.8048689981935,-52.527041209485056,35.92907821996546,45.97734861208866
2396,-55.0385026352544,-61.71835261710626,-33.79248171829396,-42.236003610073396,-35.338071119410294,-35.47793650437596,-63.24188648972824,-73.81042799954437,7.741345395647191,8.594939093202248,-63.14578633145718,-69.39297153704052,34.36407461902486,43.52467723487421
2397,-56.793442446377995,-53.63698219844293,-18.568992910192268,-17.61099095834264,-42.0929594836614,-21.59734105216977,-55.97407787988106,-46.088624694431516,11.473709006143238,9.40664104314058,-66.48541128277203,-55.17791467873555,22.50021219180735,31.049245906618943
2398,-74.84107659589172,-79.38423198693563,-30.933203460299115,-40.461262603052404,-53.99462181519293,-33.45978746953341,-37.1291547483013,-28.960627523886807,-8.416672280113241,-6.3040563921461175,-70.50786660812702,-75.75020650217925,-10.52649400348214,-0.886073209887437
2399,-34.292176420117485,-47.969189915983684,-20.780686247783823,-13.603787015269912,-17.859607678837914,-18.278812769980775,2.5533768457934705,15.112421267072317,-21.392062024165494,-7.428730689281348,-34.572457307701306,-45.34281893005584,-11.504224897737524,-4.4533410267927245
2400,-7.936028411071738,-28.80242427945326,-8.318670414887746,1.8948832378246165,-9.372769530278394,-10.590519390373867,15.534620168249244,25.606855223201613,-4.541677573091888,0.46903309094981616,-36.05730370065806,-41.48337926931771,-9.655435275395284,-12.85752872938158
2401,7.619615233064035,-4.674164285147675,5.61782119209539,20.585444587235333,5.321236303130436,-1.4231525441101456,23.806035332979654,29.859622049778903,3.811456925405056,4.813311522667796,-18.126796791587353,-29.470307900090013,0.5116267619162456,-10.706253314388347
2402,24.47133787992855,14.593357493290954,14.829688132238976,34.24551845372735,15.67322757638717,8.426538205783059,27.491508320874463,36.1035509416526,7.7253540129842975,4.745842759776118,15.392688816073708,2.5024593537008326,25.328754584775773,14.280853131865296
2403,-15.241590352534091,-35.2770399587146,-15.32586692586522,-9.7283758788517,-16.023805617484083,-22.173747884059456,5.7280562784493805,-1.6390508901363625,5.431703900458519,-5.668539044150336,-24.074246121821968,-32.447285874443935,0.6894270814287383,-11.519455039095183
2404,-22.823161833580553,-32.05711199760045,1.4206437750219811,5.376433075054827,-6.908362166560376,-15.34771416892539,6.35028782401188,-11.619696561959517,15.139571534460027,0.7559457653055526,-24.147867750430695,-34.24806302382185,16.1879348197533,-4.399865324102404
2405,-20.108928858809396,-34.70564187976744,18.305975753786303,21.239133325166755,-4.567468959037289,-23.64269109115103,-0.35623543077594555,-12.393739119483069,13.502528545745308,3.5400094560773314,-50.1048362832549,-46.76207807796613,4.614201885478178,-14.056629799546416
2406,-29.874037434350345,-33.16711138797834,23.795626189743725,19.163895794494067,-16.274581812949165,-30.84338118249957,-18.908002671136693,-29.94096860882929,2.1808780790884263,-2.403423358993463,-70.66998985020504,-58.17765425263368,-4.443370776098679,-17.85815902520294
2407,-31.74309663219497,-33.43676143681944,16.559755724112787,5.152140946791926,-25.49588331738308,-36.92925639378241,-16.528806568228052,-28.39313519902631,-7.336556744079945,-13.047348699342741,-85.29736383587557,-58.604766460239226,-30.53838790398243,-37.431489506663496
2408,-30.147857053141024,-37.17289812724388,8.372287490125824,-12.696920047557388,-36.70893148938944,-37.94772210517892,-23.22692744807863,-40.824771444280294,-4.938299913844638,-4.360623304467355,-58.46903455645376,-58.57369230457008,-31.842977876289957,-33.97724518913719
2409,-11.558997368484235,-22.881460689707904,9.233207988435685,0.4667415869660766,-33.635419295620075,-35.39996240218465,-14.409019109883351,-19.225780877100455,-11.511085641637072,-14.066161880630627,-70.82148485087276,-36.43945661900804,-53.619010088596674,-25.063875152983044
2410,33.91590684044489,37.52562150400089,42.63741815761339,27.07539893701087,-6.620997065914332,-15.74534303348583,36.257323325507095,37.58983683812316,-23.605021548495483,-12.229955917206187,-14.394555959767482,8.09000729582199,-55.702978636752746,-24.66471799048427
2411,45.91019758713065,45.52183672590509,42.07012878762257,45.71416411950941,1.51807994991098,-3.909718576520683,32.9261003040054,41.91943091193327,-13.805247759642144,-1.313526110858938,-1.3415664276843389,19.645662315339543,-35.77894591197934,-15.137272746306422
2412,62.70248551967835,72.89681847477263,45.099012083260305,49.79236151625343,20.81811657959353,24.00089866116779,51.44248964067851,72.91864520967471,-10.443459712520239,-6.153791676636825,45.539881805321556,47.539185593270524,-36.98708413621341,-15.132972712653022
2413,54.270539517293834,60.42327089269439,38.39596662588006,36.31609960652581,32.54242004361566,28.012024939686373,59.241724277102826,68.74516203840747,-0.7005815331437931,1.8174995739220847,56.41856013793936,61.15869253944194,-28.61140535693358,-9.411287214274404
2414,32.58650157459666,37.82706218551551,15.506155033137107,13.861569246643517,18.726717104750215,23.60416894845722,51.015771450234574,53.45686093503955,-20.812348312699125,-7.131057262134561,47.42236133700039,55.52043692610074,-40.522364048363656,-29.213252527829226
2415,15.679720632800704,21.439427898097097,8.311152462700633,0.5729876502567626,20.10779543135744,16.424169993216765,49.0161779803176,37.093104354199966,-28.63671862439212,1.1986814480470134,54.90172263366343,58.682814834645036,-45.43815643332617,-35.881206536069264
2416,-17.61949398224893,-18.384453500664605,-10.384333339628814,-15.507796280756477,9.830094975125554,10.771696599169493,11.301768102530415,-13.770410498134353,-25.31777947941698,-7.240051544469341,34.163194337605475,32.16336099382481,-39.64982174752462,-38.77575120885165
2417,-35.19631159488411,-34.18088660640578,-1.7094173829997121,-18.19471932077677,11.478601119024075,7.928149605520202,5.000216698938322,-36.09579191658389,-13.436998878056777,-11.665910689155108,28.214945458778537,24.1336953668686,-31.119901650796002,-40.39116692543548
2418,-35.388837772162034,-30.08674768789359,-11.066490235753513,-32.24353725795842,7.38307438757034,8.72534226642232,-5.349907965649913,-31.301427366629657,-10.388107913151124,-13.394631558133975,21.34925788238597,24.097062480032815,-37.063262189361495,-50.85335053869491
2419,-41.313089115758046,-34.44400040118142,-16.7127536209366,-34.802833722074325,12.5115022803449,19.418424363858655,-8.457113127212077,-28.78871092237523,-13.835480839514991,-15.46971316253429,25.067497358462216,20.01604069091946,-43.551574591695186,-51.84835059402007
2420,-41.82809058811918,-33.08461107253346,-18.089222702835247,-3.8171988842852356,12.869296509050667,14.656774559328202,-6.664975267037398,-19.82647821649935,-13.148888542861812,-0.0625967854371603,21.145071748461355,8.471519041327578,-36.64973557754173,-52.20254482832973
2421,-42.81772344055278,-40.546390780416736,-15.929338683509629,-7.017854368582231,8.647502301706751,4.607969710612415,-11.765240461206778,-22.628598777536645,-10.753442446381433,-2.7891728053694695,16.381477475269914,0.5734092187385345,-44.49143153808079,-56.78660265966477
2422,-31.106513552403655,-27.158364695832002,3.015594384909379,3.3653880742660065,13.139253892380596,10.591229674523557,4.721939308534435,-3.12498685488531,-5.829099933862467,-4.167648613874715,4.509704201915223,17.809103948760153,-37.531796085071015,-45.575014911107274
2423,-18.270699542871633,-15.951212444234576,31.242588393999387,15.883273087305318,16.45759954498697,4.026118716816492,-0.9370470972217415,0.703767834438868,5.659680355543923,-7.970395544544415,6.555155705598377,7.5942367517491265,-12.11855099913838,-24.340984915509466
2424,12.840446813588294,8.652142741161834,30.702984848882224,26.577408080568315,16.523851296405432,8.546277782934286,9.66541847459644,12.668025514835902,11.69612091562395,-2.313281566413701,1.0076243159133984,13.080858902214029,-0.8923143362588786,-3.0995153592568907
2425,13.908862610291445,2.3791368093418788,22.188059231699537,22.247150560629677,13.513396060315404,8.770172305711181,13.111560494566637,22.032578980871243,19.465132235809588,4.9329957468025265,-8.397456806953056,16.67279793960628,6.737482554052412,3.566569905440015
2426,3.2305023814843765,-4.1444148400995635,8.4427738861571,3.7866157562671128,15.449017862995136,6.506315313077441,4.3551270094553765,-2.3851033053498183,29.280811169240053,5.557272284049091,-15.781420146607616,2.4233452035587035,23.037962351080985,-3.6682942003245755
2427,-24.135730443436163,-22.753302009773776,10.205824047488926,-0.2511804292314884,2.1616072192429145,-1.866941785774031,-16.26502862819643,-25.20167457365464,7.902180888576509,-11.310080336189536,-33.419479260878006,-23.30850074226835,-1.7173406827753472,-33.00439279864882
2428,-42.690807688570736,-42.813648008082566,4.735383830090336,-0.9373081449873031,-7.01099179198593,-19.03315127920013,-32.137516985755674,-43.49148779684452,13.34805379654204,-1.17227517279921,-43.481092265978546,-44.2549412173345,-11.41497431778809,-39.83099773797425
2429,-31.481390750320706,-26.571051566424046,12.464113191834342,-2.8625402128991273,-7.336588402262169,-19.419536131239703,-23.97871150769391,-29.113989701251352,-4.822840964376592,-13.958878241422095,-40.94306231164475,-19.185201708829208,-38.890024710709014,-56.22585019132129
2430,-25.22096498822394,-29.40947536127309,-0.7121030953059867,-13.040550773170619,-14.234638876132507,-16.840548919891273,-40.255189398994624,-42.928188326984994,-1.6096121934450238,-6.117334231193717,-22.54099035962632,-17.265030699523557,-28.141911084521215,-37.03705328113762
2431,-23.95290299991989,-26.38816181662115,-7.408413628443725,-16.208840674320168,-17.424468544186666,-25.036937659010313,-37.54877985631988,-42.5770962702306,5.993939541727962,-11.592757141160739,-31.24734707469171,-9.817336536445481,-27.810040825894095,-41.56052513961105
2432,-34.18206815030254,-41.938383454596895,4.696091996201576,-3.898149417202004,-28.603025076980085,-17.242342299297846,-31.50795434887286,-29.6077029327324,11.252841995574675,1.3325136913642928,-44.82590679872288,-10.30493442464028,-33.98281302440742,-27.216659378866666
2433,4.386976417860149,3.1498277164793294,30.578870199352888,31.018521028045313,1.0866717529763057,2.871752553585293,-20.403066977008297,-6.529554099988312,12.729740598742524,8.6562762649391,-15.683481349555294,8.915831073095598,-17.849364292687408,-5.6032873548409325
2434,13.89172348327911,18.155993850634143,32.61764144708195,36.81057444777022,5.678556979582973,-4.225565379808115,-13.658679523950651,-1.633483209235606,17.80891804541938,0.6040689955326255,20.211382823218294,16.107588388156117,-0.499846358008335,-1.959886373802217
2435,20.560716369787198,23.494025133787495,38.59502398895798,43.4278141720727,24.781547194589503,15.098798787957646,-6.68464998399539,8.738291597230832,17.10780587778058,1.9319524071619245,57.21906657204147,17.283826178193223,22.65693548703675,8.095387681570806
2436,30.944244118266177,36.30972572622444,35.1778592979625,45.728052956298114,14.863903721705631,17.755697600137605,-0.5220233287689285,19.63934823658976,1.8205606786919148,3.395108481008468,44.22622586985934,18.190505833165815,-3.386933410469978,2.9146446661679253
2437,32.22693305570627,38.15796740205397,29.976756003189678,28.00681299202329,-4.856408143192088,-7.04849409840569,-14.834197316338555,-6.221373314683722,2.4914715492218744,5.837982589381021,11.625321157775673,9.93812463217217,-9.177894589612254,6.276049651661044
2438,63.79529135651736,74.7651386351678,26.596714767734344,33.39335499568009,1.834561074759011,0.14658817170381752,10.091863024051417,28.325145560999054,-13.285680065319811,-2.960881880947408,26.408887211407865,22.82529325588369,-10.193101897520696,-0.527094633789066
2439,47.920265773023374,54.22187978700057,9.896783388451055,18.917231555769714,-13.251716037349235,-0.8750516461695054,3.938541064255826,21.02988721168129,-13.607954697445722,-10.247010244522862,-21.73564655933767,11.918535135288824,-13.414818657376856,6.549337191661709
2440,50.29057094747972,66.13192400269462,3.149601548411829,5.554313197284571,-11.250905384859601,14.88592080736897,11.265342012208889,28.755945144129235,-10.834471359741807,-8.17487516896163,-2.448020330249868,32.396119405066294,-20.667612014943693,11.070588201233036
2441,26.79938975438749,33.13900449078818,-8.322230388413429,-3.123946067978684,-21.083219261473282,-1.2621849825646805,3.4673247613392664,9.846632400706469,-12.77892268125371,-5.002971803284025,-13.116527411308002,11.36050471400466,1.0236544929218967,5.483621307523936
2442,3.7834890209018255,17.259000531330532,-4.344650216874851,-10.546281363797458,-11.518875952827162,-14.140002752067701,0.23131009527873786,2.363217985940085,-10.808990295862515,-7.559710424935512,-0.7446337880901783,8.520104478234044,2.8146817398961543,4.268145416308508
2443,-18.75287682829666,-7.062189364522658,-16.067347003555245,-9.27695027988402,-12.551229337969083,-15.022847398227272,9.488261737795549,-6.716306414712797,-9.820762617904366,-4.259147761675786,0.3549911146511864,3.3509379931476975,-1.5202062817087227,6.349923191448439
2444,-10.78070092813147,4.2583724098777544,-8.781466786876384,-17.975539903099243,2.185902088537856,-11.834717785149778,15.3954747309906,-8.627071815545866,-6.649053058939445,-16.564514005546595,31.698126720716434,11.574038190229137,4.59306139457078,13.459308385524055
2445,-10.367420139492593,-11.701563774847695,-31.017962038171902,-27.608395199519467,-3.037958187790762,-11.4739527966875,6.642605267369435,-22.013272578010902,-5.0826742300508,-0.23235204569446388,25.669059787149397,-17.59769622207483,13.703479169233741,13.549093271993167
2446,-21.42991116732573,-20.900677514535015,-35.018737388167274,-25.88120538139784,7.225533291774449,-3.7831095169477758,4.3375000999609,-21.801323947064674,-8.809685945618767,-0.4099703106312164,27.890118845651518,-28.693229014653028,12.580556458715977,-7.985081011924103
2447,-9.433644726447424,5.858787711154113,-31.97529054860719,-32.71479608271946,9.77084558792492,-5.733879844446579,9.535085395357735,-11.710991144297685,-7.910733766854849,-8.373863814408228,32.85737235382949,-8.99213903072557,14.832307781224454,-2.4475028833344457
2448,-3.097646542867128,1.6969264891764038,-20.815776243612422,-11.512739231930299,2.734264110633984,-1.087422464209077,25.609939509345054,-9.562830429160638,-3.805044195831732,-2.3107757158035596,32.58679721888426,3.0863497790204093,29.03210765987726,32.338034688704376
2449,12.801512870965318,8.812264987954828,-20.360174184311116,-23.409862399383144,7.297770160045483,-0.5976545904522096,36.088643725805355,3.6908813358639185,-2.103724395269815,5.407548832389601,50.30640873258309,25.534064684899086,34.97534638709401,28.62597865722802
2450,0.9410612503203295,8.5877085313276,-9.34756578956632,-13.290064012431667,12.93633323675647,9.731823666418922,15.813279504035524,-6.168177132322167,10.814297686488091,-0.08371962562657975,54.53961532163604,26.320462748335085,52.796361761910376,33.30647914530904
2451,-7.405371162925023,-5.219992152575303,-27.60601721180926,-10.359443686079649,1.2964641073607903,3.812615536453761,5.493809442673016,-9.590592673026517,6.527901092450932,1.1230211294836057,14.36920409948882,6.374420997492738,20.96977583644742,18.09737990791065
2452,-8.158447561412364,-10.822210258596627,-9.810541563137246,-2.535735238419737,-0.903968952231318,2.4035682933068325,-18.98298513033284,-9.39654449911285,3.2193618905998194,-4.7604056107423895,-31.90079961293293,-25.079663179091206,19.895595247801314,15.306173418475066
2453,3.7657309545531,5.630129933641341,18.09409934379533,11.068964110002419,-0.4171716646098647,15.817992032186414,-13.486053091587777,-1.9444044009204742,1.6169284834960826,7.178967619246591,-43.05844963134304,-21.15693551572149,8.337362506927775,25.476681119815726
2454,15.385025311018937,10.798451379531874,28.088104737982974,-0.5400152545370243,16.915431245492012,19.51840345589381,-11.216893932456514,1.9060656367231483,9.846718560649904,6.120051228613814,-36.03571387857365,-20.28672102622919,32.86277388283577,44.10450662532913
2455,37.638968197154846,28.49329162603482,18.543775520749595,8.87629134306956,17.27215089486698,30.03094900131773,5.735835148000995,32.01993249473111,-6.596785235646519,5.2784936015860415,-5.816798172799189,15.538105093883221,30.78921811262253,54.072265961890025
2456,12.053725825119244,9.422982465013698,-10.493763329346761,-7.908413431624612,-6.538648259328462,13.14485218799316,-21.020723739251157,7.210069000212499,1.5411593470430407,18.596962530244248,-12.665039243233677,3.794562395238327,45.70393067458398,72.21448578461047
2457,-9.827187365856698,-10.23576204011924,-23.62556704943898,-26.73676371536577,-20.258688037453876,0.8313361236791473,-43.66773356800503,-27.59201530035432,-17.749897728656247,5.37868921239081,-0.17618186283888448,-4.066623349036423,40.21324314446119,66.24889101053208
2458,3.635999172955188,15.781175098489859,-12.789563723637043,-12.143996026270289,-9.344986874011983,2.3156680173475057,-35.36897660702371,-18.65847022586359,-20.3718823639186,5.625444765889222,14.658091300119953,-2.5583029354976805,27.519855554157044,51.57940490511547
2459,-7.354944371540246,4.501282702147643,-4.96186376679207,-6.9243769431391105,-13.032270085471813,4.822068282823269,-38.41670737969567,-27.87023291500414,-10.992643130539898,9.231858539588004,26.6305986311892,0.28811754044501314,38.34393864991052,53.99385117290835
2460,-0.7125086867434205,2.240067335915799,2.517889835097549,-3.406770323067018,6.368524950192352,23.551680952473557,-7.190389930230181,-3.8800195724115154,-6.664830240416997,1.514191049938411,44.098873377038004,22.00272993340421,40.38366100699456,46.198660948283035
2461,-9.759823018091403,-10.181551038589113,-20.991275979569753,-23.57184279858503,-1.7654047896102187,8.222752692577858,-31.97958898472586,-26.322235222741917,-0.27267174695476787,1.7766652409972492,26.704000710051805,20.235714045170646,48.78030013759761,53.59099077025084
2462,-8.167466303985428,-0.0009370371647436926,-35.563545797701686,-20.240617910886705,-1.1791763211813304,11.026189909583639,-11.936353826795665,4.191215622201851,-1.2597126875705051,9.929111034268496,27.60517314413878,25.6773857313741,36.39191007990509,41.407850089410736
2463,-13.584180503076096,-12.106619275151289,-38.026151295837636,-30.048428135847335,-8.601699956872306,1.2044198238335577,-39.83237790674466,-24.336609775573304,-2.416652328744222,10.215944463716378,17.262393901277257,13.900206091526552,38.613134180637935,56.68619989535455
2464,-17.43047648366634,-22.90735126871877,-29.52739278864817,-38.77911626918654,-10.774447470077803,-7.658588897163858,-35.28737302938415,-22.982572875426833,-6.412922683843714,4.2309958555591205,24.82152007863432,-1.8187903554886826,34.19498046914583,48.63728553183614
2465,-23.111126076295463,-29.94236761869406,-42.886604496647834,-50.86076496167905,-19.659462194996323,-9.139026118831177,-38.14580010851579,-11.839702283291874,-8.73761705404481,3.1000051803242963,48.649835308791545,8.60737402384877,30.562084639549145,51.24407823110474
2466,-19.147842788180505,-33.774615260321426,-49.44502366160693,-51.93693657895076,-15.610277665526107,-5.803907935506091,-37.21622186919752,-14.833524115257338,-8.235862754930778,9.045253008404401,50.72236332739456,19.268998407640847,33.94521048939237,47.716300602577824
2467,-24.467697846851895,-31.196547268552493,-46.335627999170974,-43.6907814833409,-15.887041043629761,-13.589715171394905,-35.86843488915664,-23.639975329487054,7.696121019618775,1.1493069260800386,69.92718051047532,31.633236871838562,51.99406501279801,64.39723744187468
2468,6.100781866431152,0.5547733254260949,-13.682180372440707,-10.212659342161274,9.368727499955,7.56408953765439,0.005533850607337877,13.83000193560476,3.626085963171492,3.480499215687141,78.11619243672448,47.575736669051544,51.480084802563134,65.50511440287623
2469,10.34777949271849,0.06379990926355639,-11.371956690718491,-2.814650196451975,12.63264182493883,7.423264671262495,-4.493515256665647,-0.5892599338088031,19.092839478809733,21.144293390939623,79.43897001875152,35.500971644833804,79.95361367208663,65.45794486079284
2470,23.586951271641354,26.77038132256089,0.8985540312952649,6.785676508761696,30.962119710645432,15.600638922423503,2.2194911414314844,9.421364310518722,13.126029545789713,2.130937346500631,90.61322935809706,38.997463416204795,72.93742788637059,46.84073468947347
2471,15.451915947286722,20.079049805645877,-16.248956796737563,-7.959619482719115,16.23970853820388,-8.287464602501386,-0.47171331651354087,-18.686474737333963,20.991970601214543,4.258866597588534,67.7094003979278,14.098736045640011,53.07777695608541,10.953109032152774
2472,2.490556595132003,2.455531268023657,-11.954757168300615,-3.3627463997901135,10.465919742998976,-11.114672143338725,-10.908638878426249,-11.665098779200198,7.356436578443868,-11.468462566093185,33.66276013620674,-7.942426082303096,14.643651861868081,-22.842169013989615
2473,-4.967956385515141,-6.489964376526699,-13.322553792758008,-15.620628090186642,-6.28514767964587,-14.249949656833993,-6.823002220623996,-25.960138931714862,-15.208396587635155,-24.745305848686794,25.340588447693133,-3.907230572476408,-25.484457388562017,-51.06213774973407
2474,0.5392842919794055,-4.780618762987347,-4.394540853940676,-12.279143930326201,-0.7942400651339425,-8.107211521417051,-5.812003682722234,-23.628321783053263,0.13558114428937365,-4.016646482036303,19.769667612382918,2.9597868064453774,-29.0786943735713,-40.9889372359553
2475,0.30330536004464015,-8.782235144192242,-0.5034902914810027,-13.43767167408838,-1.1517915997100607,-5.999776825264042,3.7209202056165522,-14.061088259947912,-9.723397934223923,-12.893474666354743,22.000834905603327,2.8579303375304814,-55.03232230015098,-55.89977957514321
2476,-5.960339853031897,-17.461950854243202,-9.361847148453979,-6.965976057081887,-6.378702753177751,-10.163764890982918,3.541514063464033,-12.218779782266244,-27.94326451900443,-6.776255351319428,-5.595154899741443,-3.632980553647095,-63.66137560219682,-58.10245562835626
2477,3.7632160101805567,8.081134839637397,12.556741171213018,-1.6238824367960791,-5.207528886501104,0.14741764290418224,19.78383640009603,10.698469230899736,-15.253413809763934,-13.117309808339819,-18.557524820282786,9.043222062468475,-71.07542364455361,-60.134825168849254
2478,-7.520221036079665,-13.74100948245723,10.279814080753576,7.840153908756394,-4.946945148519951,1.26408497285373,5.9931991189541565,2.292616133303781,-16.515084048731847,0.2762477589638648,-23.09631079669399,-11.535665773741101,-54.28148516264287,-53.90121765791377
2479,15.532298969477987,2.676912712264807,46.509432191381016,35.02647736938744,3.5803627444472883,10.353536399566261,52.495115644391056,58.1108964401213,-26.47629175277508,-1.0831394914917842,-8.730255267933343,5.040090082626103,-42.10276523092845,-30.909542297070345
2480,54.63049270377347,42.44851567210226,69.01020645814545,57.86314406680598,27.863290561058452,34.36201846580788,65.60220326504806,63.81106955674461,-6.49824135567718,1.3580506037475657,7.280418750066459,25.99788113913597,-26.22064630814371,1.9213182049556536
2481,18.814565466996633,12.871249854156936,46.37578535308217,46.962376283484815,0.7717337735439087,2.5579572215144597,29.04842198908052,24.708973743323632,-4.209959990331218,14.585641935906125,-22.450025517716288,-18.194766752240653,-8.023455616638136,3.7017562965576514
2482,18.36042562888258,21.28445682444776,67.53751548614606,61.39183101945117,3.1409336333000066,0.5156217511472613,42.59736096573057,32.3702373597297,-9.114099424160237,-5.284937539877389,-15.876315422403481,-19.442215005952228,-9.604616902372422,0.5265461647432982
2483,36.8932646261786,39.48839094795798,84.72877352154225,72.3166080609054,1.0442140360838659,16.24575023164494,55.31843075298588,61.687698886262766,-11.748137671443567,-4.701086865930156,-5.143422738752643,-1.75621163266419,-11.960829141164336,13.88315706152158
2484,12.942221946239387,12.7018804454267,74.21057682115364,68.59106619362475,-2.2126804225672165,5.3766785707068605,44.33812243791772,64.35700078093558,-4.504530949076329,-0.7186663130720317,-32.791958270244805,-15.230852757715834,-4.50173381516529,18.463100799731304
2485,10.539960692788235,6.323413018756232,47.95511515426537,44.419230342586204,-8.632550981717806,5.730486334696088,39.704752402496936,52.983404111724475,-14.956716962029914,-4.4868434499929295,-31.61638727606715,-5.732790058592452,-6.071592725509297,6.747735880380438
2486,-15.77312495604743,-23.34790996443514,7.537285606447927,25.592780815828394,-5.424866924833483,-0.39069482383225157,15.018331358626869,15.422414906803217,-6.991967179057376,3.0754100718102815,-21.69826128785115,-9.807605583261966,-2.7438155688784676,6.2360326113879845
2487,-27.62678907298862,-30.139903138594047,-31.042555978761314,-27.25325067751052,-19.92650759770578,-16.573879561854046,-10.439586729069203,-1.819004327880426,-5.292722790784896,-12.097781165364198,-28.554697966125442,-23.35934241070031,-17.948057425098373,-9.726326126675273
2488,-71.48678440115026,-74.17820809522837,-71.897572565065,-52.27462131582858,-45.66342096917523,-41.62927035403661,-65.42366152453738,-48.86228988845445,-8.821091064252514,-12.555447704002528,-79.06205861996308,-62.40675507985942,-12.555028349261477,-12.411025996137242
2489,-55.22322218133295,-53.79618801955045,-75.18584144409282,-47.83108089773508,-50.592135564784044,-31.354779708845886,-50.5348568002832,-20.297408220956534,-18.863834669546364,-3.2791743030370144,-75.41049879622398,-61.693991535029376,-40.26825452467514,-29.54379014081302
2490,-27.994629902084696,-32.382839335543856,-58.4256397213618,-38.52446765606746,-34.074940658382516,-12.035225109380672,-44.324539747108425,-25.240922271272137,7.710880206751796,-6.21257560444869,-37.45418111707264,-48.550849706927664,-7.8703365721414364,-14.226966234539372
2491,-40.99913347790397,-28.790554899839517,-62.601712948548176,-52.33427636951695,-31.38498763328474,-11.438150015054346,-30.364332272321594,-29.915559967504795,-10.300427440886425,-6.60960481308323,-31.024760425722302,-32.607625828417085,1.534403394255776,-5.367708631702187
2492,-30.683119531975333,-23.329838901059944,-47.25599568773646,-46.542980458939844,-31.88356677803722,-22.752789128625576,-34.18854363690104,-42.95279618329415,-3.1923871534797335,-10.106916056911968,-34.23903383974248,-44.05690276742941,9.806812077914628,-14.367066504528612
2493,-17.804805966094715,-16.553664577343337,-18.20195569756193,-16.54256929653617,-19.951106317989236,-19.784644868647415,-30.639541035222997,-39.14202423293759,3.022107338528924,-14.988922125585631,-34.90182170748814,-61.42224590214354,13.033097611772938,-21.87500779048897
2494,-18.944754458605434,-15.00362867317865,19.515111309399888,19.294387092702603,0.21558798610634522,-13.125914343220396,-2.8684918123273357,-27.184989867657215,0.9136657052078955,-6.471781423393131,-35.31894188500438,-74.58592916919358,17.097510077960443,-35.232201349668145
2495,10.443848118494046,18.564800354055045,44.26844608621891,31.800302986795156,5.731271001922115,-7.015923822955277,31.161803457856667,24.93641087385015,2.087467678436569,-11.683924980421342,-5.65727045359724,-48.19469542958187,13.760470244899377,-36.49862186819589
2496,13.128879872984301,25.0297668668558,31.478371391846007,26.75099751021419,-0.13967641935462516,-9.958583817432409,3.9368292277961023,4.219693012985641,13.881425933148726,-5.27098639396694,-7.122204264514979,-46.242454026802726,33.817540743877835,-18.98175119488276
2497,44.807239682402034,55.649430481345156,34.53397516999019,36.05529989424135,11.956085459838318,7.618439036164601,11.667917883268236,9.152547571225961,27.98261174445692,-1.2404918013293065,6.299130420997339,-19.097871946406528,49.69513984764358,-3.839886294465667
2498,46.02931907349105,54.1331189686237,32.42829335565975,38.34778079922149,17.27440623302484,5.060648634192335,2.7066895200029344,-2.6519816421102194,21.29104969517665,0.5180414574166274,0.7377947043000819,-9.273250999789688,45.611676226885955,12.703562935680633
2499,26.618034343044073,30.04779893127092,39.73272568280338,42.95368916327614,5.140846714822432,-10.572556045848396,-0.4525970706111774,8.515168052227672,7.525946521853069,-3.7029429651968306,-16.09532818619404,-26.656625129964464,25.727343015719445,6.323251889898338
2500,15.675102754160804,26.046730521593318,27.089443409027083,24.37581853837888,-4.928061948876315,-14.437560550435643,3.027181939908748,4.291116345320772,9.630050439318813,-12.496500721213126,-17.711717495180658,-31.25988021669741,16.689049299943846,5.967188886705814
2501,17.655308465127355,2.158890387099484,25.107600142017503,36.9577365897972,-8.346208742528685,-18.31912551732094,-12.187608209359183,-10.783106311689792,19.857745548000437,-5.457970057797531,-26.58515810866878,-34.66572360697616,25.412023865659826,10.497671747531335
2502,3.9051260305513202,-11.371661659592627,21.223100966533494,28.355422542009187,-14.334662357516708,-12.751428231037083,-32.405974672800106,-14.358461197769028,8.640486008811296,-13.625396610141355,-60.46804220091009,-41.41163265830836,8.278825839706444,-7.6911238805367725
2503,37.605657961713824,29.95016881803754,54.89678753880679,57.16233129087886,13.069737529166312,7.989494823308015,-0.3740680877461102,1.7156066599534845,30.458798995988342,11.984893410874884,-52.959331231790955,-27.803840938934215,21.914090256058255,3.107514843345742
2504,19.3297374092948,9.804042363857446,56.52871022111077,50.44257843054344,-1.2281441693919788,-14.18444366927574,-5.625382421020588,-0.31481188192400184,3.4743834114095526,6.638204903749131,-82.19021535005213,-56.36009368092758,11.038015800418076,-6.42443697402907
2505,53.686647173402356,48.958061948493636,85.59868832003217,94.11853280892326,21.954182878184593,17.885925643350994,32.27326436437838,42.369787333917316,8.437275738384185,7.082415957902372,-43.50050232716263,-28.20129981863424,14.524884583041857,9.70108185183123
2506,91.58648746090091,84.82476663694693,96.25719418187765,100.3471241515242,30.950152828421622,30.73861729512598,73.3233799827254,76.36621987137156,8.762898221203024,3.9157476032192546,-4.575054695213265,14.460485949357228,10.057150178630325,23.67400608363122
2507,66.52552035337914,62.223743213185585,57.976804891549136,69.72524251346374,23.111680021871127,20.566164032158685,55.0495588216624,68.26272436076567,-5.703289550385365,-0.3499056875719142,-2.2001319996976036,7.973148298472051,12.115711990144339,17.78216095437057
2508,123.03407754675835,120.73291129454324,46.84017361529553,38.6971752526494,43.03450612766406,40.38584017445414,76.93122006418437,87.80603455722178,11.97189953902336,13.240067218915545,65.36578416729608,71.11872905285031,7.280791237333306,32.21020943306337
2509,93.2808617612191,99.44961959892534,25.255257679285176,34.68307119183341,38.108246439357686,49.21325381061495,74.82075397093968,99.4965809624728,-7.739314018790154,9.590780992712945,74.77933435180833,84.1475366216566,-6.1789863177706605,23.912178679324118
2510,79.92733338693775,73.19479524143063,7.1808483378461645,17.684613797368385,34.88595030999524,35.76125993631759,63.94348793914246,66.147509884347,-6.053249122140741,3.003139073641486,63.025016251602935,82.07870857120831,4.291083882701043,25.47030152008648
2511,31.658273590731092,44.281811610900846,-17.14094023614738,-18.814261822212764,11.717918475876436,24.43330893417508,32.81022326271436,36.502866448188925,-1.39876281084262,3.040716304945844,72.66321581872816,82.46855241217092,28.357572148509576,33.628141450430356
2512,24.34013581715143,27.27079392893235,-19.1093884694551,-25.46967945633968,17.744737830760613,24.88003967802993,22.453386752798377,22.24264980296565,3.8717022890436055,8.109388411926075,70.3941725427024,84.20460589486946,36.9876249896147,35.140520604027955
2513,-10.846900194894102,-2.2128621849178,-41.58976691532572,-38.40525394856653,5.121826185392472,18.43707240148499,4.497961102555646,21.667794479122477,13.825580806011251,13.31378239754144,48.3177243615332,60.323957601039766,20.06965587678674,27.746686552994028
2514,-40.82155886747733,-34.566185426502,-52.496949731359564,-52.04139027504889,-3.1391683811944473,1.490808741203513,-23.65228908025816,-17.747175741668304,22.704215615441854,15.35738639458948,26.580957624570694,36.61106771400521,11.872402329122666,18.407474594924704
2515,-40.202765645896484,-36.72824472371531,-60.25114964704786,-54.93770234679563,-2.8763417157118267,-0.2945895424198596,-13.710499707369625,-15.349661663390396,11.447030025982272,8.672845703141324,29.233080719450594,28.701196883571185,-3.906954095655107,1.5811306687230606
2516,-55.12737818305169,-58.498166665177614,-75.23086821748707,-57.87103421512377,-15.478376145651907,-12.1577323740049,-39.54012636229256,-39.2139989644087,5.3850142060367885,0.9784678942318922,19.97035699430769,3.543732288501728,-8.304645255636242,-3.494407597895358
2517,-54.3723899438221,-47.924711079687654,-72.85242612480128,-65.55148468773044,-6.231029984917077,-8.486491068915738,-43.34718486357633,-43.558708218811304,-4.120186788931235,6.897151596163464,9.340948327316475,-3.8046497316817383,-23.327178498020473,-24.462254866295474
2518,-80.03225825697152,-76.79286594074311,-72.59360239190538,-74.00627112073532,-27.190928964899424,-13.8529138287471,-48.674622780757865,-43.48243726726232,-6.411290683279308,-0.10066401709897482,-4.8362049639524365,-10.32016547709376,-39.96997024687884,-24.658762556054583
2519,-81.57803543339352,-80.4235816260135,-57.61128937576132,-65.9712029354214,-18.288245518631,-17.57939456582204,-42.16442417005755,-53.31717153257512,-3.217501704431129,9.238476851472601,-8.082115036763568,-11.626148347863518,-42.40648208932691,-41.18200783468405
2520,-74.07877305932682,-67.8333019192396,-47.65079201020586,-60.998453168571494,1.4675885446925947,-0.05519808568495321,-33.045104793627196,-42.24627501684164,7.083797728731473,1.55605042665375,-16.22708450274046,-3.5922986970904947,-40.607999052909655,-38.3902609182179
2521,-69.13419901831897,-64.77679317425086,-39.20177629240239,-39.224831329443866,-2.081276581737853,-4.548635073600371,-31.53927133849577,-40.61766174924274,7.528466568807413,7.536260003490719,-18.738314296828403,-16.677738438071067,-44.760307489429266,-33.48188864656115
2522,-1.1398540051845534,-4.191972998257446,-19.349118454243687,-21.885418956866488,26.137321125282703,9.948650382561794,-1.3142997153613414,-5.749229252114786,-1.3523671212222188,0.13130969624561917,22.621915077751364,26.022959224924662,-39.89881157657778,-27.108868277916745
2523,19.328106405568917,36.308366261548855,9.641687771210247,19.771060009699013,49.063666322582336,47.754292282937755,28.727381829072925,19.136637633642145,7.743945483626088,7.275298141220488,57.621183437239935,59.77767270475033,-7.662868145894726,7.209479025434771
2524,37.86630060750346,34.830067565903654,11.70169302669106,28.66727433283166,43.417748305173824,34.70159719312503,8.096236085244223,5.2692063213205795,34.15769026014343,20.094771501556068,65.49507046888955,56.432092669672656,10.821496706681058,16.868026234249545
2525,42.1638337063711,45.17431902972014,21.733007238381703,28.095890109183916,43.784574115035944,32.296481467835825,-1.3042412550927998,-0.22059494047893685,19.830999665630383,23.562625068255365,66.87338396355862,57.453717798716625,30.816570170188072,34.33379320030157
2526,17.566643391418772,24.040821827056355,-1.3450259030525957,2.9311225407332024,13.620964169449858,16.272512382115156,-12.431004772843266,-14.347398842839088,13.4349125218654,8.905248527306929,33.607558341086175,41.54390838992372,5.959749452818263,5.3011904130672285
2527,15.36448525819824,13.96974580203918,-16.77609930905757,-15.841816400703893,-7.290080044628587,-2.1060770587890185,-24.690888996939947,-29.66975570046447,21.340679548717734,21.119206137044632,10.65082281052997,11.927853495561212,20.986556714822118,30.092894512983626
2528,-16.120537697678905,-16.028578603075474,-49.30566532773138,-49.207994100502304,-48.12206331247169,-31.101249548955973,-66.56603285522073,-57.10544797812031,19.01102036397877,11.56162686119583,-53.675136577522544,-21.868721879820328,-10.254217065115416,2.6482409407301994
2529,-16.998482326480016,-15.496116790722272,-34.3873884144885,-34.055323246163724,-47.211641780134,-27.273729971050873,-72.71416515114753,-73.58191477312577,3.8686857259526417,14.268230285199134,-75.71488962399683,-44.50179793093053,-11.850264288608567,6.215471000629975
2530,-12.572864910851559,-6.422859792388719,-23.130007172137727,-12.715623446006282,-43.41558519124617,-26.897733250651722,-44.34721394220753,-37.59846997555457,-1.9109639063786836,9.611645648477262,-67.46808086607749,-44.080861128780924,-36.27178834959124,-14.122654269504208
2531,-13.9373255560182,-8.551736931052975,-7.010841158023198,-10.583574331022783,-30.91652364577541,-29.964220920147238,-31.90875341558743,-19.07852289370621,-4.292851566935935,9.893173725715723,-60.56411085436088,-47.58002335181024,-41.650325996977685,-17.995964859534983
2532,-6.410294128854872,-0.6681725671731151,-4.299623587493554,-4.779179876518563,-24.079890990083275,-17.858298058586993,-8.396208079975771,-23.037190152232807,-18.217534598936687,-5.891483487941597,-32.824844621326065,-29.729686302251494,-53.36023234648511,-47.02847531604088
2533,-1.0129322147894546,6.779015648390272,11.665760475165426,-1.1775331194769585,-0.8694045000351037,4.33244974969758,-4.915377079459858,-17.75212035603184,-11.041594875407126,-4.25263000554471,-4.148752211889631,-7.010136022040784,-43.794419234203204,-27.649187555590302
2534,-1.4961252040779494,-2.5339795678006873,-13.362657053236878,-12.957033895241668,-8.367788724347033,-8.841342311406681,-6.815456593833007,-19.778615695915263,-13.429684841948196,-3.5410485369625406,-3.973196384324036,-4.315590252884974,-44.76901798423868,-48.32034701499438
2535,16.13014343293992,17.978500019611722,-3.437911935738103,3.6392279435844603,-11.779889096693308,-5.083924589506539,-13.291848130965272,-18.6143912413308,-4.590230780309871,-14.80456235750731,-2.7279953026505988,3.6552852157709146,-21.71488323568476,-25.839933410373398
2536,41.8422863416079,51.13506055380368,22.108144491996637,15.300457266333902,9.391478559147837,19.472933888925592,6.967212768538539,3.610068000866106,-4.352292183973795,7.869235485988607,31.85321779579788,29.945806549539693,-7.704453026999845,-13.183490809928873
2537,45.04775781672846,46.46207105249761,23.4701913171147,15.92186076837596,22.077054159355075,29.476335012301316,17.732885786469147,20.180858578284067,-2.6872811355816473,-6.643034376370612,49.56426220527132,50.60274326535791,-15.320433803598956,-14.517400238618789
2538,30.905008762533427,32.35979192274521,17.465763681336234,1.2865854329877222,21.956752104737326,22.281068946701506,6.49958181710148,4.36933336716762,-18.9510488784807,-7.824135006452629,39.451157618522295,48.1390641787287,-15.788659758711807,-8.423644992893697
2539,-7.315819210396479,-9.499263574345868,-16.786926294123205,-38.787388908400786,3.9794387170926124,-1.7131412891269033,-13.849491212243256,-25.428329570917594,-7.679249258810263,-15.734933636851292,-12.314154052265538,22.445506748036273,-31.022327559611618,-23.044981010157485
2540,31.10647166115939,41.86147190689017,-13.88900834975896,-14.375474094308863,4.443043827074499,4.332697451860524,1.1602165408417344,3.7180312480414344,-5.887929689528504,-7.268034016494535,-10.652877049785172,43.21313732608033,-26.468880961788003,-6.195695791935032
2541,5.518659985470975,9.078365877371578,-5.167348958577644,-20.508176770737602,-16.588942379056668,-10.873393106548221,5.245374014314374,-10.898873344218106,-19.959480682955512,-11.357063413583889,-37.52321148581876,15.97566274554673,-40.696656090671624,-14.838987302859028
2542,21.419139896239777,31.703159795235976,1.6389796224436897,14.927194037729052,-8.590159894960342,7.342007736578893,5.732271591467399,32.745317378123275,-21.40408667512935,-3.302580059607382,-21.66766738526797,49.22004069969106,-49.28908915556629,-8.036665260219117
2543,-22.421974198656155,-13.966755915409177,-29.411629548140457,-29.322649341470637,-35.07655502058398,-20.588096262239986,-17.344261362300237,-15.055935955237914,-0.27978412022474625,-5.543918875076839,-10.71314282135155,8.38088023520096,-12.859550479800568,-8.548118889276987
2544,3.8098819184541974,8.19920501285732,19.697681617431012,9.501728786025978,0.9111959228847453,5.801960145744504,48.70143200235267,36.60995047128199,-5.692857066505031,2.7967835752102355,33.65269448594269,53.163314934239196,-25.437317777646577,-10.543003946467916
2545,-18.431661846668547,-21.659623018789468,43.163631729935894,33.60982544996289,5.862339462311579,3.3005535213098023,58.55645645679523,53.48522042195746,-22.354103225743614,-6.763566614679472,28.825391751292987,47.10851986583416,-22.455691429524126,-1.9160694862497485
2546,-15.275366511918385,-22.824090049030147,37.068896734316276,35.15493397434538,-9.496658912959944,-4.352391211696402,45.23753134704476,66.41859924330876,-31.8670619378899,-18.715301659494763,13.242610326482424,33.073643079168086,-37.408640564287225,-17.650267184514874
2547,-40.53826022620695,-48.626712420472614,13.77234434548273,11.853802811983932,-13.439734761031326,-19.697386954731947,16.532506716209028,32.3984746068774,-22.00015615523253,-9.770159979208337,0.542980550010087,22.964322997911207,-34.697494263532676,-3.484925427321076
2548,-39.63608979382502,-32.73839597005637,-15.739817399594628,-15.566024807316479,-21.15093981922056,-25.32259471754269,9.875727136717307,30.958710715744946,-26.990173508634467,-4.652697796875698,-9.992202250665628,28.369095355702107,-37.92132235057275,-11.150548883126676
2549,-83.46435794527761,-93.0968381792233,-49.50073795175396,-48.4407030957672,-37.76277040796576,-39.36834561572251,-17.355221077907768,-11.167544202455115,-31.679547013334467,-17.433008072685272,-34.24476292997779,-7.345709143815857,-41.144397122849924,-18.078460993755062
2550,-91.43169817661042,-89.91636065235862,-70.7003687017074,-60.3045002676275,-47.36000778361295,-46.13550539596671,-22.186101023203637,-14.598634088906271,-37.566629043390286,-10.553729252477323,-55.340771350273116,-10.575993747287498,-42.02516917359358,-22.05093903812909
2551,-51.82513261280779,-54.43757735007369,-43.77022010426138,-51.974475468648635,-33.02910512060528,-29.51740417256052,-23.661263043992584,-16.31460531588587,-20.640148727638213,-10.276740354121264,-35.432115931419155,-7.50689319981147,-7.249733092428643,18.406020808713887
2552,-28.230021393518452,-33.19580145287366,-32.37027126264861,-43.708807541469284,-15.633977648128937,-20.0626490934819,4.853674642800967,-6.453080272410913,-20.458634518778553,-5.68251329662707,-24.697487116534745,-8.663850799368358,-11.113088628474022,20.69772512742494
2553,-57.660380218091,-55.07890334954385,-49.489780802987866,-56.00704731746361,-38.242741233802015,-37.1642221422844,-22.69027760987292,-27.909396352234403,-36.13637526812339,-11.780218026515348,-54.937448044051905,-46.57525462946236,-25.07735411225525,3.9214917396913505
2554,-51.07586350905034,-61.27709874287838,-39.660365789753705,-44.02270886662561,-49.642316224861474,-41.5282260452879,-31.677243803013493,-33.078163196134746,-33.195381160222155,-12.695731124908594,-100.3193935112985,-74.2081330570539,-26.850986497280164,-0.21987099650200034
2555,-33.504617883080186,-41.99196941539893,-20.498842107108533,-21.35462097149752,-37.404115492376526,-26.49143603613121,-16.591278325921905,-15.987870094349404,-22.251437490613345,-4.535223464448999,-89.73038845432055,-69.38587299104472,-19.24418744670862,3.406333009968577
2556,-42.171540004012556,-53.773448453511065,-13.165689658656417,-23.61526625767417,-36.2947812749934,-33.17121108223096,-25.886421948273178,-19.226714372217838,-18.562390867618827,-0.543899539778562,-70.4727476666446,-72.70799919560979,-19.31863641945889,-6.386352373093228
2557,-21.909157939253873,-21.301639142355707,1.189868114803044,-5.2644073742744695,-31.771440047985642,-24.761989609907427,-28.451895846007325,-31.254977382382872,-11.799348705935566,-5.434151668558941,-60.17314360026872,-66.82670079760555,-15.35289331647109,-20.711452938261573
2558,-11.179474242592919,-10.769987086205507,10.697543821582785,-10.301077145360559,-41.047192458620295,-32.60916580993291,-25.947126263957966,-39.02872754762981,-22.017628444530317,-10.637349722068812,-51.512652915967216,-62.969085828807856,-13.79116317813192,-28.539821251728995
2559,30.903524191067895,42.52840006193341,45.25470811100549,31.226673372826234,-6.373558429086018,0.11779953612488749,-1.7644789065886601,0.7684478926176486,1.99373757899969,-6.5845088526070095,-17.477495674080025,-24.819153383592102,11.707513311089205,2.1381027497667024
2560,49.952623819745355,50.683012314203985,33.60248186044738,24.394953907972038,-14.015773542558772,-1.35166270903498,-4.548252079591436,2.1075609389605723,1.1217871826550596,6.187980739224036,6.12553052426539,-7.318919702896088,32.27051736548565,23.487675539867816
2561,73.13553692721254,78.75795657203876,43.552491141261235,34.99658579068908,32.48302857300448,34.00605043866305,9.138991673456026,14.374682988418826,23.223376633631734,9.328358398026312,63.16842235732321,45.7454121526336,71.0563183838897,59.86285977648006
2562,69.41634653325492,73.72746927485433,42.23074729508318,38.2618715893974,44.338848123812944,53.45718075440466,27.306871253808428,34.14614377671502,34.77699692988715,25.63205522452126,73.99084310674976,60.34118219278191,87.67439749700773,91.53611591481854
2563,62.43149015164719,66.6927012639453,44.605319034943285,42.08618338896584,59.61354829839061,67.65399110032311,23.073616007319938,39.432438682343516,46.60661504276197,25.633278600190415,74.82043672312973,70.06775503210922,111.13689372612704,107.67964954494292
2564,40.77885699394935,42.60204629193068,43.80050107432928,60.340875739210645,57.17618220992065,81.55966063553437,19.559356934947736,28.08750067522565,45.007454215819706,12.921132973485303,50.598343147189205,45.31233214917534,104.61090534373284,90.69519320677897
2565,-3.121175645724341,1.4616391644125635,49.921241509356,58.73054861054247,53.462860392289954,62.092945706729175,-9.805122415715944,11.164018327274457,42.795485068179936,11.430195524215602,-4.107949412988953,-9.914402688379457,89.89218819310177,77.36747502557033
2566,33.05404182747404,29.86298259438384,74.28724315952485,64.28163630978631,57.577450029568276,58.44826395201529,20.284865609851533,19.57128884120505,21.462523595956057,3.3135022602944217,-11.34481867649116,-7.148889106315142,80.33891712977476,64.68091627337621
2567,37.63083443718236,34.61333821579702,65.12611667107427,53.65503219622593,54.63025902837027,56.57869147507275,7.7924076623041305,7.8912589948888066,29.46294499103945,16.528648527223282,14.04685298332485,-8.210651759514557,74.75969550623728,51.402556994802175
2568,26.68817188400891,14.115989517648591,54.78114839304617,45.33948158906723,46.661614208722824,38.96162962305845,5.489312230565754,2.018377914109703,28.25936744807726,5.411858640421963,28.89102132408675,-15.614901656838633,72.98349662772227,30.083826268022836
2569,25.378081742379113,24.3591077707655,37.84695294718252,31.09077932998053,39.115195515168004,29.907671129562043,19.29778069025635,-4.459314831233333,26.549976324898456,1.1306148083313232,17.217511106497085,-17.74668805134251,45.58451437014442,10.656130100193423
2570,34.93235528148003,33.70993995229557,41.57200022223679,31.998117014341787,45.23826282453088,32.44455058909132,20.26409228925927,24.07125517347503,4.0193957709163195,-10.063629681314861,27.68559132689623,-4.3471493118264934,27.05466161843145,-3.214188383824917
2571,15.245467205490733,14.188620011846997,9.711399871197644,11.967464570415338,6.867028499093486,-1.0194690017846806,18.343625633990776,15.22060184048517,3.7311615621085408,8.127619532487838,1.887378087874668,-12.082968029959051,6.780363845762884,-11.24765656102149
2572,13.574332730316497,9.175398867769527,-6.318162341230511,-4.542319305458639,15.271001393075018,2.5989756304210334,15.777763936909123,14.572161015305577,11.020319266087498,1.6508057951326411,15.416885321006095,-6.867047740590426,33.8164839377246,7.818412973923976
2573,8.035668869129143,1.7489388036212468,-31.05065264103773,-15.042686768445858,18.016939835142697,-4.717665060461424,29.700472834158457,29.90306187990941,17.250531485709377,6.937049431059982,33.4373302115347,-1.4809657633775966,37.227127425851776,18.871199943101058
2574,-0.23621707761034896,-4.776051278273923,-28.131964594221017,-14.966056887710856,8.37826378584488,-7.5574262671403165,28.58883794726619,16.613897156742507,10.683990790040406,-1.3871230698471249,45.36158944692494,8.090722217206418,27.984536155137587,0.3955357664947602
2575,-15.904207377491584,-19.247434985895193,-44.06023924487653,-22.42948240713686,-7.720716973834509,-24.801964214758765,-2.048743315871662,-21.213972290024234,1.6025141107647178,-4.048861483390756,22.277492289201103,-17.91916951410008,20.18112529415621,-10.249149488673735
2576,4.3818532433364235,-0.11625435993079158,-15.62313908444627,-17.85346951524926,25.25305757813097,-1.3603734418057238,7.600090771742254,-22.88310362037122,24.098361757345113,10.725182646409618,49.38559576293011,12.207725421809739,43.89098336515759,0.6582398831850041
2577,38.92680565669123,37.24200024601362,5.0538139277851295,6.480019785859351,44.573787223766125,27.52280359955154,37.46486034525363,16.000175203430267,10.68820740753114,0.9867569122880238,85.24739680101118,61.46408403344742,32.520852912203495,5.201631999100422
2578,14.109996052397696,18.542321709653496,1.9988094445374198,-7.801395727512433,32.54694366143334,16.84875449075407,24.89370425625803,0.6721766820207872,21.426868789983434,6.3486190461793335,79.29988213986059,58.325180373277426,41.213338574976056,8.76739277271635
2579,-7.415058695741026,-19.723611728781897,-18.093307070683693,-23.602469582493093,18.135957800768814,-6.832195448344185,7.088597942532158,-28.072406053880684,10.797073777131791,-0.22900432917400848,84.0214633436532,58.41852204096632,31.35950209951878,12.359725182451262
2580,-9.343903900662603,-16.277195427522287,-22.89790847162051,-15.032227282666122,8.437081603008737,4.255280681102792,2.365860669273631,-7.962231069369237,7.135589206100735,8.930782593393577,82.78329610665894,73.67611408245399,30.217989637117014,28.863720743958854
2581,-14.015589435848803,-23.195964717190865,-21.99686049076179,-4.706945746602474,-3.0836526680596013,0.7938630576346727,5.005786431665045,2.7329148351901758,5.673987508921905,5.35834677359072,61.90031334456775,67.6238730842794,16.295580147877597,16.72286704353961
2582,-36.40759588712024,-46.77648498015291,-13.202719845613425,-19.655890895609698,-22.784103947650415,-22.023333171366865,-14.19989052412958,-15.885673117808674,-3.5302245013782088,2.7031669617973058,7.017612644807835,2.9476718871508503,-7.611552361437597,-11.530268532677809
2583,-55.752865611372336,-56.934698316538956,-35.04458916809653,-36.885529451463256,-33.767699499425234,-29.69890986081319,-51.84400493181009,-43.09319167070737,4.9265864579657626,-12.28182661616244,-40.76566228997416,-24.192517762528308,-13.506693496280844,-9.16890442750842
2584,-40.15275885515054,-32.5406604778866,-15.046275740205573,-13.834324112345465,-42.555654945920345,-32.760151597978,-46.50116712000884,-42.98388754214953,-1.040229995211454,-3.286074480680776,-43.1307542844839,-27.83032786709485,-13.056978897809026,-12.0047564989531
2585,-45.026107912030724,-41.9933516634869,-33.37580088175876,-27.96127867349709,-56.90397761837524,-48.063212386296364,-44.40089793838045,-51.03387536092127,-8.52190621652901,-2.6146153764945685,-61.39240912884016,-34.10441282108069,-33.16116106786724,-20.18986328689453
2586,-36.72278340725655,-40.60875270496797,-13.700800841911992,-18.95193748469248,-54.020793618995015,-49.31139568612671,-39.18542836581929,-33.91571478766726,5.187085425210887,-14.947937209754905,-60.61324874474191,-33.93483096512515,-17.21312105288651,-13.19575321925691
2587,-12.282786457467047,-18.4453702562503,-9.50487885556822,-15.788918733176244,-41.151564460515374,-37.66414666231957,-11.267886958825969,-18.00874683858545,-9.124803707858497,-9.399596610266306,-40.4237673853274,-24.873192690226105,-25.07795942528733,-17.035175460204883
2588,0.7521424314349388,5.584033109844923,-25.109724748805586,-19.511694899782228,-25.29460300934326,-25.76220522376919,19.359240341627505,6.458774585165767,-13.59951953555912,-14.053483750439437,-6.248553482607976,18.381983394845886,-13.124902996325968,-0.7642309917251432
2589,-4.44782064483804,-1.3190551850004124,-6.751905692782102,-18.368490839904634,-28.672441131221984,-24.962841943715993,11.043200621678835,17.05056655302331,-5.065876555919151,1.8735707487269515,3.2727732570331742,17.402733898221932,-8.77992340584767,4.0038674553745635
2590,-43.15780339200814,-44.22235331937147,-47.61913271607391,-34.96591833839651,-49.05708722975481,-35.99740460641416,-14.117996024342423,-9.406143149441267,-8.477633364404122,-5.971826193697606,-23.64714546644861,-3.944940380893325,-33.02708736408345,-18.848436487772815
2591,-42.15827591353829,-40.63979756762033,-19.80265217866924,-3.7363202076910995,-32.14155167197905,-13.1242196573212,-8.128292760617958,16.863396785630673,-10.914821808581427,-0.2980805934014714,-18.03437118312017,2.532735118366568,-35.25741056835782,-6.329503400580401
2592,-54.50639913505836,-53.0098037896828,-28.590289834118128,-17.600102721349142,-32.93379373294065,-20.410471221656756,-1.1800377521185366,-5.728916879701559,-15.849600215855654,0.23054241060995562,-43.4535616433375,-28.89738895689692,-21.65906776837375,-6.9312646658286186
2593,-55.96058365229274,-46.82048206535855,4.429247986580514,-0.5083343508626935,-23.759196973158776,-20.234657726981112,-2.046749867324631,3.55361851963779,-12.9593331979616,3.479845768111585,-60.281325516877224,-56.20262608530882,-9.54311493337991,-11.015948579173598
2594,-40.32762767859836,-33.74398182899916,12.822477533074137,11.71727754156525,-3.280983487462958,-19.56238228266283,16.432653315439758,17.728983515383035,-20.39741330479474,-13.777521759041699,-59.708949050223424,-67.83071663227103,-25.619855254676274,-25.556684196896697
2595,-9.12093589861564,-13.47316009911355,15.742592018205585,-4.0381709719321,4.8742035298515205,-21.719388059370868,17.20161459711048,-11.741399193083048,-10.765771060029993,-1.4201760214278414,-33.05710242345718,-61.193068998813914,-1.8563721549483105,-28.189641571895518
2596,33.05051283075652,37.30375476921234,34.33311503869691,17.401822177678884,32.073920196815635,4.101441359090354,36.22599933031045,10.739682667743827,-6.154464693273353,6.508421278158597,-8.173382958702607,-41.43196467161927,14.170854771540771,-10.997623225753452
2597,51.64296337717758,59.97518316742358,40.47094282224035,31.527544380961714,36.640867648635506,3.7630795260719405,25.072224862199622,14.810194325123472,-6.558603052442867,-0.5876104923845402,29.510793130742286,-20.840028215493614,24.994406223762077,4.045452199585376
2598,37.162270902334235,28.59572402724349,38.78221141055181,23.7243979044061,16.244112661559136,3.1336744334911293,18.553561097184915,12.460102008891825,1.5895558497036906,-19.103798434988704,9.115127534652137,-5.220871073622328,10.613666928609677,-4.661620722092075
2599,38.26431315941093,30.873879435675534,18.665763708953737,25.545130252895994,7.3079500948631475,3.1938889829495696,10.622343507422508,0.5841476536552819,5.717097923368321,-5.053644943740813,30.955699038853474,23.542830533777906,24.569128572112156,12.052444725418628
2600,21.07745137699506,12.029767358606351,21.87898836714542,19.39964045199668,20.305595670117643,13.046209721098432,21.038537360018466,21.343606078477745,4.483817359248856,4.045964339048834,25.282180743436154,34.02412393266522,12.3682576211093,4.827494443758482
2601,-3.994614952079599,-25.2709777564552,-4.549634863306636,-4.102582516200158,17.141829968802842,2.516591505827109,21.73761489665273,12.895936390002745,4.3825186348542475,-6.086277077502036,10.390433307547484,3.5052098041808244,-4.084132139781748,-11.110916149966116
2602,-29.811165520690274,-47.83207675463612,-14.934684131845506,-11.90489761172489,21.33343577087778,3.286319139902529,19.62874821281211,-8.374104450567534,-13.548660739236231,-1.4133392005751013,-18.386598440748497,-22.21057675342622,-20.70747896395258,-12.64347407100644
2603,-40.12404727724371,-55.374332404689056,-42.334223212849395,-46.78874699601176,13.15946245379146,-15.521367670956064,5.200499844923178,-24.712791921107772,-12.70340122691663,-1.3118942428284672,-15.394336956678872,-39.510031447990265,-10.580817640106805,-9.589576856182118
2604,-39.6574480031517,-57.817147662080785,-33.49057993804533,-30.305063850642455,12.426283994437762,-6.719907123357523,16.34149595750232,-0.35531463172872435,-14.119539802313584,-3.521808730397976,-18.503176997541125,-46.991625110059054,-13.569753188382855,-13.78609417670912
2605,-52.340280748868956,-68.83933195356933,-39.71188316101421,-44.78917263168436,12.039779103283308,-15.895263727000948,15.752281262480421,3.8419050646212,-14.84150188941417,14.629419888045579,-22.683226745888145,-45.848990983551744,-28.84264004037665,-26.013334076721016
2606,-12.69409165069488,-9.273978333769069,-23.024034306133004,-22.53932306218587,28.718547895179118,9.430970828384359,35.917354756335826,5.602930256150304,-4.632891737338607,0.8267311830046677,5.907832365564397,-12.31459846449034,-16.59420679564783,-14.316250120193233
2607,-11.033042584933252,-5.168717878340212,-6.222825347687196,-15.434570008558746,32.95584095443449,9.294280447986534,23.835257711396505,4.108552662070335,-2.3396356814971404,-8.531061704131925,3.7378935763689976,-21.54359334214058,7.8833958461426175,-10.34795585116412
2608,25.829133679269418,38.23762447978202,12.312314419141023,13.785445690479055,54.588451926369245,34.60801222165549,33.94811379672696,24.886829077487846,10.869941576419114,-13.742692001607644,27.36798169777502,-8.319232078437457,42.006878193989614,5.304258969516802
2609,25.75545815465683,40.594816000636094,12.933454234567249,18.557202892333216,35.74735267248178,32.25365148691527,22.542752985177493,21.954331355889586,16.719412232870237,-3.4658419868146586,21.205644896180726,-0.4513324866388635,31.83558511912283,5.417312555870679
2610,46.80646327314326,59.953625068689504,14.049279549785952,22.958189708297695,47.51469510313187,35.48515238671236,-0.38788272169701293,8.199587977025171,38.725696648267,5.778707270323958,27.106212381299855,-7.863693538236409,41.01270136827529,-3.7612040162577927
2611,61.52297757972278,65.0323473285163,12.963295373388272,23.011411972774738,48.54698649018809,22.31678290816847,-4.34562258286149,-4.625381931813963,35.211704021819536,12.537913585588463,16.129881921942385,-8.06261505522145,59.61406389949661,9.585755478064407
2612,65.86145470069931,73.291851375757,21.120587882803825,41.519492568414705,43.40535451881528,29.383822566975642,10.505169882276748,16.227486484787768,31.074358377582787,10.610884186726828,28.310453043342903,6.562530151584953,56.85278608050476,18.835905310140113
2613,37.156200307119164,39.08696998716393,6.141663034335553,5.999496643819312,17.06850462837925,9.526059132350852,-10.84866174027387,-2.284363151448122,28.65846095602711,11.073731755607854,23.88443709792739,-8.125330419615503,29.098349926010922,-6.261834087673022
2614,17.74857029926977,6.521611820697141,-13.025769192154433,-13.886711315448093,15.51833977169545,-8.548794608516795,-12.705706334508635,-31.228294553809093,27.035125481624977,1.193452488907368,30.61052038593926,-20.686866815235945,19.000372886929473,-16.706643044752948
2615,20.646456486983546,13.92519612665087,-20.488102901668114,-18.529322852298172,7.936658139280608,-19.41361575666085,-22.51941836997703,-44.26231024475913,24.599567647091487,-0.8275051200856636,42.933338410387734,-17.38819712573189,29.817919265863722,-4.116772989418895
2616,30.098656224258004,29.080054180952082,0.9056491514701678,-7.086157694001573,11.883765961063839,-6.590692124404699,-9.25413105284021,-25.563545046290926,23.859038007287463,10.093291873458103,39.180605214544826,-3.9761224020496075,25.477433035221676,-5.520323174078261
2617,25.09284079122581,14.63089839463677,7.830742072721136,-1.3766526752995227,-10.085866105800019,-10.78994704646776,-14.346280513004825,-17.656858233303918,-2.094570352102101,3.115533170345833,11.781852669265849,-9.450450479838175,6.860842601506094,-8.316280718739877
2618,21.96100745869446,17.14970921490746,18.64485235221763,9.410965191768383,-8.543349666501141,1.4375031321745386,-4.766365401189821,-7.944200246092092,5.001760378645879,6.846096229869761,8.083927832143713,6.509868270428994,-4.425007313339742,2.6892418123730804
2619,16.866893801522462,7.01594767139561,15.46939527226222,6.161452536604274,-8.297850515895032,-5.506654861162917,-19.57382986095865,-20.60328280820343,18.039587456889716,14.433957081582216,21.122473000463373,10.29005870458586,24.573484993366506,7.082029628341953
2620,1.1230210619250882,-2.1646589869647124,20.2043172104841,8.143571135610175,-11.12975434535126,-12.892534216740726,-26.63570998150176,-24.778778276167944,23.212262757655505,15.87886226057412,-7.640662381959205,-17.274541822974104,15.01186403598058,2.769951829949174
2621,-16.11081017579413,-12.409008339452132,34.53842899875264,17.823879568915203,-14.352599639554944,-13.502580213120988,-16.522227330524487,-17.215954006729785,12.582542786820065,2.0757928171799946,-34.32562213107702,-38.15636150934974,-16.407909304046438,-8.82578090526479
2622,-27.95714848279447,-22.579492842418333,13.630092976134206,3.3723600933430773,-21.52578472516275,-14.979840880634033,-15.879605331698405,-19.54415118446858,-10.204938852163119,-7.0612071674925385,-62.43928487653123,-37.01045395191994,-46.75572005761064,-31.89775353147076
2623,-50.262259831736436,-41.659840593697844,-8.216184973349373,-1.6382378686381172,-40.83142588092198,-23.852246469498233,-28.9943345442649,-22.727200158187493,-11.824915052971855,-3.0206665217362465,-66.57182705621935,-31.7684374027656,-47.848608513305706,-32.072645282120114
2624,-62.505922590653,-58.021716360711494,-13.353402508139636,-0.44331451280564016,-35.78294281195856,-8.788399148797202,-36.08084252488246,-29.83419228403879,-4.211847953848957,-0.6555224691343211,-58.269051115495095,-30.40436654953107,-48.478342996162525,-36.094575639761466
2625,-75.45491630064699,-71.37351360749939,-48.339666151667075,-45.189794550849264,-54.470374613536926,-34.03437043688861,-54.24363893935289,-44.01477202419182,-25.516317997149685,-4.702725055272367,-82.98851228604158,-31.142259847069585,-82.16157921868043,-58.030610540298746
2626,-64.11366020933184,-55.66818764781214,-25.188224742096708,-29.3571001045794,-41.95673301123884,-20.93079988515897,-38.17013555797145,-45.62756512293989,-10.472010070971413,-8.70975044658908,-87.45968749535345,-51.770453756008564,-51.87340145793045,-37.13180189818377
2627,-22.91234862434737,-13.254883597831194,-28.318638251038752,-24.24208291872472,-31.04147515200914,-7.808633893024799,-27.54297458807707,-14.241209222451436,8.626262660855433,1.491134753459817,-72.45523792987014,-30.056550999085218,-30.565426138791047,-19.63315298210216
2628,-17.616836950658502,2.0167795361204277,-20.998724025806197,-28.504631554706517,-16.803883688805392,-1.5146349380328203,-16.62580342568433,-2.07710736946101,-19.336639222790804,-12.356606839341769,-47.10900379778584,-12.53495257019213,-40.71628851218543,-20.140446481430295
2629,1.2060973196808793,11.668529948813275,-12.603993593443986,-27.787775650414332,-19.136673188867576,-5.2385266463638365,20.780933589958405,29.292885904566685,-28.089619069697218,-9.277224212139945,-45.71816503395131,-6.1321291392633475,-53.684210177826046,-26.474264037818298
2630,26.83861802371508,51.44425610527183,-14.452487041910729,0.9543109665712213,1.4348161572976137,20.951034858478316,27.45313395056944,29.291924125667112,-16.36724850540165,0.5319897230905015,22.61112285942263,54.919870870898265,-6.638628662205971,15.897034124805202
2631,36.23793441566448,52.14768743864664,-5.709278028233211,7.634698956057418,11.19071944480919,18.991004539213073,41.65499872135456,31.47697661378936,-0.2502521383160993,-4.947690725399176,65.12138335786982,56.306587719498154,14.34671844549097,27.6292211432718
2632,5.385998667460221,25.79036783458053,-6.886091946024854,5.32545034981162,-18.58686616940797,7.099590114849904,8.813655643308367,32.85467600920743,-7.538075364832472,-0.544980287762419,2.7363392112091858,19.012687666000513,-9.92790963614319,1.870070534622788
2633,13.872566149644339,33.152014260655555,-2.6120362682715244,12.427796018793124,9.8090468917192,17.88009611891851,20.159675111584896,23.16092978246288,-7.218671090369725,-1.3279079491694954,2.8273962458285693,6.217432895972792,-21.78504810905476,-15.05636780398625
2634,4.112347960768266,14.399577515691858,-15.250657047377542,-2.963548316077927,1.8726306232288852,3.0985131065719735,4.256329838875898,7.723311039926426,-3.5215281208608133,7.0991176770968,1.1057111658298564,-17.614329686996673,-10.940030931540665,-10.833113822342305
2635,30.710080906403718,30.885623441386368,3.492849971351004,6.469689462274968,14.544925393656317,11.011158254934335,11.86077563805703,26.94605475509506,-4.70422355406376,-9.608389865568299,4.398696761557812,-8.021746755250948,0.3686900363659855,-11.771242173164904
2636,-5.10886614127952,5.271069666136805,-11.887094161174206,-5.149751483736905,-23.06532022950302,-15.524212393301875,-9.536506093947448,1.4893170305110324,-17.715283055034494,-5.51337565723434,-36.267081436242975,-31.10974936832056,-30.36456803262261,-34.162528962368754
2637,7.89424827323436,13.014158360911958,4.687175213615844,3.30889861299334,4.439542007645967,-3.110920497023873,19.80542347103358,14.016474375537133,-19.98558884212363,-16.65241688984223,-19.545791984237034,-6.843110458868409,-20.623607035530604,-23.03145110176716
2638,12.566935340324328,4.144890983770859,9.826920776906377,-9.453655097923592,4.584134329033726,1.856887096334749,19.243821834394726,17.125668905026988,3.6366814145448956,15.188706281693054,37.54332874769842,7.888766803901095,18.032472866239857,22.878170930548478
2639,-15.726732562920928,-21.528962821822752,-20.16840440055766,-23.362341705787586,-10.129271793704216,-16.747153192984573,-0.9859119076263598,-4.413514670610839,-9.688277823543523,13.148620730233496,21.529608589747138,4.644489251210977,5.235652541055833,10.381590120503686
2640,-22.366970644501688,-48.51171961739993,-38.8842156549226,-24.993188534284663,-5.689678212897687,-25.491976132525703,-11.308565189050652,-19.20307232796464,-1.4710330430619933,14.771445244555078,0.6654408248288166,-7.8444725774573145,12.222034762584592,25.386146598676884
2641,-27.614454917986123,-45.07344949409514,-16.341423226101192,-13.477467717058166,-13.87930413065981,-16.426822420093583,-7.4537000390645884,-18.86996482886617,11.538978563474764,3.09425731215231,-2.085910541236773,-9.48038459340468,34.44175834413777,37.00447504199313
2642,-35.545068404463755,-52.807341210169376,-38.44092629070557,-36.955775721796826,-36.69201949452328,-40.52744526885584,-27.18403390693902,-39.57873207172207,6.333526392264877,2.134586831588125,-52.16402959027039,-24.078637627749245,-1.3625360537777516,10.82667616138843
2643,-29.607785960007064,-49.254639470323895,-10.459351280739483,-23.60527217308829,-11.176752352766076,-33.41745608909071,-31.1356409889357,-59.24352641613596,24.14433714768227,10.837437819543036,-30.903057872924865,-38.41856742766044,15.901610759197762,7.473921647578792
2644,-0.42356604298874445,-12.716664316754915,39.750764272023304,22.35802492869142,9.355767327663719,3.1167662323480982,-5.318582798592849,-10.16550969144931,34.74321809792923,11.278725348551946,-4.665563532619916,-3.177720894881515,58.71199594754221,38.60046179608351
2645,-0.49687491169582565,-9.851825506281452,42.04048418542369,29.593499159976787,4.87775967229125,-1.0762929975277002,-7.7669037694086525,-2.986007012797129,31.065474881733905,6.27630571978954,-8.297830470841479,-20.175102920249053,54.779196344348854,38.31109566159793
2646,21.27723966851171,17.131937643306998,47.74062648087952,44.98551323538913,20.601415900723442,8.402923331200117,12.52850954381304,18.635333943168337,32.70553109445756,6.106596344157527,0.8739030247250357,13.351957595443436,40.55203528753066,36.833588771896906
2647,56.08507707194456,56.646944889912774,41.91738702671302,45.62365813408502,41.077345420378,26.57761671555725,27.9310101272711,39.2833438797302,39.28706938871773,14.002933203263414,40.41460693894079,44.01145332975872,64.0404068727695,43.600144354167924
2648,43.565849293716376,34.70285295269086,0.3964196495672893,12.366785784191233,6.2134176765403595,-1.080805401454981,-26.9408970395431,-9.896147227698824,26.183904648322596,4.140071196200964,31.401832743356337,27.857921756191633,38.656274097982866,28.212958602690254
2649,29.42690916601181,29.902014974199318,23.236298052625983,35.84331355952208,13.314482347032307,9.455996780434456,-6.795954607078772,4.841766974444325,7.403293994748694,3.6542396465855473,38.738841073067555,28.40997068047373,25.960391936699605,19.282302802492794
2650,10.762205645179112,16.37310027113886,34.44406656734391,40.06845203077343,3.19977160066272,9.931879378287869,-2.9408027181103384,-2.246604735739522,18.02994652585843,2.180924071947416,14.284450883710374,19.102686379484865,4.792676433527989,4.089888999672883
2651,31.72535119045419,31.63467885094964,53.606555073057535,58.597646214344394,34.32325031761044,29.251982897658756,15.238627087277,13.762908689670345,15.458695921887342,7.933739340497711,41.185868045597616,40.96459900956501,21.368547472280305,13.39600934435248
2652,49.7157558749889,45.916097650675084,45.72778583041983,56.44167111632881,31.53962692552645,37.47915406266491,31.63037331496306,47.05045904077305,21.171506908743975,13.620981867787526,87.4449207373576,75.48744175297213,36.973628956135954,42.94446056692778
2653,47.739920129763206,39.93124189192566,15.881608727730024,18.893318594390145,37.32226465931834,29.62152819916929,30.524548960939995,23.671753631352207,9.851220062221335,1.566210825854887,97.53507645378689,79.13247964765212,30.65741271751562,32.624089135132536
2654,23.046521244556427,24.036110920303766,16.990987175810755,5.752160011914423,31.82145434066461,25.421345880949314,34.38600968911102,26.723215662772958,-2.6791620457824674,1.8609557178067102,60.41542610768689,66.14940942979646,-12.020997310193833,-5.885624049845566
2655,0.39833292266732595,4.035671529010619,13.125493653433777,9.786106218764315,31.424061122124588,18.225427364628114,-4.907600731310472,-8.635018792974593,19.30775045289292,10.522681499221408,15.568805539958799,34.53396492399822,12.143618546679468,1.4673404886745454
2656,-3.4662584559149625,-2.338960111996548,-11.634331147335075,-0.762413795160392,-13.556965254856966,-3.7812681990016785,-41.95747684859604,-21.919633148948343,12.439706853411685,-2.5925047155748864,-20.688634456955214,26.129859700629122,-7.312799927328246,-3.916412653513829
2657,-30.255929647747102,-25.92429421055636,-36.44910624095832,-35.792123525096216,-23.91148923539333,-20.921840164396112,-43.53506901315025,-37.59513816742157,-6.803777785162327,-2.5420007565407285,-41.76555071627803,18.30891712193001,-24.111116482380428,-11.121578001817385
2658,-71.78627517274964,-64.61414266395943,-21.949158651116562,-34.266612152136474,-31.231608272223355,-32.00785542596302,-63.48019737703055,-53.07886492689229,0.5699047477136157,-7.132903076636494,-65.09323680833788,-21.237085891323666,-38.03324942605404,-25.95608229276246
2659,-47.78774469050537,-41.404648588914796,-8.471769889483403,-5.2543887275445185,-29.496355648870672,-14.331612807966298,-50.49551605436388,-32.217077261661345,-0.23326735198539486,0.14557092667026783,-35.28843637907523,-0.577862881786452,-38.0203248970903,-17.76543171712353
2660,-32.89551110092809,-31.209372699967865,1.368186938448159,-5.710337044576956,-24.484836704856292,-14.173330471807281,-18.900770043895342,-10.682959943179323,-15.04076391844452,11.074978199269378,-36.17037707812752,3.1357104548680823,-37.69938502815835,-13.497286098706807
2661,-14.296865725414882,-10.644190440883648,7.119265475575534,11.224003346135692,-15.675810419994962,-1.0034612762432291,12.993973431054915,22.91373154007153,-13.832549114311922,1.0567360232249396,-29.921524446814537,12.547709017606222,-45.752117987015865,-8.569297051764554
2662,22.433449259869768,22.95095916124726,17.691085705322983,21.71652947195947,0.857139859297147,13.71912942976675,11.654368834260865,36.64382186144473,-14.869171768676017,5.619930023913455,-9.065584646483778,8.788943644514852,-25.770646180382847,5.02239310547939
2663,9.55211313976806,10.497567305291453,-46.92139405181135,-47.088331978284586,-39.074593742987254,-19.23875204629733,-34.435558207182616,-24.016915301465286,-9.93408257110141,2.439819287574752,-8.133707777856927,-19.00342571082792,-20.51972386250114,-0.7469482099130218
2664,14.834026360368362,17.44371930138346,-39.14306811689742,-23.534239939133556,-37.092963233287385,-21.09622264667474,-32.6544030931932,-28.38911720727258,-11.817684825393291,-10.470553979164874,-20.270717719829975,-28.21848342931452,-9.500817857507274,-4.9816803429454035
2665,3.2537485877388743,8.997371068264957,-30.88565130069689,-32.599375942457065,-27.328293916292726,-8.045777672933133,-35.52486217024571,-33.443592631865904,-16.969993159109464,-2.5910457103179274,-0.9936292499189423,-40.33832627540446,-4.169829969958689,-0.3399045103690655
2666,12.282535794459651,11.934095920283916,-16.153845182215015,-15.403373009039923,-20.6509621459937,-26.014168998087126,-10.361414215753822,-14.475016797084304,-14.959193271495536,-3.911197672877994,-10.80974492136803,-31.558089560918987,-16.872967403934606,-19.323548016823217
2667,37.92651255631855,41.148653109399305,28.06537656483034,14.913575203117984,6.086501320415605,19.752584184880345,4.8846804125621,6.529373385562866,-9.910060789895589,-19.93333501785508,15.720544664286788,17.438765742421865,0.39344574475066163,1.1996622374697394
2668,17.591597135569614,7.96549302746364,8.454865247249998,6.440570037224862,-14.73211563573105,-4.573394263245073,-25.199448123294086,-18.73888115715822,-6.18585717442667,0.5031737852855677,7.802809799106424,-9.591555386600227,-23.81921797406359,-24.287833209729083
2669,6.689306032014704,4.992923926370845,41.71394902538183,28.71382351476183,-9.526689734196353,-8.501929239682806,-15.760225128787209,-5.178969210209268,-10.869954877642819,-4.430339397878022,-2.279548454342539,-27.801629994012313,-8.078052244652183,-27.34214762804452
2670,11.410461556554601,5.460038507380197,51.39279824885401,38.369211937521975,-5.076319195500854,0.3632850057855467,-3.094239635627431,8.685996153941833,-14.375949337426086,-6.5573429259328835,-4.477933937562862,-15.404292748129734,-10.725120876108614,-19.02920236468707
2671,-1.054807178685885,-16.799493532220396,10.758892105323937,17.27786267511644,-8.283554217378496,-8.556900332740875,-0.44382178689595875,-0.9168691797131686,-17.643036992681676,-9.718424094283394,-5.452894749212668,-22.431175772579163,-29.625064575172043,-42.523111293350375
2672,-37.252086114888044,-50.44031950007652,-23.70350254949416,-22.51639182713011,-10.087300404754613,-17.132164165575677,-22.217744889431934,-47.044485313675,-19.552658713397957,-6.465818206109761,1.9012912047171064,-36.31798646470869,-41.27676767789406,-47.61430478456304
2673,-65.64516274121348,-69.90104864005194,-58.761588492690315,-58.17644387269866,-20.958775734375497,-39.77784953667778,-49.62074591687106,-80.39869667422725,-12.34969859907306,-17.901430339838534,-9.533618225896472,-48.397692816268204,-40.04203821880943,-49.69025706869409
2674,-90.12104246726956,-108.52155096958259,-77.41007828413233,-85.80394490146456,-41.640177241112276,-63.362704002205206,-49.07661834146058,-86.2708010080672,-21.795745563333256,-20.625770565011333,-24.19203035881121,-59.8527384406832,-34.40854511921809,-49.125465382823705
2675,-91.78497652463199,-107.6965919170035,-95.03640752299215,-94.18386593387275,-65.07789007813051,-73.64213398680188,-58.812148879133005,-81.18755879389721,-30.813906027610184,-15.548064247481681,-81.4834951992905,-80.80594974414716,-75.75930969481777,-63.53410888342125
2676,-85.09468187283659,-76.32556645402583,-44.15535518442237,-56.753529885432584,-54.59713182783172,-58.69107715622039,-55.24055839965647,-65.09241789638519,-10.738631768994756,-9.836944650806721,-69.63577193854603,-80.11075460609804,-70.69010361106628,-62.18493678767649
2677,-33.252561831734056,-35.182860338244055,1.6867956199706065,-14.945657793153519,-21.43491624860791,-30.486594575288922,-15.019952026596675,-30.865362442686177,-10.358482931894008,-7.530830951061301,-18.480144250505795,-57.21632495322875,-26.267487851877924,-28.35621324882194
2678,18.27216265635967,13.692901612628999,3.215947288705627,-1.4877194701100391,19.06620221772655,12.003787084820505,-4.9494592420152115,-3.837802950267519,4.1321758602890135,3.363906029715601,45.67648828597258,-6.7584593791794925,11.14217783280787,-0.03530705107083453
2679,20.49151814606249,19.14529582012861,7.295831737548849,13.935389112968126,21.940470759969774,20.485467034524046,26.624332828243215,18.979963139375243,4.183553222682262,-3.1714693636423306,53.0806214900595,12.14155975449189,19.44698551888176,7.651229659996607
2680,23.49428155939566,21.7668810282988,22.743168892287574,19.129034368734143,48.27271145938758,30.69664518742396,13.535218919852042,1.1269394826367725,5.516282472652466,0.09778675298364292,79.929665304275,17.97139795589958,43.63095649580198,19.828967503536997
2681,74.57849539384512,69.62599572824232,72.32380552696799,53.457297210548916,77.30107507580132,71.40924052182716,66.34737739995961,66.01897121458784,29.963625140678094,34.726616964159646,129.19423720882716,90.49320115436991,69.22181709236284,61.783705750144534
2682,74.7823328450288,74.25059994163138,56.70775793252227,52.646099949596966,67.66788217031569,54.16017917189437,70.44540876570913,65.22667002657998,10.356388028660001,11.91620790559938,102.60155437970005,92.7012252211951,26.72747389409167,37.14660352093554
2683,63.05695890821841,66.04941074260412,43.88047002551266,50.08496173405246,62.3801064196217,48.57908817492733,52.102820525693744,60.85541715196896,16.957137084430766,12.879542488540752,78.37401261781102,74.61675850982267,20.849077857202506,19.94291999546098
2684,77.34285220570412,70.2729720167815,19.33842371210069,35.29701034515648,53.30471971693629,51.40061514810208,49.37126606582133,59.44512150716564,28.710907331571814,12.48317490193213,110.15323494524701,78.37410934142407,36.673580967453255,49.40239993788812
2685,37.49456786602801,26.07584507121861,-1.2186584045992863,20.568051673302385,35.700219080946965,27.44852572429046,51.01442914962323,54.853182102120876,-4.176712585293085,-2.0249362561712165,93.6469562943192,54.77424331551167,29.501304651610933,31.30566826633528
2686,23.051959693900056,13.399691625599438,2.638308134230037,12.1245605030444,25.10384846978509,31.860445831691372,83.0963306351518,93.25705191833757,-0.363585580949714,-4.2590184094267265,65.42936627777445,59.8341227124065,12.956550913645497,18.700235088686032
2687,17.24386687683877,6.349778930915488,-12.225797585648683,11.88136799994259,22.260600939600216,33.85635378084724,55.340688098130066,67.65175624221588,-5.267631524466192,1.9519374373834777,28.949231034839016,44.37767104190061,-1.0337789000718212,7.595316537857489
2688,-11.906261512599588,-5.323358524304658,-22.902652117236347,2.490479312395036,10.913581344964383,22.76405835502729,26.36623726113556,36.438946857752384,-5.684237653394002,0.6530797041138561,-17.90173657915053,14.686000234721682,-16.274711425065753,-8.54833978139954
2689,-17.332393961112828,-14.977962282413051,-14.250500943925365,-13.29178127805823,-21.14982042139596,-6.818874348755701,-13.037378658980428,-1.636510732893735,-13.286616913240278,-0.4005589492335328,-65.39915833609663,-42.16045421077287,-20.587866880228976,-16.650354926871728
2690,-27.58409790777898,-24.644229177398337,-2.313077727399049,-5.173355129341518,-20.229857676753596,-11.079345334969775,-13.77428243426614,-7.941853181999439,-9.13617644437287,-6.041848314364199,-85.99620852773832,-55.46048117137126,-3.9236472970651493,-4.815607694192058
2691,3.9344422832307018,11.38644308635469,11.428986909602054,17.118517944182482,-7.90024393045857,5.719243500582073,6.734349087333598,11.174718510472825,-7.374185359702292,-1.4173387368215475,-51.257291956516504,-42.400602740665924,10.273334957817989,8.313183565281246
2692,21.976716684692402,27.84594325757536,19.60467553932239,15.483607598999361,-5.407186332163887,11.287195350516697,15.978302896781695,17.556969173584168,-2.9564400020071857,6.020616019144314,-17.689528607631743,-19.096212045286595,37.66814278801678,22.073253099718627
2693,8.56246000791285,18.51307171409293,-5.9738689397880345,-0.24816872964418213,-2.285189928226831,1.6618432710531843,-6.327407673210041,-1.2557910245242494,21.752864344535997,-7.02313332662828,-6.171969827168737,-9.317103015886829,42.79957744931743,23.962212805400064
2694,-12.450409588948402,-5.617256697579509,3.030857366008066,6.55125618435085,-9.356948431537752,-6.652756163951173,-20.325321948311537,-35.84585635931647,5.426763133207242,5.158994603461153,-11.219244572123829,-21.41271474549527,66.79148651229085,37.50090123483681
2695,-20.79838404387298,-20.55046474771744,10.201674497871851,2.289457020862454,-1.053879347304917,0.3613239987217923,-14.952356626388752,-17.471531016189783,12.974612136296633,-3.6133112142343307,-25.731346177725573,-13.295065028058259,36.559158800918034,31.89919595361363
2696,-27.119129751974352,-12.986408650802396,9.04914423528098,-4.250879518635507,-1.028887361553588,-8.977345123580246,11.157683661529491,10.630678278842993,0.050578547900566484,0.7447210568951855,-29.68098572315798,0.28492229704223604,22.68898422148977,26.444316845498065
2697,15.745271522382186,27.92191580107736,-23.773827876423585,-33.43225228762582,7.828834750955967,17.34507027137867,23.217794912556617,15.975213920374964,-13.19801967759039,-2.1807086068902013,28.203365551760946,60.33415674992572,5.172033903435142,23.10544187798032
2698,-15.641359502998348,-10.639375156077417,-53.552678877440634,-64.81050279280491,-9.46784119098187,-13.89225453314194,-18.95444428791487,-32.23444197232108,-17.330078196727687,-9.400918368190844,-5.259904138737168,29.034269298017062,-11.207737286415501,-0.8586545158807133
2699,-40.22978719606173,-21.70187139770764,-34.02639505725297,-45.49970364876543,-15.827775704779722,-34.6588229798937,-30.403220579519274,-29.204418506562188,-4.464138196878195,-5.599125771875845,-53.95472807141249,-15.426086561818734,0.037137051075656805,6.807694661505476
2700,-55.59800541499238,-60.13342247095326,-50.3380188750441,-34.62228221812008,-29.987502237896848,-18.183150848984145,-69.96410304329768,-64.73211806426389,-21.53744443472938,16.767590773744438,-135.39053928331387,-102.15721299209419,-73.8098156781205,-29.846294299416183
2701,19.20782498007844,14.46379325784417,5.837336554396202,21.87510650601129,-1.6557081568882035,14.720739825020518,-31.363312011585396,0.5958754603129635,-8.159805169761395,14.13681738146692,-15.063977383187082,-36.42714739672985,-33.81339759398902,-1.415479290893225
2702,76.3545182793035,74.3311173102949,47.06482861696168,51.79760287048274,44.48327814802865,53.255083253771254,14.945977023588934,42.9259466447085,8.157037282518793,17.36285276793846,40.61934379736763,13.962156037731361,13.85156448344996,29.115412179443595
2703,84.13722560727656,84.79279514604535,45.02553472571915,43.21940915394298,63.94350605104524,71.43468673446203,29.74505214160097,44.46409517248307,2.0677994506417927,17.462760099122573,69.88468248012838,45.56967488281824,38.6873441125307,36.766654280788956
2704,106.47212100361652,107.03256660201203,64.92780510278004,58.19443475600642,71.06377116163279,79.29653926120082,46.670061143916826,54.884652742104166,18.643782327123606,12.395644644483458,83.9288197398939,74.73007778292538,54.82120585511443,57.543052763358446
2705,60.75264288083323,57.818232145034266,22.806044751751045,19.422538079596727,27.104390279553655,30.998542590941522,6.347501828223642,23.430503911165495,4.846054175198144,12.672319855126883,51.40509815126589,33.22235468792459,25.23196825114692,30.398128396623363
2706,50.34990265806208,53.38151164707584,30.89272725706296,32.71796181694102,27.80251363819862,27.61171622361517,15.482117682023945,31.291007302157407,14.49738327080191,12.694591723622754,39.054256115707254,32.39548877654582,39.41846358808732,47.74240935192149
2707,19.940215597479252,17.395415272131395,5.896545225376883,3.3860258912593917,22.772987718514592,14.410082650108231,12.460984132337206,12.146842384531954,12.078344843287724,18.524611921024206,26.926500407768383,13.896400926338499,41.08450591613826,38.505911058047204
2708,-37.89658863329048,-39.47317558186431,-21.21330341747571,-39.125432981795576,-0.43769956374500285,-13.047954454411363,7.661462185333242,-13.823323699837985,-6.337505244840831,7.4596010978279095,16.744817985602456,-5.221607730225163,24.83605400283249,20.163443045593677
2709,-31.052862889762707,-34.48173281056175,-10.772007273393266,-19.618741424162373,24.088912182231716,5.274600171527575,15.026085893755848,-3.244200887921295,10.673219161507648,9.381095149441402,58.46349263456931,20.055310092604312,21.630146456277405,6.132409847391556
2710,-60.70916466412153,-65.22044339626866,-48.67188946176079,-39.287324716405706,0.594106731607068,-20.685474380898366,-14.405031471183191,-31.840919191998147,-6.566297684391141,-13.645925203993814,4.785355097618501,-23.35077492625417,-13.104866322190922,-40.24064289275953
2711,-63.453734733586174,-65.20662219285936,-37.46273364047189,-22.185579938833865,-14.263519599745573,-21.820606257022813,-5.544128630832717,-13.804174768027611,-7.822818538850091,-1.234133762275481,24.136185547303057,-14.699330600124135,-5.63491457570262,-26.576469816331734
2712,-15.21546043318844,-24.64327272638937,11.10833193289825,28.126904265011206,12.88950012489825,-0.37920303655277465,25.005110689590065,26.992470886472155,3.173095588581168,18.031403371319627,59.91994553935849,14.377542866077313,25.80880787767746,15.843997917731189
2713,-56.345146961377935,-62.164347649821906,-45.82845517581683,-32.68336175777821,-16.897440777473427,-23.907415517184525,-11.105601236081357,-24.878398487726127,-4.092395239161001,-7.858089882241237,-4.3793843822013026,-8.139776842548114,-0.06981536811749904,-16.784891523745596
2714,-108.3566282649733,-118.77668906280789,-80.89663762391457,-78.19328333646875,-73.06320285768334,-82.72321703247925,-57.605847022269494,-70.89889667342761,-10.530430858923594,-10.115332529718067,-70.09975189084203,-58.746042737447446,-39.81170658428595,-46.758583497102386
2715,-99.78741494512792,-116.32291013388922,-54.42665324261799,-68.87957838936249,-66.45014269131673,-77.60458608756231,-49.47957512940657,-63.67695673402252,2.872455046950726,-10.346081184106698,-76.21398438136005,-43.05304288721949,-27.21256105314969,-30.785271822277387
2716,-77.33022317696896,-93.5035806478646,-14.876137487559374,-20.53186803549161,-48.05305942752805,-46.153636401079275,-25.47113399380248,-30.0307675243944,7.15516233114506,8.465105530691682,-39.94043186320931,-17.401000016017083,-9.099375063344347,-8.853415808637282
2717,-53.86115827608096,-61.43180428493668,2.4537888775320624,-1.5018039725168886,-2.8789473672394115,-10.379298292073793,10.775572824290538,3.9564267598522465,11.429077846580801,7.874780870569306,12.01379579837699,8.591021876269348,12.952057233341002,6.761800651470312
2718,-71.5038249298944,-69.28891237879394,-28.233064440321048,-27.8200578486223,-16.065935779677506,-11.842787097223631,12.936840215809031,-1.7915544456890664,8.620465600506497,4.756655504376818,1.7258237799015494,6.908908803525986,2.7447265849340474,-6.724969097884171
2719,-41.029509553421335,-39.31862362992514,13.168310075555908,26.936718437311555,22.11542694847004,16.880679711621614,29.187980296498512,16.318489145246332,16.27523684811432,7.019527120065698,57.72058564425204,27.656836786172985,31.36629861129145,5.597147367585037
2720,-2.5358210250997404,-3.744703863131649,51.018328047474306,54.525686895610825,43.19948233778179,44.601363129171204,30.86923510410676,33.45949231310954,28.2853816111153,6.074856452654431,74.13805900039604,41.25054569365137,55.079360213092734,20.054549417585633
2721,-3.1008756574755436,1.505655116339451,19.436380290938512,39.35771551475684,25.05090353078288,34.72851986739702,3.4003440417229434,11.310879659591555,10.941560290207756,6.5248038918296904,40.191070026575694,18.95036073689317,36.95781733420881,3.6545914352068807
2722,-34.844431317131686,-24.918499701290195,-25.096833839191195,-21.93664783211807,-42.27668723081885,-30.19699294433994,-34.92485203548471,-29.29290819047076,-9.566117717023106,-20.928306746714522,-22.811842852257634,-39.39787425291852,-29.04965515571108,-52.119599549775074
2723,17.105409816765224,28.99476486885559,8.026225687562908,15.106060041050107,10.107802725682827,11.260901598729246,21.12338440425309,8.20466290692573,4.960792191200953,-7.848830992566627,33.7164721869039,6.84360794112193,-8.864050714729888,-30.58186696993845
2724,11.840333853134316,29.975330975006926,0.1668947463387737,7.993212197792396,30.266047695520143,15.062964245152784,23.62077732748651,17.14892638128638,0.1039694858149333,-10.471520805044545,35.81755594701163,14.978889133191577,-14.771420386896137,-27.667364677112076
2725,24.03394820240604,39.121834184903875,23.268903427224,26.261879484941545,60.67504682304744,41.03419606487507,32.200547367227635,28.140685359681335,5.560007845770091,4.8596828326746,62.82726814962115,51.82469645549377,-19.819680694264164,-12.839734964391111
2726,9.868492531025971,9.387136718909971,3.4091319898122516,11.394505297505733,24.420626882328133,8.981207158375438,-13.556191250189162,2.404152426963581,-24.379471948059173,-10.368670259531399,-20.94612731338406,-7.951793371373134,-58.98680621024209,-47.10004313781241
2727,-3.21864466074378,6.03624966108984,11.91343078894709,-3.3080509839806727,13.804954639333278,3.2013683141657348,-1.5504777772623162,-3.339473075094537,-23.79471097532218,-18.018618934049677,-12.154562835141931,-9.617028411787762,-67.30230885032064,-52.184401717511314
2728,10.10013623967568,22.41927947979264,18.961958368335363,23.064942086274883,21.379637818564735,19.807387542192767,19.846038924301478,29.24281688777437,-14.145190678661018,-11.016060997885209,20.77251654491573,-2.3082145017898825,-43.82337491012133,-39.57757704680471
2729,19.728005133184112,27.624585072965715,25.835131207679268,21.491251678486037,50.52698670773569,37.88123818805617,28.729067796176157,26.79754907187681,-12.224242792478575,-1.0046508000812127,15.519292804461118,17.22383615001168,-23.127755735357248,-19.110655612602294
2730,24.425113221793858,35.07741781779531,16.132900044811574,-3.9862289265068327,44.54654838424117,30.466535663337485,10.413983499909024,6.71786691145271,-7.098937250140189,-3.5425724049927627,11.032942725850829,16.03144967089059,-33.93707981489552,-31.384075244871834
2731,25.330832846262634,30.33917148355212,19.840880513785788,2.6998022135976427,59.812647605279906,36.760767277017955,25.500019438518063,9.443600047116647,-10.444791524301687,-14.814300127419514,21.39042868504844,37.577955394502254,-22.814260010247644,-22.82876876371912
2732,-7.364042280631692,0.013943255910617736,-3.7633181473407453,1.8985730335411486,33.7089439854372,18.156788222887485,1.6649525106327878,-22.59704872323199,-8.718090373585971,-18.543833372120655,-23.901735419134294,-6.933043122807302,-33.32957816718046,-43.58149267352407
2733,-64.04180732232824,-62.98871386086768,-36.25873834854318,-36.698221862897896,-36.6432412133652,-42.657674570640474,-49.462753454761355,-71.18303165909613,-27.583138791520636,-21.000935441067625,-87.68047355348479,-60.68330636990402,-86.788081258189,-87.86570469127265
2734,-41.161363915885154,-29.30412209372585,-6.289932999049943,-21.869781096767248,-23.986858807884154,-34.099557402969346,-20.90431223620283,-23.457573377521747,-17.82475057594011,-19.36242369096601,-45.40058862158615,-28.586479692879475,-60.85852862845521,-49.04228346036414
2735,-33.430013209454934,-28.672286098333082,-4.378712938077808,-21.357631856506135,-31.65767104747857,-29.569437125511488,-25.98325881735902,-21.126933612403207,-4.667133501971459,-10.766828136814521,-35.063472979784976,-24.16015606418697,-33.08404001122282,-36.90576414157295
2736,1.165735773637431,0.8597483512974001,-3.7808939016875516,-14.1793098752462,-5.939340970225189,-3.086935567849227,11.734320797066356,12.653307080710833,-0.40114349048127834,-5.796617797131614,10.46095592791282,16.996621593222137,4.854409550769535,5.0339586207803855
2737,-36.949054781506206,-43.336355067939785,-40.28439969195109,-41.54579025526387,-41.715045860379526,-42.80817599156706,-19.435954358061565,-29.03065007593574,3.4128500297783373,9.463331834867304,-49.67685042346008,-21.01741426894343,-16.600225802719816,-16.759712469365272
2738,-7.684574772442168,-9.294718765643584,22.609373217364407,3.668652399973941,-17.699551396080324,-8.206232809264352,7.596729229393593,6.104804744863031,16.423867718728214,15.975815384864742,-5.48137827855161,21.373970225562232,17.229386595939364,24.91069050038777
2739,-3.7764690563331746,-3.844046811779933,12.608540985218122,-8.90207760743058,2.747402942658679,4.512386861514803,18.602547257388487,12.728040509523579,11.424994330224955,5.2044428120860635,-4.201331086966448,35.96296749573977,29.609095527699935,42.17152669562283
2740,-39.11438238130453,-44.103062362509995,-50.14172261737584,-64.92899546843093,-17.33022593593739,-37.77938787740669,-20.990978185718916,-43.56454551206644,0.10680508560964223,8.291765632205173,-37.76495287941361,-8.108053870122182,1.0424147395998746,14.64409670581801
2741,-22.971965448416483,-40.725108746224436,-28.588439084422237,-34.65859485001691,-19.601171931002092,-22.649977113575943,-15.397683751877034,-10.517402663788493,11.287897239810157,21.91542009463406,-37.92449272381626,-2.9771741020963183,21.655165388279322,35.20757680836295
2742,13.463539939804756,9.786186383957661,-7.241576087442403,-16.291524261437498,24.402065895585324,17.19929148837207,13.854617428796756,13.855593066712398,29.17929334191165,26.87946654033674,5.630021621557931,32.42683097649913,55.10378010761805,73.33988232415516
2743,-11.244178483194128,-19.329468558219098,-31.146769353469097,-39.068228010240695,-7.16320567254378,-9.89804127919569,-10.43492236091605,-9.987805522925848,4.458167485357794,24.40331317584625,-56.02737301188523,-13.713956405493029,16.68250350842704,32.03804535166925
2744,8.856494676897087,3.895910758175449,-18.12603176453801,-29.242114000688403,-15.578642746900783,-17.712144703815035,-14.488210915420302,-11.590452418524555,0.14414796455095003,5.2281553739924895,-54.10851080681651,-15.172506374918576,-7.123788080422495,15.59882892399276
2745,29.32634855410037,39.05855594457675,3.062119425758978,-12.406097367643607,8.949085950608785,7.925538466128054,20.409517225136536,13.41620449805767,7.287061516103964,19.68476528752204,-16.638891762212772,2.512057139386095,4.78310249661567,20.279175976392185
2746,3.0683033183366684,12.831685166237225,-16.24236987833383,-31.15362656734908,-3.896463588733936,-3.4152422198836985,8.706463370168132,-0.9102703302190541,0.6593293946962374,3.708474136835023,-22.282577395063797,1.8488252951308866,-16.744126290654876,1.8967304907275355
2747,34.08138892440282,44.23730517277111,19.499905645773158,7.851655084349061,46.86185082618903,39.87149495933909,33.43994633949087,29.67245114405544,9.360800991562334,6.479886757795139,26.464331202897277,38.290292050183126,6.980738873385781,14.782195931377318
2748,19.556426429353905,29.674103354752177,13.191459932773737,4.687500897319588,24.556386903294673,31.193287416309065,22.998857701869216,11.61502307520426,7.189497018479112,-2.1734849950286668,12.944522500543801,15.577388535662257,8.899419016398614,4.229949284523923
2749,17.62192546369463,20.985663733509526,-11.95994456187441,-12.154793513869198,2.1443809095011823,18.573818844718524,1.6800038537141675,-1.266666079455128,3.5853917450196846,-0.21906391607057696,22.96316389549948,19.981668987822463,24.630821167248023,22.804067096907197
2750,27.860864141859494,32.12722196249736,27.104628413494606,33.57112935762884,4.541525443790366,25.466779356147992,10.194778674953033,12.778550584210794,10.58113977473815,-5.514454787556012,23.119014160415638,7.8173338064796285,60.570516314597356,50.85495625560853
2751,41.64160230123442,49.81872801585273,43.94959810930075,38.013180471733506,34.20345500101847,44.142126331980016,24.84150255723254,30.167644647493525,7.089557893510585,11.486600250485782,62.22972875884342,35.16048503495293,80.21117378570187,66.38811581099098
2752,60.9474900336902,64.7188962006078,53.692092877000654,48.75076539811069,42.327849844507796,56.42187022598142,50.61605552419162,50.24276682295524,8.473249390854248,10.201548737988201,64.11822634424479,50.326000823810986,79.8708770078162,68.65089025859045
2753,40.4707733665029,54.93686585543881,7.106704165909501,27.98953149123382,29.874657270354025,33.53084090932226,25.349813171026998,39.70642294174272,-1.785964907414345,4.40218357832067,38.65146687067008,24.075658796139063,49.38861419242202,31.688495512955104
2754,20.668281158426545,25.192877434394198,-13.18620921059302,8.096428921892072,1.5203197936679984,12.347981891814129,22.909863545615092,35.798417565318445,-3.587647965456322,-1.9462440555262965,41.16331920987943,26.607314533196014,23.046544735467823,9.415475010742183
2755,71.91137849555751,73.44430968180356,81.51505269607776,98.33282917014768,40.136243530935346,48.292223438535366,78.29988629240474,92.74745570441688,12.414398144267048,8.28779759968292,58.087236487689616,49.0884765237382,51.60850143656465,52.44120095996081
2756,22.158612667929,11.489593496486094,43.93207328296719,50.364332507980244,11.240694998928353,7.271457111586277,46.3471397953081,59.68232145576089,3.719060724512756,9.56449537714604,33.156909745555794,21.527539251169426,33.15881432927013,28.936865808580208
2757,40.64179526766502,20.78764267599206,82.0353651420488,81.63905170688822,39.647454825473474,34.9390937048634,70.25601291801685,75.63875958433637,18.751680272112992,12.748443117103703,51.16234489902934,49.66446475725887,58.792299734381636,44.05820773741056
2758,39.94399471368595,32.91643022438165,73.98109190647706,74.92653767587643,47.59666758489345,40.63514841142273,72.01122117659878,71.10376002503995,12.265362250499884,13.197806329294647,64.30104692081582,59.784098289912436,66.42571853262426,46.90520565965078
2759,-14.51462291853206,-26.251357105299157,20.20916069627216,17.919987381504445,-7.118657411505221,1.0315152188733394,1.1840718921834603,1.5071237646012874,-2.0957856658399634,1.8757724347189986,-4.106652395442134,-4.2271705872874,28.7372090406951,4.9121503274391145
2760,1.6813685840026946,-2.752072446992158,43.715147216953646,48.84549287355409,8.150628829639029,12.985811445034376,-3.9146029142919545,16.63182216218837,20.242499583201887,12.253141266143682,12.320197521416475,-5.361203408379961,54.10038280362118,32.55064144159844
2761,0.24620259928684854,2.694014053724664,29.572534076048115,34.262113256713874,16.762208599010716,31.83144195676072,5.309483631236284,9.476196882163217,18.290857127571726,19.26144951012475,29.79145964325434,9.112544202153824,47.9553099993972,37.73805122271578
2762,-38.74923264256033,-37.26152070625837,-28.97521556690181,-26.113636256884533,-8.640426502922974,-9.208699837427355,-22.470613504641495,-21.812240737730008,-5.033939002175582,10.890680148903728,-32.18470825230696,-30.236037727449343,14.262084843327479,8.806510557659866
2763,-63.488512031408895,-60.38218793930907,-46.8105080929376,-48.881161705852705,-49.85152466091264,-51.37060221973475,-45.67653153698544,-53.13217072349077,-5.304743292005621,-6.220336893764163,-46.09878719071321,-43.58922198224363,-30.47624290214241,-29.827029732451134
2764,-56.71957063936213,-62.565925911528375,-43.29964300915825,-47.947752760480036,-56.61833549488787,-57.40102439131832,-38.24503286373345,-50.240991610374024,-6.4025215975030605,-1.5160048535608834,-41.36044006314679,-32.51289473131909,-23.110126781529402,-24.86140307613864
2765,0.5385167606364853,-5.061432201252997,-8.669372734934447,-15.549038050442688,-11.370209259786888,-12.902739991109803,9.945937674078737,9.808564300916899,17.037704661573926,9.546988264603296,29.816959922116606,41.76290094213453,42.27382362379133,40.079950485124066
2766,12.436165427774474,14.71604837774588,-1.3259874647030745,-21.701237409287998,2.656291124479187,-3.1464453611595546,11.255782046257538,-6.7852489180803985,26.369390714133754,18.556287948053875,36.31597143484514,56.796603011485644,45.27109585738605,40.29289537043092
2767,-9.347192762278159,-13.202648379763506,-39.483380933667505,-41.812419127889605,-31.010761079087256,-33.14941371334797,-10.264694993460198,-22.932202580386253,-12.956857274979354,-0.24946144828177985,-24.042712321141895,-3.01571159769742,8.144008476236044,3.7545058481932005
2768,-49.568716778087065,-51.243924810563215,-51.48241557571375,-52.62295004007893,-55.049114899520674,-65.96819913966013,-38.32515605409143,-50.8653824001533,-3.0826663085392565,-5.6277452222587065,-62.24572451327585,-43.31907138049044,-40.52712946732962,-40.44562149333951
2769,-70.8509321413133,-78.28051032204361,-42.56704104839167,-37.50079989191758,-62.40155646942094,-73.99255366332736,-41.21579988108654,-44.61640773061497,-11.197271047880305,-14.449022849282482,-95.85854575459379,-76.689737578949,-57.19842895979079,-66.24997471521351
2770,-21.756355794093057,-25.55210407017703,-1.088562463799047,7.873944390156861,-23.053420161002602,-20.935198241047797,-0.5644270360431373,-8.219621867739686,4.928608546828602,-7.360578081017437,-29.02722458483649,-25.1495108563535,-38.2484697346904,-45.04793310066044
2771,37.96264231775864,26.34235002085196,42.889891625271474,50.4056085833226,28.238863359007688,33.38957713214067,31.852032093854604,25.72658079468127,11.489072919876563,-1.5249319298701705,36.194310444815045,34.261420122383484,-4.948652207716164,-1.554693460060305
2772,35.73601432453261,30.634006693334815,13.381241433352608,25.684800876668433,27.851515245868285,33.75406927791919,34.27170579288623,25.103124456293237,4.672706973487336,0.0033618229326848326,19.89539870141223,48.57087047343902,-3.970584912291718,-0.8874462081394618
2773,29.594507599804306,29.620031617856164,11.164986056119517,8.994275446521712,-1.466622903251967,5.735965806067284,-1.2408346771885657,-11.392112742606665,-14.693191093249657,-18.885866632499695,-15.607974082979768,5.086202760261781,-49.01737593517213,-41.7576381970912
2774,96.47149593189044,102.08710997940254,71.02624845884141,59.23257231878134,40.47590882951313,54.455537083497056,48.522175309112484,56.76689558299794,-6.980953528354302,-5.7909695008919515,33.560322384050046,49.854603890185786,-15.751174790909431,9.255759573678262
2775,58.80440577618357,53.60899114073644,-11.148012287313165,4.29782257505083,1.9668845531368666,10.541849787008072,14.891429473172797,30.7997492583249,-15.967687798531967,-13.15919606927956,-14.59126483517814,23.611942821226588,-47.83966514173709,-22.400380668583846
2776,21.038026902195817,26.63350180482475,-28.071277913118006,-26.27822208146985,-26.09719816214027,-23.378595751089176,-25.262935830119776,-19.955253522479858,-35.63592506374035,-15.583255305711846,-35.01853594104397,-29.506298967592393,-69.58215604460946,-52.898778069169495
2777,-16.38296508182826,-13.906417674478009,-31.433486223396596,-35.93275033715882,-63.44886598699124,-56.42943862669164,-43.75646137469199,-28.21220972786589,-23.936989529165857,-8.696780978209588,-50.92499536297383,-46.08467499816742,-61.221671261600825,-43.9566899442399
2778,29.66484547295927,25.812754355539035,8.643470755263829,6.004370988322259,-6.608440535103808,3.6542447250897725,4.29628542018216,23.89902141289501,1.7221821146790646,8.278434593827791,5.998780294709398,27.646047521248924,8.31723126788328,33.14171317792639
2779,16.047038370701543,5.777823054688382,-15.045054643742452,-12.1448458541215,-10.407392701744726,-6.4651652939905135,-1.0504068824413064,15.819976175656643,-5.882772852590262,13.009073307944305,-31.23962639813336,8.37007157794942,-1.5787221843047814,26.046280885464945
2780,-5.017897751482508,-23.539935016465336,-30.170237263586426,-10.191477233701857,-9.347445809584551,-5.207247768884832,-4.662715357695501,1.1779249981156419,-8.606900313158754,0.033120237975208244,-41.895388160503046,-6.883608648415616,-30.484399140471005,-3.5889847166788993
2781,31.75261200489344,24.789801731653498,23.424169402437226,55.23727660005233,53.710872509499616,65.75432474757996,54.282724504291814,74.78281568267371,-7.809070261034189,3.8308990431648784,1.7494231981976123,23.99224669746117,-12.934101786372931,5.578606365749101
2782,35.660550370811485,36.76162594299045,42.71381538417157,102.81098855939825,96.58742443671741,111.35449421831724,69.63742784172375,100.75446105499721,3.2809146438575723,-4.1186955691412495,19.645503194222574,27.47424698305022,-0.8684788310588473,0.7251134613874455
2783,33.15048253069514,22.343146506749413,38.625886212950526,110.19342846769894,104.14495079763833,126.50433510187781,51.94797546935037,70.01408967985144,-5.711016877642148,-11.865563162632139,35.37500972359668,11.559871162497192,-3.7653969256447444,-13.97338879559191
2784,21.755555552328687,3.1948342040498523,25.913293248172167,103.1267666596654,87.03070935453067,107.16166372842034,50.83422349415083,65.75543404267718,-11.180251156231384,-18.389150405015872,26.03542254635213,-3.5940778483821925,-15.340504667527956,-23.838811531348508
2785,-12.778591015862329,-19.404460518013085,-0.6033537452777367,79.92335715575386,64.98554673893415,80.59946970746373,38.95980423126899,50.82821599162373,-9.117599321611342,-17.98799160325323,21.59590383256447,-16.009127561586237,-25.18257880870536,-22.181846187208357
2786,-42.28926515300328,-48.9339699734822,-10.335869707892575,65.91581856788841,28.447902253323075,43.819247568425816,21.901290792777708,33.89691224520106,-18.889514928479848,-5.852199127941553,-10.878605630884037,-41.00146889593041,-26.16953578779747,-36.557885059967845
2787,-48.85736337307125,-50.93067782969496,-18.936337064106215,38.153812430977275,24.615844710206133,21.652834001064956,8.16064572923312,17.33782187222879,-3.274229278040345,-11.308285774989747,2.5112823342610775,-34.21070430282375,-22.50770887427573,-35.34421631773528
2788,-68.18971040984138,-60.67961746542235,-19.676212920926933,17.76240419553117,3.6345639595742223,3.7970507966168157,-14.12376128848754,12.830842348721069,-16.835814866065594,-18.566864310463647,-15.307037405150576,-40.08457209839153,-35.74659200341163,-32.0421690439129
2789,-49.825250391448286,-63.53716815577424,-18.677989926880375,-13.520905495030453,8.572631804336478,-11.36193807307414,-16.175920690125405,-21.8681519589297,-2.250676158586433,-12.918358357183543,-1.875399021146982,-29.507385363293523,-27.35861233028788,-42.03089331513283
2790,-38.31597303726874,-55.54345407926301,-12.269263491989188,-8.080406570025218,-4.975141586518813,-18.51265253662489,-26.597407042216,-22.679614199530228,-6.1555531982728136,-1.1941241314487216,-12.162221539024689,-40.32950906987955,-24.5534069016254,-31.862358599427786
2791,-66.93565682142233,-84.60730747867046,-43.91998668012894,-48.34969445001127,-40.045287266611545,-53.803343580564956,-67.69277795523757,-74.09781310781338,-15.991045987914859,-26.162348035895135,-53.33437502333802,-76.61514529195883,-47.824309264349836,-53.978251711876176
2792,-73.42477408978152,-88.52177879759634,-56.001664793491635,-56.163088269865405,-52.78737636233236,-73.3603697382042,-80.77853902358336,-86.7745337209994,-8.856668031348013,-12.154942496565916,-24.672134910162605,-67.25464887045169,-56.597703833869865,-62.41073449235387
2793,-31.03346454655205,-48.21062438056905,-18.64816229178948,-6.763076033789265,1.074433601366751,-17.700519915840054,-35.23446641467684,-32.88240440247934,2.4226363210402364,-11.710300320404968,42.97229324028426,-9.760885210018893,-18.571785243617214,-29.28012044022549
2794,-45.731969396472756,-53.01133359389232,-30.268377005476054,-29.855812689771184,-15.049526609447245,-36.7054252252468,-37.8911528704204,-39.16187198303059,-2.2231106009007227,-14.159425186985947,19.184337624556832,-28.284348482832574,-33.173729172401835,-43.077415583753
2795,-16.55759686079113,-21.78607973617475,16.656210569802422,12.416297600736181,-10.520066498411614,-13.103899911726618,-7.60726748924975,0.6775535744373172,5.881706541225842,0.5692355202016786,46.72126777164428,7.209639579361828,-12.756227272163526,-12.48723738032008
2796,43.1367495100691,45.17292626649062,71.54122190183905,60.88096796734042,36.948535603059256,36.538214534125714,45.12921048795797,66.42009088513154,17.617248819840402,3.633825387822273,108.97868531361911,73.3278246557647,29.99729086009753,43.43861740039291
2797,51.68056823490465,63.14553745892723,52.44327041056801,39.865221450038646,48.43873610630979,32.54318788200548,54.01953278778003,65.78310400115325,10.172195006192416,0.5286178467309606,104.01456800647053,86.840280777673,35.32350602778599,43.76517313826153
2798,11.586639856792473,21.59469931148017,-11.820889851394469,-20.614937673455373,-4.251042711758548,-35.08689727545242,2.9678072571591376,-13.717428689649632,5.510112705391269,-6.270903524595676,60.838866758152236,31.31609681537989,6.378795561934025,6.6947302196679255
2799,40.39887715711107,49.961098859802455,38.482357062071976,21.641313897148624,22.14884278840167,-5.848793133684191,23.347293554400014,6.100054258486728,11.64837506055941,-15.994046703352733,72.36091681863505,40.009632901218566,35.003928399585746,29.761360425397367
2800,53.7857549360807,69.82361105454629,25.34840577197471,4.874778536666151,42.40209165100229,21.982936478713746,20.75287419877705,-5.541696075321805,3.5887802344825697,1.0651979096967832,61.66293648867424,46.19874066975361,37.99110027011631,38.556593958773234
2801,7.593680124928495,17.594755534311048,-20.524881380620737,-27.215066697982422,-30.788571448720795,-39.06018199292651,-37.708280457247774,-49.28195483941997,-15.188495711594202,-24.781283180949508,-31.661664844788064,-34.32651889854267,-14.161140793169654,-17.911699846715326
2802,5.454804313157513,17.127368308591617,19.881128800284653,3.262137633045479,-29.793797249161553,-29.771788845675044,-35.9148824767452,-47.70999653948174,-11.677483202623755,-11.606053904344188,-35.51120436930085,-53.97779163718446,-11.774362618576047,-19.120687369482436
2803,-6.479105925095406,-5.986987457821442,-6.634826584590772,-4.124593950920614,-35.39539860977212,-29.184132734463372,-38.71039051795045,-43.00567964970789,-9.296581999670737,-18.681690582513035,-19.82849281502868,-43.51030390363789,-11.413345994764427,-14.959025647856633
2804,42.7739147745943,41.433856620330346,38.02375682332299,41.031314031909076,19.37125845918443,33.049149472322576,0.7820822745746216,14.926775300660903,1.5739126236524257,-0.1603351631000005,30.53603164055847,24.45992788463539,43.60463513697338,52.37520671361619
2805,46.25040094885754,59.09709183977026,33.5845710059121,43.006000921167164,26.259561901530336,48.90308367880867,-8.300288835104183,8.046838092735218,0.06113304685204094,-0.7503652493382886,17.321742308032814,31.16830358957499,47.10147096137605,56.18024492929515
2806,15.105510488655852,15.209013198559031,1.3355340804592088,2.1409909739028556,-17.898562076239177,9.181943316500508,-29.940407949749904,-20.095305795443736,-5.523102930256376,-8.802799469779563,-35.430447027889194,-0.20602790304485788,25.752705056772488,45.688629748248204
2807,13.836862167203295,14.222762809543024,13.838617517303463,13.358664346620383,-43.819583954787056,-3.034803636087855,-30.95596946633948,-20.29330897603898,1.1401611555712006,4.861198577858271,-58.31216614902951,-12.728123492598964,22.687536690842876,49.994047062859586
2808,5.8604222470175,6.449806625908874,2.0905831320128985,-4.816336062741966,-62.0407413157808,-14.150162681191793,-39.23702525789758,-26.74697988959582,2.138130212856904,5.502567500178731,-68.6116464938808,-6.2099515278404835,22.91643868761289,49.16139216885575
2809,28.399272053469236,32.439373295939305,40.731413434875215,36.03230582959735,-17.107778710065,25.547025380465005,-6.941482666526549,17.781176212184572,9.145639417334026,9.739074802432068,-4.711264580442435,43.3688425057845,49.43564548690405,75.67600536609048
2810,30.91911014270103,30.19037730777729,61.25881959872326,50.77567218747159,16.885954361094488,45.234665641389476,26.477264872587266,40.32089905958345,13.051202646839053,22.953194188824344,15.565116482262514,51.32804092375634,43.13428683547467,69.47249743907209
2811,34.632251312927295,39.61705430385784,45.155174928614024,47.26314440624991,11.29764970582056,44.54079217483484,27.429114457129522,47.06930993694506,-2.501352966159962,6.3193392111916165,20.001376724247855,46.974775525524514,6.1670999312977415,35.73031172269372
2812,72.61525521512078,87.73601924578487,85.38207484315461,94.04429924765996,56.061513097121136,86.45829698268653,70.82719692582911,99.7209666208292,9.542072930305187,20.62325073665716,65.68016279748922,78.92955066086252,32.588414357642776,49.770786104068684
2813,85.10372198928573,95.84491821995584,79.95778905965793,100.00050719471514,57.53522503674705,96.57667132188557,80.19441322788445,102.43658357394125,8.204123279440546,-1.9872768182803153,65.00898980716063,87.80251223936698,18.324507365391415,35.43864521760365
2814,86.08055517322646,98.86126945347978,62.81322851800211,54.71516966348909,53.85971721229162,70.47491288164493,74.14612611102008,94.33233192425743,8.096261976262909,16.17496075896402,60.34630846815348,83.40946848741834,5.049456362885069,23.710200127379483
2815,70.8711987815073,83.86867366342679,40.01128443722679,44.466178976954595,26.73240533897247,48.239963692280334,44.09690421484164,64.44143773821438,4.096158762809981,-3.0697975769677113,43.81177073111694,59.45204703749502,-11.048244172410232,2.217500858194246
2816,48.004693807819336,63.91394530715382,-2.4223279225282672,2.78281149356815,5.141466231101172,21.898770080980395,13.994457629895907,23.33051067909993,-17.302804977279347,-9.218344434674911,0.430231831252601,22.20789781674746,-39.63956213336871,-25.962350358882986
2817,-15.827170131309872,-0.14968808091406327,-33.675713708809646,-42.21222251204614,-55.84109180462407,-44.079024166688576,-20.1362339224702,-14.437724030971276,-20.887212757462816,-15.88600645414628,-67.00911410929234,-37.444365123200704,-78.06738158386273,-65.6217363579514
2818,15.198691427929536,17.46700617017454,2.0440976642176327,-0.1618105517507571,-26.15072281623927,-15.707143130895721,20.885226095726875,44.60989369454194,-7.726305332240419,-20.295996945485058,-15.669903585384922,6.072841951883203,-36.28566118222624,-21.004410547562145
2819,7.412857190123083,13.24945193331956,-25.804361895568903,-14.906188982626913,-9.955134148600381,-9.842900616947613,11.04517163299245,21.546363926687,-8.47920044900364,-2.4039832254543807,-1.452014650544844,11.858943247461323,-32.02330757541577,-21.441378684032887
2820,-6.7041686935527,-2.6158892609111226,-29.50193412907517,-32.01580016055285,-33.41172159971685,-35.25049101502748,5.5764703953929295,23.34219788266516,-25.682426058133263,-10.647917638166742,-42.551730066559614,-22.213722682306553,-50.26406364470842,-30.410262367071763
2821,-1.1305246762908618,10.617908522554949,-24.052200255083218,-35.683587524605535,-27.938443800270193,-33.342600462654715,17.090018036669058,38.5077922826836,-19.313154297280185,-21.060514072189378,-25.121680144725048,-18.16550706746816,-60.03784879720027,-39.13462486578088
2822,19.828835452904382,20.4587011124291,-1.3716986563339681,-15.594480591235031,-21.6991174944645,-24.393932675440333,39.15998543018886,59.06547831787757,-19.44210361093473,-6.54728675570682,-10.339434546267322,-11.113312280046529,-36.307599548675896,-23.851398951745395
2823,82.4147941777044,87.9429808883254,37.25508947348744,56.30503810692146,58.52699897845124,62.31018079952963,100.1535973038962,122.31230918115735,11.527906288294334,19.476719970562613,86.3469612720171,76.4438447746911,27.963220322881686,45.21302644485615
2824,99.19468907425319,107.55545289522658,28.4962674173218,44.7893521168789,62.72394343823861,74.13877411756019,115.20766493011934,135.05641252222898,10.904312721492433,10.417229301373471,85.36045016367243,78.3670893911298,30.886099489173034,50.48298103738343
2825,56.843705249607375,68.02472836235388,-55.53250718397202,-23.149282472671217,18.304236849584886,29.09238361116279,39.52854210559906,49.80112575612538,-6.395949441860093,-7.631607834508231,9.428076942258244,29.250535132625014,-30.454031721386094,-16.964712393539596
2826,48.5165112011904,47.54229990663106,-68.76458772995362,-43.544365717135214,-17.99937906840178,-3.2554892415375405,13.197136446240537,30.66642342564028,-16.379741387544005,-8.387409431097751,-37.51193080254359,-13.913632253244277,-58.553096733412936,-27.09346256388704
2827,46.889558322493244,63.67828069669783,-44.571856560347676,-22.623749743492933,-1.3548554738658383,16.028336862762675,33.50853839133416,45.22858384925114,-13.550362233219383,-6.711293865824319,-20.053671636510966,5.062948296441641,-43.18184539835118,-19.686885443827638
2828,6.8754492183835785,5.265443456527189,-64.84165370666248,-58.80525746499107,-28.575296611669238,-12.467234659952245,-10.246438322273876,1.1573915606331935,-13.472216726627877,-14.949936445411264,-22.96230767993487,-5.74529171359088,-58.42797690308574,-38.78191529258771
2829,35.66941233220817,34.840007471469846,-7.835994056138805,-8.549797078824719,5.112070708562354,24.755832198333263,31.913405248515705,52.71841071786669,-1.3847660096823702,10.970683152374004,22.163711057363944,38.79704897664647,-10.636206656666625,8.94976808437489
2830,-32.116617977198025,-23.984555596117374,-10.14429113520953,-17.37816687261985,-26.49008190721146,1.7549100397488775,-12.447599716021395,6.129397473414311,-0.5642495596628578,-6.11704043547718,-2.559856746565575,20.709725139466503,-36.34878927135134,-24.81934822752929
2831,-38.64722604523383,-48.43452204541484,17.739811966370695,6.091063795676232,-18.77906609103254,-12.933338335538147,-8.831008331779381,-7.486943843645994,-1.2471325033502076,-9.194996726823828,-15.735673652531109,-4.87548407825369,-20.17445360134055,-11.74571798119539
2832,18.798889006655216,4.06930398967406,62.34572412392085,47.12001934319801,27.420972358004168,32.75802467460273,42.73025397337409,50.66619598415109,14.702298790508259,10.81930578934352,47.97425332032898,68.35174183402711,54.02475592617887,58.89017824869623
2833,67.42452102081216,64.32775023014659,98.76853076954404,87.28481428996412,71.91692014163635,82.06781606107506,81.61693268529822,95.43719426826306,35.606552888930395,14.63574140731397,112.39334058531723,118.78590067170106,111.29931078575585,122.66455745138386
2834,63.871799202264825,44.50712128943314,46.710418286136765,45.547385008668954,56.90637957360257,57.738427895434484,58.30176962897004,59.497451685286556,35.90865739208631,30.846038596094616,83.25561306293477,110.65391145889804,108.52594251483353,125.43203259453671
2835,35.70754728037302,27.233677216750667,-8.434639300600702,-7.666500314655913,36.28994925055947,24.972139026023736,40.04423040603576,30.42562392158748,25.373678491780954,28.47959840166143,61.85091185645397,74.87877520647446,86.14772151925649,104.10902764708216
2836,42.734763756700694,30.009201355509667,-26.550774652535377,-34.276571040676274,35.4302269601241,16.078766259216938,31.633384905602473,18.874093568942026,12.56360549263575,13.47778257328348,19.565695876170285,34.27568040210271,56.75543673690085,63.43494947017675
2837,-12.259406822944657,-14.269028859009598,-59.363205273372216,-68.59963709586236,3.9899789684157443,-24.85627190995346,-15.945343992075207,-52.4929305888103,-0.821857045032115,6.393256841912067,0.9860185047263093,-12.792963810261531,4.5304714474103305,2.3558285626523814
2838,-12.39951193055589,-18.736863661922175,-60.174029926025746,-65.92604001579095,6.471428046651333,-16.530411702262167,-11.851376633532936,-38.673621009304384,-0.8282406224763049,-2.0773301094823737,-3.8889342453350597,-11.453460111398421,15.056309789794826,4.953102916520591
2839,-63.74071013228983,-71.18196028426756,-91.47086790056552,-104.37459331803142,-46.299609408880706,-67.1749658437159,-48.80084768867535,-87.4019642202371,-14.50585486175249,-4.085550465349606,-66.4831754735065,-62.72295870974454,-23.050299603778036,-34.752724965589834
2840,-76.44765641276757,-84.07436733352993,-73.66576030170991,-86.79428625423036,-59.815825894982254,-76.71105846932024,-55.98796843577229,-79.69347801054448,-9.862548140914194,-1.318900971374071,-106.00216602500424,-88.76372825940773,-43.50646223288315,-44.41334063808626
2841,-85.1276721178244,-95.99060246798916,-74.76501780883456,-82.81387277108435,-80.03698930158848,-97.65882877091144,-83.08913601495912,-103.47399752435328,-24.489238302608687,-28.34134460185643,-119.86033516517453,-97.76625604031567,-67.14298606239511,-67.24200133843286
2842,-70.45980222061766,-81.88974983452292,-51.62669885917318,-55.521002741768086,-58.0027428943998,-75.35862713316247,-72.13678629945619,-92.73484387775255,-12.527505037585572,-2.163441621403477,-63.848458546385984,-54.59144567226617,-49.11232277827443,-44.9510700254454
2843,-70.33283328867489,-76.00869688772637,-38.153456679243256,-53.465134271494414,-37.44910237460322,-64.86703924162325,-53.896649414242766,-80.12290610540212,-13.16937066796914,-2.6189306854551395,-53.777327496391386,-46.518172471717335,-33.80560238523478,-28.731920632801287
2844,-75.30146969118964,-85.64358255995612,-49.26529349704855,-67.55898559552307,-25.899385366032952,-50.660515801684504,-49.613204686096815,-79.74922676616532,3.2170114129477576,5.528650904185853,-49.03872960540313,-28.62963499659193,-15.931172143173002,-19.139464329709295
2845,-100.93737048364409,-105.93716386225404,-60.523560960160296,-74.51646210567623,-63.799847414364464,-84.10777926811305,-73.18953050947673,-86.99207051936129,-7.9898678015009965,-1.5871899052994907,-72.75009840579611,-64.2347356899582,-42.515386167471824,-48.34427092988633
2846,-108.3686126783749,-118.15114497391207,-60.954476165492565,-75.82047128185921,-63.50231533070727,-94.4221937959863,-76.40537669460255,-110.227191257129,-13.372348378008374,-15.290638274070082,-68.3084341757386,-84.54727669096451,-52.73599867579232,-62.45707416305361
2847,-81.15630570814284,-95.45545671867343,-33.03544579344655,-51.5176875224336,-46.540979800684724,-63.03045855750768,-39.41786623884137,-65.20785971611717,-5.664986391388768,-3.327096580320595,-47.37517490474589,-62.24074154732807,-29.213126515691968,-41.9155075673745
2848,-43.100904750675504,-55.851709543053985,1.125295465369442,-3.5474715358807654,-4.354192499864085,-15.459851049402,-13.994165046038901,-14.675964314497332,-0.6693459633181847,-17.721208670548638,11.872000856873752,-21.99041373335529,0.38253203111407597,-12.693804197181185
2849,-37.35623872788275,-30.048599183811078,10.036915325327199,0.12361980759313174,-1.3904432339984871,-4.768925077781019,-12.271841902906795,-17.916136368640394,-3.6646761105909818,-12.447510120046452,11.356732270461874,-20.999884098180253,1.98599818482054,-9.929378955721205
2850,-33.79320422243019,-25.82968980121452,17.95903585019657,1.6618931336480363,7.3796365064182785,3.165806764262664,5.173792823719458,-9.018131483315221,3.142482120535174,-20.985467139579054,35.298713709834004,-7.442528363846751,4.031999151495196,-10.396052391908112
2851,-55.950945276833096,-59.772277337882365,6.027755364594538,-11.050144834764334,4.765829721771894,-18.048388310528562,-10.251244698061466,-33.73912267221679,-4.198958631376265,-19.284434873597977,-3.8855887764464017,-60.08011891964285,-14.61919139809346,-38.587380766596475
2852,-71.29740848478258,-74.20068759047983,-24.243761995528484,-31.249926399277275,-35.417431789957526,-52.61818422084986,-43.801716847142664,-62.18309657026896,-13.857618496150195,-26.098274050041674,-35.507121447081765,-75.02742289322282,-45.85217921190575,-72.23132469310939
2853,-67.87667274392092,-64.9673945587405,-3.9031426342797357,3.596686246843613,-21.513507889051347,-40.71463857553386,-29.234714519051856,-34.59252030176593,-19.593120473479953,-14.143887331991033,-35.4218710765213,-74.55847221739843,-53.76374403221553,-65.83508784964256
2854,-55.065679392157264,-44.584688340411155,11.594168840562924,5.126833042064237,-11.071509198000046,-19.796036964779656,-12.715992799212733,-13.72524555452909,-7.2428049680658,-16.96820107676047,11.337899776231717,-29.687511227704938,-54.20850619790986,-50.47094205675052
2855,-40.393758228417624,-35.5049548038283,44.28615041221488,26.199330563950376,1.9698026134466065,-8.468603526014983,0.11320833311927915,14.921415773483423,-13.746265462804205,-4.565158706480938,26.293840221127084,-14.881799579836787,-45.483739668860075,-44.027422937681244
2856,-8.730131080023321,-0.9247125439854047,80.10938878337804,49.31138506283834,18.04328986832416,6.040867516795074,33.137368971037844,48.217948214119204,-1.3723260776669546,-8.167443713398963,52.31643371893787,6.817049466738718,-3.0459057116566473,-14.815089299917174
2857,47.32193990034596,55.92625740378965,111.07136568841906,106.84188421730813,52.78424835691739,59.20245123359423,87.61527351529821,110.17741680911013,17.018623560679064,3.834502403654506,119.81396082207243,91.62302003137019,53.02438383036964,50.35847300506871
2858,116.53459809766713,136.28322397498255,150.85725107710726,136.74917549483726,108.23470829598156,115.92241568614206,133.2754149844598,157.18268542811364,32.951051255068336,17.79823993402829,166.41842845013622,159.50132620252074,107.25563471929641,114.1680599556566
2859,113.98831257674334,115.63162274845679,108.84925360299569,103.12390916937524,86.51703954838112,99.05307380669365,110.83398488162796,122.68964899570419,24.171511002091506,23.53048917152872,128.4796213040874,128.91311818297658,93.05776204473347,98.52070807589747
2860,37.52142832900174,49.71694121322594,30.95683392765042,16.41870583737147,12.95908190347772,18.825835858377065,25.74343714818765,29.30239364239626,5.615327082330789,5.240262378037174,44.97567306897261,56.616507082812824,45.796244027437716,35.75240346285553
2861,15.885339143900271,22.004783054891575,15.259035819670599,18.153699214309498,-9.805571136933738,-1.7034195138561983,-0.06501139481460326,-1.1446351999952271,6.621740991489578,17.63239448779331,-8.731893732054177,-3.883146735700998,32.860900961410216,22.485457397347478
2862,-25.554365632501334,-19.04375458387213,-47.461096889105086,-38.031997515299416,-43.84469473673266,-49.038868321936015,-55.441213408765165,-66.65202467286862,4.358272177407959,11.320611088068265,-47.87434103517048,-47.9110097594465,-10.080005017663646,-19.137724344622043
2863,-44.90923448273987,-34.756749012431094,-46.53546176268466,-32.32043806631332,-75.99806721703375,-69.68163473873891,-73.6161131087263,-68.50586077758426,-5.4694379370412385,-1.6768929777783572,-108.31825278541984,-91.94786809874036,-39.31902239666971,-34.49932709588309
2864,-43.06489916505726,-41.81711499726753,-39.665592152715796,-23.538535278691896,-66.45261575132196,-57.64930714065726,-78.75544440213322,-81.4654102051912,-17.673766449779492,-9.793008212962162,-122.70663067116242,-119.65866062766632,-45.7167138771206,-49.103290955090785
2865,-29.83180883025745,-30.130652575919925,-43.90317994388494,2.6719008373538404,-70.89418537926501,-50.60952163714491,-61.774036759863456,-47.93003861470219,-4.739546976104344,1.102989474931712,-110.91198000721154,-110.78680509067922,-22.424740736098535,-27.01698332667033
2866,64.01030495149266,58.52298100380978,18.664146313396547,58.83291127652986,4.97478093957506,29.530460686909652,30.18129097351707,54.65795102229557,14.285975960002771,20.852288094096103,17.670777983458187,1.060198226198833,62.19752595092811,62.809694134342095
2867,98.10327422505299,91.17927092203148,38.20011967659284,80.63025179751274,35.091448609883315,55.49495447096465,61.27385841464904,92.83214655655055,18.153297535115588,30.015414163098946,38.04732166781059,44.97895379490406,97.55416451738812,105.50923373485695
2868,76.1314224379367,74.04933844084785,21.829032539680767,47.72220697969888,29.730179978913228,50.69904365334336,45.18690399095963,54.56117802321069,27.10570149140287,33.213927919759726,21.14068719814545,29.077888976512643,78.55060837925697,88.73537435296095
2869,-20.3960865704143,-22.305176834154608,-50.80746279449759,-31.0928840465107,-53.83109503228821,-38.480150741549956,-37.872288370236575,-41.80705567647558,-9.881536237803362,3.8350118172354444,-56.128495677015955,-33.093147997369556,19.834455087757213,19.823390062549425
2870,4.9074421036161455,3.2669753591841113,-6.468022491808277,-0.018500716380914106,-33.22514627190715,-14.154002350077507,-30.386888529575547,-18.534155217484603,-6.502030471692216,9.548479433811726,23.008420134636616,26.175708609605906,53.094943085306376,59.95790476828426
2871,7.390771118393341,6.531346663226705,-9.378252359270874,-3.824090749917938,-29.232892623316864,-3.828218590920357,-13.66922764820348,-4.88927658571569,7.606467954883623,6.777889085750533,23.385378270231964,37.928085930995174,64.13890216420594,73.45780337798807
2872,-1.2570535160986984,-11.797124762902905,-15.299972490626308,-19.355015484889364,-25.21879644167873,-9.490025030033424,-6.685169304072766,-14.45999344789686,14.422523862528005,17.372614400573106,-6.486353837332495,19.579027509017337,76.67036335652033,61.85358636195035
2873,-18.74174740325587,-24.915269869460413,-20.54731800626304,-22.015370816183193,-35.026636830814844,-14.375551526782289,-10.871632056344424,-6.19902111037283,4.075732250920219,9.99851924312286,-7.5066224098734455,1.5651177280408832,74.10640788672623,44.65386870550046
2874,14.907688869008588,-4.933907442803676,1.8452860481753117,13.173527392139137,-2.8787724229071268,12.475747896869722,6.313890553003371,6.174868341187505,19.867044903207056,12.530558227301956,18.694264337137533,21.688727108302288,100.93205525204128,61.21374047439213
2875,0.8475688041656435,-7.752450224965571,-15.869608046758197,-13.297284179365068,-5.301573524085335,10.806150108036338,17.800251190822625,-2.320504134293528,15.655244841324745,5.424169009046549,46.31560932570383,35.36130032487553,101.8432541439864,70.3204536800419
2876,-19.891509016616336,-17.7062086378833,-25.470526578295807,-24.400968290832687,-35.91425129729552,-20.766050298101764,-40.47692818954753,-50.376273771087554,15.12565232112437,9.810033544663447,20.53752641053375,15.671162334005963,82.40381098293528,46.713242315461436
2877,-59.1350152130314,-62.617527858311185,-60.78191649210541,-71.52892751316419,-75.67511967527315,-59.81636537176325,-67.99192034325587,-94.95647354755582,-3.727510981622047,5.080654530668459,-39.10090638517589,-41.61200574275986,40.83186821144365,-1.2092192551040783
2878,-80.62588603851133,-84.02167837228508,-77.3597942588368,-83.98320075711567,-75.75665880071216,-68.38821612517675,-102.34410532927086,-130.72103667256673,-1.9688297027083095,2.9209663446387495,-60.09519311437573,-73.13637549355865,1.342194095896534,-43.94550160212819
2879,-91.71825097839857,-101.71056781137332,-95.28275704993753,-101.42260749858077,-90.57023432320459,-91.81697155183012,-110.0077102508167,-137.43552107408877,-5.50022259010938,-17.847548833555905,-69.6047179531372,-85.68656126248283,-17.477510313675115,-57.191869645472714
2880,-105.85208829537024,-108.97079019163785,-102.33603261293149,-121.75727126662939,-106.90810353252994,-104.96495812038235,-116.22361954412604,-139.65411000324735,-5.858669416154501,-0.746332408261507,-74.36932632360114,-82.33819532720229,-29.06320633936599,-65.25889731074697
2881,-127.46933812957958,-133.4320971624853,-94.20649125008278,-110.06902905316771,-114.79360218358494,-117.20649643454028,-130.00483515634693,-152.3604150749415,-8.450635096229298,-14.863344318198383,-112.99934992374227,-100.97284009415702,-41.477407203426495,-80.29243309706969
2882,-92.57388035917664,-106.86208654372705,-58.70717285092048,-68.27843934266606,-84.76698665009607,-78.63479545729432,-80.35440641904135,-94.62279357094243,0.8737341497580496,-13.09350005003044,-61.85610618270681,-59.46089831581527,-10.005133076554724,-40.34491731912817
2883,-22.10975379545125,-33.24641303546972,10.491462260896053,6.514327942367909,-10.743147907965854,6.340510165188346,-9.853111997347858,-12.40218960852605,24.759653610930233,13.23284458346529,30.15027378640875,31.48768416964917,60.104301495797465,34.64994168344216
2884,64.66814253289357,46.86814395842875,68.67999173670226,57.562476517596224,72.9750126178316,84.35739644552883,61.65450650689685,69.23612933587717,43.43073569529008,32.18213144027198,133.04664220700585,137.7539382242179,133.10897574259644,116.7747364737108
2885,78.83284129769328,68.88708781091742,67.74096502179,48.766751119470634,77.1023538281486,85.58855748087537,56.59627465027425,39.761166529180855,46.32626380073492,31.81996712398157,108.14428146750659,127.94515751719415,128.3350686329805,114.93709949355498
2886,23.518124000307573,17.361312341338152,9.26036725294852,-14.464117822299016,37.58227772493136,38.47389889488303,-7.9714911012435,-25.488096649737688,26.88150277596257,22.965058602715047,41.14189707555724,77.05158364474217,81.37550602732293,70.46034116559986
2887,11.494848205692309,5.428647858620395,-5.281803249762869,-13.635227741534976,22.02181375225846,21.3336466469595,-28.469192962276264,-54.003533826504245,19.265485978574848,22.89177346520873,6.23247469259301,51.513569676445215,56.69709407795109,42.47665496484095
2888,17.849451893980326,13.391017728800366,3.61726267015262,-13.498733854310474,24.861672954720845,20.89882523887001,-11.467184728323376,-40.3800688457849,16.595056046741373,6.119471135597287,24.645755973995392,39.52410710046785,56.06132307658302,30.473487252108495
2889,-19.089634605062525,-26.907961080713168,-23.678798510865377,-58.36583804038797,-3.2260853495606696,-29.137187851091056,-24.536049004394105,-76.8502708687735,5.328995985319442,-4.5921165360067455,-14.08612488978228,-10.029756195387126,13.522787740040323,-20.689402187008707
2890,-37.678319263645,-45.64095321999865,-10.087335344412667,-42.766675909916515,-31.068080391503702,-62.82708333044491,-49.55996255142527,-78.20485769709855,-13.294974226213498,-17.333458217689998,-30.11583840347845,-57.37862400115201,-16.443796489105853,-60.26136469268818
2891,-29.71153839980382,-38.404271145878496,22.998650650764603,-17.373521938262584,-14.623670325425405,-37.54817523855537,-45.59342952710112,-73.48822466216546,-0.8067987505817186,-14.702327645885992,-48.66697486103638,-57.632354875153766,-26.54931967976501,-65.11375684208123
2892,-31.644947312570544,-30.42304680702868,33.178861352990644,6.277247451269423,-18.397571486031023,-31.338107195191174,-47.553614413673806,-66.15370275255637,-1.9805502980615806,-9.295092058726869,-13.23938229379152,-41.32417363169586,-35.10140820374747,-52.10387178901693
2893,-8.556815955906284,-12.21270040091112,36.67111184181156,29.28567457894675,-18.94623494044622,-22.448849572689063,-50.04242559076274,-49.48878431738089,-14.258077575098374,5.012426330978167,-44.423175894329475,-49.897494124986196,-31.614877671220064,-36.00643708992647
2894,-76.32390426726344,-83.39408807870414,-44.43550785510761,-56.85465901741807,-92.65859815060455,-83.41269852136186,-114.24042578749558,-125.68323506262126,-21.677163771847876,-18.021567476134692,-116.9287294403481,-97.84410034025356,-83.50111707182364,-84.33840943854686
2895,-56.95028366400244,-59.45477336978613,7.948465015738225,-7.955517251834687,-65.54747825337918,-52.706534922521165,-71.5822899724691,-56.84754986741573,-8.313697629640396,-4.631045200752816,-79.76975603562468,-66.33953376409896,-54.44589388378124,-50.02312454298119
2896,-6.269140660767598,-3.6707131903058663,48.31010987055178,33.02470929541707,-24.139109120042953,-10.182930949372212,-21.14901895733774,-6.894811268002973,-4.680912334764815,3.8748576772111756,-18.726078958040468,-15.012706032323791,-30.728629440799633,-16.0214046933322
2897,15.814611715437858,25.06588864503599,50.425734433610494,47.11074154613462,-10.074294973214121,1.7807504354684411,18.900305667410215,28.332598153998,-8.289707886357531,-4.646017993356561,-11.149413263190151,5.627585946838276,-32.42414102173303,-14.795324385518688
2898,0.5251491381635416,12.319012159818561,8.937828119984081,4.762714741581487,-44.31431095530231,-33.90606439131033,-12.957960266074313,1.8068330437605504,-14.230968833181299,-7.630812759158608,-32.716466218657985,-16.906870769100006,-61.109106564339676,-35.60824801945515
2899,7.241055659056517,22.424934070972256,2.298329602170234,-6.794117162940431,-51.72637512620351,-38.43108653455285,-12.796774830384294,5.399974378002005,-19.740796123155366,-10.201321565603939,-21.623053892643572,-10.039899596041051,-66.39369504086312,-40.05423786746457
2900,-34.993907449349216,-20.45756162852121,-50.78537201785471,-68.31013624010272,-84.0422819047981,-82.92225889317186,-54.49411020482173,-48.59145875400311,-31.639066250827238,-19.841395240866117,-53.68504050772007,-44.8321847147427,-101.43709852027077,-81.09631598372265
2901,-25.82091325025136,-14.393987626125735,-46.98851807196092,-56.712291460479,-73.10524852258824,-70.52557608852801,-44.106287360901554,-24.515494435695132,-25.899849989456442,-19.846017331874137,-46.569760805000705,-36.57043131066933,-91.72344447207288,-67.31255428971154
2902,10.762900883748602,20.07669508596862,-4.663686204874332,-9.739821815098345,-15.093920486224786,-21.879635996965654,16.320504920689693,48.486602711257135,-6.788929135702716,-11.075064449709242,35.62948721937704,28.155004677089444,-40.91463823349196,-10.012235312404487
2903,63.96752970451129,68.81742259924512,45.236270556592935,38.051192552514614,45.020937477131234,36.55803084705853,77.5771896012395,117.76478435760362,2.0172742289571537,0.3701735121504983,107.62149412814836,100.23955101403014,27.82822947694887,59.547026954857934
2904,73.0583520295091,82.00691559190211,24.619702961945308,34.338904611810136,62.52834706812634,52.71996387937228,100.5201271788998,118.88086771589492,16.822484121943052,16.143300110991103,132.75065732739688,124.94352375059186,42.40663221607693,73.83216989869344
2905,89.82760386030378,97.28955347817626,38.29863903087128,74.01521682231945,93.12054147452145,103.06314768508896,121.68008566765896,134.9016694347649,14.332019864148194,17.889200811391056,157.33997825690614,140.53073215621438,44.69928319571937,77.9322614013662
2906,54.881414425330725,64.67103054070353,16.877745054567765,63.513211776085946,81.27620294852649,81.64330919548424,86.99960716031478,99.07669165575771,1.9489296500508742,10.296766372070408,75.92017950370574,80.1073235978722,2.0560579351510317,25.77659505721783
2907,-6.872484955851792,0.8587038362080266,-32.677925947899304,11.302612470606633,31.497385086522165,32.78457151787669,25.596510112563728,24.572748831129182,-10.839883054396578,-12.262756155456639,10.422990142867576,13.222503359204735,-57.54072985001933,-48.93331910473085
2908,-7.8119425638982465,-0.39409234055839626,-29.54779804986462,15.658571053431105,10.391991282900765,20.709790431300497,23.44968464940413,28.558321246955312,-23.158010588641048,-19.487886784460663,-1.44375403479728,-18.679001271128865,-63.11866668550297,-65.35938303465791
2909,25.208728674638028,35.420812124305456,-9.19567068545156,27.984495683670403,30.122639826911033,38.65771789656423,30.005016285076525,45.60867891258532,-10.248451046883872,-4.2840096240245344,19.507502310841357,-6.861503925686982,-26.962434765174688,-33.75171445352357
2910,-14.496611131785007,-12.32849823889547,-26.244180533879216,-2.1329257490031486,-10.090942704075744,-4.9574621661345635,-8.092708506560738,5.321317692955536,-23.935442744699895,-10.502306853454229,-55.12574538354619,-53.59265115061232,-51.44885680369577,-55.06362930113905
2911,-56.508196875926586,-61.773820203189395,-51.82581725604468,-50.32838712796078,-67.8599766988136,-66.08310550865039,-55.80687125635721,-63.62234544602622,-26.589284506851083,-16.242431389893632,-95.62732165534973,-106.82363987843691,-82.55490333214215,-87.92075330142133
2912,-41.668661919897964,-48.837394596016395,-11.807904607047567,-16.40183990176012,-47.59087596470709,-56.01870211275094,-30.206076242329146,-28.505358071528832,-15.657948354472657,-27.24066230825602,-74.08855816908049,-94.66040966715073,-55.05501060154704,-67.8066635823095
2913,-9.269159895428938,-17.391984078927518,0.6068342823838287,2.994010413404191,-18.812372545452355,-21.727851997056753,-13.012772643534854,-11.53619218117844,-5.926239040542536,-16.17965532323464,-42.23945753778131,-59.83457189902391,-18.101678090616065,-26.804639148521993
2914,-64.3799029567658,-67.55755016998027,-26.530029063932933,-19.945068782565972,-61.3025235357179,-72.09992951566407,-57.52488778861222,-57.295073838067594,-16.819927738170204,-23.33120270347119,-115.30631648090882,-123.5979557582735,-64.27685475960587,-76.16144722911355
2915,-43.0266651159028,-41.91257812276905,-23.101052648003797,-25.516028107485496,-64.59503823450092,-82.03202766195285,-56.69783455851097,-59.798497436585805,-19.06573132055362,-22.95045888537639,-112.91031593308281,-125.50811838079454,-62.70998261974538,-82.70764082645219
2916,-46.25723736117405,-56.92674494103462,-26.133529203517785,-35.11391675783404,-75.66267510391097,-86.66493242635354,-71.70201945740806,-60.068362478088815,-25.30152636886287,-18.52046266197944,-150.11350462422553,-152.04545894655692,-84.9301927472531,-94.75973221841447
2917,-52.48223851078051,-67.36284911382018,-43.73423902791487,-51.32263169244134,-68.11426088880613,-81.35119223081053,-51.321138447255755,-56.96920483100915,-28.318094911235107,-22.705927878641212,-149.5029223875638,-143.82335455235813,-83.77023974185337,-83.80404239632435
2918,-34.14884281249197,-39.04186368434411,-14.055652575554626,-32.77277543528141,-48.19457160483177,-57.9392715580848,-23.8407648703471,-32.56637668230665,-9.406603944880333,-12.919463923036892,-111.484501444152,-107.94949730638213,-53.29847425817677,-54.38584576984538
2919,-26.99552013228862,-35.26188593713385,12.77632507713207,2.5452242507436007,-33.221987388446244,-44.496031540186365,-12.231935543306081,-6.532255306655294,-12.225542149742475,-6.328351518552112,-102.72179710429145,-99.953851359289,-47.845988454091156,-42.35719302808531
2920,12.631663350217595,6.157391106697853,25.925719709046817,10.583490717612781,-0.8769169692060672,-11.411184648730904,14.967870084569752,11.428892836218301,-8.46472406031958,-7.196670889237325,-45.60761056642463,-44.85658174168615,-20.779347561453758,-17.47860480000776
2921,33.07200942085278,36.902641805502476,34.49196721283525,26.40065860303387,22.40005026963035,7.496643677721173,29.61021879073106,35.42713497412927,8.343686048915638,5.897830653612857,-30.35589551994679,-28.837626111426516,-0.7734547982046519,6.5092890843025994
2922,82.4143564317377,80.88863530767983,82.37487389603065,74.46087578841781,87.17321503996952,75.51951130451907,65.98808165102498,83.87806266992628,21.12914214047593,29.3729540312983,35.838061618278445,37.96644739751102,42.711597669842085,47.86977255458944
2923,84.7353032592527,80.73965560704787,45.338882385218334,35.39274060082132,94.85593023441444,70.86638407557973,72.80877520495778,61.982041040423766,30.306531403686332,16.230710833661234,29.161061245464293,37.85275598400794,45.95421326409223,53.94964314766261
2924,55.44954683293568,51.56321580957975,8.142197371078124,3.753112368261271,85.78360510393334,59.27649086165934,47.94316923629219,23.442473561874248,17.69532212823792,10.06137931424079,5.7533170711917325,23.40497887233863,39.08421976239391,36.379536939048656
2925,77.27906798295257,66.99802556904378,15.13238321799183,18.177393745199492,102.45997343797333,68.9619280822059,72.6415052701023,60.798420543705014,30.286514457780147,24.702097048231423,14.95584967704227,40.7640472499708,53.55721058976819,55.191979387309445
2926,58.46958274862623,51.146155658646286,-14.60177312646516,-12.600997488587643,98.11584961904599,53.93504851816514,65.21569880190425,32.03852397246841,25.48842925472238,21.562665038315394,17.885683841819652,35.75780357314345,39.58446511110023,37.97809592674309
2927,32.90358241433432,22.068796665411533,-15.398879042042731,-18.895539468443786,67.55146250821954,23.17110479397969,44.33534537840383,7.364681781334847,13.487117637069007,7.343129976938468,7.352856685287003,5.04573938907238,10.514186978749022,7.174703916523575
2928,46.35333428874478,47.48769528348209,39.3602918083134,47.6888409232721,92.16959614970628,62.348583746218324,56.52684044930573,24.322045668372358,20.005982689846785,9.798269740240691,9.563483282468486,6.914364216215042,24.295948064314985,15.595215435171788
2929,-34.00666646965908,-33.006015826146395,-26.440224108549646,-18.128374920311494,9.753139769692535,-16.882286566212606,-27.704623505432473,-54.383907483743634,-19.364288446019817,-5.531382767027899,-106.42475006818461,-82.07565278108017,-58.792840446701426,-56.45340278301956
2930,-68.347938925976,-69.5317231126378,-50.80726789276718,-55.531892258929474,-21.86028170401614,-49.43473983648885,-76.69247272655103,-98.94317358101425,-19.442733094244115,-15.44777980407072,-123.19651439431715,-106.48197552264214,-88.09930531250804,-92.84035473250354
2931,-51.62719495359121,-51.15178073015511,-22.70733413061789,-17.05568751669922,0.5344087974678491,-26.736304024576075,-32.23361243586311,-50.048640815930256,-7.293365987011118,4.370711717798018,-82.38956212409697,-72.77215568559187,-49.48266362658588,-49.95565990268647
2932,-27.935394193620574,-36.33567212001812,7.051626362906339,3.2401997052500224,-0.7140216352867452,-33.08653715995678,-19.869451305328045,-18.415576457389676,-7.060417175876257,-10.686511949216658,-77.77846520452405,-80.65292223276089,-44.418853056220506,-55.292221817725
2933,34.54235943070207,42.300211783901794,57.40138350841199,54.82234696308431,39.31570139746456,20.196873689852733,25.74699939425948,33.71833913410304,7.372146076158742,8.098063209334443,-36.80803070463988,-35.17502311051733,-9.505646587528988,-18.65810824098964
2934,10.820617237474233,15.117639809989852,41.20092714182297,38.40973297926082,5.318062616196489,-6.154179105080387,16.51632043442555,21.082684343441016,-17.629988585012224,-5.605716407716258,-85.00596485366364,-66.59208663713363,-26.312116702296215,-40.48518979226082
2935,-20.8117153735576,-12.103370405367853,-33.72193228539944,-24.566725642916236,-30.795623511624353,-41.25596963408981,-35.12546301074796,-46.38577464125518,-5.221728344119209,-6.992219368830972,-112.96689331241068,-85.51279912477423,-50.145897831159196,-56.84805246952571
2936,-36.948505154914336,-40.65735485258098,-62.69552089656086,-65.41933148120596,-61.436908113389336,-78.16866837224458,-46.77823129192637,-59.9610310833756,-12.04137864644307,-25.18616609123485,-112.63405130608722,-90.95626042789122,-50.74818160945823,-56.9311953666109
2937,-46.35780284662226,-49.53945361714466,-61.59650593654126,-56.81594871080071,-49.58519845686723,-72.31543708468445,-38.605130991509434,-50.97388388314112,-12.179969241762189,-8.23524527975289,-87.26279394857417,-81.3692009474619,-40.68537331123935,-36.46302425977449
2938,-60.4623505568272,-61.85693684954615,-73.72907893376056,-75.22440993085687,-64.96855269404445,-80.41453063454902,-37.70150645123424,-56.119362224308,-12.544535949659483,-16.327543840076217,-84.6133662229648,-86.32846964851076,-65.84599263185405,-65.97772922221016
2939,-32.01095401019253,-36.77549974369377,-49.82745284665406,-53.11393897226733,-30.91838902387012,-48.53450328074063,-25.28996760637853,-29.03404401594877,-11.995078930055534,-8.603308481152922,-56.105795444921654,-60.408701160036486,-46.1474203944158,-44.843461537136314
2940,-11.288537068795168,-3.2261077691827076,-46.02068181891361,-62.51524338497457,-36.342423229895054,-46.89330193219002,-18.178614825615245,-15.084285124828622,-5.784277775500068,-11.330783253581412,-20.449097146305007,-27.24007776465212,-39.29322864172621,-37.99089133457082
2941,23.935872855022996,29.398497072534614,-48.116944925757025,-67.27931182497848,-10.569749232300227,-8.939191140799037,-10.107917426150562,-18.076703899216103,-3.658347328309677,-5.448946370549791,40.08430534615188,26.285567443037092,-14.868891284594808,-18.00632354397545
2942,97.13135448754089,109.4544798072386,9.449945974713705,1.6779280907955483,35.20462010299431,51.74998232223202,40.66153291881922,53.45753605846225,12.617102332912344,-1.0652395544092341,108.47027225984166,92.38484155580024,31.938776406974362,36.80796029386756
2943,129.17613465759854,141.92463379341885,41.54859339452453,20.00545358132687,62.67897794041614,77.64572099156894,62.07447286227258,75.29604603196057,21.56616091861291,-1.1741032309912414,146.8513525163275,152.40748697540215,55.320977488752256,64.04211594583354
2944,173.48592620968802,180.43688183884274,56.921532823506574,47.03543532000317,117.00252017953444,124.79538950447993,113.427172989656,103.8819345731533,30.657232669033476,21.753611359718345,192.36455402500454,213.43376956113516,99.16049426504517,109.99101985606772
2945,105.06009187532983,112.35688522515599,14.325702227783424,-20.667595605569232,67.65290148475312,59.781380603893545,59.53804091137631,28.870512244297032,16.416559101158835,-2.2956393616330626,131.60232145548264,145.2331294410705,59.44104973429687,65.26821051278968
2946,82.14871368098882,89.94573168913664,19.220664565313612,-2.103420536770695,65.56261363436525,59.087424072594125,59.29122593765051,25.303375999714778,4.5128443766901345,10.862007617622101,133.79135795037897,129.39352371507664,74.66909922400636,73.60820121573357
2947,24.930812158792442,22.376479939184303,-3.702141390577195,-27.85943801372556,18.59365902799451,11.525599461874219,12.481631869398532,-20.76379964619465,-13.678333580084042,-13.601205998253196,52.89751307197095,49.669628108053445,26.468530219280655,29.22126306519471
2948,-16.11668642100097,-6.678617694555471,9.018662342630588,-31.44913602555195,5.448857264034228,-4.806796957409493,-24.642220530711302,-35.80234676461636,-9.27141856571981,-6.2604553717744045,38.706596386939836,19.775182803617685,18.937597968014092,13.871768119326005
2949,-34.92441407071442,-21.801971739893283,-4.044946816152868,-40.386674681807854,0.2970982747228601,-8.41051030166643,-26.10979231130757,-43.36881274793948,-9.312818711692355,-13.519410107025852,63.23217890511061,24.888425326486725,9.817966108715625,3.0731872386740777
2950,-25.632577078221804,-19.451153661772643,-2.4832557272111955,-17.960452203488394,13.453047069687804,15.35556584710612,-20.895503770171928,-22.142405372988794,-1.5778927907414617,-3.060272326684733,65.4164026162533,44.11979157870662,27.348294554336142,24.97267771344963
2951,-67.01866622463422,-61.28330698774881,-29.54638621815921,-20.154129147524355,-25.202111881876387,-6.439983493679087,-61.66597683664221,-69.46902666293536,5.001182650207849,-7.334040224056761,40.40190761704106,24.127154206819952,11.056778132970834,10.016253206200657
2952,-70.66772132990683,-66.69999052506127,-22.937955922509563,-24.635582223671083,-14.282646572614764,-0.2184989067641187,-55.82642031476691,-56.35594137127365,12.445017545369446,18.300608059981887,41.02676564729323,31.140901351270152,24.28137716079963,18.54578936782034
2953,-87.4836090295386,-87.28621034687265,-58.75443897367571,-65.26823535495079,-42.480647922065714,-35.334502107894615,-81.14233725546494,-84.60445428927261,-3.1564037606957136,-1.4027770401428348,21.02947170254761,16.811810379532893,7.627364355933342,5.16597466389456
2954,-94.55520487518925,-88.27772630766296,-19.508074833047726,-34.64847582311218,-54.53756619700052,-56.97589441951718,-76.77239036866185,-81.44727740762025,-7.289625749665493,-8.816127309425752,-8.905179317855463,-21.411188095345164,-9.139076350964052,-12.878483615372177
2955,-47.9970441673905,-46.53330038418755,6.864004797332942,1.7798609069552662,-42.864503726661205,-32.68933391233029,-47.91686283499978,-53.048598185414484,5.9464633081878775,-3.849357544110919,12.939246662917753,-13.574912911154428,1.0957103493837141,6.074587392123408
2956,-43.9140186843589,-31.954717584757194,24.85851695553136,24.849721754238573,-48.89961691260983,-30.918478429390536,-52.65323056501127,-43.81740428966563,1.1859103062005036,-1.2584408940008116,-10.33881609586977,-25.791802756844415,-7.230136665323528,-2.453864907776067
2957,-42.31399410187325,-32.822020972653924,5.221748306003567,5.374273431868632,-40.89623144655646,-29.77757419591828,-55.500931486268364,-41.80567986240724,-4.500645580096823,-0.2033689376763872,5.546080062274262,-2.1010262875663024,4.445070429678342,12.656026633589033
2958,-55.91223716700543,-54.031618371044345,8.487552995979806,5.022156294389413,-58.45569967733472,-36.44905067050941,-64.62845226209046,-56.65185710097258,-8.780836410895427,-11.95545753396281,-6.46202878243945,-8.258296767014983,3.513646923117194,9.209832487126203
2959,-85.72045457438132,-80.60155240712348,10.86872240256348,-2.7347984212989442,-79.43663454406993,-59.82376670586775,-67.53106672957398,-64.91451514425975,-7.3677471540536885,-0.7474646334510916,-20.556204685259203,-21.519582128626357,-6.351426555878645,-6.622250834059288
2960,-91.2778987732722,-91.78207992945714,8.265607950841206,-10.361296645213175,-84.18377578772314,-77.05052084651186,-84.77169247596571,-79.72043582446237,-16.13216985139857,-14.344931535431847,-70.54579762625374,-68.5204437894676,-18.22969128534044,-7.383990052404861
2961,-129.42318829645575,-134.77282647877732,-18.40874739182045,-47.25576536249568,-115.50291576399057,-102.90514762113479,-104.87416212781592,-99.88650980048968,-29.74688921240158,-18.45487656035818,-110.57183628714024,-93.01228616106951,-59.20862336583362,-45.977262888527676
2962,-121.70434532563458,-121.41148478401783,-26.1358301188004,-37.15769299677806,-109.81963604217398,-96.78088299757633,-86.98771000652,-75.26618136514912,-19.464966768754266,-10.467408223280254,-95.01698534253559,-68.16220647925996,-33.12905134649511,-9.10114849972834
2963,-106.31149251242135,-115.50221866487178,-7.124797057803093,-31.310296092828136,-98.2560361797041,-89.34158950239399,-65.65746055278018,-51.29275066962428,-13.985068920923238,-10.068663040039285,-66.40994761571385,-57.315728958073436,-12.996659390963787,7.109854459738302
2964,-82.09877156531446,-95.35302770672315,-3.89819126297132,-32.060086284540276,-58.51820380015459,-51.637721661574695,-38.752211627483135,-38.60437181700761,9.795937642764548,4.857243517196969,-20.35785101847437,0.5594135251306582,17.881592369798668,33.76678116564861
2965,-49.8082297799854,-61.2361473390242,36.80841069409522,25.809698955710136,-39.129018238770946,-11.704546901442383,-0.42528752032825096,32.46065668683987,11.703087023113852,8.00077387064294,0.4280640662556756,14.893998615912315,55.3383958165617,69.81683607967149
2966,-19.003696619834752,-20.903157639348827,52.49973494243391,25.927725866883954,-6.101229250657017,8.398101966284303,27.34407257034324,44.06113458443541,17.146312335867044,8.708434028518978,38.74167000931724,41.62679529634231,70.24687443622845,78.89044012030602
2967,62.98339656630635,62.130325594292685,105.7128993634365,82.54744023111405,80.09786743756648,75.39651980239799,88.62877628890446,106.82747522101401,45.4766883908195,35.626975064796916,146.90292836797227,115.79262242200974,135.8441590222799,134.4309751560737
2968,67.64036526473005,59.239544322694115,106.09244697302886,90.88389789391907,70.95775188161716,68.91568308704439,97.17553899271812,108.41295673939862,32.59997475112856,29.078453349418574,124.6413167814751,96.33295147543261,109.34869374883282,100.42521777672683
2969,69.00403608776779,65.44774065638536,86.43042512712692,88.83456919725487,88.05988581009376,79.40989084888437,92.3468626413792,85.50427410814345,23.135004379432573,15.48879981218324,104.63906193985748,68.59613962330461,101.42680449784001,71.70462874139868
2970,60.01108878123304,56.866770317188134,55.887367827354176,42.31370886159434,51.48132029061635,54.60148831652534,61.04850065984455,56.4026188801275,7.779143967392831,1.2631144893542245,67.60805060256436,19.57603169563551,60.54218294085912,14.970124595911
2971,45.412067447024135,45.28864800571955,28.305132685831698,23.14151198230424,35.59314220280657,39.14604180301372,43.054384127326855,38.29249440355834,10.456775864031682,7.372735827957245,31.433200316173938,-6.980938525986122,39.24258540796263,0.3214867264407259
2972,19.537416858850253,19.26068952571602,-37.75313396269792,-26.936372387907607,13.321295921367422,15.105020577121241,-0.33480833279329375,-15.948301015968132,4.53438447192675,-6.60710697661788,36.34039624462575,-23.698644557915017,18.41583123381017,-27.534739193027498
2973,-31.63956576575195,-35.55554545202903,-72.77346030361376,-69.73490007733649,-34.31130726271552,-41.44591977544241,-44.9317644827653,-53.77362240209773,-8.671397802456799,-20.4459382453452,-15.34659993119846,-56.9029971817533,-22.395772193933997,-52.842383523753526
2974,-56.66609487387436,-61.86921479576328,-67.12476708216406,-66.66075710450917,-32.606128825443975,-57.976325148051366,-41.03420126035548,-64.96638501217721,-6.844124532041358,-16.024976201256365,-24.541271551185275,-63.948228888742975,-23.080309178096705,-52.64321013988923
2975,-82.97257861027437,-85.27648754401396,-93.30994502880209,-92.49882166599778,-65.67433188753515,-78.49400462186004,-93.22629621595027,-101.2151938462741,-18.535897621793925,-20.29565826968464,-58.520946444724295,-70.37529946499305,-48.75114449072647,-70.49581244368319
2976,-69.2036365052367,-85.58426843190423,-85.832881932734,-73.77625817956766,-64.49333313972352,-70.31907358400473,-83.7557727808452,-80.47859947146864,-13.554924781528081,-1.6485503308571796,-85.61978663621086,-70.88505641637083,-46.349810068250314,-54.210213929101975
2977,-69.4979695032926,-79.25348102422652,-92.36572821584747,-80.57237820744407,-77.86955677084384,-79.24696759996992,-95.3978441952513,-91.65694818069318,-12.91938816218691,0.04225986151584982,-71.7115143640739,-56.94820141374513,-48.64592358658978,-49.648492347984664
2978,-111.80626782742235,-112.98809879818462,-120.7862505736926,-114.17435189427049,-119.02602650810574,-121.77888493081693,-140.7975650982937,-138.03944974640137,-30.16724711122146,-26.31527034172823,-128.16521888247726,-97.39727445913971,-78.4413664304596,-80.99928845668559
2979,-101.2919209311827,-118.27789677940542,-92.18876243686202,-87.98343295548335,-99.27839743132077,-98.88679503404931,-105.9195323325024,-114.15070710698008,-19.58747257171291,-8.500423450934592,-125.50319213873232,-91.03652724613882,-69.10406219509814,-74.81106554606184
2980,-104.82693056274778,-113.88887481816971,-70.86818700995512,-65.62179451829904,-83.75660475854774,-88.38983497312087,-92.89059893856924,-110.57246609607542,-13.353733296730212,-18.890943464944232,-101.30003425409656,-76.33452457010685,-60.791869312342584,-75.58108944355577
2981,-70.71600132242258,-81.00352762361612,-42.64060911055815,-30.936580387818278,-62.804090300653236,-66.13746463549593,-53.748807203974664,-68.70561041881804,-15.31532217868388,-8.523297529454009,-68.61439500685611,-55.54545344314606,-45.136192481354655,-40.01382029471635
2982,-72.89481242625004,-69.48086489439966,-69.01909302156263,-61.834158636463975,-55.01923821278732,-70.98519855979828,-70.96065179637053,-81.98358471466764,-11.144112239488463,-6.547319590192677,-36.370383511857035,-41.91474930274659,-41.75264176313904,-46.742642417150186
2983,-68.56696223018318,-77.00293764047717,-80.89249277255497,-71.6982465675761,-62.75062980349769,-73.74853006241337,-73.24371617042388,-98.21267430084808,-16.115839339696006,-12.312554382674897,-31.238406369489002,-44.918947086465536,-46.92910747927757,-44.12680409880201
2984,-88.75038193589786,-95.99392713580126,-78.6678772303522,-71.28037450828015,-78.04291045827966,-85.66061926233908,-85.09236167854601,-96.41737465427592,-11.869768086217489,1.1355460407665294,-69.1281942950267,-78.5726579821874,-55.96800231693503,-58.69496784480133
2985,-42.159529332464665,-51.676968214810024,-32.00787702323157,-58.33096620460632,-17.924957769356524,-37.54034443751106,-25.683761359467038,-36.898261607578306,-5.798938198591021,7.670857229007259,10.237648464157003,-9.560399272530674,-23.059963454711678,-18.95073545783636
2986,-12.323895715112103,-27.458401707164136,-27.449645150024597,-36.48693997678406,-7.843704795748516,-5.375688505316025,-20.10204477213814,-34.25623736580892,-5.160679929829933,-5.987403739085647,6.1020009134583955,-10.890179034874109,-30.599480791158197,-24.582803150890854
2987,-16.785083335072834,-17.37294535960512,-6.839365020927436,-13.65459452639916,-9.939425696903406,-9.44235611512754,-24.31790688096001,-25.65942236737709,-11.334174050095905,-7.823724659272338,-9.902974250630283,-14.227593030254916,-38.47316349283187,-22.338560336415444
2988,-26.08924988475996,-15.46069316528705,9.613957677230879,-16.551729637542813,-26.145410344732365,-24.829958688332084,-40.9318213917593,-31.85966962832117,-15.175391343856655,-7.375951099406232,-19.418006704731177,-16.44982230892296,-42.43139578398166,-34.19465391363605
2989,-17.344024941576865,-18.02278903473003,24.763637790198107,14.289119497397902,-16.911852941946897,-7.6782276953894835,-22.814990899516353,-3.234156499165015,3.2099759578546614,-5.517669994685852,-26.55873288499263,-12.430581348794792,-24.012345460705152,-17.82265806680742
2990,-29.46265309044184,-34.858911900976885,-9.733061271361985,-5.8101759315457855,-24.209112754798326,-18.853223098517905,-48.162710610025066,-48.303125167733995,2.9497394437448006,1.965621034617373,-22.187715508038693,-19.33523865216553,-9.941809915568077,-13.420641862122494
2991,-53.586469466105356,-54.77758847131799,-10.92260311027352,-14.315222048004104,-46.437961059897034,-42.621523394887916,-55.58872399912586,-48.38423269404201,-6.122316761964146,-7.095935729417665,-60.81411592546965,-54.650634267177956,-18.791779150235644,-25.590194174398302
2992,-58.42787440444252,-56.11237925038878,-3.596701263814612,3.9629460013742035,-31.500942943353046,-35.3234797903829,-21.837414174722564,-9.107960364660698,-4.172581636641784,-6.6705063500402915,-60.26650214521769,-54.654900346841536,-24.128896426280253,-27.954177179115945
2993,-27.348295398102547,-29.02502829682343,19.89993377711107,19.972736166355336,-21.640794012368637,-23.34450441717158,-6.290795844565983,18.392746339805033,1.8713271892548995,0.18009884267033066,-38.15907184774463,-38.00032032319835,-14.200892021507912,-22.535936424878358
2994,5.8347133357323555,7.158052188511976,38.798181120641864,52.625612116078656,-6.817607316609205,1.7073692304055064,24.100007104380524,45.24912115648105,7.65228470635081,6.070950647155515,-25.35854504328984,-17.52712623913442,7.274890913482509,4.206213586793353
2995,4.028321400826453,3.151175605624277,20.273017067698984,40.88845440181285,-11.632336191592325,-3.484824558199093,14.161164686459129,30.489253857603046,2.685339688966989,5.976184313236682,-18.0338714454658,-28.911719155045212,12.751847167002579,-12.495401157511454
2996,-24.868282933313758,-22.9381790577901,-14.618132976823567,-2.7076754704271084,-31.603526150429616,-27.84926061518775,-2.297882432129021,-0.6342149131180754,-2.227907162002454,-2.9245400409686595,-28.0727177361287,-40.182176863437824,-6.256745727734197,-8.872202899160646
2997,-3.754701961164105,-9.62571502016255,-2.4781424952793363,8.07389579371544,-2.8620521823128846,-5.433619883476049,1.1297365233070031,8.89747295236186,2.5593879717916117,7.172959069310875,-10.14284815227375,-31.447963331857895,14.21366945694513,11.876560677933282
2998,-30.07898162032488,-42.36476204699294,-27.156853937965895,-35.783420281523,-15.974339522392444,-29.745411510988074,-15.97911678018222,-29.36028187846898,-2.1182746666007817,12.609267128429629,-10.029438958923944,-50.174460015067616,7.12850828659611,0.3731454858062668
2999,-18.81155330867198,-25.022011775344293,-18.769375977852373,-15.693291760599509,-25.255735958794368,-34.8842524749768,-24.74449686970701,-21.658296896257678,-3.6739875852471964,11.872901387623223,-32.46324609877198,-64.01156665582879,4.277421660516247,1.4425265973436736
3000,-6.16031939666112,-14.051917453483615,4.22637315588045,8.231723623736238,-8.311358783902655,-12.147236584702494,-2.9405727051160455,-0.4345940898795716,-5.2789059012136015,11.222036534867742,-13.783798904175413,-62.40757105371881,21.459410810319394,14.314626145017092
3001,6.477013247645164,2.3625801135264473,5.833597805819996,24.943993411937292,4.2162233925375245,-2.4110539960333073,14.471200389751184,-0.4685364814096367,7.552723371997305,11.066243252203707,-1.392027104182783,-47.43479371291208,40.33134031465558,23.86668190136123
3002,26.437871760032394,19.16886252711072,23.020842297129235,50.68080682633872,24.218800515573676,20.772177078290845,30.548514264241334,36.290534253411025,10.434866392984128,11.304465796785125,15.400904558332961,-29.133593346817218,60.278485250194834,53.302344454487745
3003,25.740311341076662,27.76390616679947,5.975611062639359,20.694148168421943,24.333069864575812,18.550225384345907,15.158066974242344,12.526744065333226,7.568770281622371,10.740743363378565,37.60042395857154,-1.8870278211248919,67.96477787553513,58.44333404177346
3004,-11.683928510601497,-21.647336377174323,-37.85876159112796,-19.91767474655036,-23.70708085903598,-24.596804421233298,-28.535853242672296,-43.219430196763994,8.588194901037935,4.397941979962313,-13.779528700949559,-45.73481202560175,46.24100945073867,28.677160300963738
3005,-12.18980636451144,-26.328988968613846,-18.60327524960323,-17.38900011846072,-12.17946603870923,-15.003379118504245,-16.65294177250559,-26.64764402846661,3.6603684882693472,4.971672894468769,-12.870778174028892,-28.679129973546917,45.81575876821617,25.010106370975492
3006,-27.372711976001213,-31.301972792149733,-22.765706097025674,-21.398879050400954,-20.44885694411762,-20.408850563691193,-23.39697018550451,-20.18083326659633,-6.896600629272151,-1.5610316174846188,-19.306263263283853,-40.64752393009863,20.7578962118735,-1.5090337296107796
3007,-8.735955805625476,-3.6440513981022606,9.0538108140803,8.45617433200621,-10.461791026831662,-6.854558711199944,-4.1025568627168445,15.889896684751562,-1.7189807939832011,0.7936756236408891,-15.500409407552388,-26.319877432994858,9.978954714278403,5.390939598840128
3008,-2.668612962710808,-2.4503023394595083,-1.693327746715969,-5.193817747173643,-23.348326118990077,-20.01737072111335,-7.8916798329282685,8.22357441847134,-7.506680326262909,-4.143141950829714,12.614675804645827,-3.9155278514110656,-0.17368567012700545,-5.829113821048988
3009,3.524791247579062,12.086200734835733,-2.461509273306281,-1.6551227704026938,-36.855651283563695,-15.747399897863067,-3.262719093074522,19.00201893297257,-11.303766578051535,-2.6424180982235566,16.997363951017203,11.3702108130687,-4.12970918060445,-4.082256029547298
3010,59.62832533641657,77.73237471034714,11.276628892797127,11.220027231310628,7.177155652450997,19.525756792104485,44.15928679749701,68.4166076991933,6.139097109586458,0.14304922890243732,36.301484473964216,46.78066428390133,8.461901306840213,18.04153874054521
3011,87.870679466574,101.50601928803388,43.36908414400881,31.59293810756299,25.845067873671418,47.71595468653988,76.3586015306339,96.25225818901045,11.538606441439532,-1.45590052674886,68.49372225138879,74.75719299964187,20.924583459045557,44.75013143990442
3012,155.3627679566748,178.98906078187633,109.78477732941626,102.94180623363809,106.9226209971342,123.545088842706,167.12501970264725,193.6488972395391,25.152667409642884,37.52365459740614,154.7729729962727,176.47278783746748,91.92944664703568,128.56303571399184
3013,160.65701958596455,175.91162583587405,89.95311436877388,86.14682659946256,102.03011012530945,123.28206472547474,151.9528307152672,178.88561235524918,39.22764185277306,36.17000306346947,149.2690041301323,188.37596899292063,83.83050009716493,125.18978066932513
3014,162.849775838961,174.43067112589063,76.18760106033818,86.53825993827449,100.02371042454024,124.39944285915246,141.1493863597481,137.3992839814155,31.328488536960965,36.13105411559686,173.07830591451273,219.81780695053658,96.28372149574312,129.67596917413726
3015,164.3006614920839,180.0662856285582,93.09692449779908,92.51044525736404,121.41860036086972,132.0489401351301,128.98597689982938,124.84166625270436,31.21508938153615,35.9017652055356,182.18667455778902,203.92981621569936,106.90669668768501,124.64166749960113
3016,102.3135645990988,125.28369340339813,33.96586960087747,44.23132056744196,90.08201291221957,84.07085599937759,64.65174721139844,44.57450615302947,25.346014786018106,20.558857594264047,125.56100435327805,147.55215536866805,77.71083352687347,77.70684310229896
3017,71.42127318430704,73.61896131203387,31.54101024224576,36.212088657341866,89.08796050635436,73.84186862635241,42.06086534489104,19.86364804535068,36.94150224440906,22.425119507181186,111.876649528966,125.83748652693801,56.23359370852214,54.909591005314184
3018,36.32370857270562,43.28663949435158,26.081947704848176,19.762547230255713,60.28136915413197,41.36966496918384,21.684995208579988,21.78041029515188,15.496459422405978,15.359021896781787,61.012962301596176,70.1258560930945,22.029184974969585,17.720538902916406
3019,66.87318669212675,66.482263070516,43.756552125103894,45.4309709291956,57.386431556482314,44.87733174156572,32.148171520923036,33.39508892590668,21.31746608751565,11.824818991627232,59.401274433650954,59.62929435049667,13.265709500034136,14.445709255431924
3020,27.279982869122513,41.56801409723738,19.149038857631577,17.839961997818087,13.425950898367471,1.4894908238807256,7.300471664085234,1.5583927582114272,-6.590792582873281,-10.64096643402912,2.5332537244243234,-9.609014102147054,-33.941429653739384,-26.210066789729378
3021,18.906936606148953,30.836677055357452,16.88008140645823,30.77949727407394,17.238673886449398,13.482356599631013,10.287912483323268,21.582272469765385,-5.274347864805793,-15.069073208992023,21.79746238268408,12.270706618614216,-28.716032045387657,-21.103747911375606
3022,13.231919282808727,23.002135666520722,17.3886812474716,29.64742094506821,11.439868926046612,17.563856606964254,19.952209440143438,37.74592692699126,-6.181713826805272,0.22762460362710546,3.942129824857593,8.09101769572443,-31.867011980322786,-12.972783823683967
3023,2.0563682231690716,10.841192168298594,-13.323269803262201,-5.5152936583627925,-23.832657180249075,-18.07825219836291,12.1335118989376,28.013262851841517,-6.791947010050624,-3.0276413813449636,-4.927591754822756,-0.42868358813337626,-41.803238981003474,-29.46173503130545
3024,12.907686830791079,20.237531221331924,10.938764476687085,1.811178174097607,4.425240544558653,6.137251138524181,44.42400253543209,59.80191869957063,-4.381369173125019,3.742191682623442,3.300014647469143,16.954238681174445,-33.57849486147216,-9.863955041746955
3025,-13.749371435289106,-10.176814105536511,-19.341805477929064,-15.019371341903275,-8.463339225004725,-3.668500262758954,21.075328890802684,24.244137347137816,-21.766559167479937,-4.252879114510336,-35.33146374880398,-24.71351507741458,-64.9799897774294,-45.601315674985905
3026,25.921669247828227,27.0302004579218,27.611808928646155,36.61926082550923,48.16728702768579,53.13969004050268,64.49850406637638,75.9761945888259,-11.926268870557719,-7.477606917130146,23.387376789451746,14.451885647592803,-17.717077274629467,0.6935758891923062
3027,9.592742929569473,3.2253787861273935,12.05038225195085,-1.2338099489274699,24.617115093671085,21.330970395327455,27.27191881006377,24.064642267986756,-12.446223567931845,3.584291220703668,-11.325907626520522,-28.568328684851306,-27.045968596700966,-11.87889221725034
3028,17.80643062767404,7.220924600959643,31.98397122557448,22.064314316809025,35.728375701681394,39.15074810641425,33.9287714631336,50.63624796502639,-15.864539219007213,1.9910791475045349,-2.5929883168219074,-17.623130667687494,-10.169210033931554,9.183208086073178
3029,-19.450080260025132,-11.112614257754275,-2.6322554348970493,-8.310569335713463,13.534449181107577,12.761918085673555,-2.39056007712741,13.8709050063489,-6.068566267126033,1.5235677049370908,-37.87570867456074,-62.890876431205015,-34.55044093243196,-24.08972866875973
3030,-62.12758069894273,-66.03646122497844,-12.295518078745106,-25.220501955855994,-20.29977993250985,-33.02225136299814,-46.74005681381152,-48.14857248717708,-24.707231222448147,-5.78396644836246,-94.39636040733069,-116.85387466234154,-59.49513599832759,-58.83762681774492
3031,-33.66570392420437,-43.24733364483781,5.38692665775121,0.6219679024486613,-11.020438884624404,-11.570581927292341,-29.626035566678883,-25.218699075105704,-16.023137819137798,-4.540795552587652,-45.70909269622001,-73.34127905863508,-44.57291839360561,-34.30568986809457
3032,-18.173538032815127,-25.73388606354141,37.67314221596512,27.71602463959286,7.813651566031719,8.046860527714026,1.9205151319957452,6.851104905062156,-9.35487842407638,4.587376535101843,-14.145701752448264,-40.70512938246364,-21.477057820208337,-9.127200093543685
3033,-8.270718582792709,-17.30274117750895,58.291186513919115,50.314794674926645,34.86312668283463,29.242438657766492,18.67988896241303,27.02111777647402,-4.150433938243755,10.183193842964455,-3.0228900841761854,-26.84179898974078,-7.397101125228601,-1.285288531450155
3034,3.229259855447874,-17.782510828073132,69.92874500503099,37.470873179742306,23.844757730273273,10.81238316789305,0.5891101770030437,20.044251444535224,-1.4919210046046436,1.471889279827737,-19.199733716122303,-36.21136703007546,-8.631531536421214,-7.722244112594198
3035,14.94754768975022,-0.7687503333177407,50.32282817336178,32.72250119164073,11.236358878898594,4.575568562181567,0.7407918608473495,11.056510554166442,-7.845981394147521,7.259903946246864,-30.539544530900965,-35.970224639952875,-15.440945844703055,-5.882678482511616
3036,10.793760581693569,1.8823317477296886,33.78718437497128,17.449828632956997,-6.8385892370282395,-19.04938459038005,-5.998458202903337,-0.4283504597597371,3.3663709861581714,0.6500332854617817,-31.59148182033993,-34.49460501576182,-10.281257210823714,2.0250473654765178
3037,19.604803316459073,11.712347267012348,17.046810275411215,5.4914964781271145,1.2917958242163725,-10.778628840971013,-2.4046222597795404,-0.24829190022737907,-6.502198724284799,-7.70921632764494,-32.59422321182177,-24.07598366228425,-3.681790821204311,9.396916377543466
3038,44.97134000313731,30.336392987378623,33.72331899223757,21.37372698619824,24.10997203837117,13.447045619921553,23.5296397936654,22.87081444929966,2.303249643162019,-6.837585337303412,-0.24101380777326398,9.928719232972494,31.56887157136251,37.930612852593036
3039,63.347008821041285,56.162969340336645,22.917981108114475,4.320384480072386,36.93014644421508,31.000046528255545,31.129249243996295,28.49551525438347,7.318527052980845,10.582646909925288,47.03744560284505,51.8567591993816,48.98274080686497,58.68602821910224
3040,76.77357731499731,69.02413289083118,22.487631412772974,14.122941979749857,45.80318055222349,42.21494689867724,48.92860151973544,34.81343381723199,19.266642207946557,8.101377629389926,70.30998689924483,78.41519741174416,69.57338110287454,78.77812793811462
3041,69.66040413376908,69.93479044643806,11.438749274424575,11.304182236194922,50.21081831158431,44.6179034509314,40.4459842534627,15.411693276272192,23.206066695766825,8.2027359091376,83.86192394475376,91.3270322001212,66.34411428886705,73.33429880032132
3042,25.493239321199653,29.93221993000494,-20.378757565474036,-22.843951161842554,19.635327694730556,18.719283781336838,8.379387281495033,-17.817759797563788,14.895636295820095,1.8533092523090269,36.46900225350628,61.669419418900944,31.835683339734715,44.75832281446033
3043,40.70244434554681,34.86073616580913,-5.229741354153315,-7.788327406293757,34.04156148406849,13.577425541411431,20.962007279857655,-13.788601151472179,10.292744012573166,-6.2693390420058455,35.34589680384465,41.56447039585249,21.7562679738459,26.346225993959806
3044,27.519789292017514,23.209158272405926,-8.621780294227271,-22.51776275688742,28.282781815595445,5.108918369211539,23.738036684866927,-11.157179956561132,2.6207297404843066,-8.597409205031159,26.143947339251106,28.827841526289756,-3.6163904039618378,-3.7599537564973002
3045,20.89522022391362,17.098887807676142,-2.109476984950074,-5.569953701066119,13.22259117719683,-6.421419338086115,12.169894342768808,-1.931782356059374,-21.747575392721757,-22.07068398683778,-31.284956717656655,-22.00019179324735,-39.052100699118675,-36.05871247746498
3046,35.451412121035446,47.57980246417377,11.984426015909165,-13.565394253642172,15.83733777505131,-4.047092569552582,25.34030395652449,5.860261825317522,-12.378376134977763,-21.066138301751316,-1.02041531645719,-9.536750476595328,-46.79143773798221,-50.82052344640312
3047,26.428288490720742,45.07940431058984,-0.9124505042788081,-9.688703730249564,-6.942168992044357,-7.132318041155857,-2.2278835073023973,-0.5896141202037594,-39.592214608071025,-26.867891199998667,-38.24974459997844,-24.422589046858036,-82.70193790707533,-66.6628749225058
3048,44.059397697071915,54.16869650545866,4.1422781489291,13.55701750559538,10.554475490321334,7.140155650416647,1.7368184760644336,15.574019401682174,-18.848353983723953,-17.521097543675687,-30.152949368622636,-9.345143290574844,-71.61354758437788,-45.115587891428746
3049,25.203631823676105,39.0607439995585,8.071321200231665,3.7178098426323567,-13.11143053609473,-5.423638128327795,-0.8995206479938371,11.337273454536795,-26.045797067989866,-19.837246386984763,-41.697281199893666,-6.924702508652513,-97.935036149224,-58.20658740966326
3050,88.72255133909476,90.69762095186456,75.54593819162513,78.09352931028683,56.54594964810119,62.812852397579356,86.75289952420056,111.02080286620287,-0.7540592803722141,4.521102163831918,45.33058359229224,55.109219348507345,-19.20183863957328,10.011251861255124
3051,81.30578090743079,89.56781413848444,43.61463280307259,56.072279934036445,55.92891312666111,55.9156754902365,89.4216736153264,111.75756904856875,6.652614247647861,3.9218140956516843,57.453017157955315,63.641505192158014,10.901172466972545,18.34157373011784
3052,54.99032207448277,58.46538947347978,11.363404628042327,31.669266756728312,28.96990251208186,36.62213424267988,70.99863838868937,91.88752325562402,10.398313649231499,11.903498165880512,43.764510909004045,53.13288985697448,23.880452451754646,19.837766669039908
3053,6.954628438696533,13.387121913848622,-26.18351888302816,-5.55006742254433,3.0548576847055466,8.373006636190102,24.2885076742151,29.46288921443882,6.242968253026423,3.998218229519116,2.773855477471514,6.46684504155786,9.985330618545998,6.064684330361766
3054,-49.23924972804835,-46.23589631026992,-51.54354031495632,-54.907520321858314,-35.66311990773367,-45.30310838582363,-30.44907871146441,-40.65123854041628,-14.125531855118654,-0.9326958194163111,-70.92567320144879,-61.13534245399282,-21.92677469407859,-31.837640074547377
3055,-53.182636493972105,-64.30171292988804,-63.71274761472276,-46.5054434855071,-30.413669484864517,-46.633399511667726,-35.90120858461741,-46.54922006284611,-5.567766235485649,1.9107020976723277,-49.41085266592009,-62.58573052765858,-36.883304708581186,-49.09260492083827
3056,-50.42951294248753,-53.149572667406304,-54.64545220002779,-38.963475223284796,-32.12486555020667,-33.22706784092086,-27.389476497204004,-32.769035188557496,-5.1333221724318365,5.02357006205801,-47.12991471987817,-41.97059933921673,-32.63934599108441,-44.394979032193625
3057,-53.464463907300335,-56.31840068570561,-74.41906127974228,-68.17500571556505,-36.801370748367525,-38.345805861818384,-16.12128997561722,-27.33426692540893,10.499346789955602,2.098482265090154,-29.275498300277345,-15.144907994276913,-23.567680394640735,-36.10125423189814
3058,-53.4192538568249,-55.52151694337928,-56.33984767122214,-58.37827699314254,-24.737303882780665,-40.23619793961352,-16.06082171643812,-27.704985095286343,2.9235256056767724,1.1441835343322597,-34.23672189863237,-28.92537348499766,-34.92592309439898,-49.40316096059969
3059,-68.8010604447433,-65.1715061629063,-52.682944327193326,-54.44789995332512,-18.47055645824938,-26.99649298588673,-35.57764293980723,-42.51722364258003,-9.88264062194549,-6.877529705658159,-28.523577567638547,-41.76979166021685,-64.69756942357205,-76.9424645157307
3060,-43.07778529247881,-48.05223567071677,-28.55705129719547,-32.54697800278955,2.3519609158340367,-5.267007914970338,-27.422160428652386,-32.91003390488896,-13.903340343592198,-14.334380271539773,-25.543940824602856,-27.28766823169859,-58.51142899961853,-70.14570930642988
3061,-29.137775435338085,-30.226373664192057,-24.823230037775023,-20.38466025715958,-0.7967082736980484,-6.211506835099139,-18.586541268953255,-25.432657241366947,-16.426562786246595,-22.703000646413646,0.5675599771156676,-16.39804677511927,-60.758014453960854,-69.81918945407482
3062,-32.31871606033611,-34.97580134509113,2.0742037223267977,-0.9895314535765035,-24.490389030337877,-21.084845614669472,-41.69620552219873,-47.38481340639476,-19.46090227546052,-17.04182288644909,-63.81323157729436,-49.25630813670494,-78.20776630478564,-78.74660354404749
3063,-24.68559234887003,-15.671243482849517,15.208704480658339,19.149380928972825,-30.791236887228944,-21.278387939856863,-40.424062193250734,-38.80900832456318,-23.161277530590624,-23.52783323003854,-52.21629566056995,-58.30954509420033,-53.428626849893035,-63.8020547867761
3064,-24.84242861754099,-9.157907083099323,5.822590930382359,10.223254254461143,-35.11305607888057,-20.83996680604627,-46.18039643436715,-46.28404627900905,-19.124640801157337,-9.265879289426973,-66.35018717445624,-67.21679248333051,-48.2258676572011,-45.6825082977767
3065,-20.194496807685482,-15.999922084783101,1.5487965714193896,-13.545621209135357,-38.739429761007756,-34.74392177358434,-40.471888896168515,-41.826419353850405,-2.123095673826295,-13.7949065666395,-49.20368117321704,-59.281082039528236,-29.426191606955623,-30.623192729753328
3066,-26.369738293175807,-14.044039188336718,3.5088719389026095,-16.109011842432675,-32.733447228275516,-42.668667749466984,-41.49190181128606,-37.739604707953845,-9.646193682534221,-19.198927885309224,-52.151189910494104,-57.39303319068737,-17.287317395263536,-23.041599156424294
3067,10.2129812976955,13.842178449011522,6.565957127933413,4.813499165030203,-7.160774947361841,1.1236430312952428,-17.482371639570363,-5.5623224609509645,-4.269687551109123,7.098089078256379,-8.114723342141044,-13.896394542036331,14.973271721081993,18.44866552123466
3068,2.5929276025863937,8.097044799356809,9.797749985030025,1.785872119343062,-2.2976460367510714,11.865953545009885,-19.180117926898543,-10.639159189408208,6.165483058878187,1.4110335989349103,-2.51243501835689,-12.78936907435639,20.68630646156217,25.788912864615043
3069,2.29733914772455,9.3189460680228,21.709549995476124,14.497601861288688,-1.1539817586476921,11.37508019210962,-15.460554137796665,1.3221018425454794,11.914539423182958,10.924399406494167,5.785371516505643,3.8308761999314225,46.2557072766696,54.258618470006304
3070,29.470675068699556,35.597718245396635,30.911338224792928,23.657146868815545,22.65606827461616,35.11115722678483,12.308048473944918,30.408556243479467,21.937474171892916,25.772604692258113,57.5851776918443,46.39362491063495,85.424132411927,87.03980231093622
3071,33.24911930710654,40.37285298929587,15.040852807886871,23.159108059137488,29.043045336820832,37.747980113567266,11.187200690891379,25.99104259849986,28.693856329737297,24.898051548676218,60.66060111680902,55.41060443201937,84.86781391534183,87.25292338906885
3072,30.486541057489987,39.75524241958898,23.28166966202112,12.656887438975238,14.16477479119375,40.72149390541507,-0.85104838135213,8.953986757450362,26.327095142055914,35.1475798477498,45.25770644173066,36.36482106666677,86.91042927498766,75.59687626191867
3073,45.70824406245415,58.44996734350714,8.81378168536315,-1.5352259003650572,27.018782361025245,47.86362449150629,-1.859961541102574,16.786772033815105,35.17512882088419,29.542686957207987,74.89401428831324,70.99823128447738,108.57278467653124,99.48936082463929
3074,52.05615497470917,61.511100346482145,9.457452465918122,4.205732200538792,39.56005212794003,53.347199717782665,10.937441838656047,23.1501070317183,46.50288970106235,42.50328542988915,96.733174239905,89.56177260901181,120.04060902360469,110.67070490418341
3075,25.4096145357735,37.89417014054878,-4.825709494510408,-18.213418280704317,11.194072535350472,27.019666491043296,-3.5956413831267873,-3.002226353736332,28.531141891495533,28.518444170684894,68.29818618434201,70.76623241804538,99.23033015246165,91.84339048535834
3076,43.09883896784483,53.69335205921708,6.267444779518866,-1.934140032417091,29.667680764202387,38.974310249075025,27.78516231285749,24.671524061007702,33.58013499039004,26.366089157619534,93.09905138454053,85.82916494252913,115.06137484419924,108.29441469223312
3077,7.282911185390152,21.193854527448572,-7.93118203266906,-28.814617239884118,-5.5593345851526665,2.7202990453784195,13.561752680008231,6.1572403803729365,27.254404624435285,23.177424035320826,55.362293449128344,54.76166284105882,85.30417282550442,73.02348133552017
3078,56.82297614505348,62.07742506779707,11.497823671156619,2.4000187035466896,15.298489830132146,18.207449256883105,46.759578661578715,46.896697766630766,29.377587929611295,13.604713648056576,79.94863745457272,83.66317713532567,81.93635114794613,83.97510528128207
3079,55.799908908562415,60.04559800499566,9.209791137084588,2.6169178939806526,1.619205883235715,12.810060810775283,45.62034911217814,47.18831827950421,9.31819904296511,3.320035852090566,57.737462349805284,60.19841612368537,55.65647083175135,51.057269166841635
3080,45.990828876457655,49.20634591180432,17.472031320821284,22.52825587467967,3.6986867710460127,9.084856163590818,41.720343295727375,50.579844464335864,9.611312990788914,16.118667491688097,10.45526863598619,31.410258666676548,22.950111993575852,20.12595924251264
3081,82.94369101564445,75.08157514905696,26.06345894475358,40.15145089347912,31.333771345390602,29.78089568196067,67.55281079520024,79.86533959568852,10.774494012394532,5.949823925741862,49.83621867128083,63.80766256966896,22.588137645543817,19.722714416311675
3082,86.27812509234046,83.52577700375572,59.63678058447038,55.84937610938881,48.40434186518003,43.21592826101614,79.12174227368614,80.82456539480957,7.300852112173893,7.59768977244565,49.27607843921142,58.09610519459544,6.12169856710086,3.59228342267704
3083,74.7691514125859,82.00120566597977,63.55797542386119,61.429183343951266,28.386375814125767,33.49651221638341,52.13138857864819,73.69556892777868,-2.5586289769509745,-3.043910486183358,27.864071333775343,38.737052267174334,1.1716454323519234,-8.413563649565194
3084,90.30285645982941,92.48328968687238,67.45700160229171,61.161122639988506,35.33977311260119,37.98334201240395,62.21766931144401,81.77222330744264,3.314231558431077,-4.180864709722642,49.06955930675893,51.26251120941938,8.9414388902357,-0.14373097320731176
3085,81.63449119128425,82.34110995335632,51.96635136181359,54.67078229620994,23.836548758102452,31.353626881855572,63.936701652579636,82.49840259014528,-0.22599247873751774,-1.6822535799514715,47.78324423793727,46.932447556233555,5.958512428788156,9.24570719969793
3086,59.32185291926559,62.00707949177436,5.770258217405254,23.1543550278031,11.518774330251112,24.613056245744975,30.98538195092474,44.279870954657014,0.861514378223216,-5.555202403867779,14.926747093578705,36.129746874884006,-10.687610575787435,-7.6837128972770445
3087,-31.21057278683606,-34.59444357560601,-50.73669686283669,-47.9016034846492,-78.51053382315375,-80.81652758825746,-43.75096922749575,-31.98690935622443,-26.270216870827596,-18.77858540611518,-88.10556537960233,-72.88598243334339,-73.94279508638853,-71.84183394939993
3088,-16.404557874291008,-15.68172127568781,-20.17929717149698,-14.035418381362426,-59.97484800186418,-45.812183537407506,-14.735299995179448,-0.544322146126435,-15.247586476471326,-14.04040590728333,-54.92334193599552,-26.497834329373216,-35.57959855798644,-34.56724137436577
3089,46.25984568967046,38.369600583364154,29.56411486934293,32.44073788832641,5.693316257516399,19.83286966145044,67.60098350923084,95.2177417394441,12.994110053490083,18.787147543194685,53.08503896651837,64.50610890647049,36.65485774818623,49.436781745480786
3090,68.31247854654538,72.32876488772784,59.270780820473284,60.72672300892349,54.47525814084289,68.60368350934779,86.79478191048118,111.57279438595224,22.424630837890508,26.54835093005071,85.06005866725687,108.4291059226485,75.56589762419769,93.13499989341122
3091,23.064001304351933,29.30706787951277,40.98908501505764,39.28423699008226,25.77993007912625,46.03730754978337,45.522998726404104,67.06506782524083,13.108554882297264,16.34851473327226,22.010802341437653,52.12390567077166,43.42457079042692,57.08613259638807
3092,28.794614905939593,36.51750115554249,31.496401166276325,44.651756854993586,43.638733203351954,59.341341358332684,32.89065079228377,41.784096090777794,14.721314120616539,19.104477713096244,36.88822718652415,61.17584440854998,47.91407973354306,52.72853705774358
3093,17.927861622964617,31.239524617953577,32.72608277860746,39.0055936402819,13.516206943863562,34.76324739763357,10.104207264082932,21.35977097797025,3.4461209791423997,9.791196255571514,2.8037127053779516,15.771015013289706,32.090138270380756,31.48419434810775
3094,25.34490994937688,33.95838117316356,26.975806403680753,42.272987591285435,20.188309431801436,32.10437774122604,-8.119861387780682,3.069197289484196,9.381030228720782,8.125002980972535,-27.542547735068254,-3.1437005504554865,6.877064537744646,14.055508746918742
3095,27.80919466051511,44.84271404871539,32.67402203813,26.465587056493188,-6.470216905803008,8.152301886982011,-20.927194720589046,-6.285079295938307,6.738610718183949,-6.915248774414893,-26.53377962083546,-23.48362246716315,5.603605854151113,3.7394918377573902
3096,46.25004986851717,62.68250936035376,31.353712142552528,36.305491490479184,6.696360153890767,25.189207728913175,-2.5923088734845776,21.474660245285207,8.432447577100248,12.60974582628344,-6.746397315156918,6.716077510560541,33.280102281611114,38.55141416355477
3097,84.10596031759702,90.36730365656769,28.257029287880233,34.33131265396367,36.03367354227752,48.44133944513023,24.979957781361577,32.953321583737775,14.748988374292308,6.218103299644509,29.994291430973576,41.946367454058255,59.2925544420461,64.69420936545477
3098,47.19599299689517,56.06691571277357,-13.683532393361615,-5.476196915060882,5.3937504121555,17.760749696004236,-17.363175970129483,-13.36693839647921,15.54904953973655,12.95395302390909,27.860219548590706,25.45482697103591,48.59140026914335,48.80693814603119
3099,28.75257004955519,36.17056559966082,-12.478327330904314,-3.0027051083960705,7.699850337799359,11.298347633224841,-6.18483943794105,-13.19451649630671,22.35552257036927,13.155598805152055,34.786639970123815,22.53389081931964,49.421984585903616,58.289406735575454
3100,29.490005732912874,34.918941255915946,-19.069963376935725,-9.418691349993448,22.694264145930784,28.427560327486248,-6.857444730372977,-4.74221556510855,30.507427427063515,32.387145349367735,68.82087637236046,49.737069113388614,66.69994534772249,57.964530303397304
3101,54.08680339077986,63.414249565804425,6.959389833815145,7.4167966279396,52.91772461608197,52.7798192656512,27.104425513360038,29.271429909069173,44.21388256750267,20.44321828505798,130.45897666547603,97.90099290296075,107.14995994758857,86.43738517017945
3102,56.55287574090882,68.4363629627016,6.436722364264423,7.653429154076792,57.14584929036917,54.905432252643855,41.21762610865396,22.50383039857956,42.510546704140715,22.654157296639895,132.43609881135092,80.66844825169505,113.56196751623705,89.15730690348082
3103,9.872928776046042,17.55436336279646,-41.48986175627327,-38.67864969172626,12.41738798159087,2.5136330875554407,-21.697068786513302,-39.29991252750501,24.438172562283864,14.470762458815898,54.731458630587525,10.908198021569659,54.127870815618266,22.679825883257323
3104,17.015836322383063,19.841784037018304,-8.26374153722251,3.582296285255716,32.02718463865944,26.85819459432326,4.572330777062812,-10.651891714726002,24.567753225434505,19.877892211443914,38.953421675793535,20.78879252711487,63.596604625249924,46.859246253859254
3105,38.64673031268676,34.40024333668861,8.731136041422246,23.575006521229987,56.810065964370864,39.45797638141044,24.634728878836192,6.799925586874801,26.751783430879936,19.311210595000667,78.7743105721619,33.40883005632244,74.68671940780851,50.5984984855796
3106,73.60112235628702,69.29497373810332,30.17170477411381,30.890037360575775,90.52013863779946,76.8314518973956,53.54830955965641,31.10012911187938,34.61346024671122,17.55633455296675,118.29554354671401,78.42800623913878,117.32768913061659,91.22768134892209
3107,65.06250794999245,57.76089497271421,-1.9489474274241487,16.01535211622193,70.00014376510842,61.77608028521716,19.182487282854478,-6.8054418711247475,32.13970263126271,11.228995991347357,75.2399434625473,45.531257739692634,92.12872207573277,64.55987191503992
3108,-18.340567831958925,-32.79206244780124,-58.75857928209087,-58.520873465284986,-8.926025360965236,-16.83960039118728,-59.71595347043281,-93.46176098618625,17.86047893716963,-5.638963101001291,-5.627809636336942,-21.465427937885046,30.668666748279044,5.755021821473355
3109,-7.7659875717796565,-16.920650602641643,-18.075134505176766,-22.202398967894986,14.664948076454406,11.977314653256352,-36.732302547644316,-56.32766296393136,23.063626770842117,4.9395983007777975,10.381521008521862,11.408921771600745,49.96714174518381,31.231689843185833
3110,16.66851086488116,6.173355904410383,-13.123063101749766,-14.560361699350759,18.612307078292783,21.57417349098844,-15.316104096196057,-35.19990903585109,25.013277652051517,14.436734137620295,-0.37796215445312953,24.316877680269698,50.54949318843801,38.006264836693134
3111,-12.447840702968495,-6.991314975124531,-46.88172191072372,-41.62493058683235,-25.78115952458522,-19.204788599926633,-70.78552817387352,-77.88312861005315,10.818408720940981,14.447992056514934,-48.3919980800833,-15.964550998160753,11.57327683098055,-0.5794883377439152
3112,-20.16075995422578,-22.72797764493924,-26.199029979445474,-27.855193294498,-44.24745495126054,-47.40263266703875,-62.2554865753806,-71.82255134554968,-5.685661241166702,-18.151026295471254,-94.58443269820114,-58.940834115715916,-14.861517086309323,-32.832675255702185
3113,-42.49274253359587,-34.04275846713044,-19.235714515507013,-12.230665730517652,-40.16687264551224,-57.8439470482686,-60.452142350100345,-82.22239604718165,-11.252227131330756,-20.4549454853042,-86.86019001128857,-83.75108377751621,-42.330593051378955,-71.16182975654367
3114,-69.59820626145752,-66.77838287147301,-40.73619899037607,-33.71514908464244,-67.007730980684,-73.95920720505767,-68.14401459450406,-77.79541583357904,-35.65307711721414,-36.28411485268276,-117.67782514211657,-114.36645161553686,-70.22802095242501,-88.0262599872291
3115,-106.5909698877669,-114.40806501537605,-104.4566820397518,-92.28789563467136,-115.14307984169545,-114.29131935114256,-125.2880323589116,-153.75177603489857,-34.44439097609634,-28.294583071903723,-131.32025780774524,-135.56095371147285,-113.74503756275546,-131.76198219127545
3116,-141.37207589383223,-152.73726449968288,-124.13636920524294,-118.97914564502261,-144.97817298937483,-149.8282577151551,-145.95548455342256,-171.67617187985118,-44.324047051411846,-42.10836775492575,-159.45294809648195,-159.4695494931674,-147.9399677020005,-145.36718001177198
3117,-99.17913301371283,-105.22139154608077,-80.84344623724778,-77.73585070529744,-92.73641839002454,-100.8834595863487,-81.42905385938391,-101.0861286283539,-32.00274947541052,-46.820913752395064,-127.15068332534855,-105.58209336707162,-112.99152892740115,-101.68028216777039
3118,-83.08231029753226,-83.75530289772186,-59.60905281694301,-59.69065818145397,-80.27856546437019,-86.65336745986212,-55.55274543809945,-67.32544265367201,-33.868008289745624,-32.6259725007626,-103.212229478869,-78.01759259350902,-107.70591159731251,-90.45511867708754
3119,-48.513083336197575,-56.64942358360255,9.871165681550211,-7.62452966941641,-55.26129660154957,-46.83153692691918,-32.33407982799661,-24.854682388198874,-21.813628980173657,-15.802989963345269,-113.52291356307347,-62.844447674738035,-97.78429106624186,-67.8812845707988
3120,-23.748495037933132,-14.948291523748047,36.152379920526386,16.576966639908775,-37.18288427826076,-35.50804710636772,-9.39924917632038,2.8139576556288013,-28.468717553309133,-11.227607300954283,-82.38741098580546,-39.11452247289306,-81.40022075174876,-49.803857053684624
3121,22.455661276013625,17.397479280020004,63.79484841729496,45.15643822971979,-12.435147913162094,0.8320274832300214,35.23511869403625,55.60191349801924,-15.561817807950888,-17.52528215431048,-15.262858823274478,20.71750829303381,-32.591200952828565,-20.85782325951707
3122,39.3029653011724,33.36810268489304,41.1449322317269,34.0257143579171,-11.698941235600726,-7.248189244916534,35.36644269624268,58.08444771553441,-10.95910920886167,-8.281033628652485,-14.903570415710444,11.897410851584176,-26.329809118550813,-18.0680187587448
3123,38.992942998280085,47.76849697773369,-1.3282560500175822,-1.3465790881741855,-19.54239877441944,-4.482932397207196,18.30372400590428,25.694052446553552,0.8107292843132429,-2.791483187029617,0.33117150766715464,35.512963051765695,-27.205441247264197,-11.047973979521522
3124,24.13466051162789,31.973757789579018,-26.235986481092244,-17.338159684536866,-39.88066842115752,-23.508224988226953,1.7094954004560594,1.3580188357693685,-8.825072841558178,-3.1109600022397443,-29.569113698369957,13.793073521713115,-38.99068604853474,-17.63272116381485
3125,72.26168449024556,77.42770682291389,23.877671374093975,28.064816635178992,24.157891609117623,24.229914360766408,49.268220021369345,55.0460520972346,10.99800103790156,17.98964810627686,60.20498390716122,75.94107960258772,17.165940527396,47.85384883277575
3126,107.2349461606554,105.2840089599252,39.01000990145509,35.376711805186666,52.79804794439798,56.34195933568526,77.5621210590763,84.05563798336375,32.90548494145815,30.829695067998824,118.03271310091561,119.4413762585665,57.3124990433701,78.15424358740482
3127,71.32313958710729,66.73834342368913,3.841529835810815,6.219796349964916,34.552458896311286,29.281024582054762,57.05601171925459,61.12603876243077,14.576146637477938,20.06400779845105,57.899293929558745,84.63019214248855,28.268088047472222,50.99839602719938
3128,36.321332977200655,38.3299105037931,-3.737623646031034,-17.721057422967796,-14.48674314734154,-10.692061272103732,30.799125852108112,24.776326754523744,-9.350636865937469,6.29970027407417,8.69988915340566,28.976951890621294,-24.789637858372416,-4.372046943466719
3129,78.01918558675148,72.78110676567815,55.177191858153755,40.777864815678605,35.707918904581526,38.60040551590686,79.46402222321822,105.59951181218375,-3.1399389365933423,11.408324220057718,41.73457677461739,57.919319958021255,-5.79332910123281,19.208062430490266
3130,69.71428298317927,66.45393655228972,21.4639905979833,14.885111715189462,45.201962108972694,33.945665058948215,93.5792689077615,87.17494937114363,-4.9850113877804665,12.406807543420001,49.50289008790572,56.54396613695574,-4.612526753154953,12.024058990581322
3131,14.069523104181847,10.22263405504861,-39.772732601433574,-39.39962600235915,-18.071748197313863,-20.330440225458087,28.707507740015906,23.25513801475746,-27.494174429414468,-8.252177991369884,-49.24052027077243,-18.38813099726131,-60.02558749317696,-32.77322932498748
3132,-60.307517301937814,-58.62758085312439,-103.40031766947487,-97.6917024920053,-63.22845955884263,-74.65254803095242,-35.56928011826782,-42.749614876574825,-32.269203144338675,-26.156194060260255,-130.3838841271285,-79.33980280505911,-133.0447463816405,-95.67841783980398
3133,-93.63703442734925,-102.79162403067477,-97.82763894473078,-111.13902075711542,-93.4956815512542,-102.86182464860634,-46.31981953208041,-43.688465494171126,-47.348277063777736,-28.373023366737957,-163.77005218928807,-100.17029679369868,-137.50738333297315,-107.65139637708377
3134,-28.00145923166256,-37.625259343683645,-40.29923920243572,-38.29641159077272,-34.18013735954989,-35.336780487899176,30.76013490940708,51.942359391290815,-7.776428859115846,3.9319693870580164,-80.06489243951492,-20.65771670701087,-60.10858065633646,-36.407008923864055
3135,11.886593728888064,5.895602941552117,1.37937443328259,4.39393672286794,22.489429393829184,22.39519250806554,92.93641822840183,114.8821285253982,-7.891088377963476,2.5704501964558437,-3.0826783256008716,43.40056615691283,4.067818205211932,30.91030866954492
3136,32.57979099465279,18.79958889662099,25.578191944489575,29.843495604716598,55.10751222135851,62.74925942999946,97.46590801051038,120.24512388606449,0.7753441910815155,16.63083687169507,30.951335242970007,78.40962568691515,20.232221121592495,53.30400056377483
3137,18.422764276169982,15.159905398008885,29.658869963141726,38.47445491324382,61.386169040886244,73.65538232900658,86.99809828276375,99.90470680915597,-4.24626856323108,4.329303522656202,36.312266620903095,67.53918465470502,7.5041401294510965,23.35072845857965
3138,44.379597436267744,37.16941022524989,36.44004297115773,58.07726477232226,84.73608777010837,89.83466905998405,70.08120593372983,82.7566283155763,-8.487535444397798,-2.480431616888196,29.3314602348136,68.98211083014709,-6.260304498471654,6.684836232095528
3139,20.958994771843845,24.257396723967723,40.93223227538843,40.77762288624094,55.1624470699886,64.31805296941509,59.37426346419619,61.27390960162023,-17.38985849575867,-12.714423832932928,4.132349541395399,23.761167059793276,-33.81429295821436,-34.45568874512241
3140,74.46827984568941,73.43081836684867,67.30241741806269,77.62617898065545,70.07029954026449,84.49768598013132,91.03344624553752,108.48319486269365,-18.026047654896143,-18.691339724149767,45.70472626514851,47.345745761564245,-21.818138235870588,-17.12137119883368
3141,65.89578953159183,73.30183218912194,55.99915730743289,74.42408300090395,62.56903967107522,72.97143326825812,77.05682562370399,93.87417185157099,-14.241197578311295,-5.283022930640521,19.11959805789204,25.139804082365664,-30.64895210132864,-18.13101856919391
3142,50.15648909970365,52.14915892743147,25.45574384189587,68.43231335032834,54.9636689797845,62.64673826245967,62.825901975605966,72.36697747047427,-8.667646093759572,-14.941720561731639,29.317681834341425,17.61856188951926,-40.10880361672899,-35.72412317693678
3143,23.19987076607876,21.38044196503684,9.017586082311034,44.76439159445126,61.148199797217615,72.22215949714749,48.17426349971008,55.27666087910071,-21.55531874192079,-12.102744593628454,12.444866443551813,16.465934044897548,-38.22547060221464,-31.87861657142838
3144,2.0347439863094383,-13.03654282331361,9.992784508553633,54.51219084443515,62.6788629600684,75.78004670406834,40.45614421517951,59.985403579011155,-23.513491915992727,-15.973873208899846,-5.469796837761912,2.9353375024603827,-48.35612274344881,-53.97887540265163
3145,-20.099229203870294,-20.368693957913678,0.5993057366375751,52.19849318694871,63.257915768229516,73.83284498254811,21.82006732201996,48.790498891325015,-27.277233969492926,-16.98608858851211,-31.984391988319302,-2.299440390085068,-62.75392091300343,-57.60620308201215
3146,-33.68642827160694,-32.622331642885605,-1.5029737416413749,41.08392575283762,45.0828984560618,57.12911465264181,9.136129607845985,25.932998757529344,-17.381866851642215,-18.539057704745034,-20.85787819344841,4.379401179759235,-66.8200476393476,-62.52970204407909
3147,-11.243731896156227,-19.429601626931785,15.772870360383763,65.57975376879232,52.73874195572099,81.38940271925951,32.381276053802324,47.870041490376124,-21.36248343528138,-31.21135253004654,-0.2758417515546743,19.558917245891955,-53.72865005844979,-51.488084113537866
3148,-6.26701571018137,-7.652128174828164,12.211304672272634,65.89557089653589,59.7827989336166,82.97138108684592,52.055001030827874,70.06411916939058,-2.923385038681642,-3.4686107935502264,28.502028563327375,35.95061113790161,-34.295509632015175,-33.234199507222066
3149,24.09196846401345,25.188935031985654,42.135752389382276,78.60055312491895,90.49115162338195,105.07766760081238,77.01993457486527,89.79213742066061,-1.7208643789898292,-7.458456625625135,66.57776254950653,49.14969420713018,9.64364848117278,-0.43583922801885744
3150,49.24909699143352,52.772188625485114,65.33018472199724,87.35728033216724,101.43017751001219,107.42214616733902,82.24315717795947,77.10612283231305,7.896608624411996,9.46917921792656,72.5190498231742,44.64400616810326,31.345449588548362,13.48087703565625
3151,2.871771709065632,16.791171925524075,19.51284984360412,32.26613852678951,30.009223478791235,41.53104551096775,14.201129930031046,16.199891244620364,-1.4159328391713917,-5.30025703100281,10.3507404705376,-22.640526303820888,-0.6837333191324547,-20.046063558265395
3152,4.0335877318395585,14.208549677197958,28.410533096134554,58.418795506044255,11.714472125464633,29.829664686201234,-2.2523920428849844,22.99612172448841,5.530534310533746,14.73238021766098,2.9364196623259557,-16.20952747808184,19.10756172160059,11.713109555701312
3153,-2.4131954886066795,6.48361975341696,28.88715753936003,36.038418311517916,-7.363555201426618,11.319873580372475,-24.331684139229186,-5.466815060949474,3.0865760297758356,-0.6619234439623982,-32.512340481930124,-38.65271284489743,9.331591310383319,-7.27286983440246
3154,-10.07026250301251,-3.7210427839048434,10.70091471268261,7.406594317275117,-39.90291828180901,-22.3484974732914,-44.48335078937707,-29.83332087087947,-0.6077446405560035,0.4714864372992842,-56.661862715058334,-50.77445398932222,6.248935768623169,-0.6171391095840743
3155,-1.0326789116928206,1.1312538216719052,10.102821203721016,-11.924826958402242,-28.610102837681257,-24.42393560818548,-24.959583951364014,-25.504772917367067,-6.388619108372274,-5.535395899677113,-36.9893008394639,-53.594969218943184,0.6702297606297773,-7.573128688401578
3156,-20.758920690413344,-14.308054547796687,-5.313975690748158,-24.49483806326818,-39.369687797044996,-46.4360671406905,-31.757769925104924,-32.9286708663281,8.610092665704693,4.306095783584026,-43.38175897786128,-49.35286016933992,-2.268215629206281,0.9287437506264996
3157,-17.302468591846523,-19.749676086035898,5.07705596654292,-9.594452378373774,-43.18066506489135,-48.08028189286298,-20.319530308311872,-0.07076154832992793,9.40918652569158,11.166428887640953,-41.88051811294762,-49.05626001648653,7.174045179097801,9.999111598047223
3158,-22.3254661176229,-24.728488409076213,-12.777414441084629,-35.164568177644384,-35.79979443236726,-50.412613419121314,-28.787714369879698,-27.50547236104951,12.62040162456286,15.437320764005715,-25.830907335518543,-21.269342592292233,5.612580730917549,12.593743348372662
3159,8.674368086422007,-0.11225770791055223,3.4007704613645533,-10.865484489969495,1.1288296678405838,-8.453302075543577,10.251541453649697,23.73237439866262,24.726001016601213,32.34698865305963,32.01545308188522,23.639799575989763,32.378750200578274,51.18589520788103
3160,41.50859769432398,33.786731391239854,34.362990974922376,14.107987827674688,55.527899175691395,34.3069520801461,34.68457541817832,39.75172183569974,33.06964431513311,32.95652937885297,71.32716669595897,62.78609972035409,63.085932216383796,81.75723904426785
3161,93.61820330363656,87.11870120809985,54.344339401981955,29.753599952548008,103.40081445177705,73.33881191180743,81.12218409439804,61.57006383712597,52.0451815999234,46.756259463723325,137.89266451153088,127.72036481246258,103.98382832182112,114.29547358694076
3162,88.13161029224919,82.04032472811274,52.03133394297388,31.87397740133116,95.01666489543493,80.2734963757687,56.22618800297706,37.280036895989056,38.809076508424546,35.50552942322088,119.34035126503191,111.2795263340145,82.34385706732449,91.70434007558319
3163,52.84763946337026,64.8096581430615,52.84494437147135,35.24994730357088,73.40568347855151,53.38977544452763,33.890505932320345,7.061828796464114,24.612926945265816,17.995350969613504,71.81808005650971,67.55477040915652,45.007262749616345,39.770851132540805
3164,19.30085586931551,27.859392465702683,28.01804951183695,21.765993395396084,54.89264550738003,32.62494670121082,-1.1386926404235649,-19.196373973275723,5.1044913792510975,0.28542835445904324,39.7330643609125,22.290645721521585,5.750932905387543,-2.3735108401833247
3165,53.49784698557366,61.64329339955489,37.52214107584172,43.31804491383386,72.7107040217512,41.81614092351409,8.379785628496824,-10.700634990163554,15.800868766899123,12.650569187125566,39.65078675732614,3.592379245313368,18.510381890784977,-0.568819063680058
3166,18.70741841706106,26.980110768127744,14.328541086389109,5.797836155191794,39.666854624740175,13.160206865070652,-18.035414839629656,-44.62030612330938,-2.1096474980559656,-11.654532063963428,15.204581927470464,-52.97773157354066,-30.372894283409266,-56.54307749930501
3167,7.915446748356893,17.062085896753842,38.02636017301372,23.81779494900315,17.489763670570845,-4.529246426385002,-27.207821748686566,-40.27444001498992,-3.3591664871919655,-13.954300825940543,-27.15249505533267,-79.21667010396027,-35.67774591393997,-52.787747397540734
3168,34.64153710786089,48.03165773427173,14.052577536588549,18.66424944598011,19.61505664091478,1.9006886507993186,-18.266047323352517,-14.765574773242776,13.741114700193153,-1.8257517134483443,18.65885374413333,-19.423719824584293,-10.452127147382273,-23.050172008019665
3169,18.210028315785724,31.12052564196595,1.646188678604512,-14.14745540599308,1.161242659850106,-15.681013942947724,-34.76257331023821,-42.490350063089814,17.328327856638875,5.340813453172317,30.46809961114819,0.1790177492795632,5.526513383557697,-15.020557241477745
3170,70.6960766434724,72.58360495023355,5.807758497019978,15.404599756807961,27.02677350656912,32.63855624292811,-2.208168098722404,1.381871321073789,32.83907410797837,23.551526481964608,76.86715102161591,48.93121842789914,57.145399239117246,43.030003499544684
3171,8.596357737092985,11.939109164720575,-50.169868942858095,-43.26897837171844,-18.327809965211518,-12.541193181691556,-54.711722539000775,-66.43069157135389,25.90058755669446,3.4549955129759753,24.411839413164873,5.732450174957247,29.469032395691354,8.922191706392418
3172,-13.218584836977731,-28.25339295307738,-48.73106478423986,-38.10551505296589,-28.531602155494447,-33.62425958271875,-40.4143086676118,-62.48588609435924,4.906294309378725,0.004632008658103093,-18.094385622261107,-27.888738632446813,28.669632202632403,10.75440958958118
3173,-35.522464730640664,-38.83270324320709,-68.88658021792673,-42.438974861527676,-14.104225811494725,-20.153027242937675,-32.286845042769734,-43.59516784213732,19.957208023788535,2.2440344838176873,17.881371998545628,-9.864632830733235,28.645138256857493,11.0238064504343
3174,-10.053477760559865,-13.661960460019063,-41.23985150584231,0.1845703936724793,17.54167699812652,14.00298932320354,13.671268124936292,5.641260089684118,17.89052015480255,15.216679806044837,41.916981494837366,13.054085681722052,52.5830208994463,41.612121013322955
3175,-49.42340197062067,-59.79458316495142,-69.66114382886964,-41.88512501058283,9.637700457451498,-1.2420520013372962,-22.845310670324327,-30.69438992195014,11.555033426910017,12.194348955496098,5.062522754042192,-10.403933241764793,16.851277210226073,0.8460576972041736
3176,-52.666227396753726,-65.22469309293342,-57.79747209773981,-46.54386044755447,-0.8236929772967824,1.971858804290034,-25.734514494294057,-41.77148943072247,8.39318463730535,11.455226323632033,2.5226760543013373,-3.655989455483314,38.22024625006267,20.052855384303893
3177,-27.091648997508983,-40.567846188488815,-40.12482810223535,-31.272176689158016,19.055187639546823,16.063219191099016,-6.602269718468319,-27.163051568370218,26.55610832978661,12.495444609843188,22.369152341887137,20.743202569049288,67.55965377019359,44.771843070526806
3178,-15.428661010808206,-27.12170734942567,-39.57710815457539,-26.644540004957207,20.834693926777575,42.985980163454464,-4.15571342994846,-17.039542406522678,31.231076130324364,26.563642833508496,66.9227070523357,59.769189645330435,85.98720342112217,75.25607483023967
3179,-59.38417207489311,-62.260980305468834,-49.106723070197894,-48.12931716939174,-8.054848653277425,9.136378281386056,-28.58626476415056,-44.07408240800331,26.716384791451656,18.29008983758096,12.700417069720775,27.06672713273863,62.36388294543602,43.23106469335023
3180,-22.033851918958128,-31.734941855982022,1.6475366438235028,18.89947212023579,40.029976176120826,49.71131867141316,23.338029507527065,10.740701902116065,26.18030132522632,20.78073158680196,73.35223308434837,81.79231182376986,82.11430219669643,73.08301177653551
3181,28.805852407645588,31.32352628440478,29.326187344555397,51.146896391854675,99.33888670288866,106.56675899916245,86.2124304770922,86.42697712932207,32.293522058878494,29.327475396307506,152.53428945073284,151.99936234456214,116.61473330409575,104.9682393199119
3182,-4.739604005894946,-9.800566517502022,-28.22679256231788,-1.8678628441453315,73.56447785451056,71.49446285294532,42.311023737277374,26.115459464588298,11.821419160639953,6.953520454107325,78.87547620758514,106.39891645665242,57.433866048852224,44.15790186618869
3183,12.402397557227266,4.42764996305501,-3.6217750924544645,33.081312233805605,76.98222763283843,86.1646669708753,39.59541765074763,45.03075822965102,6.400135954069281,2.0527464024040016,113.76041902162896,125.9726637380407,56.6802534786992,48.111845860917676
3184,11.715280757194902,4.456549756750211,-8.899095094782508,14.206970199727797,55.83517612281235,81.41410803064095,23.157173097758818,18.832624433946606,-1.0511167983807226,-7.569726598770029,76.68675659999674,108.50252499006419,26.711720707606972,36.03122831052212
3185,-1.811653831043063,-13.15746368744976,-40.71703096858811,-26.409944779745725,20.766270997857287,42.73840445836538,-7.346082532743495,-5.239340434862638,-4.119106501270324,-6.002078439799793,39.7283015101249,68.10087850909618,-6.156581401458055,0.7168208969677992
3186,-23.441631864556534,-25.91382227293042,-56.70991964068882,-48.69171546518904,-15.906213867706727,14.684515579338306,-44.212203172064264,-36.233100945498975,-19.21934213284184,-12.529301940940353,-37.207125594902564,-2.1209529824165085,-44.05976083664029,-43.07249307642041
3187,-36.081743873483255,-30.7271512098383,-49.86061102194707,-41.93789017140156,-35.979006244602814,-16.419260434916904,-55.07755507844656,-42.92577405678456,-20.411705908755277,-18.845126333926004,-65.31149436106114,-41.989357729151685,-51.08509405086129,-42.88814213113872
3188,-28.14928998011356,-21.11594983041166,-46.83082509154559,-36.7037228603679,-38.31382754413392,-33.703545910362344,-54.88835938284479,-61.49908464882807,-27.767582603849917,-20.719799086275714,-53.27250036922152,-56.817751156455046,-42.27382028669378,-31.520963164448982
3189,-43.28629134365339,-41.42145128186898,-60.97999219964885,-61.0938983181209,-40.080946354704515,-55.88028950979411,-61.784708159756384,-83.6528084542616,-31.51457905754079,-30.45175508319571,-55.518326695278006,-67.92874216759971,-48.792834298682955,-36.07465244479864
3190,-40.87124735606395,-39.67618728571068,-43.36183653720062,-38.3168326759435,-6.92923340867025,-30.249319880551543,-28.19213990754537,-52.8414157252858,-25.003667474354582,-15.575815037346176,-16.520322002688427,-65.43595306949105,-35.92615638123062,-29.62685098596618
3191,-90.23560014422979,-93.3243187704113,-59.723558850750976,-67.93137221681577,-43.89618916764784,-86.6150453586669,-71.69713629117572,-109.23586146529753,-21.468259250025767,-25.275865271045483,-53.371845123766384,-119.04193471286878,-58.91744838438646,-71.53622445679987
3192,-84.16405220666735,-94.35260158967327,-45.564571462074554,-57.09761125386507,-41.57606374891629,-71.50743150672392,-65.43391901433111,-102.12416958338045,-8.53345966234331,-15.076438018785288,-29.284299041298013,-89.91979153703092,-31.795981051768074,-51.32200680748262
3193,-63.815035738646,-66.1464837078849,-9.13773379208147,-17.064588434927913,-28.501132278882316,-63.60678918620466,-30.789107706459568,-65.90046133410853,-5.345627161343799,-12.746608748665603,-3.5127884986712674,-73.5628037759824,-16.752129398964698,-46.12087676629148
3194,-93.60032744229966,-91.78273365921794,5.268994166485281,-1.8841172596943458,-38.13712498055254,-83.7250106643448,-50.532629464189014,-83.54918966107789,-22.89297419561595,-18.316198045237176,-61.827570704556315,-132.27429934219836,-57.2763430837224,-93.00958725304488
3195,-99.32416581340253,-98.69260693714736,24.80688355046317,15.936005564459073,-54.97758624265098,-85.01301735158837,-49.9851257204176,-72.1181379151637,-13.76075441869222,-27.54130388117545,-84.50502439539129,-144.4949661441037,-77.25855347270026,-100.01949027284887
3196,-35.073154514070126,-30.554393955357217,64.35512017328459,43.83778978606119,-10.817135237737904,-36.392615214673434,5.338537785792864,-3.840354448254857,-12.064633620216304,-16.543183571782983,-13.923305543894593,-62.84963461450127,-38.07722225744222,-51.334635302405175
3197,-17.46593489023324,-18.157947251434546,49.1249446002511,40.501545642704734,-23.25753675905668,-39.66283166659041,-10.792036835170652,-7.719792603188115,-17.261582825663933,-19.143490007294858,-56.0389772901374,-74.28992858148251,-54.844561627770716,-54.93779516412789
3198,-9.036338727106214,-2.461663331992648,48.31076398535902,23.36281792320803,-7.621293940214693,-23.87828082142925,13.564589169400415,-0.1631104085683127,-15.037284563557996,-16.407993449642156,-60.21973863233557,-47.36479483775419,-43.55166088376091,-49.887185742834504
3199,-62.37361878826531,-61.7541249558354,-19.303233215734984,-33.728326119806056,-87.51098075685584,-89.21199461566717,-56.68182421672192,-56.8191769973453,-33.800181821426825,-27.134720954374508,-159.71259790157643,-127.89105384676567,-108.33833445917568,-107.82199437472977
3200,5.567119356630864,3.902263301889844,13.53331109826766,19.245088439715584,-56.86327483717211,-36.085967645753264,-9.352811846753013,27.053863023613793,-20.267025232612127,-9.901138230587907,-104.87473559077218,-60.86375093278322,-52.947191089225576,-41.58432550614547
3201,3.5047105404777366,6.537245427635873,8.157783563164164,9.484799870515728,-39.48064651886534,-32.07265287371739,-13.529671566700133,11.300550674329061,-22.104192544334683,-9.745172297412932,-76.85261495133675,-53.053692764698255,-57.075471790767224,-47.08159024151114
3202,-13.39613496782923,-12.943643950803487,-0.8302874341473331,-10.455018616203324,-57.38023340668699,-45.024815339705576,-30.953388168656083,-13.131916658509747,-14.602998022277966,-6.262277154846219,-100.57758479799963,-74.39804284049984,-49.823027409794534,-45.234347060639976
3203,-27.233096764404806,-20.629387954137126,-12.476703054265045,-11.311649543315877,-61.94744142149986,-51.04902079976053,-51.02402512915684,-39.00718781450189,-18.431562215279424,-12.615985035102138,-81.704614912372,-61.062503398432405,-48.084366536659104,-48.79526875108514
3204,-46.96056337149409,-51.165534797618236,-32.43392395028358,-37.109747410739764,-101.48480223282031,-90.5046897219311,-65.87154276567902,-60.73634788573488,-30.45165838241815,-28.450557973275338,-97.69544567221169,-94.80608016739788,-69.14635701480084,-65.95512639306536
3205,-66.28364185657028,-67.2213521476167,-31.421881464547837,-33.52918703005341,-100.40837738541686,-95.3258556565805,-85.92597709679625,-72.14010745508081,-18.171211380560504,-12.232561677302542,-89.45606218762502,-87.20938934306572,-69.23947592946891,-64.85133740262495
3206,-38.264220950049435,-34.60286112442863,3.3463462543482847,-4.373293322993164,-48.37507524301,-51.15667062302015,-45.78362344142662,-46.121744369173015,-3.837570594307596,-14.25643755276419,-36.02397920988422,-36.79648239637845,-35.11629507450763,-33.326851413720526
3207,20.597121404890224,16.828389335342482,71.06184085719775,55.006789929048345,22.530053310648764,1.7737999068379353,24.793507290186138,28.674158021101285,8.524997672834736,6.2720606180940255,39.52030299029625,11.391804185765094,19.41619795172283,7.822541819009499
3208,80.06999780109975,77.79675522330722,98.33647591353669,82.45017393703574,93.5288286430776,74.77702037162423,94.16735387777214,97.0582813852333,29.707228442662835,10.470622691988142,117.77053083217652,102.67260151333195,72.2807996922732,54.71353411146357
3209,93.72915686298323,87.16767765817576,97.47010213618701,78.0493303066043,93.65774025306706,72.42262504072093,73.30712059998392,72.09220054704909,39.10867547536943,22.38839469395009,107.27679585475298,109.10948892723145,67.65030520931414,61.05566580995458
3210,67.07842292881803,68.20404194912179,98.07450804209022,68.28880081082049,94.64859389500285,65.1409717090572,79.19495147146729,64.29039378158743,21.59275884740741,12.869476378368644,117.05557145844267,100.30902188616814,52.92525639009288,40.19365166002147
3211,74.2836504150397,78.7567811153919,81.99853995313798,75.02534097520027,95.31969369233731,83.53469076058103,77.78658829698392,70.48520160839864,17.971505501669064,-3.637326952774078,113.45154219565711,104.07045538593499,51.80862618400158,42.71858077948763
3212,31.031129623660814,30.218515277011978,1.9638552714877033,-6.843268091802473,34.305995200377545,31.745743757081936,24.740885181926103,9.906848182344206,-15.031717524502879,-8.742358137982027,24.62256147768681,34.42421205423175,-1.5232965927682036,-5.323412011736852
3213,-31.211335309299646,-38.65640194257667,-84.86236448444939,-83.57381636924761,-46.117077906196506,-48.37667622683154,-61.95129969909583,-90.17559373911797,-9.181483327512597,-32.32657925653419,-34.35822952172986,-33.290040623148464,-59.31805867889169,-55.572823437715485
3214,-73.08692535917085,-85.85176565506612,-108.44289965200066,-102.10084748910378,-82.00491663574266,-77.90815065753767,-73.43009201654112,-102.81837700839374,-44.93403948143948,-30.28056611654074,-104.7891677712324,-98.89442347778589,-89.55476042071956,-78.53145078126384
3215,-103.3666814069341,-113.22052198176789,-144.770506255443,-132.6838538193253,-91.43194031677307,-93.40809244082472,-85.0499570669235,-112.12524471936797,-40.3158995608266,-32.46527368219877,-97.25947538158124,-109.76450452186592,-104.58579247417151,-105.11769259374263
3216,-105.90606287525644,-112.83805362519476,-128.5247696243994,-117.7158596840403,-67.09959833911908,-66.91089167803459,-86.0818316607612,-89.33690101899788,-36.26397954444803,-30.679579525188608,-79.73173380476737,-84.31117608594874,-108.27506242757099,-105.26653025972585
3217,-103.68675721508235,-108.84963306758449,-95.80275192168152,-76.08336270403889,-58.04676803580374,-47.591880978104705,-73.27475065411723,-72.89407437728649,-41.280342551363226,-36.42529826361172,-94.49468800586044,-99.24042314429691,-107.39247431089578,-114.10177179088541
3218,-104.30070822932804,-117.34328862825804,-96.67513950676361,-68.70966118855695,-40.889727709699315,-36.60522631024158,-53.07895032549861,-47.97636038210275,-34.94603184673795,-38.850570901025606,-64.50732138727119,-65.34072067972262,-89.10579768509533,-99.39704390492476
3219,-71.40426725086375,-86.28661772114332,-52.3982876389372,-40.822616109341666,-19.22462354107732,-14.28353242065817,-0.604626253015167,2.8446285836909238,-31.06779442105517,-39.52586262002868,-40.20352258129445,-36.25039495420412,-52.99986615836535,-55.16643856726477
3220,-64.23692732687128,-68.89831942297343,-48.11030324465121,-26.066775081655983,-10.145364931778792,7.4058602096182256,-17.97171892343099,-1.6420706995563552,-19.537593847657966,-20.430405389924864,-6.7413600619652545,9.38283402606882,-49.5503870840325,-38.1701362054598
3221,-61.134868122270404,-73.49072296166732,-44.675134543976334,-36.82625109546966,-23.447067889143998,-18.2118073819509,-11.202804419186748,1.1636197393584145,-24.59360723343802,-32.92583179206453,-27.232690759031005,-8.607915189602148,-57.363149531216514,-46.588297902513
3222,15.920095349850818,14.025687257533583,5.728790795044958,14.16351919729481,20.679230047901996,33.708210285801606,53.360725618639606,75.39146981713888,-9.02828476533395,-13.11178634463434,25.95245284449567,62.26500661421873,-7.7849081127265505,19.672990759808602
3223,63.266421575859596,56.836526884718666,13.236309548513882,19.579459823692417,30.140903711479805,47.372340269211385,83.78423998455655,100.89048045341421,6.685853107925549,1.2820229904924751,48.7899197282204,84.38355957285775,26.584019756490193,48.62641996969068
3224,37.209302985709,44.96575818074482,-21.65453331777084,-10.084975772372259,14.268242692171963,31.869361018720557,46.383382428754736,46.102198313861706,-11.27891757796668,-4.509302233271975,13.862948278885337,65.37159228275813,10.460097367539877,33.967783095132184
3225,-14.489640022497221,-3.642622869170824,-40.54173148733208,-41.83029049228309,-38.95037440461536,-21.077767537679346,-25.70952438535928,-24.066381431519098,-9.55884391742473,-12.421247893411234,-18.717714587288917,24.381806938343814,-16.09441412334693,-1.9097348616194922
3226,8.704411998427423,14.033658856819558,10.95436837546648,18.047339350349613,3.6525094118133956,15.252276101526565,-2.0001852232397703,-5.063973783779192,-3.9676042145398323,5.605377984557948,29.5112848936362,53.06274340751112,21.620643263634967,33.913329719537465
3227,-14.91151493583078,-4.232812413657638,-20.491074330440444,-33.168390560932664,-2.700855222194063,-1.7966374067815107,-17.42672253516842,-29.54107724235738,4.052076289142374,0.7935642861960939,13.085713032150151,31.62412694753651,16.825618865592215,7.45434384980119
3228,-61.90095315528289,-60.428758763750835,-71.16677631231275,-87.64988241163186,-60.55724068689655,-60.449159954274265,-63.88246229987714,-87.35582674349675,-15.365756564590702,-1.875325354164474,-50.46803348655975,-10.980264404969448,-34.19282979331544,-27.93867960720489
3229,-102.2370328394234,-97.4257288943414,-84.39821963988129,-99.02569564090759,-86.29254955412435,-78.67687654616132,-81.88406731673624,-100.30223091085495,-24.64867456298751,-19.32194400743042,-74.15428524747105,-61.90275875363212,-62.740808369311495,-70.02182324991732
3230,-126.7862080854833,-125.23685110662868,-95.64340420452277,-89.31357971382594,-79.87992372112092,-80.0277350567833,-90.0725490089321,-106.3162440150988,-27.466354358827264,-11.946798891368571,-75.91233714852825,-74.9447141399766,-75.97439934301585,-77.36694840927292
3231,-94.96421150877023,-98.66919193770877,-60.0083087741709,-63.994926300474866,-54.05598445167048,-60.92540211539741,-62.69184460981086,-71.41061290608768,-12.25577970752466,-4.281835959843487,-36.180658787000304,-49.23869857439859,-41.60101166492063,-54.984835879779624
3232,-67.77524786897501,-80.25032769040962,-37.06004764223984,-45.54922798024561,-25.51188671110759,-29.162391982221834,-34.63371772094555,-39.346439516694375,-2.849351089217976,-6.8085175285004125,21.608455700507793,8.222408368609251,-15.479464006128275,-16.56637161213223
3233,-11.659802621761775,-24.85785991223872,48.77191917008155,30.688261289570608,31.174324414965437,28.140915855153345,20.696680196274865,24.59375745660129,15.899615946596205,7.501884732708268,59.7819990928724,49.22642884233174,31.13050847269131,33.66904087433989
3234,-16.845671246572945,-10.312541374980714,60.27867322028362,48.416387700499605,25.236136713348547,24.89915627518397,21.67332955957522,25.02056387555995,15.177911421068819,13.218274180241782,50.18068552649244,47.34318352011502,47.39649907507461,34.17251413568473
3235,2.2272574553831346,8.697637903548594,87.35581952273712,80.29392909764667,34.133834453671184,44.15555191640289,22.076636885698743,40.22159424021729,23.72177613821994,11.552960558274197,74.94702254937987,77.28888215924214,53.26791166555103,53.20410826953435
3236,54.723058526914116,75.55072697811406,133.4025607019594,128.06878497022623,65.10592914581257,85.98958670219402,68.45364654114539,82.78233525915473,20.423227204620314,28.1947806482966,88.06564285079433,100.8193433418265,52.077807079786,59.742628733832994
3237,66.38242129577344,77.89611709759842,118.65364083693993,109.9525198110094,53.963975241386606,71.57734343482355,37.64102721822375,63.24732993194509,8.530040766970243,13.375736307804466,34.098116374514355,60.26814610286,25.51598677074447,38.66578425816693
3238,18.274984111822402,45.47191695484378,58.87014166860235,46.72286888006748,10.766231899115384,25.106428505649955,3.6274663536910277,5.887759295509852,8.018872464291539,2.3204062800512846,0.5034035725585282,6.51524178349192,-4.60251804624169,-4.928336056784615
3239,43.75571455767223,58.69479155651217,53.91268470691145,43.029242578714616,14.00909444237079,28.470530261526875,15.577271257788047,16.258187977702097,7.434385837984237,3.3746934808390727,14.95465007317438,18.777121268112275,18.820372994627,19.681057408853054
3240,21.771904829762526,34.03801047324559,20.82608170927033,12.042895598641664,-15.263497029256882,5.033541935213913,-16.902343837063974,-10.576916122053325,-1.5589677061506366,3.430713443186157,-35.80936217032238,-17.185878224441225,-16.191225978681977,-1.612424605930325
3241,17.002528620587782,29.810925913915906,40.40497781255081,30.976984378704245,-12.052670537147165,5.429151705987226,-33.02280199650772,-23.035797111066348,-5.856568344339496,7.6395520015703156,-46.48883418660529,-24.807813745708952,-7.345426312762479,6.734392319615227
3242,40.46654185946484,55.81567468237793,68.08397408436635,46.162065778800084,4.065449035905791,17.258833827011326,-16.947916839281373,0.13888089980407708,5.661431440252123,18.122368385105183,-22.607619121606337,-5.536511951680383,33.40722433405148,36.59677156731629
3243,5.958527684882723,18.323196677502583,30.78454945407707,19.32456858006825,-33.4025778968243,-20.721843558032663,-40.51145669509233,-32.72259864629454,1.9393413066066174,19.560596858606523,-66.76539601858425,-28.04984465996428,-5.885378237469303,16.677208620392108
3244,33.45940976283507,42.37113467179266,49.88286487078284,56.854372570509135,-9.604709964133704,15.015090536837745,-24.3464927593659,-12.95992429988635,-3.011249555138683,32.961475874717436,-39.5016638560459,-10.963853949016778,17.54891137207901,42.373850180768436
3245,6.2926165723702745,17.567395243690576,17.19055977864425,14.335991580359751,-35.749350457169214,-16.368532745822968,-33.186884342597786,-35.62484743606616,-1.3978528461397854,21.651824481718897,-50.21821506496138,-41.39339147596547,17.549279135690078,27.03497208136547
3246,33.132576571643874,42.535717609080024,29.035651745127254,29.81326194988399,-12.294095892898117,5.708637335457558,-5.13135348664076,6.752948452457508,-0.95445822331772,27.92987789474627,-6.86747742637521,-1.594654533353095,50.37453222675787,64.38867255423585
3247,42.04067121798731,54.23770820044751,23.205430033101337,18.615813406350735,5.046147701253811,13.604112243742973,7.971781589764844,18.274094951003494,7.323916841102715,22.49670911279565,4.949693779919075,16.235716624674723,69.08068497959387,79.29495757305439
3248,27.274442607448954,39.92416254889986,3.746610723980595,14.990594063244647,-8.418723338124362,5.490590327128905,-1.5101036970745363,9.157906166784873,-1.4823807724141342,21.843840265027893,-17.93957961157059,-9.590281004590219,55.65523554944873,65.32670983798043
3249,19.31091675099388,26.873570893178083,10.791047295167422,15.801110394807711,-5.07821833759253,-6.183916696618474,10.410391820505867,10.348716980511341,7.173657293911229,22.829366079365062,2.9128714844376864,7.287878959210634,53.07656495880063,73.37888247481924
3250,25.60704151484573,33.094669493408034,25.92923001229578,20.078495019513955,-11.54208353851117,2.5301536808966327,8.828468046845217,13.88986434928546,5.987455532558006,16.375983957926778,-10.194868774041542,7.568037583246532,53.36224301358671,76.79974539118008
3251,20.825572335295075,23.32457829463131,16.13370900538818,14.0025955626123,-22.590218790569256,-0.3851514652420178,5.600811001055952,12.524268515006636,-2.7311198334100006,16.418562943976543,-23.328477754460206,10.06672472321952,38.579271409930016,74.496832703744
3252,-42.1985310085477,-50.3838586485553,-31.048754460318804,-39.228694355636904,-74.10379600527935,-55.64201866188818,-57.3345043243021,-41.99627432257298,-12.619080372305191,-0.7305091705658433,-129.42726867690533,-82.51547352043434,-16.430757251986208,13.44124091701617
3253,-43.22210696088925,-47.29071201813053,-21.148424492763976,-32.62632327190073,-70.64905101730692,-48.78868113817632,-37.04088380182441,-39.57894802153319,1.152971040153978,2.0667454256192763,-96.23097950037683,-62.78219825153682,2.114259506307388,27.40489541503967
3254,25.052598758772277,23.121103179098082,17.949505447785842,7.202005060883523,-7.209135365733975,19.018015163137864,8.751812870673131,12.761020327678153,18.66500242321133,28.180129773833038,13.110543864926777,34.50770867132326,71.85188891548587,100.35813604663696
3255,39.16949385691228,39.51658647038963,19.53175452746539,4.057321539312099,4.794500634084391,24.784505703880377,22.017046991144984,23.14316166843017,17.599917126131064,36.45634949485651,11.184116792049736,49.537623156352616,77.13907157021379,113.63203497235455
3256,6.397798299476729,1.0747232033922274,4.865594429775817,-6.186884403114538,2.1267040275718343,19.91544211123046,13.054125809950376,12.85025789009892,10.151687294441649,28.99172289950058,-19.73066536308921,21.61615560350387,48.64688076355553,78.13419071130856
3257,-56.92639665675548,-57.68553795034087,-29.19035293992171,-44.701053669075954,-31.746455471423925,-16.81387750286677,-34.031443994132005,-52.41077006262567,-10.340971920382804,7.589619364555756,-52.91372929582728,-14.293419670046282,7.209757503341408,32.303476890794265
3258,-33.45256509536499,-41.813947383290184,3.466827515848795,-1.3609722867820504,-5.468869396868871,16.24403718487273,-18.035347302551394,-35.82881099103499,10.85218723360826,13.76467496783078,-23.037870924862474,0.6657887760619285,30.380270049440444,51.48918483600412
3259,-93.17627852878107,-99.6265336688685,-39.39411946561891,-59.1476943508697,-40.46800740690861,-27.921608123632037,-65.17373244730848,-73.02769709260112,-0.4808551382748287,0.830467664489924,-46.25159240125819,-48.14157670901031,3.875480839857346,9.774999921658559
3260,-94.89421876674457,-108.03887180545962,-40.3056884505397,-49.40532836423236,-44.062358902593346,-34.487860756162284,-75.73755147042719,-69.71444793637781,7.277039010872488,4.507833943457074,-26.830071479742024,-42.380358080631105,17.302904748191278,12.194381178580983
3261,-3.5894455239963654,-16.67920215022126,27.819463738929443,21.364555310963944,30.96225037549921,43.30247702147999,18.830105717882244,24.378001119198803,26.143100280384317,11.88857528648021,66.09855529553107,36.01309528167896,69.1456382182509,66.11409720263033
3262,37.95854713150096,20.52961003081422,77.31935219255267,54.87101868211306,61.82169327633184,57.21666334700755,55.761561290790254,54.428121516966065,35.727473882326386,19.940712332692627,81.13586582373755,59.425602101511814,99.50953017328052,90.71637446170861
3263,6.927815914157626,-10.665419216181053,33.27222580365362,14.956948242370874,32.825886800673345,24.67724979381188,32.21103548816979,29.087665483793188,19.078558312224796,5.782831410359187,66.13983207162349,42.30190708018979,77.99104888624389,65.0944488334154
3264,-16.40859673411299,-23.729263276263385,15.973079689776474,16.131222160925812,14.34691917453537,22.50907080801092,25.230268386242383,26.49323685420547,5.066380206668792,1.1540041253706086,32.209977200866874,25.89286142837724,52.8819415158229,45.0130852880078
3265,-76.54524378501955,-84.06027600429668,-59.490936566380185,-67.7877285669216,-36.91823272843368,-42.17647501215159,-17.315204945964638,-37.58928371056932,-1.8732019502391648,-11.852839497587382,-18.694846293766016,-28.64170710480685,2.0265032699750267,-17.702611648416397
3266,-35.71799935953105,-41.8295357968155,-42.34209705913062,-36.95403346215421,-29.898107209086177,-36.50837759324415,-19.881258658318366,-24.176552724875062,3.2501459467696017,-11.440731143493103,8.882185376103436,-4.574465692086223,8.129949409500139,-15.966996713685136
3267,-15.068612222431575,-23.381470074540324,-52.14124461798815,-51.860508878405376,2.6331486672964113,-14.626997598317825,-10.249920712179804,-22.347163898638705,1.4588591586312967,-1.9374255235733582,28.05957233298966,11.890500032331559,-0.21620411790542485,-29.4312320446091
3268,-32.84218943732567,-40.09731298753254,-59.77647778825778,-60.35281587655297,-20.03115941331005,-31.642352108435457,-14.188667786637273,-38.60416842171956,1.1825709812820444,-21.45046265711437,7.370445562302795,-8.796899013330929,-33.70284729447583,-55.45717418589386
3269,4.206066405314443,0.9359651681794543,-35.41940912419749,-25.939175209260526,13.458564915460911,7.687587218290657,29.139131873507303,12.334573704770001,1.4506639623185276,-10.414613432353132,47.325962592121336,38.71527167723939,-19.44445052850086,-30.943750686369636
3270,18.809952098793797,6.196614984514157,-10.18036026908526,-4.772803067482707,45.91917472200521,27.698102015982066,57.52364173994613,41.916271114925415,4.925433093874361,-8.944777729194778,63.04592971487688,46.70654878221715,8.167856907582255,-14.008819732542731
3271,-24.810753784506897,-34.54768774079858,-33.17238320656461,-41.184382685130444,-17.549824017144637,-30.033755275683866,-10.31883076427876,-24.967439695338868,-12.176159287115157,-10.064973955626105,-3.2811917946648226,8.309959687801815,-31.932223317272456,-41.40766379643053
3272,-49.06779528672944,-65.83394735941262,-30.77053273976514,-29.71925153124371,-29.628723405171854,-31.995828743625648,-16.72515690867145,-26.522110660586854,-3.9367500306230485,-12.175378412079311,-21.34772217321874,-5.685684505089299,-33.67291968585568,-39.40002250587212
3273,-43.31481264690692,-54.842009494414846,-37.046364631171386,-33.9352745070516,-24.710223950140907,-31.426092745653055,-0.8535267109182045,-14.099562847072557,2.818091266427294,-10.033398452868003,-23.603286798445737,5.223717856582395,-13.705376095085635,-24.39228596821065
3274,-17.381745556723892,-23.638425380152,-9.328334169931333,-15.016045407221117,-20.000968306736787,-12.561787601805309,16.399980532416276,20.26854469527191,8.35580805161859,3.2765901625925293,0.6537998782630217,22.977566341909757,6.314403935042053,5.5360325650230555
3275,-4.87427911105147,-13.773641760119,-16.076771868033184,1.9334955043131417,-24.189521104000583,-11.235830650369937,6.03756314563911,19.005363602121058,-0.32072093905163407,9.436141425587984,-19.447434639155574,8.11397403584447,-1.4600254120925773,9.671003759241838
3276,-14.271516202124262,-18.34528050216797,-13.823119518962812,-11.529923352348188,-26.66187659815139,-14.380439210304951,4.853437664034837,21.58156171021667,-1.9464260360888037,-0.34624501652076045,-26.33489505342778,-6.830489087498896,-3.577783943026474,11.771311267217827
3277,-23.622376492656002,-27.927461201154312,-20.308299955461724,-15.761614200510126,-19.93008717663214,-26.994416026432937,18.172667594786436,25.33447283283986,-9.618663033556006,11.04516267252978,-33.216973941413926,-22.257817903838784,-11.94713809420787,3.23386950642455
3278,10.475418332996377,-5.643928622030385,1.092501028025439,17.688310809676793,-1.6859417266271475,-9.893719178499536,44.66822211109104,39.80615429453086,-2.517735867242329,9.995308971624315,10.51672241435299,5.681139473530754,10.080002873863325,16.1739841719546
3279,17.430310741338204,11.472261285314536,20.567950362267734,29.740202954380635,12.25717959852643,6.3408870772616215,38.61227748601687,41.19658810899342,-3.7539558568019813,8.050519494598667,1.4487252633311516,1.108819478326811,3.9173432783983873,12.718257243185521
3280,42.439859139175866,39.958321740862985,14.351758615694328,24.93780812213323,6.7180353266149195,10.3414401747185,30.54812433581977,48.438577312510255,-2.8410701017057893,7.7087198022703225,13.197334946442005,9.496240117227407,-7.060649872620976,2.390298869303126
3281,48.62079590314338,46.22936739679439,19.487530647535422,32.17763325934614,8.93374380473248,8.505290342624589,14.532171139848332,18.37446525600706,-7.213938048921509,6.7029046343363445,6.953701912928266,5.206695137109579,-11.198435491742181,2.0138589139370517
3282,58.951092301607076,58.177529731286306,28.301101025275518,46.224650058687146,12.682798858843661,21.235517175227947,38.53077776821128,49.44648226559738,13.316805142145057,8.966664614580907,40.23287967354682,27.17911410744857,24.156615115255015,25.58733397273086
3283,27.52801174016105,29.15185588189568,16.9634407049203,15.390796722858266,-7.898015320003353,-3.1266782675598703,26.79206254679253,13.354790067343979,7.652896913571475,1.5825247251034509,14.318219268328985,28.930267523356772,4.205869393157439,11.07948352804809
3284,-22.208406416366174,-20.44040679981064,14.909731927982547,18.48302445822277,-11.846582943353901,-15.295081057882724,-12.98033401140212,-11.796136961481475,-3.712188795580546,-6.67712897723238,-19.666723237028542,-12.412495328835055,-20.205462481355692,-19.69066131765476
3285,7.062106675776731,1.5261748897699314,59.93310553481597,46.943408400237054,16.44766473052211,-8.474462247511834,10.218127858458704,3.681271250460859,3.4076730905129757,1.7833195929656762,5.411887159085479,-9.7236772209964,8.918379998964443,-6.694683095037721
3286,-21.401802373855578,-7.7248326063886665,38.95645346548324,35.57504205844797,-4.628138056037425,-23.338079128403624,-26.61495382019014,-27.60257956369575,1.2043537794987407,2.2416758096832003,-54.282660760397206,-56.824786915971,-21.582235587502126,-54.62124202175857
3287,-65.92395948889852,-57.66776441669229,-30.133850484004824,-33.8732092063038,-53.304240157137876,-72.00604932775421,-73.99443406750466,-85.13268182644796,-10.442955008773803,-8.251955636294952,-109.43749477402416,-106.8376620663841,-65.54282836142762,-82.66239801133239
3288,-61.218943341045296,-48.86090420719234,-11.511198437025712,-20.14106896071386,-54.29200092915487,-76.48318666510275,-84.55378801545035,-89.82373108929502,-10.610841751209508,-17.715606387333004,-130.16954033591682,-128.71982567151267,-69.01241483329808,-91.1814304814896
3289,-68.93718298935242,-66.80152600449222,-39.9184280762536,-38.764855541022115,-74.4144594611021,-96.34056720544109,-75.17328131398911,-75.27000083647134,-8.484926167092524,-20.015827716347808,-127.59988498491028,-123.05551488070539,-52.119930512298616,-77.72850239973617
3290,-15.456792340722785,-14.949334681995998,58.525248807877084,44.171024560960994,-15.193957736004965,-35.82570550244679,-11.714155472370336,-4.5464266120085455,5.070848565039874,-6.175375458488964,-60.66368543473374,-72.00704951343424,8.26577417312799,-29.625200901030254
3291,47.450609234017456,47.47848380024611,83.76495431942816,85.40056472509394,21.94451604729896,17.166205290992195,35.290746386269106,52.18731479570833,10.07892026681654,5.450211056030477,-5.643297707702429,2.328069916619716,30.597028836164846,11.243425084653301
3292,93.9302062901605,101.13904018612055,124.83192105553904,119.47967926936201,78.31825455027683,77.2877518178889,77.883345979299,102.44193840571032,25.928786958930214,12.816024385073066,52.79163477606418,53.5931598827431,49.472932472752255,54.27575355242604
3293,136.71503730051379,137.98796970166586,120.26966919873227,112.27076853595462,116.41670977132988,99.20064640508011,107.8728562619095,104.2555682019416,16.567227296309632,13.696128840845756,108.68418595049594,91.31286900580507,76.51302148584509,64.308965211227
3294,81.51373002301654,88.64915739399537,38.01417533665296,40.91518663773708,71.48999852396787,59.164655379396905,52.04177499721866,39.41558163767335,8.33162251258556,-3.003792281915158,71.27888489014124,54.43543805968247,31.666115045604347,13.28316421669681
3295,47.890457817011814,56.093050732020174,-3.901896149194119,-2.967117661870967,29.118865875584753,17.042493239249016,16.438371073978228,-3.46151822469814,2.7540696726811027,-17.623072327047147,27.337296359681297,28.239262361264267,-13.371735706804536,-24.161101321141643
3296,-9.933874733151198,-3.6374031821946797,-34.09908336830522,-34.097375190493906,-2.408335627927575,-2.5659983471171857,-36.405022657428326,-42.05388603693042,-12.382530661741216,-25.22474209449682,7.665750687199525,2.9238573709950737,-56.601093313381625,-64.10498521738462
3297,14.755598965126605,4.520288665077414,-27.76076718794818,-25.7796905530583,21.21304436707831,14.015195398341556,15.429406635896182,-0.5298664547848048,-7.269775794748483,-24.124108870260756,35.93858091653257,35.30235300682804,-27.10659101450313,-37.66366153707585
3298,11.56030919888542,8.503310782413767,-14.268521119223841,-10.587101580997173,27.647073489645784,28.37942407373424,12.145088989859401,-1.3935554549273168,-16.47624305011102,-15.285973741136145,48.761222990687244,34.67862996386098,-31.480775753447652,-39.468583850805096
3299,-17.908844358239225,-17.770438431700697,-14.125067380167607,-23.7480589705057,9.575869655821391,4.064925712346037,-1.3276707165523995,-22.58473170461993,-0.5254001506159577,-15.983386920781621,29.956914631256133,-2.7096526968984156,-38.680685582191856,-44.34115418332879
3300,-8.373370634349648,-14.682412197406547,6.056383085760409,-2.510179572382418,28.63505605988049,14.846164681567837,24.277498726096976,14.046601261524149,3.294537881192815,-8.609303682048221,36.44609728446798,0.9028725663965168,-12.998982757855064,-15.729432616620977
3301,-11.966868735281986,-16.946530978385002,-15.340133802012703,-18.09631590195265,29.168288151780065,1.7021827633528759,21.34645319115162,6.5010845625409726,-3.5749457703950878,-6.962272121556431,55.89041804342439,10.265434755129538,3.259676616974969,-22.189491665477956
3302,-1.122957614930475,-9.342062129642152,-1.3159758657183365,-5.177798069165424,28.618158586370864,11.232990732643058,34.08368550283682,29.229326236690518,3.4800626263448873,-7.614956243290076,26.793676763863143,-0.6709342276737704,10.317667390764178,-0.7818872953754216
3303,-17.57346997145383,-11.616916867066095,-34.69378683899221,-25.848180037348914,15.367350147675179,-1.0538611215900235,6.810114798881967,-6.873672867563528,-7.064398693851397,-7.509178953153013,1.58991801208999,-31.611400976454338,-18.322505703794437,-24.73370810669115
3304,-19.15119876914304,-20.309793476385874,-30.368682251435022,-35.43653337875672,-0.698013237493802,-13.084427898140364,-5.420577992226867,-12.216853468268322,-1.723115713625311,-3.463359175021673,-20.532822169825657,-51.9867200992923,-23.522052903160475,-43.553712287261554
3305,-20.850304873391483,-30.73912835100947,-38.515581290872795,-42.47413281589006,4.821490437632496,-20.57285543218492,2.8552825180018124,-7.043592238872515,-4.681424847644374,-10.157995863381274,-36.29208234344321,-54.31975787655895,-27.47365266346045,-39.73925437944488
3306,-29.404338978335108,-50.070005955291705,-44.7846597162113,-41.78480527862234,-18.70257433619412,-39.45496720700231,-9.003029927903421,-15.05562514442127,0.4717704421365146,-1.4386728417065426,-53.54329657767412,-61.719991611817214,-24.932863845241116,-39.382642100713916
3307,-36.752732588419484,-54.24366777536751,-26.591443372828447,-39.2561087967203,1.6112900576436378,-31.033030011263047,6.553617065208804,-17.466440045655865,-2.0173636400423534,-9.776359654664025,-45.98607418043042,-64.2652772868093,-19.15921756112829,-37.074821586888646
3308,-15.214850465282602,-30.444720842510662,-1.2770780462443767,-17.84918955868776,19.332644942057307,-3.151283647934949,-2.0520286520627766,-23.642996615628284,4.1352864445669875,-0.6304750796596927,4.7601601461039085,-28.077943559592825,-13.585454883569712,-9.066934969903208
3309,-21.714066728023155,-46.22816763117298,-12.373770289731615,-20.55892107514582,6.206724040914894,-6.96245753561905,-3.4778095662634914,-12.77879178328243,-6.5744008448577445,3.7070850544221647,-41.97596053858616,-41.695748410860205,-30.72370843638419,-21.952470926885848
3310,1.0878998274201954,-10.789405037703213,-16.567420034205323,-11.295112729606187,15.211500188443587,8.242047698012493,-3.449422358025347,-9.87552388419785,9.436582848068022,8.103239973146202,9.49207629117912,-3.570427822779494,-5.519912996165683,12.48443576919716
3311,-23.92590332938907,-34.06350827934172,-34.730535257882664,-32.31108853280689,-8.194008596102746,-9.501722994476268,-46.273855982480725,-49.94237425183946,-7.288797332679297,-5.146116264388554,-6.532429115864902,-15.441705437260048,-15.860332614137215,-8.288667256945988
3312,-30.68948441655256,-32.66150826530422,-20.836967729123604,-22.01871538532006,-13.887685217087203,-9.822426417189927,-44.159925668179326,-48.77542137211938,-12.964184586477927,-12.447358711351729,-16.425895079006743,-17.054496669755746,-8.865124941265107,-7.815772061902347
3313,-34.11953114391852,-31.069399571732365,-15.185862347792996,-28.207236988925697,-17.963143628443916,-27.25553457969826,-34.91951369431929,-57.51388920895239,-10.843373509778383,-2.0931449780206166,-11.025616077706927,-18.595276209336948,-3.7311812510506566,-10.605465446101595
3314,-30.604570579358032,-23.58965180436842,3.560194080118537,-14.241081491764657,-21.284484205562237,-27.80329407772225,-51.62054079054587,-65.13826816470467,-9.635772612419382,-10.943516426288431,-41.79895246944971,-42.72741424869108,-2.3623567337722142,-3.786698042056726
3315,-9.940525505824944,-3.9176442753923957,9.81690460251563,-4.885083946697273,-28.9692458318766,-33.35020366640362,-26.456415372700707,-46.16408219294643,-15.425511174451245,-7.314467399477386,-7.428830657580351,-30.47909346108372,12.204607263511962,4.2716887752128665
3316,14.76227587869099,31.25176732118591,28.40012612608849,18.06474725067355,-12.308210130562971,-6.0714153623973095,-12.384750147832538,-19.540221686478915,5.740482315413721,16.68108675655205,10.4491152064961,-6.685507367017353,39.025638938204544,35.77653807286149
3317,94.30779556054232,104.66565147889949,53.245054056098034,32.25104482807494,42.893178653408015,33.866188685552224,63.147166514256135,52.492094977083255,10.220978068560205,14.345248973880096,87.5623720418654,73.46315887887916,89.28290078581706,86.36271398840289
3318,117.89490496024771,131.9729981216295,72.59927133169272,58.54953411703436,62.29201976050312,51.36925102326457,95.94948210490388,77.89964572795267,14.25889560937342,16.04904613952286,110.52334004371548,93.23576193910952,109.15850901381366,105.55934259193842
3319,84.9068237122471,93.65720710699642,48.1323795402271,29.78214945163207,42.652858878096104,27.389232567384965,60.27629957850798,36.23402649654955,15.000509134370626,9.91446404850371,74.66079367959848,72.74716835512453,65.50343427569128,65.92128910702591
3320,117.43804120077675,136.24072169180158,92.3544007841872,87.21477177794401,88.19697075547637,66.92056625516192,101.66530180569262,84.78832720181545,31.930933061505897,7.426551652892998,125.76729407173391,102.63873968695101,78.51291649616785,81.48361592758337
3321,123.97997082352663,139.2330042251437,84.82668180788119,82.67869352858843,101.18264189271358,80.17856148890668,97.54353595219403,87.60063441119395,19.603470813433415,26.200990215013128,123.63722767628289,99.61519304136448,62.97058376572174,63.978998666083314
3322,45.099194425200714,57.31833081652476,10.391325888591632,19.118504093340963,40.56431853615346,13.378266541422986,46.44492845799895,30.127875809262076,7.0135674441980305,-3.4584425720786967,54.13382785991649,12.87605847108279,0.6406422410003751,-12.91966097153553
3323,23.850450769238613,40.47630395283658,9.781801174863338,24.11835753370856,22.567010699341747,0.9413463550887146,20.77260579847524,20.26546010396104,4.085960713891045,-5.103543268742462,9.522521554734627,-14.442028028595994,-19.70536992507304,-26.60807349637523
3324,35.67609257435426,49.11595581012025,12.597381629216365,11.334534419144223,0.482153607415334,-12.810190032848743,15.512935466438972,23.143381678317517,-7.696939541458634,-11.515838657997701,7.46116116979648,-20.61145511249346,-21.206476319693486,-23.50981057776328
3325,34.441295466867906,54.957750528335254,0.40606356412377337,7.377795853456025,-17.84203979889973,-6.2853892372460525,8.434999711229768,14.537685442094318,-10.094060909168144,-3.7001363263889075,-21.44065373095531,-14.965296010653681,-28.10481142154066,-23.534520856939665
3326,22.865293489592368,37.96573213023374,-26.63302321919311,-20.91359367722055,-25.662863630092605,-21.111634018441528,-7.909672632833204,5.609166471762059,-9.606674738657276,4.8831002840340325,-38.6631813680684,-14.806994413138312,-34.478450283148646,-30.179337834742444
3327,-11.510628772778924,-3.163846988914946,-47.90278268707297,-42.60168489943547,-41.40961404791644,-35.30396084792466,-33.04698302807836,-25.28509090027852,-10.89886086761716,-14.189464093076781,-61.603001498581776,-39.14085653418374,-56.46693318648496,-42.97076417366915
3328,-2.422221922868474,10.422490714159116,-33.06842678685931,-33.55977168545963,-11.16820487043109,-13.540879150436135,-19.902297591571063,-9.241992257323489,-7.302084425034747,3.7108782805366074,-32.33199354144022,-16.921953501539086,-16.679609337819127,-10.970332000944863
3329,-17.87307474469084,-15.920400390581328,-23.24065338576935,-30.566135122776625,-4.529651815727377,-13.149897789421791,-2.185202851689145,-2.322957182496843,7.4878157315216995,0.051160158581031734,-23.511331851329565,-33.8943233197627,-32.499891812669865,-22.902948013809045
3330,-1.5507538919905857,-1.850898504794782,8.57283938288519,2.222035335608483,21.695629721618886,13.692143021092416,6.535055747617185,6.620807796908894,-7.020881269687656,0.4625162966736305,2.0018091439605925,-6.198928998354131,-25.03434187719283,-6.370388090046259
3331,23.320391383895984,17.426820293566564,11.386249992017616,4.5677398313351665,24.02502670201469,23.559843587473246,19.390792741404884,16.577300774674747,-10.713228163737101,-2.3948397974998574,8.461728407527842,-13.703290249161705,-36.25792004631838,-8.598490665283363
3332,14.507029135632552,14.484220079553502,5.507758227480186,-5.640066347461685,26.614985960287783,22.85410747456266,16.1819606611342,12.84059606648268,-16.012835565154493,6.286480780675392,-12.844926011562862,-37.66689496376999,-50.33257008375511,-22.810144784467223
3333,28.26623202367231,27.97503284225223,15.731724002751767,3.4223317805125224,21.70458412041549,21.794348293030673,17.06951974638511,29.19910154423693,-7.919351329168614,-5.209347414626295,0.5107920335084581,-15.111314634355388,-30.544137712467222,-10.71984995956284
3334,-1.5974801960077378,1.5908433849813313,-33.80382188163714,-38.18507349821379,-10.864990508716861,-11.217407015944092,-25.414483319930522,-11.649917916786034,-19.927464044742567,-1.31942525739144,-29.94668107092388,-32.485705113564336,-56.54685312357165,-39.28240026630099
3335,-49.468577001226386,-50.064504319926506,-58.466208322210996,-62.26407577042865,-68.42506331509946,-61.532234498363486,-73.12490535805102,-63.16354230150152,-29.650754999048065,0.44307531092171093,-80.3102248639523,-73.47212325273416,-92.72658399831175,-66.98173436228184
3336,-12.792546128639382,-0.7353996275655996,-29.603912775683437,-30.48736747630384,-32.24465664020706,-18.035675807058233,-22.67547526779236,-6.5323438017115905,-19.06277015777275,-7.299049487474127,-18.609685470249755,-0.22602142122063423,-41.37242281701012,-27.55734483547881
3337,26.77229498690435,40.6550844592842,28.66060450874528,22.115973478687764,15.489898657200458,33.54547409511647,20.654903139425727,49.12776929838334,1.5061803516207075,4.651766806409,-4.331794239306797,18.08441321446115,-23.163199782438326,-6.17878494402595
3338,19.037167918307578,37.32393329866239,-9.107786026447775,-10.659852019231387,-2.1874928472962933,7.497912453379349,-8.196904669880267,4.256955884987143,-19.652387089282026,-14.572031376731987,-39.11733142369467,-12.977128514881269,-37.65718389143553,-26.807202139868195
3339,19.1722540641731,42.25087280274252,-25.026132716399804,-21.034900433384905,-23.63501605747949,-10.457803224551288,-38.58135740799351,-23.037089271584705,-8.455132499843998,-11.111624774291446,-46.15807718959397,-35.05340929692849,-49.33947747685916,-43.073860730675506
3340,37.687081327087355,62.471558623755506,-16.420947674095494,-7.541033880889538,-25.590713803442657,4.513724434096118,-31.813706757125736,-14.003069403670642,-18.25165508191797,-13.991447060135775,-65.45977148407776,-35.24691549479755,-37.82662356916406,-27.353682719594463
3341,33.04900396042572,73.66954759503496,-50.59754436825275,-48.21170940492651,-28.988893665791963,-21.20211771007373,-47.31907612105971,-42.05308359581629,-17.325728893748458,-4.300611520405691,-42.83068852463332,-34.54182568146331,-40.540011545250735,-40.46978244252057
3342,27.180428522846498,54.12035640655103,-35.38534211679488,-36.02674324779258,-33.63359660213255,-27.55338812662663,-37.27086521959718,-46.42659137249811,-20.962208241209254,-3.9619714948362836,-58.81188497043071,-39.05747733398784,-35.55790532281615,-32.31904339464603
3343,34.403152640249786,57.39938708458318,-25.301876291262868,-25.251664566420235,-33.349425863292836,-23.65168095194273,-40.55319410015919,-42.07808053890126,-8.367559821344598,-15.871902775203194,-47.796952453627625,-29.546837255308997,-27.68265840090929,-30.310627019131346
3344,54.61738795788415,71.08178837642501,-19.647782508444255,-7.652290351276175,-16.538927274689815,1.6008916089921175,-20.56300359220017,-10.097890323294152,-3.5299029819711065,0.4416349603874772,-24.298462341803955,1.1671898008026262,-15.892630390100852,-12.781093848022472
3345,102.45986263297617,119.13849125109284,31.347783161187365,31.135841232038842,36.20708894959327,47.88494425518579,43.10541877298978,54.46388260024405,12.38565117377235,-3.788771820958061,66.27450908628055,76.2408275912946,43.334151442368565,48.1841485620784
3346,150.04642757195057,153.31434248180673,76.39853301389321,73.753281257701,87.18103081375698,97.60891215808684,83.09580453163811,103.11911383990086,27.3733243913446,15.745053248428444,126.0947666491895,127.6221486542989,102.39580991936744,102.15981728156238
3347,128.84930819533952,137.61026669895358,46.59831185160612,54.4758661956961,74.76230213945874,83.58172265893964,57.726969343673495,74.3165960120005,32.24285681059573,24.801296867551926,130.34883496555022,140.0684172688157,92.98787265909226,98.86408082736877
3348,102.34016815867932,106.12806060306521,31.64331272797939,38.940686849375766,69.94332063185306,76.6226711467759,41.95685277308495,43.499134261672864,30.577404061753715,19.3348716959173,103.7062518029276,134.1571260652124,84.83947510103894,90.04728906240986
3349,76.74875773949344,74.87996828173912,27.56443084160708,22.77264225155588,67.82984104777111,62.912451106480624,26.78395145995224,24.573173128201255,18.22255068944364,19.614949009417778,77.22896856777136,110.73056582132473,52.580894072863885,60.066430039904866
3350,30.26006988293254,27.947559351156773,-6.874749959596382,-4.571834598947407,36.787521757886246,26.038819834179883,-7.881989755647077,-31.610635638920492,2.042742093909999,5.7108387838393675,26.070881663869024,36.68619693830041,1.6733598419943516,2.79696169895313
3351,-21.690872808433873,-32.29594537634661,-15.381324846005144,-3.7330849367186527,24.846782431612006,15.34386321367329,-31.777901374112837,-36.85351942124787,-8.974141293843054,-2.9102843796315345,15.861103979138406,-0.7092419501822749,-26.53279421440147,-33.90818319035015
3352,-21.941060087457874,-32.18225851458548,0.686252605733675,11.744615670239119,52.83082151204753,49.099616765419334,-23.198846331809968,-23.270152766592737,2.7862279533013337,-11.971805943717175,19.33893191305923,0.8670194392907631,-23.19799830510667,-37.59702513537087
3353,-22.984995907704658,-11.366819972272976,-3.2122400363748866,36.93209978009943,27.399032286193126,38.42033663907033,-22.61960745904265,-15.73121671582856,-2.2992889778236756,-11.243739454658163,1.8579123073510146,-29.27272598632082,-51.4952687594569,-66.2134322461622
3354,6.104426254007851,17.611598012963377,8.833833238055872,53.955558784372066,48.13360432716761,69.25718065594468,-4.870752264728812,24.12723136601202,1.5138381457003682,-8.74514374266089,12.216359268080861,-13.048958075698788,-46.23187704790885,-61.56943680010145
3355,-28.154308944910653,-11.431382072359298,-31.60920919447648,10.147929086828135,18.564452971561362,38.78211887949393,-22.06201716360254,-13.084654829059255,-13.807530889967838,-15.704072969688259,-12.728894043523049,-47.86441360930852,-71.47521461675113,-89.78775708885085
3356,-28.45301509152701,-29.45408557344706,-6.932909567449937,19.401260222695917,17.644712535473843,28.26408494612892,-24.072411462165856,2.9147282803603365,-11.729974165308915,-19.17638767205385,-30.589763059300214,-45.776653402073364,-66.07042869138162,-73.13842677351548
3357,-34.47149549639841,-27.285584024418448,-22.430471639532,-1.663869250494423,-14.071240597313658,0.6991765564480684,-45.90155936992467,-18.247725903013723,-28.358129475779464,-24.12260048945319,-61.465074288885255,-72.45062465323758,-87.31861131751816,-84.03895349160281
3358,-3.312063225358062,2.3135024235993065,-14.589259254446423,1.8807554651518177,-12.026701594811392,4.822918784099959,-21.330601169910306,2.0304866293536423,-13.534194367820755,-10.612399314212308,-24.695196221395733,-38.64748786507615,-53.41896251402424,-52.965224737244604
3359,9.269915302697724,21.213661842174666,-19.98496053842898,-12.57745868187814,-36.46581690013497,-16.215425320070068,-41.2116604297032,-21.563119143298422,-11.553918567114225,-4.889574924906449,-42.20388293718367,-38.51551011723711,-34.0007513858772,-36.783472652645
3360,-5.221037496602412,0.7353357183457268,-31.937867141931164,-19.342001711184132,-44.930811485991455,-29.186295966407226,-40.71546321654954,-22.52491984175661,-9.278715906509538,-0.5989202181154583,-41.362721392801404,-22.956127327000893,-29.52209289083673,-17.836530226629222
3361,-36.2584626937377,-29.340715458970546,-33.502860641831184,-21.949309129490977,-28.055019869169858,-23.87400930460297,-37.492048991739296,-33.275977462550635,3.667027168611759,-6.433753477828192,-27.87206193094879,-25.960993446869736,-17.698806176908356,-9.325666338122168
3362,-39.1638199705937,-38.2132030880115,-12.950910302681363,-10.87913847865476,-15.93631346911344,-18.19167413464234,-22.907448139622584,-25.315088979335307,4.804967751713416,-7.032141591158174,-20.23390712045577,-17.286422310570313,-20.710822704538504,-20.53302128630636
3363,-26.11792698701656,-25.06955497293053,18.278714535889947,19.19994187512808,-7.829224000267104,-13.958057806985115,-6.623020498401337,5.600835047817614,7.162398037887521,10.962205926481932,-4.282065211586037,-11.69400252392226,4.382196673650627,7.016368092336387
3364,-75.78985971653846,-70.354033587044,-17.969661832112788,-14.034313119876513,-39.381606803857736,-42.69772115628757,-41.85140416185151,-51.62608870545025,-14.243089480136078,-6.431348264769641,-55.12861085428214,-44.23968865434558,-40.28603012342167,-42.045381937896316
3365,-114.72016081901691,-113.01024577253003,-75.58500363154918,-74.42552245357439,-84.02163750151271,-93.94729654622176,-101.75801000190945,-116.51320866124361,-17.828267569852443,-7.222674771511069,-96.23966991172465,-92.74886508795824,-76.83367379675889,-74.7499630092615
3366,-88.9267959062197,-96.68355688169589,-17.305624129946892,-2.5270762363501005,-67.85826674294839,-60.39992832375877,-68.64503298262328,-60.631688180727394,-12.633132079681765,-9.300179304920237,-73.41123356944459,-65.90255860858613,-63.202648163628155,-53.12118080134828
3367,-55.43958669283005,-70.00506351641808,6.999992035508758,3.168911705749896,-33.81980061582197,-36.694005933000895,-21.265888632955004,-17.998757065534218,9.72671803287864,3.0848868288564457,-11.894456184413967,-4.083152597715878,-17.97152859951054,-11.385951599824983
3368,-27.396232291141573,-36.286027409115846,51.96600358438334,40.62834359758284,21.884349522154032,12.273154308895432,14.215036730413479,12.350827131174475,15.084532467398196,23.228725086537825,63.337948501675974,46.745818331066644,22.32918367052078,21.027131007267386
3369,8.077700992070087,-2.4591669226059447,107.99951617701497,98.03225312907796,64.82638242640861,51.2547424857185,55.28582592988449,60.19444228368868,22.82615451842805,9.11082537909459,89.1362177278439,64.30913913074369,40.78381839070432,36.77467050895137
3370,12.085163461145735,-5.364716366136929,76.06751913217767,80.41933509506566,53.25346288980383,52.90320227304822,51.37266790093524,68.21675472110742,17.481402188338205,5.091399455819063,58.23081819014934,39.18143860011541,21.073422156232905,20.082876362854304
3371,62.38306045164836,50.583200650136696,102.68204278409881,98.6819270485386,96.6524138920216,93.02351185490552,93.54987006644782,112.56327537375589,28.26534244446155,21.44888482429925,109.19491058531305,90.0555535867565,71.18058922134918,64.1449177590881
3372,72.7385402365656,71.53350023622235,51.73506761600197,63.72150609522205,83.1088810890625,86.41470408674182,73.91227986442564,85.77505061748937,25.836252739378367,16.44033491417316,114.68766919249968,86.68354423031954,70.21704706811866,66.77848049393369
3373,54.47072550568363,68.11945893266962,34.08196440454882,43.033822860492315,62.20293928158153,67.1305774338864,46.618111945622715,65.53439143728296,25.674822814994513,24.25364604929171,111.96308501789639,73.16742542843038,64.45680482318095,54.48144434199055
3374,75.30590197865587,89.18984839206834,27.44897037391088,47.833087553113195,86.4349898155576,76.64488437026696,52.4450683448364,49.161784088195404,21.17757248077433,17.61049268039902,115.04216687672451,66.08047611478952,78.15738262188977,69.14449903637153
3375,21.4193199962714,29.462893239800984,-19.771616544280764,-9.930521011689482,32.791625027021475,23.369603662846917,18.355536190194364,-5.312261732885094,19.72740013931627,16.637180926655688,67.28065466690609,20.725093655206976,57.327407560871706,25.59012848177499
3376,14.214550024413281,14.41460832144664,17.034337955458984,20.634641292837916,52.13964989821641,38.54064517472623,33.68498840974344,13.597114579845027,14.982572006107318,17.362273590173828,52.857152898434926,9.176078293094326,62.26858905139919,36.25132464556747
3377,6.00607281368461,3.8007287830908068,0.5940225803950053,1.6535240070571522,28.952987594132118,23.29585081722922,18.277435491817794,16.26443470847975,15.784777157343342,15.657974113744727,43.59627167021297,-8.814882154790805,48.9610728184275,4.84494128581988
3378,18.48328797054958,16.448868403123598,-1.0759662743571206,7.068420356070604,37.20553486535551,26.914263842718135,16.20375538692452,18.195329082066348,22.7244206676062,8.77807901141515,36.1473886871824,-2.7622220512413356,57.45616573510768,16.144006491774423
3379,2.6660877566624195,-2.6291346015864225,-52.46637187357198,-42.316862697166336,3.6165033922498866,-6.028088933225701,-22.935924089978823,-23.120528539769055,14.75334313661781,16.795041747648796,30.325494970617797,4.53835793733149,43.39323521863941,11.49021992832345
3380,1.3460311791357158,-0.5534566087499058,-10.334748632996192,-17.95991306042355,27.214045443536474,19.720110198323727,17.090387255724536,13.962359924465085,33.7535111998909,22.326071601964692,71.94224484955474,30.314882928175038,89.6883053080731,47.78278345012211
3381,-28.891588131805275,-29.252720543424868,-39.36883116236873,-49.37868689731631,0.6369834015833074,-9.876474447124776,-16.439502137078108,-31.953654337393118,27.35949650722181,17.254103615540018,37.69888703346077,13.989198525992542,65.75732969971955,27.240270670781243
3382,-25.582378648301454,-27.756786263520397,-25.930163103589184,-40.176401360406864,-0.19826500922167312,-10.252824894263364,-2.1563800286245973,-17.627414570776047,22.999435286105253,10.4731687500421,35.82619893845931,9.648843029535428,58.37352463504601,30.76346619646655
3383,-17.678600745515325,-24.13438450894408,-46.337395180521106,-46.14028942214854,0.37320674385055264,-4.036636630236722,-11.272126961815436,-30.309383325144033,11.494045238266992,-0.7775767429591482,26.251867442375495,16.619958981288896,43.7961483509902,11.158080370432923
3384,24.325241803912906,30.998517775380083,8.608250412970117,1.2225011319095782,36.15140277459169,35.33614828751705,34.14805842155154,20.06074591779001,18.057660458449007,13.03356172584534,76.07381266390937,57.56530841249284,68.84981948561423,48.41786245124399
3385,-24.174223721938223,-26.27772290764191,-8.366719439359942,2.792640894620981,39.10988465800354,28.85480537514768,18.279754037453653,-2.1408082941933033,15.358567519999426,3.66463341091412,49.564009897107574,24.6134806812994,29.0793082431668,14.668186343575979
3386,-57.91557662574511,-60.177821046620835,-28.082394519613757,-17.352964973682404,0.6020657933140641,-4.127196920503969,1.4898340915463117,-28.9852088814031,-5.941930748280232,-9.26658503504638,-3.947662487859049,-11.703407819346149,-6.768838932232937,-17.8121399528413
3387,-103.03143766644071,-113.89479790774305,-80.71646785291311,-63.533508747447726,-38.80217090114875,-50.714646194163855,-54.16685951155109,-65.69518257505993,-20.21393511873221,-16.569875907843855,-39.47120491595805,-50.47009877582184,-43.600577012787994,-53.012619317488934
3388,-51.47056505401909,-60.45118287666617,-12.216131319870238,-9.15361502500594,3.882107230384726,-0.52071004123549,13.644987479347131,0.513205785958943,7.4918325765014275,0.9339487653943557,25.41007290084784,18.621316176734467,6.774707170147438,5.159856306647846
3389,-14.810014327130467,-26.26328197360857,23.42057334644484,29.445628851600944,41.169175665565675,34.40614866979402,9.601996784310389,19.33569464033374,13.871644660172711,14.41601127006433,61.88577922962098,44.0079498415593,28.828817201536935,28.395715134560465
3390,0.5873132388516954,-9.587717581515996,45.257068949175135,39.805411308236266,34.267949662648284,37.45426132112899,23.38526405478532,37.844109358920605,10.639574624988844,-3.4627200026918756,60.39042875621415,63.80565245574525,32.41984415682952,42.215370525380585
3391,-2.356765644288748,-8.006194129294299,29.360470468008298,37.83651925618438,43.30984810542709,38.290993409535,15.906010659605455,27.115433334444027,3.7638628839049613,3.832331563527224,10.068698652416472,57.37979850153397,15.808555609800237,32.38928284285184
3392,30.504910238084378,21.218779800920302,45.34926219660222,42.314411880813296,35.25498736836742,33.76652098992033,19.791747092331185,12.874287510319352,4.110849850738494,12.876343775212305,18.97718530517402,65.21387787685502,7.459656413946817,37.05569670255093
3393,-0.6284901319009927,-9.584485700082954,1.4236422082764058,-0.9921028773126808,3.694841477675796,-1.5486079915263937,-16.148128042100744,-19.845797145926404,-8.516465311867735,11.117844839448052,-49.62045302188211,16.709003266441808,-23.05519492816944,9.773888113703167
3394,-18.320826804526266,-30.507536113156018,-8.637768059952082,-11.082030720805559,-16.84450504662778,-19.314225747882016,-22.616363004505764,-26.294428825509122,-8.656890614893348,1.142624516867412,-78.62799062444394,-7.199275024736691,-39.61674380358006,-15.274556773614135
3395,-34.10309816947508,-34.82585464061992,-30.395013779284728,-17.575819237198022,-48.1171344435751,-43.48659077149838,-44.348563403777135,-41.05982708591962,-15.13310825886869,-17.20139119792081,-100.85878425203472,-25.505901359833384,-71.27520014086734,-37.56809422971387
3396,49.35908252161866,51.53608938807191,29.64703558360777,27.147290076512448,-7.500262284155101,7.947619119514887,14.031425897729102,31.906655646543253,-6.07452133518249,-3.851196932329477,-33.854058736380665,24.71649987628997,-9.648038859495042,19.16207543684786
3397,34.27419853355346,30.055422056923078,18.824482004499437,24.714585387533937,-5.61079116103832,5.414631165765222,31.75561351152965,47.626738077873284,-1.9961983356914146,-0.8888294151847216,-38.06604792966018,8.402268309147786,-11.684543410358398,7.302186206223738
3398,14.08327338019927,11.561623309951454,-6.811799452308023,1.9888809591304222,-29.281801967769333,-27.281836134569684,-35.297082522624585,-12.66358110515426,-3.6676285317447435,-0.905018260362052,-64.38250754006258,-33.895596033674764,-15.132000466636395,2.2155919252607252
3399,25.221163438419882,26.65496457396112,23.051807120571038,25.72455963262038,-37.721602384248285,-25.678219715455345,-28.18445333794183,-7.791014133657663,-1.7646387682834985,7.368531797413246,-46.905340895574106,-36.84775099718434,5.735709531801637,3.4849930654131382
3400,-7.994078546156102,-9.155154456432594,5.624123013928279,7.713690406942211,-20.247722130924682,-11.282949183465309,8.661149121766126,8.722841946259534,6.419384280803267,10.185116684610717,-7.1058509515107655,-22.633943590855466,21.5795872107427,3.9831862163899716
3401,-1.4865103458569502,-14.571505559980602,1.7442364478225116,18.04347338621112,-6.574404013901809,3.8986007325488865,23.277676710998183,42.80316223139326,18.3511007829727,16.80746444551734,14.559216739015287,4.697274994088212,39.8683150614967,34.02203238347304
3402,-6.355838604424043,-6.100354103900743,-22.83665370900143,-18.180565371106738,-8.216346125942739,-17.111816207656307,12.876600408969834,19.79220636451357,9.979873380333574,7.513264356433166,23.7198866881534,6.147260161579509,23.505657359594487,16.73500120690729
3403,-24.711242714710377,-33.037340095063726,-11.168490130261029,-7.687876047921922,-19.731092739215914,-30.71199892959952,0.5873565943688995,-2.5847145544937358,-7.635320293526399,2.7826671845206707,-12.650913265551807,-33.27392082798804,14.408953520970984,10.610507775180709
3404,-85.06175061185732,-88.75641526026602,-60.73506639423196,-86.22173345897971,-69.18523036977189,-68.42198122501095,-44.15861559213392,-63.50856314049363,-11.27439754895883,-16.905091487139316,-75.02672146404913,-67.77699842729757,-11.601952615004333,-22.21604491480632
3405,-78.46719091865272,-77.769713033572,-53.31337438080893,-69.6191238925851,-63.431633704637335,-62.07388802114231,-49.28687762537468,-55.88197479491546,-9.637936448290738,-7.689010859828538,-80.05480168302104,-77.45523433180159,8.07131805275627,-6.074546956891939
3406,-104.46851530157949,-110.1686349115952,-99.7089135023205,-95.19462592138339,-86.95576134507702,-94.13269016356087,-95.75806104317228,-119.03962515619924,-25.308150733891534,-20.829815812124032,-124.3096264062975,-127.27777959711541,-31.257133315403095,-50.081295113171244
3407,-122.73721845970337,-124.33672736464653,-117.46325977083136,-126.20999968161108,-107.7381190561597,-106.50216074387572,-121.96909145207285,-124.75016728866012,-27.89061220786499,-16.43816329128982,-151.43371571410466,-160.07621796149306,-64.92068857620593,-100.80084189354424
3408,-81.42082452882144,-86.04885506019946,-90.00188715910069,-100.07077529550077,-70.27186514725915,-86.39776374976203,-95.40368687414168,-92.3563945806528,-23.222951924427903,-18.738562807855022,-116.49673219259124,-138.80349775035765,-46.83552308606871,-77.6950104669169
3409,-71.32275013293906,-71.30260733877977,-70.41178964357107,-88.31730988073522,-81.22213761462214,-82.51534294147986,-90.11034538541644,-100.63300296239501,-16.711714781457538,-20.034195354540238,-91.87081583056212,-128.27277223087344,-46.27736076700949,-74.88544764153693
3410,-56.37255053980868,-66.85065821605257,-42.611555779721634,-53.23294594094239,-70.35223935748928,-70.14678070173862,-83.28715928251354,-85.37155391455534,-14.711749202601633,-6.205208755979982,-93.85372713386708,-119.2002096404587,-33.32215367815446,-55.09094204049193
3411,-21.08655497850935,-25.399518799051947,-27.332224764342637,-38.764177708338835,-52.42326659436963,-51.64801795089086,-62.61373963402641,-75.86810938925913,-4.867393781662909,-10.568402371791914,-78.5529532484744,-102.34626716777494,-31.718361151428365,-46.79295033150058
3412,-16.609836312499713,-15.617406005070588,-19.33226250053157,-11.820533540380726,-42.065889832095124,-36.42809498241603,-42.0849565671211,-41.305252536344746,-11.92938542227005,-6.724600618920597,-82.09251168782323,-104.71518235889818,-47.58585839625195,-52.60227494710116
3413,-8.15657445335909,-12.797448325567661,-24.26193901258289,-17.442814583859462,-37.78115073930193,-43.563159321787346,-37.07903099404997,-58.109285414403686,-17.784222665795472,-16.88425361409525,-61.581518211887904,-85.35596456230992,-57.26529062723037,-62.76724292311533
3414,1.6698570633211223,-3.8546084425615668,-3.831045454473818,1.8103934687298189,-40.464473224677,-43.35822895464277,-4.240219116241645,-1.6630847981865586,-12.080430722609115,-24.83191650775217,-23.802384959291054,-50.071182079563066,-42.041694972861215,-41.61496076884691
3415,73.420301741299,68.8330279328357,58.92892700214015,55.23438746129235,47.45007079136981,30.51482971523822,89.89998101893049,96.61045060631145,8.150321142802776,5.00746907862856,101.15231860657732,74.08263105361789,41.39103602934886,52.997043709535866
3416,78.60664000116367,57.57093854693384,30.542144665576014,27.0056377187756,41.657330955901855,16.786085244705394,93.27698599270455,86.24692355244841,10.06882133285355,-1.6870208355625156,97.22761555412364,85.8901285178227,30.134011691407842,54.79066739915006
3417,56.27207914918454,42.51862657726408,10.667402480619943,20.401669304748197,43.45231460388976,21.04622887462939,67.72595181157905,55.428996221980775,5.771922707382864,0.64616482049078,115.46496323257034,103.2840428003947,15.711954155874128,50.26022526129905
3418,41.01855805734963,38.59716064938447,23.105668285817757,19.77706438063384,33.73761903171115,28.245201597481415,52.118342490854,45.539817514056445,8.660065326629429,-4.686720434104169,85.57164984436649,90.64718722482532,9.958013479407443,42.10756569496081
3419,32.63173614572926,31.077006078675364,-5.821091904707642,-14.619223611814405,-8.712862840456658,4.159396688947934,-0.5923937178821396,-12.52322131657487,-5.153651960847269,-12.26391749661793,21.04692325498125,53.497855729447835,-8.98586762121618,13.501182559524269
3420,39.18955997682504,47.65873527919232,-20.319224088400585,-24.65656896106065,-24.428788602436804,-12.545694479929933,-31.247383587384803,-31.560646746985118,-5.814136212289327,-16.178297996937808,13.55926362181863,48.30911971953773,-12.88596917907005,-2.8758827462575085
3421,4.947875020082879,8.420698489463573,-36.70167660036504,-30.5464534584711,-48.995874769876615,-45.616512134648005,-50.479744135410954,-52.21373959349389,-13.16776456783952,-6.391349116879797,-33.396674699580075,13.710123813515942,-35.50637336299137,-33.18873803071286
3422,-13.546392367484343,-10.38438033053954,-9.97826520745908,-23.33154770453203,-62.12146019889188,-57.19700742479025,-35.60990337356984,-37.410048079895226,-17.618385205404092,-2.582521690270927,-42.84516982322745,-2.9030446688288825,-43.6161473541415,-44.20312535776293
3423,-40.04913635592989,-34.335298007305404,-19.320132992145858,-30.024132864402485,-68.02894117023601,-70.29018003285111,-55.71767684172356,-46.39205161479943,-12.580382123875715,-10.980575989055692,-67.03500828236905,-44.243494951396485,-54.68955427627759,-52.16897235285871
3424,-48.78228136983759,-35.27878957808128,-6.317381154173797,-15.825968161518459,-63.48010992910646,-55.41022566075707,-63.70388799267043,-66.72931870801474,-8.337512886369295,-3.576548456377367,-77.3974335251002,-47.38136954949651,-51.95067634287049,-43.72203043189464
3425,-26.594678868236517,-24.051387036264767,-12.152706533746517,-8.673064138348774,-36.93464573750578,-30.999804851293874,-42.90890120008642,-41.20210023213666,-18.679035134410935,-15.024351519929652,-57.23972100955141,-23.107749623781444,-47.10420194406113,-22.828307799090613
3426,11.521224110722995,16.9552596281775,15.083589544542912,18.425601029998504,-30.639966126981893,-9.583110396076965,-1.9716011421357595,15.819633777870553,-5.525467585357358,1.3795909127567079,-18.17456818078029,0.6682724803180472,-25.54517861857851,-2.5104438267450386
3427,28.84646285961042,41.678536934124885,29.067068225723474,35.573744934188305,-14.409458092872095,15.571211050489751,37.290160594364934,75.59475631650874,1.726388137358618,16.05519208523579,31.20513634277505,25.395675289833246,12.528326166082824,38.5004599563772
3428,-25.47447244313328,-21.5025944090495,-11.550052538920317,-3.923510210868992,-3.7881108135841886,-3.8983759522886716,31.639029369910926,40.1462200929807,-15.760602836618398,-4.390909602536127,-1.7026240238772914,10.79761554653726,-36.10280171219185,-18.015353546166036
3429,-53.74078959177713,-51.651254020956074,3.2502553049773457,1.0125228655820278,-58.18850322856676,-46.59388291397106,-58.68047870660724,-45.015427934834825,-17.926636159307634,-4.545060332469322,-105.39828896433055,-89.83706142481596,-50.10033230400056,-39.41592283461527
3430,-98.53683169986044,-116.11075714522349,-14.83112226104261,-30.761426999750707,-111.74289637924524,-95.45082424620534,-69.03294412630933,-63.370362327046244,-33.636453890563565,-26.69779785658753,-114.88988790060314,-92.13290286938081,-83.56285713269828,-62.64815530540541
3431,-45.49432209124466,-63.527905314831315,35.86250110927437,41.29711408371697,-43.91266706115116,-40.55527131220595,1.9521320380935667,29.255641867895452,-14.199944600786884,3.2000431966000926,-23.57834785522864,-1.8530022465451168,-15.462653334194966,8.672044796513136
3432,-24.469908328360734,-40.33516180171192,75.56986285672322,76.80287271386682,-8.21864744882007,11.954734267410428,50.29772625366566,86.05721639100643,-0.2393606331801458,20.697609179249746,36.77273112976042,72.06580882752581,26.37544693760501,56.337637782811385
3433,7.632540803644499,-4.801898717333111,81.64822211827239,60.14568468627554,32.4793255291762,34.52511102741273,78.80771985688672,89.86196513515242,22.5641940508572,16.150993204934228,84.45701992667534,104.51690310166356,64.80077437797195,79.7692418876543
3434,-1.735678094986743,-0.6944642048768711,65.28557227629351,63.533435058202954,32.537575163730025,35.87730980790027,59.99101491971813,66.80018760522445,20.871323198387675,11.786452144191472,72.37702558477909,98.96107092530184,44.158809490342946,54.12824601358705
3435,-65.08435319984858,-71.14311881343926,-9.217375783831267,-21.14690082288386,-41.86641391818958,-37.442756943282184,-29.636047438821446,-41.52580948316378,-11.455295108772047,-6.687286476239789,-15.141802108227832,3.800263846709155,-24.69903114255345,-29.72241474413265
3436,-50.15226697206061,-56.044219262401775,-22.788383509586552,-29.674163971295922,-31.986955388002176,-24.160280770720924,-51.92977323577172,-75.28799550763216,1.2255085126066156,-10.060545914609662,17.01130296586064,22.704685646293843,-5.4188370084503585,-21.446678042208905
3437,-57.20407370738097,-56.93991068003249,-34.778753893344195,-54.173154742382536,-10.895375757522856,-15.244689181696538,-33.85317931604904,-75.6522429103055,3.622563340237566,-17.517926119102114,7.613855357994694,6.869997929968828,-12.148217714081019,-31.891111549950857
3438,-47.45899692652922,-42.96130623556504,-25.21173221314048,-29.888850918027256,-7.9067107927701255,-9.96576015765986,-27.310474900801665,-46.383832861323285,3.0855101540273053,-9.470893851381328,2.373902258892371,5.939646140106771,-12.817051703635535,-26.294873641135347
3439,-7.881919537447307,-15.40261808293443,-8.500966236955742,-19.487140398424888,19.049019221218863,11.547761179426633,8.728956715862864,-11.584819108969556,-4.077232474316115,-17.711352233717005,8.421627659461013,9.6202908137764,-19.676255939149186,-21.360972825466764
3440,30.931849111480354,22.89155336061938,11.049878203477226,-4.774198536728661,52.06208437790483,37.10896886372382,24.904128770930424,12.317668912864905,3.5315989564164365,-9.605667232433909,20.219520308518348,20.073360255226298,-7.636782617038199,-12.044149407562465
3441,18.13865423906871,19.82870875253091,7.178432047417069,5.761083657696755,22.760155059111185,22.808135974928266,-5.6695736527358855,-9.745063239344521,-6.522854323336436,-14.083866053054432,-26.72659613746141,-15.705821785398342,-36.20152455631738,-39.30275355303338
3442,-12.37414733740208,-17.4249564263194,-17.47235444704327,-5.894874393893092,-18.508487956475573,-10.9814794249051,-39.35899044672249,-39.19274495757519,-24.600417615244822,-13.185536906202708,-89.93085798301452,-49.68452789032807,-59.85602623937678,-48.95396008531114
3443,-33.48286825485047,-39.841605269556226,-27.007098554677025,-23.39711500920184,-53.18860733529857,-43.398259810583,-49.22525655396599,-54.20573239840818,-19.750673496692333,-29.05879539687047,-87.06513260431967,-59.57982259302336,-63.868428950887086,-56.91984022425167
3444,-4.113797831573099,-15.287694254691655,-17.160569662709594,-32.081384361084886,-16.479842936939903,-18.64932300395937,-43.45656266193621,-53.679115598366,-12.397268442538882,-17.382664872918774,-21.09182951595122,-18.59091639517865,-37.419934464150494,-38.165896932625316
3445,83.19384363553745,76.7007567300848,82.26025607480368,72.0029774895992,45.417687661026775,48.810551338516326,27.457125650590122,36.50693454542222,5.893008111921951,6.2488584280751756,52.91917159430473,40.128728032833465,38.459631233739785,40.85614642667967
3446,83.70030927919404,89.33304271782835,79.45218819031318,73.51421940032245,59.010095747164165,58.72188017446355,47.452468168274926,48.15951644216805,16.618875369606197,1.856069146958811,55.0502942164979,55.47838241570077,52.91239039352662,57.17436588882485
3447,39.608213966645074,48.738681102356644,59.451944151664414,63.420124744640916,26.526599108531787,33.172945863468144,23.646585007490618,20.942678167288186,15.96899436514837,7.040596201847633,26.887147845358555,29.54307524324831,38.779890733123516,29.593132168537576
3448,35.50375404987157,33.99450062890346,44.377799105410645,43.93055587236634,19.429175993779307,13.834767820668574,10.909089392619189,2.1344228604465982,-1.6799727975031846,-7.296115001663452,8.01213951433199,9.108304940170544,24.817817806967525,11.769332238063827
3449,42.91109912582957,41.19480215286795,62.20470058544874,65.78230800987455,33.63607097524748,37.24315921664203,30.30393606118082,36.57989210157968,10.247343866277532,-3.2083702981459243,43.868525219053424,33.9996017571219,32.765935766118645,15.204767205400907
3450,75.01577757423208,68.44905473243645,68.25719708431937,75.5032324648111,68.17982343456075,72.98752536988603,83.2967815795577,75.8248515099632,21.50420688771945,10.930037347649176,112.50570279256746,104.72788172534399,74.28778134048301,73.16748078906578
3451,99.98690431692404,101.27238846537375,126.06557527419223,122.845800172253,110.62366208948806,109.84426049107977,132.71132515678718,140.3980222106445,40.3314564210147,25.636869558196224,169.90829951844873,147.39962230682121,127.12201630184599,119.92529576616609
3452,94.03124264847504,79.2911676923426,69.10207250463807,69.7406457736331,106.02165398288133,101.01302110829337,126.8858671536439,129.86799393702194,47.23385115442144,31.806885006696724,170.03072129136223,162.6657911241534,110.09286265889145,112.73467000153141
3453,110.78610208626411,107.5832117127816,84.15512131180434,81.65616127283828,146.9235930846942,132.39952109001393,137.1099293624345,123.10917101892385,39.35882688123821,17.97664760066919,148.1623168275121,170.96010643268843,102.47909456481764,97.03220764167723
3454,42.77842928579817,47.396392608304836,39.492466659010745,21.86747423547152,60.96306344124409,62.20968111826408,60.60776023395824,54.01526150141747,18.886487563318035,10.662557227285705,56.000013833211256,99.07394434847842,23.750964030935947,32.00634381137894
3455,44.09746715708066,52.341257095621216,64.40014545241164,43.788575627785704,57.14972487739453,62.326939517800646,41.79991604168986,48.71105703764614,9.95227188801101,12.592989339317903,28.64593560487069,71.59271949447341,8.814511152419312,15.219671847160212
3456,31.51065123162012,33.150980693230046,36.61029290733998,20.590242044132403,39.0724747958756,33.04333214740348,34.1197221050684,37.33525254473814,4.2040654856029755,0.25461048950415277,-13.195867456706072,39.88310577816551,-18.88430397063278,-6.320749865515058
3457,54.80084520899143,52.290497536762615,22.130817711276546,28.680821405504545,36.10726285601207,41.12713047562121,40.01576943860971,47.03290981269828,8.018694326495423,4.383833955562725,40.949111595498664,81.42407431790525,9.724686607285996,24.289028754414232
3458,45.54918228450098,46.9781470476091,11.915447982910534,49.92374182689779,14.475320141242127,34.585746377346254,38.950928936288996,37.72578206892792,4.87197954562911,8.638228687319065,24.63646518884059,72.67651826875989,5.535242619606584,16.289558523043702
3459,-9.70652957384099,-15.016205528401503,-43.61053395455631,-24.106359022875456,-52.49935016259631,-28.738650983961016,-41.13082560233233,-26.556525632770928,-13.263140789880454,-8.205097995695812,-96.03463918743938,-35.82531096912939,-68.69390576941281,-50.78407508456592
3460,-32.5239207875923,-32.33054387449873,-58.633524316947046,-54.88798204491242,-77.64231706410295,-54.539527417525406,-62.95146513912368,-50.00057258636887,-26.14853081728711,-25.291220986527705,-113.31039593677914,-95.44052262422669,-94.5421305666155,-85.12237226725095
3461,-19.99785484327641,-14.486729676347633,-76.95155822664861,-63.32355803803592,-73.78129006352533,-56.56651508874766,-35.57119582473798,-39.17685599330436,-25.0993320439698,-18.42477496508454,-84.12368092518119,-73.97303763760719,-71.42600614742194,-54.79626508615315
3462,-24.884581552365,-17.380575362669553,-60.987256084506704,-41.44516890824757,-65.1046434513001,-40.104143156254,-21.847703979698647,-8.779660764731547,-26.77539003914114,-6.000130991817725,-61.20617838953073,-62.95904080644347,-45.63880440168819,-32.08981174168385
3463,-19.062706068779192,-13.308185921968507,-63.30719928225475,-52.24138181145299,-35.37100764889664,-24.655661644378004,-37.10033690868465,-33.28943742957582,-11.36653987390821,5.379928347320259,-40.87188548301533,-50.758997680209745,-27.776906026334398,-17.206390267388713
3464,2.5851950747174044,1.66611264642341,-44.36899173757524,-33.09293713217999,-18.699064868717812,-13.697273586139806,-26.87152890458626,-14.227320000734801,2.4212093859301,14.319486466779011,-49.35294062776465,-55.17528121389707,-13.483929595966384,5.815596016442873
3465,38.93301748372202,46.87068804085542,-27.879445367995046,-13.642185729702106,-9.536346923841695,16.318560316890878,7.1685206622367685,33.27734567430529,0.9706062600539122,14.444437416224723,7.1717421015638125,14.200574669164155,15.506225648957031,48.84399943869017
3466,87.07581605941851,93.13028512362574,24.801613620038765,34.48088196870307,31.395851856516803,48.994543042021476,69.94702780350845,93.13262051626528,10.955277022721441,20.370040348499767,73.62942482786438,75.8962274909764,57.37794431445717,86.95057160929383
3467,61.2828042847095,72.74964521459701,-7.602061518002561,-13.889356034290607,26.059248964970912,33.185793148774174,54.97973657184246,59.33533828468494,11.050293459419036,18.60571711771884,66.75374426998684,70.98047129787494,43.64120472112859,78.199690663331
3468,64.9391233891867,75.50422620730203,26.871844917734617,5.665582315224185,51.60842558824107,42.74465548088785,58.16454185499474,47.679406022233984,14.76406638802787,15.725450098490871,91.33322991995274,83.59174996870428,47.407016787732964,67.22496949721523
3469,56.60939991760531,70.98059832923644,9.74625829037032,-8.588168888548426,54.22816640216222,44.01474148090643,56.09803218862952,36.2520789723715,4.000798069792359,16.171392937015945,55.46504922823226,65.64905627623972,44.61835639984629,49.317693962930996
3470,-8.227124970502407,-3.852104006318167,-42.894147812234586,-40.58280984558158,24.36781943923705,6.39917388296088,3.7129373868248585,-17.200140447321647,-1.0691954308315783,-3.1473546802023433,20.011066701398892,18.423802425907297,-5.535090782263277,-5.076955646975478
3471,-31.984184920061125,-17.27972681929669,5.781581227291366,0.5684052341905668,51.64419589735377,30.667454890671106,7.8448849986773945,10.41628113175523,7.380157777557692,12.52154092805688,39.302622526399155,1.1199648280039716,4.831649648160285,-10.63236783316748
3472,-5.864067291379597,-0.1761946745312506,14.401714425998472,16.539121104327144,74.2816962591239,69.20453996129531,31.157062139383527,16.82364380422151,13.302548663261199,6.18090772941205,47.602413510671596,25.87872854449584,20.66867645565594,8.733982017754872
3473,-33.62591453673446,-23.292937547429226,22.495682259861976,27.158299978233458,65.36594112442394,52.40172416570679,1.3875270214799262,-2.192787774809797,9.710415257847675,2.6152792153236586,0.9663658331600002,-31.596012426718758,0.3952827460245244,-19.387271614209862
3474,-32.08364650218133,-19.892935726022337,48.15348932773609,50.28700007122219,62.66201621583792,54.06749618279174,0.23727421572255405,-12.136082754717926,6.718799912397272,-4.14781176882259,-20.602013552996326,-43.43994932911592,-13.274220113334916,-41.30761779814089
3475,-12.020356116374682,10.683825241398537,76.89142066636387,68.06517324508644,94.13631899828935,90.47608516432626,29.451446983917105,25.686871602255586,11.057723292178926,2.1669543151431934,5.0899141037187094,-25.368463628962726,5.610455924409599,-19.131354541424457
3476,22.149827100882746,41.20046815883163,75.7829354372287,62.94149385353565,112.40168197351781,102.47133273951233,47.08915473759056,31.77637640633975,15.061204682536065,8.616671255946338,29.110071516370326,9.663452917609776,13.819577603979035,-9.654712838775867
3477,-3.1131935236785306,16.337610905971637,27.876968135180885,20.442496471157853,86.52194322823169,81.4695777538966,9.104208780324301,0.7673515125783339,4.207781707803718,-7.904505051428621,-10.362338556111277,-28.256925692857735,-23.267648246924217,-54.299449323467364
3478,-89.85704808309296,-69.46199841975286,-47.03474174005019,-35.10141352807035,14.429666576309767,10.116034139935275,-77.33483271170056,-74.02055391276225,-31.311375507025918,-34.540349228160416,-113.19422646542247,-141.51225723705286,-105.26405140317026,-128.84248294682624
3479,-71.81113092054807,-55.83909673064451,-54.4900916400421,-36.69830634347019,20.99928965850179,19.920038136812106,-79.18162450824431,-81.19115413237624,-32.09254300941217,-28.151171814579328,-121.16162991753251,-122.75068593162463,-111.58165413529255,-122.46297484757882
3480,-71.30282405473346,-70.92779002927178,-79.99901747588514,-70.04587151506901,15.741420321880678,14.823398288056381,-68.5776100799103,-76.01338373574114,-30.707745196889523,-15.388728919864791,-89.86165688565717,-87.19468494185541,-107.632806302664,-119.2395610335016
3481,-23.191050785422533,-15.03582708939966,26.90391798222431,37.58711032372703,54.40375280111428,70.02003096205901,-6.647277905292613,10.567216574567437,-9.66739310490411,-19.172380611162843,-12.46346224579915,-40.49425377746094,-53.708661300654406,-62.67357664873393
3482,4.703109956155018,10.177423212797688,60.12589204186548,47.108520577460716,63.52900722770756,67.82563144793404,20.233463318800766,27.422077384334393,-5.004628485980525,-6.317042049231181,16.70143484298441,-19.42963019698761,-7.141455634772763,-35.730887237269854
3483,69.99459451483106,74.55051896639176,105.46802624073358,95.30771182296489,104.99140223232014,114.65386514422175,59.76136071069211,83.54618447711944,4.426936160486709,-1.245627861100361,74.4504839443908,30.88037080692126,43.44876155455833,32.60032571623912
3484,115.14260841219945,124.6632774952759,113.97839722141596,99.05630110728629,120.33170052359547,130.82954460247166,103.75255392919824,117.25408500967339,18.81292911206813,17.58639529123859,138.29331515421381,94.94311910470483,93.59878669595076,77.39008284767482
3485,52.63605699815058,56.55025241994772,42.05295106952913,33.928121217449785,51.56771876930884,53.161393099816046,35.27839268332676,26.096910194478635,11.690568592232026,6.327168145512354,69.63318331394979,24.288764417487698,48.70703780019647,30.864869337664548
3486,35.99136010119441,43.37435338695397,36.76314802310275,27.27909222502,10.099445145670744,3.163852078985953,2.562668558604578,-2.887422696009142,4.423390655427676,-1.4068947596078605,33.170488335335115,-11.558219871767694,36.864386578860085,6.792914382909074
3487,85.16125815995511,86.40546000809798,39.51653803507853,33.200468564762595,29.08089744682229,14.841271567660263,47.99283770581092,47.643743186139346,13.627710536473133,13.268691711069122,71.50006647106008,31.348422514919392,61.326368993619205,34.6320445222075
3488,59.54719271028724,60.34162188094909,-24.753182229714046,-17.954878828953202,-7.502250810584598,-14.976711090929433,24.949149634238584,18.439416749741785,-2.2874540050953116,2.451874510326802,42.63950373238818,11.83592849858298,27.469896571819245,6.076192379607985
3489,26.642091176969068,22.914949658409757,-2.1766170904858746,-8.164501962270354,-23.105110812269515,-24.132671148325276,33.61116191200934,55.0989182678028,-13.686686536576326,-2.7255663318082273,21.572531151529752,15.572786710390567,1.4308544027900305,-8.423803529234224
3490,27.28899177415925,25.657511560820943,15.895196924036036,11.326821942515624,-0.5630558100414014,-14.771192320465655,70.2790970105003,82.04279996701959,-4.387895116155699,1.3283973850830826,45.53481851532382,19.017776535704034,6.4290471173434005,16.95513450670302
3491,0.04170747456886895,-6.095814765594412,-25.288831301840407,-23.029947990951456,-17.556473220787577,-29.862980973726355,54.4337998448982,69.05761634757478,-14.590165368897976,-8.416191146191416,8.32318818942727,11.136445866017615,-22.311946584037628,-15.402490123540618
3492,-63.59766538497323,-61.823359623827166,-44.45730737682508,-37.5760790774339,-46.415385660623244,-51.45275977182997,24.555296501195095,34.23328600271647,-22.381545954948947,-5.882706545108057,-42.11517246198966,-20.07244357488106,-74.33845407673525,-54.74347060016866
3493,-53.73190330987297,-51.475128128305684,-75.46901516179516,-59.59475219287357,-46.00373636688381,-43.35122068147317,16.448023094398433,10.331750721533489,-21.384743447058543,-14.925308812086243,-67.20036202769826,-24.15764255986828,-64.0783885395572,-38.46077672316506
3494,-147.70257800545286,-161.32196073876446,-121.31226098206041,-119.3797553427567,-135.20718292018464,-135.84769396153806,-83.46811442220603,-77.84825970235994,-56.81394926441877,-45.54240622796955,-180.5131246442856,-142.03986393490095,-152.55858042985008,-132.62669782957846
3495,-58.60283167716487,-56.973623723792365,-93.28045034359748,-92.33023729485099,-76.35766027868459,-83.23218383418634,-26.29589937939223,-49.79092640750971,-37.9501226867632,-27.305047199137057,-72.18952307216533,-49.93729646689605,-72.10980728492352,-63.23436236264519
3496,5.1124579168511435,-6.743957522962477,-5.07343314880744,-1.9421863165932374,-13.792813951747497,-14.446181523231399,50.45328346081283,57.603904656999205,-10.595957645436775,-11.793478797312716,18.67945957231047,32.52451101770943,-36.82772657815169,-4.602424850260166
3497,-24.080183756724484,-30.99709254602957,15.398222399873468,13.134083574594246,-41.88747818072865,-28.158179673018278,28.438835837895645,47.02522246984058,-11.794040027470187,-1.0813096886357862,-15.699276226082937,16.825173078627685,-19.660417335294746,9.994235889914565
3498,-41.22277531456635,-52.827509707565504,-13.798503655509078,-17.79215076128726,-50.20008464622562,-43.02096853226652,-2.4707636670780255,1.0775960390899724,-14.25961299805904,-9.617593734017241,-16.379133983147412,16.454348309104283,-16.533297779757145,5.717130107042141
3499,-54.97793379850982,-63.186141628958175,7.487973580481298,17.96864915170046,-58.5686336873019,-44.056310156314744,-12.439925525391326,10.6424176541525,-11.68858628354558,-6.028242649246043,-14.742042012028916,14.4364718081366,-12.788475414663708,9.94640321491898
3500,-16.354960652380928,-27.413267455826677,19.125393607449052,25.482875560833534,-30.260001941935883,-11.042971160493805,8.919159512382574,19.198296651092928,2.8899523279542882,7.161221339064646,17.22461113616869,49.06868902850122,26.54057289264384,46.41369119053201
3501,-47.93495633186263,-66.43574842658018,-59.84315765583771,-48.53343925129788,-68.88256198353616,-52.84150864044356,-36.399403470873914,-29.871017012867675,-1.3710636638069573,0.052697330666848785,-39.18009179412465,15.81555300621789,12.973476430665162,34.85351289406412
3502,-35.78891638758833,-60.33641968022214,-50.044611252832276,-45.34150983755786,-35.57355718408721,-28.65066559092415,-15.169808035742587,-4.370262261627115,14.769173033316738,14.76022569021021,5.939820449204517,51.2163201478386,22.323554498582762,64.40185658992499
3503,-49.95413928899796,-66.39915779316964,-91.69103922030916,-77.1685548992878,-63.92348474488777,-43.020116934263164,-25.741688674269728,-21.47420514474966,-7.560976302580841,7.286382081497074,-40.946773516426454,24.69710829653495,-12.160132326711125,27.76954149771941
3504,-55.86285633589937,-74.31987114898868,-106.07583398753644,-103.36606228652963,-64.29215443904653,-52.84386475601663,-49.419736369279164,-45.37555835806211,-14.678236190650841,-3.7819021963577093,-52.31288082483414,-3.706706893059002,-36.6336368734337,1.3511679248460773
3505,-6.251642342836272,-24.36612698825382,-64.82774594170117,-67.24883085218579,-45.639866590159144,-30.476853071105364,-21.236834358103966,2.3959013122402704,-12.942621427438807,-9.486316954336846,-39.202577825470804,-13.364306416672592,-33.62737732268849,-1.7594339700656192
3506,36.4197120088033,26.009935376654205,-28.55304046123832,-25.83225623191999,-5.468004462491592,6.682510683531705,19.704689595651907,32.39717339327085,-9.41693182075054,6.048585148549664,-2.7748493713561473,18.25169469742052,-5.663674202895754,24.01350994840848
3507,55.715974050866116,64.65258449222513,-5.232522221155154,-0.8622411936582504,16.59802080765482,31.012165158547948,47.050940562590704,39.16611100172281,-5.291225327076673,5.494312082954403,12.617337948265503,19.123632552164338,21.42950790352669,54.77592701792087
3508,80.60133548706997,85.53152392545161,29.416422890424148,28.762283785053032,34.61620110474306,43.15284243586084,36.693629434495755,31.829951214036964,-5.8487909111601875,3.9711164503635112,12.693682922523852,12.292607340983592,30.24744082823751,68.93734670539493
3509,91.61327646309442,101.42200590327306,68.08191974792372,64.93687371600527,42.364495227100136,41.73357205028576,47.750263698194985,48.00541956008657,17.584822652946738,10.963558770099388,54.39269896568965,34.99946582181247,63.27794589091085,81.1027776337186
3510,102.55524275526312,99.64079129254833,132.12205117501443,129.53934057032487,59.957091495080775,59.734549605888,68.94534034171272,82.57102382420594,20.040328076241234,19.733122296737758,77.41271982830511,47.382089852495746,89.63252270666861,95.78795190462519
3511,54.1960220469156,59.94948465425238,80.0008884260909,89.69281122261589,8.93456513550689,17.74482380762417,-1.3350358039900474,27.4277733877816,13.062527570687386,2.353621352850322,8.396700001500468,-19.29317596801427,44.30830307569262,32.78413149580895
3512,75.5910932723831,87.21334673529819,58.87961825509518,64.08694918900241,11.915517940055098,23.237609348898115,1.6326819396639791,32.209331474133265,16.476385674060705,12.543837232778833,21.628602499938182,-10.31554758703173,46.481685881325035,41.65741582477895
3513,62.04224507010474,72.21332660405932,15.282676445455243,3.4815373160037497,-11.194891397611315,-23.8467285624755,-28.91293174099169,-33.93654444955454,14.584376008733571,2.275590748097511,-3.0493932528073135,-43.832451217727176,38.5424663170167,20.89610246680556
3514,22.95199794693864,16.598025940592738,4.059358903192446,-12.443994473721515,-35.86288576040524,-52.51336932703356,-60.82608828283133,-45.46228896794473,13.552418098001672,-6.595078618905866,-31.6440945002338,-48.70688068713144,23.64994883937373,11.514628052516912
3515,-0.6671341045435109,-5.053351671783126,-11.278075752453951,-26.179404453084686,-18.59964532451866,-47.08375865583713,-46.334122209363905,-53.91078239744549,15.554305103855372,14.547869447045223,-16.092345378427808,-53.54855981021947,40.12975814205889,18.341104211090524
3516,-23.892187085184958,-34.8253971507753,-12.664085247996297,-23.775845399679923,-23.259579273689823,-58.04153177201471,-57.44514288692274,-76.61295545140493,11.887056595065546,-2.680304017214675,-55.513512891927434,-84.1117023284123,19.90168121475951,-6.491661583930746
3517,18.186853523851624,8.109153805749806,10.144146265099007,8.78520736832084,1.1791114090619423,-3.366205682373821,-22.31050858634264,-23.75598853375498,29.3499352082968,6.695411501530325,14.705426578225902,-18.83921683992203,49.45646656000103,23.091457228887457
3518,15.772484326025095,5.187033554440556,22.077471001299447,17.592576652289345,3.192265926512714,-4.089212527107405,-22.870636998552442,-17.104870704488246,29.950145584967277,6.752922672817119,-0.7671923072810509,-14.533749741931858,53.86601499793683,18.216715275029035
3519,-24.474883077252702,-27.34886992973099,19.140737254502486,10.247530216100877,-35.89599726333793,-47.88332355581021,-60.3801342055409,-51.53160126665453,14.467445875776948,7.353269652537133,-47.96132098936894,-84.90411345221148,3.5821125700492265,-32.79885656749573
3520,-17.51301241274176,-19.79723809150407,27.402504094197067,7.536310058446537,-18.711509135078902,-39.41939197000257,-41.015527160075315,-48.69177920533783,16.024688028364164,11.596143579849107,-36.950425219058694,-82.2395830684898,12.534166721193042,-25.41037986912802
3521,44.267127870140705,45.32894845863007,14.529281141360242,33.117954007353326,14.611338077154187,26.512803849418397,-27.049213223770117,-23.53373837024686,11.779283370738476,4.248529408102394,15.78949836317014,-37.361096601211216,37.53881323660395,14.647084020574617
3522,12.492273974563435,8.513744791140235,8.592912002612808,16.37225787054934,18.557670931252975,15.407046663635866,28.111025455163468,34.400260203242595,8.823412511538429,1.0219899950370208,42.222667321795754,30.227582588599994,25.85283502873023,17.1544769836225
3523,34.074016812684576,27.42858265479061,24.59229367458006,47.15145955682867,22.33926664289534,31.885654089485367,-9.118219081257799,4.739919874352926,30.263868523531475,2.8107710036373432,68.36875867993774,29.135538365635213,60.0756205458818,35.9085545272847
3524,-19.438510613261638,-28.180051805398424,75.18562094294744,68.63538770390673,4.285189618857899,-11.427484909893394,-9.256009503047045,9.309783029237586,19.429012568422632,9.330529078881902,26.251432156078536,-45.64973454770288,55.69604125076184,19.066756261988136
3525,-0.9241962629854041,-5.5238792267523795,79.24222832271148,74.35918649479636,16.623668206144536,16.166052721005993,25.643797809187532,38.07647476409784,16.38409430389928,9.251422607463525,26.11953076311182,-23.70982585871286,54.59406066044192,28.160410715995965
3526,-13.14613169554836,-28.054481676976945,59.27624598043858,30.28068976882491,9.091648942818018,-4.675766085854964,29.242293625991145,36.19118811750356,-1.948755659417494,-0.1943582852045079,20.859717782937064,-9.692476471175329,47.555588759280035,18.810601265303067
3527,-17.232951402783666,-30.814169954982525,64.02929194342043,46.78829622929051,-2.1457547917281867,-11.1290864453616,32.08623457648393,53.33860393533634,16.861194302972525,-1.6159584174769552,26.027425549311634,-15.920883785953155,36.967401495802555,17.09423451797107
3528,-17.980448845890535,-30.525016931692655,32.45874213762874,21.31060697183274,15.043951632772222,-3.258966516369715,47.0101177868175,45.08628321591389,3.3607953181393477,13.111627852607771,39.95597241551509,2.1051371960957517,20.996458982441702,11.571927976480978
3529,-0.5527565662198506,-8.122032872749958,9.419302144822288,-2.895446814180777,38.54081897161623,17.739259836929634,55.45396449700955,34.32457578360227,-2.8279312803085728,0.5865555669853952,65.20826163079317,35.61685390992929,17.68246903490178,10.354901500541613
3530,-12.790613340940897,-26.29142910275271,-31.68354260126541,-29.83864395994538,26.3944714073808,14.192333174213356,57.24010260405781,37.77655936878806,7.31851326301478,11.603442369535138,88.20375342648816,65.22263715119749,25.109836300215186,18.81671800248279
3531,-22.275879178522665,-32.655897924317244,-43.30093512999783,-37.14719802856155,30.950625990592965,20.330771780711242,27.047702539011738,12.585920732753028,3.6724643667884247,6.111165798275384,95.77699307648024,80.62425797371174,13.216153847030089,18.49314167807282
3532,-19.238843706608506,-19.84691745452013,-52.412820191254674,-50.791105087342885,23.577048092987496,13.41958980416724,11.146071157783329,-9.136152307798984,-10.219245041014302,9.745937475835227,73.4568662154549,61.84779441867526,-9.560317635014325,1.876927039617015
3533,10.046672418917005,13.856970318586873,-54.75582009740591,-42.65575680434084,20.610741251223313,22.667357883485984,6.68498789455709,-13.2338988783416,-10.213719853714876,5.924211768129,58.81997900115155,65.05323353952036,-13.727967375010897,-6.629735078083007
3534,20.726654924809637,26.61283181618764,-66.62316564232037,-55.16085128157772,-30.984992923640615,-11.391217477201284,-19.65528422513108,-6.89678971254744,-10.317339154397215,-6.232023358485253,5.765367829156481,35.97311830465815,-24.690640313527073,-1.3057957079128741
3535,-38.387984009558714,-25.959218564632177,-109.64964007703655,-86.32821319699858,-77.72025103329,-40.801389090986916,-56.299713551650385,-49.83093265513882,-16.40647290404304,-10.896970845133378,-50.68583320952217,14.106261656089249,-65.71371769172455,-28.84318840422262
3536,-57.36761700959374,-53.57295841327906,-115.41705457763523,-101.92153821481172,-76.06000886265387,-57.33640690397437,-68.72163838103103,-85.19888143948153,-22.7481612826143,-15.837545649542543,-74.76392901744848,-19.929079500708912,-66.8519521575277,-55.51136928449889
3537,-51.12134843568058,-51.170465958547325,-75.2390292567797,-56.89500691421944,-64.34330434761117,-46.980465593111894,-42.34130991863203,-48.73860916384696,-9.777507330245346,-13.922274568591702,-58.55953236168171,-22.710840050222263,-40.81464421214976,-39.846739585806226
3538,-42.311519786665144,-35.4806977958701,-20.437027146471817,3.406469765536006,-42.577455826752214,-26.661485115344465,-16.437054042654687,7.124495022363175,-0.19842344048377777,-7.5064572532771425,-29.928881880243907,-9.822233784342533,-14.780396471318992,-13.134607304245812
3539,-49.47767652100898,-45.24833931557489,-2.8857911636860436,9.80103242966409,-23.199659626683594,-17.55059028706945,-8.366961223945822,-7.553532885586885,-14.6579099215187,-4.735854617335902,-28.064538383189586,-19.835738687170984,-25.07351923929267,-20.888252345102963
3540,-12.63704610206561,0.44996720627750353,26.16249497018623,23.107663187171145,3.080781604616032,10.892618116234756,19.698950123110546,6.257706792947367,-1.956539102049516,-5.369635469000654,14.214516443723808,23.85772525676345,15.657988856272308,18.8761232564784
3541,34.34315498456272,34.6898262539763,22.170250187515013,23.668212184734323,27.264416629656992,28.02261982037177,48.709336730209756,48.97673092718844,18.547364927882278,8.805467091448628,52.44989351458774,74.7285618640496,56.09529054470603,57.770975610657594
3542,35.69383882053174,33.85834847839852,4.9294693232377975,16.694500620376843,2.3831962427217452,11.558028479512561,44.939291459442636,43.74877143700835,3.337919347841955,2.0650479591158266,57.77752875321696,78.94613086554722,55.099063077465765,52.02906537884925
3543,4.096328818109596,10.742268087878545,-21.57199525606842,-13.626120086924105,-27.194895485422066,-19.501822859468465,7.885777976631094,-11.875275017898417,-0.3330289335757611,-0.268772704502231,12.836419040704524,39.410393945038976,28.56492893313492,20.80770240913557
3544,-5.62095877504815,-13.650563432403416,-37.624267516870255,-38.795344049867865,-43.7288161695363,-44.52730488673421,-10.263375351054723,-30.779004203098207,-9.830435794176866,-2.468800229937038,-11.972250397203393,4.864382511114398,11.094486137833732,-6.154567112126482
3545,4.139874326203763,13.983802993609203,-23.2739711904531,-18.31205569168115,-14.748553772220443,-24.160531823049958,-2.103266625971495,-29.886287452523145,-3.868933746118327,-8.569808347846882,30.90765807175689,37.290391240495836,24.781229679800582,12.230695976580607
3546,-28.84567802909111,-33.42060680266017,-56.80352880925719,-68.41652200326384,-19.707173093827848,-40.84105648866218,-20.74906372760711,-55.64671105183503,-7.403998347886895,2.0104555179180883,20.289087675223374,47.31199030261423,-1.8966545832655792,-4.369237788656519
3547,-31.27366045542236,-40.27648333483506,-52.80026099669106,-62.081464962403174,-46.940062411041474,-45.9282130574653,-22.107377444179242,-40.22062537326241,-1.7222439817631905,2.2255400979456708,22.65259321774834,61.854799247136825,9.54229618319562,20.68275635404781
3548,-42.435860307553256,-59.79813240334727,-25.590310607009446,-38.76653944884852,-46.283546523732994,-39.93084097102792,-37.643209473965825,-42.089283342991955,8.842848566844403,1.3835753664966155,18.582186607899477,56.409481621698326,1.2538046571409518,8.1110185046864
3549,-54.917016787324876,-64.62954109817736,-28.969220552433793,-28.02339065245997,-53.20820758461464,-40.898267575380444,-50.92964446005681,-44.940199073894455,-3.256370401345808,2.736910110032074,-17.20455195085578,32.08546534618403,-21.479183923460234,-9.513242032462358
3550,-8.996560133166618,-13.765792186088696,19.04855860926062,12.057157862238192,-6.5430004867057345,1.4094991002664587,-16.987815820306732,-16.057970827712875,7.61176481019814,9.568076923021998,15.990641009130044,72.08110894728058,4.010390676000162,24.151243125705797
3551,53.96872288144212,58.96528157255952,72.37480762051501,72.65181280505155,59.52444048524467,50.38873144320989,44.114813316544534,49.09221903817047,27.388693409058018,23.004828401344756,85.8750846647341,106.59869073714289,49.81085823194201,57.75062269491495
3552,11.548318287477922,23.047839127561726,71.99479278041234,76.20391688977277,34.63154213456785,22.85701259290476,19.666746910346426,35.21389861086831,16.926299469886636,11.068916571755045,28.42765421609117,28.58645150325009,23.51710324157526,25.799646144204928
3553,-27.979697404538936,-21.752387758640122,63.27724208872389,45.15555724828528,26.419913108791047,10.039450678644474,-8.593869477266336,1.8272445037923664,7.934168088177258,27.65029415648117,-12.09070121092531,-19.14689273729094,1.0152199283241004,-3.4150353324002154
3554,-30.11593146571219,-14.571213333665995,46.55809648100757,26.756476400675652,19.817566019317027,0.6104535158335663,-11.022563354075803,5.787718738035859,7.1961080099721,3.885013441839237,-28.48205336447073,-39.592976002397656,-20.599972408123254,-11.31769984988068
3555,-64.12857066984749,-57.90341892534157,3.320620739420091,-10.154237864300823,-33.62339297819507,-39.41775592665373,-41.76398980813945,-29.341706484745316,-16.964202625561125,-2.640885184543883,-92.67464046196241,-79.75778522454283,-50.85670856404048,-45.51932137864682
3556,-56.21515026883394,-40.31051351599572,-10.963541414388429,-9.213482697119263,-56.36224497170515,-42.96893996345744,-29.60408752616618,-20.414572538395095,-10.947485709799617,15.033405971885383,-69.50382684950296,-60.73391863971309,-25.789508853127554,-15.794574415856077
3557,-44.50215963346727,-31.618830107626753,-13.413938909260446,-17.946211510101406,-48.655192104148966,-46.60924074197869,-20.1343524979663,1.1254166030617447,-22.214232789626447,14.697178010126656,-53.19230142259736,-65.1710283552548,9.574413717387035,12.801480237969935
3558,-39.749457385290384,-34.70941304513924,-29.727549311974386,-16.661621344151065,-26.67050380630591,-16.871513844945433,-9.993319955564909,-8.95278342010111,-11.102583559111423,-7.524138687419453,-18.782441190721798,-5.516461844407884,1.2679250410423655,2.6269731648315715
3559,15.88605438423469,6.233194824144647,29.97619571473994,35.585383518446584,-1.6339823032191134,22.29021232696172,42.97058153522756,65.28369540915207,8.893128595519466,16.24158304821828,20.917540367899633,50.99477018966593,61.67978002685702,67.20728832667493
3560,35.16358170970696,29.40392688509622,29.758027262648906,31.38695969029294,17.54285188986644,29.176303713383863,61.73880479413121,85.40717573044495,18.666332774904358,7.930326682118726,49.05217695903231,77.31415145165772,60.273526551178165,69.22980382099894
3561,32.05534768830319,29.904799078831672,47.1315046121645,50.757612902456636,24.763528500867366,36.36527327141657,74.27603453959884,107.04982468640453,19.2736665130804,20.73772645577172,55.64074461719973,84.92137057941595,63.72291983772133,75.75688316111169
3562,-0.4588417205560048,-13.7050486382637,19.03175791448827,27.429900878101517,11.252336290467332,11.730074028590092,55.41506607735882,67.67504686020733,2.1467072419320616,16.164352998813666,27.657488559851238,68.23086512060476,25.64310735944877,30.7811282708071
3563,-18.14389701079048,-30.481953747610735,3.524478475002845,-6.177435727846138,-3.159495639833084,4.167759721842608,50.92892349846859,53.14984320834371,7.1454766283229105,3.507477771029856,15.891883059745046,47.36578387962641,7.175377910068914,13.786841801009114
3564,-35.729613366586975,-47.624847609752166,-38.99656237196383,-33.5796755424891,5.084007373469616,-8.049243653506446,18.492756593747945,9.647453325506817,-6.495626053627738,-5.921011649148207,-2.9488091682681343,10.122585881306945,-20.888283931566743,-25.230372625385574
3565,-55.5853296887307,-76.07340383989467,-65.22931568535355,-79.98394655684552,-13.789682904939758,-47.53033562203713,-12.171281365551588,-50.111000193380654,-15.996227673031195,-17.587964664772112,-58.26520169327762,-66.64253825583518,-66.89454675473968,-82.94482254576913
3566,-84.08429418200377,-98.87913069896493,-110.64632631094024,-124.19096580160334,-47.078477603197335,-86.02435091931677,-55.26305411290347,-103.99971195856014,-28.176126064246954,-33.400467089677214,-109.28060484537959,-118.55523119462694,-107.2628239128961,-119.51522722507016
3567,-70.56361126450821,-87.8681002311088,-96.69710695439763,-95.06113649268417,-56.979924113834066,-90.13590292901007,-69.06718897456074,-91.66251346920416,-30.672651646033632,-38.78439525205923,-125.52732647141352,-131.28814676539807,-91.04628152113612,-111.0086225841284
3568,-59.858502185636816,-60.42538736668547,-61.418124080233405,-71.73569681632165,-44.206628930647824,-65.77150364230462,-56.84314360365123,-86.40548368076176,-24.347332692462004,-23.614260758730936,-110.26101656675178,-115.1469053658954,-79.20737494655442,-93.73119251121373
3569,-77.36564132451642,-81.27981632074085,-65.60993394090626,-78.03451980658295,-37.311566704149854,-60.93548451329129,-59.742972575870915,-85.96757524971137,-26.62346522921054,-25.426263454401475,-96.75473371887988,-111.74644281219739,-85.97872392625617,-95.74698517045307
3570,-22.505366515294362,-31.413666873593144,-12.050280302123804,-23.092200222173666,13.865754278438795,-11.0819316988026,-21.070529275380927,-39.281899899858374,-12.834119592108209,0.4014033951102647,-31.038526406106644,-53.23007045363423,-43.0392726913132,-53.21835319494349
3571,-15.693289726779666,-11.598429085341076,17.67681844122821,17.319630788194036,15.700438493386045,7.214165479254781,-13.43667179929341,-38.022590191908776,0.12870032029301046,-10.815419879212106,-45.7282841089781,-52.20974815745327,-35.36720925009165,-37.06546675323299
3572,-36.30184857664406,-36.215261211605714,5.91751760426252,16.217589053560864,-26.24782356642912,-20.951669644525584,-45.64653093895179,-43.92452049202156,-17.486133552244873,-6.122219836389581,-86.33817292277054,-77.08745688323484,-50.61148789658056,-41.5566001096539
3573,7.565093592913452,1.4005300529331388,34.54245637162642,23.150128420239863,-3.0588207841991695,10.589309155405285,-10.354026593472998,2.74198224732122,-0.756010417397686,7.71869156540725,-45.529102869914595,-5.292959528759728,-26.101742201321482,4.683649977397175
3574,38.534440029594585,38.103850814712885,59.16353629803471,38.011489352351674,19.950211059632494,21.148762586742198,2.431786374641224,1.2213432949717942,15.456976833205475,9.08712401820651,0.022412032570776008,17.047815930563477,21.435194854990396,44.863086095785526
3575,36.622015407996216,35.07819835814134,33.732047604206144,33.61226332378686,0.1259049413748401,12.352369127183762,-24.707554029950277,-11.87712877451329,7.054658353537639,17.189266644570317,-28.57644907775216,-7.9350271926556974,8.813808570641282,34.15289331071728
3576,14.693105052609347,21.56148234288607,23.40108606892915,8.622990517390507,-10.832851143637484,-1.25804943027185,-26.06410138711943,-33.999509763303124,3.675204857438852,2.809733035862666,-43.59519597376685,-23.480614869329226,-7.084768177744753,9.604601943011525
3577,25.225727214448227,26.723667939746033,41.14909263788243,16.90592232393821,7.909605362007312,9.853392096123164,-4.050816281763691,8.532056623142172,0.7487805204587823,8.896466068991325,-31.749040876377606,-17.721610620471395,-7.071334266514872,15.316587071098052
3578,9.28031415188965,13.643836259389785,16.282107197417456,0.0941898198595533,-14.139602179607682,-0.948285511262028,-18.094856713748385,-12.601185154647206,0.6854718201005653,7.0312340718147475,-49.804987963146104,-35.75089750386307,-28.281089066555186,-14.592492054403534
3579,37.51611712121916,40.60896539124815,50.07327605656153,46.39398245219884,33.05810025576641,30.011964764856735,15.757237807883811,27.763012380400276,10.464177356097096,18.05007338288323,12.808532388797692,-8.275527452457872,3.087708165888791,5.5125918844594075
3580,51.66632087888351,55.71336370986072,53.295871963002504,44.40396898599245,46.74986881436765,42.04597141127602,51.28484030891396,49.90849218502472,-1.3117935963280416,7.9208599006979545,39.99161718533497,18.624149230406935,21.758910450421908,24.422458014729024
3581,44.756442881287484,29.646111154726587,36.608992340662176,33.96232417736577,42.95871713881596,38.43550339973023,54.36372736132315,60.53715655569297,3.8911161555583704,-6.448110408594549,63.807846531985504,29.213448205301365,19.07744281298058,21.61924101178793
3582,42.80572922869415,32.32300796457584,14.297768449501424,1.4228377964979337,27.80604641036821,13.573419391790894,58.06310423588553,56.45305658915161,8.843477392514865,-4.6071287714855345,56.09656457025999,40.80084043034089,10.305979102815268,18.431371419968983
3583,11.612167049348066,13.290055361558736,-14.646517258957886,-9.56871151694913,9.212367555237979,7.03928614784541,13.477113098412493,5.22593423352465,2.303381774987598,5.1887136861039975,28.61250668228059,18.393572312820552,-0.09999271630689369,1.7519402261587693
3584,-3.496912878186668,-6.178662175712645,-26.272088783958424,-14.786956157082143,-6.530178673566153,-6.147283531618642,-21.712920795232815,-23.980676127938676,-4.287450173658237,-12.611934296236985,-14.247308546699513,-9.568563133218625,-35.660442949656186,-24.822587112985193
3585,55.49717028210226,55.92810735699075,-19.93935972936761,-20.36693245232285,12.70670194210589,18.736389762959107,21.85554286480302,21.413706847199943,0.8821856992204022,-3.889164407838294,41.061258647413524,41.06522961058355,17.59600791673565,22.29813193138847
3586,39.189735051824655,40.70859460339381,-33.04651735568611,-45.38684841628227,-12.167387814036212,-2.7488091985212795,-5.732648142879008,0.7294968881670421,13.612671437358765,-1.8881658474774703,62.63190031650396,45.451501826255935,18.178988946170072,13.727683046684598
3587,17.466763652249064,29.689662751672866,1.6407250843471275,6.792998145518775,-9.236946674073272,13.925871744965217,-12.36727825001152,-10.450821605251026,11.16360506762959,7.388876275132905,46.34233480493134,29.90616743155993,16.993315096181583,13.030179994585952
3588,0.2791918157649744,0.389187882586564,-10.85703424760654,-17.08068606749069,-13.82982084880701,-9.773829850724265,-41.93929809914748,-51.52858033804389,-4.533695206774948,-9.638921754147365,0.44940251503711703,2.7650908852806797,3.7337599495278826,-10.427170942315378
3589,-3.8616195739275745,-0.02934603530031077,-23.757639638376457,-27.596194045042115,-27.03173119355702,-25.09268341033112,-42.53623502072804,-57.06864316090315,12.961565856118517,-6.782607966328625,20.763548607322623,2.0833748443566713,26.611444758813068,8.745701762809746
3590,-8.10204294784188,-8.75184439858525,-14.14448497625717,-21.21207024956332,-24.431752320492286,-29.0526399712358,-33.51001395597789,-47.2995877930646,19.858974756388772,5.455071235890584,39.842125177836216,-3.6117259677215876,46.75008984530476,11.59617861199603
3591,-10.414904028122175,-5.21717694961371,-8.472656515181354,-0.21586805466624148,-22.179809244147314,-33.75607487380454,-37.08050540805561,-38.565780739747034,4.011448830546987,2.301702293521629,21.164104985584224,-20.388395346348698,28.315913603893325,-4.905770128528961
3592,-46.94621725762965,-50.03394627627909,-22.2269775459347,4.780550840653375,-34.177768845102825,-45.69769606834813,-42.95686176128111,-44.021461697421515,5.064531851721309,0.42986346011328713,-28.711077351616694,-73.88919881333752,-6.256500523687252,-31.3719612228425
3593,-63.46722362880678,-56.47466393878487,-37.30054973402904,-16.26934902018394,-56.376708452053066,-64.56579399305963,-43.54005154899246,-36.02270673773249,-9.366457765710088,-11.020734220418785,-56.24978180721156,-98.1251240220335,-11.378003574083843,-42.42281594078701
3594,-52.26255501633313,-56.66880740878217,-35.631911621178936,-20.833987571370585,-47.384061936068065,-44.54445935708956,-29.638502013280966,-32.862855874832846,-14.32538327130068,-3.6820929873082937,-53.33755914794524,-61.06157136131271,-25.88995594170968,-44.99185714083284
3595,-24.486338881724862,-26.01216577652337,-18.870381338454028,-5.411091933150956,-30.231757430157646,-19.71956672139354,-8.369304998946978,6.015549871461684,-11.65649359750113,-2.6915791581839734,-28.636400884881166,-48.43885920436487,8.045275050848263,-3.660818148511631
3596,32.14356089163599,39.87394035766091,-3.832003193645677,20.442016420573335,17.44096201007696,33.069015294642945,26.54685393343571,40.6958715006763,-4.4345682049010815,11.914312765192856,26.43524042361192,6.875113382297474,39.28630829889637,46.193302902767634
3597,2.173382889428207,8.678178625636203,-5.222906562557566,13.285885903928559,6.808115787325113,18.14740178352605,4.553031257584265,9.87380382466144,3.683422356725435,6.255870935180723,6.71551404882879,-2.7079619831217436,37.888008009522984,43.16033344904888
3598,-14.96511902080676,-9.705966104017328,19.683740919942746,25.007781494103952,18.37090819024763,28.04312303514626,5.811621879560127,16.86878371499719,-3.777580064606473,4.948661471570057,5.5287648897423765,-7.067762376921248,35.54978041495422,40.61369219656843
3599,-12.621376116109108,-8.128063713616415,18.29787257055584,25.9116342135051,30.634112702982094,23.164787943454762,21.027238234984935,23.896158466580765,1.9732714041500234,7.406269596745626,30.766720389705576,-3.266402782521425,44.71760751190599,34.27023380770509
