,LH_VIS_mean,RH_VIS_mean,LH_SMN_mean,RH_SMN_mean,LH_DAN_mean,RH_DAN_mean,LH_VAN_mean,RH_VAN_mean,LH_LIM_mean,RH_LIM_mean,LH_FPN_mean,RH_FPN_mean,LH_DMN_mean,RH_DMN_mean
0,2.70074752727328,-5.506214851756994,-25.31134071368555,-50.76174303256528,9.83933193995648,-2.86921303434893,-5.6509207902861345,-18.992796685573136,10.72804171191657,6.261289820202513,25.668106763274903,40.19363177903769,5.179251638063198,10.371169409417048
1,-2.1634292026855673,-4.7489600465469435,-51.13594358427415,-55.761794368961894,-6.945692795589925,-18.168060903713542,-32.78333492423308,-33.58600310945437,-5.619346752006918,6.030688136063083,1.546316474574569,25.16928643246139,-4.460448011636099,11.942092166386283
2,8.040578222588344,-7.480589255364487,-63.63355035765414,-61.185822125485934,-10.14541333486979,-20.500310471382132,-51.79982315343951,-54.951842523045364,-11.921769668088032,-0.725557553794232,-2.382193930252745,28.964088026393004,-24.885694248841098,-1.5419230026183988
3,5.1564011872583215,-1.000425596925023,-46.91372467534512,-61.563144346001806,0.001181428263723694,-18.984176264159885,-43.26112300554076,-40.259256298631385,3.4337264905989535,-2.5981769956316256,6.703066201063972,25.284525273651955,-22.329520286787844,-8.15617291207437
4,14.152461130111568,18.37181704332444,-31.378182577936794,-40.566199715939554,10.007142508199557,3.3538297245763737,7.0270203927461035,-5.368670205789977,7.267022731226657,4.474299304644504,24.197888065814713,25.507857524701876,-4.156645225897378,6.9264796675429725
5,19.696152965033267,28.22825497176301,-37.63635195948199,-30.661724802014803,11.852212234346196,12.749773653526265,-2.906700926882198,4.267473173521017,9.614709960880132,9.505926210117426,33.81140804040579,34.72660262600155,-0.578493023277209,9.46012733334074
6,0.3745800745508087,2.6405867407788834,-34.21212792417336,-24.537708199678484,8.733393238185416,18.933343087586497,8.247616945176066,3.904237662019878,12.086760172279787,6.222074531440813,42.698254167907564,20.992696161946444,1.3704813597462464,0.877849006561322
7,-10.252145956599271,-3.110550023013884,-20.033881592823136,-8.456375651065132,8.474581160317308,31.336288549188776,14.587845745300127,3.103267859155512,14.014265264859041,9.906265724606946,15.601402656731237,-2.2764156069943815,-0.1622347597808087,-5.409936754788956
8,8.025973564985735,-6.711272218632155,-26.540467305700286,-19.406810265228074,2.6246118335841144,20.5065593859253,2.9079328574871868,-9.34399286753823,2.4946759405367196,-0.9810907979914756,21.94431512123504,3.135149411204322,-7.186780700939311,-10.68198036164832
9,17.650533238171775,5.019237198966117,-18.964795402181398,-13.652219407163711,7.6029414449122745,18.790609825713716,-3.5197489986387245,-19.794007576484717,-6.577102944196078,8.509446426968891,19.38116111298441,1.0218834287987402,5.009377472657858,-8.224479494494897
10,-13.912885686402653,-18.10224493544634,-12.510742628830167,-15.58743533526974,-5.751475883084293,8.530868397056302,-25.44442070659397,-23.731625697389898,-5.901635127361328,6.895282327101519,-15.111876195522658,-4.7500247418061186,1.2964151760569196,8.253312840790015
11,-37.423467864348304,-34.87723976986932,-24.6378941256791,-21.069415290174412,-20.60289915927923,-6.9325279165897475,-30.792149318533003,-44.39063123970054,8.156255050388069,7.401965442313615,1.4295558305447393,9.418189584463462,11.563925653667594,31.694298245690778
12,-53.7568621567628,-53.47171034182612,-20.660229677836448,-17.589377470860256,-19.32064955134169,-0.4455552496688039,-28.783678326629193,-31.842965650944183,1.718627565180441,18.921703978449873,-20.046529558885993,6.714268026198138,12.576069455587357,46.07235499279059
13,-78.49024511797788,-64.5099565207495,-6.529119802057515,-13.077851181998701,-23.549266056930932,1.4215732149601519,-19.70584195918693,-14.337917135408691,-10.932839434822833,7.722994870673455,-54.03282917764805,2.3064645418652256,-8.35354734760246,35.51956485835898
14,-46.18005254935459,-42.108838616155275,-4.3130128791623585,-0.922232596087466,-17.55521194695964,5.177544749720336,14.668826164456421,14.573448179123329,-4.294433640546786,-7.047090487556808,-31.695354193360213,8.967956888733365,-10.519517287492658,11.140877609270985
15,-18.6638325330889,-5.016463304708158,23.299050103953377,21.31142948230053,7.260548948514069,17.65194101198431,34.89357095659774,37.525463366328815,0.7658904120972049,0.7732197774519753,0.42173337939784616,13.190377548260447,-12.108480752667399,7.143441485408579
16,-26.857884008770505,-17.935677573743458,17.866152518336296,24.40967289273856,2.3536987902140534,2.0253089687460415,35.37530895120941,23.907360398898312,-14.08076176746514,5.9805844886438315,-12.991051645967499,0.19290102504801354,-22.255562430181406,-15.29389924284896
17,-12.991889687089776,-8.533900671055108,-4.157211447985142,4.470647406285597,5.820274348514497,3.2063912272027855,20.83100244272531,22.17016605494128,-9.862940460336782,-13.843535569494232,25.011048165671085,15.020234186431313,1.2096695871881407,10.671689939036776
18,-3.4340560865935004,-2.060979742462365,7.27638490697258,0.527985477526506,24.83948299372053,8.550706584420896,12.718708637962967,0.24171050630678342,2.820938073496613,3.2605048774440526,54.542127815568904,32.01403954301532,9.639902917608335,16.1031311450374
19,-13.43369653711667,-11.142061650308774,18.63653505915593,8.379799620128887,18.318191657202668,2.5201584111221167,13.260989155362456,10.472798470327017,20.387614971165238,9.9146376627902,43.38818055378076,30.43662419466557,8.296419232969317,25.463253399564042
20,13.973157002278207,6.208751519692976,30.76240315821894,14.304103403591478,16.885231080763994,8.37484893602862,34.48390159927016,39.29208703851113,2.093481302731393,12.35962510729121,36.64144688842898,47.649554133084294,6.574725455753671,25.34943902004201
21,24.451909432044033,28.942469220470922,38.10499033824433,25.259317433144837,5.922197769988962,11.79262243328871,38.17744856501098,45.77371732754543,-3.494402319982091,15.673563081456713,35.66367432904596,51.02537027864701,7.5567119368705,34.610686352382345
22,35.00263127619046,36.11528898892135,54.21108363287525,56.683405229715646,-2.217855223499445,10.364049104046515,40.467414712459416,51.692144096927144,0.8866035905376819,6.295094782533843,23.6933794415935,52.90206695173326,20.139578291703078,47.58986330920232
23,10.505988569810386,21.211242947963548,33.51796568378403,42.89420596626625,-1.8278187376617139,-1.7293336069600354,40.30058079839739,36.15807136758424,-9.388396045147282,-4.699235076206393,5.736560189085965,33.8619025028002,12.597862151431077,23.95745870499244
24,37.191887784981695,36.04233652306055,21.592620576382746,25.527303747130308,8.890279996177275,2.2540883058507353,50.10898779585076,50.69178303526651,9.446508439208491,-1.4201811767508303,49.55885191703894,40.59205052951094,31.44764785000805,24.216020795600233
25,18.178931684654856,20.504547361942322,26.86870697571324,18.34835981492808,10.462012138189952,1.5678285008262078,13.703369128074213,31.7811129082093,3.104662918194247,3.343973050871802,40.948189775330604,8.026650851160078,14.87398580395104,-18.812992464079603
26,6.706578720865561,18.113988804017293,10.922772005171439,18.84775593095999,20.39257234603474,20.555899746818106,13.15910655019253,7.031238325150653,3.998565990854825,-12.547694080047552,27.017955143796524,-9.697238077392111,21.27761644770978,-27.850999016669913
27,19.525240325588822,35.16884340855644,10.426641554747745,19.286071442991247,16.072527521808997,35.49611202237784,5.706342785653538,29.790339158318965,5.780099980750823,-10.026301671308401,25.189980840019217,-15.82008331065314,45.39858801577971,-21.83768964827731
28,17.020601885524766,32.27072034089235,-3.9488436008171726,0.7268809696957506,17.199190872594475,33.25572712006148,-2.385521391242167,2.710911274927252,4.53906856850899,-7.583956310166169,39.06600101494435,-32.81583820938829,50.52258344687777,-6.111299886267421
29,31.464307144774075,37.69946502654679,4.182483369667378,2.58000620957341,16.318164470424165,23.705253837375317,10.15536576153801,5.562815672110711,13.927126904256681,10.411482117665976,48.07353448593712,-33.02234641953744,74.06430764215857,22.906601581115364
30,6.796957703500084,12.297114589305487,-0.5344757791395347,-1.671099314332971,11.596973437828652,6.665171727532152,2.318094530195508,-16.353722062985817,16.236434455013647,-2.35794744634076,7.787150383501917,-45.27543627758261,64.41031291252585,16.815840044379744
31,11.303907006371283,16.949366685736855,-12.588737321428015,-25.075969597076753,14.961771451286896,18.584145560947544,7.715722465502756,-6.244702592670104,12.363927187959483,10.118161893618064,25.975264093620755,-20.885972411766318,74.57135112041604,58.90617485926573
32,7.370973888026094,8.244289091998652,10.636843461007489,-11.680616117955898,23.893168346024833,20.397801157809145,0.5575108926114377,-28.083179224765427,13.655334542934549,8.900793508487727,18.04519783113303,-7.925432518090623,49.197515464010735,45.11416961938271
33,11.444886504010139,7.657765242427745,13.600609688734963,-0.5471169742921163,36.91075947616286,12.371386465703381,-3.1736430097236323,-33.357750924794004,9.626555480549131,8.080956332659992,-0.06536820664182841,-31.807054531543525,37.12915991558872,3.00634880227327
34,16.18018542683117,4.363042801847824,14.980814775070082,-9.644660014961309,30.50479625103962,-9.265002084957368,0.2778294250398469,-47.00236551262104,14.98820155113213,-1.7122438650222565,-15.659803603677787,-34.24300622713264,11.00253773973134,-30.90160281841244
35,-2.377792029940606,-24.84934868598715,3.806800576054815,2.7395305463954287,15.939170825109407,-29.987522289689714,-12.328494669379356,-33.71923344092006,20.67761467397992,-9.156699178279474,-29.44556111540185,-48.17533281850165,-15.029143316100907,-67.12824470082322
36,-20.868919157254215,-30.61653528477674,6.746447563159172,6.278750944140127,12.494966211508258,-35.57764097187937,-17.24252918072885,-52.99747646848996,9.101921285098758,-34.56742957040498,-33.0877245324536,-75.01135896414921,-24.48683706817999,-94.32605710034164
37,-28.472552064323104,-37.051397472439675,18.677288361643367,21.778837239861694,-3.877538771440297,-28.657685786558552,-14.220334034840246,-28.508453171806575,-6.51935757953202,-27.002181717758507,-48.413325436603586,-76.15486125813652,-31.647029585843526,-90.56023853119275
38,-18.369290007848733,-21.38741506931971,23.316565105249044,16.872893478943993,-3.5237632434209765,-11.501262259363964,2.454651963591286,3.5643610465969866,-6.840094941859507,1.1819464380137215,-27.625095092313774,-35.4006932168438,-35.43868838590592,-37.311175827749096
39,6.811027296885315,3.4355676553728913,41.44620891068015,30.815776008954536,6.433062120577577,-11.622488576489852,2.131489281786077,4.618409884112273,-3.6184707170102186,-3.9777035046265987,-11.97194823118647,-8.507926088436024,-23.2141116615053,-8.920910325108242
40,14.79173546095573,22.272388870853955,55.38255643985476,37.871890426298485,0.9002275003920713,2.046252619753821,9.335069230988339,15.749786074895692,8.746174955132375,5.701180787277655,12.013513164826351,16.72930656856749,-5.029519497522509,3.3004232179724853
41,31.014700543137888,33.541587693022365,52.990833748174346,31.4414060351355,8.831399844002792,7.95329685540366,24.661987885680624,17.460665265896054,12.61570919706159,12.87934347253012,34.10107437256468,43.443104315297326,21.625834618295332,26.551301913151903
42,33.13233181706997,36.323707580460606,50.89331358586486,46.95832644033255,1.1786942931439055,22.194029913329626,-2.951679604393887,-10.053181441428377,0.25622943233526385,17.107864556318102,11.803336249415285,33.82079273044635,22.285973111507477,30.086303067262783
43,12.564109034857566,22.737674777871295,49.76124087747659,37.551424387551414,3.384567854806144,18.2386066358964,-18.85058447577136,-5.95928047907781,17.774096658625716,22.89191668593685,-16.92006190567253,9.09179541754464,11.111837079605461,12.173129677202835
44,14.298894958070548,23.592675817296755,45.573793438033356,44.38429170908559,4.350867018010792,20.2840249438401,-13.875988673930385,3.80207502753059,0.8081455197465274,-3.8159337589293663,-6.785291492534771,-0.5776287828681256,-8.106360388039217,-0.7373528458574863
45,18.45995057638025,29.73088447338965,37.17997407052368,41.30992910064677,28.383471429490676,21.5257844102649,7.182929990200976,7.765902231945546,-11.135897127417486,-2.6963408567602674,6.131174897441067,-5.1232192406380745,-16.841481048444088,-2.700000679123443
46,25.82835304498576,37.59629739604687,58.04274861999872,56.181668553199565,34.664627449385094,28.1728951441271,25.910535214926956,30.974372426179883,-9.29002760232958,-6.748216922588896,16.764877045479988,-8.21103684321652,-17.758730143568556,-17.89052095921096
47,12.44936027455613,22.75837433271224,34.94409336190429,43.20225915005458,15.917511441876814,11.974862349022013,18.467401435255827,15.651829980804925,-16.173864663827136,-7.590761236695933,10.023464664436972,-18.791874549775798,-23.39163781839396,-29.250630163027868
48,20.755947614275712,34.053888808919154,10.740315732611956,18.137271289505332,10.229526508186858,11.542441160104492,21.016838869176535,13.069180158800691,-5.199105633711803,-1.671059837140012,44.89208596186482,8.210256524242746,-5.177140947378318,-11.242342078808688
49,13.954648091113976,17.021271455587716,4.867162745999636,18.60425627444811,5.715085815283282,-1.8327084004882301,9.301801530369692,10.556334045991694,3.2472510226401154,-0.28299350950973157,45.46556998659105,6.800694534998677,10.334763851031159,3.4430584533509108
50,12.871445377051268,0.8825253038747102,11.018121638269262,10.547663036975887,-9.12203284712613,-21.946723345309085,-3.556167349803437,4.043303419481684,6.66046811319449,0.3492063221316899,20.200084757105664,-11.58243825981818,14.187588922910265,6.416182222424357
51,48.71962391960531,20.727331332841036,-10.461584739661246,10.181758285862529,-6.143991984855025,-21.419641471347045,15.41507298639357,30.12654721285952,6.606127375092593,8.215469968235977,20.123648724604116,12.742272714600963,21.44805607874457,27.806280696406944
52,37.759229581868176,28.438225318564697,1.0199776688265818,8.841647601799941,-2.7161373184663185,-3.7920896804116055,18.311290449287704,28.618160785246904,-14.483720481520036,6.069423510043228,1.98679169173516,17.67487695990558,-16.388192500912997,14.46702157212075
53,43.48917024538039,24.631945680831997,10.55621049439026,14.733464897151755,6.715273033017647,9.929460368879589,15.029387196746367,41.58644502891787,-8.028361182583458,-0.2102495331958485,-27.379251641847354,-0.9051138792051299,-33.819700496532484,1.6337628799832784
54,32.252957578844274,32.83740477391599,6.969383459004457,10.424080674116308,-10.548486452494489,-1.3229786884053691,25.703356707496663,33.384841914295095,-18.965401550383614,6.140724237286391,-44.36978508477901,-7.610811625327342,-38.39577484784377,-3.8078478249849805
55,24.551493040921414,9.732826643093102,-5.450179258576985,-1.3458485276830836,-8.25026731849943,-6.777327425765917,11.510241220234537,30.854477161717874,-4.329424831611795,5.3097952830845925,-12.827028491365365,0.44088296540162414,-27.36377528926181,2.5666473932243368
56,2.443229436568492,-6.247712565142313,-8.010284727886466,-10.410246863105392,-1.2421742556359314,-11.28940789128943,7.977167868015047,18.14856491014631,-8.803340561060958,5.342193457308948,-10.30857218985603,4.1437262807005215,-22.769150856415845,19.152210119426407
57,-34.187234914392924,-38.50657903079163,-15.440774914196405,-16.70840664798007,-4.743154349707424,-31.903342721706284,-9.578828799941382,-0.1251555864105324,-8.732309947437871,-1.2846855541887008,-13.950661050306378,3.1787830376667423,-19.421944386066528,16.39800982979984
58,-19.88638301040827,-24.358283485797013,-37.048699528440395,-41.66179874548496,-10.35758470725772,-20.022970996082908,-11.756318291501204,-3.1134620397308703,-12.589555560741113,9.794703500528403,-5.182223361087099,18.466924636638122,-22.70784391749269,22.237421772331356
59,21.19323877185512,13.520834120019172,-6.03562869419007,-17.89083396723981,-0.509943385630826,-5.876726747182657,1.4144021443699812,2.8204150118987874,-8.55644585750126,-4.636801078211966,-3.4386957643412313,34.490658505983575,-18.587488828704807,18.16284318177264
60,39.92955666487485,38.08619801348257,-10.042203898600588,-2.5437792959553356,0.9958606935549911,6.447541958777348,-4.451974747393353,-0.48455100151986025,-10.022612428564626,1.5208534287803186,-2.130055056094805,25.703217189218954,-2.17369602140861,19.310836401394173
61,44.2279666211937,56.07341206102286,33.500378596892155,22.68243102525034,7.493033987729257,29.50818966651164,20.408554623124676,24.051437154187738,10.854797021528606,15.507734290677435,55.931022687618835,71.4393200757932,45.83992328052141,70.63384274869681
62,30.496036819847106,55.041618410956254,37.837484547312364,56.399139910438194,11.161677660084207,37.13534089859534,9.402682828030894,26.436981245687456,18.80214466564388,9.94910015302255,42.07320898604214,22.61383308409123,72.95231559742844,60.50466086703048
63,-11.971059822000193,9.215642200553813,-1.2634938793703883,5.2051582403114285,-13.973018185301704,4.798118307764491,-18.010090553349364,-20.003686732748907,11.740306215556894,17.737578068965895,2.8884257704015264,-22.431585215578718,40.87763177065759,18.317690478194102
64,-32.113324329608275,-28.133453922241983,-15.04588197710514,-15.305109354165525,-22.827790040356305,-17.276261643976756,-45.56021641708021,-48.735237016218115,3.2546642139282795,-1.0461928969399716,-21.186957578962847,-54.918614575747455,21.23558860292956,-0.40531309315424574
65,-50.078191111248195,-41.99415884736419,-27.199845920241813,-16.01675383502332,-30.802879573013488,-21.635666847853518,-62.334711783183785,-53.046139996805024,-3.9670448479211706,-17.251996021323297,-61.05000375182688,-88.1110831160721,12.063180316318599,-28.222913234874873
66,-20.00313333266343,-16.41168148968341,-49.89703292190038,-40.996123570467155,-24.33005600643929,-7.531808693666363,-48.766743255019456,-31.15125716823477,1.3969160800500997,-4.817045996681984,-41.98605075256876,-63.318145483830044,15.35383360976532,-25.538031976445396
67,-19.481857784269394,-17.582157792770097,-30.90293186446627,-26.582301789281527,-26.040340300289884,-7.897074955681217,-48.827450516679086,-35.663870715789514,10.919926994238162,-6.759174531516831,-73.54960508942455,-59.950718549719895,11.525534193556656,-22.181935146606193
68,-27.592115846896366,-37.18547477639819,-13.041442454804889,-19.86058403810473,-36.79452208759217,-16.464670486590784,-68.0796780016898,-40.549141257509504,4.370544305471536,-17.88033504348631,-106.2469853613716,-71.46018737380385,-1.2455748598063323,-27.79087780906526
69,-12.094218605978595,-16.814604259358028,-19.029657790478034,-2.479684115801896,-37.40612778644194,-6.854432193997458,-42.66463162690799,-7.356875561426802,7.148643341609137,-13.29019756823892,-84.22868550587566,-31.548092906740052,20.182969919170805,6.760503183376302
70,-10.256760399701442,-11.786621485812432,15.24671328111259,16.471452631179112,-31.465743059144387,-2.302507442148472,-51.83182589532343,-12.814171349698423,21.73180862079448,-1.154783659542896,-94.44764468894748,-32.2738443305234,18.927943614126345,8.958275978675148
71,-35.7554013492433,-34.188658220846264,8.950500607746685,16.692877936487207,-36.48714347858657,-12.418649756432647,-64.07838370748752,-37.404018543020264,11.448545351526036,-13.325107815622115,-80.405949521385,-50.62860635924306,18.41729247927715,6.534198104659672
72,-23.70788575169577,-11.408441329695416,8.531265706661276,6.192109501516811,-19.54781439758161,-7.09554899277869,-35.141731729940645,-22.2857889009154,19.023690524149984,-11.872598237442762,-32.3840874026111,-25.33257727697166,33.04689320940944,8.762504132045658
73,-33.29464356306767,-18.461492222965326,13.193536365305578,14.885693554329745,-5.9072117762329945,-3.319878792781708,-29.92799267991376,-15.13101526121218,12.22126329175002,-1.2390502556504979,-53.77230663336921,-26.631584015570287,25.059327281806752,-2.738472119885339
74,-14.381512458262414,-8.169432334760327,46.41559501695061,44.53383872294831,0.32738711658024056,-7.451235501120536,-6.172026966751038,-3.779896331723394,5.26238861539701,-5.588494195037132,-57.32999445485008,-23.313636847733378,-4.557099136884501,-20.360056829215463
75,25.98300673993187,31.646018733154186,42.681804875778305,52.724075751712704,-2.0227621455832017,5.4407979964832025,7.04900459314313,27.83192669950323,-7.323966601668844,-18.39264671830024,-44.04881596413924,-21.6904593326566,-27.337548763008495,-42.32178224811632
76,43.766464384375,40.74566055540568,39.939107267252126,51.106094330642,0.6202386113210315,3.2848736027032097,15.144752215769605,31.09581050710519,-15.431014373661958,11.198528018728688,-34.35785743323241,-7.637594209829235,-30.811275346704804,-36.000774944363954
77,34.741027945988286,37.839051162695846,40.09017021623425,35.933085254373985,-5.824880897302483,-5.730117552227312,22.794265677285512,26.08442146111968,-8.876086222526027,-11.233546988888163,-22.64398848015307,-2.5298627130475646,-29.323485655564777,-30.232874316047823
78,40.19078529352143,30.643422940813103,1.69467644510965,14.035812296804734,-7.034300325550719,-18.906504907663553,12.809653695282478,25.245787025597384,-7.365027695117756,-3.9173865916277797,-14.53847223001592,-13.971214407539703,-22.5736372440135,-34.95049517777374
79,14.319793742836238,8.84273694654022,-3.259018443543893,12.294987718647297,-5.068196884738309,-4.06959675412877,0.21115534080372328,24.449844475969066,8.47145669782691,0.8180805509430717,20.933660630954414,4.895396085667775,2.3868572451473664,-10.360513880872105
80,5.668118302700796,1.3818877013678812,13.556692868485522,17.39363503352015,0.4057718365619852,-1.2059879991116538,-14.5002014494266,3.5704425346286053,-10.37487999544799,-9.166849293362564,26.811165634979318,7.015004115099796,11.09549053608729,8.741664740847181
81,9.678323098453564,4.712272297641853,4.652256684052742,-1.2098679420039398,2.0162636236813203,-2.036605296493709,-17.98855454283223,-2.313494899535506,3.185409064137383,-8.278665459167758,32.963304182358854,9.562178581211498,-7.522924792356442,-5.868754228761563
82,20.44907978320991,9.698793012161936,-2.433133263761322,-11.479847589152604,4.4380469163719045,6.690581309547097,9.160822565716371,25.051815394117952,-1.774413031020238,8.806822320745546,32.121046572797766,49.73327624144229,-7.950007611194376,22.73394701361497
83,40.94709602632535,16.090578621121594,6.83879638123927,4.799202920841655,15.058806801234995,6.261674291309773,9.507768954100385,12.58485425796268,-10.704276204031347,2.5840824032093472,3.58950035417735,33.179493309750086,-29.252748953017125,-3.447792588041077
84,30.245947744393018,19.849345530636327,5.926510480320641,-3.4650932201618887,-1.323176565773728,-8.063675351855816,-1.314485480786917,-3.7582623884556163,-15.719352662839976,6.151795060355599,-41.823610684558496,-5.70348558704507,-54.55865770544171,-35.190702169704785
85,11.878342916701351,2.630204954790538,-32.69064885758947,-21.61215726909068,-4.852936656624752,-4.615457199266141,6.937335655519755,4.876679263500321,2.1789931958057323,4.321943990236845,-5.677645842222088,-2.0331572874270467,-41.57581165317692,-35.385675170793746
86,-7.819794128902067,-6.887006097411263,-20.489109634550278,-18.47814370035411,-1.6353493858938535,-6.45228401205397,15.059536232506877,11.59809379133235,-11.031138938398165,-9.359905073700304,-22.915251405374242,-20.764551871072918,-21.64295637225524,-29.417432965921304
87,-38.12360409317537,-29.477027804293424,-19.93154598748116,-28.544301263892404,-9.52190641464799,-19.41268961257856,-9.29942052794902,-14.595254883208293,-6.713888305720938,-13.803862367359798,-42.41213737132488,-58.003303315795506,-35.7159855640677,-52.568534130745114
88,-24.00624142688428,-15.676481963425697,-32.46996507063697,-33.93627079318541,-7.184433149591939,-9.557703718669858,4.724129390561332,-3.8061794274241914,-13.894155871915393,-22.68520508824497,-34.073619789844784,-53.701217161210394,-40.19018967405917,-65.58334862508165
89,11.571233210129504,12.270590632443302,-33.192928619583206,-30.075590573679698,-2.882778605058704,1.118604734135133,7.8371763599866044,9.85971896174916,-1.2371412891079505,-2.4038861931198605,-7.43944518126944,-30.004135661556486,-25.902843640506507,-52.79232408580717
90,23.27668591905753,19.057519383623493,-46.50028149528966,-31.725901888764188,-12.407174496202549,-31.01666779262038,0.45753300295092814,-8.852548309624737,-12.237495186499713,-19.420274075295787,-15.616633073107977,-26.856836168985552,-20.228123229478868,-34.26475218280899
91,44.119077197564465,30.298606940013798,-50.02527353502466,-33.55650442595216,-8.823573459138085,-32.906269956508616,4.279952298138729,-4.991357663296091,-9.497484099025096,2.8808413484622495,4.643622904515481,-13.513072422723162,-19.814414881703815,-22.746748077046288
92,26.20781934764862,16.37583766575024,-49.492302775210334,-31.034615682302345,-25.539902901834214,-33.73960406312449,-4.701338559838321,-14.403759141405652,-13.375971265426623,-15.522057414199482,-24.262741738249254,-20.167041132136912,-23.26331243546377,-22.521211081653846
93,20.839894251254197,19.97772098213357,-44.49053579571811,-31.868966284832016,-31.219661886214467,-38.70402719884822,-11.992672695262815,-5.009037946990924,-20.34440582671593,-8.303025870610893,-47.50463765064575,-31.388055325186638,-34.298735463891994,-29.10353607569175
94,39.8449171485836,34.746860656062054,-52.259571496525524,-42.84247055860873,-27.81977719532853,-22.190254856912492,-0.7675894726044993,8.420609077517582,-12.690988337045399,-10.016070561108926,-35.58361137060697,-12.438975300435649,-35.7665487376679,-25.582973225557286
95,-2.270741144142214,0.2984052030875963,-57.797080725344244,-38.94801943316413,-20.93900397645641,-22.113430606257594,-0.8150060858198859,-9.297504931383491,-10.094388677773372,-12.208341989614024,5.735842429647258,-1.636763625091711,-25.197940452440534,-15.08511165042777
96,-33.594737705264066,-30.746384441444228,-52.24224181762858,-52.33173000000463,-21.95405994804362,-50.30966870623662,-29.724482597247395,-31.814512677623053,-6.207452453650288,-1.885756887579765,-8.842581153082925,-29.628490169761555,-30.826851905289416,-21.576135717592607
97,-31.612330826782298,-41.80160604296622,-58.40053178267132,-53.83208998695456,-22.31233639251772,-48.044542535621225,-41.455645217480416,-47.20150380701956,-17.308344094549156,-11.648876411411987,-32.8258325803008,-44.924064067116916,-44.92221554577891,-34.97690443078728
98,-39.67340778566553,-46.96719140784556,-57.969160620247,-42.88106914776074,-27.954553921728795,-43.42381993078089,-32.17715838569901,-36.11213703984946,-13.631574234725866,-11.10928700997596,-18.157300500998215,-26.934496077351923,-35.69501550694695,-8.001348743349691
99,-41.73258425732126,-41.60495045468533,-24.47898344863326,-20.54915387785964,-18.226007617666284,-25.908519935834615,-11.156919149713866,-5.627283051061885,-7.431894821202224,-18.587610669764274,-23.841872610395036,-19.637435170996596,-17.96924627363309,-7.455908210531135
100,-40.8015900950402,-49.981127882107714,-30.455611044681472,-17.530438202555487,-25.363317102184702,-38.21323538959905,-1.3638601497105391,-5.165675749583305,-10.761788142167601,-21.057717735014236,-26.657015592129994,-25.834756835394515,-27.023053445621933,-38.866190228236796
101,-31.78157993468721,-32.098028191358,-15.20080466615804,-15.029695642791474,-15.755145516074112,-17.86240270551367,17.38095710448092,13.417418676707594,-16.865182956951845,-4.440004789364335,-4.245772518784609,6.544647082921934,-11.926509500257781,-19.848951663878168
102,-19.674958764389004,-22.08469750509205,2.124081005028427,1.5077843181446422,-11.421152676004478,-8.645785929687673,23.703124576518718,44.26715758065443,-9.327871361870601,2.3928672572654444,-2.3164311345346498,21.739998055178297,-6.8496926155124,7.771374896040668
103,-38.143997944229135,-40.46095976304654,-6.242328884855911,11.801081220508086,-26.0800964866721,-16.998824636321693,12.153371923010061,15.052598821571772,-21.802810578910623,-4.732948308754561,-59.75352283489009,-7.575724173379893,-25.081346003211465,-7.587945781799905
104,-46.67735631971701,-53.53518829025081,-4.711987458534249,-5.015411977338739,-21.29565350900677,-7.26538488649043,29.449041515949624,33.44214158598809,-6.943728741115493,2.2044833050425545,-38.01678956014237,-16.69096483643797,-27.00567986040276,-19.29232394295932
105,-56.70457981690867,-49.11202477560283,1.9634073938299863,0.8591978364382824,-3.5871359130007967,11.943931746378041,42.66551048904329,35.75094673355663,-13.291422916669054,-3.848225128268237,-22.907315707409122,-14.204374143873071,-31.87050257197204,-15.052383310217623
106,-69.07817667504777,-64.808470717671,-0.37515161807374015,8.906398540849217,8.150962303638497,3.7232257864865845,47.60308519639499,31.470480670123813,-13.494937396343204,-13.623719352998034,-31.769598414681703,-30.41379858167693,-46.75669178531548,-55.41110210185014
107,-61.0464202555074,-49.68940476776217,-1.4825850422010813,-0.1506225725661109,26.10275352170649,20.152981140880964,44.57107957369778,10.403803616136246,-10.900236411162268,-4.711466288535286,-3.144485832624642,-27.325004501923072,-51.28627477044391,-56.151685347483834
108,-70.41414167469549,-51.788187603567444,6.392314448179547,-6.2182095419062176,26.391139229530133,12.351652045857055,21.941228442403773,7.145820746860991,-14.781740271085402,-19.95096375881153,-23.39486668800868,-20.263758588120822,-33.331243985488,-29.830218176796663
109,-58.2270821019864,-55.13249651177541,25.145312515198068,10.798806928490597,33.00548959755771,4.897306156322658,16.197907158798568,-0.852635291333662,-7.001564887415692,-8.110418550333426,-16.570362123089634,-20.08277620617382,-38.58466934370509,-33.778435680912644
110,-37.97025114967089,-32.20079473558779,15.182318447451772,19.613451744185546,34.122259959208954,14.954784753523592,20.7839214501434,5.608141030212855,-3.033548022858391,-9.504177355649237,-6.274887945708311,-4.179700155002604,-50.73338392576226,-28.1485597397879
111,-28.181236219067863,-35.89555669136589,17.03190852966917,10.112106200245774,38.58721696425747,14.597275717927173,16.945163739145226,6.262750822973594,3.198953982533706,0.5162625901803946,19.028222887947013,12.58325385607367,-19.312763000563752,-12.558549560640717
112,-30.405554704104517,-32.6102581049416,32.40004125624736,19.05425003458569,43.070545279330766,15.354797617936324,8.578771490007034,-6.50933975539692,6.319319577433255,6.043772666599837,38.42135551390376,23.571475791003063,-0.2897412179528688,3.082203382917028
113,-2.1072591329230526,-9.359017868976954,35.14508728576035,32.35954093208912,45.68833063195511,27.851436231499907,13.321480652805956,17.094407980589605,-7.939826868436586,2.304617913236232,21.759267046354193,32.9894748703704,-20.46329255221805,3.031191044112346
114,8.215673314000794,-2.445615780686241,32.76625351319099,27.609374157211928,48.258857156365025,27.345089275140026,21.279025158638326,12.593195056099312,-0.9633498274769391,-3.0757322010525048,40.55722968500002,39.268871976968065,-2.1739640749767393,7.443486652241307
115,14.68237649648661,5.8074728933085025,37.902877552884256,44.210022064931415,41.395657168235815,39.65533321047242,26.015528091788706,28.01376933973861,6.981103002739938,9.636525282160108,51.04087124741515,41.702722185664264,24.81208839051627,32.622136268295634
116,15.462096724747292,21.084232498594886,44.70499917067832,40.44328478718957,57.6892274713273,40.996234917089296,13.036527335635315,9.518291445996534,7.155589046953392,4.1203787964248795,51.6104854427347,19.115918363126763,14.45577371986923,23.429283791093507
117,15.311596757906695,13.257785369860951,47.554146153036925,32.649935894065266,62.39069934615373,37.34103293685089,15.649119771651915,12.498455992921546,-3.0912466684896263,-12.468037159330962,70.31652753561536,21.617719661793004,14.893310753606913,-3.0783112914634425
118,21.00901184179438,20.223937339626058,75.2146814286675,64.63455150816064,72.01326607379012,40.12359879629698,34.509189424891424,37.343342683230425,5.1817270242447,4.001994670482569,67.45670899661525,32.82141604303004,26.21234673333193,-0.9875664394672082
119,42.59414598261728,38.999254076532104,72.41818855502393,81.31987124252751,55.88522003866165,23.355184334917578,33.19848671978235,30.132924379406063,-6.06319668326534,-12.004367016648192,23.50567882546638,11.379572739459984,-5.637091316527982,-24.153804549278508
120,56.4347962845755,60.18071107263174,70.0720966035097,68.51653157258099,39.277322654119324,23.50132277717855,42.84648508620783,74.06316082624812,-3.7434346895957464,-2.3490684343120334,40.216670892275026,30.907241278243205,7.537996460720929,-11.065127351669508
121,33.04747677484768,29.99958241970595,56.26299748811763,59.153522588008954,18.21947176275643,20.239149986270004,50.464350760508,62.42347915973231,14.986951628254202,14.11831694663192,44.13049252949288,42.56344419769642,33.703648643640626,28.13058613014032
122,29.85512004578722,27.30982808016164,46.9159163701645,47.02840884825664,5.146648621432609,18.05568814653017,28.662127532021373,32.466698789368934,12.747745093833515,13.199592069008173,14.003691555356392,18.298795165907187,19.606539415824706,22.267667349646718
123,40.175432555630636,44.09758672384217,34.60014918342808,30.20297643409682,2.6779685645428724,33.219992064125826,23.727297894859408,28.4162123545824,10.249507418987088,16.733010095957805,32.12098520118475,19.369377051314977,22.96838602952925,35.99031011932479
124,26.437233946390926,41.89411352192447,26.328085518940387,14.118822285296222,7.420587841918007,39.986748945478574,13.441054669899975,18.166267763316334,20.491139992174705,28.34751287109409,23.092681241232142,33.585625699459946,36.27686461779189,54.852894404335025
125,26.733455297400972,49.1137783847429,23.04323087480883,29.79451474670904,3.078854330062077,34.330506679086405,1.4300218128900581,-1.2622747496803,-3.271263570167328,19.982578979367112,9.193269225167521,9.869388673356386,15.713738364797972,38.374812788537604
126,43.05112234369137,50.99112629547466,9.341899340119244,9.633694165224503,-9.109014692988529,22.292396858520636,-11.390290977396587,-6.255147271548012,-7.8731142564286145,10.876505316633839,19.421307513724052,19.617867833868296,15.355471883801687,45.09749470754677
127,18.039007370125393,24.027722579904104,1.316408014614315,-8.972470947581495,-10.454921531856485,29.982892066786658,-8.333674249103582,-4.180468439619534,2.897031753185963,10.541129330429536,32.65327454593725,47.52207179650885,22.77273187028827,63.470733382098985
128,-9.165135612490099,1.84152466116951,1.3758244717676629,2.677690711020694,-4.847685707739698,19.428403416151554,-15.583705979510928,-19.77844970010215,-18.562092382125083,16.181563703612827,22.98389097896392,28.730629714125072,8.216413346000358,25.141677899250087
129,-16.46061924188203,0.7773488072383385,7.519567823518346,-8.979830904596572,-12.318755330522084,4.754193412443791,-10.08884291534389,-8.665059355359324,-1.4059088774730129,-0.9051843902291785,12.765532014463478,30.82500597881217,-15.809163281922526,-3.374124462165351
130,-21.16987527224434,-18.634487895335326,-2.4444972105447174,-7.3690788091448365,-17.749153467104264,2.3563370082904487,-17.18825467113839,-34.96879760990836,4.49314294855051,7.9477103624894205,25.619839847032242,47.422060179787785,-5.574582258731136,10.328044563531831
131,-19.518900214543507,-18.871309071485367,2.5237184132787447,-0.7906182127090802,-29.029172328953617,-6.109980312597677,-28.381014271733722,-47.64569369183839,5.017823402374398,4.226836778113017,13.989984511027759,33.46578627047195,-12.646627544844169,-2.8342021128142334
132,-14.894061508312133,3.264895336774377,-13.49797093776978,-7.9728205845175175,-24.50242934046256,-3.313111207256142,-42.77252053512134,-34.12952432427128,-8.465493740784341,-1.488739831373136,-19.46688586063469,18.709543402085618,-28.742068630042695,-5.437040935244784
133,-37.29263592752353,-21.405637551354843,-23.161081273351186,-12.701475471468122,-24.004426916535895,-2.446487196215185,-47.91171807738686,-43.335868199057686,1.280844343445741,2.8823582288055265,6.351373549105919,39.384103986208586,1.4556195783680634,29.18918442076142
134,-40.09046621530527,-32.86362086792676,6.3095167044865255,-15.938281927751296,-17.306889635175814,-3.2036384064635803,-39.70177072078125,-30.51126514737849,6.268875077155395,27.760180034721863,-10.444477463546303,25.29888347196847,4.172880397858478,34.86935217628382
135,-30.583181769771922,-24.978525762583953,14.267749974072037,-6.952013059114356,-13.029437548023331,-13.142603076466113,-31.858956639717718,-24.181419003667788,-3.331563409626949,6.344375735360646,-26.23633724970959,25.483346513554636,-11.538209310036411,29.909679254867555
136,-24.45276924993597,-18.760956574935275,8.996204273196748,3.6901554502914347,-14.849834640284987,-10.086194463949584,-26.457391970811592,-31.785577277704114,7.697486280363411,8.069589500237635,-11.668555059981934,34.49427963358875,-11.701381214875251,16.46429026595099
137,-21.358984069240858,-23.685992713725987,2.394916836720507,4.706217104063827,-21.892043886478852,-13.871933185028839,-32.52369755081714,-25.238551154672834,8.628760686898124,12.412148484041353,8.01191584098715,41.042470310751106,0.35538889245201505,17.54006265342672
138,-17.83023093715947,-23.425879665406036,4.616389583040863,12.781886573243419,-21.0749874001592,-22.877438046603412,-21.26076269884871,-33.94476884618973,2.044354727051662,3.278125535411031,-17.78885056695528,23.55234596119367,-16.80730500671143,-3.6187282329141586
139,-6.0059372706201035,-22.45874269396875,18.182141222098554,7.914514428381185,-13.862887538898224,3.143071634754867,16.22896180190344,-2.0905220005833227,5.249122955888354,15.836227177704824,31.296887545849458,65.33228995979393,15.424808583551947,38.80150021166284
140,15.621545959889861,1.95657186783642,22.416795220164033,15.4822451341069,0.2506014323808483,33.81044114633583,28.714775331930294,15.56100892308451,21.431339082484584,11.355390796386093,51.177457543778644,93.75675525213254,39.32852986026445,68.81352558442185
141,-4.990127165819293,-9.30107651483214,15.025140997164664,16.413142224764982,6.217649082043686,17.69430554360189,22.54632224703533,-6.612202709455647,14.729847439543072,15.274614317629542,24.15496055368541,76.13533981152064,20.078801651243605,50.37532542644926
142,16.735186793451273,25.792331355311063,8.394296513218043,-13.964440226617048,7.999727695379052,28.237360446567344,18.164591033267538,9.928803797613938,2.2378528458948543,2.743850004321215,24.354548439149706,76.48656348669539,10.872808336834087,48.873065700182906
143,21.574989398704545,32.889049529311144,-1.155338389221621,-27.665860509732862,-2.7962598118282904,30.08829857462852,13.325053982694694,-4.549005229851946,-5.073030599952955,15.520598972552154,27.515594020656703,67.65340046827788,22.000490236694553,60.09710227477442
144,24.89919207584452,20.9540602463259,-7.119753366915618,-17.266016152535748,-9.562204733549075,9.483137812897633,12.568471815764607,-12.480614540811425,-6.029887456611978,6.844743689233937,30.680584342763357,49.61461580891147,21.89989244667426,49.354694257351326
145,15.276718835799565,10.597488383511518,-33.10085841512869,-34.28689822596281,-25.60459748351511,-18.396494330357164,-10.860002743840834,-25.961301210472833,1.8890814629287231,19.17986733406738,-5.943072013630243,23.35357049966068,7.0812154864590005,42.71205198879063
146,3.3615815009624246,-1.8074919224666623,-59.353605471090134,-61.0216325500569,-31.887778282487183,-29.467535722063424,-30.00251252017714,-53.11011559319387,-2.787566813249278,4.5636516354559955,16.87135934647004,-7.377029401976014,18.64849047653488,29.62226073308474
147,-7.477073590721763,-15.128368526344698,-60.90470067009887,-58.909135785695824,-44.99772067548778,-46.78721661680071,-36.79205887844802,-36.87649325654763,7.12157539540636,18.036800716978718,0.6841668092992776,-8.97459973509011,59.12819901202816,71.11774145939583
148,-10.154130857890635,-28.288121215171085,-32.42975556013837,-33.10794455160993,-23.752370724207342,-47.29856687516921,-32.91787123812794,-31.89861585784069,5.322288256671091,-0.12470871236274839,-20.8126929048503,-65.45968799126113,47.69088685247244,27.024495322672987
149,5.332628693244065,-16.17579702798116,-31.065784387296503,-31.120722017789458,-19.57872554481937,-54.93176368054565,-0.6289292258999488,0.7601108917452954,-3.328381621602548,-12.751230584182704,-41.943961123425034,-75.22960275841366,32.3114693395105,4.836379053841167
150,-5.128465812194771,-18.474670743251927,-34.97043363430897,-45.22206277280191,-13.266136262134252,-25.69718430320666,-15.23182601752182,-16.69754552149308,3.4101115274130582,-8.519240533539888,-23.549368971121957,-63.28789714118696,35.10878818866387,9.96812031018596
151,-18.991335447894837,-30.830960379357087,-31.37176767766154,-39.71177273672364,1.9829196970622887,-7.622880961586802,-16.318252518439145,-12.545770389924499,25.561037264821763,-5.2881560866619495,20.553447680075507,-33.37699997804593,53.73281018611005,13.041068879907852
152,-16.993810796688557,-13.378567682879872,-46.11732687918715,-45.95344924298965,3.1208116278271225,-1.9344469860689026,-15.60456372555329,-31.278978917506286,16.699669388878284,1.8676020592084315,28.974710877743963,-0.6310260945304675,61.4602433476348,38.15937367868443
153,-20.010629597042833,-16.560278623536107,-55.52896835461698,-64.40624370326438,-10.178504000222276,5.732351056292954,-26.58933901016331,-35.221725542795895,12.852605813312186,13.347145952590239,50.86620740011921,10.083223100622385,61.48090405258194,44.33409725925511
154,-20.463845911762693,-23.21934461814061,-61.73064177692314,-63.16672582934069,-14.282806701706443,-8.09035568835176,-16.29224216532736,-25.23547741668081,12.381489576693,-5.315645646493726,38.39341017309051,28.66293256816529,71.46478571801079,62.75776991621294
155,-44.90912291557037,-43.128316708026,-74.32510917603301,-66.67490101301307,-26.871803446437774,-33.334714055042134,-29.396012778102072,-43.796895454694244,9.505510823284142,-2.7414496956808083,14.717154921441807,-5.110875317707569,37.58976465019226,13.184304223345071
156,-64.79214286120244,-68.90557957861213,-86.43593937631692,-84.22172576791044,-26.100940187095777,-42.83453681546893,-39.38676374050291,-58.69633938380506,13.88111245115769,-4.6162341932776405,27.534294812633398,7.3302236262944085,35.352199391705035,7.765217626643027
157,-76.87402615567021,-80.35129401196029,-77.23440262809581,-83.2522728208438,-40.02395489462688,-41.325933774460864,-51.18591537508979,-92.42114248118176,20.25226291658462,-0.8536681710694328,7.608996042732826,-4.965654604960609,30.14401221148358,12.978969363585422
158,-97.90277515090328,-102.16158826033656,-82.50262468467074,-77.65627746884776,-72.82252003396798,-44.707013934922486,-57.38500831362636,-74.9160430175451,5.018896432416751,4.407091930829404,-24.919641825819753,-1.351351970091717,7.211944056268975,-9.60998633671365
159,-102.10550852910923,-110.75135687802374,-80.86722639087908,-77.48626865443715,-68.525694331254,-44.99354217585387,-56.956130118936585,-61.11966619798362,-1.0842445159442418,-6.060938795672307,-46.24299439153709,-25.042969446330737,-2.872991001564043,-23.13543883094535
160,-78.63253856512029,-77.15205757400174,-58.99601254948819,-49.243580377170524,-59.661976999461494,-36.69510871680127,-50.832016285020096,-38.48057832133609,2.0020786807071773,-13.308403850074514,-46.36123593892011,-60.472850768733366,-20.83551211451927,-35.506543598549044
161,-49.012538384020914,-34.035530853988654,-45.819688384884664,-33.27504663327101,-37.93621094064293,-19.67911612714524,-33.62233738571572,-24.04546067172899,-4.1836838405687375,0.8298764529470817,-18.57335499874921,-31.421942440815414,8.641997808095836,-10.739793264838276
162,-40.00414058938887,-39.21643617321527,-38.90604712661454,-41.35995928856303,-22.839477847381094,-18.861270033913772,-37.56757821337573,-62.03904369521656,13.541212182628882,6.423780850813007,10.096876026906942,-34.918372397312396,32.48490807075003,-12.015310613445651
163,-19.235497869526466,-20.473441897924452,-8.041994570486716,-18.030569136383967,1.635313827219581,-24.242949562601815,-23.43952485680798,-44.30393145031849,15.130281619040503,0.7146783400206078,26.503263968799846,-29.552670643037736,52.9198578151168,5.9937006851781796
164,-8.695612520301454,4.424569891544206,-6.275097669124328,4.330198991659801,13.704939276296141,-17.323969074669396,-9.89585028603102,-31.17429705194025,13.633769174731631,-7.86896633417143,42.59995625814214,-28.010058085223406,44.74971060235832,-1.8819492950540044
165,3.1589593491277146,0.7357339876256035,-5.351336160997929,-2.6279525023942876,26.222288678093204,-12.109838005805539,8.701361034996443,-29.26791232233051,19.23607232930919,-3.2657773294918337,64.50294978540009,-23.340008491022903,60.08533861189482,1.8923935335576318
166,-9.234896188195938,-18.230325451917487,-14.909705720682192,1.285765201936806,8.788235408341222,-37.620653568510384,-14.468624366207662,-47.06438731611998,13.648755525230824,-6.9583582373299215,57.321149459652545,-44.90617057256502,52.05733400056443,-27.645820539871977
167,1.3581556041684388,8.141628055568793,-2.680718298902015,14.083158850551971,-0.056559364194311845,-20.078996521721297,-3.4531141048801257,-22.17178460257665,8.078355420033116,-21.181197343277198,47.49515799038091,-37.778289408634336,30.669121432555734,-38.64620953116453
168,29.767595416417876,29.850588614299184,2.7759837633173787,5.71075150296784,24.844980429899685,-6.155203511111418,12.466045436773523,-5.579728426140185,14.951720117507888,-19.63793308821125,64.77087795520247,-27.020504922212538,56.65749686766639,-23.8462306745688
169,32.20781229673603,27.66670547365019,-10.05140217262218,-0.11842855186539314,24.448551459686673,-7.3753091990823645,8.62810492013595,-8.00745303532055,30.28861356190753,-11.200241405662078,93.96550880753759,-13.006068377936048,82.95834273259362,18.196542640651693
170,28.72957278322348,12.632030605637159,2.9392839786272447,6.46439537885537,37.1603091264752,-11.27755721060365,8.128564618221267,-14.528260053916568,26.187312197421193,-1.6014909175769754,69.47496279283347,-27.56861264892656,73.93072387977814,11.836034962333189
171,14.144447169027798,9.615931623094447,12.274094872036954,7.427542352814731,31.799824837383547,-4.8414705538326634,11.920963805609365,-13.391610062690372,21.80963113725998,-1.6093557587689484,48.60244661700096,-28.452721077690803,60.887197596741956,-14.470048849026158
172,8.040309970054125,4.293494025539328,19.531456239191957,23.121905114876373,34.118549979936866,7.613066225434084,22.73184868382932,1.298938007418728,17.580701323215198,-5.122524166882478,52.38494525710476,-4.854650405225315,37.75740556652358,-8.902428549314141
173,18.172684240170298,12.711443622349156,35.85730474436533,37.64491666544348,28.12702986476937,13.51859763064933,44.88212215665739,29.07748546635711,-4.570426241530506,-9.762739328094806,43.46495404307757,-2.189478109715685,4.836219684595992,-17.040849498873037
174,41.53664867164173,30.730585500668525,53.47220569755054,45.293781656216396,26.778411657287197,19.535032215169327,45.94203203776628,65.32557278648301,-6.076876612949121,2.125680195475908,16.04071326931039,14.16790838572168,-20.88773712391706,-1.090101736481469
175,34.17534901116124,33.41272195109564,54.57077852696653,54.96964855699042,18.9036543718804,11.862276137952207,24.118082831286326,40.076347664898165,-5.067613118765775,1.3308431758350734,0.14960095038529708,6.920548132980727,-42.78008238952516,-15.921451152584252
176,60.192080265728265,47.63852162119013,76.41120263502455,58.9348678331427,19.809207885187778,15.124709853766575,20.260457606865288,47.44504983056523,-12.142586580104824,11.819966529484368,-3.433681841566891,30.454323164545922,-32.15042855031291,-4.772077258008838
177,63.56563593561983,60.36574356194066,54.603990154453385,54.05135835895752,5.841748979508036,28.77577738990767,21.683980387636865,55.81196290918764,-19.496364283901443,1.9312919545849967,-42.27961536254876,37.60401067717747,-47.62667911746154,1.1620539966047312
178,54.778817895764014,60.56570607091044,33.661981618709696,24.55852982542126,5.136885949008924,17.140702219377914,17.879771079596768,32.19906147374633,-20.373544445778,11.276473990586743,-45.076372317186085,47.28283780120129,-48.47630369756813,-0.08094371028984491
179,51.00281762930436,47.54493134145595,30.81349074055792,14.734789211407945,8.900308352325403,15.453193085821072,31.788218791858583,31.418506991474352,-7.6285487910704255,5.283818247810553,-21.456789538682976,50.50694575439896,-22.408760376545725,18.702873185517788
180,24.022829103502524,30.428228532964496,20.605687921857108,8.266933024607985,9.84678028917459,16.433450054316847,42.49204595407143,41.83414350134089,-12.752773630074714,6.231069578349354,-9.36906352390843,35.53532053605332,-27.597639855648218,-2.244966755612728
181,31.752571458541393,31.78149116422758,21.564129710006522,24.502514970568615,17.57134495999763,21.52443922893222,44.10905562035142,52.97632945278726,-16.96451010499769,-3.326634529957967,-34.45120031026664,-1.363728628656971,-54.65939345262637,-33.07756335373654
182,53.04966675569674,55.09161226038019,26.824766721322092,34.026575216346416,19.765525362022863,25.320279071086958,34.908143592540746,61.65770334347859,-21.731051359514314,-5.4469264464373435,-20.99941765776042,-1.8255073194238949,-50.05308662511804,-27.110139178582106
183,68.50089453213968,75.43181587658204,27.403975912804512,33.99728069821247,32.26995926721247,32.8014579857596,48.48936650622962,62.574634983867796,-14.775290178089037,-4.379612320645346,18.07026750599148,2.5881589635884756,-11.290366262854091,11.318444981744362
184,44.64473389707184,60.893666982651155,29.569174411079246,29.39339403604702,17.548603455352723,23.80083431905634,27.989590063885036,37.18299546983947,-10.170111556606647,6.558676669480485,24.881351455962985,9.003469110757855,-9.412479147397322,18.778581779788112
185,35.86513390091875,39.293317359185394,37.32872660919222,24.66500117476208,3.8401716441055607,18.053793725603192,18.67026371441482,33.65558488161166,-13.768463596901592,-0.4821485117472196,-21.600465268775515,-16.097402637535886,-43.07079407620687,-11.34175017698242
186,33.37332932541723,40.56618972460913,35.36038909688674,42.16685746044983,-0.010962236707318995,4.171872574409943,14.370031952535934,25.947845440568113,-17.18800948517101,6.0284747584734255,-26.12541976813234,-20.24180496418076,-53.54393099405455,-30.75945162230981
187,38.378215394177964,48.9942870670664,36.71347806799542,31.284860523657777,3.666706492663233,6.898167085436462,14.699685785572054,32.24647323530553,-1.8559264592956304,2.844325967058562,-13.239183130862651,-8.816157655865585,-26.452798095155313,-17.955075498862467
188,33.19308028807254,29.16030786240163,23.3048136186819,27.95680578452388,15.327358314117642,10.900014479254763,19.4566726002373,33.63996299906182,-3.0145768986697203,-7.751767818343769,19.296995106258898,21.001142061811606,-4.106777296256395,9.06109743176073
189,4.390251822616073,-0.5536476753449611,-3.5724335339572093,2.3299636276750757,-13.152526903662128,-0.4884876530937175,0.5119707170022861,12.176905070448825,-11.770785859761391,-2.9520941969313537,-10.305276973954168,-0.576674006689384,-31.231451092219395,-14.657062897172574
190,14.65617481333149,7.793058539002058,-8.311795671062677,-1.4262330585806313,-5.7825193805428485,-4.619786963851721,-9.539602315668175,-4.007918179311395,-8.293353773764006,-9.653507905771553,-7.455140671295579,-19.692971257269445,-34.32021573209836,-21.977090927660832
191,5.06403183824994,-4.801458683538,2.7798069350939283,7.973815293346851,0.13665225314259732,-17.68255116284095,-27.2508080127641,-22.38080513914293,0.8429845221692295,-10.418361067406135,-17.301507333258776,-68.93039548053937,-29.225534020538518,-43.481972912970065
192,8.116822356876858,2.848008286239509,22.482283310179014,32.65976060661868,11.549698885431573,-20.331279404656254,-18.140000363409232,-17.208283307397686,3.0790969907547385,-32.04412691330353,-35.10917552055221,-86.85511526443078,-31.833993713691672,-56.285375013268684
193,15.32699257746488,11.03510810433946,55.19143894921633,50.89359580354428,11.612234099157467,-16.97125279718246,7.9740139557862415,5.73115469421886,-7.686654906758572,-22.29420182868113,-65.5396983704017,-71.88722851509537,-46.90861227989622,-63.8561465723503
194,22.08360285892226,21.500309149997687,51.30021454515389,50.554408488960895,19.70781674034678,6.68709131719672,25.65104141991508,25.284532196845042,-24.32034691692662,-21.229194964421403,-69.4622482315601,-53.99507348502133,-63.60548448470751,-74.87685907859206
195,8.64972983373392,14.627990013782338,40.33862065031711,46.94304400439303,12.155670236980164,-6.713622781955444,12.722699878610452,18.747451149061085,-29.137981749486347,-18.680975375156518,-74.93643414297519,-52.15569994060273,-83.96884023481276,-90.94950861135375
196,7.998796654746859,12.356901626731275,52.108470487239266,68.89100646839131,-4.818881937367545,1.163139942701746,25.637587082779422,41.84833566404152,-22.17928471936227,-18.07162868872593,-49.203165998812295,-36.27088819378957,-77.43158016106021,-67.22671836924741
197,61.37271061386886,67.06721324297007,39.40475821976678,52.206107589376195,18.302059304641578,29.909855224620106,43.874347797384154,67.52460160249255,-8.18731759606243,3.2778227511597255,-22.94535837448849,12.781431971190527,-52.155297476218,-14.60184909194794
198,64.26690152134648,38.55599778635704,17.377786194693652,27.16874042332316,-4.205252753339098,11.527351162466115,24.77993645713018,40.15729234496068,-25.501051585459347,17.58832318809597,-20.282395095458448,-5.97533614301,-34.82203695054499,-6.126394083765331
199,38.676236309651586,32.232345993028815,18.264888709768297,16.304279860953717,-12.677868452510728,-3.3333738838179086,39.24821329670045,48.068674629197865,7.227745044368972,14.272964968878613,44.16579190125803,30.788853850333208,13.82237032163833,12.39706514406007
200,-7.8908183669651315,-6.373942614446319,29.645249725713924,34.66939123306571,-9.831043582030702,12.256883784556441,9.689997488293596,34.72540256213186,4.099939611930061,2.6846680796537328,9.62784896770929,25.614685928090143,7.9893335370848115,-4.394565137687743
201,-7.105470173351296,13.342031338135206,54.89823678709974,61.05656960760655,3.1164205653985646,38.426917047075854,15.705037023027389,47.53664188433387,5.810988025338144,-10.418695958408605,3.239670681407384,11.157254882503544,11.277136922767507,-8.797792972280426
202,-14.997735007115296,7.3607250938687985,16.57269243630134,27.320461038925043,-4.086812307500311,29.362546087461944,-10.923800389964894,15.963999689505613,-7.871138074316761,-3.249936805058761,-43.405758145636305,-6.3849971222899535,-33.34538479426177,-19.042852358531146
203,-19.94029383843484,-5.25709399690131,-14.719312607852267,1.0406703146473895,-20.146541813775173,9.307304038543663,-11.103164749061616,3.5523781116236846,-15.151595287333597,-7.776641099977384,-60.86459548727379,-27.31919104149665,-50.293355053655475,-33.82730449934413
204,-11.082348372814444,-15.06627104263952,-21.565961066622094,-15.467693647329227,-33.29452579050295,-9.262485863290257,-5.953678603321507,4.183149739502836,-17.003129729719994,-14.281521977539935,-69.32128440230802,-34.23863562807346,-46.27039278621209,-30.779465119175622
205,-15.32327082214254,-21.52624709728007,-29.64113776415331,-18.610167098547322,-38.23282414792514,-20.113073160048554,5.540825420508638,10.908556715295665,-17.034554047867356,-5.644488526943961,-77.78774058566341,-37.73560806202955,-64.70011296959665,-37.28105924343425
206,-9.84221567782345,-28.213438914344554,-54.983116421735225,-47.96259829889722,-30.311547613151777,-19.421945097842713,18.856290880476372,24.519166395732725,-19.7636343262013,-6.709151003940186,-29.508713500163054,-4.9137801822441265,-44.90001128426415,-21.60716881806872
207,-49.68819823906623,-59.1559630282083,-63.461325382009555,-58.547703702824435,-10.569121242005833,-8.999197721401734,9.49163817656239,12.213205149806399,-9.658027489158394,5.217849582240244,-8.277611041095502,3.658344117852934,-25.563124518997103,-17.864907578935277
208,-56.769796688883766,-60.11592063369139,-58.918495409986825,-63.56681624868296,-3.1400743937918127,9.961292405622734,10.855591360619579,19.34068592158551,-11.160235906086646,-2.2219604913544084,24.415605300624172,33.82766159249576,-16.056094932238107,-5.711891455546415
209,-46.96834860402423,-45.19539116822517,-43.15564460119543,-46.03073128020396,8.39825155907547,26.617558513515586,22.970203841707985,37.383671032954545,-8.690206961513026,11.085920053497718,3.0247902670982736,54.334845088498525,-26.39404214957943,13.299311848712485
210,-55.19484168223457,-32.419663161406525,-75.82037371828655,-61.740436152183854,-3.3833791194219884,21.824100964484597,3.0905244594879457,6.4879172866386625,-3.5646666195366623,8.424189375692047,-0.7116782114341511,43.27836988580758,-31.86039817276706,-8.665048973878477
211,-41.82261911610674,-22.31714871948547,-59.892276854625685,-62.7226994808701,-5.9731175587200545,19.872019538343547,-3.4912374676268882,4.325035693938965,-10.062227001475778,3.519831035779058,4.606563232739591,34.45505178349663,-27.766675046968096,-23.54347675537721
212,-20.300500680375094,0.10402439556364573,-29.76553128791693,-43.50401075549474,1.873175614078046,23.070184293370428,12.057316766131985,20.827593875050844,-0.941367963309657,-19.022908607742885,-10.392555686335132,19.243669163744887,-37.537089658456885,-41.9784938332731
213,17.012417454509038,26.431330404597997,-16.11554390415372,-18.9531666737971,15.040603949092386,41.377913773553324,23.652614476362,55.86427666721183,0.5008947167779473,-3.104819451696991,-7.018495990598053,38.147004784859796,-37.7511128134761,-27.952782712743144
214,16.0081118043518,22.88106827430131,-30.21383528304521,-18.402885341936802,17.838595344366304,28.434811418427902,17.07937497212975,47.70544455454292,-0.7562051879426441,-13.853564411066108,-5.599787294418603,9.089037951348004,-25.150683874957444,-37.114090955423336
215,-3.169309702257952,-7.1083262012582,-71.72682395280823,-50.295685585359124,3.4987414108759665,-4.177861067805285,-5.6601503629615495,-5.524404963990396,-3.6549029437959093,-4.789943041641075,-20.96262042681971,-32.0452740098212,-34.09114303465164,-64.95218547448755
216,-16.37958942270454,-20.20195914374192,-78.68075626699402,-62.958053456015705,-2.2109276750850766,-14.507837240214501,4.839251021230792,0.8504648542270903,-8.62940208743903,-0.1865186899563177,-5.424678121586336,-31.205029869670497,-29.09524679706455,-37.075407623024624
217,47.79804955089091,23.07050051411648,-62.11562789478358,-56.73301966829469,19.281933581767106,2.704169039143888,27.559127256531415,18.550262472207127,-0.8709190933023135,-9.619333224879226,19.902931829066645,-3.863124103774458,-12.421005976458613,-22.405860214200043
218,51.46626384507115,39.59150095081296,-69.41702277754538,-57.21632855724692,18.998793363780116,-1.9286782236804922,6.22110464039382,11.326188218689065,-6.880223266128404,-7.720151644878556,-11.827460394362705,-25.652019829833836,-25.90361504297612,-28.302464041983225
219,57.19509791404984,40.35071375220615,-57.77433095340748,-55.79934402333585,28.95682355439575,7.730212580284948,0.2740526486180614,-5.464170285281884,-5.637371073577018,-17.810532140979547,-25.217387785300232,-40.07072271797523,-30.683585996505386,-41.61160656166607
220,89.51407645513451,63.30145915472578,-59.33034337745318,-52.0175701574426,37.193388868903675,5.144016909748727,1.0338593415570858,-1.5039879052991618,-9.80065266404957,-26.890847418296303,-32.80954441202986,-39.14592359664953,-41.71136746457049,-47.591100943147154
221,85.22268838616782,75.07195367318698,-59.80201332648164,-58.84479599688015,26.666312635910952,8.698312895346621,-4.778581672672217,9.057744568788175,-5.197806499635148,-13.847501155214792,-1.2998057781551111,-8.975441371962457,-21.366186851631195,-30.495323992890327
222,59.41240607972601,50.271254149113965,-71.21795860876655,-68.55459144384655,13.413672729002286,-0.26020706570258867,3.443025306789845,-11.230502821320567,4.5253611203981485,-12.404963466242906,20.463160191686026,11.219682105282535,12.77328989757844,-12.178768116471984
223,18.944372551912714,-7.036983486588431,-61.853991117323005,-68.49451203490057,-12.058527166427396,-14.188406353565723,-24.767794170393966,-26.60633108693773,-1.5232511777390236,-2.6274626589461776,-1.8170257520293625,23.287590248514118,-13.703223246098718,-7.145069105058687
224,-23.01318636519703,-41.289490547297035,-61.43711442817213,-72.64123065201377,-14.902005902638436,-15.856162812477594,-1.2606368181567933,-9.940667956436382,17.925797374892127,4.415713493579366,51.75754695195678,57.41037183345467,29.093184410059,30.719671862081995
225,-78.85653254372558,-84.21511009936334,-50.696774836018285,-58.79915717833809,-26.21999162818787,-21.488418120718794,-20.427754139923486,-31.422752342088643,25.648980629900667,12.897873843317246,41.45516521335442,53.62342291640911,47.247401705400044,43.18939262605101
226,-101.55164173594883,-103.4122700348546,-50.805872450917974,-54.27024078993545,-29.590462167903517,-27.087250862121298,-28.010420559930953,-38.31473343086127,13.35725619723778,14.02351222550411,6.8190242709360716,46.32431243689992,27.865816929438193,42.68095213747743
227,-93.6835366340967,-106.32647896006088,-46.83932943521406,-57.35752495281006,-31.5509139101819,-30.300683129212413,-9.48822051577236,-18.847032826173887,12.361149642030606,19.18903963592821,10.055760342157484,56.58123729274053,36.30813133279277,54.14271865935405
228,-115.30822365940827,-110.28586022255917,-41.12398813119959,-46.75844054398961,-38.70706493005715,-37.126830371482164,-33.3196363386615,-40.706629246175915,8.120842974318954,19.425942930569818,-36.4656732590805,24.167467956070077,31.786522356538164,49.84145424942817
229,-123.86863470718588,-127.36600826288685,-22.58145839242323,-45.84054770476149,-34.208274603655745,-42.059603284784785,-56.64669683126103,-39.09182560588265,2.7057003416109517,17.1309034856547,-68.38387820408738,-23.53428081605274,-3.9043511766928423,23.20086250594634
230,-101.96548914360888,-96.47815819511732,-25.24959475265972,-35.63762500274229,-19.50724364062888,-29.58188196242346,-44.856838448281785,-27.148932124293065,-13.81996563272334,5.371741878817904,-39.65395511239814,-32.807199445965495,-9.102895865505825,16.74980038146147
231,-105.34865927771847,-103.17324321873619,6.50678656778966,-5.457220704895133,-11.249077897909975,-37.460013127128136,-32.899717844703225,-44.3256176290127,-18.68710564987622,-4.462405290891606,-30.37066587071873,-50.95464891796803,-32.70215727743719,-13.228870509869672
232,-85.49967175800622,-87.6449353403929,26.590545125943446,20.860612750827137,0.5158483196646035,-20.429586200784758,2.231926218643712,-28.99585765661529,-11.92131995213279,-23.73517370528731,-41.31136349460695,-23.220667132495564,-37.888580410886064,-23.069424413643077
233,-71.35101742737207,-56.291928881310525,25.30339611892954,30.049308465629537,10.194737343296561,-6.80818899531947,13.910849915640497,9.700470256970927,-25.26467037328563,7.2513735206519385,-21.837879933218986,-4.793885362495676,-52.31046750719608,-5.5278725405398745
234,-75.22416896626655,-56.241497242243966,6.2438953351745825,4.11170022153609,5.104102268300972,-7.8816968528066855,30.443359983172588,-1.2799999823804213,-16.96957150367749,7.466393078576611,-34.1483426045258,-11.782488208260292,-38.9395834063171,-14.697858224262045
235,-67.06246967544602,-41.44899994620307,-9.2509597808369,-9.183433349307439,-7.773172203525574,-28.096707301741187,26.122916164440266,-18.59143200294065,-15.89942765055192,-22.29487134568717,-56.36440760378628,-41.18765567231708,-32.89042606542245,-12.860793138923576
236,-35.80801014464195,-20.517750270268778,2.8375206564266144,13.718899842920793,-15.067784125530215,-12.456207822541359,13.103721787816045,1.5749236747630004,-18.456212089204733,-8.657062198874836,-79.80808132665922,-23.68067705438237,-40.20114366123165,1.1334726632525312
237,-23.281727447571043,-16.159096034779658,5.7387896916664145,-5.816421240882769,-13.249662479079722,-3.8236081889230413,21.058732101636174,0.20176061394711028,-10.911930346957648,-3.1771869245605977,-69.93010025815126,-24.80125274235573,-35.623631889451545,2.5711826614983786
238,-34.634898551716766,-28.454912151805306,18.931616867794606,14.069479961187847,-0.239453271198653,9.855183049874555,17.98042899179396,9.592670755106907,-10.200074286561913,-10.878857737679457,-45.952274486456574,-2.747492667725952,-35.42868798707722,-8.86160299661398
239,-2.1526046994138732,-2.483672925463062,39.308074890594135,39.692180391018624,16.085216376887796,34.56287425171006,33.312015233191566,47.92139271871612,-9.62438612427034,-0.8709623998383371,-32.530613859183134,17.756819164966853,-27.665699430505285,1.998493837139511
240,24.112250552310996,21.13508955131936,43.287539467339364,53.44915833919564,22.84370411072874,50.91539355231673,41.96454984811608,72.85682318506414,-11.377588159904988,10.18033150212036,3.538132532269077,45.6119079930637,-14.727746958055816,11.593750704839207
241,-1.8791924780653357,0.23704103957344103,27.982049563096123,40.874033045482705,3.196202283211754,29.507746027404703,24.295676622199018,44.105821548476534,-5.3314848991939,3.3278428909687734,7.762329956347105,34.70356327493665,-15.70621209977103,-15.92803606233526
242,-7.968669719046826,-10.321766679432383,49.55805753950468,58.541723457453166,-0.47103876335518313,6.76519680367097,9.793658660055142,26.459389989156346,-12.709336275230049,-14.638264910853435,-28.629825543151938,10.957679392008417,-22.27784865311143,-21.998780680177077
243,11.85326903317584,12.16283384233331,58.74207711550553,55.70625771854264,-1.6921994010281831,-6.980323692152554,-0.16186426585772956,28.247590184095365,1.6283142056977689,-6.041788187553271,-15.970237514022893,-7.553496254061749,-15.269077836182117,-27.61555303108186
244,3.5001041036688076,8.140400267021699,64.18488337707734,62.638640011742986,-11.888521365028206,-19.00930058190317,-20.86466522185523,-0.5245138807620997,-0.043314655877342734,-11.689949020544526,-31.483669860277157,-36.533929995698436,-8.635866750611221,-42.070724174638855
245,-6.022640133519011,4.382034268557913,69.18846116800181,71.65148754925303,-11.379173918393224,-8.580059265660493,-6.065707864982476,7.6614154901885145,7.575205703206767,-5.034821562254221,-18.586632361390226,-44.951756521611415,6.247252241559914,-36.65193435178941
246,-16.98884747476752,-15.54230392569746,69.21077426912179,84.40288142626878,-14.868302355193318,-0.019158255769373307,-0.6490280129001036,27.994412584790734,1.936322598334219,-7.081990073635496,-46.96830301280261,-51.87579823534176,-11.716219499326208,-35.36215114815687
247,26.333432619271477,26.855263250462535,43.32950624820057,76.91716217511355,-10.463667148856997,3.4962576698090895,2.0896507459189544,26.635168939337905,2.3323067502717234,-14.800799733446418,-33.94495205804685,-46.99796311839477,-10.477301425647367,-41.08234583753355
248,52.87815241446138,34.24754092370871,44.29228915063036,55.1257284984546,-17.91262677957072,7.206343090411417,5.536802897180181,21.978857976001862,-0.5057238871501722,-8.314209604727727,-13.492601184933749,-18.141270061410893,17.70480729580009,-14.348941615413036
249,39.01068186542582,27.242844584801254,37.46713325871052,35.7390236258627,-7.468693574594826,0.039022936194184,19.44915388871736,26.852547229134625,2.9041197052677794,2.7097534340999974,24.698642095805877,24.783488194908323,47.6323234061527,39.7319847593759
250,33.172527158093914,34.14359991635144,17.75153203905026,-6.241192749673398,6.051174311268911,8.301456054963092,5.9319128535604575,6.960141268498025,9.90843161756865,3.0892156467322445,61.36851180300198,34.65456190929943,45.42484715817234,31.77565453087957
251,24.299203834842043,31.58326796404279,23.532299793106258,-2.752103773397281,13.234712656781607,2.350210480200156,-4.044221461362399,-15.317690849080657,20.027435791966635,5.286972669993734,80.7832010565827,33.00520803902629,74.462157970401,62.61958177913216
252,-1.0619934263205753,-11.914898742454248,-2.7060910932124234,-5.411223460170081,-4.152471575829008,-22.190942070225315,-27.55543819041056,-47.253674581694135,21.945041019080108,17.65111739371608,76.79993083777256,10.128633105350037,78.17478634191035,37.990118724218654
253,-25.330684043960584,-26.465929469050135,-16.306090725881166,-15.230278191234277,-12.986975296426152,-40.48737387025086,-38.721167672267434,-63.52776381779847,19.996849440221883,-3.704940347349624,68.11830853734786,-8.517883235917951,77.61284476891889,30.897831179754757
254,-29.985002613195174,-20.00037378645534,-26.366140899919227,-25.483940157835043,-7.4835686177513665,-23.495481041637415,-41.02436951408659,-55.97872755241387,29.767802106060135,19.97597170094809,55.58417000623438,-23.894474211797395,65.89915790181264,28.76703388106923
255,-0.7556873542479767,-0.42981241721502417,-18.94981756583845,-19.585798695742298,11.926721865376535,-10.091163298410606,-34.948107193359775,-49.923968546762055,33.448438629860924,13.603150568607756,52.92071310533409,-26.93816584225492,78.40823251598445,41.361102406352266
256,12.22703836028611,10.313754814649778,6.280355906293662,-2.078433366860313,13.575720778864873,-12.54357991320671,-25.856722911048458,-42.15313519409251,23.57594571200249,17.449917175845467,54.4343863114302,-18.87621789316385,77.15953737792546,36.680969021226105
257,40.16260019760606,36.8130292279141,22.762431034548484,17.33459286866105,31.84772890811272,6.9409932000789984,4.060666863439868,-10.938545990121883,22.867795489208834,11.794858996774867,77.61011168253005,2.071440420862831,92.92859810013996,52.241164891555876
258,20.5663089757708,28.89731343809904,13.13674800633334,15.869368747313354,24.18769921127,0.8947699667095954,20.63072423326641,2.701896105346273,12.414008547870539,13.68978337828107,90.14691109292451,18.034139677097563,84.78586459237425,52.0802029108095
259,17.896924478460992,16.251089441879493,9.971905761208303,4.66398204882557,21.09753465714141,-2.612178788010425,7.336284869583835,-1.3220955749703023,0.4580734384130865,11.378829482052623,52.28136415033237,-0.7688560263489279,35.80696862776683,34.34356172021257
260,45.21224799950202,41.476916131942474,30.18235338077886,17.641008563067864,25.50045196704424,5.5274559905198135,19.509509692475437,10.133211225419444,-11.117793072218767,4.453604859176217,40.748111682485494,11.82312634864824,9.80111850563466,23.84114765883495
261,54.578034895318616,36.01195453321998,20.582067954010224,6.508649007232897,19.865891172861513,8.940146283359738,15.57540655323337,1.1183463243145488,-4.71746827728144,6.491711306755713,11.192636570881218,15.145509009257593,3.829739007168748,9.455651426722227
262,43.58876132602104,18.504417548779948,23.044647163576837,20.357829648313693,25.650504133131786,0.4661858193460284,17.11012570008669,20.260075674092633,6.762874081301345,0.9356010921863057,16.86313086586214,-4.300491406307817,-5.611021178010827,-14.809606318363244
263,8.419361468034593,-13.189610150122098,22.78955448653124,24.584151710743004,17.9868753738329,3.142438307794483,15.785249823730407,8.036773986416403,-6.236349328540179,8.125137046212975,-5.0185959149722885,-5.423395818449709,-22.294272250523925,-18.879800952992156
264,-8.524144472621993,-17.499188355800406,31.040355448077616,27.271418036334033,2.8385426110710834,-12.99855441841277,-16.268498342369245,-13.955961108624098,-12.7110576229811,4.222293030700907,-35.168571081429356,-16.50466608849181,-53.37126747789812,-12.337582571907832
265,-18.416925219066062,-19.060098596947917,36.297213862778726,31.14991550938764,-20.724738614610295,-22.617453709863668,-26.901069805043022,-19.39900751877201,-13.419406620758807,16.388159244495476,-67.90938305040743,-33.20293758067296,-51.384513466370926,-10.659492979644192
266,1.1941976933924014,-5.99330295735199,36.407564816427296,46.043050286799264,-20.69221468157819,-7.405428111643912,-12.805634167950425,-8.025280997360547,-16.043509532448635,8.997604508034682,-46.34983059756865,-14.961648586004985,-30.2612671835904,8.795760973351134
267,5.928950329533523,5.130294948320236,29.86826911567471,27.189541448717065,-30.006979338744188,-6.714479980415256,-7.364442560947363,8.162670477080539,-0.9503902556440309,10.731081418639855,-10.887217369341602,18.965397134361172,-3.2833591374463893,40.49369821914493
268,13.697126594574712,16.427519002540652,14.750791683750483,19.395493830898594,-23.21374085516599,-1.4985713365546462,-29.75205804115012,-11.48606718986488,-2.6008086567934794,16.0352589838872,-10.316488295141124,22.952961888847568,-11.8290930260209,42.006307478578286
269,20.56213319547321,36.4025274789679,24.037223729295405,36.06409588386279,-18.22391995326772,9.094885608866287,-12.224718585305824,-8.482023284415018,-9.213676000719301,13.607613110663971,12.32709104951434,35.342488111615616,-0.9155531103448141,44.52540704052319
270,21.412148532931152,45.628182506404904,46.38831592105813,62.659192504106784,8.608113577452263,23.430729099072956,0.15709649767817524,8.211740696137985,-0.9947810887409728,-5.3633213895134535,7.7984181828901775,16.151520594156896,2.6870391042120385,33.00737016809453
271,54.98862077132156,67.25376182566325,54.650668214807375,62.24612309242124,25.740145345049566,13.103379348748964,3.6569818108034156,-2.109102399117892,-15.281181225905868,2.1093362885085543,-1.7527908880060297,-0.8685987520701295,-26.438263383531073,7.360970561220645
272,56.5300527380496,71.10746828205271,34.66994543670861,38.26048516554142,15.427298872116117,12.883512774670235,8.990058548666479,3.1484205746124325,-9.577070017579793,6.653279884577704,-4.005737976338501,24.53224821583213,-18.306417449243654,37.57517449662465
273,25.10789517778161,43.5000705227279,15.974867495394847,24.153694044173413,-6.872027147778629,5.148752953902703,0.36002385508654655,-2.40722976704309,-10.308518669060886,18.271336026824706,-7.234375041827718,24.757239009355104,-6.544940420459137,43.20460691119129
274,-8.691797331387104,8.55881648917342,-8.254316009222729,-9.13380235505617,-15.226984946332827,0.8447901199501919,-13.800699569643658,-5.728677876156608,-8.621919662062718,5.238080941661183,-20.594059672358483,-7.872701051267995,-22.61715817048104,4.5651969244683075
275,17.404540076731557,26.01442882957598,10.16516858422576,15.88246961011501,-0.9094470181993062,3.5551557762057198,-0.8563002866977045,13.94013205660585,-5.285906447025546,25.906835388038967,-26.137988541974742,-19.22237854066876,-10.096890287257091,9.578830901762784
276,-21.662294038630744,1.6377929452315678,0.22631409418715845,-11.087176833572537,-10.215109128621862,-0.3113988154935236,3.895528487534,-10.898706341198233,1.8068457796114412,2.0352802920074273,-19.81229007723467,-34.21739482689541,-5.925204334555373,2.3343998233906085
277,-17.422340250451242,5.03431424740124,8.457961562103753,4.730906528510807,1.6147162120111114,9.212587900960205,-3.518994744571816,-5.818186212884695,22.756770041898147,8.669555363303587,21.866945743062125,-12.228192515560352,35.56461817985645,13.092531955173081
278,-19.256295016123207,-0.5440872749647094,2.683662302581713,-1.9823154315073204,4.2908257108012995,22.045924668682556,-6.72792264377063,-3.3903582435377673,21.31421293585501,-0.4971339830045688,31.40630209524332,-22.965702231813843,42.40652359403722,4.404766533459362
279,-0.7982363843984035,14.123427222141263,3.1514578687392576,1.1387940894722184,11.150312410649141,43.30951718716459,-0.5324798715679757,0.817426547503642,25.715507742955936,26.139675534246816,23.97164599135114,-26.484063059745132,41.394947059123346,17.37462450593356
280,-11.589383861543139,13.20254800532886,9.378860845426427,16.48894805023188,0.06569731052010042,39.038487481188994,-5.157648051064153,-5.642238739270384,7.899044517269396,-2.9561137812269465,10.187205430941033,-38.81241685146356,12.673014220367905,-8.076617826909718
281,6.925822400319299,20.256747653041447,36.20640064453005,33.845138398786304,0.13286357303579588,31.008698093961193,-4.302463857310167,3.6697872388753128,3.764899325578664,-1.1648238287718415,7.290052236232518,2.0373835263745397,12.488926817588794,12.612350520735431
282,-9.23688831120229,-10.425522522718024,20.76080018159541,18.108056680078036,-18.85736277426763,10.291363467458902,-10.07830175807994,1.1305938572157874,11.307801111406055,2.987274105591114,-9.287645255086018,-5.733759454657616,5.664900231343519,7.808456809343188
283,-23.36444448445974,-28.70320984127794,17.185135563154528,14.905180741729248,-34.35690514249459,-16.424367549886334,-45.17752728732809,-29.653736003951614,3.5807231590004727,-4.527053669776746,-25.019320583583017,-30.80466054418095,-9.79292355219231,-0.26116761301170494
284,-18.51247343381355,-28.081871117292003,39.04630512947447,35.862822666087325,-22.575948482038765,-11.430098849770777,-37.914255696490976,-19.655334922203025,0.6052123283610354,3.079505926627716,-36.862806909505,-25.79720745788751,-3.098518742515978,-0.17808086787062713
285,14.854971299708922,10.403455124120299,67.47589048572543,63.583264177575224,-11.122318044803485,-1.1872099489499994,-10.243282304504378,5.723941311337635,13.230767325104665,4.881728841110966,-28.700341102337468,-9.221008400233233,26.649323547977385,18.27796394281519
286,40.52319678404919,23.178694757660896,39.423236944421575,30.53526652336454,-0.4402995751560823,0.3246595468668068,-1.0111878266654728,0.48239744053258066,17.62166533847444,14.61465155730587,9.758763075622015,25.146678669905892,58.68207420819254,53.84324194339853
287,-9.657848414371411,-19.67935714491753,-8.256657606777761,-26.256070805243553,-3.92526948377067,-2.9497902316737625,-15.703612523057103,-32.87412458346127,18.065606814366785,4.366854511707721,34.97839081467575,25.996898020244213,48.34269271992396,32.14867463238551
288,-20.16523558643035,-28.44893971100477,-30.74924275250291,-45.55707965691393,-9.613336269819822,-14.050751563097558,-38.14097454302769,-52.721555052875885,17.42789436403807,16.940448988439893,43.58540795644065,25.736467823101986,31.890072737800214,36.72357571274635
289,-37.458070821567055,-46.95372042584483,-40.35576622855453,-46.347768002183805,-18.41275102917141,-22.576885056044347,-29.682470060583814,-64.10710929441824,19.61899676665038,4.798878772054648,39.85414097392593,28.226803214575863,27.166023632972415,36.236129704375706
290,-47.19287400609029,-48.880176144329084,-63.3246300174662,-75.14107923496643,-47.86569844608521,-15.481229963509609,-39.85620189632972,-68.54530090061839,10.630249060030101,19.345474702413924,24.32335033103606,45.142926113339904,23.68049307340373,26.693506555241303
291,-84.19448312928373,-86.5024710424014,-83.96456473974325,-94.86431057327722,-55.06391129246373,-26.048693939937127,-66.89628181342961,-81.83174336446821,5.3989024097157525,-5.5591071151056175,-0.3133204781931944,21.247163339170193,11.108340277974738,3.664775833794885
292,-76.73769280983927,-79.44425144920196,-42.55423513615357,-52.437514944475616,-46.37958851594584,-27.03283919585014,-63.43131241473755,-65.56656764652948,-0.617323462952657,-1.001759138957601,-40.815850191577084,2.5878228566908428,2.493085152195571,-3.31753821450789
293,-74.42116490291855,-58.90899232414115,-30.195992404068946,-39.231271096625754,-38.170026294870055,-29.52727081921333,-49.57728741093799,-56.151148994350436,2.2821151819541114,-3.0799544072272065,-36.857064168126655,3.841570936836873,2.010460837627685,-0.5116905214688763
294,-50.03105810443719,-44.29579828431942,-42.485141506759646,-35.6955578583157,-46.476788586087174,-26.475902616001463,-41.14075882456011,-53.00532635457258,5.624616702309235,7.217409732205593,-23.635751448727113,10.89584628310058,3.9478003693944617,-1.9277324521263268
295,-32.82760671387968,-25.805017288147262,-32.55664262191894,-49.87342535453471,-37.36177286440382,-27.287254146396258,-32.57387334949407,-48.78332005270401,0.09095551277149501,2.707066197276581,-24.458442383547006,31.05800779931178,18.39224268524208,14.897534787948484
296,-66.19285035223113,-60.352908190742944,-49.57233200490455,-53.262630420923294,-48.46056450078667,-35.624406736080644,-35.33268977579614,-55.94883472392589,8.752951992399154,-0.8094217319540804,-12.766352071696344,12.236539649869957,33.221591740258944,4.551759071726079
297,-14.722499262318586,-20.109431633028123,-0.6327372305154378,-4.802207094881162,-23.389020146308013,-28.41849918610894,-26.057710139724467,-31.63195518780671,20.143994443425424,-4.317398196642907,-0.5552852388134557,-5.260947049125624,34.317403480262,-11.001897746804218
298,-10.002805391766437,-6.596867495898916,31.189808620010165,34.97451737101963,-16.51285511310604,-29.284551738673034,-13.702264301653775,-26.1991109865315,-3.0311167507664063,-20.118830159626537,-23.0391666069399,-27.58025794939991,8.418148084083983,-31.720322108992875
299,36.69163909673213,34.20610379298854,69.28854008348986,73.24169698501525,15.597635855753015,7.423085142379433,35.57309125428309,25.541905313403532,5.383312154354211,0.701807178092162,20.026082912298563,15.176461684802218,28.254283522231503,11.33766324135426
300,29.040165382059545,22.50545470278769,52.52857271542788,56.1398972744387,29.26812157839382,14.427757181698036,46.0957720267156,42.26045326501566,8.406120961078592,9.009724145841647,45.91975076446902,24.570859788217085,14.0500604635707,-2.5993407699281224
301,15.810610308017809,13.447619296565229,4.049366556432873,5.84443921586518,19.79653881845283,5.711460297741804,23.99417387954877,10.729220560322153,2.2501847502466776,1.6207713870734968,32.50985572881958,13.854010670278493,-2.8043184003064927,-12.012344593825452
302,-24.33752340200962,-20.107255905605896,-42.14315194433859,-28.81629497778194,-4.767154940891066,3.251296371229965,9.602685460107898,-1.671409092523789,6.329853303538908,-8.299798743766836,19.533020950987023,16.131443833716634,-2.1197439367718665,-17.317535130252192
303,-53.767989566035325,-43.16735436329966,-60.87736056667328,-49.46593713952899,-25.32719259800222,11.594969013991536,-18.174842267609833,-18.594712823389607,2.008406902559853,-8.73864835522211,9.9925417550843,5.3004168267920715,15.14595678156052,-19.43164798584702
304,-62.705064427770175,-59.61158393501761,-71.37554335091588,-72.12323626351308,-30.741396871287606,-1.6251344538050287,-37.86654990470843,-54.82252826977776,14.180618318808115,-10.344502433100866,-41.28903267048957,-22.877428148558977,10.674572386437763,-42.15897224822558
305,-25.687349826961643,-19.04063719073489,-50.44123229071948,-51.48352200844437,-16.872134038584974,-3.9262669273570583,-40.145161880882036,-36.04366393503431,11.47143317958072,-22.447261983296368,-58.465435023266444,-48.738312973238486,-0.9964863465084269,-52.42388643882594
306,-17.646196464870094,-6.947875764068019,-55.58596720275502,-53.27036182413954,-14.584713533105536,-17.408253837627953,-40.99432779394188,-59.21789493141732,4.665316140201324,-20.939867406182472,-57.15134072069826,-54.4654519575254,2.711030769026079,-50.01182200269912
307,-3.4592122825477674,-0.7976446219296642,-30.482239444077933,-26.240416994530456,-6.299580527143602,-20.501600122234063,-36.42825476910529,-43.48226194395663,1.377746362058275,-30.2601254854623,-38.76883321716818,-54.86616977763227,0.3814996807852434,-41.72891001488958
308,-2.654175683907989,-4.724931146894649,-30.093244574477122,-13.711629800480447,1.5098244717424931,-19.357789589860698,-37.38190726264014,-38.55181414074748,0.6397540840948318,-16.220159638034,-69.57648400160204,-71.67809899800775,-10.677759907169396,-44.974028992207714
309,1.7777966077602,2.8038831049301822,-34.873533960232876,-30.03353758397404,-0.2049965268947067,-25.512965729661026,-31.690878810562847,-47.21602320676878,7.530600942681453,-17.655751049956315,-57.92923422581552,-59.9551432514738,-1.7601340487797001,-34.71345037939806
310,3.155091708590096,7.796016523053364,-31.752046887121292,-34.8468638025016,-12.470691018693156,-33.31473928785491,-35.08123640628554,-70.17206829346812,-0.11263466975216711,-10.522468477469333,-80.0971266499204,-53.0499141255585,-8.807990610232142,-24.883797821612564
311,11.33964334288193,9.016926239679085,-5.607876604345226,-14.622110950865402,-13.212291586602767,-20.427196061195808,-33.47175093537308,-47.29182941407731,17.64992583670383,-5.403526078881254,-55.8757237033566,-33.644968554905404,-2.465029764344246,-15.223106386124261
312,-8.428560947286867,-28.435080973241043,-37.01353084901313,-49.068093756075314,-34.00749604192718,-30.558952770529476,-17.159881884182287,-50.33526493851879,13.30571130937214,-7.339355130515443,-23.889864063771533,2.2427892985909446,10.515626378265592,-3.5324020790593225
313,-56.30680332024691,-72.40876930521742,-53.15470985997891,-74.32352950124599,-42.114107316515216,-46.96308888005181,-45.049531417435624,-73.90749040822581,7.702074219387978,-21.127316366848696,-32.38475155503295,-21.592755810354525,-10.418800786041135,-44.35139715303729
314,-48.068951594824846,-58.822567662559194,-35.16929755250303,-38.52406354798079,-22.950665968362102,-36.471254825722276,-26.674365486212785,-34.859010293870796,8.511185648238841,-20.74603093120349,-18.295040437057175,-21.570662168951028,-2.3313532931578376,-48.144195708846446
315,-34.92127168382803,-43.73599463395283,-0.7745899697312156,4.53213752198373,-10.379132838645724,-33.926426788861306,-29.193234188731847,-26.4898132722269,-12.524937559462813,-26.01758019251243,-49.06656011725953,-47.347274405185196,-17.50466307522835,-52.99552440149964
316,7.663957305424991,-2.671576312650287,26.464910644214186,28.577073500065104,5.22078638008165,-12.791111858013616,-6.798599558217965,-6.094041977485345,4.026947390260503,-16.789526532751566,-25.643728615909893,-4.8644068182230376,7.403661193572524,-18.978500898517975
317,18.090254634153993,3.9312165412768927,19.82633760779854,11.02538474779374,-0.28478891781365734,-3.8106006646374486,-18.72232356787016,-19.658453412584805,5.702639617964688,-14.704253930150559,-34.72735137006812,-0.832045249099505,11.714214680487412,-23.224753152022284
318,-6.1752658064137,-5.852286432798531,-11.02779611057691,-16.3718103925874,-24.283048191587213,-9.240141601769867,-19.200690429341588,-38.64414965010033,10.648413035117146,-9.99697185672602,-27.547687017386153,31.426798173152342,30.164663252453508,3.0628736642827934
319,-35.0080578081288,-39.826274645589045,-30.469844554199426,-37.16691766116054,-33.11256420014813,-25.735737298682743,-41.72115928657623,-58.20714722814106,11.442275257511284,-5.6707977620204035,-49.07606800197499,23.54102792182266,22.674294510304726,16.364188296354403
320,-41.279263273601224,-33.82913513108487,-13.265027367764722,-26.886337740091474,-27.94135405909485,-16.883149270460418,-27.617025779925523,-45.569673464027304,11.486825583970417,2.6038961493022215,-46.4705476268264,16.1066456390851,20.701771329029675,7.9558295632647775
321,-17.828443759214956,-25.837068702789267,-13.841963107010324,-19.310745074844732,-12.396943508886864,-14.499011533406149,-18.160178437470055,-20.21087949463645,10.666301478764916,-13.822857362438448,-44.165658676815994,-0.07715628415813687,2.4106637189480504,-6.580900799070921
322,-12.008641579755425,-15.941205714103745,-30.303844646110722,-35.10759632483091,-10.232742374959633,-7.406696399495019,1.7353509914856293,2.581618272168555,5.526893662733734,-10.983684772535902,-16.88552594738853,-7.766716649598491,-13.801828862610108,-12.488915197100976
323,-2.530143411561025,-0.38861459040191915,-30.97703899341838,-23.906635645584156,-4.78897208420376,-2.3553353792099148,-3.1077957044340665,11.132389698070785,-24.076015453362363,-4.104139950290835,-20.00938907941207,-29.614532908874576,-38.99833828037189,-38.35460481988203
324,-0.685280790098912,0.20814747526875577,-27.652193776674483,-19.67905822622344,-6.385882911244154,-2.5023508335874696,0.978244722345473,17.360376950018118,-16.969800028965356,-7.595204124025777,-25.77068268396831,-22.717542160162623,-40.395734190148495,-47.08773511697321
325,-12.93558433082139,-10.558280474887782,-39.60970788168351,-19.545488824344016,-16.032630236266833,-14.253069413630834,4.669180579661904,21.005758144593187,-11.319627358400112,-19.73690634895055,-8.99040796949896,-28.779406211730688,-50.23051222818846,-67.16142704636422
326,1.2669986428215292,8.255525580723093,-54.92525997769934,-41.54039317846747,-8.374932006161904,-13.6279607773815,11.293736979598707,8.320817794937764,-15.781243188043968,-10.140572745670248,-8.76793891692201,-33.721740859080825,-37.206057647381954,-64.01805552859197
327,17.71770951047681,19.08493574425895,-43.65606091552154,-33.748438281424995,-8.91616988128619,-7.954355229543749,14.66588107724327,11.415962728631632,-0.40685509745873344,-3.9912700842089683,-15.117644910226549,-32.625082687259855,-48.52936419411788,-65.3175613846961
328,28.053303199863297,41.351470515629494,-26.11354270642164,-1.4298473498066118,6.052491701334191,11.522816964431005,27.988672683064532,40.68734990601193,-1.1363698725993867,-1.8143202341059865,9.600202383708925,-4.481354953114149,-23.748225287463313,-37.09070666141436
329,15.52269828117632,24.216889620877932,-29.59434692163086,-25.842005819002775,10.989719172298171,5.565985906217888,19.676159852539946,28.711024334134965,3.7290871641509735,-1.145408443322136,20.219923342136706,13.4100078583539,-15.806762771037398,-26.465819324520456
330,1.6926322785024428,0.5766570045749684,-50.631611529663395,-43.06886803501376,1.9929897707744648,16.514231894673436,18.40278863559258,29.717447358875642,8.361161721873783,7.123103654664701,43.33468640376546,37.01866384813709,2.067411635488683,5.4524042645255255
331,-34.63251432894952,-25.619529786976994,-63.20624192047666,-49.51107968035055,-12.08209920303277,-4.374955586313317,-5.369588586182153,-0.9907395288762814,-12.044364267650787,7.681947815720129,27.04006753549917,23.569065596003988,-7.5650924686044485,6.640116288863816
332,-18.648222981426525,-17.69868665295208,-34.81022193081079,-28.968424011949622,-5.2399199526370825,-11.549476426972396,-4.6899352418399785,9.616888922227261,-5.017369170058223,-2.908132294258404,20.932086283725212,9.057341596849202,-1.3875854837343071,7.190656979606569
333,-14.113652735576789,-25.3488588481973,-34.30361586319702,-41.361603799590505,-9.12590868742592,-9.420450278527232,-17.140606105440742,-4.229424369242486,-5.934630881282332,-8.253333526243232,33.93348727001671,16.584071241478924,-8.887191237303576,-3.4978243682344328
334,-14.781937535563543,-18.16096436979119,-36.56782729719351,-51.86322381685031,-14.747006626472874,-14.220332052278508,-0.3530832745794917,-1.406014386929074,0.8599304026065084,12.712266126615013,53.91639055849943,33.925879877733394,19.90443796964769,28.305568909310274
335,-33.591141081515346,-35.422096224581956,-48.37466229822915,-56.9218747457011,-18.3389675075499,-12.094049735570817,-26.812125707095532,-24.927909953508657,4.266815535218607,16.625518441838196,34.19365608276534,16.08068553184256,14.412394808415714,24.85668640527517
336,-41.89191367538523,-25.801912201255774,-11.94631233352222,-20.076688914493182,-17.216444979121064,-5.141589335566791,-17.874734461766202,-17.35951359555177,-3.311589470455798,-2.23527370056908,-6.449974416498016,12.834524452134856,-4.161112395795748,21.824130520059665
337,-43.32844628819565,-29.28346868720643,0.9682537488255489,3.8628092634209596,-7.421746825302062,-8.107618312443675,-18.302234284251075,-9.91077874091444,-8.054787582389185,-5.77137582733327,-3.724900524446637,10.439269755511653,-18.764771672004343,-14.177546799828775
338,-13.485312611601312,-8.071384167444693,14.921191601297991,19.946722290592184,-10.397180371767147,-7.254077509151485,-19.48286210661871,-1.2402064735773355,-19.709646833778223,-12.406076993856656,-2.023404353221273,12.106968184795782,-15.535246045475109,-16.25486039020586
339,17.138516620868163,12.684128311021611,19.47841472531272,32.69491359691211,-3.134275923067556,-6.429470959174539,-4.050679018093165,-3.5803848738284385,0.8869997661200758,-1.5611006729441943,24.293721169099506,26.391536138264396,7.6576944874481825,-0.6192530908750103
340,27.728317356416635,29.73446652184177,29.708500455337585,33.81958615715151,7.088871219209432,3.933461009943936,0.9273524045628954,20.930604248083718,-1.330047851200448,1.9017233958298778,55.787075918042376,47.61020894461698,35.63847973784369,36.26397246369152
341,-1.4160864418424721,-4.380117013611119,14.446983151950134,20.725536101280078,9.605824375996574,-8.268830153322149,-9.889584182906107,-2.733739823024724,6.225467969263519,19.04290930012276,49.926053750063346,44.84339030189377,29.196374608962085,42.84725072906464
342,-1.8407207432306067,-0.7691617500463508,5.627655695949566,7.038490502766448,8.933516791149474,-2.8990788232568994,3.0956140153712246,3.2935846345915087,2.8535529611038872,3.800462896127134,35.53627680642248,49.10281337148316,30.476837226289362,58.10962185783971
343,-7.991207652107398,-13.273502374130752,-2.7247385715268595,-12.896816396767148,-4.539162233877862,-7.0799775031510785,-12.58869492748578,-18.912454734993798,-4.531744367125257,15.265741497039002,14.354669773370661,53.71062614369472,9.548479111309213,66.41110342321578
344,-7.931571463113433,-16.103265923068882,-2.133042875730715,-18.604708838138837,-2.318058247112444,2.830834250805169,-12.593835543824616,-18.55989134954624,-9.03502765737877,11.246941314693913,-0.47687977354142497,53.10663439465983,-3.615625195030478,66.06630939332139
345,-40.29533331059464,-48.927364982201134,-7.162021918772545,-20.034766463298553,-11.236251359995322,-8.084727428901179,-14.777934141416901,-17.11229229454053,-8.864316376024496,-5.408194752979284,-32.09419214978557,29.533466549103608,-25.80496808269845,42.36258657649854
346,-26.016266260544814,-20.739060706067598,3.6279964434494296,-3.1625330783636447,-10.359267637375785,0.08755543249004358,-23.606188157199295,-12.15403683104648,-18.473336855759268,-0.2760924669747773,-41.02677642391752,31.97213331317836,-27.998093277939173,34.42460680851627
347,-15.680636952393614,-15.900427582828772,26.156605581151712,6.229793554883987,0.4758670365724744,0.8045436853697545,-1.8566665447401434,-8.435683627182488,-15.272102439070954,6.66600317795985,-26.61741385818437,36.45205851715523,-39.13013814124261,35.56176727287741
348,4.620376762145306,12.989851284616375,40.48352732605442,30.427707129589102,5.1123558807558105,20.33530785672201,14.56800604788929,19.46251530252615,-15.841765220207563,17.2748510799284,-4.149544483775831,73.63147547709325,-10.298296967779098,68.79473496188585
349,17.91681955201628,24.26454995666802,64.59013673733438,52.61209568153768,17.788084312990712,35.34139728551008,24.897092796975034,16.141072118624407,-6.769331892309029,22.47712072241943,27.787013112934734,80.46009005645485,10.76300832564821,68.65214579967807
350,34.248509878321734,31.158484137162162,44.65336628383196,50.84220850071249,25.59578980942861,39.563977605790946,6.755489091094268,13.695908752987762,-8.914482509216885,22.707082606945406,35.049597418824305,61.58623657522441,22.264806834719995,54.03678811309239
351,21.787461868404208,28.989158994980862,28.128608709686826,16.544170819641554,20.12839504917801,40.5342488858654,-5.52339184997017,6.271905288148604,-0.7375614437794186,10.218768687403333,65.30141374914787,70.48508545933215,31.139795486072384,60.15947253494428
352,49.70547751785087,43.35893431032177,40.69069040135039,45.10378035812904,34.12769458723879,48.491408892649034,5.5477108477982595,4.989608783162644,-2.8936634730467907,11.536314365074643,75.1017137223092,70.07152980615068,33.166249143074815,65.09048530473773
353,48.038889488054465,43.77922502293223,47.56729102998833,21.94692997877326,29.051572221844275,36.88541722569139,21.35875205595653,5.43594047917796,3.2618505393108124,9.853242564964228,86.84939022458222,77.92039462733344,39.52438570143341,60.40725612038187
354,38.16523378532351,36.042698716829925,-1.5734980448493794,-2.0416592098746555,22.572690130332894,32.42532379093606,2.39948364774477,-10.685672358155824,3.712242143356685,11.763292230322412,106.97451829245209,63.821264955051824,40.21224752188453,49.7638783262631
355,-14.484290333902443,-7.433824483208934,-30.4098596378541,-43.58024510908693,-1.2138849823738904,15.483887890022073,-22.13576856797221,-43.22374694706555,5.5944019495733075,-0.6777067793755109,94.14790716993495,70.79156832100092,45.227812274800804,55.12434718445382
356,-30.525340719412434,-25.00562890648221,-28.350346027183008,-37.3310554574251,-7.5541514660377835,12.575774231114398,-17.314378683940824,-48.32355524301177,16.016423310210424,13.890662420799437,115.60738368776273,92.12258289345722,60.633771688388165,77.67998194394873
357,-47.45816564490073,-44.69942405633005,-31.060050870593017,-41.36533483214968,-2.084285224774411,10.87141150815255,-42.02644438349127,-51.05878257359136,14.905219466384333,18.877478660676196,100.81802646170777,75.83626630160715,56.183700538671474,67.57340384310446
358,-54.31977435023652,-60.575969872169196,-54.73452217778802,-56.453326042714586,-0.15175523171030436,2.448431161901095,-35.06062937575258,-50.23054459037202,7.361792592784404,3.8545601674504155,105.35855895421184,72.23107624951399,48.318520963158285,57.41210310783891
359,-67.5513916640809,-64.16862603303522,-49.77046860235128,-73.54909309274282,-13.350039587965998,-7.545226700867145,-33.75469112122942,-47.24350416940878,4.509383878235489,6.730200036076584,83.64595946606244,75.13757960412393,24.52041788721372,50.42718476680705
360,-61.15792664549461,-50.821391856042,-52.99688687518438,-66.48771008078201,-14.962046174694965,-3.417309028416765,-28.457659701013736,-46.25302761649691,-2.35186750877168,22.69958976955833,75.87117528119506,84.13816000364612,18.33961320821329,54.56655984419685
361,-50.845980525850194,-50.38550650479843,-42.86847122907139,-70.52614927457033,-24.026080226391638,7.139542084893292,-23.35404969460492,-36.78927452211142,0.6546177428906924,13.023993995317847,58.37943004732206,95.8823846354653,17.381348830000498,60.97593578771878
362,-51.5770080098391,-49.36528766110876,-52.91276681449432,-66.15073624226899,-39.39080436473356,14.613416623496006,-40.62214652164208,-40.77384465280611,-17.09860327507242,18.330391015778957,14.147207700997226,70.09064667667029,-4.555382602470574,51.23069597212911
363,-73.38830734751662,-72.51071797838802,-56.77446288089269,-63.58342901374641,-42.57472516030657,3.61486151091028,-35.82508313594138,-30.2176623696435,-14.312002904608297,3.344668199147863,-45.8895696939398,31.993384603697603,-22.13078526334198,17.72287614783222
364,-52.09181512313923,-42.860796180427236,-14.999142749845676,-9.12227466534141,-24.230807724282677,7.5002451312828615,-18.36630937866776,-15.38662817736442,-14.454200564240393,0.1502708969008439,-60.01779466951595,-7.5594550456422365,-40.462669425363444,-10.266770819692514
365,-4.460920142129944,5.365393261708297,8.86271223331448,30.797677309123436,-11.51142964399807,3.5985074104580046,-5.406839437810805,10.194087806285676,-21.56723858227032,-6.647123897176542,-82.9281508100028,-53.004147178494385,-64.37783291601762,-43.09216461637613
366,41.89906813435798,43.87004650045657,27.28482867016913,34.35474275899015,6.7422412329667845,12.454557735396333,25.83185204234515,40.21738774735222,-18.359747571937753,-4.064197595227452,-40.92323236109333,-27.622497734444718,-47.84428327918362,-25.141130543784172
367,58.65417548867463,56.41543532994028,18.17857290061517,10.557081886521912,7.00019646598365,11.941044473219142,20.426854562001274,50.18448652898825,-27.12669556840088,8.7413480551494,-44.21872489333284,-19.68168047062035,-51.722814414946804,-6.17857019650196
368,58.08561477039339,70.08023811206128,19.678439502957882,9.118949521707005,6.523953551137887,8.783775994756443,16.847432296773565,28.623225266442812,-23.602860724029313,13.667624932372522,-41.50056808399027,4.359773551610819,-59.39356401828647,-7.632730185566126
369,19.678252828234452,13.90564313372163,11.714627742086707,3.7176244997269405,-21.9664838904706,-10.383523078297278,-6.464975065202621,5.536357054770949,-16.634068550416984,4.95193919944007,-51.315488111425765,4.04661794257852,-66.67954133385692,-13.877039020975282
370,7.43623427646265,-4.28512771458495,-24.169605102615254,-13.819952789631609,-32.880580258597234,-7.981020614492933,-10.25061463160459,1.7229473936810222,-6.252303898855881,-0.8869005189615047,-2.3505712427436265,23.86447091384531,-35.53626627811586,3.7769576764079416
371,0.3152461732355811,-2.6156544600102416,-4.5881213937773095,-5.313260611682863,-29.27603600150767,-12.78516280565066,-16.56185471756343,-13.492430890450589,-8.379918500591435,16.620805449744946,-5.111055551199469,28.281942683156842,-16.546340940885905,19.606140849216256
372,13.206187905996618,6.693524741662972,-3.1147605307789283,-9.373198539981647,-32.10808946733635,-14.343467759611576,-15.813725529046527,-6.221389309022754,-2.056985519322736,11.172862107329458,-2.8384353602068906,40.86040307290606,-8.465399478460377,26.92896386211885
373,7.446456572971146,1.4940326731692593,-5.3033993532253225,-8.097930809882639,-36.389434755123055,-8.729799734127733,-7.323761601104125,6.2882571813454025,-4.217698644641548,11.033553541720059,1.9356514126231907,27.705131819219915,-12.7248109754581,22.08032573292551
374,-20.418031035999665,-17.72450279702727,-36.09626262987586,-40.820146471474075,-42.35002491128514,-14.53807545038465,-10.269260855508964,-21.920884075472213,-3.058329441138429,3.215129415955361,3.2762126827522557,29.155740572022367,-14.756681091038034,25.549901427785425
375,-37.26611541182414,-29.00990193026235,-38.14594146573293,-31.862781215454074,-37.02421219816989,-21.083265744436968,-22.63412914888378,-38.63555192343249,4.036686449379803,-13.310065444231583,-21.312777246142105,-3.8822068969012884,-33.15515413385353,1.3994761674451142
376,-26.907117010688577,-34.54193883789887,-8.126997694572154,-16.48014364992944,-20.486422245910664,-17.882586034312016,-2.869560411728699,-17.676663674392028,-1.630572963872364,-11.5541294476968,-19.912183302981962,0.6154000568880859,-35.55871334742537,-12.046924047775066
377,-9.58782108269825,-17.688203730139662,19.26879125973867,16.010690775737906,0.46764689754149913,-6.459681414997754,13.558238129237433,3.657488981493123,0.29768085783235687,-5.8995567510754245,-40.47646236488704,-14.2527407580254,-32.656466066709314,-35.12153282268819
378,31.589262158951094,23.765265239836992,31.89405447503896,32.33084721240386,19.633856714028525,18.01641636926056,31.25388989338736,31.266052203992615,-2.764074897428493,-10.003741839030582,-42.386444785119735,-30.226495852887915,-29.060323527082083,-38.60091388808576
379,56.32493227306693,47.2570515170736,38.635732160019806,52.357843006043446,34.062413448312896,21.984133804401598,43.53183766934401,40.823172690673445,-13.459268475350518,-5.674925198363057,-44.013443524478774,-27.222104696443807,-26.995146011878795,-37.59685923902766
380,81.10629045375575,76.54179573035086,42.18691141704055,44.82144788510366,44.391016003824305,28.846059254628635,61.066352262287104,55.0850789000345,-0.8671415519527533,3.930950559950082,1.1214941000772356,1.2923552739752782,5.627652483532244,1.2508477825829056
381,72.06489020252556,67.4054195399926,19.317370977636156,32.0513337356161,45.20878358070968,22.378317899213947,49.16984154873074,47.93277994128781,-2.2656186814709973,8.037514380829714,10.071644128600848,13.919290460741239,11.11262466191947,15.433629119367057
382,34.53480806763532,38.16774091036597,-36.29789337290255,-16.252800394290595,11.992827990685585,-6.6702912461193185,10.17366257319579,7.538248953939433,-6.2720848591878395,22.464550844277053,22.530947911491037,3.2004428011474895,15.669431470724296,18.95144326439149
383,-5.184372997860712,-8.152802248380928,-37.12059906678202,-31.340650094429968,-8.155443988852076,-21.864991037962284,1.8843656119118761,-17.406755726216925,0.6902936864351935,-1.6206551823537239,-7.627938881936264,-10.033334428631346,12.244407115850125,8.995165054254722
384,-6.285490265095508,-12.038603402972136,-26.387278934294127,-19.06024988715283,-3.4639454761001534,-12.223700268228615,12.169378636998832,15.87207909613404,-10.364359927369604,6.235319400744878,2.6213363351226038,-4.440351288547635,12.893926681863285,-1.7798828862117035
385,-38.583944638759974,-39.73031400518924,-36.604717481696376,-28.649121291448836,1.7211986563399422,-13.843170950837148,5.065668027722268,14.53459283848849,-2.1676028975915593,-6.102651059673686,-6.6019427559200485,-31.665811150860243,-17.19112508000238,-32.52173312005231
386,-29.230770623049743,-29.09144515122196,-23.526429391385687,-23.393814984439157,-1.1525589192162238,0.8355033818946878,19.431182316389208,31.91199143514434,2.698741973647247,-6.62920459995458,-11.055492796910059,-30.43526945442141,-17.207033976643483,-48.53513788463458
387,-25.4136214136921,-22.006450814589293,-15.428736330837218,-15.851749087263977,-7.412784269482777,-1.6527694051085717,-2.7345988600769426,15.635579074930607,-4.2859231787629355,-5.8507276391317475,-68.70705390658064,-65.54373855553688,-42.37404373315478,-74.1374874361341
388,-11.751215344171449,-6.410921287322889,6.814957788808916,23.500258487412133,1.6326997937444123,-1.7645604047342016,-4.7664793785908,1.028228843512902,-4.5652316578485,-10.194075066995115,-73.20695631482991,-75.2414119884254,-38.33919278851817,-60.64336454858981
389,-6.802664026376503,-1.6213837773857835,-3.7870403522605414,8.05724699227504,-6.107538668540375,6.714163761168649,-12.744715212539672,12.7863602302863,-6.021081041334419,-15.039202071117407,-76.15637432129635,-70.95254053272646,-40.64841201691051,-59.495244362173004
390,17.786650366109093,26.087799923574554,-21.88705990168992,-7.010921978392109,9.218255167010724,21.206629097904308,-3.129275986492121,23.455757290277795,-4.184256258909567,-5.938079667056304,-66.97240932185302,-51.6667222358256,-42.70631375542801,-60.193840160371934
391,11.583724455964873,21.538104347211682,-28.52053674913149,-21.267647198603317,13.080044362495306,24.7200642174356,9.110719909476845,35.22678631587853,-16.27833798504165,-22.027439897322004,-55.07003013216282,-49.975971220773985,-52.698235417094,-62.29780114676432
392,18.802633145600048,27.50066780661395,-14.623242145131933,3.8023479859641216,27.41996297096779,35.14763132761091,9.051574986653701,50.005976036494594,-3.134102284688815,-13.297083148017347,-17.939918853780927,-39.497236284824695,-44.54122862041575,-48.68410192642459
393,38.283128947096685,49.73733056673717,26.202288074079174,29.597154512594283,43.560953672038,36.15688230457709,27.596314975875867,56.85782112425447,3.0066970733229437,-4.302362169138917,5.074634917287695,-20.271706022620478,-23.949749746756307,-32.513294478135556
394,34.41102571441593,33.01551349879034,34.212290278494855,41.231719563260256,38.23764495024,29.250398383973,17.802132282225127,34.98658914157088,-3.508863478263819,-10.528946524329502,-4.860758264439587,-34.62184035789647,-28.33579883408636,-45.412108130628916
395,45.936096748364356,39.17506574147441,66.00519875986497,71.1172531117011,47.51743652426654,23.14948029296178,22.18525098241276,49.06126341744907,3.905293931093308,-7.873244052301244,-11.498731425401047,-44.864267226842074,-21.550895741385375,-40.31908733678227
396,44.07901560684555,44.77952237105644,77.96956213962206,90.96684657313246,43.83081431387137,18.734077505392026,24.151402486977407,58.068469091687106,-5.597979313760323,-3.63100355720899,-33.133128954900165,-38.78258394115987,-27.327662501183458,-31.800570148731435
397,55.11880189364696,52.23249474430377,63.1278095377753,65.66927955499348,36.317280825623534,19.217090034903727,31.7982211209192,42.384518193428065,-2.843840651894555,8.655476400284105,-18.673234143087186,-13.810392366556409,-19.99986381876709,-5.349393915290521
398,25.072161689557458,36.37245678608363,28.13267529853439,25.942425068416576,10.03705659538521,15.206591220126608,26.614199368067258,33.05238908253126,1.0630765465181717,-2.96588319842303,19.649507068432868,7.398114905600519,-5.213175214588305,3.0489077057567595
399,-0.07384395257436832,13.712001449177642,-1.8054885326689993,2.407273286389713,4.2541538853699405,-3.7633995472070163,10.013893784627273,8.777774224742695,6.506768650480031,4.518360935230645,32.08298787545219,11.423606791273642,13.432658937694024,9.810291669809258
400,-33.1036043792032,-21.01890306791959,-25.475764915735624,-13.90696667643021,-16.876318200216765,-18.124537658140373,-7.909534971373529,-13.666740065633011,-4.908894754566899,-0.9522755409057551,12.51145938348768,2.858506762032505,-10.609512825385666,11.37942368517025
401,-33.91243360333962,-34.97821747691623,-39.64818952989287,-36.61917428198944,-28.137509616507984,-32.991937779733526,-20.020329170138574,-32.740824151103226,3.9117424831470475,-2.6653060587288255,9.65862253159119,-0.6752809873494877,-3.7584156002554225,3.5670832811773323
402,-18.086922772318385,-25.142157085313567,-30.617365785212638,-21.97442787288304,-9.390843334442689,-14.866356872313686,-11.810258516461863,-14.80337836021948,11.022735565947547,1.0253077316980805,29.818205113415626,10.566305557717655,19.730998458050898,13.03003279953698
403,9.80312255130021,-2.4821614639315195,-17.524281779032403,3.8256918225668475,0.09706066380074896,-11.06139990781784,-11.843936514413018,2.6031907658838307,4.763508224286611,4.779142160945615,2.712604330272661,-6.374856472788774,4.596038176774254,-5.767372078153058
404,14.145387139585624,5.272762788462023,-5.750393051236974,1.054152078390729,6.180452250274856,1.1174799289656459,-5.698875288126497,3.8862482995472654,4.693980241675079,2.8714117690365195,-33.15982944162985,-11.680731295943461,-3.092445298960151,-9.619104637540064
405,48.29839588926922,40.43177925146252,-10.307096014160104,-4.129120951311063,26.208952607542543,32.93673811035644,12.028321391335272,25.055374920870296,9.47347435202605,6.368658531332729,-7.866589951923709,3.919568850715177,11.018786420731958,3.830276774315023
406,63.26116951303584,75.94571443696672,-7.452471954989966,6.020873581737209,35.046726403157955,57.67052960941215,21.856325040039675,41.512810638604925,11.076661897892677,0.13944055955540474,14.497285849450456,26.81267567216844,15.232308829333222,8.65365845817046
407,57.59741235185316,73.61095458618637,-13.072206661047739,-2.4062732317089823,30.753208486917462,50.21887376487605,33.84282512201553,38.48684350449264,16.034661157049886,4.990761680605724,42.676324292543725,21.16745994621281,31.457683772677438,-8.039052275766318
408,27.318753803429942,40.86281720676277,-35.60611114947532,-37.156635063371255,25.943590233699364,42.64324422305971,18.117227197242034,14.68221911350787,10.587315358999229,6.526194741418337,67.27846050789293,14.323143912906794,41.03198993856336,-7.720243197618908
409,-4.999223233614149,10.572349454267545,-25.768767154024022,-18.04916396215028,33.12030553338607,36.14650099718608,15.495110200285591,1.763928352593469,27.702015148655118,2.755617519180275,71.34840720106094,17.005366691270762,60.15760812269859,-0.6272165213383271
410,-26.97436359540536,-9.61594961208602,-10.780618478364028,-4.600223198967868,36.70587049558248,40.68095109947203,13.534005135889329,-1.4880356536041297,17.985613164815433,5.223364426261277,73.29105389445358,9.00111397453318,44.754454898900455,-3.354161094411037
411,-53.896940952868064,-49.03297082990588,-6.64955143674423,13.68973113676562,29.957597189143307,7.730724900361143,8.395085971287543,-13.342850575817096,3.67605096252005,-18.77765570674739,41.19929970121383,-18.579718536344004,19.88881589112473,-30.688126663566837
412,-21.24646016678598,-4.56911156261494,2.166207298473275,16.44187073756375,33.513405272358185,9.300501240910146,10.887402724448256,4.079624727738248,0.37651142215929817,-13.385817281792779,42.76144337855035,-9.597873481125383,10.997256003800732,-26.1869749309821
413,0.6705982913798749,12.58480211863556,16.17713059333254,13.930623710593123,23.09291888231168,13.601604423548483,0.09589097034472413,-3.782566355614223,1.8339614410677791,-10.387450662714436,-6.281223672937173,-25.34290510587289,-12.373994479479945,-29.380503109337656
414,6.110901023886697,28.756044513972903,26.756901573294055,20.608415942045898,21.075092423029282,16.54984315433874,8.914957504064828,16.2447649471982,-15.97329106424939,1.1838037024251848,-27.022756469033354,-14.641353995693265,-26.57419062614715,-8.59415533263765
415,11.685746665375454,21.413036356598063,33.56167054235895,33.87770846290411,12.750962928149429,3.0872062327738257,12.267732342626491,9.940565616827024,-1.7910289758308313,2.4450697168996047,-34.005082349001725,3.7133660713857557,-17.017649388717572,13.108698018671623
416,4.591125258325966,-4.426128570164569,41.900820301340524,35.62248771116456,-0.2238784043875892,-13.893148036206446,-5.126667965759487,-7.148458456903652,-16.705671631369455,-6.950020219501456,-47.426051010079675,-5.233969003786678,-33.559225016425486,-5.766484086613352
417,-8.261863903833149,-9.811871012099061,50.93553296567021,51.57077822691739,-2.386045802960828,-13.672641740938884,-8.576728839219692,-0.09998085323092454,-3.581812995911978,-0.5435320310696472,-55.55306299970509,-0.8078522785181834,-36.89866380225912,-4.206868844887253
418,22.008552488781138,3.858675107794596,71.21674485147405,76.85547462642421,15.445983582105292,-6.559870608524854,6.165457543235383,19.477951896062503,0.5300182354424479,1.2537670309201472,-29.196857878228045,-5.6125701573897295,-21.436711503208237,-1.1071175085607883
419,32.601601881476505,24.688879777722086,79.27877780114441,82.79522669160119,24.805101213556572,8.709084576832161,35.73925623710505,54.71676281887701,0.8100583494880335,6.234030612831147,6.123114298636869,17.407460701076943,-4.821224464687437,15.669125159329008
420,32.73083210423963,25.35929039504958,39.153210199504635,43.33571093030702,14.906610120359725,4.311728117769453,28.21290645867279,32.24458388690341,8.419682417780722,-5.039249716878935,22.503193700537125,16.479880519359952,11.51387052830745,5.292135308372083
421,1.3407208747367352,-3.82237697953893,5.324186760828604,5.999026827878513,-7.673547490208117,-12.807704709798477,20.733509543365678,7.532901772506612,8.587200052310864,19.373268181129397,18.212443860381953,15.695164633651435,11.983515635807581,17.249472498256274
422,-21.717035390891795,-22.429192284322504,-26.007778341745006,-28.696159468549848,-17.322448818026988,-22.72488761213014,19.602178973104994,-4.317343646372887,9.23936731377487,16.54098880980463,34.574035682101425,20.98036352985526,30.264513580649393,41.521885118100734
423,-40.170129524409795,-33.651641670738734,-27.661118185334697,-45.00437210606076,-14.51095142223955,-21.921016928866322,9.569441077556016,-15.47157272456862,-0.8933693747120817,18.45812814338258,46.95707065525158,22.93129829136616,32.35214085731788,53.3076550289448
424,-40.58838983466642,-40.391533298776054,-52.820074576275665,-71.60231940863875,-18.988718430237768,-14.563694516016454,-0.2644923742564314,-16.616899135299303,3.54062428518346,1.059399942756444,55.02990978795717,31.429631095303712,33.019133207134615,34.01167800546796
425,-71.44582611692114,-75.7415659002397,-80.35943463103948,-84.52672126676912,-19.852391173885323,-12.873139049464653,-10.893759814859779,-30.731620823003595,-3.7375916578476747,8.862243932573065,58.24758662028166,36.49311275101623,38.09765840640755,46.409566046874055
426,-83.76145222454448,-86.02469463771135,-71.92820670065747,-76.64765664883734,-11.359028574516968,-5.312418658916981,-8.08771687800816,-14.76452561010895,-1.2977763915740663,7.430816037492076,25.23689085733023,48.72490692056282,16.93179679258554,52.39128977732012
427,-86.56299372317484,-88.48687195786306,-66.44251293999642,-69.52716532477451,-4.290333169157169,10.070782121673924,1.6616606522571362,-3.806401452243189,-19.920642538208742,5.793329732500059,-0.7440360848878207,39.13834868231375,-9.652971373783174,37.57050336568104
428,-64.13073332027588,-69.54626756379623,-47.544803407926786,-50.078887643518335,0.41041702451841955,21.47534555799365,19.583815818559962,6.434842271141859,-8.839972413826201,0.41349543326586347,-9.7483121844204,34.571470063986794,-17.252082642233177,8.742150378277858
429,-27.51124388493876,-20.387547722538958,-15.901475280905188,-14.022878911501504,15.53661911674983,22.26049172540848,18.642955823082474,12.498214986884678,-13.50290695295746,-0.7843473221683741,-7.529155203951913,26.86419948679577,-10.387799679203436,14.916245592506005
430,1.0122839711227334,2.55338682085796,11.669525124537314,24.77923059186441,4.883955711652313,4.053172750413952,-4.808127135056422,11.414175269000888,-12.901090663441034,10.96681342754066,-46.31082477347144,7.091046637006047,-25.803449694005728,2.3904016044018257
431,36.941559101493425,37.26117638779972,28.624935210298542,38.90435145404881,11.390822033279878,8.05582585812392,3.4366618301350975,16.558238704097693,-11.651369943122488,13.86157398130504,-28.90265329710081,8.269751984950164,-14.0248317813671,5.5161454550997995
432,30.402570335293476,22.21123765480288,7.460951651172219,22.09555595878783,-12.936192341432168,-17.75652290540902,-6.794389036692147,-5.310099169425682,-1.3700124713098933,9.551299833796335,-21.001784562374887,-18.976654910641987,-20.43023707607711,-17.316717550657497
433,37.79815723647491,41.45045871098114,27.878235781698777,36.59860206608671,8.636833766971604,-8.63685702157564,11.17319685502423,15.839037064738278,7.142178765396532,-5.713643087282968,0.7255837045820289,-0.37787405134942553,2.721806480579071,-11.573484185278561
434,22.409615281965515,21.368053317322214,46.55306708007131,57.87606670933355,5.125125675986552,-18.700053385090765,5.343654150954789,-0.5262157145856008,-13.973494581467902,-14.411773820536336,-37.05363978572971,-36.12930505578476,-9.117846620279586,-24.26811491661314
435,44.921792943470294,42.34734561621159,66.99706450343037,81.50459631322649,12.2353736090577,-10.630375885063188,11.552133401783678,22.346632860267924,9.57524814847389,11.376025949824538,-31.014529367442805,-19.618063062427446,16.182282215400043,0.7557843364178664
436,38.38776806477146,42.67936646716187,69.01771722627645,73.32585037012448,16.68205656681223,-1.9906513021438206,7.703685206846326,17.29218325052158,6.272485712799597,10.348803082904313,-20.509111266904092,-22.100107437649374,23.786313551320575,2.7264645030723313
437,31.752111910459885,36.37840669528942,86.79051067688658,80.21708241113973,23.47208763475829,9.17569223406874,9.890804549742054,22.907575088455793,7.4324585541242145,13.491411016080631,7.143098623450266,-7.9496892026044765,56.32117602956829,36.234863169787346
438,7.186629278165414,2.941067974418192,85.09246593346931,94.97644189454257,17.97010960710359,-1.48353014765251,-17.71175539739371,15.141656587738046,20.778720410059627,-5.819634814892975,-35.81453663697336,-53.75460013979149,41.71002220642578,14.324512190405551
439,26.342505730147494,29.37554545693459,96.42113561034036,82.93156676796241,21.534322048564793,4.64098163068422,13.604936069744058,35.19727883958542,14.5118591539415,17.719196317754864,-23.958356804052645,-21.413098736714698,56.58551627418288,40.851700050776806
440,18.13282368725219,19.770129824174543,49.73545401457864,53.113899093339775,12.504814710697406,-3.612504839494739,-4.060098230550689,5.61594237120175,21.535540808872028,15.346937826468293,16.439928902987585,-10.401439018729569,66.86636579027898,38.45733555943864
441,4.408682071302341,17.55124653552917,45.67635870506512,36.84118187691868,16.121144759919357,-7.452514813847342,-7.058688021022038,-8.75198338787241,26.794016836617534,10.346760086511162,13.297646151402272,-11.838522425037791,64.563401082794,46.042860638114526
442,-13.102957659475017,-7.746504486904069,55.763578392445595,41.28503552371622,5.569622720385313,-23.274728757354865,-12.660376274032055,-15.801075447593737,18.31718904342522,2.7044788623721243,13.816194362175539,-9.478450133854254,42.74337694296724,36.25713453474066
443,-23.586703700142646,-18.796946410410282,48.302701875527084,39.288330706637424,4.35616271371993,-19.75817401355095,-32.080939758178985,-39.170390526557,5.7106100105401465,6.365969296812414,4.848367427434649,-20.18944332803939,27.742010713527268,23.911829068981174
444,-14.780325399044607,-20.693519973697,36.52362316154813,29.22331552800715,11.795589315923312,-19.363739229699352,-12.725591312284966,-30.507235352035007,2.797417123020131,3.554338517104842,-1.9659339574862722,10.089924770339318,38.329688605826284,23.27096480106346
445,-16.272112630317604,-34.04061060366922,72.18830960127832,56.322078875135986,16.326705015177293,-5.518732554711612,-1.520464715817974,8.588322423818102,15.493753497761354,0.22092836814193184,-7.503125448125484,6.644055158130523,29.774540547549897,15.13144259788814
446,-9.108163178111251,-16.026124956128662,84.64708598576664,83.05860103350908,23.213196242700057,-0.8416753987595607,23.65161679717534,17.877447892641857,4.918873182025769,-5.011635467048239,-31.612263361267864,5.869320047850199,14.472585295272257,1.6494253666709708
447,32.77503984593528,24.379741705303317,90.67927528320297,83.02259577192774,40.36114997693744,11.051417807014689,45.09219836283336,57.566834746555195,12.387337317700515,-1.9053846401068417,-4.814664086293661,28.35454250792989,17.06945452395337,24.77146951512157
448,92.37902341098565,92.43170381745007,94.73415671779867,91.34515026005177,59.14806675856103,48.519485684228414,88.09345793594039,93.89963660197341,37.52368142613961,27.03456860018727,54.398147636289536,70.15376689666256,47.93104497774463,65.83958182058508
449,83.33121998106107,81.60854042968379,57.79085560039426,55.06706281214691,35.681148871647636,43.26503650079168,65.03297906876007,86.40800166968941,11.32583867316769,20.368130259112295,68.38838530142661,74.05900602638557,40.386025067054156,47.90021941441719
450,49.43592992836014,33.94488602322376,-2.759235281731969,3.3317230502573176,17.73433497796811,22.864994663243003,40.72861396085223,53.571435431961234,9.219269237156542,13.108576144936983,47.520462340861016,55.7502137071813,19.223800563356257,27.485644734598665
451,7.801542351950013,-17.675232794427032,-43.6835539519948,-31.937696475445133,-6.019684467574786,4.622548794291865,20.807843141193597,20.93793501718265,-1.4326337531487159,9.606195260817481,37.398344619964064,32.60546168460793,15.061140701698129,8.833172021310164
452,2.72296363337553,-22.580304185148186,-54.08362916793595,-51.39171219448885,-3.2106906394525008,1.1748537873719411,-8.408079173617411,-10.606568947271361,0.6712278954427783,8.79572056475297,-6.6197076023804415,3.086510437615509,7.532875405640672,2.4286496835701126
453,4.988913674629747,-17.283078843371943,-65.27926439514286,-68.335241782171,-11.266560132998709,-12.709537331258705,-36.4137271979761,-27.77333853843814,-4.074476271471761,-5.754412781024938,-53.21738357889446,-40.54556498200973,-24.41234086550537,-31.690401135162702
454,-3.915799746852387,-6.685067040696666,-89.23628617252153,-76.26013375281599,-8.241738497541949,-27.019041192907785,-53.9617437870288,-62.63256168538756,0.10611757378670934,-21.286978759674128,-74.16373661695457,-93.25893847438533,-28.61978002835679,-65.35559205626859
455,-8.593227958432536,-10.25850748855735,-68.44071563727276,-43.786805158805684,-5.152050624696101,-11.805352086636839,-35.38209991235522,-43.433636606928005,0.33334787077330397,-34.154498005943125,-55.112286637552614,-102.49360877628514,-11.963680696623726,-64.89721310239221
456,-19.032273137121493,-34.37735507935025,-37.664671799049565,-11.583569536064074,-3.3825892711846324,-23.045044058906907,-31.01749880268313,-31.728585299146584,-6.570323061472814,-27.93072165946031,-85.97188197751353,-110.68622926478311,-19.798459191847545,-55.37568758481631
457,-10.652064528040611,-4.955915895731183,6.159847170048274,18.57868238882455,11.82141367924958,-7.847240386360698,-5.266510069983183,7.332816340837988,-18.29167486322707,-18.913293248476442,-81.55129253810873,-107.24507681279295,-13.201804602066305,-39.13093520823076
458,16.41325358558145,21.926100110905427,23.877472429167337,31.466980910164068,37.84753341913203,10.6087731045837,35.74291283152473,48.182069432539166,9.726148030070176,-2.852872089407043,-70.62829845679465,-77.8696717693102,17.29488759712246,2.672884411462971
459,58.353914786704635,50.912742867226626,55.62402437934448,58.03259619614752,48.94699575352008,5.743752185638406,36.00385862204717,61.53722439872949,-5.8530965573010745,8.576787553990826,-61.850185796007395,-66.00723909023196,10.992358105048066,19.1497031668182
460,129.94905508935653,116.13730164158869,109.16209569254511,105.02597456085098,76.6020229554774,37.04277272243127,68.55726303125537,95.5088674744173,-6.440528953395223,3.090427909439452,-53.03783979946802,-67.14174343950788,22.87794577455599,28.103632576666907
461,178.5771194448164,168.61518254486134,106.27142989266275,104.7465078031031,81.44811706690416,50.460687066559274,89.79617028870129,116.35669193706345,14.647395615997382,20.964675215130317,-4.180222091346227,-41.3688797690686,47.706669688130056,41.37744266745619
462,221.31088632821735,212.22254249824925,87.3654922134779,92.69165474876161,94.11258390941165,70.45959122519619,85.34389317591364,113.88501219610671,16.643958970309967,24.251041480273596,42.03337680719718,-6.893825147211994,63.705565318003934,72.8833869942989
463,229.03582616442634,227.96503170784132,56.36427548718544,56.371787651634754,87.78431892811795,77.24217792453649,87.28747465713364,114.82044335302321,31.46425671721198,27.135073319318202,96.84948617553944,36.71401042236223,91.27271031843927,90.66699818810872
464,184.3838293659888,184.7349951567224,10.966028150235134,12.817840673842248,67.51159217705398,71.07077056523448,56.356943742477526,70.2648764101762,33.42509565385317,18.041211359369957,93.31527353988334,30.393680787397088,62.44699622858563,47.97843601784227
465,116.03851683848355,97.40941285706583,-51.34406138753274,-47.66564162854489,30.70576115052936,31.40172747177695,42.416977966005284,41.61129139040237,24.677355225921747,14.956663369936209,110.63429865055805,51.6768171612338,53.09410766588101,40.741612911361706
466,38.09954547352829,22.60252492579352,-40.148811802706426,-54.64527891325366,6.58163955149891,10.118845261040459,7.0000905911926585,8.98727720813321,1.1521836099805849,0.7754564725877551,54.4225361048058,2.9978259886702006,15.541611272608456,6.616877809862
467,-11.111011316212982,-22.999308232624802,-63.37959291186717,-69.19334322942018,-12.134667962620341,-14.003258504195072,-21.5610232285288,-27.726299281029906,-3.3285417463785723,-5.847226037556339,14.693862074016398,-17.699616318968705,1.5193049556392992,-14.269479903805177
468,-72.0210317133327,-68.68440728499772,-89.06919475663493,-83.95180961158748,-26.955508472096774,-22.170178036922884,-40.51204735387693,-57.28633929605509,4.444348221466144,-9.169889207821917,5.088548538210528,-51.67921558800893,-2.8876263097109027,-43.62577353763794
469,-81.59519386909422,-85.02924622736069,-106.29565141519346,-117.21153328272725,-32.07225746856606,-36.73324620059306,-48.78957227481135,-65.15283510783996,9.795888186609497,-10.525257073486191,12.277314468288768,-52.09155761256318,11.947565849717723,-33.214085152633544
470,-83.71689706249488,-84.60095390873248,-104.08308914652052,-115.15026718050731,-39.54221382335078,-43.33754443002473,-62.592386524789404,-80.173603670272,1.895802034124914,-13.765724607076823,-6.518267621109163,-67.21090576650055,0.3076330969154995,-35.65268775793763
471,-60.274629758431246,-75.4987364994735,-83.62657312312773,-102.03428500173362,-40.869246508296804,-49.25499617416165,-59.34050791701351,-77.40626206581734,16.23714097460862,-22.853139203232953,-1.6486545805652815,-67.05668963983777,17.599615673696903,-52.69169347281194
472,-52.88105446104776,-73.60759982568406,-84.54329267719375,-88.1286373431241,-46.97833838882579,-57.2182526380459,-58.31236260650194,-82.53223336324338,12.374658006639047,-22.52057321189161,-6.855664704043949,-74.18024410926822,9.230118134250207,-58.696903212020885
473,-52.144206197533016,-76.5302915327584,-98.4042229133516,-117.4336996306755,-64.05092778213678,-58.23901514334451,-51.73746023925576,-77.12422285387393,3.6898430688113417,-16.720225034045704,-7.700355807368605,-44.816234491063184,18.136241315680298,-32.36678734092034
474,-51.098665353459374,-81.13038140835283,-101.78026922436374,-99.93654828534608,-59.2196072726741,-60.04329125294036,-56.94309815599604,-74.14650638654925,6.143302465813515,-8.111533540082636,-4.352452631078775,-47.94273497354854,18.99565746370927,-17.76291340051828
475,-56.58454427904782,-81.96199890714915,-97.65610342928,-96.38902516463827,-40.76817631379566,-69.91792764787273,-48.690368351380634,-73.30804729528302,-2.482615311092586,-38.804790145002286,-12.73894982397261,-60.99947876804539,0.5219032896082125,-53.78270139227373
476,-57.06345471549975,-81.27589516324053,-97.32650063788462,-83.14647323275885,-31.502583619222946,-65.47220748162309,-30.245115720967277,-53.51485249273927,3.213309797966961,-32.19423759179553,14.632863725030862,-65.51395459063458,6.536758533444482,-69.3886606794458
477,-62.194724651232455,-80.24126681939154,-73.45211405095229,-64.99666581684937,-17.046736721275202,-62.75321771493462,-41.887825409465506,-74.29647793448368,13.033895343008288,-30.089948275912654,-3.678802055506047,-89.41542045090928,-4.789146185978461,-84.60949366738888
478,-57.4263489843606,-76.01710810412679,-56.59085897324431,-56.87562369462505,-23.636298184782902,-53.19990597816054,-32.07450934656149,-58.69234544036384,2.188076061076656,-24.83495579066001,-6.705740695436426,-62.02980215504598,-15.92419628002954,-50.97601823434714
479,-71.86193614589251,-84.47474743647466,-43.48883112593649,-44.588931423964134,-28.240175632701977,-61.394218040042496,-41.446530297713444,-67.66997675962774,3.441812280872797,-11.895156024687456,-48.17022069303847,-42.44500013426509,-44.637412462154366,-43.886940794013434
480,-71.73095064113768,-78.97879422173344,-36.77217891781051,-55.54248762828452,-31.959314080637633,-60.365966589956535,-32.745632886002355,-49.6563922728807,-5.738990361606533,-8.777149418630573,-39.15694880377822,-14.114800032114571,-42.5806894814081,-21.20458100865649
481,-66.38522805333848,-66.7501642773574,-31.198358694228485,-38.5532058691772,-50.97784107170995,-46.550441182825296,-40.16691283462152,-42.3371856072865,-19.027265697557276,-1.8322210988374383,-75.58083245762862,-10.865418412486681,-66.39523349359173,-13.328126695547292
482,-40.78406472823849,-44.70037229292455,-29.05614081253383,-25.471158512560883,-55.85058344657055,-28.93742066038687,-39.168577025958996,-28.16317361946875,-37.4095962054311,-20.6892185042507,-73.80312017465425,-7.9239440921823165,-86.77182820654427,-35.19493119736711
483,-21.599968050387233,-11.73260532635461,-15.666353531612268,-6.089226247536599,-39.50493803055306,3.2351799441317683,-21.853072679553183,-5.957196043795358,-29.707912477546614,-6.162160219130191,-65.93581439356004,-4.276353597615366,-90.08306692835717,-44.37618098369744
484,-19.004609964275417,-3.4849874688614353,10.32151930229086,18.20937058773896,-22.222657701501294,22.194003752413646,-21.826786494992483,8.303389119609028,-24.877445804876118,-8.327039742572392,-62.251104265471376,-11.431137337319818,-89.89970385651564,-60.27018140977614
485,-14.531251254582735,2.083337608356157,21.09275094877548,22.377708463063172,-15.503598484056301,31.869445241741882,-20.400318129330973,-4.953616087764544,-11.649812490336567,3.9549710150097925,-32.74788329320878,-3.3226394787780675,-61.96353397555658,-41.86928642458613
486,-6.240141448070391,8.658150165514819,37.43123230551911,46.56805539408647,-7.520754831026568,32.96174485192184,-18.47381093354864,-12.047128979335815,-15.260964446559472,1.0651031109976055,-18.843286244389276,-10.419159489428935,-53.75984178140811,-57.9463758638456
487,16.632981605687785,36.72493650046235,28.24631447135107,39.77563872770058,25.786133780130882,35.65434418978875,4.167829129013374,11.217648292097815,0.4771100826930432,11.019199677843796,25.41906262758802,0.5075085275590747,-11.272015301727926,-28.185263794588057
488,26.003868313921974,42.374983994732176,34.37419994574538,33.81811392471157,38.20213831988463,32.4253335374528,12.779955402817782,7.099772902443085,6.1954220389808325,12.935668138934068,33.13955381288043,-14.334329262833478,2.4226926929313763,-23.42159360236037
489,51.05275730043118,61.38570887347993,61.74992299183254,54.633166468035796,47.21698098645637,46.74207550989244,21.960163503386013,23.890923703670577,-5.184904419130876,11.5502148145249,32.05431313818478,-0.9804898443945128,-5.610321146333228,-15.408335000681378
490,70.76431193365882,79.19591940697825,60.86938744755284,57.749066903632375,28.33126273003218,37.98045204510975,20.799816589742143,35.93230811341393,-14.064931909959355,13.66075647111172,19.10301372225448,7.258113307108305,-32.08790300587315,-10.606231844462716
491,88.711686758474,105.3058890430775,73.13788635231931,64.94710191189363,21.396726613045473,26.349633024059035,19.39482127869262,30.521084697955224,-20.530851803363387,3.9544965087570607,12.49969358531486,11.739104206481578,-40.629801485045554,-9.521258716199151
492,116.11483012290832,113.04669119773025,91.69225829668223,91.05382122891872,30.611173916208642,22.92067097971734,26.3581054078187,29.0651280475293,-15.700562788750466,-4.248701006518232,-17.371607560748195,11.499621642136544,-50.25774577835138,-15.069924438920902
493,134.253771395479,121.51693161544736,92.96554384700488,87.08875950535325,38.25713176789175,38.09688686215187,43.77432340139017,57.817897826618875,-20.467849101361455,3.5849675777454646,-1.8717841958945762,27.435977686291114,-36.66936000160892,4.113022742578102
494,104.94854271487964,97.06288047680584,81.17192381723291,92.85235263090762,43.90659100378718,47.473431232556955,29.7292513858441,57.93554285674073,-24.845619640316997,-15.699645026295777,-39.44974558866251,11.575291666157401,-51.43791059365732,-27.603683883038943
495,102.91739282368879,97.27608801115245,69.48952133834099,82.36849545570438,45.32820033650728,55.82273945311743,48.00793116563604,76.31319887169283,-12.875006184598163,-13.947178173560092,-9.24772172679867,16.274958250618056,-24.862649693966052,-24.966355740467353
496,105.19560587536827,97.40730678778367,47.63175374832904,59.73565873682879,26.429254534796698,36.44306746384256,29.267236781903584,57.65279447328605,-9.727665983885109,-2.795410994590108,-10.4231905583515,5.184631466750408,-23.214176328654354,-23.206258121731732
497,74.2817718173903,80.08832737623806,37.46759036114363,33.08270876996155,2.6937652555212765,31.98685739853327,6.596014048700622,16.584118344351573,3.437054873849126,5.602787231183148,-11.52818491242344,-2.053208168725077,-8.476016287106036,-8.050191935426092
498,42.06028572401351,59.92059800667835,28.672099084653563,24.530100896934844,-2.326901046337311,24.632171860406917,14.423125429294531,22.293748076490083,2.593878919478065,-0.7833961884272707,25.439263200609357,-4.092199831470474,18.152623005519636,-3.845243343910812
499,39.45662141279031,62.00871515841415,26.166794122150407,33.9812883449763,7.218085156767232,25.446690561036945,25.68245900616563,16.55911157455306,16.06602961689058,-3.6986248092244076,48.329026370526,-11.673266286014805,34.23464798086354,-8.661532494761756
500,37.69224723673838,48.79681001082957,49.588807467249154,52.11047056982399,15.771767625585461,4.506500786201828,16.83307091094184,21.711384841656077,2.8313940918808598,-15.586418095000326,-7.855722816270022,-56.6253297694941,15.75800194649953,-48.86737335401328
501,61.014716619562236,66.04163446767136,55.680589604279334,73.8595837958816,30.31500099996587,20.662293221473043,22.149420669861403,32.425532097285995,11.634842487882857,-8.147376504267992,-24.933343627571535,-39.92483079247928,14.56608213044015,-39.54292131317581
502,68.91823567734053,64.53523570677612,50.295681788527816,54.30800105864378,20.383631993362474,19.706220218711195,27.669314397276644,28.685610543674592,-5.518185217564796,-25.979164829371946,-43.515971946186944,-44.02958320827748,-14.920714915221005,-57.663325960459154
503,77.28767782547364,65.48800088294186,51.05352464560806,67.60363326821272,27.281894265328233,27.054774575517907,21.15008570231044,33.82505108842933,-12.778848353848483,1.232812473677455,-64.90604054855302,-22.966987951030237,-52.452167547792946,-57.53562498641508
504,52.01478570488493,59.54115879885819,72.29511879510744,78.11207834810952,19.65509054682251,23.44667419955841,16.3715577699893,38.23167898387629,-29.703460846673853,-2.0619986589566097,-73.39794465275523,-19.945867856004934,-52.08462272313765,-40.361925814495535
505,59.720864911956724,61.979161207795144,96.74856369349988,92.00936569617373,33.649588077564374,44.29745551933046,43.65897139363642,74.0118794471698,-1.0730274772685402,0.016720000701679893,-31.370875500273268,17.299786479834026,-13.028591779369409,-1.691563974789849
506,63.89878706306932,65.27518381399835,96.46352510922719,87.33322877859726,33.285635859280255,30.360892150245434,58.77375848278962,55.34903520351088,-10.301043452859181,2.8289864524225843,-19.877670007964227,9.629274898756083,-3.6384058205395204,-0.049012460970572456
507,69.82757467630069,80.35384471695795,88.72824045296143,86.32507379705488,41.84802370815902,35.55465233336016,70.54914484978691,81.05709206548356,-12.031706729970432,-0.6680773021167583,6.3208962327887415,20.448967592920138,-2.4479345285162357,11.570026958661593
508,65.2759639552498,82.24119630055338,67.50087787858787,68.4422433664965,49.12459588874787,41.236465565650576,90.6782688415985,95.8003841203844,-11.28188516518223,0.5945888922182914,20.15984303199097,38.854823793928595,7.053196401651925,32.328750630309756
509,40.10374568815487,62.54626489321561,16.160939734105103,10.053985673550205,27.01888768090188,31.904615233231734,85.7705136390382,65.86635128459076,-2.1199255308976013,11.072659405865219,38.52155233849671,63.682759471624294,2.4325762103935236,57.1079708773013
510,-13.378265815351861,6.268609159767502,-43.92990181219239,-47.74271418524888,4.3391036584599245,-1.21674526170326,42.73420174765423,12.72212595736885,0.40018649443085036,7.3100926610684445,29.014006614981852,39.1314438388566,0.9996017784880886,36.580234273338085
511,-13.664283596453386,-19.93077619882955,-49.04782718717974,-60.551504360398354,7.662850521367032,-20.69607345403395,48.37604116044238,-13.491314359271325,-4.79689595473896,-4.742221111150457,14.453994728079973,16.823642368580046,-6.088207971640161,19.076785594766964
512,-63.353150782321414,-52.77668557071955,-68.78674537204145,-74.81161833344827,-9.616956663178277,-24.00978237131645,22.25427416753552,-14.594146514717488,-9.596219133769633,-1.3265225066777195,-3.717847759463316,13.149457282572719,-31.31618796641937,3.428468392824472
513,-43.81729553629636,-51.50086749400915,-70.39798216244803,-67.83439294278995,-0.5041201654042617,-20.8882633373704,22.3272202628159,-2.0973497834584514,-5.3286732516182,-4.0627018081038075,25.106203613438506,7.907853812650556,-17.17070924091686,2.024823134907356
514,-45.1379174568811,-49.28026037309699,-59.50444987424462,-54.429515951681736,6.605392672545467,-10.153888029414592,9.768754514422895,-1.4440724986555835,0.8792932667569763,-6.256520788342211,23.658573891881375,-18.200706993614,-12.107055000829794,-11.069857060298546
515,-35.10833427820761,-53.93927627289463,-39.68080455954253,-48.90819211313062,16.61337156422217,-15.4341713756337,0.8358833874775733,13.052224814318844,-11.029646756403977,-14.14930745317432,-4.594533889785934,-53.05513192054536,-34.71836215659358,-42.83743434358979
516,-22.064977988110126,-27.275725399233057,-22.273119199575692,-6.18175507351803,9.04746952229421,2.336007405166653,15.490349093070503,44.27990845394466,-17.480433344945766,-23.341946459119942,-20.86093721896097,-22.786984932767545,-34.440831589593785,-48.1300660022388
517,1.1001147071462296,-9.608741259413314,-6.53427243865035,0.687512906050276,16.83387985154404,4.8458129513857084,17.946454252789152,45.80388917423845,-6.568215240177743,-8.30650620003998,-2.869514750337924,-25.361416633931253,-1.6201008640161747,-17.79513059274953
518,-12.634876217077375,-19.202243243145652,16.870376322854252,23.840981695325215,10.888695289859974,8.748161222500878,8.216841210854778,41.24128396013324,6.74758823336096,3.221650294182662,4.183514430440768,-10.986443126932958,4.30280388831453,8.688806341823623
519,-39.79446883696126,-41.477937721943356,34.33865020579858,55.860096654738605,12.591244412611864,5.243074557635268,8.295915015145674,27.720898565924433,-6.390302142492337,-14.771517529630172,-9.789980124324691,-32.00842451667974,12.593405199529874,-0.9968866244214916
520,23.664663170643873,12.831743543751864,79.5955292571678,79.37897848489756,36.499076924093394,20.73144822789723,28.713564714954227,57.90053167819674,14.50194136106561,-1.6672299701163504,-6.9276444823931715,-18.556559621863098,33.183581153007964,34.852608764967385
521,46.75538163263365,29.800592244765724,71.5828323717359,73.15114545392248,35.308170423139686,20.637164049781838,26.97683021972105,66.56659075339446,18.26276273143921,12.306804212909237,-30.71034494894797,-6.907603264753614,33.01293520541654,50.45204791465701
522,48.40235709622856,24.91083719809989,35.43690000626124,23.48506480527069,18.126368480543956,7.4405448971859665,25.750712137736,44.39116575533216,17.67375086164549,22.414208363358718,-7.117513141237085,13.415204269699649,38.63401851828756,68.56356264891816
523,27.245684764830557,10.115805890909336,13.441033815992098,-2.5486569794999623,-11.205181513803176,-1.6896633405883879,-2.0442515248535678,11.954922615402817,0.876180252745217,5.713912426077586,-0.06857759833754073,11.242897024612144,5.29401815758814,38.694463407072156
524,18.493854117972095,12.888136979433694,6.661312548630335,-8.089722924582073,-18.02570472837298,-0.27486536033909814,7.001786340336291,16.28634140813753,-5.5695621585898785,8.648330416098984,8.890098102681351,25.043821778456778,-1.0742259213864997,25.586955646543057
525,-3.706784039108827,-6.913802113826497,10.199313139011979,5.616149651880582,-39.116227679556665,-8.165127147735571,-9.657611787068097,14.45209253335249,-14.017154745730705,5.396948571441996,-25.89381442653267,44.210896278391495,-35.07016230534525,25.39552658585918
526,6.977323362164794,11.323757582689323,7.888460873045605,18.127901186420868,-44.9448203011457,-8.353292298890755,-19.608550625312155,4.610845137142095,-11.525761171008206,12.961438899378596,-11.046968612669335,62.66230594551991,-27.600146631766375,31.895455586166964
527,1.0182808681306534,3.0986658266207536,18.1403901739727,14.07197181198125,-30.264213314358095,-13.15733877542844,-17.91701320595862,-1.8257481809020455,-10.074326912188447,12.697455656307891,6.511014782615007,62.8615660818435,-13.433442398903303,37.35211140434968
528,-49.89767797914376,-27.063818238543856,11.600226918412012,10.023905837760102,-37.65200671488285,-9.627839565315867,-30.31418439080898,-23.424687148858077,-14.079624240855866,6.879371162606014,-42.2345858614981,32.45684070424661,-32.54125717717737,16.97703771055942
529,-35.48021433485721,-16.020588252172274,28.447508441996575,34.47732484057315,-19.442767004532826,-6.95925423262526,-3.7767602641749605,15.407250867844937,-9.25575843526178,3.3918182952829543,-14.903764244918552,45.932324124635024,-8.904380185272384,22.088215810106817
530,-55.96978768211741,-49.69050164332926,-6.733832602971888,-3.742914064762452,-31.434156123082616,-17.740691902342686,-15.612937247574648,-26.320998288659705,-13.421858872462481,-3.6584551328456305,-21.767792158382647,48.026012154281474,-22.095592992594202,8.173380496491141
531,-44.56630150249448,-39.3551629341194,16.00854879797765,18.47166612681699,-23.369254216005118,-13.310535673662738,13.227881478992986,-6.89828985514518,5.658544216102501,18.997746899588066,-8.318677504610477,62.41499049964117,3.743230804129577,33.49726576710565
532,-59.75974556519316,-55.80144756410781,-2.4222676868337856,-19.931711466664854,-11.920639273873045,-11.542083411383004,20.94499843895765,-10.71007856771317,7.879759637794102,12.996892097067912,32.25874508843637,82.75135189176895,-2.688693032318416,28.812765054607507
533,29.23414065151804,22.732132526210798,48.66303702855193,36.178283090030234,32.07370188099111,22.714465367186193,61.83486674133179,41.858525598331354,4.590702815751941,10.761231512924887,46.500972893251806,60.34836510826564,19.833026096905805,52.971466139555766
534,76.19419588704655,66.6391251150818,134.7910784805058,128.17538544948866,72.16050006335895,58.423994975236596,109.32736721099282,127.1804067984855,19.235653913301302,16.38572651831901,106.78611569309163,96.2833958153075,63.15994568510843,69.9149619108278
535,92.3284875905286,97.07459797240388,152.95618647614435,144.7729164924472,79.42545913948209,67.8462779767358,90.29557815309515,118.37147799357942,12.590706759296749,13.537073130725556,116.98998952315807,53.64863414952935,68.6965001004524,46.65823797172131
536,78.4600806230025,75.18283226936633,120.97376502458569,137.93016181291517,75.94398335469963,57.54049523780295,74.29748423563923,91.51566399584573,10.777694700027702,-2.0882134425832373,64.08239213649479,16.926399809804085,31.63106433255786,4.0934121143281486
537,79.20573647656022,87.73214910525658,93.39695585591038,96.76019698348593,84.90767563467004,62.9826600137644,80.80820889842946,88.84502528973327,16.05605203171319,-7.875885669223822,94.00199372848348,19.59158190880588,44.36316936254733,-9.598887658720361
538,23.890509194030283,38.96946543417782,35.74902680226153,34.6273864953765,52.45574841998676,14.747678802721229,38.596501333497905,24.92986574244741,-8.047076884416219,-27.16302863058511,46.368228091023425,-41.41140140526065,4.72397642097485,-73.94765679681484
539,-13.944888653496037,-13.613641101914403,-4.092825509240981,-15.088170835148604,26.724687123978068,13.164848870605235,39.061656509191955,25.74272152268449,4.4327333826567585,-30.624819579621317,65.21056193147197,-12.65765005948711,19.73054638460549,-31.90724242620281
540,-19.809859074826093,-27.956746461626707,-24.278587208045185,-35.367540668198174,27.218974328764105,-3.839835184796304,45.01963734550215,30.19329899750029,16.587815387282337,-20.375959172038968,59.37522445374791,-8.613975311660774,28.886896575047707,-21.669994596634663
541,-33.23449090791736,-50.007443748430646,-13.606065729350043,-37.282771773140745,19.227292749234927,-14.101858501382841,43.98877304852105,17.77260345239574,12.03165960719244,-17.339399632048575,41.0771993733329,-6.534536058933901,24.962539512939312,-16.877946085349812
542,-37.90577464805771,-61.22129626193671,-42.09308551623051,-63.126964220057005,16.500554428668522,-14.13830361562708,35.86687962618413,21.521269657832626,2.771694989823864,-8.031676876231597,50.87499955822612,6.848625789047382,32.57682340351401,0.3475392800173632
543,-28.10815880710066,-40.090235084996436,-45.96622544565006,-41.813938477282946,-1.2994914506915831,3.0298069733834767,11.181057195640147,4.144757148113987,12.416016224843114,7.56010898019921,19.844373728062457,16.169932827059636,29.66387897621726,15.966091482114017
544,-11.328843863117152,-8.53613765774253,-38.69261244346117,-34.06189000861826,15.094610824770253,23.58671139561729,-0.39898999120560724,8.135351632004499,10.95233866027521,9.660166495183917,15.358084698946824,15.888835917952349,23.349737585478508,22.827973006696507
545,10.143887329533372,24.693454417378558,-34.13196081611284,-38.38188089316675,7.8630748215337265,22.487691758245465,4.8047061513587055,0.7705669191508022,12.364247677483645,9.603044414635946,39.21722247021784,3.280754975121927,30.131698491480634,16.32743259535334
546,10.784331258009258,15.26792653571188,-51.84891688772308,-55.45721318372188,-1.6862292798367144,15.10723218087793,-21.928590814083115,-27.84509727084511,21.97455586322904,-15.344932735722022,53.12942161960249,-2.0643166365857377,45.2937606915738,9.917467886010465
547,-20.861420485366054,-9.092092553174162,-98.32156013337436,-95.21050423523478,-33.889588536532024,-8.337329891235438,-61.72938645169576,-67.35446030335466,21.232284549290906,9.076365295237792,46.6591122679566,-1.9432952011441245,55.35764980521159,47.40794559371152
548,-18.71003640828404,-23.85325064270725,-78.37380703649906,-100.21059789643961,-40.53994129865875,-31.23136433376997,-52.59674247171007,-71.56368401538161,12.342895523824609,21.225732963981557,51.35686289693656,31.797170779444215,54.69585119376586,66.5652334960189
549,-6.265809840060506,-16.610667576800754,-58.700559993161924,-61.09147128083599,-57.52698854411206,-38.48045110375917,-68.47628635063913,-90.9042801192306,18.279873491053575,24.866357181393244,-0.9300672002870378,-7.741356238197678,48.89220758045882,49.91132254106406
550,-11.551158392382424,-15.875746618184056,-32.84498891978071,-42.14164750290306,-50.706245107489636,-34.20624324591903,-60.294058833171675,-71.75036363619958,4.288227291353154,5.279933748658106,-2.1800465460279983,-10.712712125347837,38.37931755107486,36.59626167704335
551,-20.557571492887497,-32.17672833049362,-37.90187473512294,-43.9642546019021,-53.83245314323036,-35.49339550847259,-86.5817032499749,-89.73451702866313,-0.7526683745486982,3.1135393335969863,-12.399600173914926,-15.51219213314619,12.560393122766438,39.875988484144955
552,-28.92441925973505,-23.425318198850995,-43.769586929688806,-47.74514790841039,-45.9633849367173,-21.20625332169726,-83.47969597590311,-91.35245492697848,-2.4946337060066988,0.8408906122388853,-39.35351657800173,5.488216289135993,-9.966249078546632,39.05462526888339
553,-41.661199436251195,-44.14194583919852,-41.6687268033844,-61.579482163704775,-45.49705115587855,-33.14601999688627,-66.16386001801719,-78.48587561762129,3.4773144920175354,15.846212908210209,-15.053883700676066,18.80901822184195,2.6988565126292774,36.24103024998942
554,-43.6095593053702,-38.13893773643791,-34.06182610550828,-37.74623537218049,-37.61487217059475,-33.73508514662665,-60.12324516205097,-67.90225175562261,1.1087194348546812,3.2886682169347425,-6.975645328309708,-1.8957732790150281,7.209230475028848,17.17332729179745
555,-4.714858170455609,-8.49968759753817,2.470732005933293,-3.0805875655788837,-17.74128911829687,-13.649896070856355,-42.71941114882766,-30.90467134756047,5.6395835717969165,6.281284462612928,-4.472313213295813,1.2250383032864416,14.383406425022473,23.320149748448955
556,30.41047950901211,25.535746881123433,5.377243878735183,-4.389468946009372,-8.182333769481724,-5.615839216555273,-16.41189540725154,-17.799766988797835,19.89257380762082,24.63353991828768,28.113323407617514,44.080645687272494,50.48245392225761,71.11854570208112
557,35.56997014044492,24.72173174994312,4.969227554436733,-2.9546173586985693,-18.147486705128607,-3.806005912162559,-1.9478557316904042,18.4683206032531,17.323963823801268,27.690716649193938,28.14758734052536,74.61382788501582,36.53579461039771,101.2123240806095
558,9.054453714609872,-5.709419408249706,-19.89686848089908,-37.68365594395128,-40.58863826916631,-11.514086851693689,-9.741294412437854,-17.418292647816152,4.61280075935791,34.22800508497269,13.180506477757717,91.60090496301787,37.747960902933336,109.25635788402161
559,-31.046435605489805,-35.34422292960373,-37.59906225182534,-34.230737288032444,-42.61046486202429,-28.746821710858438,-37.51927809519032,-73.86775325092148,13.677922370802117,15.522103816941986,-2.2399060438472436,22.137031369261436,29.35997486066051,37.45491545651755
560,-60.4813438570499,-63.558399962144286,5.934020803728949,8.657807294847501,-35.44437144482322,-28.024664481408838,-53.416254218174394,-52.7905321523711,-12.706567505645644,-1.909365276606564,-38.12922565206814,-7.970410041702021,-3.7436649287727723,5.624586060898249
561,-50.3107129701116,-46.97571990024832,42.2493775280564,40.80894775000309,0.9903104034295043,-6.862206160634547,-6.605211508325172,-7.645489919551641,11.488703900045502,7.841176372413237,-24.898364238684593,-6.062211067754864,13.994679123742811,9.344733152751193
562,-14.121022495147296,-16.893788185914403,72.17217497547095,59.77602923069209,18.18221824431172,6.865864458470365,26.39131365759266,41.98119715191966,-0.20158836776809963,-4.391017511379846,-1.3316206297659567,4.675481599462254,18.367865950756737,11.695132847626063
563,3.204500344676025,13.228547466886733,61.76895317100499,59.458750176408174,19.668601798063737,16.508543135946017,35.62661084313174,32.57681881814092,7.659078985781451,5.861310459069323,-4.202709809323559,-16.939450316177176,2.085648600191382,-7.479246485875646
564,8.36779310033379,18.330738684182197,50.75651222478964,43.15234921592031,25.71186664427753,14.778641280136526,35.16244964394557,36.728285329188054,4.0941661014907735,1.495516037559076,7.9683272633879865,-2.330212098220182,0.5764217275326817,-1.5924937627451408
565,12.157938329678572,18.90874328553824,1.5438897887887053,13.208357283446743,12.545174074617673,8.519402209594343,23.943600046291515,17.773182305647936,-0.056739535449617996,12.755639409546681,15.642376835468415,6.37066920417901,3.3794289002388727,20.283403007610968
566,-18.702479106163466,-15.688431176842409,-27.91579410245963,-35.78359428474195,-11.063931525232354,-13.211651866331644,-14.54199912262365,-3.782466134435752,-2.097434359047744,16.45530220145188,12.266810623660055,28.983358406245745,-6.3958272762303965,21.319160040376048
567,-19.77984262288025,-15.516529508065574,-18.874573721544195,-8.155589507330223,-20.621884912686905,-2.0478308064664943,10.772505422711834,10.151817198762238,-3.019124828425991,20.315010901538244,25.270222202331738,47.67828289282908,11.853684695846455,28.153959031502506
568,-12.078683995116982,-10.698733078857224,-2.6818061729762595,-2.3568493142768707,-19.718502534585614,-14.633710490926926,7.90161669026673,-4.820247909458992,0.33576923784713314,14.63170550019841,7.308457714795615,26.148747861947307,2.5001746280471306,7.7386418053360195
569,-18.792103540610427,-17.765141047454506,8.263752999628455,8.455299108637028,-23.75309044627088,-35.24800467582592,-23.52519101426645,-18.936885176291987,-8.364333306474414,0.40452438536315816,-56.08319274856374,-19.608284958186385,-32.78623942277275,-30.93090908307026
570,8.242660325171592,18.827365296109903,25.939520666992735,38.84922685786241,-15.529827006592603,-19.56801019187653,-12.376179209656792,10.814584946808813,-11.192222978290095,1.0232960519879715,-71.18448246360023,-20.56300020262414,-54.5636039241217,-51.31375867839541
571,24.128295697864427,18.52873208744107,30.535693651594496,32.85013226430908,-3.2244442380816416,-8.026114826634284,9.046350690897228,5.8530635295497735,-21.856899667655643,-8.382576317326045,-54.59224843215188,-18.88366507841816,-56.29533299150627,-54.3723610631321
572,31.776467679549366,33.727833190038695,14.00978872712315,41.46478661122755,-11.373334577578031,-15.52408391452271,-21.559690385349352,-6.242535039611226,-13.168953132572518,-21.811670043329585,-64.1449156187771,-57.15917477953225,-63.39261966248277,-72.4841067964456
573,43.81147917644782,48.97606587683277,52.72017981468455,62.337100261561886,13.774782251605906,3.1389406050741044,3.083256004352872,7.361215526522121,-24.157401877773893,-17.967915035355055,-41.84862560025323,-63.279122725125895,-53.41997795548787,-56.76152639225804
574,56.98908146187983,69.18501790667698,58.35446579028937,56.67188961121569,8.388654380537684,5.890072604771684,-17.925312473485747,-0.46479669460385864,-20.5071720253921,-12.846048677749613,-50.543988065692545,-58.82627164663526,-39.228517616497136,-36.41878523385878
575,72.97975207540732,59.52959467351346,60.358834025107114,47.22566718765504,11.2750116656001,0.6269974359245205,-15.817853468191283,-15.737729562211149,-13.796713903657704,-7.620601426898061,-61.156083628367966,-49.93253679877071,-46.709826449398776,-22.467715551898245
576,64.51573915824139,58.641594235172995,70.08763635575919,63.4891576489845,14.671324289325538,11.038010514723279,-2.662126715731365,15.228876217150974,-24.541538568735962,5.382594888853715,-52.765446124293156,-29.31418122717077,-37.18834350346613,7.394561418042772
577,72.03251935069164,48.71621926791869,70.00119948616609,74.39926219587333,10.75505750057107,17.12907893546257,11.353623331845386,19.65898941740992,-13.019777426827615,16.955229385332856,-31.321124303974358,-4.935021818537714,-19.133730645266116,24.36204030015849
578,92.1534883855384,75.23555267889635,70.70818201532593,61.76870811252407,30.30384408062813,23.99276553836352,22.181650817177232,15.823583670251713,2.807626458111233,20.824697615165277,-4.899689338542277,-10.231914196663771,2.49317082886784,39.15968615521443
579,93.8299125321146,83.58861422717519,73.32334813543387,76.53508766796703,37.11621970435434,25.25775593621544,7.412604651100117,15.613443949451042,3.6527840745811595,21.805313496995556,-4.361339761868793,-7.38531482239346,5.180789945258973,49.80312760219538
580,107.08419487197743,107.17922753216749,57.82369382922781,56.358462558258005,38.55836810995014,38.96141846500374,-4.66638660125897,20.01622539259297,4.051964599877614,35.783639454918706,43.53523494885101,14.147498200292874,29.107701600757494,80.25219881982554
581,67.42584586847424,81.30982521557058,27.27984421782828,30.738481871980305,17.433072726098526,21.19217165710361,-33.829298147389714,-17.23740384897887,13.379207505647026,28.17372997286229,44.85585584597968,17.34235157014332,29.16125421213723,78.52393766861559
582,7.654827763164609,11.485736715271301,23.194786995368645,22.143042814869016,-1.421561672782504,16.515807923614254,-30.57690797961257,-10.834798566328303,-13.437141636819945,23.652602129532426,20.642917479129252,5.11807219566977,14.926446936542506,68.1157621174305
583,8.208211659100133,-0.5479083356785124,61.63955015778452,65.15228700492322,17.577534179181583,22.325402074381277,-3.1343865583500548,22.507612157564672,5.518462278253476,-3.0015505345862135,9.141377799527724,-16.474452371358602,24.04428351581464,48.709829393652306
584,57.3372315226985,47.89720488746804,86.5510624862436,95.99530278236269,34.60179602695822,18.974486381181773,24.276484140330755,54.06308612400917,12.0653243371788,-1.3857311592085253,20.46858870982875,-32.45004300387403,27.761631816200932,25.483228251012914
585,86.5069090262464,91.44743891455727,101.79992301821956,119.3479643010622,40.64903332423779,32.52926529020797,45.47677761963497,67.29771692404749,14.827422504716717,14.274007053151324,11.613290076869418,-7.73186540718582,27.143427095051557,31.107103560739475
586,96.1285094607408,95.51928226045118,81.21335777667916,96.94281425426377,51.171137368212015,55.400306161699845,72.06119202039578,87.45703170743239,9.529884816414556,23.89982926901632,56.27736867877536,46.837662890433855,45.80606537352582,51.60018040998391
587,64.22724722590596,82.59984649918997,64.89163440256532,68.54422641040465,50.94509228300044,56.74866749397779,71.0622918737315,90.124607612716,25.19456777624158,22.500954822186504,55.90716117304755,48.22332033805363,30.828087666129402,20.633305462156045
588,34.5679588116073,42.44592040776738,22.713957504627604,12.376633857112061,21.82668450267179,43.85610623627185,58.516134135996516,51.38413295811466,15.519264935700441,1.9242790284379705,53.670141413558326,65.20117956083337,17.20456442596871,8.646809228040807
589,-5.760861661913107,-1.0396170083895213,0.05482167071462385,1.6047705200934912,0.47142158478133833,13.957069844325504,19.77245655992611,28.164560839659874,12.294114556894485,-0.11765878900706461,20.739036864298956,31.80819195678757,-18.91362549038368,-19.49940070245243
590,-21.20152805784997,-2.742803047147206,-19.896782233271335,-15.082367133046374,-11.658384419805323,21.570808015908366,32.12862514013175,31.230319880650256,3.5247766967659366,6.887159931091338,26.567122412199968,45.50749879263438,-0.038885695676654015,-7.773133682675549
591,-50.796358648430065,-22.272684309398617,-49.66704416605447,-49.68952501230974,-21.44217124867127,26.43120962256111,1.6019728501933936,-3.8855780072480592,3.5372698510822946,-5.518067152833759,37.1819573665189,27.251928550653755,6.958640800648557,-31.05941028988154
592,-52.511962789821354,-17.92824305148381,-82.76383720497331,-91.44925799983982,-17.75914109082553,51.83353513696487,-0.3753963103899431,-11.532301055745336,2.2825557271626824,8.542265591103822,55.293936335781076,37.7084952615545,22.05930832596925,-21.289817576945868
593,-74.02787686821809,-26.527449631623995,-85.422941172367,-85.6864595018728,-13.983481003324398,52.09342319624238,-13.636642069019786,-34.756395216126336,6.028147649550479,-9.812982027583267,33.45910975939378,8.713081006398687,14.66510721630014,-23.925598543096008
594,-60.255998804607266,-31.420117896979093,-74.38852662310065,-75.05746395658322,-6.55211894613138,44.95842609170642,-10.849264990221332,-27.107509865881394,17.518238533049665,15.913099703315975,38.27783335487681,9.903148285392769,41.066317609831714,-5.575564686106694
595,-58.54521188544202,-46.97302453206658,-77.60026223781576,-69.8318908757195,-10.90387832953831,12.6456272499693,-21.68168422574263,-30.897545989993297,11.463058230801414,-8.528169640160499,17.416984250593078,-10.0408749074576,11.230349878560855,-32.327332174511774
596,-41.91832958165103,-38.4580343736519,-67.50998301768217,-72.69215006564043,-5.378411665060728,9.45592285448061,-6.667499727497646,-18.01786435145224,3.325207678175744,-17.172235626942296,24.673916131335943,2.0371599995559815,4.004979340435194,-31.26473593227771
597,-8.407610702039612,-12.217888244242278,-75.94778818511207,-66.27540943266357,-10.0753023138864,-2.2643595618930967,-9.189416914240471,-28.25022409757697,-0.4443089686165987,-11.356890958688751,33.29050353657702,10.342959042630396,-2.8319155483685288,-33.65109472799104
598,3.1531974185498592,6.856807651472592,-92.1987764445065,-91.61522215865361,-17.260746191284916,-6.742486960473492,-25.083741303208335,-23.556474126410016,7.461748013456199,-9.099409686520882,42.175241103374596,30.544421280446574,-10.708696934694554,-30.15349313878901
599,21.59886478174772,7.772716525413317,-112.77628969877487,-101.7934285882943,-31.693332715560064,-22.302193849350438,-49.55418537912124,-46.373105584824266,6.214276938299577,-10.104516949105385,53.89619037877047,20.30734873761622,-27.4631901264879,-43.15602105954049
600,32.04965456534273,26.850118372507367,-84.83444587011029,-72.94443558886182,-24.43038464379757,-20.248437448989016,-27.55447547995294,-38.42129695566713,-4.28313374414909,-20.147166698890494,23.028482575195554,9.134863778827691,-24.157543139854372,-41.08244760168951
601,23.162684183316014,19.72776547161979,-60.37929972660928,-52.77834739061848,-21.424726409317827,-17.99830077721288,-39.5312349577374,-37.47351758897065,-3.9151360666003376,-10.246108402840797,-4.690151805332411,-9.399512855347913,-16.441822758626905,-41.28011689404906
602,-25.336853284987516,-21.815734345400333,-64.88667896183476,-56.89773202895604,-32.74232802523374,-21.298158879763726,-57.869666134075814,-46.73785493277556,-0.5178189763368127,-12.581525995917922,-12.847388470134733,-42.53682383492455,-16.30115211436923,-57.28049659168011
603,-26.954544507995465,-32.2549705869887,-37.57891070249466,-30.878116124084723,-17.91504085190744,-12.439838267187051,-45.46938254812165,-46.22404545951717,-17.16555060524858,-20.704359021773506,-23.37268826280776,-36.55942798967023,-14.382437731327693,-49.03709428891073
604,-21.74288495651701,-33.716585053208696,-27.62566452586583,-19.916591786464238,-13.421539143609008,-17.827688147861906,-27.206485526456863,-37.519359711812214,-14.012621660749687,-22.27016036723818,-15.946785410691295,-41.403823755304956,-5.849299756769695,-42.695818419962684
605,-6.705610262991324,-12.943828710236126,4.923190238183625,18.373623032053434,1.0675436310327133,-26.865154447664754,-13.725393319676309,-20.468073532707056,-6.451015003973687,-15.25111825304585,-34.53107958337118,-44.59411663944671,-7.7515036992486,-31.619422542591213
606,21.788752787572477,0.5935504114566146,17.377316844478756,15.549463457771331,1.4860774803892378,-23.039754193662727,-7.249136278294728,2.4801652358888155,-6.739075300195123,-5.675662308665411,-12.271136945469557,-17.465974483252555,-1.1627040273935483,-3.4036601545091894
607,30.13160732275399,13.114137816749908,-0.42948171566563104,-14.195889441648903,0.0837954281798603,-26.30406673674858,2.734698193457006,-0.17179237874838194,8.821244244363019,6.306566514083458,-1.141856139589768,-0.3496789651081408,8.708497282329734,13.996786167932486
608,6.409891243723248,-13.18323333914546,-22.40916972148152,-35.113304545606674,-10.827763913988807,-13.722019211853787,-3.021701637312174,11.42484643960355,4.502519793284986,-3.245017412425243,19.351164695512228,22.247181081794608,-1.054028032176968,24.324573768060727
609,7.120335803565821,-10.663155183756981,-48.47268106834491,-46.29932992713185,-10.965082428373197,-28.198707855598872,-5.5163871172246575,-13.321373589767328,-4.692769725972946,0.14912482775336566,12.113167519606307,-12.762892226617648,-6.33128630149633,7.114598055825535
610,-19.28835928271194,-32.87322473911742,-16.848720419650565,-2.629867518547287,3.5346834086621355,-5.83170873349367,20.028977432624735,20.681313988129435,-5.055209244497411,10.950228445447244,14.528807071044724,0.9152903801809261,-3.275664686841872,3.584776932468576
611,-72.69829289940218,-69.90011754822805,0.5866503907315498,-4.432748852501761,-2.4881631076017614,-26.402095500044528,12.822660720711772,-21.028367899069565,-10.391332378352653,-10.842609484501162,-18.759883168907994,-17.486857618905916,-23.569675116168884,-24.3919329146605
612,-58.370186621994044,-60.4324460796061,21.991009287790575,15.823911613783586,2.6587872949047213,-17.923790282236865,15.288552711522089,-9.268382527409607,-12.593108457725185,-8.18745864548857,-39.84554950116964,-35.6193541775475,-27.732553482869125,-30.919795473706873
613,-27.258477992988066,-25.592844403038487,50.37263839613413,22.680765486953515,15.687634155792763,-6.364127717911255,49.563595930345585,41.791054670865556,-6.355768458284917,-3.355781408282215,-26.71655398302692,-13.987718044158779,-10.381325093325124,-22.20547626008026
614,-11.437333377750273,-10.51170304993579,29.005819214012337,17.71146879035875,1.4285131436244174,-25.612557542370272,34.277191106789324,32.53606802062529,-8.117297383620066,1.82511643729425,-46.59523757682178,-43.43462250682041,-14.5024828547876,-24.56845733589033
615,-10.927251417128183,11.017688772694205,11.049902834067334,5.237291616416864,1.5437523744779984,-23.237490252600782,25.444975865835783,22.559552367717437,-16.29781098856706,-15.340603770029123,-56.9668623181914,-52.78846636160128,-11.082394618094064,-17.093726613991393
616,-25.111660521927302,-2.158922843999769,53.357032756293926,44.79949741747923,14.458518058406257,-0.33074578002597527,48.904230853071844,60.39886584407235,-5.767789261467108,6.479626915519823,-32.549318560400266,-34.61681317561384,19.31538150746067,-1.9730648828304178
617,-42.32929551332384,-31.950079889894212,59.92948091540942,55.50631047990942,17.951891036975947,-8.752831537735458,43.983880006782954,48.97956001232747,-6.069964600721107,-19.730676963926733,-47.69637609004777,-49.02752158550551,13.904275137793316,-35.112846548101494
618,-27.178694254742926,-11.576479051716012,46.346140756592185,49.17562775640655,14.198116818346444,8.889571034819566,54.84832686920977,63.87889384334255,-0.17874832072400912,-13.078554768900066,-28.65899346605957,-33.00652930750403,3.811414815356793,-22.970863998648856
619,16.355904299676574,24.56212645479961,52.47490732738836,58.729357088480086,29.381845858668385,38.52783044460563,57.12874649828159,72.04054047643339,7.65572088523906,11.765762590778259,-13.60739396917243,5.57198575161019,12.554980006240337,-2.4580359391103985
620,41.354596789244724,50.777541664122225,37.288759984755416,45.81553298577023,39.52343741081463,55.61167552771935,56.25985372959274,64.27299698547279,13.605474272595622,11.769698328639302,6.0695800166273095,23.324819687430146,5.275752675295497,11.783870637535808
621,15.912792352055167,28.097570672208626,29.263772573822113,39.6049595797434,29.626396956324736,50.90351020383185,35.588003968244784,50.03428344240508,0.6336861805543222,8.9872131346833,-23.555240649097662,41.335769991551025,-9.927035775505324,2.204262540451445
622,38.1094193457596,46.83775873852533,71.33822971135321,85.82851145597776,47.35890140634373,58.30687422963307,34.06181428381948,59.75895358598474,14.393900286448021,9.88011564884604,-12.983072418087536,7.879547954478288,16.234932874934543,5.099579252363631
623,-18.291674098818028,-15.147174496606764,53.20542964477064,66.19250593218501,29.622073719176377,31.11424416285087,29.253004490869696,55.899457662434216,8.161514107199718,3.177509168382862,-44.08032666100111,-35.22529536949271,11.345913739951571,-11.23077737143815
624,-83.62659223047984,-84.77040022921199,-51.922000439684574,-52.47651251494004,-10.351154403371643,-1.1970039846698544,17.7798872714538,16.623561336013346,-6.93078551260539,-5.774312046145681,-28.345459094622605,20.12877908579739,-30.38024133180497,-25.65463659506756
625,-9.043147101961521,-14.29184610439619,15.768437964701443,25.829517239859232,10.546781631999222,12.122065272446418,19.89790124678266,26.01967147513028,-11.022212052689918,-3.508412366047022,-36.1261886343118,-35.21828582269745,-19.806239799150372,-53.742745927967576
626,-13.097140570174865,-12.057660505922641,34.13353466794744,46.59926786907325,17.574965414754253,6.809111775653548,26.75567844259594,37.81304044323574,-8.340775856531481,-21.31003221001933,-41.76329360073111,-28.531083269632095,-0.5018148883201297,-29.161876124046056
627,44.06900039422324,42.47988335234206,53.671022710049805,41.87261764188926,25.097286652459537,2.262328985155655,51.9149309483204,56.807571973393735,3.3856106259003167,2.0815291979197026,-19.658125541711946,-11.7017831553022,31.92168940511922,24.283488212789496
628,160.39342694704249,169.93746060077336,103.444588895305,116.26853199339278,69.24622059616549,46.77758950372218,90.75020503724136,115.34704775044752,6.290259589916449,18.284251520963487,28.11256665378907,18.785068336824942,64.35638316621477,46.488029513323845
629,189.78793603443606,199.9215575303113,108.8804927827375,107.12039154688996,71.31826891041827,55.781027149393005,98.02777860838951,101.04528445323349,24.99684275924044,27.908873551314734,53.00919980861891,34.77636509922772,79.51935329714595,58.89991172831364
630,179.60747700858965,186.0314273909898,70.04927659037843,64.34552075173593,65.85326418913094,52.16140923971556,93.30910416520156,91.96894645600943,26.366838732712523,24.889993476169117,109.17562761205207,73.783333165954,102.73959129735798,77.07722486947364
631,110.84386663491662,101.53335871983622,21.924542770235178,6.670218112505203,21.227546471003365,24.256633899820837,63.237568762846614,49.95006359371214,23.584835252494628,21.201181298441142,118.42125500671267,75.62492167262506,75.72953067616332,47.958783523470224
632,49.87239368689194,31.926757383633458,-22.267873559895293,-35.817388949411225,-6.754385710051506,-5.532046919317773,29.870714970752125,20.08177564983429,21.89914653460758,14.473975452919875,121.63651349011712,58.55730922796584,65.29324464610055,27.63313977801756
633,-8.570322263252528,-25.633360556584503,-45.85580885846334,-39.888112587650895,-16.92489387988969,-21.592633467336125,9.214458104807635,-1.6525048647750715,31.51894213893114,17.620233697218445,67.9083780908924,39.60586026716258,39.325803540087335,19.46351451248698
634,-65.50564449339537,-67.60345870147907,-56.639303733130625,-63.55834343547184,-28.356638586896253,-29.845750208899478,-5.155920597984677,-25.706518170462665,20.702344592386034,8.85897794299276,46.59298402071791,48.04219275785618,28.200336384596955,31.70176063167676
635,-108.37143397714073,-116.0260188798069,-85.19066675426748,-91.75156750826031,-56.24378900910165,-61.55064736308558,-26.994785308708604,-46.469338648082385,-1.3437419127859578,5.381303012924743,12.178089025113982,28.247047799080754,5.697348736405047,19.492268585282776
636,-114.84336865041547,-123.60588472944951,-96.07220603385376,-107.74363613936468,-69.37296752541576,-52.12394149059204,-14.497316633990526,-51.0487059615124,1.326499548604828,2.144138644836056,33.818076161571014,65.08570944276813,11.38832037952965,40.33986303958506
637,-116.37126771433607,-125.76229024775309,-101.29716923724503,-125.6869034361343,-80.1507697855358,-52.68679165766272,-42.13768320366932,-82.61893426296459,1.6800189758797766,-0.21727028640777846,-4.118135979321885,53.134084023035285,2.996619340638692,38.92125522671517
638,-111.86730283820279,-129.63824301580178,-125.50661145740435,-139.149729918569,-86.51324422325672,-65.29759071244222,-59.19396413822583,-99.71445227011176,-5.5591143887725645,-1.3439711300598045,-21.91868672665757,50.57453158036802,-6.16360823929728,28.405706878167756
639,-130.48128486041276,-148.8510194012759,-132.54620430737103,-154.3814263375187,-96.74711878143799,-67.40856429880527,-75.5714766592624,-108.38266016968353,-13.72226112044085,-3.5586881671504935,-28.392507908590417,41.2121037372051,-34.651139089700294,12.162045575028541
640,-96.40207860798688,-114.38390112028435,-124.95155454931562,-135.55267745841678,-74.61052093853573,-53.678196710990385,-62.37658483032809,-84.0429296127175,-12.407955469569735,-4.202474031521393,-10.893186577245096,42.41578015674191,-24.140883529944553,2.737738646222255
641,-78.73914913433624,-91.00056343590268,-99.14169357829867,-109.74301867096125,-59.959829048014335,-32.63187351368323,-57.88066511342379,-83.19281107463011,-24.175116446830117,-17.272313377034934,-28.030273434317674,27.587275781199263,-41.09997926367143,-6.105746523794409
642,-57.361200691000526,-52.74720586564115,-73.68388517730317,-82.65080854205598,-43.221232760909785,-8.31482400991026,-39.30444822627162,-58.815825682058616,-15.194919108983825,-8.199583961403995,-2.7501333046039473,54.84599555060598,-14.905276019055018,24.43989832248113
643,-73.19525219187192,-60.420408717466614,-72.11564302260214,-80.91912120824128,-60.307891759032735,-14.063016159692953,-35.509133938824675,-51.64735150840117,-18.97106161066495,-8.055018970834581,-15.335284261131399,51.93113860633462,-30.04491539923529,15.851240230550422
644,-60.46703213708825,-46.00506563392854,-67.47720535998396,-74.98029352143188,-55.456107504092294,-8.58965078659153,-20.71326236498027,-38.6741549957044,-16.54223807794311,-2.9047473373573425,-8.430304083983163,56.838424896040735,-27.343054094402,19.372806639358984
645,-100.53127424675277,-81.07879918108561,-102.71817199874278,-108.13730779566431,-84.75335929895371,-54.67217457080291,-63.613497809669,-98.31900382103674,-27.123084602151938,-7.8773598735147665,-45.02855396681791,10.954383048661741,-60.6334854745008,-12.919426553159342
646,-108.48756816852436,-89.15614514121111,-93.61410726124689,-93.71283240506371,-64.90823262273538,-63.25739311783878,-66.72009429071258,-88.43883483595218,-37.262257435750534,-12.834576657994493,-85.65587386897882,-54.064035824404556,-77.8961281216049,-51.02421736890846
647,-109.71421381472035,-103.00581071615365,-50.26325363050273,-51.813982819007855,-42.86827584094114,-51.24939379111294,-30.60044787697044,-42.91356422503751,-21.20968275087446,-20.2460505607347,-91.87218266750924,-52.394061550675744,-65.461832921368,-37.71419520825015
648,-92.9043953125021,-92.60285317425304,-18.656177179323368,-9.524290485277124,-20.760797742833816,-34.01350707850496,-0.500793375511394,-3.514280551171796,-26.212076391913655,-17.763650045953565,-95.42460235442175,-56.1374335830609,-51.97800853369985,-28.46669374581139
649,-47.228754165081774,-60.20487703716573,28.960684018331417,26.24395763701458,4.284381329554124,-28.934510858326323,37.440698783273874,31.684034281379343,-20.262993604753536,-10.68641816725123,-74.43002499350791,-61.81043945588284,-36.2726444613748,-25.31634549157352
650,41.7012968805341,23.74616051322,101.103888547153,84.9623035181338,54.77400939988317,11.609892997319516,91.23832495926767,85.30949521734014,3.5597594405376634,-0.18478769256509198,-22.346804100752905,-37.47485732311332,5.988856884177576,2.4877326315333046
651,115.10346094802233,105.07455802365916,133.66641667480297,121.91780487425643,85.466143420709,50.22394100598445,124.4897383083508,119.22229886676999,1.938516288152706,31.93184493144438,61.748860355986366,19.628040591871226,58.06991783328582,55.22124655975013
652,97.21428994405457,100.19415272677566,87.56838267098891,67.71186490421225,71.04198871941402,39.88899729968849,87.00899464882316,89.73191720452057,10.204488823713945,12.365074253251297,87.6615802649448,10.32106066663936,32.77526724168866,42.61623916599302
653,95.36498541563196,98.38592761168331,55.35979679215316,38.7276581317174,74.87008971564066,43.85454216701239,81.44972168192328,76.50971209806201,11.571442590679444,8.196485011415025,133.07312592934355,47.63112843865663,41.15285021809642,42.208096946932685
654,45.19046152495173,41.9842761229898,21.825185299823016,0.39440516196633535,53.53171595519129,26.598757107552508,54.83690361115364,34.75605709081026,13.886736257998072,13.699617295541035,118.46964041769012,18.91321807423107,34.08067759531509,14.699636242240569
655,-4.903940157651461,-12.682971316235015,-10.309923253804664,-38.32853443145646,28.276845048047843,2.043222900699873,9.101568929215103,-17.358299867955445,18.01525859688011,6.775850662157516,93.40053835136584,10.518866275799517,26.354308442423456,6.512034063423149
656,-25.62424927701272,-38.89257971509517,-56.50706133307961,-77.48893868861947,-12.234896489655398,-28.07551720713538,-42.421788445394704,-76.32888698443227,5.5234880975444725,-10.669409365997815,72.55133546057581,3.397571796129365,-0.25005603812626237,3.826961100636041
657,-38.395483013111615,-54.9278881765315,-57.48135785087205,-67.04612035667617,-20.661107578148172,-23.38489214029807,-48.70988055302367,-67.81752894606495,6.888580317591277,3.0852425255311324,68.3788505323266,11.319640754103322,7.731701328213136,22.259338305900712
658,-48.6317676705286,-61.24307071870129,-55.282920981776705,-43.44700075500244,-19.464260873157766,-18.894196269178543,-63.92149635762231,-77.04728326454196,-1.1467457331973054,-9.649766925540808,22.763201798129945,-19.12859635304742,-22.276661313433433,-1.13828678318821
659,-53.43984589821089,-55.985656649797725,-53.032922411930315,-37.379366218574916,-17.66990656920915,-17.834251232149537,-70.32845127128414,-90.71784059903584,-10.819683155574529,-7.4052748230939365,12.914653236560495,-41.00555126385854,-17.975245385773352,-29.940509367311254
660,-55.961081799594915,-54.085200871791045,-13.954880825648004,0.850430876915061,9.064456066992825,14.473610637676009,-26.76231788799514,-33.43590306523834,0.22465442030595284,-19.467489259015196,39.06115057699938,-20.190950587169002,-5.4421295132224605,-31.676257045421167
661,-27.493818684371348,-8.59902304710063,17.01408890243897,52.380470488177316,33.36189048565714,21.827691534835235,-8.331559539065966,-4.3677918392292225,8.902248889693507,-16.228016485231358,41.12848921136899,-33.07234909871557,-13.22414206262247,-55.71821779297762
662,-28.13406628841479,-16.488601662383928,28.24610028401848,43.86888941629574,39.76857527112152,14.862034093339972,-0.8168262372566407,9.975310163079484,-4.524033067493,-14.846123707200917,33.311101349353606,-23.56398577071987,-25.492797505860306,-64.85125214887232
663,-26.836530659787815,-31.281169053726238,-12.65123046667494,9.266242257715152,23.37972519896805,-4.804894821069283,-7.492743637050305,-20.29423797024175,-12.935266826414221,-17.129440589907198,55.11228361817317,-23.872080365923992,-11.834956819607989,-53.60363685781809
664,-47.34387689833699,-61.50927000651653,-52.11164310125685,-44.52241792325597,11.956135221961361,-28.41881364472014,-22.41778343451053,-50.860247778129306,1.0564368442293286,-24.836682797198396,56.402575765731605,-33.57065114027055,-11.173415321926713,-53.968341089818004
665,-44.55975664544485,-66.37772567304081,-25.51468352167912,-24.416647408386844,0.9721108667642171,-28.39531770443721,-17.196298041199526,-44.73916126726364,10.501746810610095,-28.410142438853157,46.26509020424727,-25.545666694650222,2.3410125234392236,-31.21597714112684
666,-73.1504618669673,-90.99338857649728,-27.98157427036361,-20.146160641653974,-2.5373809095979536,-32.09671894163469,-19.36899331741185,-33.67745477214212,-0.8706969027101076,-30.344084577112454,7.636021148366547,-64.27125893372565,5.488740326432209,-51.5242399287983
667,-97.04827865487356,-106.60999236525745,-0.5810676151131681,-3.584224362147663,10.159037670499718,-30.624849022909974,-19.028202995774617,-29.2624053028649,4.62655143016022,-39.100303265544525,-20.34219151801961,-88.24068066288005,-12.409364210244908,-78.14005551537278
668,-89.21114437359441,-87.1649633285247,15.068627079385754,21.273021396668277,12.864086666912273,-30.19111712747172,-4.4132564333809325,-16.766223314147304,2.2216024460496606,-24.106164737229435,-37.7003167285059,-88.87734977124283,-19.20938345412985,-67.01126638213128
669,-35.439999699717134,-40.05083717545506,52.59332047001559,54.25146800095886,24.209890401531936,-23.60013884597029,4.213232009113015,-0.4124630664774173,-1.478405983164196,-37.81158435850952,-34.089272973974225,-88.24180033694793,-15.733594223677535,-55.100240738523915
670,9.079783390513127,8.932684845198796,85.1932184485671,103.04789355518821,35.54116986237279,-3.729357826558101,25.68906149841379,28.20523888046398,-1.71506357487561,-21.90745992609684,-10.587712892844234,-83.98687719856996,0.5943763542698849,-64.21086805009305
671,12.753625049498805,-2.963213500851934,110.02409271388018,123.5611874635976,47.76360325521516,-0.5035021411269867,14.649777604882663,25.15786081117361,-15.73918237959864,-30.78965959606844,-17.016413281980196,-101.49945688013057,-16.64301261259144,-65.86673293955032
672,11.649123618948522,16.658520451666202,80.53236454578239,81.08128775045208,38.82203849989584,4.130787998801733,12.892093918428412,36.18474102210273,-19.125033674901186,-27.291850815627498,-21.700827250786556,-66.85712194534261,-15.720102463062203,-62.88689185935166
673,34.52648290314909,28.9841690585275,96.53739873305658,98.6431091993869,54.72104350515577,24.696400631308904,44.10417347405663,65.1683511282841,-2.2474861754306583,-18.58297402239104,-7.027640647323912,-52.830297313110776,-2.6920765367497803,-62.82786044962138
674,10.27447360696036,6.037939829051139,38.902318816287874,38.241122324251535,30.91741646421036,-0.6762731589191416,8.90479041850795,7.34170881657344,-6.423140261312418,-21.281688578393354,-16.894335812047697,-71.39557581678635,-8.059514108933584,-75.1505869381819
675,117.74354876503578,109.43961723620203,112.99263627082456,122.94288951001246,67.43108512447665,45.73607518289828,57.16486160975917,83.91919926891231,-5.298784441968848,11.934415116434629,-41.09181974907841,-30.00600352649313,2.1018658533989982,-10.038417112152848
676,128.74631858249876,108.64790500489138,120.93399690542698,119.17679028405043,75.80299248697658,44.40525212296183,50.66561520441172,68.26434271709053,2.9745337139435826,-2.8549455416402063,-46.944051163096724,-50.414787901022386,-19.04732736111172,-35.74885682016887
677,147.14503955736635,134.97747568208973,96.91929969483478,99.97433789422774,80.8099307561847,58.94380900434516,60.216353854034004,68.42576526608693,-11.790869389828394,5.140053105624977,-23.67009149375052,-24.87318235871265,-11.376083899840744,-7.6610848295352065
678,148.95645583258457,143.63007766741183,102.53383088282224,93.37879732846095,81.65915523661434,76.49794729602799,66.02591968713075,77.23745095476296,-2.5754778715583533,-6.933918408919606,7.341091064965552,-7.922653213173762,-6.538502444781646,-21.73194609080105
679,136.60223794344003,141.59020580159662,96.64224310930389,97.47892839240613,77.35582506604338,68.38056155319455,47.458691111058975,64.81284105381172,-2.795406600761858,-10.850715725128406,11.230440047782997,-20.076884011022404,-4.093954467849375,-24.86895974999811
680,100.58777926785979,95.30131369361816,58.8247374835505,39.79423641006268,66.08672923793561,34.940522960287765,68.14535363952028,47.12530691537749,11.780051524085676,3.604954621686108,56.56555055601778,12.037233403302015,29.716499146366495,4.335043455702131
681,147.6676872717752,139.39705193694385,84.81069418797506,74.45906648345837,95.48254707596192,62.94024064176295,54.06269334057833,45.16667946802235,31.79048468228069,-7.979624889659185,55.80940926507751,-38.08269957537312,49.06869828393702,-32.146927907210284
682,160.53932729269843,153.17630992772195,83.24007065431654,74.81480185376556,77.8460213664339,60.306504558988685,47.34696321440486,43.61330902647517,22.069417752357555,0.7404539135363031,47.20316076163351,-22.247475325110845,70.85446432496178,12.695672158306273
683,189.36721413101225,203.0469247449319,116.24791102332574,124.48597528375018,92.55102816222802,95.73841731133123,69.35488571906421,74.24536648805739,27.44521840587809,13.033349628020733,74.53962584056802,18.3714476917537,81.90581175453735,42.17234896606176
684,178.61806466341216,186.40916939203385,116.21551318718826,119.30965326069729,94.69561345032118,98.70936456566851,92.68218865690444,106.11691549195287,16.964130748486443,22.125374014433348,92.46591844403756,36.9153864833539,86.65672527980949,65.95661916414079
685,189.3558307320449,196.40288297079206,101.07416257118557,111.56908783245593,84.42575132407224,92.44719666449636,92.03367501277644,97.51094630558813,28.093005418830955,13.777511943254943,123.11324434760748,51.42617911570484,93.37611257261045,62.68888888866964
686,146.70208433254675,148.8642728309447,74.50253802496074,79.47140690548673,59.5853926287552,70.20933143584321,70.57804475460846,76.7637223721258,25.811790155982475,36.772055984837614,114.02189696818922,65.9798274469362,82.1526812160032,77.04410500982954
687,101.6646803637444,120.6923327670367,64.5794066831799,64.31642187321297,37.26814207880287,49.36511107423255,63.47406781590647,76.75988955962671,35.10557737740958,38.36276095456296,140.18959942162198,98.51350747973477,101.2723286829692,110.03165283254434
688,2.353413180034328,11.775073150172952,27.219441122433647,25.178370023246373,-12.416774293615436,14.570108780333001,33.60388300881297,37.75646759221759,16.93391703346363,33.21585729710435,112.55775463854695,104.17797791469553,57.07549858916246,98.08113773180044
689,-76.3084650300737,-70.18654802394417,-18.175334960209476,-22.150406251866045,-28.299899875002215,-25.461725084669702,-4.328045193051424,-0.8362403632096276,17.6727162713897,22.777686858776292,60.03782336252628,69.36212805329758,27.75820436774289,50.995744112247024
690,-124.9347734405002,-122.47432305228642,-59.69003647087021,-78.43747370737329,-40.42861321087986,-34.98448203920948,-11.096209986311539,-30.07006194698767,12.179738275754053,9.97048226747983,73.97602139998791,46.141524230210884,36.835978887325716,30.898542335745177
691,-163.58354381395506,-157.3171524402559,-94.7547395483018,-105.5184431597532,-71.32772911735266,-64.14491519102967,-37.860013184413326,-71.61352724215975,2.4764443238369993,-5.215721338795273,32.551847731870566,22.174778080531652,38.21383318113921,25.160839047011066
692,-132.9470271050857,-130.10485844606896,-82.04644736484725,-91.39812188756171,-67.77292100201507,-38.473904513372005,-48.178716274482454,-54.95759478477203,10.731417096415704,1.302590989767633,33.24713815833479,13.419655082157943,32.99720818599292,25.850312098382286
693,-117.95849020364332,-103.5751062173673,-69.85067183889068,-84.49508028781865,-62.01594374303173,-32.44903915753163,-33.364331318932614,-42.58295705746956,3.242585053029052,1.160032793899484,5.627950196255734,13.86184525412676,14.277825757594039,9.545223406754046
694,-114.73799774154213,-88.92040020392788,-94.4148907008244,-97.95712602518917,-72.04701277654283,-45.45082400983558,-38.971847912527316,-57.76542128121938,-3.721254752285718,5.7211896022859925,12.317362532169852,23.017544733391517,-2.133887092313597,11.093386669900855
695,-138.37053257664775,-136.84253120878256,-88.75740479096952,-92.31521173315278,-90.05986116267854,-64.31853013950874,-73.82042350053129,-72.7834987961061,-9.1461845366644,-1.9402389843998886,-30.224197656322055,17.71629837384426,-21.119363019204037,2.292231813355083
696,-114.1517152188733,-113.20798724374326,-76.88568825680578,-86.29769223619884,-83.82833895590235,-42.42339843345074,-65.9546457864914,-42.069190571942464,-8.162627681667159,6.131160547636905,-52.72683464590674,41.890531248355906,-35.698474717974534,23.629918998085557
697,-118.53682127418807,-134.87320121574385,-100.40868638369638,-118.7248630549987,-106.69956645810122,-59.64275239799537,-77.4248543891355,-70.84673615586681,-9.974785556773845,10.241384890621008,-70.6795686859572,49.76344778266694,-53.2447134422191,21.669690952284103
698,-92.36553385300722,-97.76319812320922,-75.79474294259022,-91.5423887850817,-68.26616665779558,-46.22088185785675,-70.28378716631967,-60.97835552611273,-20.462203700882814,0.10835522900247407,-88.77890603313642,26.68901007309548,-62.68573094945232,-0.5202399570290094
699,-104.98965347184426,-93.18538289531232,-68.96858817530014,-72.83490186277486,-76.17149490064337,-37.381037051352756,-73.39216112054145,-59.597561536511975,-23.486031631699053,-22.187180003286215,-118.42243321532219,-5.668094447144545,-70.92173091607889,-35.98595937818024
700,-107.2122475393253,-96.6462561986011,-56.595488713615374,-44.63313613209223,-59.91868061787064,-41.78851937059316,-73.18258604880914,-65.95967663251756,-21.99332192313958,-12.051047038589335,-146.0433639416027,-23.14220673193423,-81.95613666303724,-47.07979081142377
701,-63.61882964320502,-70.83054759984435,-39.22060644524526,-26.493376233392183,-35.35985649242475,-30.301549312824,-41.32496772984752,-36.06057680957509,-24.936460243692835,1.596335168522777,-92.33227812429499,-15.853501999852094,-54.83654223643661,-13.488502301530719
702,-62.97025308546594,-67.78265195478927,-34.74657688517397,-30.990798358700935,-30.55537185445029,-27.940944170124713,-19.254418553792927,-27.857186418829126,-9.26569849261157,3.238906612639349,-48.01176660088426,1.3427679118356335,-22.22872987993524,-1.3740435467660985
703,-31.53290958745618,-40.24786551527461,-45.5456801935424,-32.75969819564841,-25.391817936506587,-26.403601652935226,-30.26397308516547,-33.618632601356076,-13.422543195834656,-7.163153023369674,-54.125254596403636,-9.209949906851117,-33.89069538282095,6.7729262272578135
704,-49.60008295621727,-64.00321367124207,-62.90167962330931,-59.303026239980966,-44.112824762063916,-39.7387673669932,-60.602119032836754,-54.72792292013354,-20.352544843221693,-15.399647111987935,-71.75535125468014,-26.623577787892998,-41.40187238129037,-20.529342333154144
705,-33.02702695653673,-60.75260713893645,-63.00843342551573,-76.06704738068699,-67.78130294224493,-40.41654394805855,-43.11052005801368,-46.219767433179115,-16.212118107234467,-6.825737837822998,-57.877390585492606,-17.61054336222775,-29.363841212687817,-14.455096448539082
706,-23.331441361296747,-26.655627143592394,-64.13584272405858,-57.519857768756445,-52.936219531124,-21.635349548713883,-39.14855025939422,-18.569917674144108,-0.11540796106315672,2.089148441108052,-63.7119989892307,-6.612284947139497,-14.060538580352897,15.305926042806759
707,-21.650911169272813,-33.02315524931937,-27.132415866427735,-22.349369219317442,-24.67803275472059,-9.657903447561228,-16.36280435297462,-5.580898774404336,-6.187740372208567,4.460778556349709,-37.299041080174874,-3.2632712524838703,4.590878984475376,17.17732420148466
708,-30.755701310910077,-27.98626648578741,-17.631758484234812,0.15234024497565152,-23.115581747406775,-12.338375236184493,-27.302182073236533,-9.220163067306192,-8.995528081924455,6.6098653017152005,-57.57373453033577,-32.47381689726429,-13.733095971757866,-12.693624783431817
709,-30.764592598773575,-42.19661666855648,-8.289262577880477,4.461047041278105,-21.538514897437068,-16.96269416673783,-28.74174618488231,-34.506317078676815,-8.450723029558235,-22.440247860660634,-52.78307707872165,-56.07449532461562,-16.709885256322078,-45.17103004518116
710,1.7698034721024898,-6.83797639217724,-7.850785926240423,4.7228449369817715,-15.117630270360143,-10.054782735927777,-26.127502891886483,-20.90316395069737,8.524056399601461,-0.6978603679181647,-27.27127700121532,-31.746045641941425,-17.947779729294137,-10.594492813167205
711,23.04170342436166,18.749909127297634,12.614383937084177,16.62495012996882,18.467713226103452,4.111406871622489,-11.649982178472811,-9.211921409535302,7.917022415811689,7.583698417422308,3.3915252478419493,-19.69178084239134,-1.853410304059686,-1.3896641838262846
712,-31.493539333031435,-33.87384770133523,-42.74915122919082,-49.58084303192767,-14.947095988717932,-21.826487227154164,-40.53427215378996,-65.22282229288108,-7.6995464614209395,-20.394201795543538,34.748084170563175,-8.599836571780775,-34.70224356517961,-56.513085522205536
713,-102.1519532626093,-91.24417722830084,-75.48753390978415,-74.41172791109837,-47.72276255856429,-51.166535361922406,-71.42042481937747,-92.84412454805671,-23.12738326242628,-9.613767629765956,-5.183699708122815,-4.1252030546634035,-40.96614992446497,-35.70606634692852
714,-9.269018414681462,-11.206667537373985,44.242260594985765,51.867326971115865,9.011170333111618,-3.058228492918619,-13.876100323047163,-9.770189725387949,-5.496501732422279,-17.971720275373865,-32.6415219441249,-56.03524432666091,-22.543834539073277,-32.42484654999228
715,-19.845524768194775,-15.238637658885624,46.398861746993504,52.86457435811039,0.8372748639503476,-8.255920906873028,-8.217070740402072,1.855919214221099,0.8888609628802415,-7.911815409204417,-37.26263143315156,-65.60778552548223,-13.526227439626172,-23.67162034906374
716,-64.26163022764894,-70.9595092241744,-46.23744537352718,-42.65867454313589,-30.16026414908578,-36.390103786915915,-18.724155905610214,-30.332374024656666,-4.690211852301818,-3.8724459796361317,-13.379499863018324,-12.338749820316073,-21.8447307157596,-15.576661593867858
717,-78.1388504883684,-77.7302225262975,-38.74704831545042,-30.88970223254716,-29.57306360968922,-23.253525208167538,5.751139051359575,-1.8307810405948035,-11.036158101038401,-11.681302309716429,-16.611527459933807,11.753224547313856,-24.323669078475064,-13.92237438495723
718,-69.97245386634195,-74.82566227028798,26.37456174541238,24.40244843663272,-19.723123254316686,-22.55324232467905,29.715950073557185,42.80739696057925,-12.687185521268107,-8.323561172135214,-46.28329468983098,-21.942650721429118,-15.775458392966167,0.7953260637523737
719,-66.9885424567649,-70.92540659015876,-62.06411113379892,-43.02664778283226,-48.591063594705545,-46.19643516697058,-30.233999282114315,-31.51935542278318,-8.294118551007605,-7.923041529108284,-9.143895563009986,-1.5572308836947713,-24.801294529553175,-4.284389841924528
720,35.62094551521829,28.02183915981846,-34.726911451206284,-10.460664031041256,-6.496779559420981,-24.347223357408218,-25.377691218077263,-11.34570942087642,-8.875058533407026,1.9535894704888666,-19.774335367884238,-67.97535898220644,7.9196177547624185,-15.836864577279238
721,48.42092367819298,40.80567393387232,-2.014350857068607,7.589781707900185,12.3396634327208,-21.68632451224342,0.44744066046313435,-8.536499856899985,-9.483845657454864,-9.694779223973539,10.250138264436442,-63.031073123398954,4.726384046541621,-34.674989817439986
722,-5.753941798114293,2.7379351438771593,-35.81204953220509,-32.07906063576157,-27.566677070006854,-18.02921902072861,-5.884449796190085,-20.027290862498354,9.22397989163279,-3.928485565785607,18.431334843099854,-8.838670989123749,30.488479986860572,3.0163803421513307
723,76.8145738565974,79.7868470336975,69.58819217136876,65.13267749344757,23.687010292467757,32.74884379935416,46.056651183892164,54.92375069837889,0.14885422545877525,7.273506684872872,13.244959001363462,10.700080267360832,44.621050946612925,37.24851071634337
724,112.67158912141483,138.76472005008236,58.24830952395788,54.25034411012321,17.80052897428212,45.479808637058795,13.372241902535498,37.125792271127736,8.034295874841954,28.21929889895854,22.5880978930675,2.66831442070953,35.92832014466548,40.239403668055566
725,166.48368249331753,173.5505353583972,79.5174857441943,55.71619785173556,42.72833880342072,51.647507202169606,18.99899794942916,40.23224680941856,23.4040812239636,23.58875841833666,29.904984491515265,-4.92850923058529,61.54988693462717,70.95004945259733
726,154.92434549576495,149.00977178900888,65.0357432293568,42.3941576453353,30.606396019906317,41.41934513196096,19.28950445600388,29.094270992254042,25.205964299665226,20.896161586079238,46.6676517402714,6.684702686044831,73.90643583337683,57.40633268262066
727,159.9384754818993,176.78669825291698,46.8089523921995,53.84333225929568,30.143718557452075,66.4591047509866,1.432472788861771,30.053995082295888,24.01050890430118,17.73773485410534,27.68429108286605,-7.283887584333032,55.18284708144061,31.41265560524798
728,88.14269270667161,93.12704266183374,-12.505113378793752,-5.925633403544844,-1.0980953703902192,35.33941708271401,-17.6791143211902,12.604711439548527,10.895129174825897,28.448244433510887,22.615367101511712,33.92473671151323,33.45308601986671,55.57997084305491
729,181.93879783131706,201.7926422872053,80.99971468172949,93.68979502790454,49.04873531524289,83.97356301776017,-7.417851276801703,49.79020183278814,4.149735225232169,20.710378088698185,0.8732642710095675,35.652644371504124,8.06706991838765,52.686186787917
730,52.519823352191224,54.273888712425766,9.391049954646924,13.016900953147008,26.381560512136517,23.82738644582801,14.490505049856159,26.915276684870378,8.327991864947146,5.712602721576399,40.19051751914478,2.5899411558066308,28.831671997064966,20.47591312636346
731,158.85956606840196,171.78046735052675,79.36143516018093,92.30123923814837,64.2490946035129,57.70943379482044,18.7158854727746,63.3216528363762,9.341377732248848,16.467299854237158,30.057753152859938,-0.9697715076967941,39.40652789844685,58.91003322965753
732,146.25037947771514,150.736500523254,113.14909276574213,113.35890839350043,70.86112784020506,48.14154517053599,30.885222077749486,58.999366775954456,6.528978489055358,17.006711518630624,10.939541057707059,-12.834390347474548,28.707174779294412,51.70700314207268
733,169.2542000943847,174.64405616035407,119.09263605638826,137.57547079441963,89.47658539203587,78.61548617330185,62.507917565227395,83.68505588863155,21.708384445652793,34.24559985740909,56.41672599857578,14.821972690970957,50.33090759950309,66.54257159365966
734,161.14645831103493,156.54884416669097,75.9728071370465,76.41421799651428,82.70477466486273,64.05176796858983,56.023801927699246,51.433770779633676,15.941424226890708,19.864641377299193,69.47485951155953,7.891730531802405,48.83461014754229,38.00489342489968
735,159.86254223191202,171.86084220491017,86.32721305238282,77.7543216370427,97.37996637147869,69.45123521636073,61.56998931109734,49.61229896576109,11.174001468470493,11.630809889564137,55.77114762556971,6.521255107492431,37.8193783453143,36.42586826790525
736,181.0839284999418,173.90081059407896,62.082922054265204,62.36239680582206,78.00976708696619,60.988332539597025,41.88378117384171,48.50734902144575,9.19970109635266,33.310249716826604,39.1151321881551,8.203211082281756,18.926505382632456,36.74481021459838
737,203.8514612685733,205.0553224516716,74.54359513079888,61.67429517688724,78.64680813555607,63.964742758128004,68.79222331622842,66.59689677111682,19.802817956259112,32.96336311762596,72.51789326518299,42.13768248760811,33.14501056530193,41.84230462310307
738,197.83165952994625,192.89941953520224,57.38549506459895,47.08944730971436,74.17762095797934,65.64065488422479,79.07908405526594,70.65096810033712,27.156109921737624,23.54944205585426,113.94757869724955,62.779313249195035,52.99320889395027,39.69606994234106
739,148.85025088059103,153.0417222377742,31.697831862997106,30.93746202027553,64.32785971066079,68.54152960038009,50.90337070607331,62.6948683351589,23.943737951070748,22.263621209161887,112.20965983101621,66.69854282827121,52.226309321572494,41.36914588453232
740,45.63375774011402,48.68806865857432,-14.90653571435204,-24.41360896330406,27.17808114871069,53.948298732496205,22.59794716307149,13.15766640300742,28.36214891255302,16.656635551492887,129.78345444250425,76.43756984444593,40.18038530630113,32.376416645319836
741,-36.35069931152365,-28.473518215536938,-71.51141730761782,-69.04286514156539,-3.7699496821110197,7.410328590115419,-28.09616292009812,-36.31152880012432,6.158527586119689,8.440736032925347,67.57361169819828,60.48050499953128,-3.2056413537621675,11.92952792734011
742,-121.8659287072454,-118.79965704857455,-87.44770304867298,-104.92286909957146,-18.664764489951374,-13.506320774166827,-27.55498733130459,-49.35909497074872,2.2260981711299426,-16.198877039739727,64.56573963543352,52.2669046547128,-13.772343086302978,-3.6764222321442976
743,-138.1789517585269,-131.73365074399766,-99.16625361392785,-100.16568758958442,-32.66510504471285,-16.907198482717785,-36.360744121763915,-49.1352011564306,0.602542932080984,-12.408804811655871,37.953552006962504,44.31228215745719,-8.842754079219414,-4.935943313638626
744,-161.4302888291951,-168.97644918816655,-93.31425242613284,-99.8636467130173,-42.275991866930276,-31.34479432895902,-19.946981993678143,-40.30064944345802,-1.881250539875997,0.1435701955651556,24.94064568127542,39.516105308642466,-15.451529019133396,-1.5146295518923074
745,-168.31206644553066,-180.69920811813216,-121.15102166724238,-119.61042947022125,-71.57002912374477,-50.207010254980865,-40.469834667857704,-60.716447262633935,-11.922344555278059,-10.947575354214834,8.016852817619567,28.95232829118664,-26.7079938630129,-9.709316356743779
746,-182.57166688798478,-210.30678067039017,-153.90670340256233,-153.86961590555896,-77.66393729746837,-70.25630681508451,-61.385131542677414,-88.57869745499808,-4.538544518806819,-15.966395530175117,-10.618475880541896,23.35830683838635,-40.93326325414698,-15.728572752434228
747,-169.73538244207032,-197.51282045695072,-140.2463061782074,-143.5276786499504,-65.72316526020036,-64.96015513209967,-67.84894128127098,-79.51656027049475,-10.175171177710814,-21.086310482044514,-15.618719298844365,2.3542402626375627,-36.14226694168642,-17.57243646394359
748,-123.65212521822056,-139.44165957259125,-106.8729860372036,-109.09420347835953,-42.36407906386684,-25.18503845051677,-34.5479366927723,-30.67106335346175,-6.200111817329927,-7.56661198758666,-12.077047250890448,9.347324680443894,-18.523099921644715,3.0161379202387413
749,-123.67117000876371,-137.6261501280033,-118.25613313242974,-109.7966403733307,-46.229244118939164,-25.178904064260056,-39.601499320108765,-29.274767022412856,-3.396123360819073,-11.580164713517613,-32.682463393381774,15.141209766547556,-35.58944315886529,-16.809827889868515
750,-109.35037308029389,-126.86500786469144,-109.48435957736824,-109.25745090572354,-28.795801775683294,-22.443012860691,-17.493340100572663,-26.035545791384187,-6.193941648104815,-6.575114776844602,8.813515554401153,24.51679975968439,-21.574354594256985,-25.638540172419916
751,-124.08500243000051,-129.15300485752527,-90.63475350520865,-96.48398088037224,-24.290161393776096,-19.218445951648196,-6.556753780387372,-12.919444695513524,4.3844124702828315,-12.467784615831214,1.4269699918888437,15.750203284888856,-23.716514676201726,-40.32091519394566
752,-136.59004535559257,-133.6203823237646,-93.0766349846876,-85.42290517836224,-39.96600401250579,-29.420419930612002,-15.488288275450259,-28.987626654983394,-15.679890226138221,-9.266277512608935,-19.98844037528795,20.8191781104422,-41.11689641238451,-48.61346451858333
753,-153.98874203805855,-149.02381326540353,-112.02102434304732,-108.08245992477781,-73.8277316329887,-71.43616123612502,-36.07908848996521,-71.21384096055104,-22.132092935147252,-18.86430371850224,-53.51578481398195,-9.113388064053401,-72.20647768882084,-62.09208301221998
754,-142.4729033753169,-144.01484434383656,-102.0782088644541,-107.64674039209382,-77.87539644229628,-78.68247806160515,-36.12864023959578,-61.664833620903366,-15.283061113029978,-15.18900411059638,-21.101672648881934,6.753343408235003,-61.8569400590296,-50.96405348868313
755,-131.71857631593144,-139.53183771398045,-93.51650422216255,-97.56510087035218,-83.13130634313714,-82.58709272274572,-52.26139133636098,-65.35062253191833,-17.383837207567222,-14.382391469743004,-27.498667993400748,-1.9994989387253423,-57.84795546340125,-40.98410497283802
756,-125.78628431737553,-143.94645025751606,-81.28664347521492,-91.31934009103253,-84.99198064289052,-71.00901307718216,-57.21502133376092,-65.79647774863513,-25.78262059912316,-26.094574640087885,-57.88998077098832,-4.550294241169645,-56.05701736850455,-40.711468867157436
757,-97.17872456645422,-108.91307866879791,-87.37905292250214,-87.89844471350209,-65.42220947772645,-50.20391438033987,-56.619378903365444,-66.24706519688428,-27.18275797151041,-14.116618032530344,-50.60162450796934,-2.451524388861571,-48.23254377327375,-21.84997237657432
758,-110.38154596309303,-102.43885062623573,-79.57211658171549,-88.4960239510803,-64.16732583096122,-35.95759897805909,-60.311731269859614,-68.32750542122848,-25.389890214289085,-24.74651308102368,-43.602291349481256,-8.879466071752963,-46.35220764878626,-15.131854529853689
759,-104.07752861940335,-89.29601143685748,-67.94909118095927,-72.37732730260757,-68.67367664878311,-32.465455486850956,-80.45513368980251,-60.92820902772273,-17.883122136314423,-14.738920198021576,-73.49097157917795,-20.229318831733384,-61.65305096504752,-34.955868427426864
760,-72.85400460689226,-74.08936561266049,-46.067470771650825,-47.577711528115046,-52.54413280154389,-9.446016165198557,-56.62025055650198,-50.46515308174564,-19.5976197247813,-15.270927462580449,-47.07199772192391,-3.405325699206508,-43.35137332573868,-33.56577903964596
761,-58.30879946968719,-46.35702929294689,-43.58385497722099,-33.629917017340546,-39.54877050641101,-11.010158001807559,-33.549025650213096,-26.21270874553423,-21.028234471863414,-2.0313874184355116,-60.34911132717019,-12.391181946727151,-28.76275140478187,-33.25354528540994
762,-54.39003765460247,-27.188983123963844,-28.48223834906689,-30.19278907766127,-40.96513849507398,-9.204632128734035,-30.887070609331083,-25.41190242445,-12.422051594764637,-11.133405271108465,-38.49549434291711,8.840824358353817,-22.768177503773078,-33.30065575959083
763,-46.154902644942,-38.37930318040406,3.2273441763711808,-4.218797296398472,-32.97155126490062,-25.9158004251249,-29.270834806566917,-31.74209024932461,-9.596795403451665,-18.022022883394058,-74.03927514062767,-29.49439622178381,-26.927651004178408,-50.94628359481015
764,-20.189872483650632,-2.399933647726467,49.48756916823041,41.88570792347785,-12.015267303396435,-10.633755944348357,7.206240593123259,1.0995404899826937,1.4392126372426872,9.925334575319557,-56.39314452566023,-16.887306922848023,1.228452647587091,-18.60623728647244
765,-0.47722597227037666,10.031345195314618,78.58402860773639,78.78083998768034,11.60137771722388,4.460374989969411,25.12883876697159,35.62603492549162,13.78449446941318,3.353263931599834,-40.95375429951876,-3.0199712267687286,19.49716160473619,-0.8923201910606189
766,29.261613756449353,36.51194189698258,65.93093098441595,72.0043982812122,18.372065025362318,7.632055289114989,25.037357284857205,41.08664378858204,10.781904619609996,12.805703436930303,-41.267289942408944,7.548068642160519,16.937736144850273,21.3554896618401
767,26.736145605507772,32.66711198839988,1.4334718346496576,16.39830140425276,-12.96730586665886,-5.812467888806789,3.823113261315508,11.525476939371902,1.0976343283300471,4.0980756430668555,-21.519152436416356,-2.8414236857085617,5.264790008379815,-9.03322129731587
768,98.22693779121488,99.07952158747196,19.98229417977481,30.42827304576861,10.448542603820883,-9.701770903623254,-4.987922807626604,-12.996511923506253,2.6948886205727844,-6.275381126843332,-39.7441550588006,-42.26559764027142,0.25119614138565427,-18.35936484750252
769,87.96919730949402,78.02629004878256,9.878035257067596,21.90714742755619,9.122205744129845,-15.341990674947008,-25.88388687753592,-21.015981182235958,-20.696520721698814,-15.92765721567142,-38.58859513514364,-79.33436033587358,-37.25340755565104,-47.53300581209494
770,44.321370864284944,51.44773705896196,65.32799987832486,62.31731123881122,29.883841895045997,0.1279351170613288,19.8841800796647,36.741289298348974,-10.853132834059856,-16.805992011209486,-46.40195752000811,-78.93116111447135,-13.85856053985847,-26.972405851035493
771,33.99106595216407,40.763073403917325,93.94951469006939,100.34837293131436,39.617861321104115,-5.943957690498922,33.0916431216008,46.656173743485546,-15.090942335815113,-18.191015781210023,-49.837683967960686,-97.41818362796948,-11.096916574190459,-40.21560760380802
772,72.46304835015346,72.11790453548844,99.84338669470583,114.98968048106111,52.785262529023655,-6.126012687105894,54.55796702079719,62.06910107305557,-5.4494362034436845,-2.315950099911916,-35.39401375598613,-87.15086326801587,-15.871613386160304,-24.527780614612535
773,103.25683140502453,111.70009165325068,106.2983290939409,121.36908670485951,66.64501374213854,12.408866736777938,68.03412679094774,93.89022687947815,3.5036694529051338,11.708723077497872,18.48909517922651,-45.16026592481048,12.08424191101053,-1.8865616780788572
774,125.95597359196442,140.63785734823557,109.58044107025266,108.25174447814634,77.44907214277782,29.52170950629787,76.24051487376832,89.6335762734121,26.532803434443945,18.188858848103777,63.81864783571611,-7.600999070495315,55.16983156024106,24.79340484596179
775,133.60782213840383,143.27542407522145,100.11810465932423,91.76328955066212,69.55812327511683,42.14083472047273,67.78167824860442,77.92863809724537,38.38921574496038,23.091160052436788,106.97383231301006,37.35961129208444,75.38497942564207,53.567015712934335
776,90.19582476926392,86.88710947995881,38.28603816741069,32.159172570265135,22.636453583934504,26.476663366753844,34.214944653334996,2.9373354275815586,16.905538666417957,24.419070114480895,103.16964075968843,52.19501649570289,60.97017736282825,60.33790724656712
777,26.19330639984115,24.219918171911708,-21.784334996242464,-28.36757723826868,-10.177553693889408,-4.035405594813023,15.883983644722466,-39.99616701691072,20.742072859277318,15.572772185739446,66.84206477372831,37.400120303275465,28.076200225866238,33.735245722541386
778,-15.027264110950751,-10.317937805633726,-67.33742085880174,-68.2528237892133,-34.90137351132452,-1.7591341309985522,-28.471827591015547,-53.43120992516485,-6.602268624968278,-11.236716492148506,59.5612317261855,21.0203585960178,-1.9147700195151098,-1.0948400048069118
779,-45.1887020734568,-20.291633743589095,-45.03978557456717,-43.797007947325,-16.759840416372565,28.05642962263887,-13.576412613409063,-39.0289165340448,-9.150915422062104,11.53159668927083,55.4339717455598,38.72231655006671,-15.46434108083981,-3.76624779462216
780,5.916582925907814,28.936005771424767,23.837544682475954,35.56561011205006,16.38805366908369,52.47212798444759,-5.520602142028837,7.154425176891365,-9.291373986938183,4.76024429467253,-1.1322190148091504,31.603121046706903,-3.866167124567089,16.26592675946708
781,20.87271221287383,39.06349177889113,44.9377015216115,61.00971772724542,28.03431566221152,54.42195219838644,19.729397200690272,19.413495712566895,-1.1441445119454112,11.701933870956534,29.23043793332809,20.447884816494987,-0.11276031357648009,1.1823631330910755
782,-12.033094250480683,16.003077058612963,10.84626609214592,28.16535271218811,7.702840669724099,18.18323972431524,7.073768745974852,0.34884381734203773,-27.1658652114033,-12.711393709964092,7.559608371127835,2.8978546813661286,-31.523504067496535,-32.23129334463619
783,8.940629659178649,8.89179539421334,-7.261709007537083,17.245432830988864,-13.181853883727682,-2.8581281946229677,11.326624603904685,10.604732173191215,-8.630564743999683,-17.393371818560286,16.3926112949102,21.71639521995044,-44.829220400504646,-50.28104983011761
784,32.33129812700371,32.017015940652776,32.914458811708705,57.095116402497666,16.449184600973354,9.438504266543712,23.01221255255295,27.5105692125026,-12.440962358781052,3.3215846530095923,26.528943370795584,26.534624541617276,-15.160513069980066,-20.464011871651117
785,28.89392542043346,38.36304532100048,43.95077141350668,62.28751950791856,7.079230876404193,7.057210473018962,10.852985576305432,19.012482028584778,-6.160720054683767,0.5181635982133272,22.42395352973302,14.633186939625492,-7.040161652099782,-11.92661716686928
786,-5.974190929078075,18.45683196581748,26.094113650811277,44.24156656256581,-7.517385177154237,-7.510917826599376,-9.067873548612948,-17.39692000103913,-14.170665048278304,-20.350083498474017,-14.429812241920445,-26.905881373960295,-22.656003794647425,-54.68779661357674
787,-16.172630720329735,-6.918873584174157,-19.627908861960837,3.5029930536853993,-24.078628051531865,-29.420887734190973,-32.07961344456228,-54.99327664949061,-16.02594088658328,-27.260863650733057,-44.03536286116096,-65.73325469539516,-43.931077371571824,-76.77699599548139
788,-62.995392373861996,-41.87859840529901,-93.58780155332191,-86.16582935378665,-51.765454123954335,-61.96959672585588,-77.54463941077272,-108.5056599358649,-23.655218485683466,-34.63420238326523,-68.58687279119002,-98.65308357761354,-71.10352977031242,-114.72558894027837
789,-65.62380411889836,-72.00552527142747,-124.2965881644641,-121.59066473227601,-70.5287372068396,-83.21938452508978,-79.00048535767817,-118.66761487568449,-17.936932275000274,-27.683156975655216,-72.51410716840823,-102.38289910384353,-83.9110743761702,-117.65501036901895
790,-71.20011573790791,-87.22650834252637,-126.11869651524472,-119.40914604009436,-71.89335172717608,-92.37650617656585,-98.43413356754694,-104.49902463891935,-22.70646936350919,-29.39170988226493,-83.78368363949704,-74.64030765297414,-102.3816686194654,-107.99069839042419
791,-80.95801281639085,-95.4378371515906,-117.31878943193755,-128.63469321111626,-86.21494680081702,-93.58134666979632,-101.11724859131378,-110.06058116213887,-27.964397673058755,-32.189603788636276,-90.28181517605721,-64.70402920016178,-111.23945304464577,-91.1773197895177
792,-118.26092254659784,-140.8561574341633,-134.95107489841538,-139.0046096022802,-98.48515762761998,-103.92069155546118,-116.53134874312842,-114.32623049191068,-18.622847771809862,-29.80975407747723,-97.93729616356134,-62.42152020192779,-101.2951339902541,-80.06342453476447
793,-118.75208080883532,-130.71585959330403,-142.4578435325462,-144.0191881585933,-93.84487851748557,-92.05371501103915,-119.3869722950616,-135.762361935736,-40.042011360576915,-33.39803416358947,-127.28763770252036,-82.32090306764826,-107.74123562479468,-95.53479106114756
794,-125.16331359694651,-133.70181230287002,-132.38788952987497,-137.1782224907285,-90.55585192870747,-89.21194488196718,-95.20465366533355,-115.19255846505628,-23.628421793999063,-36.960625157122266,-103.29381222628686,-96.9761741051201,-81.51205275861977,-89.40329846961176
795,-100.62946321531957,-119.41917367857327,-122.07593909790951,-127.46817361368898,-69.08998820883033,-85.96181914652941,-93.43946256361234,-124.97742850868391,-8.223001157828456,-39.87133799703895,-96.06615589238292,-96.42406670345673,-61.18349468447354,-94.57787309053737
796,-73.63612933255084,-95.6621856770993,-95.04253241346203,-117.16518187905044,-53.78916097634662,-71.0958790619501,-86.44382558831423,-101.73818273943581,-2.8448694484793973,-15.75848532888304,-64.53243087958553,-80.73672018599746,-50.55332675883681,-79.31264453070816
797,-85.110816125018,-103.38023410819582,-76.64657022904719,-103.65722876964624,-52.78264601549707,-73.06189684226928,-63.53721423877194,-92.31652463547177,-9.023266487020942,-34.56812341430805,-87.79082118015222,-73.98785871973779,-65.74706395719922,-78.07857838920204
798,-63.64815371157041,-78.12976284448052,-73.14911217634717,-95.48672920437286,-37.299828038318026,-54.69878808072423,-51.02293384177991,-79.00342902084245,-11.960229100823154,-22.87932078023368,-63.78933777164784,-54.625576693194176,-65.77767786139285,-68.20901170169113
799,-30.103003719140595,-45.41642968561472,-40.93779187888812,-72.16940331467883,-14.693570247823711,-27.114314374695436,-17.20705607862067,-25.04107859415894,-2.932701656520156,-21.720650609776776,-57.9716734511512,-43.29142441574917,-56.65658310596377,-47.889864746478196
800,7.178014923536365,6.50319583615986,-6.7997567118352436,-31.88807876588329,4.986131308318281,-8.529947425265563,8.977639682954702,0.29850731801480873,-8.760515811513047,-5.491037677186806,-23.033571986323295,4.0141174011461445,-21.33186628378549,-1.2163467765611928
801,27.329937458005393,27.256783561157388,0.14713321429392087,-8.239622919620237,10.418740978114009,14.428141558511268,20.712561979860023,23.915168042879078,-10.443830089298524,4.931337932488274,39.77074197366356,45.517334449584084,7.205904983363977,38.49342065073864
802,32.7313125693241,37.980186398965046,-1.9060521479111887,-11.728903442919421,12.412290593604421,17.12836872593659,34.245192153402584,22.27733367549893,13.133317743304117,18.940808076796053,65.26286226884868,78.36223206057363,43.97314998283564,77.30634025138728
803,10.946678625111897,13.18526976180306,-7.610746258858149,-25.461952775482533,-4.613846935742533,-9.024831339547905,16.30708160979889,-6.746714898118074,0.41484103563264113,23.603054545140743,43.680834707779866,70.63077992358222,38.67302685482123,79.3950281812149
804,3.722110375960224,36.22691179843568,18.70398189059196,12.298843607700286,6.650144605012978,2.8402648897603826,32.979719447920424,11.194459302938636,8.671501563641039,29.78900495105478,56.89397513832033,79.86722334692968,56.49558697675861,98.03810975793319
805,-19.214176241910657,9.715328666434107,13.624571177530436,19.27916313026524,0.14934163660623068,0.9860596302372109,27.52327089218028,8.281939535023785,5.7738065591316605,22.51082821746357,28.400918692369615,34.03934165507215,38.34554370171327,66.08731545872037
806,-10.650794838371034,17.929625031899292,20.510668162402954,15.390465211998666,2.099361734649042,9.788605747882299,14.65083904180706,5.771442783606156,20.497993716651045,16.660631993363495,44.16673207463161,17.570298208371938,55.333109947604584,69.98815323081534
807,-10.800424459384418,4.907181280842213,7.820211043807579,14.60446334799262,-1.4524103362334926,8.866003113437454,-4.233112683934654,-5.775290133103383,10.656195507298316,15.989521342369532,25.40163044688708,-1.116354664008578,55.19534152753261,60.8558471250635
808,23.97151431111173,28.527441028088504,27.12055929892756,9.297541003364735,8.699081174762648,12.094249208316748,-0.9995147301984327,-0.9015933249261643,13.446823869362312,26.31191219320292,46.02544757354367,13.495044620287313,79.57570577950528,93.75767084126954
809,12.808975338610091,27.369580192341868,7.709758706291822,-15.897868717680282,8.070457131804005,-0.026946404310612997,6.433832622680086,-6.395024865499878,25.32350847861001,21.201417071927285,53.0864415909259,18.623724671095587,94.5231669059883,79.23459359740573
810,34.30639003386334,38.01268787563513,-13.700413162892639,-25.88918076639727,4.250875126214597,-5.542340358969178,17.72847716346792,-2.208377640092683,31.48545260738979,25.613023806725522,67.35623348286546,13.15685851629096,108.13655587788865,71.56973645685467
811,-2.3919373037162575,7.284264524367891,-19.658529281735472,-23.646390009924016,-9.790675556860059,-9.900697033612275,-10.11906037658133,-1.3843732748858169,11.968002849004327,12.175114486663801,-1.853311472999133,-10.812835425189672,67.61358118062725,36.19711195411337
812,19.068272145000762,24.155210184226565,16.263176907329825,7.803574384167498,9.426908811252012,12.35051207801832,12.471466309432815,17.28788653898588,11.29842543014081,21.082355494050667,-13.589852176528755,4.652977486052753,71.58091993982248,57.35579140454458
813,-19.76086784970323,-16.933530081683244,16.79344583947766,13.251391290059768,0.19822604761260276,6.859647542794804,4.200914868765372,16.381206392815045,9.241164375890014,14.706480810094988,-11.889821724167424,0.1762254599176391,48.53374332404386,48.964671785635616
814,-10.54122604430939,-19.776082277896005,-9.526880623178224,-13.961545475556221,-0.7656082322388671,-9.24910674245608,-18.91317287100399,-19.915387397913957,7.018458025533913,6.156547311102796,-35.580426172739465,-26.842934923870512,25.79126642075776,18.35271413423985
815,-36.91767905980638,-35.479467895457375,-5.284687518319903,-3.2590991650013748,-7.4518986793770985,-18.603617439825566,-32.68893190503601,-25.460629405952528,-0.5892736456864848,-3.0522444663150146,-69.81824645052222,-75.05497185664893,-3.118238578630884,-17.15376697587107
816,24.761278759184407,18.589539655326,21.168349717079213,24.770004187183304,14.792657672426095,-7.37924472967295,-6.365719132625721,8.423719965193559,-3.20537880157484,-6.073076877783295,-31.928774789088727,-57.29817649190531,3.7277076379951,-1.2247640245412794
817,80.82254600901467,101.79245873219918,30.7334124703311,46.81421277908922,24.466361273735572,24.430776250186934,-10.188859807974694,-0.2343589995431099,1.765837613756456,-10.014059084612041,-2.668703788426024,-50.69857292727852,-5.588056656476056,-34.621650725228314
818,102.17890076216699,121.00384925467175,40.209813919477305,35.97130803737989,27.96748879324439,34.7043010943828,20.803654539593317,28.837503330081063,7.713402632448535,8.150766934078321,28.5883514091544,-11.120735161311494,38.56806103792232,17.568912524549727
819,129.0632953100735,150.12445279386864,90.49975526998686,104.7107346546417,54.245231030204806,74.80307811985541,62.47615995778565,82.90675609488846,18.347690739168158,11.668102946889073,56.83645223810047,13.437870649672211,49.01016479148146,14.508193565242317
820,124.2419478773902,138.40262833353518,112.81285328013489,124.6755265799098,58.77584162892832,76.3619876851557,65.5409153979134,94.96267036307276,17.287566464823716,15.005290317356184,58.210203230613125,3.267990408755046,59.21458533309218,17.304983280160965
821,97.33260357915327,100.33791242932915,109.42008860821893,122.08839515048253,39.96522002523689,53.083385111410095,70.10207142349381,95.87188639796855,14.019499818272436,3.440646561008381,14.53017942618316,-1.442744065729703,55.54327466633584,10.307445257017672
822,62.584661523899776,62.02684261289775,75.05892763640958,81.70811301674483,32.97731749017254,10.205014864973739,29.44854954030539,30.0004637443589,15.116567943630685,-14.734626795378997,-0.3507557835049533,-48.923423509396265,26.958227439537758,-34.220999542400676
823,29.25846256612171,32.05327725749321,21.26514189045347,25.587117166458263,18.494153995864437,20.791106055362036,17.226872449812742,7.3760233714357994,23.189222700427397,5.3926114820986735,43.09351070054337,-18.329385875354777,45.871643619099636,-4.3533929421423005
824,-6.431886644105464,1.0417736067584633,-16.020539298644987,-2.8072551258011735,-0.0876650630100379,6.395383379695464,4.941940326930471,-10.146033432344641,3.584375765834588,9.799577312296156,39.44091957937435,-12.105334545784892,31.35211035941021,-6.492661258706101
825,-23.99304680257006,-27.710472169479317,-19.09446613067864,-23.42380224113907,-5.0233776395642735,-7.973223162674423,-6.156641982414949,-11.666193198886115,10.778583770512455,-1.3502257452526818,8.038043968259654,-9.173855443617171,25.85972986262344,9.055388204636952
826,-44.21620669101096,-44.01671898691361,-37.67839587934312,-39.48360656760733,-20.69980264618246,-11.899095947790528,-14.289229192591076,-13.53193777091082,14.671602348487001,-2.608787302517033,11.278931441641397,-10.69734351694608,23.508338062114998,-15.066949245557312
827,-17.114534154748892,-19.66230696599144,-38.205288758742206,-13.652714935563932,-8.37794291821039,-6.355728431564687,-14.686519566729013,-15.59153030549849,15.124085387348737,1.1236632362448158,44.63537027048711,1.7827928073505699,25.687321437861563,-12.242207789201405
828,-34.63945743929641,-37.29238578740095,-50.11847172584117,-48.44086692179596,-11.800547396589284,-9.87238606412367,-28.264992616924555,-53.194679680865974,4.17024626956107,-9.311620704186854,25.24594522636946,-7.458986247652806,1.0759399813788424,-27.161033953083496
829,-4.684316143946481,-16.21492184670409,-19.33215628119343,-23.101554508305504,21.395605380826115,15.634653390664843,-20.335911518821494,-40.27310708162739,10.726804147489782,2.3283810306263906,31.896742355426134,4.752391616431023,5.91135894351169,-9.452078694994334
830,-4.255654967714121,-2.6807937299615814,10.595224694505923,4.702103775931011,39.664602068068525,43.70044708725691,2.6325886930596076,-4.724357525827839,19.877904185931033,4.54411951619133,46.46359263946423,20.17418411335033,37.009921524052466,22.34228227920535
831,10.962826475561032,10.853632205267393,-9.304253026984815,-16.12328230292612,29.084731994246436,36.31302741510866,-29.979849937333665,-24.47245976870342,18.31500002844027,-1.2789615262655096,24.413632687847098,-6.552018535966864,29.42833425827255,12.499019849309718
832,-11.014434163448003,-5.539222622896841,-18.611216853182587,-32.66469290169625,2.7112502708185424,13.221597800464716,-42.07554531163716,-43.88031679694779,4.460305500403614,-3.46374998605833,-35.02177464414286,-44.11337756026473,-4.418638490516855,-25.967446347999967
833,11.117163753730997,14.54334989946234,-6.252909669905989,-13.260969223371614,1.1814824010622167,-4.937789869398066,-18.865560170944462,-20.524417178148376,1.428344326583385,2.4161421946830304,-27.836141474149784,-35.19757867883789,2.62302276006957,-22.103096262876544
834,21.42198141131344,31.07351754180999,8.689263117167535,14.534242033895147,1.469616856969532,1.6494843203134153,14.171566024622292,14.18245519497222,13.464596587842786,1.1770069662342297,9.599716712014455,8.582228677838163,7.97839607744138,-23.360159370844826
835,44.088108583450975,43.11060454901978,-0.44711330458090376,17.444136630062253,-2.280374906562657,13.105785992752145,-12.724286220175818,-8.664567378803286,3.4786295959073903,-5.986427937060735,13.411144397107908,-4.230257790547358,4.745253605300321,-18.197345474008316
836,5.920133832179977,23.3574783709137,-2.707868837429435,-0.33378077399522343,0.5290376527655578,0.9373835620531779,-25.113747752304096,-17.279584719833444,6.926558333300899,1.236921211317338,-14.916446102216781,1.7368644188682074,6.475437411234134,-7.998103083702614
837,1.1981297549304084,3.23421061417765,19.241975455063837,37.353524268311716,17.179961350021586,1.8771218119082451,-10.723975490448225,-27.99703999215676,-7.762092467386545,-0.5590755304263868,-17.5179433233698,-30.588886293518346,0.721618123587993,-23.604002536087993
838,-5.961084513802441,3.426597219016829,45.65432237904847,60.404290465538985,21.183824116647187,13.926731053724973,8.856038529249854,31.76066259856575,-6.187667707969449,7.968489283153051,-17.63563280980903,-19.274490373771194,-4.427180474120371,-14.255865013236825
839,-11.32161400338596,3.98328092944858,83.72114652638149,93.78706534384736,26.24681730209217,26.104454841602724,48.85312119701928,74.96315358107137,3.306148473988989,11.354785876471187,-2.477834302172356,-2.017708575245414,15.813222836248693,-7.09311307671821
840,2.949404438751208,21.652641176748574,56.38814065111246,62.39368176937215,25.860387870839407,10.78910660777278,31.204245676354876,46.39371251531543,6.084675743067348,-8.951455399921164,8.804364186793784,-18.9498054757652,4.9690104358168306,-33.42451430942283
841,3.127959681414495,16.793521874370626,46.864430986097,58.450253911513286,24.876692746386293,4.422935751998628,36.44734691742696,44.62387069765218,1.0587502722013102,-31.031245976495622,-33.81170504296356,-49.979032199463575,5.0864386803531385,-51.96779467223196
842,-20.134098406036497,2.041093193587961,38.398773299339524,43.766757669312305,16.599566621004403,-4.83265113883899,2.3998451222387516,21.356176259979602,-7.137997232977629,-28.681537231887244,-40.23403005487173,-64.63800527983624,-13.6676689966087,-59.2854152285206
843,15.160555984483361,34.95382793351178,52.14824371227993,50.493886214518895,29.879300393259705,15.941331855568787,18.262644500525347,40.42527771022755,6.472715750293825,-24.8876227769948,-38.176925423258055,-47.511935689409874,6.020607075456423,-26.996698331576088
844,46.81671468012137,63.53917432562444,52.1617382595692,66.03512248293353,35.17529293018902,31.89723770184717,27.43857925220121,39.22721582657193,14.095765186738644,-0.9361199122196049,-15.283891615300135,-13.163578095164528,20.486528028775012,-3.0359097598958367
845,63.574203304163774,66.52598725835844,55.63290349848552,42.44510772025282,22.678906258515337,33.07277209968907,31.301998292296798,39.56256183694743,23.611077002018956,-4.845322077409537,-3.6006397219263224,-11.495988468676542,35.87725645334438,-6.755909751501722
846,16.201344707911943,23.34963916692204,31.671248690753046,16.419190730986625,-9.691509281283981,13.05029368650526,5.226070666962584,13.540621538144364,14.487721192305372,3.526832460016177,2.29144647375702,-12.042674629955124,28.50380816040964,7.1918129884021305
847,-7.625207953897187,10.31474237357553,37.78949344780802,29.598983399344135,0.4991262171294354,4.716972185379281,-3.709779476663322,-1.8014365166905368,19.238141703779576,-7.156778818635376,30.87040050117993,-18.637490546554517,41.93869351599623,-17.33106515502946
848,-45.764330917621685,-31.70575587530147,60.720396032090854,62.90608906709797,7.838497399752203,22.22627941009782,26.005893751225933,37.184367002172436,20.32085059215792,-13.783596574100223,21.13292583475621,-2.3555293305779004,35.55260069020488,-14.74349244505454
849,-28.188303630671513,-17.884930790004248,101.44620127668162,108.90156440506384,30.800996139387507,57.02545774322368,60.187529774193976,92.61018238565832,8.21563278446916,-7.592518063895007,-2.6777376218084816,11.45875849929162,38.98615497506521,1.8958093471229547
850,38.200342897772344,48.99123873439913,152.76266565242148,145.66221907408743,56.11546914644184,49.25736768128945,73.39889854517789,105.5066024239593,0.8680556192310102,4.667791375146879,-2.9410780720892467,1.4872366716870455,30.66173669398726,7.812698112594259
851,83.51234414249078,86.71645322323629,163.56728287015716,155.61241599296227,70.59088721201702,69.59401045281686,95.10761358545824,143.74029966334186,12.46504016007698,20.444806377167716,22.34948113791089,38.73455279632675,36.98608355389244,47.48905500056521
852,110.0734784577833,117.16922856358595,136.57707384862684,148.9269688890654,68.80770041807632,70.33964159540015,80.15160642419842,109.57880821881365,11.441202588340262,25.41446371972417,21.448315623422772,46.34972068357673,26.125964889403335,45.162596245528555
853,41.52896561058111,32.890899203372015,26.56343084649671,30.98852382467061,25.495765478789018,22.36153340324696,37.22784509583949,45.33831586345987,4.595292478860213,18.405875898509915,43.121547157641324,44.13424848238591,1.7798975608342102,7.95463865806372
854,-2.475997448298333,-3.753835931567383,0.9583802075716198,17.586263843105634,4.32795047690999,9.191324042769773,-11.889910962867665,-15.265401093650462,3.3014841411383635,-0.2720860371985754,4.32792672979167,20.85083900356641,-26.616550463658356,-11.982422460865092
855,-37.78602315803004,-30.93810669663096,7.421835190631572,17.25549354846087,0.18481617894981328,6.63953602136488,-3.446259358266272,-0.01887458306421195,-5.4773532699781455,-4.119162850955808,-13.4757559644671,18.947933871491063,-39.12912322904146,-15.424282776326105
856,39.91433326317138,34.30521159396199,58.483006932856576,79.5063080440864,43.68752241898657,25.428510820631402,32.75310615647335,43.86632664926798,5.019303931939606,17.13882950910577,1.8430289980242662,14.406200362833513,-6.845754957652425,-10.531448384283289
857,69.10051835852147,56.373987452841064,111.98287414954012,116.951051911954,69.84547991740016,50.75392396868601,59.52478237759856,75.11704337212136,8.792518657527696,11.310627199843962,24.10646881884483,40.76152008050186,8.514034515962816,18.172584134717013
858,92.80454651548297,84.33163877616363,99.8408744592266,98.71493084306647,66.69620439223993,68.61975104094844,53.982403571070414,72.6957812285938,16.35661245901885,31.700662644598722,52.469583532129604,95.45422845112266,35.538599002735765,58.807855470358966
859,57.23885398333505,42.66250022453531,58.1628867538644,42.549099718558196,34.62049124275161,43.605891141564484,20.712725070551006,32.07880695342061,27.501566241334114,24.800850409746783,42.462243796192766,112.61490241080058,21.98534452363311,79.09115398220564
860,32.350809802726594,19.218658390677895,8.018154077706452,-9.957459627209698,-10.787734841797814,4.473170574714037,-24.037216424025893,-20.960440113013696,22.341932363983673,22.32439005068225,-13.813323158476775,80.58442773463312,0.5457576077039855,55.57253193033944
861,7.369283471846163,9.873665348820687,-3.2573280410719856,-14.468800592881353,-8.142324332571105,-6.7932580856333775,-24.05849041707418,-24.120090937677222,2.3981873370081406,15.282306290262788,-18.435816194228124,40.398610882224226,2.4053153345787317,46.52936096791095
862,-22.09661668036814,-26.285908708680964,-20.96273764549024,-24.527849290416448,-21.02583130224436,-14.402571209389736,-43.18136346464813,-44.142150356944555,-15.869819350861846,-6.495727241418425,-47.91524382594217,15.625641506254214,-29.90077108711062,17.748395355467856
863,-83.28675406634596,-69.16511453965016,-47.79442167952346,-61.23626363950802,-26.288718976652884,-12.636545868417928,-54.71172083284689,-58.23458725351118,7.297956183871446,-7.427878188930308,-4.3036852319504515,4.8635113300412165,-26.165703965439338,-2.1475463266316286
864,-75.5357794866097,-70.95475390878597,-32.75449062393924,-34.18013635385449,-6.204724978205916,-0.20349974714911692,-33.4246659267614,-41.5533146572659,8.161866251988293,-0.02847348316897591,13.957378665389555,-5.162306068522965,-4.457378589295162,-20.217040542472994
865,-51.89084042856118,-66.004946935598,-2.4610081859394897,2.169024315711333,5.395042414211426,15.234234625268924,7.173929141289203,10.952816118372196,5.497447687931344,5.937045864446735,-0.4935190870935262,37.771111332184546,8.39495701290384,33.35138845977598
866,47.14490279124753,35.23368542714242,48.019267176953825,49.91855664926425,37.72291076230517,21.005293129600567,23.031443785546646,43.55852148367017,1.9403358043167938,17.396942322327337,-7.888066053583328,30.055290241816426,10.725998780305567,36.24876440441525
867,110.97989343843207,103.73904908602846,86.83204580808433,78.35207282825584,54.473902069373985,51.565122995539106,56.60502558928208,84.08033735561543,10.994074777154026,31.33982647222888,31.15917241088259,44.42798521916796,28.495216820008782,49.19911339735848
868,155.41115018706705,155.23892054510995,65.72282084334053,65.93371995474125,67.851417198595,63.20308462346337,63.23219134353723,79.40086213831964,9.821022455815013,30.333927688874844,70.95301636119551,66.23112598614756,31.31018738475931,61.21006191577055
869,109.37487141187773,122.55742996755977,4.076030080972491,16.285109725189756,38.905573680744865,56.53996339434413,46.90726959582366,53.70333590727682,-0.3135149773261568,27.95505328658634,77.96418082801301,85.71251015750788,13.078834631454022,43.90608318819494
870,47.22141527846727,57.18557718050663,-39.29591421387682,-40.17343803629404,14.49297388622806,36.85495140957084,26.290146132734815,18.7562349416103,-14.531393887106832,11.643569501344722,81.23545781701182,78.9753997914291,-6.759283558272946,31.48805590598748
871,18.098602240311507,18.643578871159814,-73.76111885905196,-69.65660521845167,-6.826220114328504,11.39244307997429,7.197624910971967,2.921344072304591,-2.781797335256087,11.25659899104294,90.33598436500716,68.14304069271371,-4.447979270608284,30.610161666898204
872,-54.37113594780985,-66.55917625471184,-90.95546343487162,-93.4150638877485,-39.71044041555943,-14.978139665902685,-20.69526456640877,-28.63625781046167,0.021563626253634283,-1.9920903987453311,47.29983968416349,27.380816784570968,-26.560414964704783,-11.736684361325025
873,-74.56182010744601,-82.94507767173118,-85.7054955258423,-60.2565911830629,-46.83793306014058,-22.10863612830266,-9.38322686576383,-1.039658969822175,1.903878210707904,-3.349296034919871,34.75750517287056,38.587258122274726,-10.573760251825389,-3.982360656065799
874,-65.44249562698586,-89.19000370352003,-97.26097471702002,-108.50872951078588,-39.95187764104863,-39.103921168442575,-19.735458423207294,-36.511522288613214,-13.3350017122303,-13.264682945544033,32.61119358905743,30.52024690201998,-18.44810539821326,-22.65740096119742
875,-84.69645319639898,-107.21112708991842,-146.13812701255054,-129.6644467686174,-76.68117789661834,-76.20291290761308,-45.59722923225952,-86.75607831441285,6.514691985996094,-8.696283796192258,49.04733112963064,9.099133062664063,15.97991118554872,-19.637944409686938
876,-40.92514525197601,-57.70485125837352,-51.110240722322324,-39.36496357287939,-41.79978955275836,-45.096320944659325,-1.6610036720807773,-36.353567196496364,4.492044223448748,-10.21360544813292,49.37989811756942,7.748392471516642,42.830229787459935,-18.28147876587469
877,0.9638090620861663,-9.994014870556331,-10.259678160399444,-5.012293923549446,-16.08299891275404,-26.5434942180454,13.590312313181517,-20.154474199651983,12.839601107872527,-14.821486449560183,72.28293781133729,-5.340919304651094,53.799901708445255,-23.471468439636848
878,-26.309825823819466,-28.49419198695479,-3.328721766420331,12.133967476095968,-22.389163234878623,-27.72734123560674,-2.92204225354478,-15.359459427268911,4.177955222523653,-9.366691547769705,31.76895713835702,-17.934051393598153,31.022363628309872,-21.39683511159179
879,-52.1753395097464,-55.09994805788317,-6.771539462259231,-11.163420758249782,-16.713565764246237,-27.450087837169555,-14.121809573503201,-36.16138390015088,-17.483137488942543,-17.571133861619085,-1.6317664281137798,-21.33368022864606,-3.278251272797652,-17.018444412856102
880,-71.36496239438776,-85.1662906943423,-88.77406131644959,-80.53866593859773,-41.718026867529844,-61.84820457406913,-41.92889917117075,-79.12138229682537,-11.589401206497987,-8.121382374264066,-32.040758103419094,-38.5383562120162,-51.20986409632827,-24.67841412683306
881,-93.56843055157977,-120.95715192591764,-104.42837836518264,-114.68771613320047,-47.654015358582875,-71.2176822871341,-41.62319639575479,-72.53023819004916,-19.820248523117886,-13.367437233627278,-65.68424942956335,-34.986963249405925,-45.63440774265257,-3.6855423926285638
882,-101.66482896477952,-124.18584213088852,-115.22679706335231,-127.09514541519349,-63.69607880378961,-74.05212121459965,-39.74395883914913,-62.6987015530143,-20.58800259232889,-25.2442571512967,-79.63829582061467,-36.25739535133606,-47.75429798071204,-6.564197193471769
883,-69.4004851749625,-83.95453104261688,-90.63609804781963,-106.01098318872049,-50.378554947475905,-50.923317217562655,-28.880920039448934,-42.96782659458377,-16.938132539559657,-3.2526181915801478,-79.65859040973689,-29.790494233917386,-42.33152519956041,-7.238916020872979
884,-48.11198852561121,-59.62269604546053,-70.184306804288,-70.6811041158261,-34.28739831920042,-24.547720638035255,-2.483558817929982,-14.873664508852608,-6.568548981697859,-1.837544030060407,-49.15562961971968,-6.4825183654950145,-20.337185996781045,-4.329647524519404
885,-56.65315342554108,-65.5885667605703,-42.34013749091253,-53.82028324858203,-33.06424264264899,-31.938172901722634,-26.39315526654671,-34.59712464845334,-24.19847794059977,-3.8095028748495317,-59.67377700884159,-24.426016881950247,-44.59084159704116,-11.490759383973144
886,-13.219602694374398,-31.575034717758406,-9.691961739851532,-2.941529209399643,-10.172110176692923,-17.8355620975236,-14.052161439202276,-1.85543146460128,-27.24651653467771,-15.586552185260746,-58.8060262019732,-27.696924063777818,-56.33194237315643,-13.610717142464772
887,4.049752412762542,-0.22275150836950175,8.309546384885643,21.901226742504697,10.736476248238391,4.304462336610873,11.351784335581742,16.531532308182786,-24.386534178577676,-1.8546633578640557,-18.315855018437432,8.36615700932861,-40.55937070562291,21.56610293259955
888,-46.30215654501497,-62.18250856419681,-37.98553068600861,-32.61776873553934,-22.426363868587345,-25.612062755304986,-33.98956339058342,-42.726751689542326,-23.54223405936799,-7.883629533751933,-21.788744869278087,8.87900730679664,-49.817001242591836,-3.998030106649822
889,-17.116800054700587,-36.92035161177207,-9.42395508932245,-32.07619117518555,-5.195325073793829,-18.302395024642685,-40.341853751459915,-48.195239090318765,-18.289951125678076,6.3719330668926615,-10.589641595679538,27.021639835262576,-37.51702911198908,22.467333577103805
890,-5.343511771028947,-22.508906053760974,0.38671748014897595,-13.069273189415677,-7.036349681191624,-11.946448612446988,-42.76744547896431,-30.428526475569782,0.17575842592558746,11.850038490505247,-5.993795044101139,40.399602166427144,-31.513464206551312,31.58478365011887
891,17.189195824259343,17.709975259898012,-0.822143524217536,-13.708299345782551,-25.285316191234333,-5.085221846230157,-54.20372107406433,-30.88896881481272,0.12335891038145046,25.08671014511878,-7.436125139770832,69.00051734843622,-17.212247183441963,67.54855602278641
892,-29.667425493407475,-20.00145480084741,-6.139202452794742,-3.715746143602775,-37.17033941888967,-12.671825242309987,-53.72563804830869,-37.72279761087716,-12.180708116946105,12.171336292175214,-48.68561058810805,45.25760382040926,-22.10505532282241,50.93166579217885
893,-105.27123045843668,-95.04467247684379,-34.804411264377414,-21.284717720153488,-66.95693776140386,-27.032763928650407,-60.97350270634848,-34.994559444444064,-8.704088624430806,6.594013455148984,-90.05150867872626,50.99175264324893,-40.756389195954576,40.92293316120962
894,-86.92123996629596,-94.91727011257841,-29.15600207994902,-35.03588311327921,-42.40454314587412,-20.96937222449804,-45.504219122417915,-39.44532390785771,-6.1655726573113325,-5.914032313808659,-86.76409773402733,-0.9389281529162127,-44.82746531200302,-8.751929109150113
895,-80.80159259940757,-88.82453488395987,23.04915584737184,17.321403376800276,-19.146285885692826,-5.990571496998792,-13.579990546968176,-10.157886751241296,-25.9336786834216,-10.548712709805969,-127.95393889981489,-14.392001748183437,-69.0384918266103,-23.164953383296197
896,-33.804773171474544,-33.612433484674455,54.776316523652916,62.27407184682475,5.380852089826521,26.111590227247483,13.388738552881234,55.55443045674538,-19.1550492971312,-9.794660830010837,-115.51551135009132,-10.355968495661687,-57.206519722675985,-15.560419610413026
897,28.499817692865925,26.60501392307338,73.79148174636916,74.51334260730813,18.989821442294637,21.977119828560344,36.21115123050033,72.68243531542383,-21.083836936855437,13.292319511899862,-112.70207492304698,4.695007963017621,-38.13369188966619,9.80936641442404
898,104.16082041610485,101.27573396057929,108.98056736646085,107.52523516352005,56.6361555856774,47.7790317199107,68.02711381585185,88.95503011835574,-20.073805597120746,10.14056061183693,-75.1055867135941,19.715385309498952,-16.309212875683237,28.282698371392836
899,153.5507736555971,152.87987508203977,99.94772813872292,82.24067056933949,61.927169230689174,39.05818831277743,53.34454869322114,86.04511082126521,-0.6737061649219029,20.37683086440029,-34.84314381304996,30.56253617624077,-2.896206346532566,45.32990503203829
900,-10.143717718611514,-8.96521187360447,-48.036951335901875,-71.70998031650356,-12.263027404782388,-16.15113111649095,-40.601294302429885,-68.4787877885562,5.517019767699143,14.070725744951837,48.93607097932006,115.38828177363312,2.0672712294611673,20.84766068461405
901,-14.502661951195758,-20.009720152822595,-42.087232507920916,-56.23498974615786,-2.9105170443911663,-6.800501603923231,-30.855606487568487,-53.1538991268073,15.218653350019137,1.6635431284034579,80.84906488550463,114.15909827918752,26.17489038252607,41.09970476124138
902,14.275111622439868,-8.69792474458696,-31.9541692810441,-42.63257250367991,-0.9832493988557454,-23.233563330606973,-16.847965873129805,-37.7684008439418,17.476736654030574,4.641376723170687,75.19244502136993,97.90421596542222,38.20504217295793,61.2059778280344
903,21.72427887975024,6.951097109638307,-45.54544908204645,-39.36806304746005,15.627183120015136,-1.9978033548193739,-0.6618333781757454,-7.989003058036474,28.401473724617556,17.084962993989087,55.492435399677845,82.07879796199087,45.88179912487337,74.39987714728635
904,44.403510476177594,38.20184009901794,-8.211764882101383,-8.020013298744624,45.85589991696836,42.282022118938926,19.49074034112448,28.230187484909102,9.489536059188543,27.308242431164263,68.05906479916666,105.54540674613392,62.52064084864056,87.55524574396732
905,11.586264619717854,4.135918844540039,-23.24572407707815,-14.463036456490272,12.90493388812607,36.779337126809146,2.4935701481621453,13.573554103793393,8.089986783289971,2.995903672969586,59.36013585341979,104.15214170105112,54.64117301416741,94.83189893168779
906,-17.48229041706821,-4.5306241703923,-24.16857590255079,-29.614904498923362,-4.643703866727905,22.973433248983433,-9.104343443902348,3.376926086250799,20.385163352504254,23.587890942024124,53.988913596254285,87.77020716686512,65.09131820261034,98.73242308422027
907,-11.51329488382134,5.641789967869517,-9.371201077911264,-19.582132522713113,-9.77591463746084,40.562543541758146,-8.76514232288255,6.57034143019218,27.600890061438665,8.586182663436395,31.01895899351658,88.78138297542914,50.69644819791028,78.13494556893524
908,15.146445630901086,25.940365662816205,5.61516313526104,9.854156358435226,4.878792207136927,31.553958024627956,6.385245512048983,19.66525375318394,11.697958163729988,1.7285433805661703,22.4273532858128,78.67893619998533,27.643653819732926,43.862018416365075
909,10.676977553068191,21.59005846780017,18.24301323490332,15.116306555835184,34.8896286783706,33.814852658994496,42.949489763707064,45.83130695557078,-3.931688682753182,-18.727709725421054,4.856950112293086,64.02537887286675,-19.15618301776811,8.478787959889097
910,18.3811733408603,28.479530278879025,18.22565119176263,21.950638192871864,43.61454904652944,34.600113950412016,65.68278495225893,67.86358216696202,-6.87153797477023,1.258125711745702,10.521921245795813,54.697168023732985,-39.60457238270989,0.926039072622313
911,20.41221950117187,33.49749453410401,31.562808832548345,36.4132343810466,68.7844711268724,57.21762727417953,83.14289266922778,91.1585892472726,-10.051554839624615,-2.780362993641587,22.122364365932476,44.88835230512656,-39.49880577849751,-3.825484345179889
912,-21.054932802232386,-2.060862020150335,11.1998490848976,20.221165102634288,44.54886436733602,46.815947588559574,54.88065943912225,67.85968714809478,-5.1914981379708225,-3.132029258498573,26.85733691572022,37.27459027769842,-22.17613647474538,5.221929853655419
913,-46.417488898958375,-28.369475651554964,-2.641977776868799,11.06582663680838,27.056836059063343,21.45663946624077,43.38392201547372,39.800744676174915,13.309793275845351,-5.76821666765701,40.177344688292514,23.260457564018186,2.5890959666608717,-13.797706527968414
914,-33.283715562838765,-18.13603588365096,7.287567272816098,12.536279518672924,39.48282868830082,26.901657367393568,41.3879751767946,32.892511638603715,8.087900451998761,-2.9649603433391247,57.48968320989033,22.773142140850936,17.11114634774243,-12.72782158691649
915,-5.085559549670675,4.061394642628606,27.931877526912952,40.41466440860538,47.61290197497068,31.104083107481113,36.79260835747109,44.86637932587617,28.140375462835095,2.7057542582355025,28.647845829275386,12.552528920720487,18.697378605244754,8.148483721410939
916,-21.29908537727733,-12.624871987363562,23.661420095864358,27.847579944011255,16.167716351188343,2.1394441551702634,10.616891845178115,14.368730549198464,5.186985422117339,20.16443276701558,7.60830108569974,-7.990855703990413,0.9317559125856949,24.310945056327682
917,-36.439591460087975,-24.66451977652968,15.861432907010345,13.845606616190432,2.978530284954757,2.0657465211037005,-3.8241491068272806,7.452445435975321,1.829960487853178,16.79198270231271,-28.628074174744068,-19.655534392996092,1.2839938066571774,52.187156855963856
918,-36.282943499219876,-29.03605577187423,3.5043802752405853,-12.847150362826355,-9.04530961763417,-6.680324186101659,-11.535751062872865,-4.48301510425205,0.8918443408151582,30.35575827357796,-40.25290959982748,-4.022814657815161,-6.045940790860984,69.00591317334619
919,-21.2128265713129,-7.565609253588638,18.080111752482072,5.450482985803017,10.447411113598408,13.03209715756339,6.513236756365062,15.292801505814433,-19.02333757659036,22.84631690888287,-24.28217376026156,-2.2671760782269166,-9.269003384179722,55.84657605780244
920,7.709747703492228,13.088004577630745,8.372984626514315,3.2988551235190107,3.8864413493320806,7.325398580360424,-10.69157980973807,5.79046391141232,15.811908106313162,16.469861197959123,-9.637868609285668,-35.31798748141887,14.295570091304539,40.895621109870234
921,35.24184490519477,33.9822982844779,1.3620460521001772,-4.688371292872837,7.364915035358643,24.430081005040098,-19.38052999603493,6.055827214097548,22.873978515411167,12.700730249442323,-24.87207601630303,-35.28181515513891,20.525724658861858,24.081527726113112
922,55.77360205934258,68.1924603441962,33.03156728331554,41.71425486939821,33.38691265792876,51.11130979397463,4.31207227064433,29.882531831879277,26.932511309986634,23.146428629536935,5.514184959034285,-21.21632384056808,12.054954157745312,10.580016453419
923,15.54476555305441,16.715318634636322,25.504319893480268,28.791049473607927,5.827172682440169,23.648017718194772,0.04971486186531467,32.65938784441687,-15.28827772931601,-8.825206898893352,-28.572792186006623,-14.898963836149997,-53.40410409764111,-30.484609471593277
924,25.872941188993064,32.746514737062554,49.179803271657704,58.26279922235592,20.29525503400495,46.464593700672616,46.97833477654107,72.76021262397163,-33.00599183250617,-16.977294282254793,-29.301540078574835,29.566219960381446,-66.7105962530812,-31.593947625059112
925,53.24666982944571,62.45936783349571,128.80889323827645,122.6063835003421,58.57457280565467,77.43942869032955,105.29387067100095,119.68181319013686,-21.98444913830035,-6.119901942672799,43.83672836220732,100.28868784641867,-9.109801237043671,35.42796891544817
926,29.53137109666018,44.544414346989655,144.15270262677214,143.14242383193388,47.35537758985325,62.24129331905693,103.41656777158302,92.15759449285845,-26.667442587776815,-19.236520548382344,33.67868645317172,91.18924141212955,-15.894081573391608,26.760205817063653
927,12.845936379539706,26.568949298576317,82.25039154435918,76.69155805778175,9.688738585563014,5.426187018294489,49.84956156850888,28.57289457529118,-16.878538845459563,-31.612618617904097,21.24778977003105,27.17002908841952,-11.007283159883553,-17.00775537933681
928,33.882015362524164,45.79242372930345,54.14047502745325,58.603479936022055,25.02087881142686,26.525120776902494,47.999288328903255,24.977106018326094,-16.94012137061687,-17.038890043732557,33.483371973454325,-0.9450950679965021,3.8411140421623764,-35.66875088955579
929,15.318704052562838,26.416692773259314,18.772766963966063,36.79529943075433,17.30289246093315,25.49882584254463,19.1124169296468,26.44312099961142,-4.460364652069732,-17.740529039280187,7.2644129279943925,-40.475604649866746,-5.598735265529953,-69.330133652201
930,12.115675305278659,25.145058075980515,18.257798476529135,29.486149231677892,35.06336979000596,40.94935371826132,21.473434612282723,35.55121920416674,-18.556894359041724,-31.615769145758517,-14.15944501041613,-59.025052742632155,-27.629043211827653,-116.90677134125691
931,12.178683115051133,19.091940769411416,4.731482927149747,24.093952468932155,36.69912597625789,62.649641322371515,14.408432087848272,43.5144662489345,-36.218484328695,-42.94508698856403,-18.79340279445237,-44.249083311852736,-39.1851144081207,-106.22586536028894
932,41.032882923261226,39.82581073545555,50.657554626639694,47.00771280724729,44.486682436248124,61.57961671521854,54.052416343650805,75.90148285189888,-26.693821525465577,-31.348252013696705,20.91568900138066,-0.4550230805715232,-45.21122117752528,-84.60551584183403
933,31.12772904811973,25.063280785898954,39.29013530655667,42.50420001954904,22.128919418504648,36.6028569844393,62.912286257465276,86.10423619544487,-16.04711595269972,-25.118507620153242,28.011555755549026,28.456488788328087,-31.191922747579547,-43.032844679830184
934,40.35343096455452,38.53005981502256,43.13571257714887,50.746444370683044,20.658630751088396,15.9834323666754,70.60279996921157,74.50163859995887,-15.27356676934457,-11.023895813817127,41.57327517292525,37.26695041166842,-15.874593472864424,-12.279060894890847
935,54.4389773361585,51.420382159154045,40.98763081540057,49.523374835380295,25.339506038234997,18.370241631125456,59.954478129162034,57.69803643037541,-9.881184505232005,3.154036850550523,37.78767612648128,38.79268757860823,27.109195973363743,26.558635023724875
936,40.29959984098926,36.87261163503675,19.448118859791176,36.58536339379599,22.58595096577658,25.00551582642877,31.10672941748295,37.060663170788004,-6.631866458579085,-13.14668633408302,44.03452370783928,13.443562066778311,57.558286727963115,51.015589669805564
937,19.04100631769675,28.12955161362279,7.8129445011154255,14.176279535787408,27.552603288405496,32.712297470563286,21.806842217239105,27.412758118785973,4.540950033280283,9.112572673783585,32.99865974101209,-8.984858748294455,73.13667540261238,47.529447985672775
938,16.705798366960043,25.11171852778875,-4.340105398087233,-2.178498631738142,23.460489835167017,43.136825835999204,9.970202923174446,15.894728317741192,13.00452296528936,7.285465896083171,7.755390776676854,-19.754187960323332,65.73060152059408,41.26401105499289
939,6.83284957540145,20.68293678618226,-7.988250656373517,-7.544288063844409,30.59545332046659,41.60269533302487,8.104837955560072,20.757556796543746,8.767336327396702,37.37721277826111,10.532755307659366,-16.58081175195677,59.05483425824461,43.493555049272125
940,1.988603373486902,10.923414956682018,-17.922532384041496,-9.936769866452112,25.30122943893149,43.965578916681544,18.447855288836358,18.904482729493914,8.656901411973573,19.245209505608628,11.936178873683252,23.613425436774794,32.5953161825771,51.02415998272391
941,24.78166998847762,29.25667824642735,-12.246534810891065,-9.591837671469344,10.658145026377444,16.810649461131092,19.966500329339574,3.4813241170677487,15.364040083619514,19.522000664720792,-3.231823174608235,42.477606959408114,28.14951711643824,63.47543737235319
942,29.620961312765846,34.99236907631369,14.03265896351588,11.80889121658726,18.923176338092908,30.905035887250584,13.181355732711063,14.230296377971095,6.940842193047153,10.248641341914166,-18.821730963336506,34.21452958699563,15.929997298449742,46.44251021167341
943,-13.978625447774796,1.0287235859304915,-8.744766360408265,5.713215868530137,-13.326199333170713,22.947474918960616,-19.605474804421988,-9.891320061204114,-5.1545317386345175,23.707951260062615,-54.28102204695148,-2.3055629557517627,0.5712141679891473,40.44980292513044
944,-25.06081685372004,-2.9216610745550424,9.85065140370542,19.574628389464785,-17.994530959101116,13.451782879441433,-16.548757579323738,-19.01509679450459,-7.849238270811392,30.431732454252177,-86.65664888630802,-20.470222017908444,-19.90226809703229,12.989540051891623
945,-11.68262453139209,1.6553581330850458,21.369959110360313,17.088363114116735,-4.584864799062449,25.98774514546462,-25.117614813814846,-3.6968463057772567,-0.8200625085851106,13.699418083395024,-86.5937271119165,-27.33346888251086,-30.801827035666374,6.554863566761247
946,-52.15010530513338,-34.5781722289541,15.13617354260994,13.870968912797764,-13.05136095998821,-1.7976015875812474,-32.79477672015877,-23.675192351275975,-6.821729922783912,14.990558600426748,-92.76937727692145,-46.805865327076894,-41.9545268286896,-5.302378491737772
947,-29.43460577192281,-34.13792814910618,22.76631252261373,27.782300309249194,-28.031578951877254,-18.06248521259381,-10.06507760020803,-5.410984072672331,-0.9392573755688863,28.806947106367492,-77.5690555200993,-21.644723276978326,-40.084285367397314,14.700936445581794
948,-9.130291343796708,-12.94257597165075,17.801997943629228,7.627652462490444,-18.529869348100426,-18.716381220146864,-10.935566197010827,-26.44105428483749,8.848968550546513,27.468844514570936,-55.183422276308036,-25.662796439649462,-28.855257543477435,5.952526361756394
949,14.039229997338543,14.98752457808357,28.842949098967647,19.228377696187962,-8.45148270644839,-4.827945118338456,-6.802138070217522,-7.462970262299548,-10.310259931481264,-0.5795327202495884,-35.93339672901735,-23.1189584634192,-60.56628382793622,-20.492919058204446
950,2.8677282324430533,4.767335372929288,6.409629749366727,2.102742376860845,-16.79439155209231,-7.848606468986729,-31.054402156757412,-33.618768773036194,-6.93609078291415,-0.21997478642723411,-55.403240527896564,-49.64525046868482,-58.397126592741174,-30.4808598354526
951,-12.662024994475734,-16.24710155352959,15.726260698876608,4.0769269866934295,-18.0438913670595,-25.49987414273358,-24.57120116820727,-32.78542557779662,-2.4787310844540706,12.571245961550778,-36.61423357143747,-40.87769805520279,-23.859081952067452,-8.304333783410517
952,-15.974337020615975,-28.33624837176041,8.619165442893625,-4.988698814283209,-21.052492464947974,-22.95182208590004,-22.8682939657736,-22.021698389284477,11.772065092797726,5.072638503999281,-7.755775993245933,-31.08309023707603,6.888068928066297,6.3742654373737055
953,8.69842732788531,-20.767723467114322,-4.522223016086834,-7.646813331947284,-29.817357283893553,-42.13150569932644,-24.85283176704149,-44.06777761401882,8.128883056477912,10.86143026796227,-4.945101918667957,-40.45111769608565,11.62825244387032,-0.1315077441037347
954,17.118350441749865,-4.687070323644642,-17.30977285340812,-13.907848698535027,-23.190674835812036,-48.51070520626613,-30.78756076463772,-46.97526244863805,10.991885620894648,7.86834538673868,-14.652394086156834,-41.459726017426604,15.645048147568144,-6.74208133233139
955,33.15449564187099,-1.934287106291314,-12.726420998757861,-16.86966587110088,-23.990463466732475,-59.30919459608722,-8.30591905806543,-43.32801706194918,4.391961392399537,2.731631570182453,3.002594736939026,-37.06971489879403,36.43069364657365,-2.394262958128438
956,27.13662058355918,4.661168540533791,-20.901809189358662,-27.605359951871943,-25.477340512064266,-51.48451718721101,-4.421660123556821,-43.53941450606592,6.774538454087185,12.471452066518633,15.365352756080632,-12.371695628084886,32.64969773731708,-4.495602586056404
957,8.394009831295802,-8.55777074158964,-9.546428601350945,-23.218817896133373,-23.350979431524426,-38.95679774716272,-18.827190666480693,-41.79193026483129,6.894166416486027,2.9215538312575187,16.660616004907382,-1.5007680639107874,33.949495585674654,-0.6470278560849053
958,-19.577297382810073,-39.321626890896184,-13.297292461107395,-18.862640263328217,-31.99964026575551,-59.11280123742881,-26.72815707416841,-31.29943730490002,-1.1570351901231284,6.4375475181334405,5.717471143037637,-3.3077705204403296,23.041317423239054,-1.8559958518628044
959,-16.51369053094895,-40.17592574030906,-15.573621817516425,-19.044885922325662,-29.097236853074637,-48.50031662764686,-37.08593530820279,-31.781144836160443,-13.146985182524714,0.822921159944169,-8.252862669613254,-17.677523212929366,8.798319442181263,-4.229744613362725
960,-15.078475898568797,-34.106609717371576,-15.022493781656175,-28.764695992054357,-28.24211521137722,-49.83781088872265,-38.533454574492154,-36.42713529356966,-11.382187478049852,-17.902610755405973,-12.369800763065612,-32.078306483518276,-12.319261914526509,-25.363014915025307
961,-12.789871355880827,-28.31419562481984,-23.536147390430887,-34.36014478990413,-27.171939843611895,-47.91445305024006,-39.06071203733158,-58.7113361865475,-2.5070050752141566,4.271635840763812,-14.533749187514392,-30.729936808688194,-11.881650070202268,-8.23630916187958
962,-16.291042606503815,-26.53317013218227,-24.306116619223115,-32.41308876988623,-38.07676405763284,-55.47779750342632,-25.924790993133577,-50.83943604397787,3.448698923196277,-2.894900183468585,-5.309658707639867,-11.504199376752387,-9.978837568887043,-2.3198496946016096
963,-9.778359553851407,-34.66392167816496,-17.111918861967577,-39.381250682639035,-42.325521066048374,-62.58780450746807,-23.05277231369035,-44.56570959220049,2.0508539927794103,3.522214427164207,-26.059965036545933,5.372610741103688,-20.89053461883437,-0.3021793507095046
964,-35.26900426847589,-52.210058471889084,-24.92277219767077,-40.13402760583896,-43.51538174861785,-74.17198408180676,-42.082278118010585,-69.88239409849633,13.998810435193874,-2.1951875744337546,-8.48241833298287,2.4458557158490444,-15.558541684989203,12.981058822992447
965,-36.46006885619095,-49.84766445954994,-11.651485163904544,-15.834005391244043,-31.814361134162514,-51.70953856011857,-36.55754647706419,-47.68510687022538,9.30274868683074,2.938641521699798,12.018195046196823,-0.5355905109420378,5.146916012915944,10.099622638146537
966,-12.34144277862752,-26.538402412400597,-10.581543021082943,-8.866668514791533,-22.622474712379674,-34.92692174171195,-30.732764150438054,-27.58788133107847,22.19499706293094,6.708358359852345,4.88285019765534,-26.787586964965318,28.089995216657694,7.041452373836455
967,0.31827109958045796,-3.6826732152687973,-13.154161843701493,4.987519280080639,-9.11618895947465,-22.92843803099555,-22.65075049986714,-3.720779941263138,4.386174224841345,-2.426301778190976,4.7262565749044345,-44.81583494687878,11.820693060761666,-19.83526145965392
968,3.494442359640324,0.2812517090398021,-24.42893639170727,-5.2491892804676,-16.19461449292832,-29.632180469348878,-22.427063300338947,-14.060881535528207,-2.616128384485626,-3.5993029342299536,-2.8567378632037563,-73.40234574345256,7.362211678803781,-38.8491842310482
969,10.91063535645002,-10.833675234204666,-7.908247985301407,-8.934333703612145,-14.764715677610223,-46.3852612605511,-26.49737155774349,-22.21883254974988,-6.248782070681844,-17.794714879140024,-0.8534834919857319,-91.6389118164292,14.047726958007082,-55.41307936948318
970,17.305730982317243,0.9618756535235016,-13.512482620814831,-10.843349520187124,-15.813799917151762,-38.18575193923232,-27.498646957673625,-20.53918665727531,-3.9297449214700806,-28.75731567568011,-1.4253741814149135,-67.0326276382847,8.145809307227669,-59.7562931408939
971,4.928610995194706,-0.40144415066151096,-16.864160982845437,-20.98136369808564,-16.574273439922326,-30.802925303311458,-46.00079772421885,-41.78471271556549,3.363765817727034,-17.923394820188243,2.159955673542319,-64.80120689321596,17.837778913745804,-50.30573952034524
972,11.544160225492663,7.744667532163662,-15.432217284203887,-7.297537250027768,-4.768820602843738,-1.1703578370388092,-34.05723907911533,-32.786033844545685,8.250560739386158,-18.984930958582087,4.998329841319522,-44.084522836841785,13.490226777546505,-48.02693314770104
973,10.593891983437166,7.794123310495602,-33.285746004602004,-15.899492371385819,0.6698302998168076,15.935533805180102,-37.997698344394244,-23.611881329561278,9.20488033792321,-5.632863692207726,7.295072444676651,-24.655326922380134,27.369621682129157,-26.55423173013753
974,-15.073456105941514,-4.184240664577062,-18.637470915224252,-12.032880633097257,-2.292075719282809,10.212440978263286,-31.123463744160315,-18.309077212534422,7.230776360749172,2.2879773666974277,-5.8336555170385775,0.5617464820654052,4.900960557227692,-27.497366678488934
975,5.408223237937596,9.045633221204328,-23.2009816655525,-6.1530449755342875,-7.93917184784771,13.557513617579522,-30.664341270229766,-16.881517734588478,3.364796484069231,5.959123555445537,-10.185470391438317,-3.3217711030486132,10.433660113986585,-5.00349864954319
976,31.31368707142422,33.00050700389748,10.342677532935824,4.52610117234815,12.045076108102059,21.146814718516367,2.263675516619886,18.678533104999538,-0.6099638254072559,-15.437225325380119,-12.001499226906965,-4.4211500708381175,-2.676199339040087,1.6335897748720876
977,43.09967351256117,51.84117750013539,16.18112148433943,15.969746814341352,12.581868457842388,30.718993918980257,21.464037839072738,35.588858298902124,-6.310550230480215,2.2309140462376567,-6.4887071254885775,-7.466386253867897,-2.2078842606257356,-3.017379187937645
978,33.830479586013745,48.13570388127485,-0.49412260672546243,9.37989948658583,14.68582283230855,42.38105380552268,3.955145315786719,12.238546036872412,-2.231361465783808,-11.712702354716045,6.398464495094796,-21.205982218261287,30.813577863362106,-20.514482875496757
979,48.842606871930535,67.01287767443333,1.634666300767223,19.92938656364341,28.805089627652464,62.73008290007639,12.953039832132351,23.645231167320755,11.607330192207856,-16.37162893960133,14.293156992154707,-12.77439913321496,37.010557491176606,-25.750715451466945
980,25.12683548593572,46.027628846637725,-9.97296387185012,-7.7502770344120515,28.525783353980454,64.87832176134987,0.7758199362384939,5.505964739393513,2.212304226176981,-11.748955338858922,3.610223924612887,-23.929913834390618,39.460632069828684,-38.68807713375606
981,-6.138156362892128,16.55342629543518,7.004719527145387,9.790971220390736,12.384295444864346,58.179138033458344,-3.4958592065391536,37.372682330467875,-6.2103829917828755,-28.006499993582644,-28.779391912953983,-15.175835385890998,-6.835391839308997,-68.07265076129728
982,-16.6303449596132,12.759961064995018,23.572594005007655,23.60405194037516,8.936793724678912,70.96015286679928,16.014008764979494,52.52490215703468,-10.506335262891005,-34.89167722267723,-35.981555557910156,-0.10812289802437054,-21.802067178610006,-82.25798564980097
983,6.265440713516,26.588727322829392,12.295585323935432,19.305883723580155,21.05291987467311,65.08086529812708,26.711660333193173,46.36045529423755,-17.889687629774976,-23.445759771775553,-11.76114748080035,4.1819777543321015,-11.081397959197611,-69.97270272247151
984,28.981440901554308,34.173022128270766,10.603386957685577,13.75293337735158,20.077082480148455,38.21757352890529,25.37394241141438,31.78544049395619,-8.008854764085845,-24.24612698993908,-2.6996598620789274,0.2964992516606632,-13.24854326623853,-29.89165796945207
985,34.64553178784914,28.945884622255726,-6.369153312667778,-8.341657778698965,20.239439298077727,22.37579181410519,9.045272751752917,-3.7582769180412043,-1.9778234035749456,11.832418304221525,-5.772307576089206,-32.59232301075709,5.995526106318203,-11.616546548271742
986,-2.2418726749462428,0.2955455053122231,0.22381979526811188,-6.210213056528063,27.48880352523077,20.321346771942327,2.661523404134917,-15.553649352604285,-11.585653663209099,-17.401436240908993,-33.066970290959986,-51.472511693639305,-22.033486739279816,-30.647703071445427
987,-40.74988905607053,-43.96241902870771,-28.187097970001417,-48.71322463287223,-17.616720897837663,-46.95943878272765,-42.89606183078945,-62.62660535477188,-37.4203648770655,-31.267176866664773,-97.56446543898706,-85.45200295053597,-72.23661535650871,-70.57848974972192
988,-41.89456346304836,-42.63873151592738,-44.82311159259525,-55.40654417289718,-30.389342374640922,-41.22569018545896,-45.68689215069997,-67.07775347032187,-3.27338267985789,-4.811292241383463,-85.00606679321784,-52.48228953227332,-32.21499991019718,-30.967338586154906
989,-7.11434047608202,-11.0888001685603,-24.4631756918357,-35.11514938252108,14.499209110170938,-13.367816215306254,7.006954793853586,-23.821731355757507,-4.365610160638643,-6.278126959541156,-48.15159400739334,-26.067695159573447,-8.954366960059769,-34.36975372345333
990,12.667809307287508,5.318762191169485,-25.961405167841004,-19.46906740493567,15.473150013972543,8.210009223768877,15.670272211764198,-9.534259866294754,3.9791524154859848,1.0370083538770676,-13.29758538935219,-14.203415583993706,8.290755651651669,-20.413594542537325
991,39.59478201106257,31.54816293468245,-1.5012837694494845,-3.7171103496844564,17.709236526512576,-3.24689437824694,41.4963706257894,-6.200757747382828,22.451961157519737,-17.756986686253715,36.5375313390957,-9.117663359624652,15.906858078091489,-35.459276004045954
992,35.686617359018605,13.509312641011633,5.0783424290660895,11.376866806162916,12.301840465183643,-0.7115331668021356,13.759622695485263,-9.525834220263853,44.87651763361806,-11.677788412720782,28.83431696833109,-12.499213327406459,20.548114159828547,-28.41177732588351
993,3.994222629113676,-4.877066681167148,11.945701381379585,5.742980591310451,24.22699325631809,8.541277303045451,-1.4703598696669087,-3.4795475592184744,26.089299468923514,7.151164637480705,-5.550458697682682,-20.591875638887494,1.2688360929585831,-37.026226473578156
994,-8.424916889288584,-2.5640048698315208,2.6518523217744803,-0.7561446602749832,5.5400286230481015,25.511697465117493,1.4430261438936784,9.049940713313287,1.7179505293876456,-4.595451025298123,-41.229660352679325,-29.798744375341535,-42.570287214812076,-51.323307024655335
995,-16.501249539359186,-23.4469732744791,-10.607114731218958,-10.059499075237078,-14.433625575726557,6.179941907948553,-4.449010472130671,16.544252120568697,-31.463059041256372,-20.3808859670565,-85.40262856689174,-43.95834218138294,-89.50554809270085,-58.18190954633149
996,-32.189057338827965,-27.917352038921788,-2.4134527603603027,-18.368097670676953,-21.131896830704836,-14.680009300555925,-4.591506974425771,22.517346005162594,-55.32585726788786,-24.770654722269075,-74.48668895451209,-17.109171790900422,-117.75392242101887,-59.14231957322943
997,-4.248610145962309,-6.5031188541963285,-5.781029484714838,-36.31395500334638,-15.860802419965237,-35.081585001716135,14.540397925964141,9.21861044697972,-54.22296283480927,-16.074400176828775,-24.02357034734448,21.02522344793624,-94.56853218872267,-49.014189848842996
998,25.352724516081974,16.216295311069214,29.71444916363642,22.63469350033128,29.092771414598317,2.0264678756902503,44.88340958835179,32.26139125746415,-40.0428897818755,-21.45992982079859,28.607288919044414,62.24430758195561,-73.84560036310721,-32.17136161462512
999,29.313040356571207,24.238739202302217,90.50708245045321,91.80599731009093,36.92921607433906,42.03383628856868,63.297189917086726,87.01000960176492,-32.58709931255447,-3.195135426127015,20.734509504910072,73.92297280911141,-70.58600514880885,-11.40006410311134
1000,23.547390105728443,26.59714007837629,117.0077169358046,122.67384280493343,42.67222251013269,13.542987467020376,84.39359694463613,80.88443134453004,-39.57234923634863,-23.42568564424271,1.1315884342703617,24.857836652108055,-83.09263927590457,-56.04172554287186
1001,-25.606042637544263,-23.0367688810252,80.77913747870178,91.35832706450081,-8.103932698159682,-34.93920599763812,33.72700210886095,52.92135110903523,-33.208456174605566,-34.658038293464685,-22.853197341825645,-14.361254555562628,-80.52055414571663,-77.44253609472338
1002,-15.639587604320424,-27.381227382548005,74.22215147873379,96.5262512224604,-20.238027528797467,-46.854235852557444,27.585711026645885,41.69643293294925,-13.800089125344195,-18.209812136746624,12.841983301312162,-37.41251447875465,-30.636634639348646,-69.992130829712
1003,-0.7285814257318834,-25.743393796471814,79.05073502060353,100.09456332943532,-17.91516145866603,-48.6473192170542,22.435757961925166,26.52381961753329,4.127333875455165,-10.636931363872355,18.12341691386939,-39.54392733892322,2.2184931731221655,-46.06847694719203
1004,12.75954032081095,-18.92518863852638,50.970136011920566,69.16162574325078,-13.759628659684845,-41.315672470819216,7.397191634644369,-0.08677485107700136,0.4298474496167746,5.0862337451703405,32.71891868773654,-12.17875989373748,2.330023381534156,-10.786793651738414
1005,-3.229406831318253,-21.886022277807438,31.502625983793706,31.411733960197758,-3.181276798693914,-33.07238316971275,8.051952990933826,-1.0947438422617701,3.9899897577777117,0.740818911241282,11.578699508865826,14.66316455825211,-8.042537217904389,10.463798030398562
1006,-5.439397713606565,-18.9225884611151,37.25893167052493,18.752384489149975,20.54962542541908,-20.8560006241828,36.44087861392804,36.006826862504674,-30.69235707383213,-1.426778351333874,-0.059455092032365764,29.18089845548075,-42.55028616091174,15.329010449580824
1007,-9.823021887337298,-11.121229967855074,29.650942880358638,11.14634740030454,21.993120790865007,-3.545497600937607,41.91481695444417,42.90606093526079,-43.95387791163256,4.432730366274925,-22.021338432435353,39.994332720960244,-69.44152873941503,23.29236232500857
1008,-13.191644717858445,-9.192039619864104,16.884169372264306,6.933682155067757,3.533689159909187,-4.638215528508332,29.458100063058314,42.20721600718723,-40.92875266795854,7.279798964494915,-8.316386953284729,46.30182648069116,-69.81148474376818,18.586709224010395
1009,12.699451520844377,4.201201501693246,-7.79569375711879,-7.098796617776801,-20.42689602872411,-4.446005144303454,7.793677777016126,14.9590061712131,-19.433315478072135,16.786330658320637,21.457776129330266,46.6855725184791,-30.3243714579267,37.65468534740705
1010,6.093187534660313,0.6874471742576489,-17.410825463216725,-15.838991722421644,-31.7574007829015,-36.596836819304066,-22.053321911389254,-28.753659383062626,-13.964233642612006,17.184351539162158,3.6278604625965443,28.222047950885376,-22.22526943420328,36.11305552751301
1011,8.918654651006895,-12.446957794762955,-18.27533899240341,-17.76788739473791,-28.042842554767798,-44.72358696371007,-31.597428344566485,-35.17860467924582,-21.959969433549038,6.945383399553343,-8.066840647739797,31.540083061818805,-3.0831015928460936,46.36686491039221
1012,26.626111375443045,0.9107232920394193,-27.087230634182045,-39.1952463756555,-18.16834056160855,-36.194714034850314,-43.45436228089471,-52.636070066141016,3.2722604135429925,12.581725064670099,7.484444679200534,28.44114870574828,29.51113784858526,67.68924798625767
1013,19.338922962328535,6.398644440891831,-13.621848612885827,-31.17259779054773,-6.002001663479109,-26.572915462392018,-30.09892528363204,-41.27594108586007,6.965194875582658,26.652159114202927,23.41462858316561,46.44307762513374,39.78370888565031,70.54074097286356
1014,8.520412550794282,5.944070827215224,-37.94290632637938,-52.348947858996205,-20.542554688031565,1.022847578390896,-49.36895819424218,-52.24428662209524,0.3488818740267341,23.922657463253827,0.13415564174821348,65.08685467119774,42.49323875417134,91.21696198333235
1015,9.831892662802476,-3.4310727227389073,-34.16767242862769,-44.691508281246364,-3.5137224189414855,18.570570334405595,-47.45867858699554,-36.58596052536268,4.770069832449673,12.639882063626716,28.131985335539127,96.4958414167382,31.64029514435479,91.32226011676579
1016,3.1933027309520208,1.894414201863011,-36.085417826087436,-55.63153410641441,-8.985329887166067,21.85021790979787,-52.366093510300765,-52.409156137059895,-6.802990303723291,36.32603272786222,16.92482112382135,92.37445013261583,30.724293338387216,97.95359508499155
1017,-8.972319016786805,-0.4848687224182111,-7.769214593686487,-20.68966067937384,-6.126306537932401,41.45505345347812,-39.07202958368259,-21.450612725952606,-7.31469864476939,28.92122261032312,10.415379781286887,112.89831655123523,-12.252520388873755,69.44771420634586
1018,-7.049286200536004,-6.626539042946309,-17.040292991541605,-14.789027978831284,-20.969735382374253,27.66558445114625,-41.535606165746195,-26.911460110080316,-24.074815349923984,16.94588409027041,-20.69892083023937,106.91299768694587,-16.052339733386862,77.52029481807315
1019,-6.523713312953267,-0.26427844283607316,-13.26027015206806,-13.165450753334698,-22.17117899098328,18.698952568951636,-42.6185561667397,-16.76657293796503,-5.720949883930466,21.368454225297544,-17.397617020264793,78.86813849379044,-20.2826707248531,64.91031730464155
1020,-8.510598634797462,-7.071886194111741,-27.843096119977428,-37.61114847084454,-26.438559648871003,-0.09231630101538205,-50.55716704048836,-43.8319267848094,-2.843081977113595,30.823355726001903,-24.451879496842494,8.049208780964145,-0.47000835764339044,46.335317403892866
1021,10.044773477257865,5.493242511177516,-11.457320392986807,-10.255022443670143,-20.72438997205614,-20.307747706959532,-19.256235883159665,-18.15453770167083,-8.338884337263208,12.139119990245645,-26.273099514841654,-30.84390270252618,-15.633198085220746,-8.972002765861856
1022,13.047497637489183,13.042934508043317,-13.905999313321047,-20.45725057687818,-32.90791062941108,-31.32613651929507,-28.09810121309903,-27.32660200979604,3.392929930845927,11.209145040834319,-17.430902145664277,-61.69088485760733,1.8402529437753707,-23.033605443332156
1023,20.28036509915046,5.941630954773112,-0.17262265979128966,-9.915411681536991,-12.36635998907119,-29.068796140716277,1.9255416365154088,-7.697929208414687,5.131174365361123,2.6029792779261145,-2.9313229997820045,-36.86466560861609,13.278681091544446,-34.38046752678303
1024,17.58084563486329,-1.5849151564365673,-4.6723013657599815,-9.358827040438594,-4.596498464457319,-33.80084040968649,-0.13214131389561423,-4.038399664856206,18.289614586743145,6.911055007799272,-8.42782902389538,-39.3517083709137,18.204151247786942,-30.37947191645375
1025,10.997318500787076,-3.796367238166763,6.278280141988603,0.7695067600849952,13.505915762577358,-20.549084700939485,27.415827570273215,8.63839803188973,15.183707447408734,12.260804385656753,22.322883503681375,-16.3072069636211,28.818886276564573,-13.044781867105092
1026,-14.087802234379396,-15.558973108521561,5.635943951534692,2.559518105898401,0.25863945566396285,-14.475786263495294,14.853165415078644,25.187818330801736,10.20719173063367,1.6340272686458657,31.30751589285566,10.36510371392535,22.472890312131554,3.9246043165735074
1027,-6.754388215203471,-14.084203196091568,-1.2918810939033252,-3.5091189323424503,6.11464385343887,-6.0239868717108225,6.999297186546481,11.421589630592235,15.358773728511414,-4.142762108016659,57.11409387955461,18.73468699455903,12.123631298312194,-16.15929016058042
1028,-20.08514202662935,-25.12331071830865,12.5584888953455,6.392275796917613,8.078891230202046,-16.590329428414226,-0.3627308358821329,10.34707954433799,16.772024158857835,-11.083466177829141,32.98990266852698,-11.212338557941239,-4.3497008076294845,-41.12863585915221
1029,-21.572816583261254,-13.22817713309046,11.847535300810534,3.790862897444941,7.345655309259431,-13.625980661202115,-17.912188456574516,3.2313066776305903,3.521078538215232,-24.046850542860657,13.817949681592856,-32.508565684282445,-21.9019536196512,-64.82053970235208
1030,6.410015557395843,-3.158431110863915,0.5339756307163004,-1.7935816167096252,-13.440370179585317,-30.86806254693617,-22.943904145853985,-19.74202661986647,10.390026769586642,-29.038351648422882,-17.223855627458928,-54.50908254943275,-25.849026959253003,-91.47012588085543
1031,28.71585089422931,22.8317761478761,-16.276165179333272,-16.12924329615142,-26.48056763311204,-35.59029328494424,-16.7579662471922,-25.655466742079774,20.449771674702045,-13.333765466914574,-21.339339957754987,-33.220644200757036,-16.699745328631494,-68.48245405696174
1032,87.32518860858899,65.37513309424727,32.92199670561017,37.412604238215756,19.430633986589356,-19.037462337886037,-2.7897926005794695,-9.52098932601609,17.189202094806213,-9.066291015876917,2.29513104170025,-23.223170490429872,-9.915669831271867,-54.890941795838145
1033,66.00953359216481,52.48203292755305,137.8035301168692,131.60890495879323,48.38704715286823,22.52600503998777,52.1536523077437,54.945226302114506,11.521118040685606,-8.02422741089209,16.751531379497226,-18.89502197358831,-1.6995789337013414,-34.434367504106035
1034,26.49440423749108,15.48233277082715,138.3544431507789,135.40696064352034,31.094074309027093,12.852772595776228,57.593016253601874,63.95124848588337,4.672544313707448,-14.96454646101445,-8.922995555372136,-19.941526257112194,-47.84212566904941,-61.479835091708125
1035,-1.5684977855527689,-6.224758407543824,98.12970912289978,106.29770948798226,-14.479517975134714,-25.04822444486931,28.28898851600496,39.83457926265389,-0.6261141228902645,-6.3123303932374775,-69.05375363795177,-57.03144603181718,-47.35135246162763,-43.508303384530656
1036,-32.72807005544629,-36.259192942712716,53.85443576034837,77.06798857135504,-50.92513222072776,-51.57678021092222,-2.249489944928704,7.791921596758137,4.313148129144601,-20.35660755315475,-63.49348415015812,-63.899952220597,-32.731503990344166,-36.5733464581699
1037,-15.153171885289302,-14.611362099570927,26.559248254034824,52.44917283723146,-36.75782675050978,-23.792018573800743,-2.9080025031874115,7.668745415523877,16.187081713093576,-2.1902437902791814,-6.1858134284236055,-29.582802984506973,-8.713909687242491,-22.298264157823763
1038,-7.630328716168309,-12.060709704968508,-33.61333118764842,-2.0507576964309404,-43.63032660863309,-22.73237283289192,-43.84078788567125,-43.975580917353376,23.740396768254328,-22.790597503493146,9.556275411793159,-26.485041354032894,32.489115228280646,-7.318421484433739
1039,10.115552727753307,1.380640117319182,-4.030912712047443,8.199942712885273,-5.1789315173515345,-5.466036371879666,-18.991013111342482,-22.69231129526422,36.320764718062776,14.656125205750108,23.85999905674231,-21.181488404258705,34.74411514512086,-3.9743368948171396
1040,7.241129158412562,7.118798122257144,-20.315670334836195,-16.866253664045733,-2.477577234735967,14.699356735280716,-23.42412087644779,-26.035256106489506,40.92268100441765,8.523943729367792,9.19436742900841,-14.806629733480523,39.799483046385646,10.850379932526367
1041,22.77067999020681,22.553871787963185,-33.094946158373816,-27.180130673493682,14.222384852721557,19.70358961511868,-16.866135024241764,-2.959067569157566,43.41801374575537,15.967842492817024,44.810120929125986,-7.562611590142536,52.16222138270995,9.709959187192846
1042,30.124575532791823,25.761927812884267,4.343815518087664,2.4128959760387647,21.04847823655532,22.92997080985384,14.832723851337411,7.761653558234177,35.187347955380964,16.310984177813122,78.69055266807612,15.90289965957749,53.43234255574878,29.1966880848452
1043,16.407013291587848,20.614131727045503,-18.782344312645765,-6.296190400339748,18.00418920346462,21.03841146713109,-5.035414436140591,-20.061460054614617,29.727716602343452,27.269024993733353,62.56894038874293,-1.2673057160096401,54.13424885393327,24.55782344542831
1044,12.507475946086842,16.236922945951285,2.959275617080847,-3.8478633100897595,31.68572559959458,13.862297766990405,21.172014408663873,-10.998598131606428,35.41616472374505,13.117306267598671,87.15231632208288,18.735404344087236,31.0570964243446,-6.7662598766663145
1045,9.459412132536947,20.189022899016415,-11.550655271535225,-14.564025104663015,39.49006525647739,36.94418330130556,9.059637885165813,-25.09510379294156,37.247610719122605,17.171706654232942,76.62600075045447,10.53503617757837,46.03347809798045,12.55247934472185
1046,-9.261351931391983,15.61537191367367,-14.441267555677896,-13.104786205847475,47.261827800248696,44.98689862091657,7.086394088543928,-20.461822145029686,39.05829143851574,16.50924194339221,70.53626230504112,22.63514573684767,32.09225009476481,15.963084237212662
1047,17.551254861654684,47.881139590380776,11.106177232702045,-1.4520078970585923,55.942071817762674,72.89032124124454,1.515710072873288,-1.6589628633775781,30.888472825896212,30.671596267999185,44.71722514857083,38.478988697927505,18.02556756486495,23.51677518506472
1048,23.757461021201276,39.90266907773935,-20.070826031480834,-15.025930532601869,32.78327171223486,74.17201147791025,-20.46330024149768,-20.23323608099555,29.357625472689808,19.479256807687932,27.834514246919454,52.31728769383584,48.83894901180978,40.76204587310696
1049,22.06508049865192,43.77480504473924,5.528603719075188,28.81994241928593,28.381860767165417,49.769829189089364,8.852348260373775,13.817845492656796,18.32883716325053,4.922415691516778,16.733316894113013,55.53856772235795,41.58089127887884,20.44734197519775
1050,13.339712174681386,27.112149612437705,-27.353820514838986,-15.128191135987354,7.082345798162012,22.86662194755976,-9.520572019195146,-15.90610326432871,22.606550003978555,-2.697508465378868,5.937303279245951,25.232001827532315,59.74299318533386,20.266489720342005
1051,3.7026527091413146,13.07816068800888,-21.310099320800564,-6.951888286523029,0.9589273190750127,-9.506519124268708,-12.000757941431806,-28.15388308181963,17.93611041844285,7.734791593265685,-16.983213148404474,4.941822454754098,33.48653584171983,4.441804518235646
1052,3.8820239326967516,10.133643174127828,-42.308493540244605,-38.7654611124468,-21.53673827026374,-15.762195126698206,-36.26576143593917,-41.503700148221654,-3.4397310447650202,-11.037253957403607,-31.43294835840878,-10.016405513151604,-9.44601229014361,-22.678928331166592
1053,-15.187959098712058,-8.190589287421492,-62.13058183215603,-61.28140995712752,-31.87239422992524,-15.671163372962244,-47.89073885640994,-59.31369525366307,-13.144578272087145,-25.153020503995954,-53.89331082687262,-50.03757264859684,-34.2863129516988,-41.80411335539152
1054,5.071651831213327,8.910430057556578,-20.497687615246974,-26.475684791374743,-4.063333251152132,27.448190650306717,-17.91185322893812,-2.6608050761077378,-27.837168135327232,-29.675827244475023,-48.08805910441302,-43.106362624316944,-63.9199622908441,-64.28591121721693
1055,-5.9175821785098,10.8310682134605,-27.04512595931315,-27.441470967654755,1.4120531300362344,29.41112515427874,-16.004788194717825,1.0977912155447485,-61.1253154869207,-36.69318281406407,-68.54643876025023,-39.02215852755229,-93.61649852002382,-75.04277119225732
1056,-12.183393763670415,0.16991548589652172,-9.850124884617628,-23.526089574659956,2.843346469349542,27.964405782248043,-8.116718078551234,12.50540485090821,-55.746762480721976,-27.217473863322994,-76.98598991014856,-21.60628618647078,-115.3305679263305,-62.438800226243934
1057,-17.437854935905236,-14.419170631947912,-25.00620845577456,-31.902131368042998,-22.299285702400898,2.9188380238551415,-29.73812123012942,-0.6204525555237496,-29.65214616218239,-20.860512841351152,-71.8309679137406,-7.878241380139098,-74.76483988918258,-9.81080378050379
1058,-8.887416801207014,-10.459463836568197,-14.763573667159683,-20.870586192154562,-30.67258239493729,-21.14663265778045,-20.3056710848965,-15.617202963088417,-27.232479103251446,-9.63794331072586,-56.560026113665415,11.862048762639773,-61.544519731643454,4.229797429868288
1059,-6.56807154317016,-23.502721312112474,-20.84721165800543,-33.530222383059936,-41.93087652000447,-30.24070970752288,-27.228922862759962,-21.936975594958117,-9.333738486023545,5.9794975612063626,-53.40495908542215,22.757152677912977,-51.19351231473078,20.55322333019736
1060,-27.81863360074563,-48.658539093579,-44.70133133031374,-68.3402699112651,-48.46031942716614,-44.02822419312074,-38.56268397403695,-52.87731351123432,-19.86996938386575,-14.256490867398384,-56.92217833894075,15.265729983340252,-53.33347826488195,13.596582472529674
1061,-15.60486550189078,-26.95453551919153,-18.87498716842926,-45.292025709355244,-26.515685224158712,-33.64415212878542,-33.74083671838139,-55.42727507305219,-26.660048093310138,-17.793965169813525,-35.005737744368716,19.78591257326371,-68.01522600870156,-13.684569130185396
1062,-16.18767190600366,-13.922226574899225,-30.601375307515738,-37.307451302894194,-36.69897448443445,-13.851150607386634,-40.13281039084804,-44.86897864691329,-36.94067757017571,-17.32922988382679,-21.653598658722686,19.94304633536381,-67.64538538118387,-18.75602052062045
1063,-8.277452621346722,-0.010875480375048596,-24.79886219696741,-26.141230152491232,-27.7471600464117,-14.17426976989634,-28.637350537252036,-3.4900591974164152,-43.78318798862517,-16.75906871099172,-24.378892594655255,7.353525996021364,-81.98939598076764,-44.601421093709185
1064,-36.91724926382051,-27.05693589326085,-37.613277867701036,-31.31536600769627,-36.02113428850065,-25.34631794622208,-10.318075227322614,7.460068635381036,-47.121916809720005,-2.328475101934872,-50.13390325898436,-8.753569817421727,-78.39114367072408,-40.739922365472424
1065,-27.77003131487788,-39.08449375528216,-28.177843923035315,-24.486453790732643,-9.11567402793381,-25.603779028434445,8.013090313311322,18.243127718773728,-37.30210271060196,-31.67514820544431,0.16329210805326255,-28.48898252421894,-46.31922641896759,-52.524888774009945
1066,-15.583151885562911,-20.201322572021077,-29.501077230051013,-20.555886820740636,-22.067407364239845,-33.95435845365032,10.124129197359656,16.620425405289804,-30.539798441335183,-6.4717380614130855,11.526566675936516,-51.648963186384385,-21.498442236858732,-44.84022978161093
1067,-0.6066926317227165,-15.440249097796029,-14.436083809075413,1.9399046435689171,-9.131595420432081,-40.45582260705529,23.889078303623567,26.36449821150847,-31.48947345257336,-27.536266697132707,14.381072939843607,-32.1954960650491,-41.31672674476731,-64.0274359907227
1068,11.634236162611334,1.538627034866289,-25.46529930061706,-12.705801448920937,-6.154148181211982,-22.00964459123471,41.96593507788678,34.433763314899025,-16.38035278110309,-23.12566338625931,-3.673641873565382,-18.632696084298825,-53.1942335361294,-56.11568564193064
1069,13.386512609876045,6.192595726027029,-25.309061953422326,-19.49441398476473,-1.9545046837508848,-23.56644505679954,19.375786849858958,4.759641223481854,-21.892815208365448,1.4402688522621359,-18.751464516477327,-16.068918800799242,-42.96023543002217,-41.422517445336254
1070,-25.22068552235344,-19.68034386690404,-21.85275525800544,-23.828247118372868,-16.824876373540764,-32.39601361421491,-10.89245553829869,-5.318747373100304,-25.6802498549649,8.706650858298834,-50.59830914128007,-26.91010863539341,-48.95112750777949,-17.62983171755714
1071,-35.93975151336225,-18.079577874652504,-30.06041079871213,-38.226711931621836,-21.67999414090351,-32.315974452933716,-25.8650762506414,-25.8332595567341,-26.394860961876756,15.790324624500158,-50.377334983996796,-50.97102149790432,-26.566605714043607,0.5274269957365451
1072,-40.74785609148441,-27.955034882918273,-24.880576447352198,-41.38016521451037,-23.741914574703436,-39.8186331884192,-23.48007713649007,-23.53879856604005,-21.193372678471963,21.704909163935326,-30.404301545055628,-61.931962749248605,-2.572593185630021,11.688939301610501
1073,-20.629226083790027,-14.072678289108538,-18.142019185002304,-23.066227741119476,-5.766341619923779,-27.56977650154903,-9.39152207339047,-18.47941121846905,-6.188630251285548,-4.381365820781973,-6.380918978792806,-63.58741871387584,28.032533083475737,12.904913820512723
1074,-46.456619008618006,-38.13906214302217,-14.605405367871489,-9.038173332221236,-20.58192413447713,-45.29362687855852,-12.906016277981488,-19.824927833155982,8.743073142107987,3.6468851876207156,-5.746137339789124,-61.66530329595605,36.960887396547086,8.057109079384878
1075,-50.317589245841425,-45.36024648098548,-5.560646274684108,-5.661666133074112,-33.53220636209153,-56.68568606307158,-30.073194560453675,-35.548513623978025,22.114256161431086,4.979991421899551,-1.5288097976818147,-40.76838345511807,46.10655989446481,23.091829576192033
1076,-48.46263825823035,-40.65552145899787,-6.476688758581278,-6.71246734485929,-25.007668628073144,-43.632944673297324,-25.11631655046903,-30.434893761197692,28.482425753945638,-7.777940826113328,-9.12206791699497,-28.4471325292868,44.849526664794375,30.98037854840412
1077,-35.90616896792046,-26.640167847691444,-18.11240519514802,-7.8254261914212035,-19.789279207864304,-12.766319370853678,-38.2918015047921,-22.935287926924822,29.952344157937194,0.4079024616517215,-38.43073549356835,-21.079415584508077,34.0951607337372,35.192732908609564
1078,-35.92292496762875,-31.238456883253836,0.3671403816739656,-4.558499375654132,-31.80409060460476,-11.040059479364702,-32.412348395749895,-20.61850095587993,11.352754777176573,3.3765826994622117,-35.821567271736754,-22.813585093845496,6.0215623274995655,33.129314415959236
1079,-18.297303463034368,-7.234029806846795,-13.114286213196644,-20.697866538339195,-34.293833528497075,-12.052683618516976,-36.699120745687914,-34.73292620359227,-6.209346836063168,28.21472811058751,-48.895841350841074,-24.203279465353447,-7.342549452491424,48.898910977087866
1080,0.6026981973410813,-4.397787144910068,-4.777683666983043,-16.049328834417494,-20.58560741373188,-17.188647579393994,-29.578377118246124,-27.850367435658786,-2.1772441017177084,10.278974902328738,-37.20595499100802,-2.5731060029172172,-18.04309024684442,41.96426217544145
1081,2.8558101382034073,-4.342428687457336,-19.835944419238928,-30.96808511341904,-31.54505823567114,-17.883563731202027,-28.284808504069478,-37.004213603262045,-4.230090922505853,14.02334524360828,-24.124587166355113,6.637087946533151,-10.210022489640684,51.447679087629155
1082,-12.78153981490954,-15.060175021883381,-30.602678065481943,-29.515040148677716,-33.98759765305478,-24.381907013192794,-32.93542120254905,-47.98498777223194,5.05431842453553,15.162072640004256,-31.984541664188605,7.217015454070331,-16.382656929211684,58.09350381547199
1083,-17.529584553186446,-6.266654322721716,-23.216101396061806,-32.8913499807252,-50.49883125586546,-13.588528575922693,-18.17052123297288,-37.150320085878306,2.268789259517199,32.39267331902598,-38.03903680459453,16.91028014656722,-16.735829272388123,60.91322828150454
1084,-17.56719975268767,-1.1111260900493432,-7.366920684583428,-18.882344850447478,-23.034871848281092,-0.9555035809318184,-16.60992905065066,-12.825383792230198,8.380795933494232,23.70371805974596,-6.275637957142818,28.263520963601202,-27.77807653567546,42.43788356906251
1085,-19.296713719039165,-4.694013470057435,-25.930711417185204,-35.40761365367818,-9.29995481365631,8.352104821572853,-11.157572122293923,-19.459189439680415,-6.882003981998647,37.69077824955516,5.406032610731433,27.311243937132755,-18.007937329062084,36.786605730021755
1086,-28.537887810936695,-4.877361598904373,-33.64138737426853,-41.171907491457524,-9.775429847725698,6.054444490902211,-20.264964921404317,-41.0419565211772,-19.63010201043873,10.36019389040448,-17.38266017703332,-6.535574557683175,-25.1546201777589,13.033777033496005
1087,-23.785247290336052,-8.336968995018326,-28.909047184465038,-31.102979158102873,-16.893484769196984,-20.44459850621462,-23.23619014028171,-38.56622080035674,-7.130525425324746,0.6493944736267938,-28.692898461374924,-20.81310274459528,-38.65594675930514,-10.92971909955133
1088,-17.828592898149083,-9.354825877668624,-39.86617789523796,-47.870571782992656,-7.931610782973571,-14.478326985595666,-22.45066892911976,-30.336811648163582,-17.908246533726423,3.239257048690096,-9.929065430805244,-30.282493810461784,-32.522867937602236,-37.95199312368381
1089,-40.834171948706896,-34.41161160161205,-26.00003360873217,-32.26740894181765,-3.8357086309599016,-2.276863985683317,-5.504792346376864,-28.952360203178465,-6.530713786959704,2.847713018569906,-15.066546792189738,-27.79964167672504,-42.80257546741101,-42.558988579195166
1090,-59.23002342843532,-39.66537845610724,-57.39071886085403,-62.15071532691147,-14.910594511742538,1.8514131843978052,-18.39458943544977,-35.18879049277443,-5.611050720179725,8.797634528369947,-43.07802733747664,-5.3189213341236945,-46.95618895932643,-42.470613503378274
1091,-39.77013537626478,-23.568500987141704,-20.40137509696307,-24.83701025113792,6.804619441729518,15.508621901718953,15.441050620645518,-0.735657183587865,-11.701036475417459,-0.12657857678610185,-28.06925327438171,13.560101872496945,-51.87026984786034,-31.530716177380747
1092,-43.79096445361898,-11.293987870303802,-38.13590338484958,-28.466379008404385,-11.441787316302278,18.302630615542107,-11.555743167319426,-13.891548934123687,0.08975495106493774,3.2517493519767995,-33.85107121560645,12.553362543962168,-29.43659693666889,-4.620535500598158
1093,-26.68707444387152,-8.089358322286614,-17.79958313373886,-18.212743346992536,-18.36122347757863,2.405139779888817,-3.3163650565870286,-5.20250817553108,-0.9097920991287731,4.36393052367393,-8.316907468089273,14.651052732894483,-9.176881050268719,-2.733121140631634
1094,-3.84533780635341,8.915848939576339,-9.936561238916562,-23.8417642381264,-15.028531119030255,-11.219748295274545,-0.6804485076229864,-9.877496936525606,9.220142686228057,20.504473041778702,24.297784872661254,12.117731732859355,20.16329810623269,19.10337792904845
1095,2.372075431807977,-8.869187047964644,-24.773314662806865,-25.49456620091695,-17.78074136821144,-35.85088953124915,-1.6117466283180164,-14.668278789326326,6.087728482917647,14.1053489950266,34.73131573548395,-0.47022875060904273,33.87067573951698,21.78230731194698
1096,-24.773267548910237,-32.08851982119459,-18.61076217727135,-23.828598884401448,-15.063715648407335,-36.76246420417291,19.841982475765356,-9.8370334295708,21.76691199159239,-1.3310756452982386,37.66232454766991,1.6835874406168196,32.271700348920575,12.109462065604363
1097,-39.98706257360089,-45.076443847828735,-46.9089227362952,-50.47910266944281,-21.580682178442096,-62.007506630125604,8.518720376548185,-30.77628167129895,27.651462440203577,-5.331705010866931,39.78207653058982,-36.10909139927569,42.964966029537926,-5.459392637295867
1098,4.286549977159535,-3.2348478526842133,-26.807208345334562,-30.857521444964288,3.96550032439223,-30.493493813753854,15.575618921844463,-15.921700379053894,33.271049623548514,-8.216408441686639,49.83163170666874,-41.73528797728042,71.97535464821064,-0.40991576742021835
1099,26.096877240061232,14.630071673346862,-33.16537193158236,-26.16584460179873,7.0195240126310985,-11.70503202256227,12.064999930303856,-14.021051242933899,44.076600185692406,-10.578591175177142,61.806298548482225,-38.571055798465274,98.51739109885904,12.09780605109707
1100,22.445613112460446,11.674399710547956,-39.21673993344497,-33.54214874174638,0.33545153251205795,-20.48209126911765,14.9359832430614,-12.865616157985219,10.683343931346931,-0.7732727191011475,48.620518043894144,-29.67294360876695,61.34939648682541,12.293494812552076
1101,38.52026535508244,33.71110825546437,-41.79441549093904,-45.117793945314894,-2.1095741374187855,-26.219049594367668,-4.985575633726912,-23.702857122431237,6.161576709392435,4.076547458860476,20.530920252599,-32.724023428950005,61.37765374289123,35.992501242487236
1102,53.80056008431591,38.25811771802326,-30.284775366983993,-43.29949214354591,3.9091756254583263,-14.412928051237557,7.570164268563185,-16.21729790137126,-9.061541229308238,24.861051407535086,-2.0448685000554874,-11.475906596724075,40.09199693342559,49.77555606119577
1103,49.42991530729961,33.03767099362539,-33.98069257630842,-28.048542111710365,-8.649610308388334,-20.041589379001234,-20.511081252438544,-13.649308499904583,-12.903711520390422,10.533432925084925,-42.53815628313991,-27.52806704327757,20.32378557224354,47.205273816033326
1104,25.89690240061631,14.959437171836598,-30.105584899721332,-26.977748217940622,-14.038733368902257,-23.96288305054312,-16.556703296862736,-28.266869463871025,-17.013683523764126,9.234665400912313,-33.57600279581526,-21.712018533526322,14.904996079612564,45.19033020697815
1105,17.320014936805862,15.47138335120077,-46.97889115543743,-40.22351408914161,-9.036650613701834,-8.873375484281539,-21.30246040392525,-14.086893759054954,-15.608479401976163,11.062444439836861,-9.593425339091608,-11.079705125177092,31.337392236076067,51.941418043600216
1106,17.51670539347869,2.3558105149334185,-48.50240499931709,-41.23443649195997,-3.040521882087571,-0.8405088662504892,-17.444103106052474,-0.04044146502320807,-13.84614540031209,1.929565985318332,2.912159614135164,-11.090926414333758,32.67510845967463,42.45714113961487
1107,31.469896376013555,28.24089358005836,-36.41935674271402,-29.0409554864366,23.912695001269878,21.969030613221815,-11.772687892036787,0.4435588945051478,-11.109617330788593,-1.8337739084569264,19.820890946690753,-32.85868073734273,27.409281358918065,36.31673805142572
1108,11.703612275255118,-6.171052565187077,-47.783436789769034,-36.80378038464169,3.669103103225755,10.125067885670953,-24.917963824627524,-14.07346595498617,5.118798728314387,-8.698813683784154,19.740162977921962,-22.908424822955176,39.3121849749463,43.11813128149772
1109,-7.5061926682711135,-18.064895097784802,-32.63058749360487,-42.606498818814025,-19.427743611537423,-13.75914932945878,-32.02101579637629,-40.20639472647699,5.171869135908103,-2.5505552512044094,34.44284487882474,-11.362734558826451,55.73548983071165,58.63291309982978
1110,-13.062986832050806,-27.369440922163452,-21.515721501752036,-39.99640378962176,-22.287872639530832,-33.26983395105101,-24.719591152484504,-35.362183327158824,28.76303631204938,20.422357562874176,31.17128779223975,16.170182488207292,55.50796606479609,71.23442400005206
1111,-14.934215739097873,-29.520788885488088,-40.822555437634804,-45.76378971604067,-20.255879205528846,-36.683899130705036,-29.7162671523386,-37.5263081768058,35.00921254201672,23.414384695984268,8.836472218395231,18.623391953727662,58.25773033527784,83.92004883426323
1112,-26.152181927717734,-32.39689457793374,-38.52028000988548,-37.27924876035684,-5.987152979241084,-29.817721484744794,-12.456540044082189,-27.320135458928757,15.321976580833455,31.090855035716764,-7.443847497268368,-0.36620013424359144,-2.153795003615075,39.09593922773481
1113,-26.357413293992305,-33.09254488342288,-43.438992423580736,-34.21340932005056,-10.626699211845317,-18.785449746404197,-2.5136530381372038,-11.804456879102965,0.054125163320700644,10.584049041581347,-38.07497890347897,5.797044990385363,-12.838321884618322,31.092758239279217
1114,-25.09629176347385,-32.55766306488051,-13.976887513846854,1.901955286000714,-15.815373620364399,-21.355754315474254,7.761366910775793,3.066429064053394,-2.7915173146446395,19.663455407180436,-35.835387942318285,-19.62066460451945,-4.678870725411914,-1.3617125050913892
1115,-8.474431447700042,2.36483661684749,-8.332308443539775,11.210900969699269,-5.075017966343673,3.786013172375841,7.39205934883924,18.26067611366576,-16.796702927909966,-15.14554515575787,-13.4023797401045,-21.6257080768756,5.617648210721954,1.5949688161598559
1116,-18.996569074533046,-13.764054676634185,-6.930137687939197,14.604286869710549,1.1112893303179778,5.73173451113194,9.082712430590393,10.261080481225392,-1.2966198764691095,-13.158198947485847,-0.01950016949709177,-20.537284183599375,29.628558445853763,0.18225429788330513
1117,-14.882682762037128,-26.771554803669666,4.21379874218917,4.386075663973627,-2.8282861532949877,-13.010915664936997,-3.372517188556926,3.539782243360139,11.502574594344097,-12.302357021249044,24.428633340606574,-13.179496751791712,31.920295309934072,16.01894722782286
1118,-7.294081792999116,-32.96532126475714,3.465219481292119,3.670483076168924,-28.15092536812832,-28.476579232957192,-22.297266425831033,-33.815644602193935,32.95703658543408,-5.107153115474672,13.61547450951793,-10.639259530531184,70.44038063477967,47.54448063736538
1119,6.4266636283348335,-2.2194985823602367,4.115744130808043,1.7279437772212707,-27.163143416301256,-7.824324169487956,-23.477846151481288,-24.693649189520073,22.380487911416044,17.903323068385063,33.240975224515175,19.824251506061948,50.699989761579076,50.37573680223656
1120,24.936397938837707,10.006320854854053,-1.8346528502542447,-4.010315808412029,-23.43160787697083,-18.139369203843465,-24.975160439932466,-34.5485634695412,21.243168376424432,25.42813281091505,57.052605497291495,34.317066862905264,61.158603705018194,57.97468385497265
1121,38.136241000706946,34.02160229493302,-3.6053940442016184,-12.065929314568784,-11.283919572804098,-2.1236062064068917,-20.18145405625125,-35.28459028180326,25.338381485898356,33.298927309677424,69.68844425397667,45.397333254740474,76.93631719187289,67.94290975267451
1122,19.6876178056783,16.0356777498503,-22.60502029457125,-27.27185115649017,-16.059084027727316,-0.27815181633080294,-23.12332742338285,-51.222556367657454,14.246394023374188,15.819843385485424,49.73585959038992,46.79779272450005,63.61414458189871,69.40717511694933
1123,10.245397260622088,-1.3499493116756263,-26.82319894889133,-7.252645872348272,-6.7912673660148,18.009669077290212,-22.937907975761643,-21.82306097339383,12.29184950380114,32.930898700587,22.885682991223014,28.54249095673549,49.1145968813271,79.81757821812084
1124,-8.850117713646753,0.98478615296709,-17.084851507248356,-19.04863368228047,-6.563629331406525,21.687041055733694,-26.35314430793493,-15.803406308874708,-1.7868868586701911,34.5298063513072,-1.5381326937701978,-6.81727022109349,32.02668758253823,59.12553425607937
1125,-13.76078718199229,6.08281506983728,2.441278849526883,-7.249387057216174,-4.346105746711325,24.763273750540645,-13.90272430976444,4.121237468243153,-21.50099098116608,17.407123157230785,-33.622539636853936,-29.051582908126825,-3.517501898969892,34.4491192821452
1126,-14.266885569572672,-2.0638547291984306,6.296506209781985,-12.46492846247352,-15.980195234707107,3.6368472088654467,-22.536049353341657,-27.025824924975932,-3.0707148714732164,33.98740105740051,-41.12972108598239,-34.067600083111984,19.67456681363084,31.011543440666447
1127,-13.054196245795044,-2.7861864519272204,23.715355661492993,20.31891725729283,8.341463290501684,15.720628949980384,9.351394162968237,11.036279018231946,3.9923865163333674,20.430243647435262,-0.030043613537266367,-13.073333322213841,30.92140123480149,34.599295974829914
1128,-6.773014243906902,-12.608998302479034,20.69540579404961,24.09125501036282,4.362109254019808,-7.9953676777283835,20.629933062583813,7.2862720282759215,3.9707992719338967,4.130018393619259,28.68317799825047,-22.906204863358184,60.62676022514975,29.46238136871049
1129,-10.098063894012615,-22.421605175949463,20.679994491124678,21.624885312283325,-0.2895106021659224,-38.61664509236628,24.01282823582888,11.727205615898054,22.87015637642159,-15.112281315565609,45.4158534786349,-21.848284000971503,75.64737395029107,21.509606558087995
1130,7.061085356487561,-7.768021109036663,4.351851296276975,8.357849024215335,3.935516574487396,-25.99975335571778,23.975513157978604,3.900712530541518,9.83226653886175,-1.8513875553153558,53.1404136669303,-14.718888532983799,77.5441889640805,20.437671065131852
1131,11.86992047660423,11.232960246694192,-5.569703056687723,4.344486272975296,-12.856429292184629,-15.550069326388012,-0.945348280255951,-0.189974499514787,22.77902816402022,-9.397607277376611,41.94911090237529,-41.134850762911924,77.40377022717836,4.430462086798996
1132,18.23444417512603,21.915196727803565,1.5606827101978638,18.607837850770387,-6.988101484806471,-14.399052854620269,-4.7797069863462,1.328344148366323,38.77192259764945,-11.288000410871797,59.194401326565554,-43.13423635731914,72.2867412211742,-22.883485801565417
1133,5.798579051502087,6.35513198484527,-21.128458847215544,7.715443283027744,-15.314565748365762,-9.026614669930057,-34.54397462159174,-21.128042500876433,24.305978320187563,-14.405588744934294,46.64592647854225,-25.108240712333533,81.69023163485076,-10.264012882585472
1134,-0.8732954352474025,-0.6491902316487987,-3.7524085439214185,22.659907861176038,-1.8021303166452038,7.9378511882558005,-29.77315512218126,-26.19728343143283,21.628384217725483,-0.39089139362167113,27.043932078319763,-25.168028660243092,71.06706984596104,-13.714539374039134
1135,5.3840928546250355,0.2314168378293906,2.975204682242772,14.184730036281389,6.305181052564059,24.66489480480157,-17.003432310410513,-16.159856244601578,29.2057458273199,-4.623166661493569,21.008691074565284,2.7678769910167538,70.83815889157924,10.334139766759638
1136,3.4149981874901543,-8.989485894626526,-7.391509632318144,-2.3951588065476863,2.7472551730622423,25.10250550920779,-17.68839255663661,-16.44760310843612,25.67228733113694,9.177419670378084,-1.6326058300869555,18.567709336293117,85.59194353697208,37.148327713111954
1137,-7.160453578821999,-7.703148099738551,11.747149482892823,13.812388133318072,22.568093011702658,44.44657952844341,-16.441917139822188,-0.9886468432802239,7.7860162014173016,-5.245143258729983,0.5088339440921299,29.754336528749302,46.707600295803076,12.252076418652392
1138,-19.922231475728736,-11.09414731348668,2.9424830502158272,4.999482140626663,4.667085528495145,28.88858339601658,-24.386170306574666,-11.466728227422127,21.501440127131215,0.46097636694888067,-9.587032412639056,26.57470808900045,52.27872536560815,28.88069810129375
1139,-9.109241182071381,-1.8862676666024218,-2.126213399136127,8.276243747061505,7.34534397850906,13.515947617564596,-11.797827162997274,-9.526492290133707,15.044205689262549,10.89364709842096,-2.988897068306317,22.99965282643484,32.00415883462492,17.425689813492006
1140,-7.003496861144935,16.263430764191472,15.104397767538918,18.75854380163998,2.099442626736657,35.107031940623,0.7237761572467653,7.990415225977273,6.285614385673564,5.912541901851677,-28.896623071744358,10.059136066707579,36.18482007002372,17.826574480867873
1141,9.261886394447544,25.163134800921952,31.18868230984845,38.88482686545451,20.521047765997,43.393388117547595,-1.5018447383733677,7.605315981614632,9.848395299817057,11.106060203772973,-22.74560020187647,8.734261839766685,43.61106536789658,3.507141831603472
1142,22.20271546285218,37.947533511350365,53.17354514311125,61.67244750939241,35.7855118903568,60.72494801650372,35.35428282787469,38.017344957201615,15.047884775169086,15.203831126857828,-4.517422560058444,29.806203324122674,37.82039662743391,-5.471042046781777
1143,20.414742217414812,44.812122937796886,60.978738763213784,59.628390161012796,36.987697952883906,71.51504801912152,43.99564114265456,44.97838996274944,13.51002951249838,0.07958458192003182,-10.991565027378261,22.356715537302442,16.164723025201916,-7.998473204400324
1144,18.368036598446057,49.593804899092945,70.6658376293767,79.69451388643839,50.44027955570616,88.34506648093283,60.23537282974253,86.65356049534671,-9.525179001005453,-11.145922036861638,11.046557067898917,41.64419471863247,-27.51532272301609,-12.740738649662658
1145,9.835280879380841,28.41401746013496,63.879258179880246,63.543305155727644,41.301651875739225,69.46833006484692,53.41832508853866,71.83824692880395,-24.929932194152006,-5.062956146334846,21.311660273296035,41.90235290873786,-41.82983325282855,-11.349985101737369
1146,-18.88085034492248,-4.681006886355279,46.47138629463121,62.407109904442045,23.427008925536658,33.20926931072744,45.483548674430935,73.08686749672395,-11.778262468790857,-22.727105156041453,39.8297831890666,54.40235685169361,-29.64453395632938,-16.150327806656044
1147,-29.12060681463286,-19.147074022710825,27.96360728992502,42.620482484684636,24.053596306699017,20.029098681666074,43.088400530453434,67.23648573521882,2.977197046900951,-8.549997947089802,43.241383264951466,30.895056675995143,-8.778907364164684,-31.58252059481812
1148,-41.08239963368064,-34.02489376815148,18.89908425225533,23.5044549980814,11.231952114461706,-3.8702329466477954,33.779259638491695,40.92630539361986,-8.099816227625888,-28.33836303990505,28.313495017423023,-4.582454128887602,-15.062729205916908,-61.95548091690594
1149,-29.99475508126193,-25.762794638461944,29.80532214217183,36.63592607034997,-0.4554160890224894,-7.518967946131388,20.01165051523103,38.89487316928695,2.649180234214473,-20.978641861033104,7.31198498546317,-18.713914570791953,-9.176758084201536,-50.622060113221316
1150,-25.375699273965925,-24.692308703806187,19.424722136147263,28.704883586734663,-5.309154382857125,-20.34889757587564,-0.487169625828106,16.498768658713196,0.9097344299744586,-9.288373937063723,3.3375824558437657,-29.67362649491535,0.6203943284647414,-47.545773104687235
1151,-39.639347831296014,-33.58165686899998,47.13742455754285,46.35335672385493,0.7856837502411853,-11.830149871499886,15.304279499256921,40.03873222325056,13.481641042558442,-30.646664821873166,-7.408298620972284,-30.056901715142747,-29.827107042171527,-63.92293316882292
1152,-27.58848951127255,-18.153664935786612,38.96217260698419,39.17192558169545,8.989934618829391,-9.607921723757727,33.58160016471002,46.29457839314861,9.044191783126518,-36.717545770456915,17.997329531185205,-1.927378852622073,-10.253851356894868,-50.346418996962555
1153,14.838459462431565,19.282285160852837,50.634182466076275,51.056529854059875,13.83470439077323,-12.629027338313875,57.96238394378895,40.50284854867603,7.860306518639127,-31.417067237300277,20.79197169660158,-8.156847787579665,3.1014807142553633,-56.32752585588275
1154,52.08204521175979,54.95519939635831,75.7126466557571,83.21414330993136,12.504061534969916,13.220526065973514,71.38142543081152,70.16114320774142,32.93488555616085,0.5911564289061024,21.80457528502977,7.06347247044947,31.64987252952168,-20.687137300954262
1155,61.03386687319148,66.53192180500764,55.06465110044519,51.56894306733092,-0.6573587882299665,-0.3449104706759495,52.47325537655788,48.698361834049265,39.26584646291939,20.943487276461422,21.81112467993434,17.322149879653683,58.63060817880058,4.8037883322196855
1156,61.86012399613186,58.439676028875226,35.08201128119566,35.46812449041843,-4.405335189736326,-7.571007286723536,25.10696704276214,11.587906151521759,33.02972283665699,13.054235728106093,46.8955424264056,23.16071233755337,48.218278727305375,12.816934890866081
1157,17.126674721535974,18.14540068756262,13.214558031262309,7.942004286270046,-10.510646251895507,0.7088791200852492,5.943156261451376,4.753293000105844,20.022657016386276,21.749805573774722,9.99004278630307,21.14297310627542,33.3637313973297,31.621803307706795
1158,-6.887806079523324,-8.070280981333479,10.59197081538972,3.2081611881352146,-5.43272335307916,5.60535035508134,6.130550053769162,-13.023308907675633,10.55913763523706,11.460148026501718,-12.357126784708576,9.628089105449389,-3.8633778679010655,10.250586440783646
1159,-12.770132678861236,-5.5452661915403345,-2.9920493339535628,-8.517161767217893,6.356342631934016,11.833619684477373,-6.112590605521971,-5.5964559021970715,-6.431124983600149,3.0528579677951706,-43.70803036959053,-10.185855625491964,-39.13290091823878,-28.877291831801653
1160,5.885046088320966,10.945165010591417,-3.007120510840411,9.582812869612905,4.675140799802547,26.631039814384394,-5.266405877543635,8.260884276962742,15.915810507147349,-2.244253222172569,-41.38070649319941,-28.4712428218336,-10.28547247755471,-33.94787751767666
1161,-8.252949533550188,-2.4604122805028026,0.3765166542349407,7.779873662817743,-8.253565490258724,23.261669397713696,-9.469252984885065,3.700278608834897,19.292597298850833,-14.064834413837724,-21.203694543653754,-42.640627674917006,11.207209881627081,-31.83643358733659
1162,3.844932129600126,20.401090461432393,-13.207397349990172,14.70638146310767,-5.634153157339943,37.41422990743969,-11.209844503809986,13.41248225290857,21.337453960482076,1.4431621245080062,-5.260562016894326,-36.06571358524245,29.26361667292791,-12.386958937436875
1163,18.408854406495273,11.22682297137812,-9.199737466596437,7.011096018528509,-1.2851995352470373,40.58535118951039,0.6461354465613773,20.039580487581468,25.166728242240385,7.950395435962861,-10.925345094643781,-27.740213636868177,25.4284321269994,-20.80293215986894
1164,16.03403185647168,22.08395870290556,5.58066299236818,24.288441536413366,35.05909484671001,67.39258013292144,4.183635273009807,42.371390762297224,15.822830096034215,-5.877657333822007,5.901034472727278,-7.510631898246312,11.40351937135716,-20.30785351093156
1165,21.551439706741025,19.645779309475223,-0.3929336153629926,13.854079983978222,30.734191988996567,69.65229625421443,-11.473204740791331,30.338884483078452,11.251814264085239,-15.706919154281442,-12.576154229048285,-18.705303601098773,8.810827133435488,-2.905202123826815
1166,8.615969436428223,5.9593549259225025,6.517587790827559,19.397260000093983,13.398280102447236,51.95685942836567,-1.0343677800422775,21.89177453622016,10.512886915133187,-7.9131255236417415,-16.708990434663363,-14.803412305567115,-4.176956688634101,-4.602450453371322
1167,4.2672798963450145,11.170038680850471,-8.351081946333748,-1.281457098669061,-3.6142465998375224,48.13238429643179,5.338723249501472,20.27191790637576,31.015484358245985,10.766046105462614,-23.30339151150955,-4.285583100133148,27.212060540131212,28.032166136067488
1168,-21.259329131509578,-8.318670343238555,-21.603290663551387,-24.917047206784314,-14.760924560647743,35.38778767552149,-22.272327810601563,-9.521196684138278,25.702535153124085,16.180701479286782,-37.56350879673876,6.8637415660558885,13.99347400931889,33.60921191144693
1169,-21.777954267986814,-6.837773952259678,-5.576026727473543,-19.647077561824098,2.2295367496429215,49.74448435576786,-19.480903837332928,2.486711574112453,4.326550399069101,10.077049815640038,-40.00743975232187,23.44422328494929,7.6840652948255155,48.972129540597216
1170,-31.66072974110012,-19.43340445618593,2.8024979579981384,-5.364564736149857,-8.512558670281202,27.26814952150002,-21.204259973300516,-3.0206791431820847,12.907069419517704,32.81029499016206,-24.457478021669708,8.732938088499475,-0.5663757505446114,22.82714135657396
1171,-51.80588595764614,-34.821278567586816,22.797235592305654,10.948055209558333,1.297542303287516,14.501713279703944,-9.916241433851228,11.262809084969117,-10.066849391482085,-8.879282390750015,-30.104106772013278,3.3463669350466456,-36.17568560127332,-15.634793500970607
1172,-41.20871288940072,-34.85713353507576,10.346834462650877,-5.461913156535426,-3.6375473340578566,17.227503000541684,-12.126820634864421,-4.1953860875952245,0.9943287815145614,8.0293691960975,-51.660328790978554,-1.0909359748344056,-35.96053092227562,-10.645790153113897
1173,-39.81433275219058,-34.26450901411579,-14.070411589796175,-15.885582209771401,-13.096214334170174,16.82325863813035,-10.66846962868802,14.740344371810682,-16.51622731302702,-3.92712041117666,-44.20966505454187,0.0692837958925815,-24.840028241090383,-13.812999401567426
1174,-31.31931500635491,-24.590136415782887,-11.403427009382881,-8.945493794504241,-8.213671534027169,20.74942869512496,-3.3514204065534634,41.08747821782416,-15.138880415837944,-11.385125850774024,-34.78904320860126,-1.0385591294536087,-38.67305029789637,-19.491063847207645
1175,-22.020688312127028,-11.488845254597525,-7.733966164183631,2.3312124883661234,-5.484722179053674,1.2695139776082007,26.484607959429546,54.9202310057607,-38.14843009584697,-32.95393532739024,-28.419170431762726,-2.0154948746281347,-69.15976962106875,-42.051232132281285
1176,8.3636431032895,12.09300613549215,-16.086804028106766,2.1782030862795208,3.5101570888172637,-4.6856998297838794,16.427777947628957,33.72405717607512,-37.333590288992696,-21.53872736782254,8.983798116659306,8.953296614702989,-61.34710613913619,-51.03033838520104
1177,-4.219735492294828,0.24787025056202616,-29.61317134407305,-14.85395153919372,9.001400582468507,-9.38285809733957,-1.5254358980345084,0.7931708633565574,-10.923220521944067,-19.930501670133605,40.281950838976734,21.910570471424233,-16.229428016585285,-18.735793251469815
1178,-26.024880381256406,-25.09899840622258,-32.58174131653017,-28.196821650370875,12.265451428010412,0.9298012121571659,-17.832430179852352,-21.304352325439616,5.156728961037543,-23.48206383476311,52.16395642947938,43.01572469068092,-16.134366200926372,-20.29310472929839
1179,-40.04987355419842,-42.94716565021151,-30.223702448545655,-33.4814593251203,8.442038698382301,-5.603262695089936,-6.227532887017047,-29.907569488914692,15.063068503576234,-0.970671640268358,40.534343927250674,57.7544479495848,-0.12511827487956412,-4.792116419181659
1180,-53.14687208952827,-56.615374043077985,-26.810059769967456,-35.10325823263843,10.71468207025225,-12.72068256123059,16.731291879543893,-7.547287201271933,3.781156450467518,-4.105436342436942,28.21964537968919,59.60567575231049,11.720912431572872,1.3142500577755876
1181,-53.80985607918341,-42.95581326639288,-12.206022718909807,-28.20727521764665,27.857379185074496,-0.35972593862078195,36.34129632124647,9.993583669101758,9.911977687502945,-16.383627564386046,30.483291077522015,58.331136817989695,-3.4966631186632613,14.657962881831047
1182,-22.496639988885043,-21.04875177206808,-7.958690246614359,-6.277768211824573,10.640597634076576,-16.900136240368457,44.87406973409903,27.2562368452025,-15.044494840169506,-26.929040874075284,0.34698984650067644,50.75780320080988,-30.68285427925946,6.79659429008505
1183,-6.713772025568207,-2.644988291690891,-1.1523654715495557,-15.908669779802484,5.622158043191232,-37.56144618977398,55.90034186875549,35.43345101105437,-44.72260608813169,-39.34946976195599,-2.781622577953318,19.939427473219933,-75.17254450325073,-34.23623557493326
1184,0.5883113061654615,-4.941423121242266,7.334608729767648,4.635989817042012,0.9797683176851215,-38.16299402847016,63.036505012838575,36.33271576161153,-37.327943600127675,-22.33273542535629,-12.710242020282477,-7.929295661388421,-71.39485248370775,-47.84248861234582
1185,-38.765300820406274,-47.22216205595068,-1.2541636908987535,0.04486679407651284,-15.063158833825522,-46.26436707742344,47.18164939194447,26.5413487258787,-42.520114611187644,-31.675261506203885,-35.39128420844878,-6.289839371067276,-87.65713461295897,-57.25336273890513
1186,-19.925934585789182,-23.375409087115973,53.27601831128771,46.31824891540901,7.137500267631058,-20.798650668781573,61.83270920727754,51.71923675967598,-35.560913795144806,-5.630498737751265,-0.6537584895355657,9.057459151095957,-58.143436298728254,-32.56296012451482
1187,2.4914329856914734,3.5463429453818707,105.98617967802512,115.58440580470435,33.10474924898561,14.111263838007686,67.39768612735148,80.97260127961798,-25.139598381636777,3.021419087350417,32.69616142716098,45.74201443463172,-38.73070089957467,-6.319052497928831
1188,-24.12635122994006,-20.69974290697033,69.6381789107938,67.2834631033107,5.988301936111259,-11.743293345595134,32.81256324883512,43.93563896508139,-41.369453396114785,-10.248739118323076,-9.95244732350377,19.66513452770629,-76.72257927102136,-38.01761745335919
1189,-16.196936352307784,-15.500435893370067,58.82398312152659,63.237393164063995,15.052298530088951,-27.99139567465452,25.008421518885807,18.809554287144408,-20.58345404572829,-27.3946809694127,19.761074623623138,15.640967009770394,-47.79957347993569,-23.080034511054972
1190,-38.4263713231058,-42.85711036563964,-2.2370420229981547,5.195467245892483,4.43133585053681,-38.87547025959807,25.42835975960806,14.52070805395985,-15.478120266379372,-22.432287783123307,29.446956927381585,26.38767423851224,-35.735427755661505,-17.90225850039724
1191,-37.06897207511204,-37.84137499246115,-14.812077051156725,-25.51026135833782,13.544666139178858,-40.19472082106841,28.635060252096277,2.7098632467667074,-9.87234401850548,-1.124312361759415,50.97760751802514,22.742119004535677,-17.01620108320866,-20.45936913611331
1192,-37.68708669827088,-55.26293375627219,-26.811538971335043,-37.4712214391845,3.282992527831988,-68.98458930866639,27.736294651182188,-10.366088680077093,8.111225735484952,-15.306250565225398,53.0152144776106,9.51677061735023,7.711202469486382,-39.09533714472237
1193,-41.469799583780855,-66.90397468536256,-22.5113058057986,-43.85511085743029,8.276458777483812,-63.427435501051384,8.073872723213226,-44.58247486164783,11.494615390201638,-3.4310784090915085,53.36968082776796,0.6644597923771403,16.4186773373822,-15.420905503901384
1194,-32.564481919708996,-63.22141057115307,-39.78148718737847,-62.77165643684815,0.8757407637238153,-82.18174824606095,-10.404780116305147,-49.72215221933258,11.138965109971982,-3.9813798785612597,36.29292056295982,-3.738623160928943,18.55425522264889,-12.322661573805162
1195,-41.676760149961225,-73.83071340582008,-30.383893257430497,-48.51098589090249,-14.699961242060692,-93.05220131793467,-16.891204333358697,-56.73621430389551,0.8844359732833457,-2.846158063739651,15.524033997083983,-2.305583950168852,-16.46854573227697,-19.247675196027384
1196,-21.086876344472515,-61.322849404458545,-26.24598169691723,-36.66056120059508,-6.687238511226109,-73.82516544939638,-7.63743419088551,-51.6816265493877,5.844532567034332,-0.5577210276143436,11.248732617712466,3.0375829108603756,0.11109919456070881,1.0377821042815663
1197,-14.651965251702823,-44.76040232760053,-31.308835206937697,-47.346599278968725,3.033808230484163,-56.16098326791893,-6.963511500998128,-34.151181276575755,0.5941858854327623,-12.71716180204274,5.2969606635714594,13.286369965373762,10.490581397565844,-4.2119642579351355
1198,-20.130404722960105,-39.23117783810037,-43.69058323493121,-44.10368140046535,5.057248049103126,-39.9868053575696,-4.949058280345168,-37.85465768396432,-0.7332788215570046,-3.2093138010494346,13.64037432381136,23.643531602794365,4.580985187857022,-14.033104155825454
1199,-16.95414392622355,-38.29612715961591,-31.791377575043203,-31.19498467940992,-11.357534687726382,-42.96876706274728,-16.875450507424453,-39.10303040481464,32.558755352352,13.002397742439287,23.054085639801524,10.587378560394619,24.330568235793535,-2.254681410508471
1200,-25.022491488464677,-34.90570856719496,-17.353239788048366,-7.113645295156152,6.160660574063257,-28.494964290218412,-12.705292333681598,-27.373656723350525,12.624385187792447,15.58628444532012,28.92391592427641,16.845562969891436,21.8426555040532,13.766272668305414
1201,-7.2336283415082825,-21.463844406636042,-17.601386055191167,-12.383417290106442,12.445495718299151,-30.595607814769554,-18.012109667694027,-30.192649331692554,23.896075890547717,8.391103546597224,55.05348113121957,7.212652899078236,32.10283293150539,25.819881446799613
1202,14.028798643712785,-7.77527089750789,-14.99185932077338,-7.79251160101667,9.323738312084707,-31.29854382133428,-8.786902400790767,-9.387104719458568,17.254386074927623,-16.32637903107263,82.82626774505451,3.967091018614443,42.26660404369673,13.785069299123906
1203,28.88062142387751,23.18092494298648,-9.280388704276568,-3.2239815167904373,23.470715432099507,-7.613607072717037,-2.6199815061676524,3.655913692004437,32.7659743949035,-1.343649807002964,99.32334553454677,-8.932526741162873,59.8230360100825,22.792543338057747
1204,12.924748710822678,5.9774017866910985,-30.459705532220372,-41.53475166102603,34.4733010934246,-6.7436144673464105,-11.462039038123711,-20.645351780124262,25.83156032029795,-6.0238964642039265,92.4716028359292,-3.678523315531913,62.030729412708304,-5.011513919271199
1205,-12.649904069593001,-20.76572687584767,-32.51748220246639,-51.91602093276361,49.005523899791655,4.34275152378622,3.381064467279635,-16.655969217476226,32.14800002704623,-1.5278498074371178,88.74362333740945,0.730919013594121,55.92646991726001,-8.176557435547524
1206,1.3725660820085506,-20.10297408636957,-18.276506472833642,-30.54729356531459,49.92517934246655,13.11185501527119,18.890650372850445,-8.55650602021164,46.41639437838404,9.389596099557231,72.04291848302017,22.123993409090456,68.64775529032318,5.190123783449359
1207,6.241374867528449,-15.019374712081294,-19.02343022980431,-33.616176548504185,48.61501839851064,7.953732378335689,9.77232163081189,-9.84394210980123,39.99008770722252,7.021778168475378,25.327921582134195,10.775152383693753,9.136010395039477,-30.26280929971026
1208,26.509281511997074,3.7815444102374127,-15.466500630410252,-32.70390143713562,37.745400466865135,6.061653254033559,9.597012398832797,-0.13806155565033648,25.310212229511603,2.2881531596803724,-0.5053464044338085,19.87579488004324,2.0292227841996704,-16.51586200674452
1209,20.25414244708164,-1.881333618757393,-15.877083895579672,-27.03568914983021,24.027789584006936,-22.429687771352125,12.211879589599386,-1.8136513111807329,24.921550858665203,12.226181752786351,18.19488722072534,28.78282573734959,0.6764375661635558,-8.973003183354084
1210,6.522417878440113,3.5342380399339586,-16.97880687684024,-32.71287494609996,12.363334091414044,-7.876281408411742,20.031840455053803,-4.606947382288139,12.492780875504437,18.313410846824155,22.37044880045862,50.1541102535692,3.3781948166544193,30.89887095606332
1211,-15.167811654141003,-17.755324719120445,-25.949851339788108,-44.02430577366915,8.202665889458162,-3.1736094743302696,16.59587284439418,-14.716779607676381,21.274353369674806,13.77550323304462,9.278372735242925,61.838729917957934,10.58104779817328,47.87798788372386
1212,-27.901996940385754,-37.47302900231026,-9.114276540428255,-29.669529177023314,-5.4949376726108365,2.620186373956137,11.18493958588863,-1.8077841368822944,8.37652143986959,-1.3830827072148644,-30.148257443439288,52.45271373567264,-15.429303104816029,43.787571484574585
1213,-24.187665382408323,-29.705305894311778,-8.762422738005144,-19.912936168912527,-16.416422230951643,3.926289808413755,-8.894006042448808,-18.403397013693322,-4.786557705900798,16.391977310704593,-70.86703856042487,19.178102707570165,-17.295690057390633,38.70599750860422
1214,-21.082178454119514,-15.170586058878252,-10.989045158700733,-15.875596820583477,-13.747325385336069,1.2691430973773,-13.904381102315762,-11.13790162969139,-6.5408661386365265,16.29838240428534,-76.42592742493432,-14.383876589480407,-49.65644809872243,18.153614425688147
1215,-13.772861175605605,-5.917161992817565,-31.585164460021947,-18.347777631494967,-3.5141057412250283,-2.3531491870332153,-9.518231215481352,-5.573381419709209,1.0401288561178308,22.60082141652172,-61.92930625055588,-25.89752003327587,-32.46998991114628,22.57275463497764
1216,-13.445166533534188,3.723364490119925,-15.94993433395648,-7.160524121139693,-1.204253867187446,-22.930293510244024,11.417656942222285,1.8166947297106795,19.860581685307633,10.520000268281697,-51.68634041208771,-51.47720179275089,-14.967013991447883,-1.6692098509625168
1217,-16.442517366172385,11.17300008659314,-0.48760878686928555,6.084399107597527,5.171567695890335,-12.680385446276542,4.402506857560181,14.90244749949845,0.7336943228656168,-0.8761361899710565,-37.00717375181517,-39.284042087847496,-15.135339790696664,-2.5599465171204603
1218,-8.295793604906576,12.382755423065145,-15.401813371518081,-4.938645786508366,5.8370682382311,-20.066126509193193,-5.615978956330389,-7.372513773971346,10.360918116933643,10.725241040179133,-1.4489405099334105,-23.820053362429793,-4.849020564052239,1.1595120158842689
1219,8.077799041947468,12.79930978584582,0.5437103068993512,-0.6279017702046346,14.997669848356924,-11.859917843416856,3.7260426710899783,-1.0753888767609614,11.841867220993251,14.575316428755993,42.117523462001074,11.82608680595529,8.432307527673565,28.28031708513214
1220,32.03081516601454,37.0098789576364,18.52737924346567,4.808027827925074,32.70713351336926,13.053559941291875,4.555203372974228,-10.310242524933575,9.293514441143158,15.519238302225261,59.846314004915946,28.108234251903085,32.700093494259285,72.07833524384424
1221,37.06516412075093,50.415839211767526,30.791825245966038,20.361018336048037,29.91881043372665,39.56179930326721,5.278908985054254,8.178771203615918,0.10717218659989698,15.115216753075913,62.223347067553256,47.236943219065836,1.2903059565251465,89.25479080610664
1222,32.81082563508061,48.228672160172565,17.30769893276127,13.691920241250834,20.17280496278099,12.924499615714359,15.461403207665873,-4.070499929910203,-6.598865606960615,5.245079244547232,54.055296667644,25.87192260099637,-9.336888871922874,82.83385695312262
1223,41.16404832816344,41.81273711028727,8.392336625270223,7.826414532899357,21.4746245188221,19.395134531127884,31.48861550932192,11.254946511893282,-2.073085645993984,16.38156403851591,70.99407583667474,26.54131840074926,22.147785633286443,66.52824510051875
1224,11.38384815328307,2.6020227075227256,-5.891596361121825,-13.256058723061045,23.1286838094589,-13.330082397103967,39.001991922422874,12.278183575320243,7.502642356525435,24.352550163233392,48.86753782485717,-10.48379492089306,35.08248025855364,29.41625442340155
1225,3.180079570966411,-4.174903935253896,-18.89055967783227,-25.504182695192945,13.899453563571075,-7.725719591907727,35.540348684660955,24.619630687359596,5.718976107371773,3.788976683002452,30.44624464340293,-11.991405415235928,36.05528002632488,30.128732513080777
1226,2.1630444544095715,0.0323180764384281,-23.797077108674046,-21.439572642940725,9.061080010885851,-13.228387898209542,24.438480973809288,8.85760257915798,1.6902771279900044,12.421022257722695,-11.01328676672359,-22.305761082895028,-2.112969248867682,-4.4021886171923015
1227,-12.4428909925407,-11.012314412871365,-16.21114530596861,-24.340870786124356,-6.181076080374384,-34.611716309274684,15.748511888178882,9.985513187954979,-5.696463543585821,5.687279925881326,-41.5130041067039,-25.252000063716586,-38.99774578496626,-20.646936219797325
1228,-21.60005429084065,-26.982069354967308,6.463675289560974,4.345010626015938,-9.084568314305024,-29.088518981893525,24.668751663416522,30.032780653115935,-14.73308058484501,-12.29974676533697,-34.923577370579636,-19.101984496436224,-35.746077554472805,-17.0520761750382
1229,-7.711204206053992,-7.046530655064739,24.2525470507673,39.094355496915725,-8.57692598365757,-1.2624378487432704,29.637815533201824,46.50122593227218,-16.71714177768655,-19.367498706448952,-20.222377499292424,-9.811692763773392,-21.758682717869952,-1.6019822839812279
1230,0.4208596419593616,-0.3080920027060392,19.33406502805764,30.5983509235527,-33.67414098217347,-16.222506253045413,22.972017484528475,32.7839164041122,-19.030986305131837,-26.84168170055834,-19.900645575314883,-28.86868836496311,-14.041668408199936,-1.1101170667921307
1231,6.623732389387949,7.780581868892952,22.13190338416436,21.603630416455562,-36.61416139300534,-21.80913136775649,16.314785510556426,24.42383065766614,-9.311406908006072,-16.573478927028727,0.6099800903064168,-7.464135448067332,17.39148186331785,16.10844768745168
1232,-15.011083801758705,-23.620370153761662,14.426190421234546,13.440380871744283,-43.134947780058646,-59.786927345882354,6.958442989208467,7.701439560272422,-1.245540653003425,-11.271551129346422,18.107725672308028,-12.922629440195388,40.59582488848438,6.193468073384356
1233,7.384305468780511,-5.916720852975193,23.76948956511747,5.502284742059412,-12.019595918498505,-38.56816548567422,10.44136139801662,-7.007446794145555,6.553990703134079,-6.019183984281235,38.63495994735159,-6.290867161746764,51.13409786132609,20.185666980216283
1234,13.691589061371548,-6.88085728923599,31.612184404567582,13.06793290128351,-6.679299535125061,-9.706956494124942,13.545256211426837,7.375271192773008,-8.498236211582977,1.2294171548931283,-0.7872004903347936,16.61681584923916,11.935967158326848,19.66842692847769
1235,12.486106510007138,4.366872243691169,19.783517477534435,15.98958564316057,-14.063833317484471,-0.7261619473140912,-0.07978099315766483,-4.29195316780091,-12.020177991592357,-1.743314142906386,-38.72330693820686,9.375777197661032,-8.875758664769778,6.229976406994785
1236,10.23750335843608,12.732427063155514,27.19876240241021,22.654666152624298,-9.404927612737698,23.253702215391268,-7.348246539526053,-4.674736846792824,-23.984018862641463,-15.35029460680904,-17.15306374811624,-10.989146074619619,-2.1028014476866512,-17.715702044887436
1237,-19.498386139290506,-2.3435332489095675,-2.204441389291525,18.13901239900309,-18.436319749632982,17.615143886175808,-31.272520241762013,-14.195065015730606,-12.60447384440654,-13.055693032090792,-20.063687004262775,-68.97987879833761,9.589081890137173,-42.775634297409745
1238,-39.69360412392733,-7.714232245016766,0.8715804937204948,11.843905604310503,-5.2182956598007175,47.07480785877472,-23.58871648346091,2.521653321547666,-6.090162461175278,-25.5734008622367,1.155194717927552,-64.31024157046744,16.80785892599438,-40.57066618841654
1239,-40.0293947733128,-4.1299011338174525,-15.258089950356942,-8.882986717061097,3.321679019214894,46.54883848797436,-23.988497542772272,-13.848628148827824,-5.225111472671009,-23.54118065982854,24.363187267248577,-59.967294437293354,40.17463803302012,-24.573522861639006
1240,-21.6898070832857,3.5720444259657826,-20.763376456186,-12.974463297083881,13.43827356072547,42.70333134541772,-27.186099043798585,-20.52701595012933,16.958882728744143,-2.517327963062142,17.161782214055673,-35.80722862358783,48.55654711207277,-12.3761903873027
1241,-13.484238486998088,-7.017868441323396,-18.707122460936578,-8.935341126325723,10.135524908829922,38.780034661781876,-25.79415951347588,-24.670024060260186,10.257696324591976,-19.61582035007599,19.092458268038936,-22.680213906194616,44.12209273396829,-19.404435799765576
1242,4.958795063938606,15.201894450511798,-19.854741997908537,0.6460852565929449,2.528565420784669,53.635291737328785,-34.339108168496956,-32.333629670729614,15.80562414049057,-12.040909377267655,18.59397547234237,-21.346266424886384,53.33380057557218,-12.574819024626747
1243,7.299926673027896,17.95644784778746,-17.52592630404067,-14.577038945409274,5.9075779321562845,34.95119237937366,-45.44629008448948,-39.28948235358311,13.006322959749326,-5.142540915938037,10.745278609126569,-36.78126393830707,34.49294121383111,-19.41476633459712
1244,-4.526121536954219,8.13120993324905,-29.529882952210425,-11.301427274098348,8.383286346062008,35.96280257357675,-34.98397699658962,-22.769223202953235,20.333625110666844,1.652754665757178,25.282871519977814,-25.924427439979564,27.412048319994224,-3.4848583884588065
1245,-12.21940230749569,-1.8557440676494261,-31.359368614439177,-24.05867966723789,8.914537191309144,45.70395458290026,-40.26608763973507,-23.277770351747193,27.499520193926113,11.20477780366469,42.451165634732845,-7.513227587531588,47.81400257561658,29.00669640491108
1246,-30.204877457123683,-11.902046139183433,-17.49593440818806,-24.13232205282478,-2.2711866193507393,44.413950523563436,-37.5822618882572,-22.386116146347977,11.413089245500077,32.337841511346404,3.0727425869587695,2.9214601602801316,24.908277938186362,29.8270238133475
1247,-40.09437034175192,-7.235842929500816,-21.889717259428796,-14.61837638388381,2.942382881469849,52.70097962572208,-45.3271898063963,-19.43211759068162,13.475442708556074,26.433946712599905,-3.2948320758730594,-0.6619522298197632,30.309592729235042,15.742230018098775
1248,-13.668638635165474,-0.3608358174234576,-15.194362481640875,-12.292664558265544,-38.211602485049006,13.823195733767307,-59.100200563778245,-25.578094670781894,5.01666772897182,6.192818006841309,-32.118394067160104,-31.581625500450585,22.456060058110868,24.85258056303533
1249,10.051647953977515,19.070728513677828,-0.7599618323178952,12.653240132771014,-26.018829278983,-1.7304707972501752,-33.31818087206644,-5.038125227522428,-11.669920903091457,9.329275380913122,-41.17743197146748,-41.977549036138086,-26.094736985458404,-0.4891256585733514
1250,15.511306652206002,23.914925142714225,-5.928357531538315,-2.8978723490369394,-21.11287018356202,-12.705133147161357,-36.44890833439016,-16.44151886464981,-25.12778722727722,7.465059899015827,-80.62299912959408,-65.14967570499671,-67.44646301577328,-32.665796178863495
1251,20.2216247116259,29.48092146508189,-0.4320293393173274,11.108873256844614,2.351607684030504,10.094684356268711,-17.178440502308433,-9.536273965629782,-30.255209283908666,-6.95648400623692,-54.662225392243705,-51.17467047930718,-72.27137113940128,-44.58242499929773
1252,13.978916226210293,25.102831869714603,9.732735443257527,13.586649494493944,23.307770176288983,30.385880737302028,6.961564855190457,-5.3995121218553805,-13.840154360846853,-9.960072090798908,-14.201530166887638,-26.896042976587367,-36.93455149320527,-48.20867656969233
1253,2.549272942604875,10.250343811806346,8.949118103137232,12.689737198828375,29.683627114180055,25.923177004542044,4.445312162287691,6.979741030589861,-15.322332563915465,-17.199967904850997,-12.14414816015493,-30.44062113808589,-46.45301933588762,-79.22418686656115
1254,5.102067367833296,23.872305710459,36.04556617786298,43.091554703628844,42.26289964597282,47.33061605518753,-0.6836359033858622,15.068010566688468,-15.955162109621133,-25.306461893387876,-17.916025019304936,-16.516537345702194,-46.95673674386902,-68.09335996504295
1255,14.87377836544381,35.37014390492513,41.08664937068656,36.821644700460475,36.60832307402004,56.10705895884075,-15.441323329670626,8.58868240259923,-11.410538860914423,-0.9902565232803529,-31.35967188981423,-15.496386830992996,-49.39292878034845,-50.16174873438497
1256,23.595123935753413,42.60998992459557,50.0528428166771,64.38973301548947,15.206469059033513,54.607518972511855,-19.41755500961538,41.039662827792405,-36.603560320423334,-8.337963317030733,-27.58269313593272,18.748997321734993,-89.62315321031853,-36.976098724555484
1257,28.895971750776994,49.09508994495789,49.007813698547864,50.79562165263424,-5.232707533505007,37.65378737435601,-9.589391879570357,35.539780850729436,-41.760338008750544,-13.508348830612906,-31.04505697644137,35.86260437006812,-87.20366167316237,-9.245762437618565
1258,27.216107279024225,36.910659725752296,42.38976018454016,43.582677893888174,-25.12693921130377,12.52291297091453,16.912839100966487,39.67377098862568,-40.75781232778306,-16.679131879290864,-39.856729548785474,26.731515192718327,-73.0356630490898,-23.1076846067539
1259,20.621088885029693,16.736093662227916,23.59603848371938,26.676837586490613,-57.44801194545124,-18.273461004058788,7.224649025765558,25.96849662314968,-40.23377107451543,-4.412476824535155,-64.32502066309308,41.834445484649024,-66.14154592633449,-3.9475148713658883
1260,13.854594799918855,3.2384290484664024,-6.928033593017805,-7.307959948000689,-58.92438643034141,-35.61601052967438,-17.374456536995297,2.6626809348848623,-34.321980206308645,-2.732936452765557,-53.07987052592042,48.491604468553646,-77.72244881849194,-33.71899675720483
1261,7.941848397102853,2.6306327237115603,-1.0367934750793033,-1.6678961748322274,-51.80640268508969,-25.39020446634612,-35.877550248692145,-2.565351992421399,-36.116508978529744,4.962709907182024,-69.38943973097057,39.458546106791616,-73.69932705532875,-31.907692827697154
1262,13.550004773758523,2.7122114822241263,-1.8410991246580728,0.565374061593709,-43.98701193708481,-27.64610767615409,-30.34386323933492,0.25567291402711734,-31.888008431211848,-2.8667368834552613,-61.9110508883721,19.013958782962277,-40.42584154584668,-15.980922209706291
1263,14.755047792218344,10.854373194167831,0.7652685586860168,5.314247973933955,-22.779300564275424,-13.357840707613663,2.8219230871036447,38.459027521273946,-16.465517889170187,-8.94527856191688,-33.7607927625036,32.09297444260432,-24.866619615475443,-3.9247105227344203
1264,18.96422643937935,12.842603270052217,8.154260911759067,5.0475305310190555,0.060814293281828524,9.72675868428046,37.59443716967777,69.08825429847252,-14.512614442529937,-15.45510595534767,3.9771485926205496,60.508334229222164,-0.8583709195899423,21.34774446685559
1265,12.390424069726034,2.853289917983048,5.085279010045709,-5.881404734905711,9.681056543102322,2.54466752735194,35.419348106635475,73.61069677419141,-10.642088811273602,-19.42567226556513,16.751689167373307,42.839914845490455,-17.885728804037885,-12.366734975629765
1266,-4.687087404623127,-4.002602387516147,0.24531218123174683,-12.10507384542492,11.458251771779453,4.831506952877125,28.262737420805735,55.10484669744225,-26.358199320252364,-11.982662881260309,3.5028689140859353,40.931260908132636,-37.40455142891986,-18.4036183050961
1267,-9.545295033989957,-16.11161497542815,-9.100283036127719,-22.921973713362352,12.006899549218115,8.436261572016528,17.13726625220519,53.45224007173537,-25.028225783243585,8.138350033755454,-36.660607170619144,23.3120784212388,-69.59014071859909,-41.807000610581184
1268,-2.5840829113190757,1.386057981403643,18.975273301847658,8.708094103845525,25.80599557202598,36.889024718596886,43.174407411446495,73.7076429325639,-37.13453825851466,-22.626591352814096,-47.78980126838489,27.89887207570771,-66.44202331367013,-49.095748604052005
1269,28.782171985102284,23.768239732736753,26.123136935493978,39.258501839161916,23.349054567462012,34.25655666381838,49.55058567775641,82.85125744846744,-29.875538406291934,-4.634785347203128,-40.54626599382443,8.154496840192374,-56.16524776852313,-41.808456106557095
1270,21.555935680797504,13.388526235466934,31.506813696259073,40.903830240923604,3.6802868567624314,6.7129881900882165,50.86996949981431,70.44555912168741,-37.29046063888859,-18.91366227331139,-27.56538286000597,16.904578548694403,-49.494728995941145,-23.180902261766054
1271,32.35056981921636,35.10051505012781,8.354067560130348,26.53988161106798,-4.197327919166908,-9.98943429585296,23.6881005586706,34.096207132594074,-23.65697522672356,-4.447322597611775,25.58231712263111,4.93272720083713,-22.147557343116873,-12.056982678836711
1272,28.964818502602434,17.613103973692397,2.990469650798492,9.191304458367739,-14.476698456393933,-37.820246371445265,-4.303590320646367,-8.309087084166205,-11.442632441109103,-13.226508633309495,34.912450346223245,-21.865227121524377,-11.476300813012243,-10.32425847172572
1273,12.52456135845806,6.202035471012761,-14.331676850148591,-6.745045206774608,-14.403766254668277,-28.01506964782377,-15.208675673676343,-21.72692237723242,11.035102124906912,-11.958374177785412,54.34120125524226,-32.89777665834743,10.211911541547627,-29.724932908549487
1274,23.48677691068303,29.79573087969971,-9.122108896612863,4.539347602545369,17.055518863208682,-4.121024256448538,3.7940134870028066,-11.503670823708147,14.322100666314677,-12.847976723254023,63.34525910369267,-42.94987588604765,42.01230120760077,-31.90163558084098
1275,26.37584974739811,34.14843024742909,2.4818880529631095,8.195795154317892,33.97715513779005,11.835637237241896,11.852752141573802,-22.960751745570388,20.57819172889279,-5.90483834050132,42.007354910822094,-33.426153195178394,36.03582689285309,-17.534438880891347
1276,40.005044067550436,36.442636246358944,6.905030062792119,4.648120563247256,35.71318763953346,19.43664793022787,7.81433652546602,-15.455791348780599,40.35458202200403,9.856818470633268,39.5950525999655,-20.057069251623417,68.43615018818569,35.00468815422441
1277,26.331938255947776,12.180637526131475,-0.929336112614363,-1.8785168039322444,13.220347086896098,22.801540909003432,-6.23269863675152,-16.51093958687195,21.265454673060358,21.14141144277283,-5.443298152422842,2.747706940844699,31.88438398443592,36.07739275490713
1278,21.73564989770629,19.859494703193885,-3.6946523483133524,-4.515006779053381,-2.1219828384570882,32.30484628416371,-27.154517634448318,-2.846771553892063,28.35407780481368,20.248168923503723,2.8194486031580315,25.666989641876665,29.054702947093578,61.96594899860292
1279,12.029425927361725,21.505837301079442,-8.641861345565362,2.6318393534885383,-13.632589401002285,28.703861405997095,-29.742126607539365,-11.676034504132542,17.42095055835231,38.1849825467139,5.542497671998682,27.350573893044924,27.091139342850877,70.22087039820708
1280,18.14126681469201,26.434862172001306,-19.830367312843013,-2.2901203791447764,-13.847529964324716,37.219858284165674,-33.09459780963489,-6.483374754602392,6.687030771692058,10.163751735690528,6.882936872980441,34.739526996999814,32.639188701414746,55.34344050207891
1281,27.140597371006596,31.320099479489844,-34.38231868985665,-22.506515343250335,-7.930763482413152,39.15166003668751,-34.40560196363508,-14.226920072420636,16.642462521959736,12.288334943101983,2.472511481809218,33.68417866712045,42.56181796753205,50.00733110801833
1282,13.41203678741435,20.46651495317356,-22.143804125739198,-16.60572636202471,-0.9638032511055656,36.41803616439763,-26.095222786028938,-12.276498802820033,-4.583615298867023,6.2837394765958265,-23.56341234326156,16.412528632725614,27.54841236444575,36.00875484832966
1283,-12.897777298611272,6.5274986733520795,-29.25824147741139,-42.84583652318074,0.16391222174112308,20.133465519281874,-40.21924746453907,-35.07695724945903,-0.41179247118792556,-3.124644732850056,-34.14192552130754,-18.026087595623896,23.079793600569694,30.772512741858566
1284,-33.78531829674791,-29.196393554055213,-34.85619387523128,-48.99021305786935,-3.4916976453500292,12.524071656252715,-41.30115594897466,-49.02920039322395,-3.261622419020639,-6.100367735964886,-50.74698840030988,-20.71769634187421,5.005734080243514,13.426935404781812
1285,-22.79479329817715,-21.49909148534771,-30.836546413696727,-33.612539482930536,-17.011430665263973,12.404121215204247,-32.2953795763671,-45.97536365099502,6.320682764545882,3.9619716207707447,-40.87204639211911,-16.672948892934258,-2.040647766317318,19.87004716499982
1286,-21.427053246401364,-31.711918276345443,-16.273364035116398,-9.144875480323574,-39.901741524598876,-21.32309930501878,-27.158111421663914,-30.05307148894185,6.026929551446777,9.325141800630186,-36.14324431358645,-19.4424052099215,-3.934761113235594,36.3381999892919
1287,-8.340362625507982,-12.564353666479963,-9.525673337096144,-11.119187547942625,-48.34529466217373,-32.28835773237879,-24.394457499325075,-16.58968300200592,-2.189302408184613,-15.939647116165851,-16.342678280952015,-17.268175866215703,7.527619406688756,36.60755070526797
1288,-16.439552409398114,-16.48884158453186,-25.736061033029817,-25.066371627431668,-49.60507174676095,-49.95840150560428,-25.665337487663514,-31.702479904669378,0.2150078797889116,-10.408991920975165,-19.444309238713693,-30.777591369389466,17.980806582445283,40.4372047163148
1289,-19.994049123061284,-21.97230268675437,-27.107368976991093,-15.675856326943254,-23.73416589381353,-51.459967662400125,-21.20324924055843,-26.09676264716345,-11.147939412608082,-4.013125526769732,-26.23750619346138,-43.01074277424985,13.294040970628153,38.0401250923833
1290,-20.40195999755937,-19.747625370710004,-23.992231079162426,-13.216829827301021,-15.6999597567348,-29.898220462670178,-19.208784420558967,-18.329846729699117,-8.76496756130698,7.9217256222039705,-40.16207561302518,-34.57336257524801,16.76427557975691,39.49312165831556
1291,-11.961111167048601,-33.64792105191162,-44.44733389507595,-34.9402038696919,-26.744449395853348,-42.66384998429884,-21.381256734288513,-28.478147574548437,4.18865363331303,15.646601498262516,-18.806757452563534,-34.24181583548981,42.63975952350382,48.65316688637276
1292,-31.511802781802018,-44.5760399633789,-45.58666478197762,-35.72574224609576,-41.03657727645162,-65.44184889601476,-16.01979607975147,-39.253945188187984,6.663530114484357,0.27168647233324217,-13.601067152065038,-27.103446984604297,11.604373045240324,24.66648966089563
1293,-22.877711461739967,-33.24779649826787,-27.84272762488852,-27.718989944953066,-16.12031625627689,-51.73342481001305,-2.68406850238291,-15.543364124972637,8.812823390530214,-7.140298054424546,4.535340186776101,-20.882139379656003,14.493206992378784,7.874593866527988
1294,-21.824951765851388,-14.71671400530247,-31.38909271579078,-22.903676207910564,-11.093103974887315,-10.793543607422675,-11.363201250711239,-18.175201633102525,3.8546585265679334,-8.026672624294267,0.10776354110914355,-27.7200030661407,5.296654211095151,-5.941857501549532
1295,-33.43362260488411,-20.242403251008394,-40.93123444532358,-30.2623915492957,-19.86398235591421,2.238903562510383,-12.47629893693137,-19.534178922670005,0.41322936299589225,-6.966938926751626,-22.12648732697685,-16.19335729982328,4.693978548447235,-7.548660750800132
1296,-36.98132974191846,-20.97134554404173,-50.42379397102821,-59.05173022548151,-17.97943163856175,-5.930851299945156,-39.126248942799684,-48.6588244153255,-8.552502679625823,-4.4347403744040745,-12.379469110236077,-33.62254467576841,-11.329875199341853,-24.850365853595257
1297,-38.31161853925684,-30.67328562545907,-48.15875506198577,-49.86271593793898,-2.3486086392251675,7.077972707034717,-6.9437549228385995,-29.957344501871507,-11.394317078149724,-10.301174850291131,1.3523684283667117,-9.709289529386638,-0.5917524539187191,-12.668871648592908
1298,-37.09388560153093,-39.76079907308163,-39.68136614306838,-38.165944453983506,-24.79792294908233,-14.15445166866873,-9.279409391898033,-23.25069161560781,-4.803121041666052,4.482567450303668,-21.309248566508195,-1.9094577618471549,6.437429188277696,1.5154819049451547
1299,-41.549451291121905,-55.71889012606894,-34.5680860444492,-38.49415779327158,-45.43517063114311,-55.6222578819757,-6.968984258083781,-20.314352406774017,-6.075782464655423,-12.253454891874595,-28.945525119114755,9.814344519487618,-18.435125217166807,-14.236947925122264
1300,-28.67005209139495,-53.183224860881616,-14.698628967397063,-36.7921145298059,-45.227269158506026,-68.47944022707598,11.036975008116363,-19.456408619244673,-17.220667354923766,-7.427071199017586,-36.75541889053154,19.755747526281386,-40.939528302473484,-20.85272436346337
1301,-17.85898124997473,-35.210531930715845,-11.470621203337798,-18.123069985443152,-41.370830014323225,-65.76598634923563,3.328057004432415,-19.67014843483065,-29.99072366636011,-2.518232807635659,-41.071798175900256,2.817726635324332,-81.50412716446165,-46.5380021352741
1302,-32.702705289581196,-42.956094356363074,-16.531119450769022,-25.876580355995916,-37.411751840026355,-87.93634103182053,2.257976020536181,-52.866423794742545,-16.791591793484027,-11.402237254300573,-30.534180312838455,-34.262179555813105,-73.70939662235536,-74.28176239101296
1303,-45.27882890826667,-49.94201532766397,-28.003422488705286,-31.9169807335665,-16.257469882906594,-71.19900164108577,-3.3067763863744104,-47.414189620921306,-18.53438948749869,-3.227310431195072,-21.32746212448415,-37.880870281923734,-68.8469822870986,-74.9380730838658
1304,-33.96744209776056,-44.1497527570497,-20.79093451974398,-33.48235859314669,16.367880999981953,-51.804615421474345,25.38049906859363,-22.27251412405422,-5.154302944352782,-4.305154043367239,2.6976063149145144,-52.67996448952419,-29.360331603749742,-68.68009495782756
1305,-13.176676183253088,-24.81196763158163,7.010685997833679,-4.0440116548868135,52.356443149626315,-20.656669933584514,67.64859284374276,21.31418387292399,-10.757628130982965,-1.9939449456475353,28.60449025782183,-31.18474887559489,-15.495268318432737,-44.651030865142395
1306,29.782423338741573,11.183599201237627,29.714749933387605,16.100071998039798,78.65002141313246,7.151239783644793,90.4364799925218,53.75336742523665,-8.519685792464633,-6.488490011531053,22.572469597848006,-14.985729062634997,0.9028550203216263,-35.29655258321781
1307,23.15157069327816,13.232847576140626,20.262088441139124,13.205992704885366,63.45806563936027,0.29584476872830273,80.15878535529522,43.496120029028255,-8.520210444601885,-8.128839729870847,1.2439594472215063,-9.414597260615658,0.2915011724531131,-30.846968860081407
1308,7.060217434424715,-7.447645918865069,1.4906256235868653,1.3602634372950677,37.49548974497724,-6.705331250818439,57.74036455457139,18.899021913583717,-7.464322500379315,-2.1995087559420954,-6.93871271325183,-13.541238262661754,-10.191890719400371,-42.281960880289255
1309,8.063586258113899,-16.11324360611881,-7.712622947575883,-16.110230410418758,32.97864795016344,-18.142006149748134,60.71190714529723,17.061350131192693,-12.682887219368965,-16.126800346120362,-17.799438982081966,-11.410170365887618,-8.672522841589254,-32.63657401301757
1310,13.375863305685794,-7.234776809303332,0.6582984420143595,0.9441387525915238,25.545839812330016,-2.640308923520056,55.06458622294755,18.846844286416648,-7.363655136848288,-6.863098174658864,15.734960106535707,10.390683118856614,-9.670626056047398,-12.086200801546227
1311,12.512579834700055,-7.092310889281394,-0.8284547470344075,-2.6536161255291315,-7.870700960664335,-21.712040257649814,37.49950131226881,19.507621937769432,2.549651856801652,8.965400434705838,25.26812056933808,17.767090129424027,10.232885494078998,30.945006127769897
1312,-10.737722508610332,-19.675104171093107,-14.883040133278593,-3.11740648772685,-16.47170591871255,-1.89365394341964,5.0538542574436605,-5.87329156648663,0.28157192498422123,13.20311066446631,18.85636510659595,47.02898071276902,30.12180936597817,58.053562960844175
1313,-16.37084622658363,-6.98189055350394,-4.287778919196289,-13.341738408654244,-6.881043871409588,7.053021477248055,-2.7887865872295086,1.6702211542837475,17.224476312217565,11.431616879289258,37.636918626204135,47.72728500337201,51.15964169634283,63.835332339530304
1314,-1.0246362188716214,6.374771922596333,-1.7909319644087025,-1.2283814466480205,-2.5980858644169293,21.043369130887775,-13.312606606219074,-4.44793951060843,15.085774497389286,12.567274866622629,39.64710871321488,37.36236335308524,43.84063665615146,54.940270640610215
1315,12.407723448072955,23.38395020628547,11.813303086795463,-2.467907244335345,4.43679141415645,3.262651342850216,7.544946764113176,-10.315240078776187,21.31173917250473,12.883308471906908,48.67822141456567,38.79806367262422,37.675775824731915,26.4681741757681
1316,-8.75235963781882,-4.239927247475334,2.096483161892172,-1.7002733168857596,-14.299767768504047,-5.801916392806045,-4.2100683498152875,-10.485504744441357,9.76718008348279,10.566755460289464,20.46849114000667,57.096034197440886,14.619148076413294,14.35907017546213
1317,-14.36469752383705,-0.9307099888538459,10.136486867140258,9.173032096701673,-25.132489169804135,-8.527628742437702,17.49822417387214,11.414673305494082,4.26549593888451,3.9586032291162043,16.925567189290263,65.6604824439471,9.358248102658626,26.68455279153051
1318,0.48432986604383405,8.850523801220303,19.43637654144291,17.827753643545357,-28.19876468853947,2.7420247195469516,19.972220671088454,14.011853595850885,-1.3889146205379046,19.21022942538123,4.196166674266799,37.42953395645097,6.7794378304976926,23.05041505016759
1319,-6.08904331725158,-5.820356455143839,16.516006873170525,30.066851795512378,-27.433822280879852,-9.629582616795904,-1.301867230648913,14.976461743162783,-5.8549054546124255,11.546634422102883,-17.849672388098814,5.067571707048493,1.3719706608734035,25.034783145778977
1320,-19.461703581852227,-20.33289710509385,-15.874951663813592,-18.85340772005057,-21.73012434524519,-8.075697460312771,-23.941759315009016,-22.091129211093694,-3.793506599737837,11.480064876522952,-14.308448469138877,-5.462940350908923,6.665203329928851,16.87916503785211
1321,-21.65491027323296,-21.189381896349918,-20.78063049141608,-15.765814887784284,-22.304733438621902,-9.36625012356292,-34.04314843813981,-30.65889109322565,-3.7555274899141917,-8.955164300593017,0.27592089060138836,-16.49066699893126,9.606282783060063,-2.2084529839449476
1322,-13.973486127725021,-1.9451555702004968,-1.519404602807594,5.189941781100638,-3.6095334885276493,-6.315155697663893,-18.389012151173322,-15.471489039204368,12.093484402979328,-16.523103650356838,19.634580010780898,-7.997229702658394,12.053556397863908,-32.97619307963642
1323,-18.725910328403426,-5.321015442904691,4.199838743244455,6.079691733161307,-10.733057327331142,-16.393800059792618,9.379331322150168,-10.439098154446347,5.9023529720884405,-21.062330106233006,11.19829672787198,-43.68038758016813,9.668621630675307,-74.69240589134101
1324,-31.700085869878528,-30.322811267609318,-7.387387236938952,0.16082543186665577,-35.15793098519415,-36.767107238121355,-7.723218438678826,-15.99476772353766,0.8974231313610405,-22.088860589017774,-12.02889532048996,-57.35351317030901,-6.541232126721092,-82.87667075806017
1325,-29.05090269056506,-26.65143528661961,-9.05954107014828,-7.4198903005474754,-40.69034066892652,-29.27914083831465,-12.605352708145517,-14.034063809731402,11.500633623411233,-28.142545025141068,-5.298905778821223,-53.83314158728063,3.6514113957348284,-69.14421959109895
1326,-13.484575371272959,-13.615859828163867,1.68672464357266,-1.103539317626427,-33.45656892980325,-28.825652408784297,-12.957930912844436,-18.67646846869795,6.947692557307351,-15.559117133809973,4.9887469949719705,-30.53700956857012,32.052313470226416,-32.06805564350415
1327,5.87750021292433,2.9695677926047224,7.1456972140824995,6.788958226505253,-21.928736270488812,-22.605492725112192,0.8839160807944558,-1.0840914820352872,11.750134014755162,-3.295804039712163,15.486584126646857,5.1964892908808205,48.079667450904644,10.831001780438443
1328,32.477560961852944,11.449850138542498,-8.262444713073151,3.035218475461153,-2.0187063000914476,-21.925349701921768,5.853142481170492,-18.522442032402967,4.254149038393129,-12.232521970341182,33.37621416152602,6.807043037415832,40.927070216050545,6.31464750752985
1329,17.35679458004535,9.521715639083665,23.957206698163237,19.487297517353355,-13.743173602487182,-15.799814000862883,1.399861335717991,-11.513135444634525,10.549365272955871,11.158119111187919,-4.810223838781171,-13.072790597127302,25.236229688189738,-4.332052437172638
1330,-21.069906709511947,-30.954807983303937,-12.126981287379673,-16.540410189087037,-30.248376823685092,-26.61826484215238,-6.137262678815526,-19.55452701930631,1.0608390200427191,-7.330100651837132,-1.9562333734362598,9.753781755867776,12.533304412230903,-21.383969973514656
1331,3.9059722719896235,-5.25028274651617,56.68600522942578,57.53498321638015,-6.219248742897145,-21.356773851095852,22.975789338476115,25.589346032122954,-3.981996051539807,2.174399862450365,32.01045752043741,10.51224874118818,28.34627603330899,-6.705303953790721
1332,30.256066320169808,21.80024356146312,101.99398163759484,125.67675336190463,0.3202718112160947,5.008532207616997,36.33423862342831,57.21346254497396,-5.387999558379723,-14.160694500550907,36.02172117980834,13.468757824140939,-5.38719343285556,-37.080337061200844
1333,44.5496869376423,40.371119473072994,127.55284020000413,139.80538735303034,24.551889898031025,39.82676463509896,33.638417863877336,59.67444184224104,21.10182018115199,2.9955809973624605,33.99195629837678,42.317160263355404,13.997606636656743,3.6103576535029522
1334,12.508341010211645,3.882962148267393,92.15163484845124,105.92080474742843,16.14374167011612,43.86840132059864,-10.101176709786719,31.553472338725534,-3.6460211400376052,23.54649462055,-10.566618801768662,38.57197173834042,-17.58431457639754,27.21929461084802
1335,-13.523634078965076,-16.38822628334683,50.25218139463644,37.71953438888567,-12.449026618434653,-1.0499025750295417,-28.89358644156284,-13.089189634962556,3.0912582568726314,5.14806781109187,-30.315727041734846,1.342836634717831,-34.50219540733617,7.173950952498168
1336,-28.13861084895324,-24.001389091706876,16.025172990892226,7.625008021466831,-18.326060839155907,3.525834847629081,-17.03476703097613,-8.84573544804928,-6.755581516920007,16.128724309633146,-26.57828473444794,19.863772104208465,-34.186735612099525,17.59977573584359
1337,-20.371693667400294,-15.117562043747544,-28.06775959141763,-29.738358102556692,-10.1549067127906,-6.471979042669188,-14.166560078188885,-15.13424864549513,-0.13750157482103198,13.910539625304537,-16.860028521717762,8.541168707756258,-5.154022969679056,21.14357305904866
1338,-10.866703612310475,-9.341926269614264,-1.1805446373941129,-4.242599447846603,10.079124947905147,11.22916775485472,7.988703051681761,13.896591566849736,-6.819469255044034,8.459874652739966,-7.278268398458488,14.381549134636165,-21.395822989955693,-1.7597681685994262
1339,11.09879407995016,16.02089933644448,-21.421196940882684,-8.963980186482154,13.568903060989,33.197233864249604,-8.82905511813916,-1.0976486200683049,3.620937457261931,8.871644589796944,-28.288572681711848,18.69105096081721,-9.476510856416795,6.545295112787807
1340,19.78870079838687,24.107812415239213,-15.547633531659509,-4.324112606190871,9.837126745402577,33.72077872199932,-6.04857489295689,11.71913306497574,8.0209826147268,17.448282144876277,-2.816773226249337,11.094186011939051,13.967869542138404,20.92399706812748
1341,3.9405683915169782,3.0430015317172594,-18.992721676361814,-16.445915672398023,8.008668647017885,35.622720298901996,-3.891966606292526,-9.276603900214303,-1.7653394566559228,3.0237693680531854,-1.58147947073305,3.7517501288642885,11.413337297315225,7.41975411151632
1342,-5.529034253203971,-4.010075302468871,-14.941754436839979,-19.31652439100484,12.913303650201529,32.97780824200454,10.412536174708631,6.507337735879766,8.669711208565758,-16.890890709691874,17.391766965963445,-8.779877388848904,12.124341459620988,-10.978255378924713
1343,20.648512709582832,19.84986454194869,7.652304777419235,19.54678282256089,24.894486398451978,41.342172366775785,30.482532955063096,29.561344604518638,5.708656963549739,8.34790253994125,30.10098781152586,21.978931786741544,26.547162583983205,40.32523462572737
1344,19.835829646432114,13.854627305553036,-1.734437418112108,-9.505972189804403,12.43366240628229,41.93451208541281,14.529516002024035,13.740105993930474,7.812308163784138,4.870578582027889,-28.485176432483506,17.810299494906317,37.78819006887266,55.05518889549835
1345,29.80628818272775,29.39941532739046,-7.436102376524613,-4.660277882844761,17.722497038973454,23.081525604605904,21.572899896322635,28.62030559480733,-5.093637622742423,-9.954519541350098,-27.24052041664168,-4.128187348126459,3.3509122073144777,14.255925887523468
1346,26.82851437000204,19.652375430718486,2.8629259227882797,6.6224737162962395,9.673975258536471,17.42292088893968,0.4833701351166097,7.464482998022881,-11.453756700043309,8.33596967567426,-43.63023455032982,-10.100875730606099,-6.757958758434361,29.526989145074708
1347,14.073175612004865,5.724632486169267,-19.450741741035486,-17.079244314180038,0.8636714408254736,20.405161284492983,-13.629763522566687,-4.388474942468366,-7.8413725251332735,13.08217426289885,-63.04841269687085,-22.722945919958036,-21.674976829525647,2.9266472722223735
1348,-8.944882219171754,-13.183107961080022,7.558097466155726,6.010585933483693,7.567559332602224,12.984532134027237,2.206916024556949,21.67323310166487,-18.31101240143337,-10.569621612848204,-84.8684686556156,-40.98879578026467,-50.97132817288665,-41.99559885248311
1349,-6.859835824556994,-3.3430710856438517,-1.2530383815296469,5.091689853729048,-1.212265510475807,10.421082368974098,-7.24561591930569,1.7011521540761603,-10.106980688359718,-1.0549769082220275,-84.14565336217656,-37.80568217574291,-41.903512278887064,-37.56236169616984
1350,-1.9752046358151532,8.139407661384976,-9.716418816682149,-0.22276124581985934,-20.650114140508464,-0.29669749069921103,-9.668128755482735,-7.832462048273024,-8.827277892782524,8.775965027303819,-47.05854627058233,-18.963866338771645,-2.860831934593704,-3.6140379566871372
1351,2.4211186111927154,7.759181734983864,-10.052265853635433,-13.272119799683534,-7.186880758839973,8.824953603991101,-3.450375173822725,0.1371801524250859,1.2929365670522397,15.345470980708075,-8.311035780144513,-9.279296025124475,24.89943196468323,28.55731485532316
1352,24.271097544044927,26.694153904151836,-5.5577513076478695,-4.647399068478288,9.24648898314502,31.545853766260773,11.0033767202976,4.84158022587499,-3.5422968306835583,9.735188332109702,26.177499948268732,24.6449781331251,32.87894184337939,41.556275694273324
1353,4.350275827262559,13.783819705003479,23.48826920281778,2.057674833647759,15.688171185052184,29.88615407511409,16.027085153777318,10.953769897800118,-9.92588893420845,10.84790213575031,15.382735941248994,54.12740145225744,8.660844487710005,51.111348731115534
1354,-6.494547268756782,-3.9693221928767484,14.660296648325291,1.4229433991840392,23.585478911173023,15.358796184109083,18.168640677985778,19.508157669260406,-31.411121769153755,-2.694364309297516,6.522726105595245,30.37034936218356,-7.484096163298189,17.657160101597828
1355,14.637267417945148,12.704753362541721,6.613237650817446,-13.99213928036044,13.578665508586557,-0.17989731332038872,15.554481959979926,14.482424844268916,-24.566435815679068,-20.54294729993973,-2.357580845487627,4.206691581523352,-24.440753407733492,-19.53316119865283
1356,23.108927261966894,24.275510382498155,16.447120608033142,14.774214718584936,4.88895421133904,-13.0362278569947,26.495634810575236,13.475944847439274,-2.233269217331909,4.104526986583518,6.103785405675021,20.35435162137741,4.4386718663371605,13.261631039430927
1357,-3.071458574315567,-8.80481660096384,-1.1999581725467765,-13.210699508429332,-20.757275821175632,-32.10645873047643,12.135435718827877,-19.355519687621868,2.083064046591703,2.3984453914261326,0.04038898774898625,32.00347562245018,28.881807600554907,51.260415116632274
1358,-25.79089153018038,-21.199175270942632,-26.25127163084291,-28.524641427870765,-4.540623566429384,-21.616636891053293,2.5302534005010933,-23.67391980112729,-11.537463674506762,3.941249743779153,-1.235743758865421,18.368959350211508,-3.3684686156150616,30.31428366511642
1359,-23.967344582686625,-29.37948954224423,-1.7291637236105746,-15.763854955849116,13.620387017051423,1.219982894980222,-8.269798092613332,-17.66111530298491,-9.82191966921428,5.820358036688273,7.153914720082869,28.72052774973018,-6.543447032256751,44.58663387117393
1360,-14.923830035865892,-19.37484372335032,-20.144067950822045,-24.534570145909566,19.07646179373989,19.652788677544013,-12.051651986008348,-9.264824461330813,18.160305735449125,17.53358787482143,38.99751432210839,40.73988317719762,39.28975098505401,74.6976859681653
1361,-3.751933249463244,2.017700932916207,-15.642543340648379,-13.509648543137274,16.343608618549958,15.139622440360489,0.3083082208290137,2.9687529530513483,5.002732987824948,0.9694750926699243,27.572733035180914,27.667167134442987,41.97435724476989,47.71171753776389
1362,42.84813966089607,45.708836343210876,-1.185586947874139,-4.974501433587141,33.187893007522206,46.797674711388666,-14.424316909470196,4.440024239000801,-10.514199515155605,16.111013364984014,19.156280568685872,16.481696381353068,9.161081737520403,18.625816447244198
1363,40.89149279398238,58.93648437429169,11.678383885685404,-5.112310098283549,35.13509206143485,50.09008717118825,-12.452728481915445,-4.830161149351715,-12.588399839992782,4.607771395646366,7.487432993508554,-1.19018551009019,-16.931900996453525,-11.543956067581512
1364,7.776976164033128,15.186401042441867,-8.143412970783732,-14.588936500417208,50.853325086178124,42.462533402631024,-8.645210965198133,-16.38488900567001,-19.736493944827455,0.3031655876671143,12.167357065716628,-33.38467469512435,-35.841448125699245,-63.680651954525295
1365,-13.26028736538938,7.924655654231306,-7.811873706546716,-9.000992391385504,43.09425657848728,33.86890821290084,-13.270629260675312,-25.046332860082124,-4.3315377245344395,1.1250077883144294,14.742817150931057,-28.21267618359668,-27.221194212608353,-42.700853367706
1366,-16.111097313525573,-18.575977006921853,3.047099520498122,5.422804010156879,20.526263368470637,4.446720010885067,-1.942980616004211,6.355839184859851,-22.741782458857603,2.4400544653372904,3.5833473477154176,-6.555541257277284,-40.87596036994413,-31.221596383986718
1367,-9.98406877374641,-20.55207507599616,2.78742392578385,-2.0807687751763977,-6.681308262137543,-14.687451786788886,5.201381378268986,31.2300455541654,-47.85977055239861,-34.62188637166505,-34.55069657180806,13.073885144187582,-68.93489288431752,-39.11332039010687
1368,2.3427331324443736,-2.8839134870788676,-3.0025131989794343,1.4187705686706942,-22.61311387880832,-24.769518788037455,-2.891672662399434,26.507762852754837,-47.26284123566978,-21.17737601438669,-63.00477124054652,-8.618577088705514,-101.10127930832847,-77.25626783703598
1369,18.333628380598093,23.20558947300222,4.589398374369561,4.922288673914767,-11.989214708536528,6.319200891795357,-9.787607059828831,15.795859822148481,-45.17836124567921,-36.061727362290554,-49.03661501427774,-35.09476838768439,-88.94313108668894,-96.07915716637912
1370,23.505452507173985,30.165832831999744,-28.135527981815887,-18.829086680037303,-7.822588493034573,7.349275416377177,-19.616168362305594,-5.618691688427376,-19.116792197037196,-22.836575996471026,-34.41960317590262,-37.847481522955235,-31.691648216424635,-64.87473895874872
1371,18.756772238281197,31.691033092685416,0.6848516136293884,6.704095704056445,17.83017387259395,14.950541272288527,-14.417149378612036,-9.941599923050457,5.922370554215864,7.919843869043161,24.334568479826494,-43.08791301623771,12.036884364427852,-35.48731802941853
1372,19.95817038609453,16.620443535665157,-10.9684150291392,1.5454100853419444,7.17278178621379,2.0866741858962388,-9.68235316074393,-12.625026180939027,19.680736061790103,-8.149704562415605,51.85764955073721,-47.37461454538127,41.423978779969396,-13.652837503062637
1373,20.674393308627284,10.281224182735542,11.669036193856487,15.755319086892912,7.1013917637388095,-3.8876085821774375,1.209291161165791,-6.3668575436316965,31.525247316100906,-5.728931636629802,89.94146376945075,-3.1711890914594676,47.31881653942119,17.07741119303108
1374,29.066100875793534,13.413202547260909,-23.978618123103146,-21.11036142708766,-11.398512422696358,-29.91015460015455,-6.395382598301951,-27.25546336552635,23.692903927744236,3.05946512602429,75.26894789502084,-12.496910563027285,61.78588400629797,25.542705179011577
1375,42.714599455077376,16.54330149659192,-0.5919651373672074,1.5386906149022979,-7.722229523564581,-58.23389849620032,16.89995334358753,-13.373883714568715,16.501529655112783,-14.532491033456415,56.12216107108607,-2.748414219845455,26.884260555076743,-29.91366865180091
1376,51.09700756224661,33.80867451128166,10.096219511913308,11.774503375063333,-16.832311305644907,-49.88744502633516,-10.01331604061809,-22.69125044657315,-15.582488172637545,-8.47641851800802,12.7810530460633,-5.268261760270164,-3.9478431678151367,-18.39521070529608
1377,29.76279580726627,12.029813462282494,-6.505089150661842,-21.21629619543734,-24.855132888967542,-58.45534434378501,-27.576706978705015,-44.46714455079879,2.5007540025417048,-0.7410246977498456,-27.196496519127148,-17.163114936992315,-20.63913609533976,-30.70212922589836
1378,18.43656128176369,1.0181087979448444,0.3082616880691071,-6.714055892080483,-17.277388646232254,-18.81375181130388,-39.110232601532324,-38.37342324251818,0.49129606061348774,11.310454665439211,-26.531152420544036,-15.46440036508043,-11.296959201522155,-12.001864353591776
1379,15.662045153747234,4.754663302368035,3.5441064538576317,-8.61959930867511,-22.65305407433799,-24.738235628818963,-36.378417950576555,-37.4955884565755,-6.518846764066886,11.474594204188751,-27.078191662989724,-17.287032496147162,-3.1682538120560397,5.414640834559989
1380,-3.8805438775246626,-14.455759726826656,-0.533295149732986,-7.2809444482935195,-22.046949632746138,-28.105832227100713,-24.481733771960787,-29.306604345535952,1.7776241164951072,7.873780739117823,-9.514449834591272,-4.064785754343188,-5.155678084670786,25.299729255175155
1381,9.493359298945226,0.7453985430688341,0.40374146058124943,1.1108633825572123,-10.094180299877904,-22.92423486307494,-25.585984471354617,-32.16452417058592,25.981941930237056,9.219612854775534,21.87561055778599,-0.9428045771654602,26.182557694911907,29.493532384614358
1382,25.089595694011567,3.8900189548076787,19.130200518394,13.892941937452806,-1.4812160071284561,-14.460759136350811,-8.195670816765256,-4.8150912708460805,20.1512356808156,9.683633197267891,15.841170761534137,-5.733767931038086,29.79856923471646,20.04328097207207
1383,35.95691518967891,25.920253441615372,26.78617321691942,17.80981610246552,-0.5475971204737795,-23.136838433933697,0.4632704264532345,-10.272787757289025,24.82178342062439,25.452158559268224,6.7167145373738375,-36.300553305952306,31.714207947341738,9.355045569328489
1384,30.18040789529154,20.26706193560378,34.351326070028605,36.954376770403705,-16.66805751281416,-25.47263806458047,-5.072678279417879,-0.6115220378596997,25.15149098369463,10.937610147712121,-13.071726663519073,-25.798703270217626,9.325997806260961,-0.40129322241343796
1385,29.850409318704756,17.18145868096212,21.590024865454932,20.41666667738061,-12.917640676523975,-37.06044725581477,-27.141890474019835,-38.830491530089496,22.229910448457748,3.3659650078146672,-6.7904094220475795,-52.022289172216624,18.31742121781169,-22.30237738309386
1386,51.26965721177888,29.282304164003133,38.98646200665823,42.93168457571975,21.161819163929877,-36.397913664352224,-11.207808796561315,-18.4898410667975,33.22982036345059,-10.332667254048395,38.59356214937683,-63.13953319472267,25.29742933010696,-37.17211801036675
1387,54.79145431718345,26.07453912413218,44.29464587242222,53.41130570920534,23.649642563184017,-30.62146040349134,-13.766580177424649,-12.916235720283044,30.962195964679353,-5.5486137920855,50.182135995310254,-27.95561200164835,34.821966534659694,-12.361833257189774
1388,47.58200278439665,16.47664359638253,46.9623144964892,48.91603569725804,36.5883579485657,-16.356746777175175,-6.706485001336867,-9.066245328326573,33.92736057129675,-7.053923043069289,45.55356532553027,-35.95440082563895,49.52099073685399,3.465119077901238
1389,39.43063638167069,18.40448344444688,55.47091371747785,62.270569260374884,40.942783649889094,-8.428737662656463,10.809278611208564,6.464147767928554,36.006427224609304,8.054952166465856,41.91877502313516,-23.654040959559726,18.361044698907772,-9.893189568133714
1390,14.659928450568685,2.2683236067196106,72.57147832637945,61.660064169920254,24.327697646169465,-5.584681800527207,9.551370713839603,9.333707730363656,34.004620817342236,37.17591713958129,31.106195828441088,27.456751027977774,6.268247297563674,28.608512573859375
1391,9.450424989110486,2.288882079537892,52.71184447630181,46.876924911486356,2.9635566691684194,-11.799877454105774,0.6190041352523353,8.632867084834311,35.01021730703625,20.730994388614846,3.678991111000772,36.6583382618982,8.665217179081866,29.3016377111599
1392,9.02721988931614,16.977778438899833,53.82096385934718,57.73448297891266,-2.395684320383623,10.575783114193001,14.624846817152543,23.807571212690828,19.10093986633972,27.82603570248017,-9.200131070288071,35.307965065141026,16.581205992620596,45.7519989476404
1393,6.885597081156693,19.812749076472244,31.15042745846135,37.26807069248508,-13.222716593249265,25.54383282965356,-3.368658426328684,14.047734508624128,12.950194560790267,39.372401689486395,-24.940038041971928,44.09210993811413,6.933430086127251,43.55917573522867
1394,14.974380009574759,22.1778543105786,36.33951543848543,24.300945655496555,0.16288469783437254,29.527523840372343,16.654911791302432,29.39055796111189,13.15442385736504,36.383711537311044,-14.356495112650084,54.315104378419356,7.871665179546336,44.91249456312077
1395,-2.9963206142876397,12.883572162477694,27.648048825447017,17.84288975181703,0.8168895171028127,24.394063424230545,-7.60134587956185,11.251183701029927,19.659311511437284,8.612402186659013,-12.002662101221055,25.344687405217464,3.629815954476337,7.992489753283345
1396,-23.754580530094117,3.7446400257303827,11.08561498387501,7.518952716743434,1.9829176910119237,27.226972253697603,-38.08169574681316,-2.766870864057566,11.763206697971604,16.034703905921198,-20.977902010083984,4.125250471707975,-12.21616818097287,-3.5678735033818922
1397,-19.080340489547172,3.830032620116053,12.661161017796042,-4.080637220595346,7.106647599098666,38.07884091894443,-19.213846355669187,6.215042062367966,19.480167166268696,19.995296433532882,-4.888843447887235,46.488049070712435,-2.3992417262879573,25.8735256939884
1398,-16.677513405398628,-2.1155219871180977,9.534910191675642,-8.932544895371143,-13.094408630027907,14.197757060011146,-12.007943234426639,5.407106850121707,22.15582084632071,17.03539187028774,0.8161251460699415,43.187963139641305,18.65360794656758,43.329279807085236
1399,-2.2055839088090843,16.38581431954639,14.685016781364444,14.08016970953088,-14.290812912856353,10.005725924410402,-5.887961525356613,13.1076280324524,33.41632595192141,30.039478537304962,-23.011868516043087,46.753849773545745,15.400668009903818,40.2656544588651
1400,5.478141515845412,12.415626633805593,8.458981339456844,4.522556927922599,-25.912238190087628,-8.150269745127707,-7.556506819994284,-0.872169233238633,23.86027192199281,15.838680449098359,-34.44802903676784,4.506458617364438,-3.21662772483504,10.538656626100394
1401,8.730190630233743,5.594659977878678,-7.79647584499163,-0.16284726648353487,-23.872990208965753,-2.346164478693545,-6.568404089613899,-5.732241412658858,7.3222141017242315,11.367209642959493,-26.612572631958287,16.179521958666143,-17.866502499737805,-6.421181655594136
1402,15.682683655123457,14.852423891067538,-8.293683640411368,-6.980265209896401,-9.547671842614884,23.43086362376644,-17.876652026107752,-9.264120387380178,12.325481831598514,16.9556734564213,19.28710220992563,30.598610552139274,13.587154628857215,8.417460778911995
1403,9.024694094099162,11.885853512940713,8.857707002507361,9.097090268069506,-1.1946521942808044,24.45306307412638,-19.863592983804974,-2.979473647860737,11.913777721318171,19.4568457199247,36.46246292277209,18.17888077975036,25.49645715194027,16.491123488124664
1404,-7.37568143034372,0.9752079388866806,3.0205159356718045,-1.7332905015675764,4.618238354431446,15.713988539604832,-29.170769327001285,-24.854710252518714,-5.621882507933503,6.272612791179202,15.177662489200713,-12.656834074496196,14.613585288553146,9.473323031044343
1405,5.264976018781529,18.483268277960867,-3.225742986159025,-3.492118464590229,-1.5630865571077979,20.28387605255831,-30.897647075283423,-26.718766583261225,0.5574575184873242,7.801862029882426,-5.323596744773977,-22.579984559746748,-5.581806056728531,-5.648733296029149
1406,9.33676345108865,19.714013639377626,-11.617714784462594,-10.835412697556945,-1.5897708348427533,22.426845454247307,-33.81816549615131,-12.737013064076185,6.584916663337988,20.265989977059903,-21.520305600004836,-7.808774394232106,-1.6846215339758492,14.608684550932212
1407,21.680533760228546,22.17120288465676,-5.185864937063205,-8.410116960561979,-2.0227452685627423,20.701199223351203,-13.426180809225828,-5.499848579356485,21.23886977117695,27.250342434244942,-15.799689717392177,20.271346726197994,11.426401989381379,37.86122282206196
1408,25.426592755250155,28.986295884964118,12.753357411844972,11.436561372983702,16.720309663111383,26.393461908142626,-0.24669755034190238,8.243950527716027,7.334801784555348,21.951907820176498,2.9121670349074558,17.821499875304728,9.246833370722355,38.31052364932152
1409,15.718215024997768,7.7261143177136375,-2.8063027704215338,4.870545501554272,21.209370166484007,1.9675951775306033,-4.252414492921732,5.229702524958248,-2.8829294752591377,-1.4849494888303485,-4.264067025298373,-13.368943361429347,-9.286819232724161,1.6522284956560152
1410,-5.009272762631579,-7.434884777905472,0.26122284421570524,-2.81079752503238,-1.995621681585729,-16.13359150969746,11.451013599244481,3.063841463254192,-10.54331088391695,2.5051464574487246,2.278644013843193,-2.5901075149276354,-25.06923212373494,0.7702782432833708
1411,10.550121084832174,2.423280219538137,0.9631341313989216,3.9587702073443154,-3.6814712164387844,-9.193271371060163,17.975260639354964,10.384442085913273,14.769802990874005,2.872187699286548,22.02556461207657,-10.0317209967102,19.001110266313596,13.198030578287351
1412,23.624466757307122,27.895072076233156,39.64071026807293,27.972491918916063,6.858700219190933,12.10388382561048,25.20561678746636,21.06134217641643,22.269208446411813,3.3981882742544216,45.94799025053209,23.352705692832508,35.36287905195304,9.02933761679874
1413,26.047388564740213,25.51151653607513,49.55782005704691,61.96697429025805,2.1723863904941876,12.053457821118839,28.56769574181851,40.770908625588945,10.379814263301729,-12.805170730034563,38.41037730559346,10.460074206543494,5.690055045319557,-28.966786520020754
1414,39.30489021741279,41.2592716708142,38.56967175495836,38.594376016734756,26.103438185228143,20.36593888063181,38.59831946643741,32.15121721211367,6.46680435468047,-18.436462729103308,17.28307854604047,21.171625606484454,-17.067547941167973,-40.56346503820157
1415,15.97101223312643,14.545632008341112,6.586687952673625,6.980620865165116,28.92170356453381,10.761858171387313,23.16926131336982,21.897892043497905,0.429602660950795,-19.128728575130737,11.862758636409286,-39.76695985933762,4.212822067800648,-37.36782231062065
1416,38.07443097235354,29.168150998519327,81.94561319132684,89.8341998125022,81.67124062008622,52.468131251550965,80.23345858953319,95.26987495085311,-5.53757341908878,-14.243166460319378,36.957595419429786,-11.191412139003157,-6.038229933675956,-24.89506373912724
1417,50.88445054368549,53.09540507541451,147.33056722100875,159.47029840166672,89.39454519694254,76.71106233032931,128.2541179024875,136.58702693803474,-2.8683870254549255,0.1493308720697275,68.79546897619247,10.69722583981942,19.149992620722287,2.223927091923807
1418,38.487678922444346,50.44936001042082,175.18753738237237,184.50196268028236,103.10184025799217,77.97393281032613,156.98475732432567,152.27352912074872,-25.17174248877477,-31.672416190315722,54.78507795765459,15.667805074763635,-20.612194037703425,-14.260546576516079
1419,19.49337498164938,24.74198539604092,126.63880759557277,137.7853366618748,70.44607190824169,41.45830568997633,99.63966563409488,106.13558818884272,-33.46970209067924,-28.977305983729682,2.949253340395712,-13.797951251953693,-45.52262610173144,-41.44365364107102
1420,7.246678730664166,0.7868577281886449,63.73204795120103,83.96015337909185,29.287665175123514,24.79166076918312,51.51922505599796,63.986894747233805,-40.34406222306387,-6.20160617183708,-6.038265970544776,-2.9400720323558946,-57.26945247710335,-52.716683715690415
1421,-1.7687448315464047,1.6766717529251047,-6.01349876445169,-3.800584236356498,12.04211741807055,35.900400313738494,18.748250593758108,31.175622168580663,-28.265132052371598,-5.936895233204394,0.8973798679723428,18.30956906176549,-37.46042306795313,-35.10972319921434
1422,-10.370002077801033,-3.2227926811962835,-41.90304891230074,-38.404012437845395,-7.162215393544414,51.47342791614694,4.702680836366279,12.31049532826356,-25.429056777135482,3.798035779435827,-7.102163863402991,26.43728054838057,-3.0179614422792733,6.0698595606079095
1423,-22.00903702335953,-2.5132190610911085,-53.50580087008853,-58.163458383493996,-9.402586377601711,34.0123343718602,-14.472733722846447,-15.507779910762736,-26.668725204081984,-7.0493018672995404,13.556175252397326,37.71466463120429,-11.596308503502355,-13.805907756973511
1424,-30.15992937761127,-0.5546362106604201,-63.07243135250425,-68.6498100221382,-16.39053042044536,28.26671836760517,-10.873423371882476,-22.213866150592885,-15.86553013613221,2.1396925984850554,21.08019421517171,48.21066899575151,-4.814539591586178,16.82751356680835
1425,-33.77624915136147,-12.759207409452296,-57.317095125866764,-63.53492309031414,-0.6412312077050177,19.368451087405614,-15.232135332595766,-27.120309430241548,-18.021831504138273,3.2198527629919367,23.717877255033148,39.61929615062723,-17.893860190534227,-1.7424443330222437
1426,-31.89533994450225,-18.896693915867324,-56.442917883929674,-57.39822581115739,15.037679423478505,26.86586769387396,-6.978047346964215,-25.189246498562404,-9.87663410792381,-4.977237814375413,20.5435261673144,51.13396777999974,-13.273843649548583,12.532830360238295
1427,-17.29200235556504,-14.45788881515004,-60.1106066758933,-60.53614442378127,25.70501585953783,22.880129382501618,-0.06758463827294037,-16.850932893671633,-16.73900656872475,-25.03435593337418,28.79166714599686,55.65244104947479,-18.24400321844737,-6.2266671847493305
1428,-9.25018733457906,7.613988916515174,-62.296882520194366,-73.06542934831629,37.097491357224136,45.37180470101918,10.054326000096939,-4.626531839188037,-22.670516600078525,-7.110893688565696,30.144669770162125,67.25610021175703,-16.285470144785993,1.5997040853301405
1429,6.167028301557045,28.03285850133158,-39.47276246626165,-45.62640359728131,21.525828291158838,52.54683184349776,18.250545315584933,27.649321208523197,-21.704553973012683,-4.474238827399595,5.520446773640791,73.57447718739935,-38.72990757192408,6.6420949474301585
1430,7.527166621282851,22.46904339118447,-43.97351835355443,-38.938395593061685,18.527625025850355,54.958253884954054,13.300585519842135,31.837808529702425,-37.886290709508906,-2.901766831636027,0.8362222820750902,75.74673318733937,-55.38962690682419,-8.437094173808479
1431,18.75670379998961,29.705389294114873,-34.638079251101615,-37.01299679144519,12.793809194201906,60.69876281206133,-0.14156047952315326,30.369277784572496,-23.366501275696777,-8.231380029606415,9.692446535060657,57.130245968977455,-40.80275887823297,-7.694408221942566
1432,1.8415900082313117,25.22014366072078,-12.815140217427384,-16.919650125146855,16.567804605358802,64.43829269080628,4.388333075259172,26.269904863011657,-10.412911642647869,15.628812120049314,19.45399785907277,35.36205877903753,-13.09405495406423,5.353878351563226
1433,-19.23442415230268,9.894536888317578,-17.403826689531424,-8.582923517294407,5.56694448475624,45.81406275216913,-4.140620882064853,26.64279451385126,-2.5236620789299056,0.48463851924878476,31.528878170574295,14.490679989850447,24.748216076397014,5.83551649580146
1434,-10.000535002838516,6.419324820591724,-16.08883644400054,-3.19296663285298,5.677093700132744,27.756138358297022,18.819571710826065,33.549672575642035,-3.515839696609341,-2.021963716422059,45.144783179839195,27.915229532919245,26.50274244108745,11.387018035009447
1435,-2.879106084569935,-1.8963816582227517,-19.551544521916266,-13.946242002107557,22.322943108960114,27.14926156731217,36.68007771717673,49.72585502777805,-17.02244097727616,-19.608125831334632,41.93104181899832,47.25213727872891,14.151522134050857,9.596437830899928
1436,17.835811250548403,0.4830497005606613,-14.770263628297498,-11.92921177675802,22.524070346519782,21.59729408654905,37.270672518104504,60.598820518225544,-27.765772561353092,7.248931968208381,10.752104294517455,46.28184726024725,-25.732017865469142,4.892759595284963
1437,-12.206047380159344,-21.80771550997509,-6.70076252225559,-3.6506837501173974,13.574181478918993,-0.6370544032803512,15.351900233787168,45.84343641258001,-32.18064853781519,-16.418597806511006,-35.80594430202662,12.971510001911238,-70.00533350807012,-34.52168757500595
1438,-1.4152183327764984,-3.2870064311416893,-24.59198183785762,1.8903837282571623,7.517581111101977,-9.091547305801063,-10.12618026105058,13.743084772758085,-24.60682166192288,-18.845294894554108,-21.14026703043534,-17.222487810603187,-53.85877507601427,-39.25913619274312
1439,0.35269222651570886,16.870244297224414,-20.569517059221084,-1.4072555651280092,-4.236421095051066,-11.153002969436164,-18.88888204392438,3.167710860746476,-5.771644874077581,-0.5948976270820592,12.472706582165124,-36.975560658618704,-5.244905134864198,-16.531217905035355
1440,11.389428532547353,28.274428668226072,-21.795081560800455,-5.023122400647126,0.20276017073346297,-17.151950325646958,-7.439616634837533,-9.8492865190923,14.078911197297144,11.614084598678449,24.925561047321484,-37.324287977965234,13.161546219933856,3.56833104559624
1441,1.2653275307406107,15.526493220036516,-15.967183775830764,-5.949673888753858,-8.87875788386528,-37.07889212656877,2.019911774401705,-31.296283559194034,18.984250430373688,-5.701430751288806,11.302463821565324,-54.02310851032379,14.569646259234954,-15.005696952394924
1442,2.3193368878141545,6.297185861807165,-8.61360659895769,-15.179796945108253,8.548740888381863,-33.00930615095484,10.075398551432285,-21.994918459818727,13.631045526702154,-2.9302036854755804,-11.960703696164046,-62.009860924142636,-5.928125387064133,-33.99525897878911
1443,3.937840372958765,-1.351150153893065,7.715618876683707,10.618596876622796,23.6314616900624,-20.633794221391764,27.7499479696558,-7.203031177584532,19.4068967498966,-14.00927151281021,21.91420786043861,-43.28999700810544,-5.595042679649248,-57.82888484356511
1444,-14.613906537034236,-18.084372449441634,1.9387768802949938,-3.1170936450604723,5.214402871259514,-23.852277793529243,3.924313144024237,-24.517298357980287,-1.0314973868311845,-11.83696950243666,4.385393632082838,-28.558066992468987,-8.083633165869246,-50.40473195741067
1445,2.4632246580248807,-5.9922630079192025,5.443429317520003,-2.8981317780646463,-3.9930812396926507,-37.18033458108405,-10.820494599317684,-16.492474123181516,17.957414015262163,-4.16048193466646,-3.3579075950845407,-44.47233183424324,-0.24047877104856388,-30.19270035916674
1446,-1.9782736115674584,-0.4935183019685583,10.858487834993829,14.462953813015066,-1.6442293500504266,-23.488254324812925,0.6042880742424928,14.244321440372868,22.626077372929757,3.5926620695646703,-1.978524959981812,-39.38719324276194,25.621749255400495,4.574121300057738
1447,24.04994292239554,31.197910460624655,36.53161078444667,41.503112637212155,-0.22446141787264345,-13.783086874632563,21.348068253687778,38.51527167564932,16.329958378827968,-0.930117482221462,7.864583643329489,-29.275025207896824,31.306559352952586,14.129184574135627
1448,17.40689705548453,15.603303642665141,41.0679890882465,47.71775791764228,-6.897732580311187,-17.67874243328406,13.95543349610972,23.28098321219675,15.46915126275686,6.149026999958741,-22.164830142911853,-32.77938923949929,15.021113325298632,4.680622017744192
1449,7.557744710294726,9.72568684517013,46.59840738512046,38.34851257079426,1.6920027132676594,12.245967039495635,1.7029369029116619,13.196384790624233,-0.3266276316675129,-20.050349201253518,-34.85657406715299,-37.899944562575676,-11.816727518860718,-16.68435482811483
1450,25.498948778039868,34.02003643253132,55.27798361446366,43.98981004386596,22.749705295361107,34.729007757333434,2.587822420558723,8.331155050533122,-14.160791714844153,-14.12346409973065,-47.4556101243964,-45.173675667884154,-46.26793676583066,-41.792399967319376
1451,19.008518197342216,27.817723650881053,51.19153648240485,44.34613734636487,22.535198608381066,19.71300581141909,-15.132731974948252,-18.601426469452953,-14.734674268132474,-21.17691253006975,-53.87931283896694,-51.45715123104118,-57.83885056394175,-67.5883466172743
1452,29.526299730324972,42.4250401745353,59.551489004023864,55.62773586487372,23.18080552896708,40.27568825877859,-19.95935742637878,-2.990362223230904,-5.751233001231957,-0.9143752957827728,-13.050499532958035,-11.68073623952339,-26.568971006709376,-26.327362030666688
1453,16.426451993349172,44.91136310908695,70.19886454332399,66.07554529822711,23.772296859320015,45.82969070063353,1.9645949468039692,18.30282423617635,6.550428566006581,-9.941504332126794,3.146283261139361,13.601981406409893,-5.5027155518982385,-7.985571266960988
1454,30.928384589384294,57.1165860251286,85.03114399242165,90.27919453957486,15.280937002917621,36.723786610349585,9.604898195353124,32.757048133825855,9.928208060486568,18.01275334112275,-2.9683091540407274,15.82211854413649,-12.421303985227233,-2.420743409613105
1455,24.74529072393652,27.46686055107896,81.15159242135468,101.92409975677347,-6.177356612715666,-0.007320484654974939,10.480072173580904,24.127471667764794,5.926764782718499,-6.216949470654751,-29.03664429537992,-8.502700844429617,-19.754369029469593,1.3916865067874107
1456,50.86557645177216,53.076614758963004,75.01471188560045,83.45410021342747,2.534086336297306,-10.944092543506555,6.544379386629058,17.25645199958594,6.653483458663093,19.571270470015733,-34.25569244121182,-24.56964073278992,-11.004339155276607,11.661546780129793
1457,58.60368281476493,58.72806285585366,55.33227694023035,64.41148183769837,18.53732947725411,7.353720825948886,-1.1644822506259902,20.804494734726422,-12.586806963941774,24.37985292468725,-27.559282984509494,-34.15689235879816,-12.882165382483041,27.687165090545818
1458,35.83454533840724,48.06779378061566,14.938241449167393,22.557691914099927,12.612690847966071,23.977161378160677,-16.583655827242946,13.79743830303848,1.0497038166857777,15.605101896659866,-9.529845502388829,-30.426540411165334,4.899475548189997,23.50316790296296
1459,34.25642031989498,37.283963952811035,-24.302955743888575,-19.115968780626936,0.11053746178567808,28.666717036755728,-14.003512951146769,0.6120871218185784,-2.118653076831214,12.492883328338534,12.360553763671636,-17.112243756195685,33.41515268533988,37.057508544808655
1460,31.031281844037046,20.16822532240838,-41.72495010450386,-30.111333751809006,-7.0754215376948455,26.89876952477319,-8.22682674836596,7.969907035615227,4.272154439158938,13.617491166522417,45.73301975866742,31.166996832790932,60.13390449490787,55.511811958627916
1461,19.500318966560048,0.42476672441704877,-30.56680523294216,-60.20951948612601,-5.432072429152585,0.42448623476294195,-1.6127229884248335,-6.961612576124324,13.345005536553208,18.220171527402982,43.99358190469046,46.95939668143155,49.59267190947316,46.17312978353873
1462,-10.153671806244027,-24.544063830404795,-31.074067461925534,-45.07107555332344,-28.37046154325872,-17.688546202608205,-9.573956010012628,-13.00130985537405,-3.9063300341569978,3.9838006496532916,-1.2668818971471278,47.404938144015745,27.335113682646632,40.40703769212838
1463,1.9698798564547078,-15.485684511782704,-32.14577785152585,-42.63443765510323,-20.60787666224541,-33.7020915920107,-16.858290239126696,-26.103959280773104,-2.1016885513629995,9.126042904540622,7.648507807059083,25.145815326706376,6.6110653373889035,28.00228643557564
1464,3.300266308221164,-5.42591420954551,-18.7806733806565,-45.26021025325565,-29.717682012238907,-51.09721622197805,-18.89317999181524,-25.840773863977773,7.3428361556468404,14.015613581321894,6.955259560425352,-3.2732827806008067,-11.958059421170313,22.814845304118226
1465,-1.5788789940715642,-26.955225450740265,-35.41016111740279,-50.26667490650087,-36.88051451142395,-58.86673879800777,-24.693691701747845,-36.09765167260712,5.806381803911101,18.5652656036343,12.98540669984368,-8.537592884387726,19.915136158340722,34.83843994271533
1466,-16.886385234520624,-55.81892281400991,-64.8917285339008,-76.37222002917748,-51.73210896670521,-70.87719159067582,-47.6204625243409,-59.79139606054181,24.569882995766225,9.445813423404626,-6.30386742339436,-19.83524391071058,43.22376200994549,49.024937724933736
1467,-16.906342882994167,-49.370498575523364,-48.61936520934274,-59.8763863064006,-46.931278742421824,-59.133346961568314,-35.003897897175754,-43.724927943136876,23.42316314337407,8.515362478057527,-10.071445163396934,-4.039632758899733,40.835633879572796,66.1369270555293
1468,-23.061707506345968,-31.749533446101452,-45.23497709792914,-67.42834672914034,-39.391344240642354,-40.74441405505296,-28.041732389980123,-34.54669930118605,26.1485129934603,22.82230823441556,-34.50372703609516,-9.018000664728426,41.108653406392584,53.67035281765606
1469,-33.00937882935694,-40.14584428728071,-49.0746154773231,-55.65165623659573,-34.387448439082576,-34.58229028973241,-21.95342393375439,-29.30407206244725,1.2601836064439815,-0.3599213289757621,-27.18599166466615,-13.753051321233384,19.282000462704158,21.421054693014334
1470,-37.47100048514377,-45.311554841999474,-82.21095804118352,-70.11225784930102,-38.406559222273145,-39.614020957951666,-46.78091144606542,-57.880574382583326,-18.50272837285191,-3.0600914478591577,-39.9020209254307,-19.96128292068763,21.659074926864545,23.642850926483504
1471,-29.34652880054614,-45.107542606309934,-67.0369431165705,-55.95506892467088,-24.733366818977657,-25.85511645852323,-29.75664044585193,-45.71286966442505,-6.542277194339898,-7.5368793458980194,-40.67047196800611,-12.964545115045702,27.93431710293062,24.794699236791526
1472,-25.07656283294689,-40.25134543380887,-61.42317739953622,-51.211511156395176,-16.930827099885605,-15.37415775718432,-12.592398756383275,-19.597364008846757,-13.568628382848006,-4.377866487833968,-30.783598551054986,-0.7368513245748542,32.527580730091344,38.225039076532106
1473,-18.017373815026367,-24.02235402311002,-71.59252724632276,-66.43713304733602,-17.003292334849718,-15.267953003863015,-3.7833259481201873,-13.857437257821903,-13.375388685579878,-24.126623979456948,7.546134429928669,17.616638674168055,38.11958200814069,57.037754112077415
1474,-14.830261261709833,-16.754583044273772,-45.74891180756914,-57.735568474867705,-8.000624525461967,-6.920523051426073,26.192978993162676,6.15751510988312,-14.649337203521755,-10.17121927031067,24.948915184546593,33.53299750969208,19.947521224821642,70.7897052097792
1475,-21.13815527312157,-15.612841616120821,-37.115625046815474,-48.04212379543375,-11.844792464635635,-3.713912190121956,36.54106996740647,27.0743247968527,-26.546294611871517,-35.09459842379113,24.62339736713819,50.83711258133329,-11.42436760951502,50.041842474620495
1476,-40.214141608661855,-38.205316994067786,-25.366270155583006,-22.506299420697324,-31.407856474090043,-18.184259796493752,35.58095825508647,47.5720422506989,-31.727636840127428,-47.39254053251821,18.102530101765762,43.04290383539176,-15.548683632452734,12.73151010957929
1477,-39.077320617417094,-37.07507547219212,-65.09266736637514,-57.21663183623207,-33.553547307638745,-40.915655568448706,1.8362987840735292,-4.4214526412113235,-38.49882475052687,-24.825659831595434,-11.684471236494364,-9.379873219878485,-9.521200196936338,-11.946836992393385
1478,-44.091345160743394,-40.986742263577284,-57.09913483446626,-50.47187519139362,-25.45971279919388,-31.66562527549791,-20.25054790448985,-37.087032152248966,-32.59887930003128,-15.802438676984906,-31.564780092641428,-53.73281842090759,-19.750933718779947,-38.57396957097149
1479,-62.935109412647066,-54.94473751761471,-79.38679661129032,-72.7638991001336,-42.058308444719216,-38.36513218628746,-41.89243292419785,-62.95675936182264,-38.89187035653914,-32.28988741729759,-72.68719137181643,-70.39329597860696,-13.163724015314706,-43.69927820231251
1480,-52.44475677054462,-53.026357226880656,-77.15598053483536,-75.55883560274165,-46.11868149455118,-34.8959181196828,-48.6119190239483,-61.871372686208396,-30.607964382527182,-20.767643452900597,-79.29372388534685,-66.83319669053067,-18.576281788294175,-18.588502562837533
1481,-54.998976723630705,-49.478980660701474,-67.40742416296263,-68.64527870014572,-49.42729660249666,-15.699509905312555,-42.17762519684246,-34.97320216256893,-43.770947661049576,-16.683631372556846,-73.67344755875489,-38.328357325113274,-30.74305698026856,-4.583486285426502
1482,-63.74258839392465,-55.7925618154958,-60.67451118455404,-64.02993282198072,-52.68260109460073,-23.65207549966874,-45.23592044307124,-34.93744738999847,-33.594329012984495,-7.292770324137947,-62.424447074955374,-46.466028084919756,-36.95779379584422,-7.652297259687737
1483,-84.96375899340843,-69.94030431087592,-56.560795911869185,-52.011609591726405,-53.716396120203264,-28.69335093039773,-36.2782621145365,-29.876200725062745,-21.176854025185666,-11.80793546473514,-68.80514690632596,-57.41374806505233,-29.535639259423995,-40.02225542312354
1484,-79.48236245845672,-76.58604969358606,-57.76643809906292,-54.45335315924568,-38.67269715750764,-33.613161614489016,-43.155412326421434,-55.58486553363126,-33.52653878289029,-23.1619493758762,-47.83164949034108,-81.65801156995093,-20.860930881633006,-58.06538222951577
1485,-63.0322034828466,-55.18087485711589,-41.445834440738714,-34.583677045331804,-26.462799607596523,-17.24419877842596,-40.163152834540405,-54.82773006702839,-23.981451561109978,-49.33941947296117,-33.71772562757219,-77.32549181172178,-5.80696592401923,-54.90441807172712
1486,-61.76809596434498,-44.9350047625001,-44.925135965975215,-40.21258916978927,-32.307109606210815,-14.696581528925744,-41.10603124054215,-47.00959607353066,-27.709420177395717,-27.076989288559282,-53.45601187606829,-57.84060790901661,-24.908611708493524,-59.77612620222631
1487,-54.08650307026263,-25.463585870814065,-37.60227750963799,-33.146995296799496,-37.78634641306497,2.6071801911809542,-35.97602366260522,-37.70650613618573,-18.367111926146592,-17.783865621439443,-51.22683924510072,-27.31373438313319,-25.291602620213162,-19.12954183451039
1488,-34.652899888436416,-24.86723868434281,-32.28664282559667,-33.757229200475585,-22.900712538545534,13.434833387020008,-44.86643430763636,-21.144938532019456,-18.303279173578904,-13.645411684910485,-32.416367685092865,-16.130704266413023,-39.782507445713776,-10.577124622717655
1489,-43.131285597030086,-30.858983444171507,-48.07169734355674,-37.76566805974783,-28.00531024424582,31.392542693332732,-40.74434287838444,-26.031114000209175,-11.373647002072959,-2.809711136938535,-25.435233534885988,-17.13557155806399,-8.834011326793833,-5.80345369813535
1490,-58.135422566556045,-35.77365861562703,-44.76974098324512,-33.381120734515605,-24.337810805011546,14.363184812172696,-34.43300889680951,-29.53521767249419,-24.592899851378352,-0.03829335863409475,-15.04666781663176,-23.934415646510747,-2.0908512646251953,-30.132366798130025
1491,-47.49457742091451,-22.908071531552363,-39.289537146355094,-36.43710247496533,-14.094282705678582,-5.641541358484948,-14.791733594277844,-42.212670345504286,0.027788766918638668,-5.297377062498048,-8.823863826572978,-42.621844501026686,-9.33030372782455,-66.10845519213852
1492,-35.602149039352774,-12.975531287044053,-31.079771848953083,-32.65810295851489,-10.852104723114,-19.57558644611682,3.641041477035272,-32.56126118445146,-10.072998899645954,-17.16095816049381,-5.260444064796794,-51.88562450018996,-7.105346369439841,-52.95239765830047
1493,-57.01088364981323,-44.116949992085836,-31.945562627966925,-37.316179406764654,-32.26953923736791,-32.57057638461865,-11.372271996337954,-35.40307538098465,-16.58509201772207,-10.528422252073682,-11.000552619862871,-32.771992255039976,12.151618671374111,-22.15216445636946
1494,-48.70326146056444,-48.936160228263795,-50.714946733381375,-48.22372744174508,-33.00084938895707,-35.64814452200926,-24.62065607409183,-43.65116106667868,-3.854705647378976,9.999962035542259,5.84756817077407,-23.553852587042726,41.127172914370014,20.67362993612538
1495,-37.00188266320586,-45.774102644846366,-45.02053482428776,-37.25908349092728,-20.806265769075747,-28.01114888125195,-37.23813023475346,-33.14614562868671,23.61063096686263,6.158895697778222,8.543743200660138,-11.083128283035586,19.66785794716364,23.33494316596409
1496,-60.05163680986925,-61.08093899271597,-50.43691896311324,-52.72186540279395,-33.62400952877932,-13.167892938329413,-52.461162140674524,-50.83273270988231,12.84095855608129,-2.25344225283468,-5.437262940088912,-13.089236329966644,28.768494582594528,37.09797011246022
1497,-45.79865166056105,-39.66010142092715,-50.64222236887775,-62.72114274600004,-31.68296872189009,-15.758942203726914,-41.62839159405756,-37.25645756506344,15.723572073324666,6.545985919000424,-12.537442130878375,-13.404340040673551,25.603135075677777,27.356021761297757
1498,-2.9398899382007713,1.0198530733752127,-29.523940898829593,-31.76171641075815,-7.5153662821857505,11.212673853194056,-11.216673671285324,-9.454446063396622,1.2766332010566277,-14.624788614780865,-11.605725023942032,4.938470976536229,-1.9510172769299563,0.043762506755067564
1499,-5.547842143451877,9.936353208559437,-25.637706839179117,-26.320772661055813,-21.32251548729183,-13.637643703012099,-12.765438582195625,-21.076368570558806,-1.5073838895159035,-9.775561435706734,-29.142677650019216,-12.442063724404054,4.87535137723789,-9.078699015286661
1500,-11.406539423228983,-1.5729371670934604,-14.658508198761956,-10.714170212403642,-14.232420025757907,-18.542170277112266,7.731852090301877,-15.536636117397228,-7.403497345458763,-8.995367324743519,-26.74095280036282,-24.972844660308724,2.490918271539747,-15.762281432906299
1501,-24.24413137831499,-14.30940500289861,-26.424865405243057,-29.270955937201766,-28.10313037604633,-18.452165982723358,-8.191916536135185,-24.65229314919808,-7.2836584040451235,-10.286233746542814,-28.77486744010936,-28.01334082039058,6.910796763669144,0.004303422585337557
1502,-33.37428777668252,-27.788510442065515,-35.23690257897916,-14.91099238320388,-34.88314113204929,-13.365577267397091,-22.149692631141132,-18.592349578510884,3.161249445191969,-14.848805636495136,-34.26579366081762,-30.584368382163362,-3.180168257675958,-0.6528714517123262
1503,-51.76410671668693,-38.251921385250775,-37.999654714019755,-34.15566886533232,-56.263331383684175,-34.34241090442786,-39.034176270344105,-25.44291838284739,-0.8981785918297661,4.013049273163032,-59.52007065001382,-38.19686794602418,-22.186735134793473,-7.639724226691308
1504,-36.93269843550167,-42.351305195950985,-36.89323647544755,-31.9543683551739,-41.98224106805213,-59.80557762828864,-38.39312948300324,-41.4573224810533,12.728266235080483,-2.6465709229254712,-47.24682552560709,-53.72821499827934,-13.976508858238756,-6.4117258808992625
1505,-26.09950759213082,-28.586338571072808,-8.034565789996616,-2.244816167780268,-14.778799633618767,-43.010910044663106,-15.119611709557804,-25.856505296759007,5.4864299616514245,-4.025636588546601,-50.84845665403729,-54.68669529955291,-12.79704826024607,-9.442167727443406
1506,-30.677900745043857,-25.581156320288223,-3.7200264895196042,-9.96168365007972,-10.025286569949653,-36.33327360423697,-4.864602664816279,-15.46351335069555,5.788422945896585,-0.5215233229597063,-37.19062522717259,-47.96281468630615,-7.347309402661508,-21.855867369218352
1507,-37.823142703015606,-40.90134090691385,1.9905376750013095,-7.390259150809399,-6.194042251971198,-53.943227950097025,8.468662133472774,-25.354892659842022,14.012720096157372,-11.14526663016155,-35.86407377410594,-52.9322993542018,-11.783126994134367,-50.73431210368247
1508,-5.300950324603586,-20.78039464643782,11.31990095805134,-5.547894987368841,2.0842350034062678,-54.784590548752206,17.672078799203483,-17.559585982680638,18.139078985955194,-8.52340333449415,8.183736021320666,-29.081617686445334,7.2574277528154125,-34.07958031288857
1509,8.958237126687273,-15.02043306287645,12.14811257276039,12.913556257110116,3.6671804180355085,-27.85726340617823,20.106836199382325,-8.982628945329482,6.5527732033370825,-7.286182381381241,15.34722516467238,-16.560341367194226,10.33355922649441,-23.025195913297797
1510,-6.998456705647531,-25.055712798972692,-19.805911763225094,-23.802733657202314,-12.59011536965755,-34.62500414313,-10.525724283739473,-32.07187108308055,7.8420734072619735,0.22695421755520417,-14.89775131491464,-32.042444496400975,-9.766699155311375,-23.63075858537808
1511,-12.680432132854797,-18.065279617265862,-23.22437414485763,-27.01232602883309,-27.020244803318484,-22.8143845243414,-13.936570562876526,-16.011273745139146,-2.103379076433266,10.30649801747723,-64.36762862081734,-34.08525906569985,-9.810644934008945,2.138444599005226
1512,-25.437866327203114,-13.113682073860556,-6.119212304852144,-9.814439601905066,-19.017514701384055,-3.8295645755687633,-22.84217570750283,-4.723083682385884,-20.10486547586785,1.286258739748976,-61.75380267335947,-48.15762296705983,-19.709320063686093,-17.731295134414715
1513,-22.672703786503572,-8.188599241453076,-2.2418811945851895,2.4266457348405197,-20.810493300200637,-3.779634248925184,-17.193741170926593,6.823426302400006,-13.31926487988783,-7.525943816169667,-56.56197189510017,-61.65859646699956,-24.554159039102665,-38.484505477318365
1514,-24.731477773873397,-12.060529372933232,-5.772793186971138,6.937072841318073,-30.47508617919091,-23.804853693199522,-10.69270895142878,6.656503819845598,-16.53514646164854,-26.122653893009833,-51.490744619994004,-58.34446313248879,-24.039084969991908,-59.65195814500182
1515,-2.093209539480473,1.2544280566592816,-4.533754957397193,20.43778919111046,-12.993358564729578,-17.957391046233518,-4.739540328286116,4.3585384750081735,7.268067688263346,-28.716307637989814,-29.33411869546153,-30.776679627996423,-14.897108168620129,-63.280168811353356
1516,19.779809847198198,5.263265643955115,7.458987457238749,20.36351237504131,6.5790183151241095,-13.47942918244243,17.009069824303822,-3.431371341423136,14.953201237482793,-0.7373543408436989,6.505410459467431,-6.392946311005172,-13.729299686631956,-35.44967738774929
1517,13.767438222922669,-8.642317217935341,10.725071567246383,-6.280917681351833,3.7273813573559047,-28.747907021678554,4.7469178798409155,-14.882941052706599,11.900727351024505,-2.9174840866134057,-12.913479499657239,-1.373583013618347,-31.395947000474596,-45.25289529226025
1518,26.433940733127272,2.326401920170382,34.853743680484264,24.159305677897223,13.909754464913952,-1.7540607399340333,24.996869549026467,11.60516629929791,10.249753299189,0.8997885024632557,-6.414747308112936,19.472421988320225,-29.00390724741782,-22.972144067875295
1519,33.38060859184512,20.58637347940784,67.51433472298662,57.67774274122783,22.61844267599135,39.31036662734946,32.543449401444114,55.22557724898344,-0.8795274839084689,4.465889213925317,-19.535337469017605,35.00140393778511,-31.292336854930117,-5.219617187742056
1520,28.725050928391095,33.986838203809754,71.84128961635645,77.2088369085056,26.042727924033045,50.10646318420464,35.18790383228749,66.19491535975297,-19.161179314841505,-1.4687644693483044,-26.158967133140543,21.72492656831916,-47.42661987878567,-18.444613136709595
1521,19.173264699025545,27.991447761195914,67.04509739905545,86.39296948379557,12.230697670050079,31.542029552659464,27.32322694116587,66.31342362806565,-14.15641958542642,-25.743046605469985,-5.4987524646974855,-12.530327295664172,-49.84909702969495,-55.52451398567757
1522,23.660821431331062,28.676560018002903,74.66450138394067,109.18280559528259,18.51871891055154,10.33574725231124,12.986474374676533,41.086048351456576,5.764144873620758,-27.350099986135973,38.110860407053,-12.753864254171317,-27.570827509757528,-63.45267446020668
1523,24.355218928388336,23.916184618717697,81.92122547804877,96.12390636334855,31.138191197122104,5.397992238046504,9.96353678037504,30.4717109481385,28.12225426186322,-9.714667269989919,57.79343791006425,-8.502740982763042,-3.6443074853616113,-47.585911334603004
1524,7.904810147575314,-7.851667665744783,65.02620033719332,86.14160765022751,23.95802161892731,-5.989613801980222,11.5649328124736,10.096868163999659,5.089141201963363,-13.594303401247751,39.00818039427359,-6.207337001731402,1.1719085549614137,-39.52807323623801
1525,24.538124724559125,4.321274084014747,89.4815066731145,111.51237398305281,46.775541278037856,10.338211036849914,19.19573757488575,21.829712751701514,1.0930347642396157,0.3289905205817987,36.87337240227873,3.2564738019362207,9.328909922369899,-4.679685027399363
1526,48.72579200462088,36.22608443801521,76.92433682763833,95.17901779194254,43.10887708643283,32.68953192818749,15.639469820814515,42.519742755398845,8.76619441975378,20.1589431678388,29.6766242436948,34.66845748293791,18.784044128356694,31.86687390252131
1527,52.93673409456059,50.77367014038672,69.77678697496559,85.0913163541943,40.57248389200302,33.048031626933344,16.735011560350674,23.54245492054773,29.348837550339596,20.84064465579342,40.28534788669517,31.07438900420666,35.43400972994287,31.383390611575816
1528,26.164731008476373,23.86766654626087,24.310918829996336,46.06886720807991,15.779757530758175,5.5127884688521265,1.7281464525039247,-3.1474416287886386,17.993584651415386,16.644492979267657,28.069680134384527,5.186883805828749,19.289757769915575,10.027943062571104
1529,35.09292899571196,29.06269733798604,25.49180789630671,38.948743944545356,18.926187894802876,1.4343009486016174,1.0781818519312611,3.3044017261228915,19.362041244992508,11.988865399067183,21.51254627029167,-9.38188432894215,7.42616047402324,-5.982539459448258
1530,30.612718293124367,25.068707869338034,26.71608187731313,28.42153064163829,23.65525778348639,-12.356867354593811,5.595320625361409,-12.246240756516183,17.730360242197865,3.506389995954229,24.00031835614414,-8.665573376839452,13.01128270132955,-9.862119566532972
1531,17.77882831816289,8.66578752151051,28.4176106149386,34.796921981692506,24.88571545179018,-7.281060598060182,20.569996740298514,-1.1957217575227757,14.558171399247072,0.2699288503832007,10.096580860983957,-19.036880369909447,2.1903095929734753,-24.524006679109387
1532,36.86982701642403,30.262436405117416,77.21318782362279,80.8128047851024,39.41130983862005,14.678682468832855,44.463529958697514,21.35910680989243,12.07947876299275,4.7690360102343,13.86672998959827,-11.491924309269221,-2.2818891043223926,-20.360222450905326
1533,46.29385317585301,34.271238689541,93.9861206785273,90.12553754285467,56.54177943026466,18.6066221663045,50.54369759875372,41.01511818840398,-1.7714026698579743,-0.8626521738458617,6.8179789376350755,2.2289312193324253,-23.284886184024952,-24.335287308082073
1534,67.83512997692816,58.610537018857336,88.41809964797027,78.41202662983898,73.43405466624786,24.79330806534108,78.73972314993246,60.99663167661466,-5.8761691067864215,-8.568799178629797,45.75029522328447,17.66977616717766,-17.114414051202438,-31.317596279484473
1535,54.27402164971679,40.15748734945326,57.02500651077961,34.292038294305826,58.01104243420271,15.153739164450998,68.62570894556518,43.06651229601189,-5.198577167032798,-4.038316105799031,68.23014672673565,25.013528288450694,-17.92865639636435,-34.8542722274156
1536,56.12875375123878,38.66716163909389,25.76059391885642,10.681532633543172,34.98454524360494,16.259784384409368,49.35130312295321,22.406081179441962,7.3422346652000705,-5.19941127831102,70.20963533142857,38.43895284102492,0.637481123035114,-10.61100988707479
1537,35.297607071989674,25.113015756662676,-1.8541898272319235,-27.75639983853203,35.94044860523598,8.516176683249185,33.836425271107025,8.31303439539349,8.033926481059702,15.181196861932154,56.01812968805209,30.306784252861714,-7.063048119438142,-26.838983664385786
1538,22.007134369672745,3.5349334131912236,-10.810736938498955,-30.12787580368729,26.344048532205086,-2.4413991018066303,30.106251720935127,8.989251576545925,-16.780792277782982,-0.46729376027134784,48.53385933601757,35.46154510219887,1.8641306386660508,-14.05079737793037
1539,15.551876627080592,-0.5690591784047219,-5.477131616191985,-18.338222684340067,30.81790972843445,17.817808948924572,24.748582926947936,10.05013135198083,15.835056987280437,-2.013917715367966,49.619491004451206,18.56799841175311,10.136654146481987,-25.30762973643724
1540,10.656654876767725,4.337399810214933,3.6245777988124908,-15.500841464914208,29.56234401468814,18.53717442577224,20.201836563221978,26.822625108745665,10.990547470046247,6.683580734594198,47.18126640600084,36.25714308603298,26.389650752968628,29.734274558264918
1541,-6.664204089539147,-12.748238322657098,12.6737706317885,-19.485869292305168,32.102712240731115,0.7482759497480949,44.63610327150282,46.512922491954086,9.267106728292074,-5.92564246904211,48.44853300887658,15.476544492210962,-13.091843437494934,-21.28474842799241
1542,19.077882537182834,1.1659882725411344,-6.065037751110707,-25.17423034820621,30.84782946998972,-20.995641107266124,51.83178722555137,21.552075746232266,-1.6847599659385801,-7.748172309976583,56.80544659163809,12.44520847603858,-17.16067287982726,-35.22910956937333
1543,10.334730357272106,-8.252191384910244,-12.706961040410087,-25.517934800856317,34.063134699147845,-15.435830443906326,29.723644069658807,-1.1538924190045985,4.866306512016723,-17.88833463347919,56.03944314761548,-4.194941030987131,-24.65650942310119,-58.51358686263314
1544,44.20267377888688,9.687098275628681,-5.527488857135288,-19.097220434288957,46.70440675854931,-11.645847676931501,36.701069456258736,-1.7652821037673667,20.834253272759344,-10.423274930585738,68.15938535470605,4.552957529910344,-16.40591573528191,-49.48395312510215
1545,41.54441347014285,4.6068503948726605,-6.681527243009296,-10.054108766210936,39.36963348116074,-25.26789144205535,28.142137573371777,-7.906791596375713,14.879322683179694,-3.7437781931826026,47.8003020929485,-5.849334290344362,-14.214307867806323,-41.94675946043082
1546,58.0075705646147,17.933414279569675,-22.672715904274067,-32.00953748470994,47.028160924370866,-18.529086880591763,28.246881242538972,-5.562390104854975,18.137628320364247,2.0656978037344977,40.01650355821054,-16.617854679581786,-18.481496994255806,-39.77945267877723
1547,25.17099975320999,1.7795900904762663,-40.399926563738,-51.23686483879884,26.684757253796203,-13.563139822567717,13.201237437084876,-13.005189779802993,-0.8980363998564967,12.872348021623303,15.603676560510493,-3.2805734415939956,-18.862925579179713,-21.866699568673866
1548,-5.0651483716483305,-22.14238576428119,-27.273246273006055,-36.16802669136708,19.989914183968985,-13.794964468298607,21.8418390755316,-1.5896103330568205,2.3122301141559567,9.22026905464543,-10.266872840300323,-15.95455644528304,-40.167289985729965,-48.97562308801778
1549,-10.873991845735981,-21.60070867083796,-19.69024451110599,-25.645121626514523,6.7053932466462856,-12.229194343449231,-11.550206513392169,-29.757681176312815,3.676311144802655,8.520548933109394,-9.605966935606173,2.569513727445472,-20.701733238272514,-17.5133093768354
1550,-22.065926180636982,-28.593284541722745,-48.077753660979035,-53.9376375556745,8.878239459568032,-21.57295701541515,-13.960511040191353,-31.81751002958139,-0.985382648722822,-12.949111316074198,20.456372513335715,22.409134860696767,-44.78898655402413,-59.23683987358018
1551,-46.18496220513492,-50.306952130140324,-30.981399271695455,-38.5439015264731,-11.410175926452501,-28.93618933599783,-13.611572077993083,-39.70920754209781,18.890753668871554,3.0953232793862426,24.428950813845923,12.323714783707807,-8.029689990777543,-14.226554883971339
1552,-47.50872550639045,-65.67305552020862,-47.40700347986901,-50.933672982884616,-5.809267785686896,-58.246347060157355,-15.770060202565222,-39.42795565386025,15.36942223131561,2.2987764398595534,17.601901750712287,5.124862062356832,-21.443908433991353,-28.72447724498145
1553,-19.893877248016572,-39.1362648469281,-16.339848189428068,-23.19749972010621,15.53003334403583,-42.29059565838491,7.108856244011916,-7.118791091177587,8.242881715670956,-1.9494091219249796,29.041942113572055,20.827098713555884,-36.6063527097659,-24.57721214829816
1554,-18.793450096193318,-32.29132727398797,-35.67565057760314,-40.47407838021639,-8.209247850123885,-18.946709800520495,-28.172549925054692,-18.781811750291517,-2.6510674819149536,0.8938778576165554,-14.109877404543962,9.067865046730134,-42.279182797479635,8.632054584679725
1555,44.07396403985319,37.93783514826576,37.839011644023245,32.33875715507181,37.44674961750621,37.484884956785145,33.758408936507806,49.82143337928744,-28.923637986058697,9.402621236386263,14.03040722924894,49.34766094151459,-40.743467977613015,39.28559579713366
1556,29.020418392715353,33.70318478053073,20.548632746342268,21.95962823421542,33.94493733428853,66.20943895268377,26.525620002903498,48.8438773641462,-30.682584875970075,6.244980968097894,52.49546302248547,93.95146122694084,-17.571412685885882,79.07239605005944
1557,24.07751245472839,42.500268945909795,14.14175357996506,13.71290748637344,19.494904905958183,84.01172569154788,22.375590475527993,44.147028228369,1.7542056240671418,21.53819396386937,48.347574439037345,94.18728627947115,31.600942751321135,131.37718694271547
1558,16.105392486884877,43.511847491144394,20.422717831773998,18.074488635787308,23.280620143853337,92.32200855281562,28.658016189590764,51.351968237904735,4.2843863719039845,32.46238324668494,37.40077564813054,94.33411371586573,20.76809453932453,113.95888134521515
1559,24.69527374326857,52.04579366578555,14.016792086022813,8.001757375646926,16.931418851969838,78.70275078147638,23.793188461222734,44.119014947783704,-5.429577592390362,10.474029289553865,54.61012785385796,117.7729093754812,4.077748117880808,104.6340977329924
1560,17.29739125508399,32.61850397705044,-10.478293954681673,-12.867157296492556,-0.24154346793251813,35.48349965563819,30.302990986018067,34.328937083044565,4.694341324770373,15.332069639629836,65.1732350708584,115.58288701860744,19.803319092659024,87.60360321666899
1561,27.263358383876188,42.451187597059814,-10.718737557155192,-18.392496361297106,6.982070932149501,30.237010216734713,27.909148744681612,27.76675624493411,-7.126402541565554,-0.4061668104336009,68.5169054803113,71.91803974550612,29.336055062578925,53.615568308711005
1562,19.993426279668903,39.17242229329122,-9.953659083365602,0.912137608850782,10.311975137663655,40.6615755481398,12.444287874042672,35.31089340491378,5.780463415887436,-1.4350374313692846,61.16204591432054,21.241717875461386,44.690257805421076,28.00792558757074
1563,23.109494694396155,43.14773444073531,-14.48509759608402,-9.680646270608813,11.155734589468882,32.17766216250559,-4.488618330638201,4.376797969570423,-18.967766095423766,-12.08057808598523,44.190394157229036,14.909560920921074,13.93591401017366,14.951758485507497
1564,32.64305823265062,45.44126731238498,-2.751664104488304,-16.204783430903223,9.682656255853878,27.43064179268371,9.096778279816697,9.068570222921885,-13.499904033985102,-8.436480210359289,78.85999349169352,64.81859004482516,12.644597151266058,19.4067174261378
1565,33.41238209661508,34.99933203798575,-11.780293763711692,-7.868192437684543,7.167085342662949,21.403148951343958,5.721114371222307,11.620210353432011,-11.517414424092005,-10.837694141045878,60.84985456662466,80.76685789150261,16.68373226328191,22.486641068164055
1566,29.572236729108454,18.026495718509647,-16.345569129886083,-25.37255112682344,-8.540171134419005,0.18628670292264968,-3.8135142182980237,4.1963683752398975,-1.704511073744183,16.885314503006263,30.95886200260931,80.21468399412309,4.732367530729349,40.06591272757203
1567,1.2941674788758704,-4.242787813433199,-12.17874735769491,-20.266114844159862,-24.455612489276316,-5.490628633424367,-20.254872161956936,2.0669135480370042,-9.242440035214017,10.955909194340832,-36.440098745834476,51.866173058792555,-14.449305201179993,40.914842872286876
1568,-17.57116669336351,-6.87230360321334,-41.26297515080859,-44.215844465483066,-30.410899644338222,-0.18220560586176646,-37.942733790538064,-18.425982294272018,-4.112309225058467,35.74799276787533,-50.168387162143915,23.168867037320393,-13.296092239720233,41.72339592985264
1569,-35.50441880665099,-14.724215799916838,-51.70480387710429,-30.62467642547706,-32.92916480019707,-0.4960186131475895,-52.48700122920458,-22.2310622902147,-10.518346259109032,25.602988498131452,-57.284819669488485,-1.2079724986692975,-9.929460603128776,32.53656982767402
1570,-37.29627387350975,-10.814382408034799,-40.96468065443211,-33.47856826444966,-28.79977025174467,24.106759158096363,-56.2700692160645,-16.7775656061301,9.527633465199473,18.02788253250447,-49.24742757602038,-6.214301379238477,-6.856514700919346,21.171518101213227
1571,-40.78189158345886,-20.686561516529498,-28.7311123879466,-28.63578368336315,-23.532031019145236,31.32897874723911,-54.49022313942161,-15.679205012103711,14.232370974408182,16.584458086169352,-37.655067593194026,-9.44941956814099,-1.282038294464652,19.905024398396485
1572,-30.14691503485797,-8.839430330266456,0.856475340681966,8.450892642070038,-5.146833715161786,58.796959825411776,-26.243153279605657,25.300609584533817,-8.82915720088306,23.934066080193904,-16.905294811548575,12.335714079058706,2.3589517318932955,6.847142329843931
1573,3.3473238370261478,13.956588177084345,19.714769021527903,31.07382538676534,20.082303313922058,50.49290137024535,-7.962013625855169,32.82912785789854,17.082661939964765,-3.2343634484551225,5.689255086947737,-7.372967441341298,10.911995792648437,-19.26849940138413
1574,10.000286003110359,26.60163813303474,-1.3606963655880644,3.4582526584490694,13.902903661079273,31.41836088458745,-4.677576556176278,12.276473076749713,6.940093964733041,-1.4012665559889395,26.61592876689537,-6.459418441952254,20.042860835160834,-27.145119030985033
1575,16.43561771008757,22.627605565077506,4.657344070183117,3.663555546497724,12.07202947693497,28.353474413390895,-9.734636522598674,-7.402024339444,18.176427866400186,6.678658023025899,18.008233020481086,-26.723501938545173,29.39381581591021,-10.04922532084229
1576,-17.78376142390949,-2.991081200112088,-9.196926108494656,-8.306626340190876,1.5329956247147707,9.598237010498408,-34.391271383275544,-29.959118938258428,19.836764998249574,-1.6876869504704124,-20.453124667056912,-40.651664474994845,18.673319378731705,-19.549196013209734
1577,-15.798713812080232,-8.968105658004854,-0.6925032536063028,3.5482226695568824,14.440952251220104,29.0310333891534,-26.449237459618306,-11.25494180007944,-0.46466134504040585,-12.708977423123953,-29.162833035310484,-28.9725012696138,-11.572657413131386,-30.01024587895318
1578,-4.138858413907284,12.341160219960667,7.4767320502907415,8.556304066295404,27.283556420314657,63.994027874214204,-12.011397604289908,22.20527172374067,-7.895745688305715,-23.103866940795335,-51.31232708650052,-29.393361264464406,-25.724341954871246,-31.82564761243144
1579,3.641107110866923,20.173075032661693,7.986025057481862,17.48205152328834,19.859507324566337,76.86862691927789,-13.408231005644884,34.73693452101996,-35.32836286231756,-16.198593784889656,-71.39118658814249,-39.13390060050969,-38.53474339350118,-65.40992622521105
1580,45.73315551793573,53.11456568988114,50.488992105247924,65.49067745287344,38.46138550791532,71.89213240174264,19.235667940274944,66.57178698146217,-11.533355759694317,-23.515706067461245,-43.062824922717425,-34.38788234679969,-31.155602499367486,-80.59957489050765
1581,38.24357390472765,48.88711379189023,51.2726120800635,68.87712872816667,4.0920668062113075,30.90312665283081,24.409883575144665,68.9621591158157,-1.6379802493807938,1.0914957831978267,-30.842626911079847,-15.033495822395228,8.06883007408818,-14.865672784053475
1582,48.00235149111743,42.81849305704229,55.113753182251145,60.05158431280404,14.36056561627457,-20.92509859735865,21.95581920343428,29.292419892357437,18.297650683377995,14.734315421601712,-7.457137551215483,-13.975161591773508,30.462311338342786,17.3723766124241
1583,39.85413116795179,23.68774087798566,48.7568410569374,54.13966505404413,14.746654307489548,-21.743206289477,31.04161908574905,34.03411036583245,18.170064723545014,16.02151504929911,2.841131885240805,6.193550800661676,16.26539823703011,19.446635322974494
1584,18.912972112194595,2.2095787612030224,32.030440960220695,23.854978970189485,11.07705498565449,-22.939522192701975,19.499889835643945,2.7999927488862975,6.066561052274856,28.470378956469975,-20.097826068210388,25.513068725746663,16.38721683180952,35.06933373005738
1585,4.523986293354194,-9.739889981339992,29.698145378595342,22.794070201308667,15.023258295259048,-0.296556135641382,11.503270456842175,-1.9397553581398774,13.002019304604119,7.782859324529052,-2.827378369641268,36.12705497436873,31.327605983902874,40.753519375384535
1586,-6.411049320283354,-12.398878350157172,17.80891431978578,24.28299485498612,-2.7992293420247165,-12.117781352539229,-0.9508926009978634,-7.071228042917115,17.257522010878688,-0.3092088893745828,-9.400430202065865,19.807868146213703,39.40704769212208,23.0153597321727
1587,27.353390279342722,17.486214655043334,49.278396692122726,52.98260309107401,4.756475981446679,-20.5098052321574,21.353848949965407,21.36566742569027,12.801212007161434,9.684066907278767,15.886053779564936,14.278720308467788,41.88590452508045,19.708911662793643
1588,21.93249831210301,6.43439904869874,38.08645806336445,39.58658502868062,7.931372996817235,-19.046276375056895,21.908498594132887,5.493194110459162,24.77284565407489,-1.1522500955720298,29.052705359713382,28.2658975559776,53.899813569154006,34.39689735153571
1589,5.564041165003059,4.002475539533692,30.453117012902464,33.83278181002669,17.19491214170468,-2.340344822648587,23.62609555137178,-0.1750639959606069,18.65363192899102,10.696085779267468,49.689750603738396,22.129675501411363,44.28308312188696,22.105572907843648
1590,-6.918190323656806,-8.698060758669367,33.18269324980613,23.497553534646194,21.6414836712738,-3.510679955197972,20.29639970520193,-5.6440578924143905,12.253766115465083,3.482488831566158,17.3573393508406,10.607391935844142,5.75507505307913,1.197602976815026
1591,-22.203410541830173,-19.91825742982305,10.275648593348494,2.866840727941428,17.177099519881562,-11.057278174769015,10.48470742215171,-23.332457631860205,-19.142295904505016,-2.6857820204396265,-25.671757657981512,-8.611618503987714,-32.581318055347545,-29.719234639591107
1592,-11.405009795346821,-7.372273930978716,39.75204100244827,26.901891884133178,28.754749612159674,6.15588586473094,17.225679951647816,-2.30167905056294,-19.871342968720423,-13.616468378220283,-50.268618045869516,-36.79189184312531,-40.74436949259065,-54.22561025888633
1593,-38.89740630262506,-25.77586505448051,22.99352937929397,25.595081933944957,-10.410855610768234,-7.634850969802936,-7.029317012218101,-13.280603002552496,-28.948765093150005,-15.441143545343017,-70.1709851728959,-47.715168550115855,-51.12331443452881,-35.19566242361007
1594,-0.11009801579120143,-0.7796171966105261,57.687974403952076,57.300829448903805,-3.6675808025827044,-11.22007214669327,6.1824471885990055,20.171031779234248,-34.04055346893743,-13.832826376781398,-41.72714617151599,-38.63877117268665,-42.86398986256401,-39.45943815348283
1595,25.926938866362455,7.758780569074577,62.16824154465336,71.55638200389079,-2.8492867309690864,-6.387334187881064,7.114990760831262,26.39495369052088,-22.141212011705374,0.34081474025157266,3.9761533178533197,-19.817425877733594,-12.291052818032739,-21.316613509566963
1596,31.75316367567704,16.46598040304047,70.44763135315422,69.80737975666325,2.8968190469122272,-7.167535671712684,3.152974061831272,31.21451364101609,-5.101728148068028,5.118412378152767,51.5786987907846,-5.315004643368771,25.71299058591938,0.1270621936220496
1597,57.79455080390575,28.581353437549648,74.40422878947496,84.05354932033923,14.315199194366397,1.600305829508412,2.6912323935180753,19.730417427740036,17.42580554867371,10.355690793122957,81.96625500967596,19.135801316335844,46.355699427140536,24.689075268848583
1598,42.59577692160221,23.997607978216422,47.916162872803454,40.27059081943926,-1.5255410794756947,7.340812202860137,3.278877578995693,8.160291632283464,23.274129466028146,33.409446974451285,77.85387233565025,25.556689828210736,76.45372334751231,62.319645172346945
1599,31.500386834536258,6.933587324770686,24.14215909726434,10.145290350030734,-5.493864498546873,-6.106229949513529,-0.11986214266412938,14.668284822495428,21.29826416140276,20.316652043819417,57.9797289607235,37.01593509187017,65.03383432683184,81.95169582209232
1600,12.361104400144834,1.9073008299664087,11.483576075388035,-11.91355656986147,-5.131795267064502,-5.835848044905043,3.833266251216138,0.6714005984184148,25.167651770411947,37.88131313816715,54.23996862252708,46.949926365988205,56.73899240156297,90.80678781950232
1601,9.620160103755211,16.774204857814656,0.5450344745246336,-17.053857234494092,-13.444826432138537,-5.222692989934581,15.297984631532293,-2.572858411800115,9.820743011303156,30.166436651797667,46.219454289057865,43.1439747633361,47.24690534019972,67.13837116345907
1602,15.188100217778826,28.750442609120693,-9.472349785194316,-9.962698668083007,10.835353945985952,8.893230919236505,23.615008369101435,12.840552455742094,9.831939678225268,11.807707078191658,35.222005271371685,39.67113051757494,44.70377882149714,53.90014949547815
1603,26.1800790711343,41.31530431073493,-8.06109536410703,-13.937882548374347,26.733759025354395,26.867323423892863,21.29161477296704,1.408389907408504,15.45688379850147,16.204824844928176,33.712283327130905,25.77877857767237,47.69631496545998,41.88239230029039
1604,-1.0377523664791835,8.11899279303121,4.8785605836436785,21.026378191069426,-29.159433900140918,-9.69547420185386,-15.338569007155575,3.8148994070928905,-27.98981158438906,-15.611151975210694,-56.506911645445754,-39.42116890257975,-13.429381184540594,6.6958998423999185
1605,-4.467952026960688,-11.115768426671263,-59.272942463625704,-61.96404980781128,-4.426365064998507,-2.431793548251677,-45.238579159716366,-50.21605313576147,10.382756691472148,-3.7107129299389285,-4.77021029170783,-16.524257774791685,28.834907258766876,-5.798672226390034
1606,10.587664431623283,1.2500652023806107,-22.234084996573074,-10.985094671821813,23.474875296338332,17.455951806234626,-8.15732485361706,-8.483225120308518,26.92191738345007,-7.872989657702404,18.020312847223586,-19.091568366372712,43.91387220151819,-2.610023793086412
1607,23.17422582127211,4.841799388943044,2.0515811233001813,16.627823010614314,-15.452026877337111,-27.127329016498898,-7.879449458955045,12.586563653792888,7.048334155493644,-3.1828682180903565,-10.962534533663053,-19.189892562092314,-0.7481037513287946,0.09530080485158492
1608,43.70882650187323,33.51901730132194,65.83252803098205,73.87914411619231,7.7687847092320705,-4.04020493034736,20.819958857060705,46.37648666292603,2.1150221912175744,0.1300410038538331,-20.128231597655564,-21.426840901169854,-21.608298854453214,4.155417954069418
1609,27.560858455575598,34.09867221447387,93.0442571097707,88.63292298391589,2.4286731322203408,3.7260111943915253,18.557084641522398,35.65706580471799,10.878234884666327,18.638708163627633,-7.252133636693241,-32.288316535244796,14.242537134788627,17.041976336607906
1610,28.085844305665507,40.54888365692159,107.88947183507533,131.01062460782765,32.063319328352016,40.031839681082324,44.88811049142971,64.1127501386538,8.510674465500896,19.324871573300843,2.328477935613268,-20.398850625447448,36.86525807775057,33.19546586988267
1611,-23.269172246003027,-15.196269811900208,93.80717791041866,116.58606526768357,18.309027394777274,15.88149098834497,26.293954285695538,42.716071967726656,-3.7965787332832606,2.1820033747592076,-28.53559975825945,-28.700910315459485,27.74717019968111,26.735708474409183
1612,-21.554799968684588,-23.2884970059195,53.34892923625483,77.56619128947943,-5.001787940019568,-4.1131566129333725,4.983336896279085,21.057438927498517,-3.4512054141805293,-15.854274189365718,-29.932452443487154,-46.00659130643393,16.902750083662234,-8.947618720791297
1613,-32.44905410878757,-35.91679121108924,-17.9818742426836,-10.32908406980658,-41.47112941276568,-29.837346832732003,-21.964869653017274,-31.963043100273374,-5.288349238873989,11.734060738098094,-24.106027622606952,-45.7052618600941,25.745416645823944,-6.444158365445415
1614,-44.2834211703731,-41.45110089201321,-43.9934802449441,-54.41431702582938,-41.29361174941283,-27.429948542026676,-39.46910111013001,-34.53687508248559,-5.413517109480996,9.90606049642007,-23.13428721491564,-36.35654999853141,22.6991330206602,9.52142111147678
1615,-41.30664350422038,-44.71035833948017,-87.97564365115885,-96.62504450686387,-50.333115510327005,-32.95941172917728,-57.522824216526544,-57.61557509024673,9.176381038267571,1.2838477741425671,-37.33098436683767,-21.047158214202295,30.29367335854503,44.31774436748662
1616,-49.834686479719785,-42.77444634931868,-72.95251469250356,-86.92024743616736,-42.52582866164616,-40.18774033674155,-56.353865147881756,-75.83122300124103,11.54792838429953,21.5739596969767,-37.586900044355644,-36.606245154503846,26.536770490668026,34.37712196938438
1617,-47.124907149042045,-46.45218631694178,-55.04647485354192,-67.2297052016341,-25.674312085675282,-16.30605089067418,-28.806317722352578,-45.39052719837025,10.438702214146383,1.9966719196059526,-20.135793401133817,-11.213662722811854,18.957204280198408,29.879036768042578
1618,-33.79286756360299,-29.838298509078275,-35.347015893189095,-46.34901842459345,-8.25122575847655,9.558079836039553,-13.225668368071188,-18.53020085273421,9.962413511383838,6.9072566253354974,3.8426624997420475,36.73477834667972,10.982445936299525,35.2899166839467
1619,-23.26056346050943,-7.317004806845375,-57.62396796049228,-55.379550635364154,-35.50871943333969,24.980609957465976,-44.01844766403873,-36.7613003751829,0.6401125587022148,-2.040456873019137,29.74617988386882,59.280191095434056,-0.35309809210786913,37.63188767768372
1620,-1.8585488695223376,-5.836421767422341,-62.33691673495435,-74.35793110757643,-20.98656782249759,18.269842827487853,-30.81250654192541,-24.970300081157546,-5.306352612374154,2.4465740956400683,40.81540540263835,77.57788112056792,1.412188869175009,13.51976607980426
1621,12.179694358541674,0.5906486485608031,-28.733730438068083,-46.58058688213921,-13.805784671601117,15.045681231885366,-11.114342537211169,-2.825895234767325,-7.133720955257669,-2.439237885960172,38.42885225862557,92.66205615949383,6.042186247692718,34.61116323236465
1622,16.867107704438293,0.8836234915994734,9.95698797442404,-8.130710016372943,0.6690227233758612,12.760628022965516,9.044819603121057,29.02907470925772,-25.507039180658925,3.322018647264416,24.97251920685938,99.37130894132804,-13.132087017313221,25.89745192051987
1623,24.821498155142358,13.998853668018858,16.52364787487065,7.815070989942815,-1.5106899846438613,15.233759252330547,3.2167095864700177,-0.6538406381809274,-8.086343821588157,0.46651554410778395,21.48619557912421,84.77187623125674,15.919595117842487,42.69775687472212
1624,1.439775851296021,-8.961817964548626,-0.12152086617394413,3.9211271940571075,-23.05240177310509,-3.696496293110342,-1.7665539224292772,-18.94771191992288,12.939147380296227,-9.641511515902714,24.666649819277904,85.27824059807101,24.635951601458455,47.366424854074175
1625,-16.169730491049986,-16.378114157053673,21.189568356862505,14.813379510900022,-22.817866885706405,-7.780640839840593,5.944436709624978,-12.076726122636943,8.743545229671478,-11.967883067587898,28.775976932440678,68.202917700158,14.961844902140907,34.43018902097037
1626,-15.447534602560507,-10.231915426343239,26.685242939163917,8.263172972460566,-10.016954956032526,-6.9771326722818525,6.108491759241259,7.051356278698789,-11.435611659042742,-3.009728992208141,1.8408888487417607,58.01565441874767,-24.5773811081344,16.40550625144004
1627,-1.0177481723481674,-1.4126278896199516,1.4852979086774785,-10.709162569922896,2.2742383708855427,5.1074137634158125,-25.21586372236265,-15.910267902498731,-21.144594011244575,-13.444811524566461,6.401611202960157,41.491190070475945,-36.35340813337144,7.438104996295976
1628,-11.42494113557978,-14.115425829953997,-26.97484537811485,-31.96662809396873,-7.871170597415342,9.604936455278724,-55.601583119137864,-18.45292698159925,-4.1244301075633505,-4.65927607301983,4.0079157172496505,49.5938806892937,-37.51918448373526,13.593021520424644
1629,-30.133453856731876,-22.147341382213746,-37.15298617520837,-50.70709231421981,-12.857096894765032,8.882243607013184,-49.12233284944367,-33.66755437421163,-9.37355597684891,-6.230240114508356,4.071850157691056,51.88347285091984,-41.44307159802152,-10.595169285977526
1630,-23.995636330614047,-17.07901880101235,-36.70419386593241,-37.20979110772358,-7.109303292271253,4.9390790025341165,-42.39416682464888,-33.60347231924942,3.626575950757228,13.840935851737509,27.407061283451217,40.58645348092704,-31.532329435413924,-12.916379706251734
1631,-27.279355861668382,-18.55545856287026,-22.532847082323077,-18.904118230164723,-0.5791373635877417,13.248620279586515,-32.03001191490751,-29.143877636446025,1.0501325679031457,14.789705510294354,48.67888748967004,56.36928900413558,-18.14314545327391,-5.1288598619406995
1632,-43.69317480229976,-35.79299753040682,-24.215956370021715,-31.87772677723137,-8.181476285622578,26.740116650247433,-27.153462931240007,-23.716337783681993,-12.074064295242723,-5.616495263765957,24.194224019154746,47.044016825471175,-31.484733577386287,-14.417799137412544
1633,-40.554313032485865,-24.87350412581959,-16.480942903404834,-22.676174778856318,0.6043320572883264,36.426765232103534,-30.41994041405011,-11.350214786869385,-11.600702560023983,2.019412995628341,6.876445197912513,42.60396006436391,-43.0281149915675,-21.710333174231607
1634,-23.2258091548885,-12.269856151644838,-19.017697253755248,-21.712313364507793,8.556818726985924,17.882930284270135,-35.13024304583283,-20.7412230775483,-12.112051427830975,3.9237494409782663,-5.027912236374032,23.202643446030336,-42.56539517509616,-27.032313427898337
1635,-28.68818276373456,-22.78317741085624,-25.077063723431422,-19.17960125142907,1.0327221235305721,15.077089767981326,-40.88853450748538,-26.663781230657726,-8.166320264275454,-0.8266225255309285,1.2782383311392547,27.809943925878922,-35.55094347186707,-18.0719757937094
1636,-35.696422888731256,-21.883590755527063,-0.5941414684637305,-0.08274373096260312,8.686072720996936,25.080643937288695,-17.727118562472107,-4.775507143517949,-7.730986460483417,2.266207064178741,-16.30045280328129,27.274098166613026,-45.4352284406926,-29.638828275969853
1637,-22.94038939022731,3.829079569596375,-1.1386412262465242,5.494088295725786,1.1370044287567735,13.828778300487148,-23.332480287606113,-15.935149999784903,-6.1443059043748,-15.277619951773246,-17.18247700907179,-0.8037736305667033,-53.22125722681129,-41.09122553157041
1638,9.64798778832363,5.493047538415512,-8.23640078076091,3.581253255317412,10.4820516436638,9.388288689575235,7.039198707484435,-5.53037439043432,-0.7721739209131945,-16.04575767481352,26.011104718717874,36.67065104678697,-2.695689826524755,0.9711358612313913
1639,18.334444075414158,12.638186548520776,6.212549086259469,8.838831672990896,24.084898252494746,13.968324270767468,17.135589865358945,9.890596748300606,7.94159781551384,-16.221888635669828,54.36392557951268,56.6401924110426,25.527933702448145,34.205266593297665
1640,28.767019432545332,14.723138746130193,15.76315933114516,17.16038374631615,20.19079916460732,3.1436178704138724,24.67977654684187,15.010582798343426,-2.417157094707355,-10.301548711810415,43.91117970573089,43.821678088064445,37.555262682724,51.501372550214256
1641,40.31558808411604,38.36072035327648,3.169480809040921,1.3592929802042992,27.519819107558547,22.721640907200907,29.309325257316278,28.74934222294515,13.2545204539418,-3.408942440380227,58.08078825563972,36.52312313780991,47.2192308563053,60.81989213926735
1642,29.947054985751,26.54085830726256,-2.5651225447336894,-2.078838634559392,20.931012995482046,34.52493092803797,15.086190261638071,16.041918102093184,2.7531957612702747,7.9094452142378175,64.37373702896258,42.24060950507876,65.30969235329775,75.91099998586343
1643,17.25587549666348,22.643389680816213,2.2175344352584077,2.150716292507771,25.005834407337904,33.34598434932529,21.08136511278784,-11.403517711606085,20.3974510972711,8.507284632880388,73.2189301521345,51.98692246871795,51.98178797965792,59.222843316409396
1644,7.5582093762539655,21.433334617527002,-6.893757408672389,-6.262747290640739,17.93603513613447,28.504393191554872,-5.158174028993492,-13.25884703869317,13.266067225798777,-8.556768714049614,58.90474448913841,24.34052160965411,45.21156851544614,34.079963749304056
1645,17.31606713252394,21.18010830367035,0.30676100321884725,-14.720502363388528,18.636728242786294,33.493186245436,5.415304393540131,-18.525699828115968,20.63575994449386,-5.9851250777269,53.12220503403795,40.62486574383317,48.41287353789383,31.390145749398116
1646,12.89946846011664,21.820652286428746,-11.216599189328846,-19.560480487998944,20.841182816856044,40.310049937862416,10.654907881123739,-8.2677025426398,29.7906206244437,2.7582890046466355,58.260008173412864,52.508983122420084,64.53673996817491,48.6534576998144
1647,20.935391292271955,25.25467527222736,0.8850869151992723,3.9743206499109016,20.59502915842871,29.217122303398867,26.866602034948325,18.452308953631082,30.866869968884924,14.912262647368358,54.07264684739727,47.954456896009766,51.49175283589764,46.56239049759778
1648,29.8256546362127,24.397194116051374,-7.072554929937979,-5.566037426070559,11.116966073739869,7.16225359803925,19.194352674271226,0.4023999510318704,31.282519214617665,19.899983162745432,57.83667187816357,39.08319399638444,73.02736205887184,59.22965604156099
1649,24.843592223841586,22.22705876364773,-19.322819433642454,-11.161494290929733,7.132216376261667,-0.034855323586724704,3.523228153064525,-15.95341126096468,40.836614404086184,21.1676100600313,70.35300932567954,53.26757783633544,78.35903081354125,55.31992236113675
1650,38.38659228731487,33.307248686976855,3.8175837805792963,17.13958479556454,32.20842000549835,21.893565922756,21.158663455293574,-0.0042553130644492395,41.186205054504924,1.3182713705492937,100.10354695736598,73.49510947694125,74.8693732362544,46.4372290248544
1651,41.66062507967794,30.53965399225424,13.96684540824433,17.97693815522717,19.595551736475407,16.08123794741681,16.071789722376938,8.16878866030493,25.939633840663333,-2.78151241662258,81.97621189864262,53.91089114680007,54.4575564674897,9.386478188931122
1652,64.80377511072567,61.07564145027537,21.042829031264407,21.213445656743556,44.968847106622974,26.500495522411512,42.32818423368786,17.827732287601943,46.166922196118115,23.838717678256025,76.19799448809958,33.3832750284381,64.58365291879184,25.975965729131417
1653,48.74595777664271,47.22277316901855,12.908070458430666,17.240462816008446,18.92288911166613,-6.780099235095269,31.239268072236236,4.548796272807539,35.582122881271495,19.818806359157655,34.01864978480951,-27.096076298994735,39.72574496516135,7.608856590586573
1654,66.06898786239461,61.910998545506864,81.75704736322741,83.96961498565783,41.4569694401287,28.436898382981187,52.98747630623972,41.82070835117865,29.94815343991242,22.995188011457973,50.79129381543157,-3.683022311448736,66.71828250797438,41.749491711770524
1655,18.531654177022133,38.18037650677448,94.90197298458308,101.4603276793597,5.816410739432008,13.404641373893753,31.982324345393415,30.79466613395972,18.796060246868343,25.783459718372953,-0.9978838171322515,-30.174773077219648,10.529519868444265,10.976684988314702
1656,-11.956561943881042,0.2438594451371312,56.44217267418865,50.93603309876974,-24.08733962038687,-23.854644489257304,-17.35199717169917,-21.590362699852484,15.043453119063004,20.90297318227138,-42.62318482133956,-63.82428679591385,-15.515161811807282,-19.80176061164718
1657,-23.359384629706856,-21.846600172796666,3.5141389479345193,-13.38146159802385,-47.953386829438216,-25.45923058757514,-43.57736008440809,-42.475579741003095,14.908325089248669,11.195223740716422,-63.189612069413386,-45.81742701538381,-10.147516666985153,8.07308695414244
1658,-30.53748999327932,-29.088272177799436,-19.8141631861297,-20.84388441715717,-37.99710753702644,-34.59450296878201,-32.78278930953777,-32.54696860537426,-0.6944059038630913,10.133682486590354,-73.14246845529426,-52.754583275241345,-12.156077925424258,3.301449242195777
1659,-4.046995237868509,-12.117784421096928,-11.928033043421323,-12.58600212625901,-17.0058013621079,-21.03776092648504,-9.32065013760062,-11.343169386696756,-16.503208360585464,10.643967276969125,-77.96196247715388,-70.90395648604795,-13.95828139417702,5.658372854369498
1660,25.452207512122975,22.899501760639062,-20.537492979165688,-26.30577022719212,11.814221495242425,-1.9355190497913586,-1.699467080937535,7.025890041436322,-22.042062911877593,-8.339334720734882,-50.382205929444616,-73.6611022117587,-8.445483125088954,5.986818359672818
1661,12.339686365384429,13.526297194791589,-34.88881017071828,-52.58144032371667,9.533960298671591,-1.4566974541415607,14.928765277056105,13.489161216026355,-28.173292727977525,-15.181356416514985,-28.53261529134485,-71.612021302756,-0.5260523917265155,-3.4068732384763933
1662,10.137753227535967,8.850194554813932,-20.50859754234939,-25.332880607770832,24.10357785401295,13.620803020209852,19.560607295420034,25.638636935030128,-14.444420236233595,-8.676631756418423,10.895701522132399,-27.11125944717554,-13.854807703778034,-27.670042198237514
1663,-26.358187237746108,-33.69806313606844,-20.28212639059697,-25.725903378983865,-0.7123826261879675,3.9865295722088225,3.67006592693636,14.510424811346741,-9.655350661285912,-15.2102712722906,-20.22499190380612,-3.850610103515922,-22.13378596004821,-23.582084312822943
1664,-39.04928028261896,-43.14251191386995,-21.825171620825316,-15.05826324851622,11.8065968161327,13.69678304382886,-7.86581394447046,26.335241470449443,-3.967356207943995,-0.6591340980826148,-33.556446083457644,-0.0756884659513746,-35.5856972027697,-25.315652123199882
1665,-53.10742177604655,-48.94694650104947,-28.800024190581542,-23.149004263000457,0.002543807373605489,-9.151258641577366,-19.145426750629813,-1.3277768002100685,8.457853800623564,6.47124217822261,-19.59390532718092,-8.750647022042436,-9.030310773569767,-14.278934735452545
1666,-48.27230345080093,-31.38307820231785,4.5126940266681155,12.69542241978786,1.6614384287700512,-17.076135468461143,10.50138264234072,25.351848700375374,9.84140287405625,-2.113402484674233,-31.901439025633284,15.035227356398476,2.4780208401538504,-6.426918912370527
1667,5.946151566609392,-1.253932887290571,31.98853663868009,47.340223129642794,-2.5683319946358507,-14.971348435614965,26.0634987504871,57.431327516825036,2.1988530519416636,-4.569512015885369,-7.048651197275401,16.56239939722664,-5.635056178380452,-2.8102553246136717
1668,22.897754291113625,21.897119251817188,29.058878113893638,36.78305149799886,3.9513319034914214,-24.07809611967909,45.36562866496651,54.077242023239556,-3.9885481310553836,6.879033530341252,3.4661161704462176,20.301280892826888,-15.654485609423823,-18.109333353251106
1669,13.263335182022798,13.204136494072042,16.265516121770688,21.459493739466097,-15.96251330058717,-20.90148971933536,28.26150904873904,40.51275735619677,-16.89057503292803,-4.0791428823036,-24.215312477061723,26.44402402546121,-26.259062972008845,-11.548525602441874
1670,-7.246931071965217,-4.19978587719818,15.28728528331555,17.75594094858839,-35.86120500815008,-15.348164814726621,13.503284113304398,35.08691127157148,-25.44801016909469,10.621487487808931,-60.38010004183498,54.463069802222,-51.60522357382214,-4.410628428290777
1671,-21.47778784970145,-20.819803866269073,7.90937435903152,8.252781336333904,-40.055692198588496,-14.507702087193621,9.807353869390749,24.341896543036896,-12.748469090483168,-0.8136015683523941,-53.74075568641477,49.32867809719043,-53.42483656514479,-15.530464867905762
1672,-16.164598423418685,-15.510164935736148,12.129224488312701,22.63329641701279,-22.208052405919652,-6.421155140649503,5.663407398347704,36.1628914575046,-4.3054731104220245,19.68048242326248,-35.35076294712184,37.00619427274962,-64.66434943089754,-0.8395071465539197
1673,-36.33925900905612,-27.936234224351118,-1.0925295839436366,9.547203731743926,-28.97254467324801,-8.9146749653038,10.230885685232534,16.79992913186421,-27.22024814067396,-2.6929657745023903,-39.1358188723469,28.707052450003864,-80.28042458380843,-17.89237131806543
1674,-22.38145732353104,-2.5927602992480487,30.16531767566595,50.59761480504308,-3.0324586127281403,20.58102955249954,18.16586195656128,55.317530046985794,-35.78039029185144,-9.382524939057095,-26.411253118964478,-0.2394102166572283,-90.84317452742211,-15.744795744971219
1675,0.15436728447402903,8.422945210199572,58.557892080121974,64.09307052160425,18.3388111631314,13.96451750737891,35.98871752975326,62.602432714985206,-32.60702399461583,-14.970386862585258,-17.592790880790588,-32.958957090136614,-68.53283634264947,-37.001978496847244
1676,-4.839014957976476,14.017894029257054,44.25345399715261,46.44407610994961,9.51658653991221,21.50878089399385,20.301646562531424,47.25205152819144,-22.637132036483624,-3.6820732192465764,-45.80934408577467,-52.0921586612209,-38.8502386030019,-27.27261622425165
1677,2.073119286749936,19.70908203398134,18.89188098795086,23.32981474910447,-12.509399084668791,15.196959314026406,-15.202315489994655,13.70123475501779,-40.61389457370132,-10.677037612771999,-55.03845175106373,-38.27629489891605,-16.870140884790942,-1.4694732729481883
1678,8.96805050862353,16.212178985404243,26.964831676511988,31.34962918834656,-4.96479261788812,2.204828714922525,-4.887822637443598,13.008411126034517,-15.382066036417589,-1.9453949437731346,-27.381683766648425,-34.524262873657484,4.51450876342601,16.26824565268505
1679,38.885715733710384,25.5365568580797,71.72361820563653,89.9335999125199,17.595461544618978,3.6683606270291684,7.407456246008621,27.944221063181395,-8.587976198894669,2.2853401173436163,-7.190049334375124,-29.8842130608061,-1.4461278602868104,28.381277305012155
1680,50.18947039796264,30.47284588732012,79.70319711092303,101.25627045350747,17.111545873644516,-9.280725444114799,3.6111397257374085,21.292857944261566,-17.25029012752937,6.946919624698274,-5.459822713033617,-12.624221622762121,-17.858663579046887,29.218747982143306
1681,48.553706319985224,21.178372641589764,77.28178182727514,83.30523469547711,8.968331279594212,-19.043176073648688,-0.9076208296001421,11.499536958643438,-9.829625813092024,23.538602247853493,-19.548874009151458,-16.539956209406572,-41.409407938215296,15.449348632454159
1682,42.4770475927148,27.490603026937812,67.64781519769049,62.06638826500011,-2.3820852169616193,-30.539606740579675,15.811786151525656,9.292117950346,-13.499537116534363,11.417738348244448,-27.00600327398671,-51.734253495119255,-35.87666981534264,-11.111460213692713
1683,48.6390939869822,40.69809357676248,85.13211967582693,95.33657178339732,6.449655279460114,-17.53468917957401,16.44939532135989,21.500211844971183,-8.480652810145287,9.384764222221316,-19.81049454421641,-78.72146579613303,-34.02883877089657,-35.186464571061606
1684,41.38823982401269,30.440416943673142,77.28120277555907,99.69167300216739,-14.004201087966386,-11.314422248549489,-1.1226321230041367,5.070008318154603,-17.394199894035356,-5.419531989770341,-41.88936114247069,-67.0259170371247,-27.704038125011433,-15.970422841385101
1685,12.434903137749387,11.940874676495547,87.35902479395376,90.52467408236215,-9.929895864019743,-34.119972543672645,-10.22526601853485,1.423985382209338,-7.881528210383142,-7.096887232856838,-33.17565656917722,-81.90331552371866,-31.033111298995728,-25.579791721349785
1686,25.45213000686855,28.466504933223128,121.1246203621945,120.68923323979554,13.047756638621847,-5.0221506739012005,12.177027654744133,26.158600183341555,4.215580213430857,3.0034118092853515,-25.6382402447251,-62.747766352033636,-11.517571649715222,-14.779318119553109
1687,20.024118398299475,19.34983043405532,104.56389196377563,101.87712057914433,19.17895705593934,11.000496802619624,18.835951449507725,38.15154659974382,-4.06859897627712,15.054399546464426,-27.50693652462848,-24.11902644906131,-27.523363948230518,-6.741022099657429
1688,22.33133078338544,18.844728645964373,81.34601298598504,83.23581834178047,24.97250701650023,15.617356095158518,27.88126576020511,31.78459294213742,7.567646532900643,10.906085903946769,-28.55284994796902,-3.4909606110657005,-29.833844161626565,1.977782244176433
1689,4.050350450104507,2.944736604271946,32.19820634304944,35.02389753660725,-11.741729833975691,-9.622090583140574,25.844427794967377,18.635354421744246,-5.214449175261647,28.057478740436515,-44.83713820561444,-6.685075103957925,-20.986187772360356,21.513277123238012
1690,19.506043981224632,11.278088966002223,21.316812213222775,18.808514270887354,-14.135299493092838,-31.499811417144198,16.185226171736335,-6.969659574181007,3.199753763889372,17.63702541758891,-25.607948126506127,-16.25644007005287,-12.66648221745034,-7.46070164166351
1691,43.7657480521021,34.95461714465981,26.94713872657759,23.483160860223112,-11.678128843609633,-39.660020921374105,17.500118574860444,-1.5236657996470158,6.8573240316017605,3.34597806435859,-5.198595506984773,-10.353628666448552,-5.047480858508629,-23.96603142626225
1692,33.47434539653063,19.781913319133263,22.179746277390365,25.726840382410796,-13.465428907285293,-34.96598918018982,16.16510084353146,2.801337273801044,9.727913502528898,4.291051972363756,-7.969221846015408,1.6975242133652462,1.0349472183659703,-13.533687822380681
1693,3.0681700926303606,-2.6484326147779895,24.534684348396016,15.466707368633012,-5.46608272786796,-41.96602467639489,2.3758067309210023,-21.684854297455843,2.7606051216678757,13.027314669147824,-43.37960890630211,-20.358907990553714,-17.408710838584646,-24.543675534549195
1694,-0.36289125101675634,-8.473415609770996,12.696306356666815,11.09254651575589,1.685636832807738,-24.17584745250851,-0.09252727424000133,-14.001786902370426,0.5031615912726988,11.14734098831777,-55.3652559378105,-21.393573845176057,-21.683034505961245,-19.731786172596905
1695,-1.6006904796165822,-6.096378808799086,2.739221699383551,-11.5632482890564,3.4570170148514983,-11.197167335749004,-2.8270444790658478,-18.89379330399398,3.155042720897782,17.930711349507597,-49.121425331978145,-3.7963919744821726,-7.37689920187736,5.618512320697604
1696,-13.775304576625985,-14.807760158509826,-14.05639840417389,-37.538526024693844,-5.963469977745221,2.501601139476247,-13.110222955242262,-37.154077828707,-9.720806418380516,14.438439043004017,-22.978952956086133,29.033640031864806,-23.325225035882607,9.470601158532753
1697,-3.3587902481268825,-17.891943180662885,-19.956171470830913,-42.77125552024455,-0.4607593189322295,7.568719074217985,-5.557798541466348,-27.170078391798107,0.6149809570343633,12.691636219554491,1.209034999681292,23.452004889255004,-22.891643099967762,-7.316802266549844
1698,2.3977134106927083,1.6637297705763836,-28.141488871981576,-41.7789073544436,-7.174965840216494,9.627659112591358,-6.1742971364228705,-7.015650218806938,17.1273901211045,-9.554565919494863,5.836711568654357,20.91267366386418,-15.542615186141715,-0.1657550874247394
1699,-12.844248857520414,-7.8679031942173445,-56.97874302179536,-55.57810002378455,-12.558531379694962,-8.838062265003563,-20.961295509607737,-28.04422520473428,9.980729230863302,18.658344543977137,-26.301048390561974,-12.79885989563124,-17.50784221350415,-17.789353424991496
1700,-31.112454691928836,-16.32012467923441,-24.43756153152545,-39.2076352169733,-13.573195333681916,-32.132836977836945,-20.78942274792687,-51.01835639906071,-2.3386465647718238,-5.609023199253237,-47.436374153568984,-28.901857649045496,-29.315669535547833,-34.14937414393039
1701,-17.526443179053807,-2.7810325372075795,-25.05424361122692,-43.991391257415415,-2.2465212175852454,-15.538307731017435,-19.781371159019063,-57.05542448293441,2.6733955994001284,12.143333846065854,-42.609519961701096,-30.588793311682725,-11.759096494843522,-16.039084222542503
1702,-22.001316146620287,-9.217382681078405,-43.59972393161802,-56.62462654471705,4.673231482303783,-12.315546927002206,-26.168121466235018,-55.79814664520961,6.034966985112297,8.769476485125951,-61.74728652636793,-38.10786555368075,-0.5733024632518297,-8.32209170201063
1703,-13.470079601164905,0.7805330681592608,-28.742751755979928,-48.763605184523264,9.250630019117535,-3.432011635988001,-16.328550396221946,-49.333682477186954,-6.67452563973563,-11.182353251721551,-38.98892988589945,-28.69751984357481,-4.34186819500224,-27.30045564567679
1704,-18.23561090259736,-8.307395331724553,-42.274736716924615,-55.19720697975843,-6.377294020623113,8.844443658266965,-24.660185378946316,-42.830762383301284,-17.077143442168794,-21.92537534593493,-58.82326680906189,-12.57362115063152,-34.573422429742045,-30.07416993478886
1705,-27.88991765107639,-15.086468721173457,-52.46354743480356,-59.850714428135,-16.407109951347895,10.508529288710426,-31.371150307408723,-42.37004895387137,-7.094967703674521,6.460167474029562,-64.91493342102335,-33.97628247260062,2.2056647659634008,-0.32952477487223514
1706,-12.323596308666643,-3.6653991669805253,-47.632727010060286,-66.79885579539273,-17.080087950913228,6.152251901814997,-36.58369997572527,-54.83299040277941,-11.383334321180092,12.66328274465034,-85.52326012274747,-51.02873404582132,-8.627351944641587,-31.002107529561133
1707,-4.336150868006798,0.8752700327140648,-47.150903908672966,-53.01224662753549,-22.145381185251185,13.499199595462912,-39.09442376016553,-46.69194648306204,10.252956072648216,-8.171333733626494,-68.31603128882716,-55.370665925413476,-10.850763885651869,-36.01502071825644
1708,-2.1674753293340014,8.162804951950678,-11.742870530288867,-27.5156179177171,-6.690685484859971,21.037175488039885,-28.735800674199105,-39.17316946761135,-14.157822763604756,6.240458801009174,-87.19547417962818,-48.068539234830695,-39.601635998277516,-34.007683635688416
1709,-1.2198439579350346,2.476614857152978,-12.939466090651043,-1.3181187741157032,-0.33483710431638736,7.845611046264739,0.3989899589675738,-24.026766872280668,-31.632332898257584,4.428433611555542,-69.51664995531084,-50.80208496476117,-39.276826201618036,-18.56083433130127
1710,24.509231262283343,29.342642164012798,9.343936932496337,3.0547513554448624,15.645118231127363,5.419695466383629,15.069213448385458,-18.42568243278928,-27.756523703779767,16.66154999715046,-32.25318924276989,-23.39033649354591,-7.694346165040011,-6.9943689511087745
1711,10.787209367753547,13.336018724441185,-24.0756260653155,-36.815711665368084,1.8133612376981572,-2.27906821539051,-13.300338428369752,-24.1687579957633,-13.183744931674523,17.54407391900581,-41.49585956098319,-11.616003703619826,6.62758924871749,15.386812960220338
1712,-0.9479036188169788,-2.1649146331681415,-49.47733817698833,-53.91081340958338,-14.196643508884542,17.611833105473668,-36.86334042219138,-37.19651355792389,-12.380099320220113,22.52654446647606,-43.948177859215384,-6.2345770774566525,0.7816693588009935,14.354433583997588
1713,-7.6194252172777475,-12.767540685444118,-32.75872563041063,-42.78086036685682,-21.873860787287214,2.408739156505821,-19.762624354189388,-31.461899749260738,-9.963403180833604,-2.637613875819879,-51.127766209667215,-36.22026539919146,8.73137728409367,-13.741890862993806
1714,-2.79230997814704,-11.24531101571059,-41.0136570550631,-43.62051297082976,-20.697431603336344,-6.844448107391903,-21.494894261585248,-14.665041955637644,-18.005156581074843,-9.560898996185509,-58.71772558770046,-65.60150484840517,-19.142924370150457,-37.74852512168297
1715,-4.994548180434293,-6.2740546872929865,-7.345455017506301,-9.361345911679857,-9.906850769246653,-24.67659464072557,-0.37371309170356554,2.3571184192758823,-4.171592390415297,-16.60250792429681,-64.27697269030658,-65.7496267262901,-27.367491091789923,-40.746010943144036
1716,-9.119689014626289,-9.385472018290145,-35.73844017749047,-37.65017607552194,-34.71652897595156,-30.80698438758178,-28.041173046835727,-38.37158282680438,-9.018852853928545,-25.445937206113996,-74.94538201521348,-26.498816118283244,-21.183575229989927,-19.09500101111412
1717,-17.073985163197367,-10.59425034142155,-25.21661922172646,-26.054297635775654,-27.75347672974281,-19.018364186621106,-23.13897958625487,-26.5340440479576,-16.753667190262576,-0.8154402836553425,-52.77776873824123,-10.120900172585102,-38.908029079800016,-18.16509515364241
1718,-2.152697245526065,-3.575208998184439,-10.702335574339704,-4.14382634501486,-13.051908574164862,1.0791758354443135,-24.73509259751041,-23.148048754122346,-22.721082239687508,0.6387757953555052,-37.6105384401175,-4.921715769184345,-16.086826104779217,-0.983675783916551
1719,3.3270064350925512,-6.112199673426756,-13.04237996919215,-4.945435983207425,-12.510154012062042,1.4445327059851807,-22.96834105231101,-17.919291352928006,-0.6601281452086586,12.096198623465522,-17.195214537109432,1.8421715486745356,2.436765928210147,21.18778942532292
1720,2.792084161529397,-4.163516407069416,-13.612279371717923,-5.862816445584336,-19.88805394104202,19.81737685353709,-12.402095542094889,-9.277041356365187,-0.4488193499762391,8.944610681709039,-4.227834607088954,4.706971160169057,15.563929006634838,13.000134176994761
1721,-5.643698296209353,-6.563279125650122,-23.783036723405896,-22.598021417644524,-35.27217049650486,-7.57940620707627,-21.490598046267188,-21.70285559062378,15.14552397689367,8.544534281733949,-20.73273002160801,-11.82425771720211,18.11144222914612,4.28732089166063
1722,-18.92046725050546,-5.188460055293546,-11.994258826390078,-12.352291903200133,-20.79983188123694,-10.019072278335944,-5.478843573266286,-17.328108567673873,24.269936449489535,-22.631674843986822,-7.384785102232878,-36.268973928097836,18.964120309049765,-25.02092552879004
1723,-2.853316568485412,-2.9826606393333615,5.289759663821266,4.147210289366101,-9.782572431041242,-8.756783436237017,12.119800736337966,-11.804961581662962,21.667070631937793,-0.27630486109049013,4.016535848339963,-42.40525475129409,27.55550937044781,-30.26573580860894
1724,23.632247039017024,22.229677362209777,22.76438133630818,19.82626940327295,22.137536697807505,6.250406966394228,22.815379946461587,3.083127082511549,27.259974765736782,-1.0714601345407821,44.42369559154356,-12.85114698861882,33.39323381893274,-24.96225409178628
1725,25.199855015418915,22.15483428279269,3.7829568534238547,-6.567259058367804,15.91642865891892,7.41600706824141,4.628292411201114,-15.8410086811222,24.432175640788916,1.638609891927966,58.51301772894263,20.08733591168187,37.36071548248431,-8.88482337254118
1726,27.95667999914017,9.176767259042967,-5.81703335275789,0.040507506929590154,37.418939042948914,11.995511677715825,5.8219096829440335,-15.855624698856207,26.8761622983388,-10.691819156745666,72.33387763236821,27.261679351413832,32.895339875390704,-15.461741726564869
1727,7.490226104067656,-14.011939834168539,-17.077426165040407,-7.685570630513024,21.377211170130057,-16.293895449201166,3.1436216459867197,-9.71260977260367,22.1344767189057,-6.943518561868796,35.358800274507146,5.22879813827982,22.335140212522706,-18.225160493082907
1728,6.46782879150357,-8.389378156910462,-7.939177777343157,-0.4342407551921137,28.981189286182083,-16.961467508629305,13.047868834920422,-8.20825398090977,22.81392055814322,15.461743875306658,29.191377351394703,-21.469688271498644,15.80019143324145,-28.389761752020192
1729,-5.457568221295476,-20.759032790756095,-32.83548177357165,-40.06344700541571,-11.402478231650644,-30.781392555957932,-15.946714574934958,-43.53200975309703,13.442512307250496,-8.094139363378574,2.4125745215828163,-26.93473745175027,14.311998732683485,-22.737215082254945
1730,-10.786684183527607,-14.269995799010116,0.49289556248601113,-0.40136095614516765,-3.3667870240614066,-31.25699667719551,-15.92262090173765,-18.830595538721745,9.0057307443777,-11.860140769322703,-8.60296255305182,-33.0742298872622,6.636662966654313,-11.548733244457905
1731,25.828308904061494,18.030160997615678,25.917409193315777,36.119642016485436,9.324944291855514,-7.594975542109206,-4.029846091952499,9.374522051714653,22.040661292819248,26.666136193413838,-3.9827487332691955,-19.798393653194076,15.621681118119223,2.607943252135871
1732,36.94586910265022,28.18341434637606,41.107035569358324,42.32558448396756,13.039792846790801,3.314831578398928,3.163186369157838,21.47881264517636,25.103809329190813,27.17464824027647,23.195072287562162,-0.47599154530280313,29.664512283291167,29.681972490693354
1733,66.13924418619891,45.44205761126997,36.46084175789833,41.12676331925446,3.6035311661199145,31.715421948900115,-1.1993321560513874,21.067566668608748,11.6737838762527,12.484581582013648,33.612134123472266,44.90356562715749,48.47606906843021,70.49333722944215
1734,40.966663817452655,34.45871854845493,17.44186460374633,15.497165463762872,-21.090601803624285,16.65750407821749,-5.037459385667657,8.868916183860035,9.417186354051436,25.41152370144033,31.721182776072283,57.12276240395504,63.31683579554788,89.01510811422348
1735,27.1518530355702,26.775300808489405,1.1178968837724657,-11.442003411475795,-16.57187450020341,-1.916035126296164,6.436982196818791,19.476193936395124,7.704885542927381,19.6533006499529,19.011887716827136,37.14832324691885,71.5592846061625,83.66089493153508
1736,17.29495456385637,12.963245191517116,-18.636012136600105,-22.845841073460555,-0.61992702075909,-3.225794037174487,8.386672289163606,16.909003437472983,13.939641610546985,1.8841074455180424,5.2324107589179025,16.59515033954582,44.19635479263919,54.18631976754037
1737,18.745130384635615,16.388189780248556,-29.7150438897955,-36.85475290132599,7.632143142995065,23.05792696629825,4.685858457265604,16.18776553455251,-9.453808442090429,-14.130000410655986,-1.4837949888157311,11.263863150261844,30.168384252091588,23.68389433681456
1738,9.860881967491423,4.054176182061319,-7.758782285603495,-7.831698478451366,12.342959265240461,15.00028155505974,23.873135783963306,30.788152304251504,-18.927727356683313,-20.52430768359811,-13.490634148794793,-1.5526963444628987,-9.58388166208667,-16.11006723110181
1739,7.562870258496797,6.6879014188306805,5.714097845422578,15.877158847800532,5.4960747019928125,7.491461408554145,21.562377504631343,40.92335690704469,-36.207249178167935,-35.380664526501945,3.3520550963756577,2.4005843798639384,-17.81614867232597,-21.148001079347548
1740,12.648259013476117,14.476242361802832,46.907325673113895,40.74343189151101,4.914980599065308,-1.133083755162774,20.479800613505937,37.94122842499692,-2.3603943345769385,-26.524544937412646,37.98798877399707,29.694487626808414,-1.606474230372284,-7.277993851612693
1741,-4.784162319068378,5.263463728296246,18.03513198915994,8.933295020522442,-23.318855517713033,-16.691905817317156,4.308333831423156,8.168977982534289,-19.087201123725958,-9.745311517636216,5.9123687079217415,35.243004783012395,9.148066457819441,17.144083807777676
1742,32.85500229239048,30.196038396029724,57.9400780736943,44.84030754769136,20.816447149506583,-8.058442624677388,61.242325714135895,61.324785830706354,-15.449085061846722,3.792869772544566,43.26518722031813,48.909509840277416,6.907503586899996,32.00283344958487
1743,30.89369706990144,24.880284865833325,19.464362271599438,23.220174175670486,18.061493593223567,-7.489307918738474,36.990306139403415,29.838011011948915,-15.9774916361374,-1.2744053698382705,51.77567501841728,37.278823837483316,6.771986639332753,47.60965444685317
1744,13.233419404674615,12.976396985841037,31.336444781359035,24.994940486606804,25.712648817396598,-6.226490056581069,30.723090865347622,27.865288728317136,-13.500453511822224,-15.544364740128803,55.34973849724014,3.3208931927510768,0.9748797816543291,13.504127391781957
1745,-15.030153090425735,-13.817708110928146,11.389972521505628,26.391208915097845,-12.774334869424425,-29.064414578735743,-17.780397563899964,-7.83417492821516,-16.077637035449282,-12.055530811834636,-8.12784867536828,-53.50803427234836,-26.92811328469514,-17.95479273818332
1746,-19.14306238796047,-14.371445544656094,56.41136212529559,70.58405934877074,-4.257336110692952,-23.623959345418708,-17.02427916485095,11.303771299281177,-21.24845901837185,-16.327045047250508,-52.089315132653816,-69.20519998070694,-37.52421328921983,-22.393419606952158
1747,-2.588227157106644,-1.9742926866668338,83.28066273054888,93.38139856984625,8.412403966188698,-5.217556815041138,-1.5432341115048536,35.22483092693217,-16.332449813248452,-16.20179085682382,-26.79442393265973,-52.959345301937724,-28.16798198806815,-31.41040034022866
1748,33.057265963394,29.15150609541707,79.14528005351346,92.38349155964816,36.942543410605865,24.703174916397156,20.932577512287384,51.075413129533885,3.8734193730868345,19.57132501604486,5.272902781818546,-21.56138689101963,-5.787016529451402,-4.382325860231574
1749,31.34535555278022,33.67753795881702,12.016400458613404,24.884040195624376,5.909658069392183,28.606048695844112,-16.82323648917328,-4.236225892324182,17.02379515810146,12.477695666752059,2.8867792918357926,19.190478336443633,33.94069234242074,56.529019814426874
1750,15.862061899884582,23.595146975948467,-19.446884944891494,-27.274095048228777,1.7400606586776899,61.71049604383582,-25.268411835577012,4.550691836216044,14.171596420763924,17.8368437989824,23.226539689758027,34.96057840343597,7.305113584651929,36.15148633776096
1751,-8.856597423201396,-2.800915071276256,-57.0078134526261,-51.002848629562166,-10.509445572437315,32.26422212125976,-35.146627096307576,-25.34022122726623,22.386148395231274,14.033596891808013,54.27291587552567,23.336541825028675,38.61300657954942,21.955979841690155
1752,-11.787950858819874,-8.445263116654605,-53.22375807503124,-54.17966247671362,-3.0412846838233216,42.57038998580974,-18.567756676357252,-17.149745607454445,33.41503452036025,15.014644923704317,91.862077669602,46.26222305463463,56.908419600925576,25.822512384436877
1753,-38.485565414425054,-26.833174093212968,-82.82174847084009,-79.22483427375687,-18.499285396498802,46.178583034542875,-39.811606769969934,-27.990676430598477,32.13524963078307,14.215948358560022,74.39611418197596,39.3824456374478,51.12948272635902,30.573907054822293
1754,-12.83032422144608,-0.6277357141822724,-59.10106933855315,-54.91631573298788,4.458896861427983,49.16444824972666,-6.73926713908949,-3.0690719042966648,46.431310329834965,-2.3674316166561553,83.93917190736697,19.854597742940797,76.1851868782312,8.967249276138697
1755,12.968246801780362,22.831961344771212,-62.262601522060294,-39.1162650469021,31.257704136931615,63.733837487144,-5.087863626702506,4.534193002345513,34.00049732345744,8.89883980280131,113.09264836976199,27.695663304000004,81.5062122160566,3.1337726373036827
1756,8.36684676462651,19.61306948221288,-50.086443598931034,-43.34495450616713,43.65936655377356,66.51659358814597,4.844801607815188,4.992824170446788,36.324262446926184,-3.6384992813744805,101.614298057698,15.318993430622145,74.51302291967093,-8.180109551824188
1757,-24.32000252261726,0.24121667871569677,-57.293609151684784,-41.902997299858185,25.858905474085322,52.85704639589021,-16.808907698738626,-18.603223874643078,10.642959728401856,-20.546436383834983,61.14393380101376,15.393280027528325,15.546842485671297,-24.154140142895642
1758,-23.85191441842362,-7.8147100291607146,-56.62494587721253,-58.08376998798164,27.196521973567997,42.28338466035678,-13.215333757028109,-17.639410217934362,19.059725265207835,-2.5821780750091046,79.81172938820121,27.494132728498315,26.4698959146006,-8.88235539412351
1759,-18.292560876857834,-12.019189567656651,-61.17345784278637,-59.73049915346427,18.565794037723595,15.646683701708124,-21.394102319901325,-16.54368761154941,18.295492907469807,-12.627303079967405,52.04279728295639,23.893286187400566,0.5212792927713165,-17.232103913376992
1760,8.611483072131193,5.9438154860426335,-42.98920857518882,-32.97245204596151,26.418706146595508,15.5445384941171,-5.62927836226581,-5.080629797781012,0.686784243448462,-12.749282392938259,39.023663374863546,19.976829357121662,-8.105645661826355,-32.46803425954457
1761,-7.743867183407463,-8.632134374368706,-31.163355558970228,-13.514532638649186,9.420489172622771,13.941388306181974,-9.717029186423446,-6.775385491953202,-1.9185885845760742,-18.801255388761966,3.707316656331365,12.383905836394113,-54.88301362900266,-42.508929240991016
1762,-17.202120556140443,-3.839235224463236,-27.217681980237426,-11.064100605522032,3.54275121351861,10.813959192492039,-15.856516954014678,9.829789047130484,-30.106636432017453,-30.416548840255924,-11.147368034236377,18.986010739341793,-65.2515469583303,-39.99702148427438
1763,-29.04767667694228,-22.745461588599003,-17.63965519004238,-17.31556603338513,1.9316724069102715,-9.534391758375266,-6.871050248307855,3.6407003665956426,-15.122108453289362,-37.244417937886695,1.0531050630976893,6.422305937792637,-57.56866448494869,-75.01398035820151
1764,-49.666950959577754,-54.797218328253145,-27.749888674991084,-28.910234465885296,1.094988083248531,-14.723339606455697,6.45700749152226,4.788577995757156,-18.8270185780467,-30.697507315061163,32.8871973575849,8.437704189830983,-28.51872848836013,-67.22575913840367
1765,-63.54156404568019,-74.82955958516584,-46.51042649421953,-52.46281810309921,0.1260988059109156,-22.25198621899627,16.742658056705146,-9.331826158028473,-13.147258197677877,-19.48274339494661,38.67934887053345,-1.9905506488609832,-25.230352878673536,-55.59750680795492
1766,-45.759085869670855,-48.74811338323583,-25.783870922641295,-8.895979156698372,-9.107358792176537,-24.46482969381327,1.8755855420995218,-7.988850485266752,7.586328826119825,-13.789076289608522,13.992604810030365,-37.965031970487864,36.68301878428112,-3.187567715872741
1767,-24.938342486610402,-22.861312060511395,-42.48572245007157,-32.46769493476535,9.615291908354362,-18.530357520547863,4.368687555479505,-6.234741551821702,13.428304351447716,-13.358730705477782,39.5935915119103,-39.08710146078001,15.283141373501905,-42.61182490183548
1768,-19.39584045023069,-17.468404684745654,-37.739117357139214,-42.9914868004386,-1.8603629840223477,-16.663439558878196,-22.711515105973472,-30.10408373132379,8.844470011174359,-18.76560525579656,57.6968699378832,-32.66490677096728,21.917964123731526,-31.198008377217924
1769,-33.04209831663852,-48.29462193884049,-50.99631418390467,-56.824045899621616,-16.98858622477276,-43.90287827534546,-34.38114392980585,-42.091261843511425,12.371762945301478,-17.121048391169303,44.237560982156786,-30.502845137399376,16.334409476117134,-44.280754222252796
1770,-14.981060284179026,-28.9887495756789,-48.78299149740298,-49.24080367795885,-8.274562212845073,-53.038599661845886,-13.112037610126382,-17.632035812608805,20.105538888096003,-7.224137825921468,47.671584827644864,-26.377266349487073,38.66526939232385,-24.231308261318535
1771,-7.082030252542052,-21.124590492054317,-36.101012033040746,-43.92686707875286,3.8680791984673313,-44.891025450528446,-4.435656641273229,2.0794742066282734,9.479945641357997,-8.548017188981076,19.92829939663365,-43.72392549328148,16.082166614544658,-36.78312773046996
1772,-31.11170646759507,-21.032839999992255,-45.269749047287156,-61.796606013419634,-16.808586998444447,-26.155621637437154,-9.540813143508846,-9.043161615654745,-10.059627941223251,-11.25981657727584,-2.3245596373070887,-22.612129652144077,-9.361288930546912,-30.45646723695679
1773,-19.20364651020607,-15.17970133947421,-22.45661913213083,-31.315234072807506,-19.5116375908169,-25.24083874859446,9.97018680656287,6.8121327911997245,-41.13553791216779,-2.5793542240902037,-1.6805657140652341,5.482968200011117,-24.51377769725533,-20.021939278126542
1774,-34.16524603118615,-24.16426562470037,-15.237056589288356,-18.547118454004735,-27.8402701264643,-34.04662357876098,-4.5459446959786485,-1.9546350698543726,-18.087392046400456,-18.621757161873973,-4.706534317783682,-9.32905074201836,4.712261145372652,-12.379201498610628
1775,-12.238401177460752,-13.761753745827098,-18.99022360491929,-8.635532418309495,-6.022308839216363,-26.345875729192105,12.28965840368667,7.235009965120294,-0.6074972838634395,-24.65784551668557,41.11431309925275,1.9919861152997116,23.827220482812795,-25.020337080685714
1776,-33.703429989306656,-31.352986795670276,-34.1971507475425,-38.23649194449966,-20.899499736222193,-29.169451133635175,6.458285590003101,-24.3155482351248,-10.964491860105495,-5.425637058200712,37.295769434339974,18.255384495489032,24.119836795013025,-9.50747805590975
1777,-9.796348695738232,-12.936058729719154,-6.221480834427322,-19.432595598777098,-8.704885692501751,-17.278394162996417,11.372743315836837,-3.9306904285139246,2.978452606243701,0.7493870091930674,51.63814009857405,13.83968975720003,19.347155700007736,-6.473609907788151
1778,-11.412655704935794,-10.458612006996235,-2.8351900749327275,-0.38622480281578664,2.4495972055214184,-24.162352355821344,26.495066894578194,-3.825762224212363,-4.75884917270831,-3.459988303419433,16.94581497202377,4.712368952029271,-4.4394471919878224,-13.082241170522156
1779,-12.15446267489045,-3.842093858743432,23.663309423794008,32.71680658428457,-3.8255275726558833,-17.835206195821822,19.512163364405342,25.513618902411928,2.8065377325333216,4.052147953840425,-38.31239765919282,-23.654088581516575,-12.547269001168647,-9.345049331762002
1780,-16.064528778690978,4.660119674419414,47.41627566095443,50.697951003664,-2.7727735176639894,2.491609151590405,4.820628607105194,19.94603253636597,-26.58334623656725,-7.6786549011768335,-60.81993168923298,-28.285473848725708,-33.382166952974345,-8.466645538506885
1781,1.8243934849985688,13.04806639662162,73.623109214043,84.35364390517113,-1.3204411288622113,-2.106256898892154,10.814537529623063,34.31794086871308,-13.216065804425702,-41.78994579725067,-37.447135935974195,-39.46659879383913,-24.70566712869727,-32.14848449048145
1782,52.29459564391064,53.46550769461183,70.30259476991012,94.301743081068,30.84589031636409,29.635694737481113,30.309281030847085,62.38431817356783,-12.02312285913311,-25.26696242457801,-8.223255960734315,12.081073816802347,0.41244433195681623,11.312096778602497
1783,59.420991208576325,45.628298606221534,68.03047632067762,82.0777097488782,18.50470982326862,23.08820705123532,31.537255641060675,40.94361865137603,10.99160545043734,-2.124462409004046,21.196904181999557,19.826802594442615,21.001836819856592,20.595996485468262
1784,53.451094155218016,45.84241714473129,26.478084211403807,42.633970170193486,-0.8301646855211327,5.0040285919260725,11.135461142236867,17.87703170664806,18.226898145407286,15.924586334793663,15.885911354882232,40.56301865779389,21.82985155622706,35.14917758327963
1785,64.14785775052,42.6495925020184,-0.38026545105606324,11.628572021780535,-6.999814099775792,-5.242522120183675,39.61506442678744,16.016758797318733,35.02986160966003,21.879171587795952,25.853738566266948,41.91798449482417,46.28975196896916,58.18778482334114
1786,60.45407117759507,38.09355949057716,-24.31274675381739,-7.181769282206016,-9.98470432319401,-9.48712958723882,34.89285517437933,14.136597112143736,7.319803596749085,3.542376114758203,-0.14686766069396207,38.45285464461562,28.55075792893028,48.33235417356275
1787,39.995798582482166,36.93652144702226,-5.999291255757559,-1.224566392105853,5.944687538365721,5.201213703919389,40.48212783815442,25.54871054611298,-4.301094202035173,2.001190406492368,0.8746494895211252,30.36230457791358,10.8679119796624,24.822243051641443
1788,-17.267708317113513,-23.926222515943905,-34.132024246982624,-31.779218640855632,-12.567734326676751,-26.73705495563966,6.332282931511096,-3.397634271311631,-5.444682637852694,-4.085622196469743,-28.998021482323583,7.323314991107556,-5.4910886545876005,4.4347830508236665
1789,-23.505572053267873,-25.966320437694826,-16.359469799297727,-31.447844397255206,-9.593715675371337,-20.90612225199803,3.4569010609357744,-12.721216466224078,5.6137477774836695,-9.237276865866441,-13.074027843283812,2.5228961175868108,9.493536044342743,-6.786416662474832
1790,-32.826085531249454,-43.20061565678178,-27.0031633845268,-42.17978588884199,-27.323868709639193,-44.228739156440106,-11.482643509260253,-33.717209111078304,14.78973247447516,5.893802333874951,-23.75704073562097,8.042158240161761,-6.117691297798991,-10.426590549608129
1791,-29.115465982386436,-40.67932077391148,-2.7876806414613085,-4.952765530658292,-19.392830095798974,-17.927953668641546,-0.25916740085011014,-20.2868418837999,19.543014167126504,-0.8382882349130192,-15.26686550014911,3.723027850989185,-5.833784877144283,-10.680355137294008
1792,-45.847068742689615,-31.440402726168173,-29.966866397245592,-18.27641073137375,-33.789973992377746,-7.481582097633746,-13.83005037500222,-26.283846905181832,-2.135209079164417,11.456922240329044,-55.643670514375145,5.187010240432778,-45.549345040644766,-2.847675287913799
1793,-38.85936700130436,-26.496383029562438,-22.482442480106386,-28.49829112140995,-22.231473078013018,-16.723038644680805,-16.533781968019674,-22.095145856975208,-5.907433999844123,13.635448578535968,-51.59494394071679,-0.5056021317979342,-27.838418822387048,14.59147900107493
1794,-45.61587476166444,-38.48318811761557,-24.5236960403178,-29.217345268598347,-19.717203742966454,-20.79158262312568,-26.740743722918772,-29.100863123699042,-21.05514413216467,5.593760132799703,-64.476775487919,-2.567456416637452,-49.56201606933119,17.803008786385725
1795,-57.79176870703467,-49.408560323042934,-20.439020960360455,-38.72652817534451,-6.6501945857963385,-4.537132983068618,6.935203426180346,-1.7151352869085348,-26.154116160350892,6.727329510739894,-87.37773328101201,-1.5531540891293123,-58.33736144176802,29.946650297693477
1796,-88.9869090382385,-72.00357431525825,-25.39652653946483,-47.50569714982131,-32.625438677494394,-12.393450943108203,-6.818779500350333,-5.9026446752792605,-28.503695506635452,9.465467554288663,-110.13655601683985,-10.868708943550335,-57.57636372143774,37.332662825699494
1797,-69.81630190637784,-61.19315748081916,0.8660269928397456,-20.620108764830675,-26.542915534419286,-26.461184351166487,0.5730154294936936,-8.297802494378995,-32.83872840538537,-4.458643340577843,-88.07244073339103,-24.427207695062204,-46.93188672584569,9.473565503357637
1798,-40.58767583355062,-24.46130251687991,0.20124184289035263,3.5730625231635873,-21.672045039297164,-24.244203890520335,-1.9616528375475728,0.5941612747064706,-15.462846274528014,1.9516746401837715,-46.833708446147995,-37.26906760148865,-20.63489766340354,-0.15639082018644396
1799,-12.9486177897692,-14.734128200791003,13.635826602447679,21.306513170118578,8.050212431629673,-4.016462906038726,-5.289329468933625,5.584097223323534,-3.6670523984903602,0.8035984502280584,-12.2835823456248,-46.03612391425381,6.259377535276107,4.4482572937877425
1800,38.103751457680694,29.482787609433963,11.573628720869452,18.884665567365168,60.488087477124694,64.29006125207889,46.90409708820077,76.48475866302519,3.508390696108424,26.91443975406348,56.77314006039343,105.76326062496207,-14.801437879755069,27.815337180082405
1801,40.4416441269241,39.73839813384237,16.958778330934837,14.025833875362858,56.118236591987966,54.15186093168995,44.24112564999824,47.364570210489205,-1.3389327448381654,32.88281981815621,89.27697090076589,81.76545392323884,1.3192066281047183,30.845337876454685
1802,54.8428045696198,41.98887964578639,1.734741058021143,-14.413913972616644,26.330312317857803,12.337867422003836,5.6440229860774265,20.954619428560694,-5.390525543422707,7.847675841240298,48.24766889549426,37.82989793007594,0.039196700555632555,16.824784433202318
1803,57.707462056282765,45.49950769562535,5.226584280328722,2.0877318071528226,38.23124355120697,31.815466720046185,25.263237191064427,34.588921878944895,6.293318820747191,0.1789118947444308,27.79589236843563,51.86936654221776,-11.619916571427096,15.040253080032437
1804,63.329502983379676,48.78826093694128,19.0421474539391,21.225828462729112,45.829692150330395,40.935464543286244,41.127324950564166,46.619251032201234,-11.055450773174458,-9.278385842650902,23.27154777578071,55.40170691673736,-12.575315944841586,5.839356591148905
1805,39.58585686014115,24.866935253857797,-17.326437589340983,-6.656740258867533,13.530337694908024,-0.943136224588046,23.559943796406746,24.316449982975918,-14.140849702501692,1.3450598699228022,-4.080414789160184,1.8127050653527539,-25.28832661041269,-15.87185133055268
1806,10.794797124067077,-14.40231209960248,-11.625115492751684,-6.064241301692633,20.024260379632743,7.585781911934278,19.134572104145118,26.30330967061323,-7.636490181493213,4.120424159791419,-10.494177711910284,1.1545852327661847,-21.23053225447029,-18.54984174640316
1807,-10.156232053511363,-18.44254935201771,-31.83003808991656,-26.28568929795111,14.109708646299897,7.811570855913333,-3.8752276736119944,-10.90385928577972,2.7402294594590386,8.779653932508843,-20.832887585902967,-45.40804102409361,-12.266072023917625,-16.975601239318863
1808,-28.434013646348166,-25.901727380799514,-47.98515517576838,-34.00206725764602,3.0126727466123455,10.90277145266568,-21.806528652593148,-6.955459047588269,-2.2771641200492887,0.5721777574118634,-19.683457205805244,-47.68443835466951,5.007507069464415,4.157936211219479
1809,-37.90891702676066,-37.301214754609106,-32.20607763956716,-27.821777388804243,5.288975771310731,27.623839532765505,-16.227186691133774,-13.165640995637904,9.039441272698795,3.261244295405308,-17.061374507705217,-46.00737995607861,24.354503464534705,16.6225001387035
1810,-26.341413988332842,-25.447161133893637,-20.619012973221373,-6.435689951417702,11.828742259277352,21.407288522142075,-26.42726725401343,-7.259013228754495,-1.4185931418907245,-4.531390022193675,-22.00306570577445,-46.367124427237236,9.855465254040745,-6.227433804090819
1811,-15.867200461281394,-31.928840070149207,-12.343076332450828,-3.379450598780202,-8.338155438057269,-6.898386424730266,-25.809408468526108,-30.127048797110092,-0.6274587043977972,2.906973121219088,-20.230297510051127,-50.58778411979551,6.157472658373356,-24.706162795856223
1812,-34.727782938575,-52.45464202860422,-30.503966721168393,-29.678857947950366,-36.42735173449758,-48.00332039127927,-39.738877023333465,-47.48110043761641,25.661285481323088,20.813801261810333,-8.926756482010582,-67.37933690642879,0.018955424786072903,-22.118359019573333
1813,-30.96815074591221,-59.30407699966915,-50.94675072511205,-47.14349852403841,-46.00210143352753,-57.812813683034975,-50.80462363410032,-42.946886273468735,3.528059133192015,13.242477329338163,-14.347136925037756,-69.33785394425134,-4.08617731748714,-13.661839533093564
1814,-38.458839332221665,-55.2495877314977,-52.11626952174802,-36.63600691193632,-33.498476218599066,-46.24069155879969,-48.324913923961006,-59.37076935717546,-9.113110991824264,1.8637724550272483,-14.2153280640252,-67.34196978289086,-3.9471307804993936,-14.929309132075131
1815,-53.50687249980119,-61.10515741932424,-32.672172702648524,-35.12669549822358,-30.366926494896877,-49.99970266960405,-44.78527236681883,-57.9025496390888,-0.79771539658595,5.436062481169556,-28.271649799660615,-65.73069108374213,-16.41948732784852,-23.28539091976145
1816,-53.473487886095015,-60.326402781749614,-17.420993018572055,-18.93855847700044,-45.21140524387106,-47.048679303775494,-40.655467347363526,-39.57134378011496,6.243601324568805,2.9041339081455817,-47.1718614874382,-58.830523209546854,-18.743077406312374,-18.41629787618302
1817,-54.51153752341848,-74.41157657089677,-18.12387053404805,-23.246769148047186,-44.8378182087023,-48.03720526976874,-42.540873383996725,-45.58299524402056,-0.046078940418834126,-3.05874968410364,-53.53359512907301,-51.20526617636516,-27.32038269357923,1.622922336359668
1818,-71.50530981432118,-83.58111060743441,-31.561645640407516,-41.611961105424506,-64.94579956103597,-62.43161362048148,-58.91298467164778,-56.93432805706114,-9.476209916869037,-6.567569935466881,-67.31300091397897,-58.9694531402999,-40.895815733040166,-12.162591085328103
1819,-68.3764909698911,-63.74305007324248,-11.87582637021979,-19.823702307483018,-56.59440470288102,-43.516762689840455,-53.85009566118152,-40.550923069879815,-5.65383224403035,-5.0021089926660265,-72.82789963286714,-47.40636546590418,-35.72626175883891,14.52381349468647
1820,-41.771085652862155,-28.974899667030602,0.39976655572401865,-13.018040050275573,-31.227348663799326,-24.24699310230847,-43.536688111117506,-22.623956287500913,-1.9168052558749877,9.959735221534304,-61.38030001972838,-34.6278782930304,-34.63487426959805,10.99124457619053
1821,-16.532569784379902,-6.224520394416308,12.804189513251012,-3.9432403389721054,-34.68399284642121,-12.75290422658192,-2.766606830603195,3.0810371082334984,-12.105409946679893,-3.2049637092487213,-20.362722576864726,12.568702414312213,-16.726697455672106,22.95880601638189
1822,13.94248934629585,20.62719128600308,46.47602815371318,23.23776015397281,10.959014863025056,25.380826849592555,26.831687223605524,39.40258118970546,-4.286633569618846,11.645882624876855,12.700533934949405,72.68932988065029,19.954321744599092,71.66368604243611
1823,37.174488826420514,50.07255737805916,44.813262496191584,43.96270753755864,14.00833905296965,38.24764022788993,52.30336940080623,51.70087798082032,-10.667482014083205,5.166499302389367,49.6615890392122,76.0528919111438,13.21307893917564,43.286384160806875
1824,26.530067268571443,32.39639543791825,24.557704100321548,25.229042665326162,10.556429623652983,24.405704070412547,36.368571146244484,36.81895119770578,-4.788567046169954,3.06031616306467,52.22979659337272,59.72386137205756,16.709585873518936,12.46834341565903
1825,39.890360337467655,45.69205359230899,14.23769622989339,23.268829607477574,3.2325965169166673,15.644532472075953,33.24795484643562,32.13551503155984,2.558535181386371,-1.8605856575243718,45.71876058863119,44.97925329717459,21.1463062010525,10.603156082830251
1826,18.076483285065674,26.01152927057177,21.394531729510202,25.44233626032783,5.943386293906721,25.17329469771491,23.998879696443446,50.32239399388765,2.4541155304728792,6.551979325823441,33.31145022752573,63.929996995454985,-10.388147292565256,5.518464963884975
1827,11.762676976905265,22.68352027967458,27.123336594065833,10.589660878949804,3.5275537055111417,24.854635666690026,9.389683912402063,28.80524456529357,-12.329463147691177,-22.567004895679048,30.838840530357608,54.09629988355323,-31.651520935314615,-2.179535714931904
1828,27.9304051967808,24.803634906749227,20.252787898785744,6.2879200290166075,11.37879531062972,13.656717262585866,21.62739220298287,34.24089475925824,6.935739919686494,-6.7005277989238,25.777083690295044,50.54620737846935,-31.287367793959046,-13.187979460674809
1829,23.848306540453706,28.973724180400954,15.850539046982322,28.989071108072842,18.53921640045705,23.535366030316712,35.15827875841288,54.82405386647167,-7.9030627618675835,0.2870147376209824,18.75283077950909,44.08751782186956,-24.243340922709816,-17.49551700373189
1830,44.843942721726805,35.67433444870832,14.468957289930925,28.67836067986973,17.34297919368382,18.95922847350411,37.90452535642749,51.98050264539156,-9.381894643165877,5.2079693695121225,23.494783245528488,-2.1960236852624053,-34.32051993816259,-58.28518795438285
1831,56.41241081842125,54.678157413176756,17.271462022768777,34.958115341979685,24.855953780181306,27.060562822966556,51.20909696889623,46.774571421395414,7.912959884688573,2.338170910674088,30.590688923124596,3.5972030742569796,5.111259787506319,-26.013700812420737
1832,57.90845234841577,50.88603842126421,25.583511011195316,39.92872402987349,21.322324001339542,13.349534434788527,28.546085311838958,41.759764262803316,1.733061991378935,10.948060552598147,31.32377909082334,-3.598595209669123,36.23057870436025,-4.179165276441177
1833,28.036657355635437,-2.750570564003876,17.561910705878756,37.15891633655555,19.83390971618213,-7.529941705091467,14.702882036366573,-9.9223721705775,11.22033735225341,-4.228504393688039,29.765448157929903,-9.790941121266279,42.23806052339227,17.42578744728146
1834,1.4588047337694965,-22.823803898310956,2.151793259586086,10.013138049116483,-0.2073762631316507,-35.975853163868386,-15.87682294824985,-36.60458970626537,16.959411670886812,0.6152617280737154,16.161144225488055,-45.63936320993844,53.45716646442032,-4.792477901538315
1835,-31.808890030605614,-47.14272773732036,-7.152810873244303,2.6537535891156443,-22.101538715874575,-57.35528178936644,-30.34852101538676,-56.74426946418309,5.372736511783555,-13.257662962465622,-15.318420380181552,-69.3999845098102,26.58632901746489,-27.872181954110157
1836,-33.24570216977859,-43.28576386894171,-16.10901580706249,-15.99045953471877,-34.0427283742635,-64.0133800850175,-37.180188667232535,-58.651214616393055,22.175825882999465,-28.230991969301137,-53.64490333815252,-63.74353965598219,13.034978104059489,-40.36198415663785
1837,-30.170784059389348,-41.9490434524933,-23.091716995326554,-26.49624661377987,-44.55562216992649,-60.61741307421282,-34.191311985791096,-49.14506809977586,2.3381248268792447,-32.846282955595825,-76.19976107671886,-54.014544038774474,-13.816853171624784,-63.74165238129991
1838,-24.765167672400036,-33.471050653429884,-34.904439899724146,-25.77619323295475,-50.47710460334485,-64.61968719517776,-44.876974354734465,-65.51028604660853,2.1183452867800576,-15.095477864250487,-92.71711628129286,-60.87240037955659,-21.797235586782826,-71.80708495855708
1839,-22.151836809861468,-22.11066090498374,-25.251817805458597,-12.839687749912471,-33.4702433017425,-47.66705294721603,-37.39063510869159,-46.991139434349456,2.3561428983051105,-14.210198617770871,-64.37374956201818,-47.728917748157855,-12.676973642179838,-63.88750197434297
1840,-12.479487266645878,-18.498597973709533,-24.219452114075832,-24.761434189194034,-32.347756570473585,-40.491208340861824,-50.55545698593937,-60.41129649032415,-1.1163089389304102,-17.960357304532444,-39.25077909097482,-45.050157695946574,-4.442603048960056,-53.130351506636366
1841,-45.939535937032744,-41.87785899738196,-16.52208328519856,-17.251917847681767,-25.615355476436616,-43.886104105987236,-50.380860840784145,-63.90853353928976,-11.58968456029779,-24.914895311603505,-44.1948787218988,-42.33345884796469,-25.334829955351857,-62.10256556465081
1842,-29.29969527645179,-29.828377308090587,-5.832407862899679,0.6006141102786602,-19.11526437011823,-34.51324290427626,-43.02524396406347,-51.237880760007634,-5.576776993347259,-24.40745467387451,-28.242934146711296,-27.942445501257097,-6.467247658086508,-29.367014686124584
1843,-14.549735813879803,-4.931747466033437,10.553445467736745,17.919268160393944,-14.652147203676694,-26.293731644246368,-27.80875708101093,-32.063920866040384,1.6277478267000827,-10.203366245164679,-32.59631658625772,-12.184550825091991,0.7575971689679414,-25.96440557486537
1844,0.059200280375700326,4.623274693539455,12.205975272719302,16.410213616606477,-28.788092786928974,-35.87476593030794,-28.765761506860134,-48.321608371949274,2.6266027544661967,-14.437886829429907,-28.242448395158277,-13.329780689265018,4.724716246974197,-35.94909467529198
1845,0.41729079514678297,-13.729491357393659,27.02457622397658,18.500857559360433,-16.93407325944928,-27.743524279212703,-20.80648993169469,-39.802063811132015,2.373769914988884,-28.275057471208463,-48.97698643691616,-19.484792199707048,1.242679585931863,-45.93803643844009
1846,1.2720592635367396,1.5497359783959175,26.413471900055242,16.354563726812607,-12.655453911838041,-16.584075737644543,-20.555841751656963,-33.163619010501,3.131055729120374,-23.925803446295042,-66.76507968672615,-16.948592466710352,-10.155875939906345,-41.32529993865645
1847,14.372637037237986,16.169341825777764,44.07277270572255,33.00519310420244,-2.0571897626980116,-10.9281875881094,-10.603835174991264,-25.89684013671063,-4.429557179101277,-13.727748269482998,-70.25560481315866,-18.44668937145697,-25.832929132999197,-42.75665780837142
1848,13.430803310303814,23.151835963578616,31.366139773806932,21.026654317190093,-11.244659960782876,-24.164634744694403,-11.613452214238377,-22.876640988182345,0.8898711651060616,-16.1795400135254,-53.733482217570355,-40.13091395497499,-21.385960173057,-55.6842143053609
1849,0.6807428493529142,9.350134925303614,1.8070920827733084,13.690880867001498,-15.908009335378152,-11.165283267864982,-28.928397330347963,-23.400941586278826,-3.3792383071780048,-21.23261625630289,-58.85579640183182,-30.294972381731498,-33.628521906208185,-38.44934018253318
1850,29.334589100124795,47.31784020707616,13.07315599737587,5.459571674273682,-0.5131802721889445,0.9800733258919222,-8.823557607154497,-17.170193661654242,-18.490859274187557,-6.1505133195931325,-23.01118447861799,-3.242419285000117,-27.583763823151152,-33.75819527285073
1851,67.24076922090653,85.32963496127472,26.352741813222135,26.481754416188917,24.19620858784762,33.828431032255274,43.5029869115716,42.112349199304724,8.147823892561611,-3.0795725582842723,33.95680102891438,21.557936722032206,9.932625342341563,2.67027742991592
1852,45.513704556813565,55.51461863310031,26.73694832581583,32.14798686844457,45.541576190666035,26.963177246333153,44.50223378554326,30.06688984854994,12.553785514023666,3.843516861253872,41.013061096499484,17.41757821274718,32.25102533226073,6.712192560084631
1853,40.79392626401758,41.48638862138563,46.343651147423905,44.202844740435566,21.824719644896152,6.545171155706755,46.3520285095319,44.53157538850237,1.7680549150059839,12.119689441853268,32.18254111461499,6.933409371243615,6.797511770726562,0.057765045809787724
1854,50.45162640167629,52.875595935259156,92.2638148393272,85.448636491056,38.208057601283436,22.099455500021154,74.00789702381678,74.89145403809792,7.091644230413844,-0.245540086355172,49.258412678834326,24.0259049801938,2.7335618356476536,-11.499023926495711
1855,86.57257117745883,65.88699848814181,94.07879071793089,103.74369546286007,38.60289253618015,29.617540825940985,68.04501592132252,91.6950439578496,-1.06191542403747,-1.9970847229704725,37.494651817389446,17.116546243524432,-7.9772661837644945,-20.273365584930307
1856,67.03579985556328,69.09304197470729,75.73416983644933,93.25303971614476,37.93736934960364,34.30446712397746,72.24887598130503,84.42804835255777,-7.211996314227764,-6.1008234339862195,12.42495693601516,-10.258267372475261,-19.62989648736622,-34.241947048489564
1857,53.72497702119861,58.45055581610734,38.48504191702738,45.66061989849059,30.0843765671626,28.008478170275435,74.06836793448107,72.65407116127889,-8.244687124381647,0.7541768708769054,4.122064783417983,-11.437831699032817,-20.976179686994122,-10.063604146278646
1858,30.792408984422543,25.738395601830405,7.8467770984285705,13.109399788758095,-4.796309853221611,1.249499883485989,45.13344372971562,41.39095565420437,-20.473745275889815,-20.577868989603132,-17.115662807635232,-49.602259099069016,-25.933420694637928,-34.494783995185166
1859,-2.119991668585042,-8.690584450691135,-6.083398859796357,-4.338924250234437,-2.7482620582329904,-7.726034862956254,48.16332066567992,24.20206504310404,-14.465931228406847,-23.417099425270347,-26.201801872666195,-42.88348176141532,-23.80922510989431,-40.59051636615298
1860,-1.5817893208718834,-7.939526328850911,-15.756874212213326,-27.169159282619045,-7.938532557216376,-20.08664889379455,17.095713943859103,-4.499583474293948,-9.502711062929741,-21.415887010026616,-11.035685653102169,-25.740985513168255,-16.425984717565676,-28.34283585834088
1861,-0.08033501716656113,0.6024551393617537,-2.7886962947622997,-5.563113710473167,13.96882450732166,-6.971973623934032,41.77599203867221,20.21707383511525,0.4882253630020538,0.722011583201656,0.4190160030344292,3.3755298394939124,-5.314800397212334,-18.74343691298553
1862,-6.046285239003834,-0.146491940329045,-5.424496817550279,-10.385813558773258,20.04266024895941,-3.9871853718201584,33.697038247385585,25.159463515044898,2.3572948531063247,-20.394058423877624,2.6862477209143405,-10.277108394250913,-3.825631714561249,-22.359438705708975
1863,-27.965212780130738,-17.29673831237171,5.630443442716049,-4.136591519230992,37.89934865407287,10.750666321119311,44.11375628540454,31.3410143117266,13.066289887824553,-16.056030103928556,30.044799852237198,-3.0912032413170194,2.88840700423144,-22.904743919057697
1864,-7.492862042803894,1.282562585446502,7.791017209734946,7.017120072858575,47.171561280808575,30.0567381122977,24.648825601466566,33.86756341042906,16.531599512867704,6.588762795392277,51.17045412986809,23.13978334804934,20.4932805225147,-2.3243130024549368
1865,34.83340053409365,45.22017191160947,22.602767398820678,36.298864377008854,57.89699278640627,57.061056903591506,34.2627704556092,59.432542815389795,16.929101821143796,14.965427354953139,68.0301027427645,53.545097568703916,25.816459278581924,19.692904955275285
1866,53.65575339445853,56.58984465797094,17.999081302905495,30.071106021817947,51.134812755576384,51.81152872662664,16.60277018856454,39.17449842258823,10.653474757027675,-0.03995566390242722,60.67579943130444,32.64268195835106,16.157116783827643,1.3359424738652943
1867,46.06163593587076,55.22121618883425,7.782400546152368,11.957681588627244,43.58671195816007,49.74704990904435,22.831933489540365,33.74930072750358,15.992057576189938,-3.837640339514786,42.914601424299846,18.24182056246968,18.121172372996096,-9.486817579623835
1868,39.45946761558114,43.790822843809906,2.870144678733078,3.7074226535926247,38.96492865538072,58.89647287343769,23.744190712710925,37.49781685456923,15.933524277262899,2.2204639731655433,45.51068212695201,27.740099107837263,18.899143288816077,-11.564025295973845
1869,27.763325004208866,35.3699807916078,-3.628133065095245,-2.8623169240575996,35.47260720435796,51.78196369163883,6.881080791274951,17.6559296157885,6.311732158387051,0.2582027640509753,62.424101594218556,14.32275694658201,27.175846491527906,-27.753954128114017
1870,-1.3516173494836399,7.841725251086151,-37.74269447235864,-38.3998052003806,3.5331092911312463,12.696250297421894,-25.69563140610597,-27.555628466361572,3.9248147182405666,-4.031628354251713,42.02569966356468,-3.3243747412789273,17.896929088069417,-34.70181432336353
1871,0.52791511666452,-3.91059480099905,-37.220512220743174,-44.004989789062265,7.825797020499563,0.7368491581433726,-24.292274285293136,-29.21534362807638,18.75410721383293,-19.230117836586494,54.955358512807635,14.398147518411337,18.76090317851575,-16.417481340484592
1872,10.381244541136718,-2.7670059900879562,-16.470684129345145,-33.200185243815916,-5.736927530983666,-5.827761049935555,-23.09160726874416,-31.0701486180688,0.7320625255746614,-14.950854710707183,41.49663575395438,-1.381233597409513,19.446523148992654,-14.048459237840445
1873,8.155659336075079,2.617630788654946,-10.459880555698206,-27.788239039590756,-2.876852903558744,-11.999885776551912,-12.100897501024457,-20.572511598026367,4.715390032594116,-11.074108501181623,14.482449183174678,6.610911441416087,7.345380531354043,-28.59574877080914
1874,16.170043043549864,15.490893608278595,14.9478156256866,8.846993557032501,12.4731491368026,18.77669719002812,-10.90481199547819,-13.22040475739259,11.065022070159111,3.323281511528926,33.65843933226499,39.17848563792885,12.393865320842744,-4.580375496893115
1875,-0.46245125688984373,7.254112807338038,10.679009675031905,7.727754917927752,3.923165044652599,8.616812525314876,-27.102820317625405,-23.96953565825803,3.5625971188334895,-0.2132646647456411,33.85554424242893,15.25032596789918,0.9923715182366718,-13.805983957847463
1876,-11.441506137411821,-11.104487270606844,19.34297785141018,2.6598026846726115,1.4937774779276314,7.283150885924829,-21.718252100980926,-28.133953977303275,16.39959486342685,-1.3544803696978547,11.459040673412964,28.070100076088444,27.04573074876771,-4.680460919721293
1877,-9.481667021011324,-15.214704082541195,13.760803627800883,-16.453676794458747,-7.259951668651618,-24.91090120795321,-10.84327002195408,-30.18943877462222,19.824168452245512,7.834688743239256,18.517887660216402,-1.9284803380955198,44.50962444196221,7.6214646961347885
1878,25.1280970593071,16.67593890766732,40.161081610042835,46.0334962312406,27.27643217220162,20.24974143064557,28.24325383529479,19.748352450571353,29.35440980046962,12.035272927359358,66.12344433973244,34.81171932290495,76.0053928014934,56.807306550639346
1879,24.054497559825663,26.98804651860273,19.00852360773621,31.622667747173374,20.302305269205725,17.359717010773767,14.497089365952519,34.221352681074045,20.011188593134083,9.00550127959844,45.50741340290944,10.559147528195554,75.17151959526433,49.721157008437416
1880,35.69167642867205,25.24778433082235,7.832183955766887,22.685423342090722,25.419833327224097,13.284858702725236,11.28927228790179,29.341890585023226,35.493923374819786,20.67226718486706,67.88192028935389,20.065935880132766,105.89775669733149,74.14474475576384
1881,22.71015358891183,3.950985531340701,-7.614429551640986,-3.979079151220075,6.266173459930078,1.953735553382664,-5.040044234242162,-9.284123571563908,31.25186865378659,22.80380332219098,58.72143968052099,-2.1248144916471947,100.60637740733756,61.376286113348776
1882,34.789222482741415,23.899596436915207,18.570860877341342,13.926306766355399,8.35401567219161,18.993920590120414,14.847623309727485,9.236074000110905,35.13737957335899,35.72484999742262,45.011380091435726,37.93144240026615,81.58150919750385,83.30892597762553
1883,7.625038647582967,14.724414088195422,2.899264903679272,12.35534362824446,10.638096697863395,4.803109246146006,21.108987654795957,6.577356665673785,25.51095337539418,34.68286311427425,26.977411616068515,37.04759732928231,64.75766727581623,72.6029119805347
1884,-0.44498085158129186,11.016203461751488,-1.8025607718734074,3.9997924461511074,3.4066602765188154,-12.906055868382145,-16.717725739783095,-15.205216043628855,16.55501690843361,16.930565862227198,-7.3792185459953785,-8.324710106524266,42.63282617484527,49.514410394410106
1885,7.758879141216568,11.105151998018513,19.32273086154002,19.731801370435594,25.783780985252086,-1.1197246763819397,6.1474303923161555,-2.5389827386987074,6.257957240746212,19.18966474057139,24.662098020333858,-8.728526610928977,29.165604281171795,45.67030158585094
1886,5.644773035588263,0.7701572772009855,21.420136591195696,-0.0034798167347958042,37.50144293723723,18.493138549333917,8.2726970661432,6.064911247900512,-4.31116111537098,10.177088170026197,37.672298921558806,7.347435480943549,16.985758155737603,57.676097521515224
1887,12.98169662686591,20.555737941818304,26.51128941424238,10.250676846836962,37.211545227260125,28.339488254507028,14.13255394955371,17.068062953345382,-7.45803763036422,18.44705315058869,26.244325607411604,30.525908711820232,20.100171540597373,84.83824220873973
1888,2.2725728712279314,3.3829370857847296,-4.842738386202426,-15.3081376008818,-2.519283970594655,-0.9798612162396064,-13.0202969937298,-16.129731161536718,-11.96481262914863,30.319996583253424,-6.318389823321271,44.03957380026289,23.671614841547832,114.23280214685596
1889,-19.676614171051245,-24.511584948869995,-31.94431525373162,-32.232280568700666,-17.553369336551178,-17.50167789272914,-40.61522919201862,-40.06619327842216,-2.51018538047816,21.944467827385402,-42.856223780990234,20.23902953436774,1.5099879015388271,94.812907091959
1890,-18.404653745579154,-15.068140017428252,-1.7711894948313616,-3.5652575657945746,4.987227003183298,7.920845718536638,-14.996149100270605,0.7295524756773851,-14.914426060897457,27.474881304070863,-30.929062286222063,38.19906398646052,-5.195414059950029,105.32497073869163
1891,-36.528453476169666,-27.28717871330923,-10.50314877524732,-13.40014820425852,-18.878111584568575,2.3163610491552498,-16.54388812438235,-13.210035278748716,-17.998605024304542,17.738300821889045,-48.044045684602395,24.504622687950828,-13.790034338141652,83.67571747467098
1892,-48.548172071993555,-26.531142286670857,0.9140138129227205,-10.291671137543757,-7.929324359289259,13.277734729434306,-11.960003222648279,-1.5829857214788405,-1.5896259991875645,23.6989214081546,-38.66005224082572,51.75276651072545,-11.43917097252505,90.52215632554675
1893,-51.98433544928437,-29.239754814272327,-23.05814967298383,-17.803128256635706,-9.927077234019684,9.33593458304494,-27.26464671636283,1.5588902274630967,-0.4038285785583386,32.0685418145925,-40.85446484035014,42.78589275447724,-21.247688339052935,83.94771239861066
1894,-27.94685152286882,1.0753986471442125,-7.708993360611693,-8.718344077591896,1.659394181537623,13.92979718944028,0.519171463723615,9.29913514083526,-10.864030573956484,33.68187877340429,-29.07440431786339,26.220710461800266,-15.07760467740023,69.55418386752334
1895,-22.238772888092026,-8.634044835118813,-13.922564913529326,-16.649961728526833,-16.405817109431243,14.430983387040678,-10.548973930503413,4.945178254876211,-3.4211438903037332,19.768787447074967,-11.575433318315126,41.38243034871524,2.576984409593104,93.39806410906849
1896,-2.1880771585545937,9.022019626940743,-24.6497374115818,-30.090661641118402,-23.972967606678964,19.822275260149897,-16.29186185767318,1.7651039189733406,-7.1672227462218485,19.839250862823484,14.673433357769039,64.83447938586299,11.186397670654912,92.53596808366761
1897,7.533190309168213,22.055021173069953,-6.511646030661869,-16.436367433756516,-6.862825467422658,39.94893428257178,3.9355033635496204,22.101071607262845,-7.785052916164673,25.03173133096904,36.46177977497011,97.87928975674951,26.514896043952564,114.93969240882899
1898,-6.192992081658214,14.043838424494858,-3.9305003336153894,-10.752858692060851,4.665382638216506,31.316578927244713,18.13905119610169,6.9848609675289195,-5.216761244439514,26.58616766829372,16.189543228418355,77.05204644464968,21.209977342311564,99.83496540281236
1899,-12.53373812777889,-1.865721268770426,-24.398032835969435,-28.37222320474734,1.7330191891389828,24.370953378039992,-3.236590989928286,-2.4813490092021366,-9.383012645286996,27.61348440151305,4.634827333323436,55.416459750483696,32.25364864961049,93.17376176997817
1900,-7.56039257558687,27.202761240749574,-20.7799345233593,-27.65811520774477,12.619808603203904,37.36826004676085,-0.41404311214529216,-7.371685639020373,-18.465072232571412,8.414651422503212,10.837504202491008,17.742640878205986,26.926277462316754,61.317039339791066
1901,-18.705993386421557,10.900029330020468,-22.586878876897824,-35.24104018122148,9.31638949555344,20.87878128927583,-12.086015451618715,-16.582044900188954,-2.896772110008893,7.334038970901032,4.0992091048727275,-1.683849465400559,23.509262903362853,29.893061989208487
1902,-21.801968651806657,-3.371101648274407,-27.622214122748172,-32.31543043915152,0.6675518999764405,31.456354687070295,-11.10532372917706,-28.154351040361995,2.0447761242144717,4.986878891608029,-20.205299936724387,-36.5933210701953,-2.995766725343359,-10.36599520578855
1903,-34.109147468305686,-11.010003022607846,-50.8197175913474,-46.797758520570454,3.2751522598979363,28.266586105621492,-21.150609827779288,-40.82353337170454,-2.9867405005676075,15.643134036824469,-34.82252035016889,-47.47397766457649,3.3592759500533593,-9.354367985446252
1904,-43.505161213180685,-11.41734483386854,-39.16663873281947,-37.807582030245364,-14.553210330823566,22.412332276651032,-22.14305386299256,-42.88681428058147,-10.516825482034369,-0.2755337593262839,-50.02292861259473,-20.12520506919047,-6.279315507475468,-7.911214048203643
1905,-51.315197556228554,-13.45507489781479,-14.487736954162358,-24.166137652670432,-18.523638252480033,29.720005379424403,-16.484395674496174,-37.34941084010404,-9.281470204362629,-2.2482702227106564,-26.131833932560344,5.654424554445051,11.527796835726758,-2.934934140654768
1906,-35.828156425722945,-17.38870901146735,-21.590913293309143,-23.716535095624288,-13.448446307903467,18.26626753140015,-9.425446862684963,-31.096538387184513,-3.8842031049277694,-1.7717628782924053,-19.827201611452665,21.9546948449306,0.1495376323494306,-6.296586652377662
1907,-39.66219277044118,-37.1604631886059,-13.76864799695673,-10.97922871671393,-28.139986812114284,-15.425287054742588,-26.20851483832726,-35.31087870752318,-3.891415626420349,-0.6497825779588746,-19.712927944119823,13.537186073357178,9.925180126058295,0.48939966251327277
1908,-17.607978450625687,-19.122973555872598,-29.29152927413693,-20.42239424657167,-34.504022391163744,-28.872693189174164,-31.02846450081051,-41.61512157957245,-7.412236492606833,5.200970698085928,-7.608656193892688,20.113511031169466,25.88818052564845,16.193873320873106
1909,-19.61608715676475,-12.461588570595802,-31.23256392214262,-24.175132770237667,-22.03796985768311,-17.670265907690695,-31.110109979813057,-47.71778161926031,9.76868927404639,-17.508655578217365,-7.727333089548619,5.101512827353492,29.39423336318358,22.12778743537658
1910,-33.84988395476968,-28.14580191379999,-40.59639499448681,-47.638481285625296,-19.924216234487826,-21.2247736664596,-22.413309989241178,-46.951094569143535,10.800475603475064,-5.522347238795346,-5.3192924678533915,-21.44847047173224,32.60592274669842,-1.8314845763442535
1911,-20.068519161912057,-16.660211795709113,-40.01035127031988,-35.59447310172263,-21.294678963869462,-10.104198076754505,-16.392880073812677,-38.38371508314957,7.777964092971085,-22.573563874776816,-34.375164950339666,-45.07458134597803,0.31519460367523233,-34.16876395152615
1912,-30.74258949153759,-21.297656965842684,-38.817855930302095,-30.540982935754677,-37.12342859589705,-11.000215260820939,-34.326742287321885,-36.393934707941945,-9.785510068472648,-24.572135390575504,-54.772675987082195,-62.38932053006364,-12.588580901173158,-46.869835409158306
1913,-22.276962324151025,-14.300086556242388,-23.646301893900446,-20.459327634516555,-42.02349509935251,-15.971034336538468,-33.99222143121963,-31.516745269078672,-4.476471564498101,-10.195881661163636,-51.0332790494831,-29.11639513811272,-2.104117107373699,-24.128437449487198
1914,-22.871176707454154,-10.528917347097757,-11.3834468081304,3.927451964814349,-21.274680955300187,-16.797469370336895,-18.11194672804231,-22.63099566914083,7.1914729145885845,-2.5112253944199616,-17.229974231255316,-17.440523069970602,6.597838051681271,-26.031949405726643
1915,-21.26965123014915,-16.356013876852135,-15.788382993639203,-5.687296882527042,-22.183046746580224,-19.843509638920874,-20.110292447203726,-34.9812060624286,5.686117634040603,-2.2047500044704536,-2.4925583559930296,11.305777342244632,-0.2884808937479522,-3.0703580799946235
1916,-42.025627225903996,-45.09593423065083,-12.196809904063072,-33.56829978774308,-28.40343726333887,-36.49771742902444,-27.03637842065799,-44.291042737508754,-7.44613616149817,-2.2021294964409934,-10.764118042520263,3.484762440166794,-18.09333896136583,-17.29801636504015
1917,-39.909327579553064,-34.04266647887219,-18.90876066186431,-26.40774971046267,-27.904857922718193,-29.039661625177057,-21.659859338706344,-30.75522491306677,7.572839142627231,-14.871298462614536,6.119355125344889,17.062955228089653,-3.0619404089205413,4.788137847650626
1918,-40.6962415175973,-33.3172526388057,8.521672750879535,6.273145835884953,-12.800759147926899,-16.85190624979278,9.58470089091208,-4.393253440354807,10.10517787780075,6.813620416129682,-0.08574226468304236,33.96438069038405,-4.5585560154833615,1.9106941936697566
1919,-21.154935402247915,-18.44358660081079,17.85492235455154,9.439406062718042,6.100662566242927,-2.102555917135376,21.96061349509645,12.005258544998819,-11.49109316638777,-3.007545910967763,-11.397817617177427,23.062859983085698,-25.934980355121027,-14.49009576843423
1920,-16.915737105973925,0.946374504529925,26.484062662317886,24.066307582054854,1.073482359862992,8.124439175394773,35.12459613290282,33.81615193032043,-17.21371123960979,-21.37006071982171,-10.025796932549163,18.631435793545783,-33.31769924983825,-19.46822634833295
1921,-11.666957792795987,-4.577065650623334,10.741424506432486,7.832232307831259,-4.401173977531291,-0.6178406315709631,23.24603245016129,26.223871624918907,-14.836328556613635,-17.82235351665589,5.118767836803953,-5.559935752599087,-31.18591909650906,-43.637570994955006
1922,1.7275764569195249,16.28225203829325,31.866051949924664,37.40279785872383,14.448484215777142,15.678183677833918,42.734110110055724,53.57126872756837,-7.504302214070559,-11.50057568344653,23.59698060587465,11.233179292206326,-24.600648057841774,-36.27667240628232
1923,15.012989622668549,22.83556905739971,21.37410737445221,46.26796457161122,17.853847737101166,26.977003870282,31.068243458923153,46.09576366613182,-11.233906833899843,-15.471548673592949,24.42595874993213,12.07000685928637,-34.070244212997814,-33.08321621748524
1924,3.32153839586878,0.743587522110202,39.609144570618724,45.27196757410793,11.725402564266382,9.911406320484572,19.467340866828316,31.81915666414675,-9.072749391098903,-17.755893776012893,30.614184266585923,29.81139919752671,-25.297648323505328,-13.980750957250182
1925,-10.068747952168325,-3.3578762120063486,39.27244008189894,31.036196618587095,-4.495653460731006,-6.5166910650752365,4.3692730196362755,27.424610744746055,-16.4009677954372,-8.853105450402635,14.322219608594903,43.9721185461627,-36.252615350368394,-13.381177133034901
1926,-19.15767435239948,-1.2439971222149548,34.933504287184974,27.15618352740482,-6.831377685209077,-6.126287670881025,29.076221828329857,33.241715314054616,-28.471979305229514,-3.540693598341262,7.567065149122427,48.78400232845698,-59.693793687267615,-4.4178494995844995
1927,-7.873657468890055,-7.842983983810355,22.31823851358102,7.348621854848047,-7.631779681861898,-2.4287548665731498,36.96692447690031,31.0518176708037,-11.06361673584391,1.529626897300181,18.20138438741628,59.48866930311686,-33.96671211499144,17.371532693509806
1928,-12.55115829239406,-9.573784903384409,0.000965618863374651,-14.637765215733552,-7.442139625674489,-11.145931838677724,37.97771685406487,18.79853199733359,-13.605693900631069,-3.814145876237711,1.622244173467477,33.13055824528447,-34.71518245672273,4.301485361877782
1929,-26.611346568600588,-24.13129790399606,-12.957123115842899,-23.893305865845818,-10.138721833920421,-13.933012475804757,23.87242142974659,17.84425497864909,0.45381533415088643,-2.6447957077806787,22.31241074505644,28.65889816917186,-16.030012167857866,23.056370386893743
1930,-19.124552974592703,-21.489464281634636,-11.607073752246633,-31.195267921885645,-8.262738984536716,-5.198801272512702,26.918949308253413,21.962744757547448,-7.528479841156101,-19.52281728296256,35.465227334165185,41.454980125456785,3.9334113249020586,20.315985642053587
1931,-22.36479864896686,-22.063945201800433,-22.164478441910433,-32.24122091326094,2.2701824648068025,6.096894539777076,3.5576207860668583,8.281935425702383,-0.040052758708014245,-8.126455510921131,33.56190126116874,42.84208195525493,4.3052100611328035,20.706086304354308
1932,-27.766737186350387,-26.43656155395912,-21.210703824260907,-32.812974390348344,-5.8442743797542756,-12.304474355621597,-15.775248585689765,-19.51583949593493,-12.478795062521831,-22.365475623763274,26.97028982368355,13.256509944303083,-14.244978830244351,-6.400741326808898
1933,-19.935646691351568,-19.282113711934063,-7.555965433617807,-9.556617672725798,-5.389821448501016,-12.775894480294868,-1.953386349286328,-6.672542023256388,-13.697828734244661,-8.980154002496523,36.49560824835916,3.25160101733103,-16.457343970803574,-12.015907105441217
1934,-11.373835086412956,-2.459313138756374,9.746335540123626,0.6706919985262101,-0.5383226791413342,-6.024380880580241,20.570863074499538,15.569628258933431,-1.1505995829933209,-0.4761520544815173,32.7461223903179,13.070134613090511,-4.393104333475131,-18.599226492771034
1935,-2.749328325983031,5.472766382394688,-5.353874354704544,-10.498772529638678,-11.342089193856602,-14.800298002097191,9.616857423711366,5.8210058814770385,0.4035597306455078,10.539387838868585,17.9924024562409,10.972605073343809,11.13027031570631,3.5475949114486904
1936,4.019059051957997,15.780323683799102,-7.186364590402493,-17.84682710957043,-31.735011561323702,-25.661906606889154,3.2907632900548833,-1.5460869389572038,-6.261543901871374,-13.199825440024954,12.734875744402853,0.8914786309769751,1.2266374777867357,-14.545615860485752
1937,13.799474759450245,25.602588240127247,15.505505553968804,-5.01256276815441,-16.65414682067835,0.18255593822458138,2.2845891161598177,13.80850489186336,-8.929208269034948,-13.137580553029444,7.52587932322508,14.109506367924142,-0.13741319623394715,-6.908972043813629
1938,3.238125336547594,13.697885969944906,24.627078921942637,17.605427445741295,15.313302645258055,27.80082024937104,33.970376859168816,26.820004608316772,-17.50687942451069,-6.847886087894624,10.854385083394988,15.339749456267924,-26.334046355116723,-18.106867514779402
1939,-16.220430766465206,3.7417877713302743,17.339631810036977,15.379610019215077,24.999094970448112,35.30884332722542,30.46967387959983,43.69312646222209,-17.899754317517665,-18.922250576933852,-17.684307250354596,-17.32355713526077,-51.12153528514901,-55.34039133681106
1940,-9.598433389443677,6.944351775272972,1.2397376760996408,10.074531814437542,19.293825231694075,12.507913568651235,18.965708072306377,25.18057436953229,-18.89788050252343,-39.18825144804809,-23.70928281265617,-57.38986020573004,-58.917026327550566,-81.19791396972438
1941,-10.049766128172054,-7.4403516891455315,-6.918118643985569,5.145747905389979,8.385582377793117,10.463384607439355,-0.0019856625802694744,0.26218057648247567,-21.372502145355927,-31.66935743870104,-17.24225237816549,-62.62849676494213,-45.598476472024565,-67.60273647731663
1942,5.968881367712994,10.089011090853456,3.8386251986833018,20.523270435000747,38.18318813586386,24.26360989473767,14.6317746687982,8.962912968740932,-8.106095289990174,-21.81668771484562,-3.736122875619065,-25.506413362902794,-32.51030888214323,-45.307079973112764
1943,16.293553861400014,28.964365372477378,23.175148153110303,10.72904878456681,27.83926252988592,38.056014609857755,15.848651765017225,33.37541819244507,-13.574837195752854,-13.171162170248664,-10.963277329633215,-6.225025068180332,-41.06263232231868,-21.13371417907969
1944,9.300978551186969,24.95839334761849,5.610133602728691,5.496930336680724,4.672123933773204,8.52920647538615,12.865050409611301,32.188664075662295,-34.358218190352595,-11.90950490963138,-29.530112943505706,-22.621527612637795,-63.699734348212374,-56.106363990066
1945,8.685135635465693,15.416742186146909,21.991101731535394,23.388335081967174,-1.544660573702461,9.330472790744563,32.463513158708416,36.454820115533686,-26.36595265674275,-13.345772196624809,-9.276156925093767,-9.329806700431227,-48.163794537322744,-49.04520360121756
1946,4.996519869067981,5.808032926254903,14.298389747906457,33.712353728098485,3.1187237064345172,7.824649239652244,43.68947456849357,45.769877057720066,-3.7852374713575068,-4.298619576596611,16.15732857423085,-17.75150386396263,-17.443319550084333,-55.30192527155248
1947,0.6684724834519495,12.330002822234503,5.044819932063334,24.263451027355064,-3.998807391181942,-2.8557026773749405,32.83735094596757,44.648156206810164,1.4654763834379516,13.124174889589305,36.596880572447915,-5.29289921655592,26.95656519949788,-5.301350852078813
1948,-22.379830718992697,-15.31940426913953,-19.79620912292874,-7.24055909261924,-13.570681947710856,-23.37273203443096,3.63426400990986,-4.349906314650498,3.8114085083468026,19.255515692133024,39.19104743812071,-14.484405038429237,38.121821624331076,9.471298323944778
1949,-22.03939282745516,-12.299218332910739,-7.792299656533988,-9.403319565971383,-9.53304433165814,-14.748645702670277,1.797575959969228,-8.744516948263207,21.02653863824312,6.343016129856045,39.34976564770482,-6.0599167542643055,52.25422659680077,39.60652072404472
1950,-23.331381601404477,-2.025804246562654,0.7448372151349677,-7.135641174559864,-5.241924950101461,-5.104891693983309,-6.098927623853931,10.596476067719303,16.10897718488196,9.94335924927206,14.867643420076401,-9.75929286794895,53.66006420608509,47.68134027840422
1951,-11.137524590213895,8.242025620875975,-5.560557730597176,1.1369241537201287,4.602335040013465,10.208891113978797,8.391021805520378,23.340501951255366,3.71522675955536,7.597191007936567,15.216237648655316,-5.316166933119566,30.534802736896896,22.293322003497515
1952,-34.67860485057537,-5.382843799868486,-14.470053690325708,-9.256470403374905,-5.14172208970731,2.013536079910389,-14.38096503419601,-17.263007300437785,6.710731707978759,5.370766300603428,6.767257521336585,-42.65243102055749,48.79563109855199,13.080071675993265
1953,-13.54741956005678,16.55113395130381,-8.522010165486877,7.592484347218573,-21.24827009079798,-4.0852899033635754,-13.572351981212805,-4.816130468854547,-0.9667221710026227,18.983902718237104,1.6160535597794805,-19.128362174237626,29.0460393698664,19.849382418316132
1954,48.52615720016159,54.190894260394494,10.69297800323828,23.091756962947937,-12.599378817081117,1.4296347373811606,-3.06068248142223,2.6218655466646337,7.565034498614108,7.852441105305889,-0.6418387553793252,-12.041562049756685,26.70923163670057,13.89028812447473
1955,45.82437471241839,39.89197076029258,-5.752956590426343,12.922716907523341,1.1484837243650488,-0.33450162556277974,16.243904590070155,15.919479344242646,10.826194143396792,7.050359252868478,47.495934697270215,25.83865288349633,47.97818619584364,22.51474117048181
1956,40.438779579544516,29.80542440391253,24.9836402816568,25.24284554871766,15.757252266775366,21.898252588750363,15.702517349456045,14.643144499708452,21.591937928186436,18.623110037720956,71.05997225183013,29.120390311315095,78.70970818990527,69.49820892814569
1957,40.59818170203735,22.713001746053212,47.56230786087486,63.92987843453231,11.277748652530443,19.180183862921258,19.9023158311409,23.055997107536683,7.424767864698086,17.304358766803496,42.64927012541482,10.264163159680836,45.814124039856225,23.20217679703524
1958,5.772149802292753,5.450481084958116,16.02620551038586,46.84850338975953,-16.71642337765093,-6.134973436585772,-7.928952083099854,8.15731671388647,-3.490269870570755,-19.928210117153416,-3.0092616103853347,-40.57817867890934,21.115066336847978,-3.66891054253215
1959,5.203088107625623,-1.2236815686041702,5.205232650042158,20.688443831433403,-28.295392978038933,-36.855727027635815,-28.665364750387408,-19.74181821849925,-8.615100428181236,-27.390927881555086,-40.26553291004199,-70.81892029914053,-8.816941938184645,-47.3293556337117
1960,-6.105183208597017,-10.969799905585692,-18.073978125313047,-4.1657664711359,-46.69206862712372,-45.66311215455908,-57.924659984297776,-51.280772596765054,-17.25180938693072,-36.19452953479114,-56.01327237780123,-97.58298958931056,-27.520186586983975,-68.46700709568
1961,-12.812519524564529,-23.048706040457592,-34.74353220148692,-28.487181579886766,-45.97423415586479,-56.10402039055477,-52.50867905932571,-58.98272192721665,-17.083937707785594,-30.068365770183316,-38.88820074756863,-82.51458579239863,0.38737547513413734,-40.975531663920584
1962,-11.048600046366268,-18.28097772381838,-49.026717697638865,-37.09016236894144,-33.968098587218165,-49.7404054121371,-53.594481584589786,-71.34193366649359,-7.423775626043177,-33.68759281169232,-15.903195146120359,-71.77099343493848,7.052914810374854,-33.21329489888028
1963,-10.962424319875371,-6.116864412417939,-45.01186717919686,-33.65523878441296,-23.090854771066187,-30.76005893728152,-53.47462119735409,-38.31267949436604,-0.8415303616252677,-19.340246654929857,-16.602535757476787,-74.21048507795109,4.106072999174079,-31.68071586845304
1964,-31.781596803102268,-18.52659963176138,-37.973945361182054,-42.76812020594074,-20.50853299371914,-18.021749323783574,-39.824288666161635,-37.86096576680279,10.257846312905924,-6.531778256893956,-1.274643987818448,-43.25550920553118,13.825671086447985,6.289905990344052
1965,-15.88285398705243,1.2423933041854986,-13.48636653857455,-27.032842717249554,1.1208747647998316,20.342550140096897,-24.195468809881834,-25.10882785749859,9.675083884237589,17.7607826507221,5.468390618470676,-6.795271543553168,14.600427902173475,27.82968667190822
1966,2.143440056252296,13.26849645989185,-9.84444137335197,-18.50940732687961,9.318449023235816,23.30036601539512,-8.896729392216937,-5.261228274724782,-3.651533101962341,0.15506837134640944,-5.218460493465447,-6.379217618588521,8.927221879363715,1.181870354029384
1967,17.38179655894036,33.62096671342628,-3.886973645489268,-8.366555766319442,15.49116614471845,51.81758881295555,-6.667093046454942,10.668701349088252,10.702692084481134,6.105554618335433,20.404893370277865,7.0291090674151,27.490351746335765,7.958800492729382
1968,28.22044497520777,49.810245067859675,-10.478271289784189,-0.26403256874253767,19.761100917695366,51.548765385427,3.383544730505655,16.352406038590843,-0.5721382937033456,-18.37027290649447,15.385128994919906,-13.661150510434855,15.382875434910138,-27.72130355727455
1969,27.978019933823166,30.716103221379438,2.858862325014394,3.6888173808802085,14.639056088466717,38.388077366982024,15.723469341104641,18.86838095066191,2.6659229734730068,-1.6104090325131266,-1.6441933164759082,-46.249202147476154,12.430050290723075,-46.303428975610686
1970,10.702032201370958,2.375262337751286,1.8158956692888595,3.8628700722441707,10.634211432036661,20.20524012932227,0.6085773139178708,16.795139255787532,5.439110420089139,-25.063732818505613,-28.745510432589935,-57.99177397052603,-4.311476874986959,-55.52245541754789
1971,-16.18260774018881,-21.191137601108306,-22.807804567450077,-23.939779355370735,-0.9823374689172616,-4.427659184598863,4.574130222536563,-13.873865787067967,5.081328007206029,-14.064281475618582,4.500162324507635,-46.62503073160387,11.154018006881712,-31.316187472522586
1972,-22.09924788387696,-24.008293415609298,-26.676095293843545,-29.966296153048088,-5.596046208125189,-12.727266999926567,-7.680791571566014,-34.4772355214114,20.325541105820818,-22.793589078219053,9.763708144553888,-71.43926455009056,8.233166713361676,-46.6624265196333
1973,-16.056144071588974,-25.97410342072877,-16.7910133471476,-5.323652326925362,-12.353215868556427,-33.549254306595486,-3.1133891991505402,-27.866564727675573,-2.5804120411853333,-20.13726157063351,0.24170267934280587,-62.974467916762315,-8.652798370991238,-74.75715496309073
1974,-15.600066587721187,-16.854051199685824,-26.214319236283647,-25.44008713473628,-15.33688460149057,-37.63725397930671,-15.029652460822083,-36.30411235665896,8.599091441515041,-4.541595033668241,-7.367312546257778,-42.05955707127901,-10.654982158434652,-49.995472855843644
1975,-23.551904406888696,-32.14630841981252,-19.332226372653164,-28.797282090662936,-17.299047735916336,-24.978248885919133,-23.124491126982914,-38.674270792647306,9.883781584896239,3.602344994570279,-23.136022651327455,-46.08265637041526,-41.99043952516562,-63.76032463469653
1976,-26.15474574727007,-35.92352329706389,-17.675040232448783,-16.115535903061215,-5.7727481769610645,-16.083427891019035,-11.219554216755201,-31.508170942831477,1.7703200136256214,-14.27693546109499,-51.9544231790975,-46.044873927533224,-54.81815551509575,-70.70907986173573
1977,-26.036802841167443,-26.415396206004452,-2.545678996049064,-0.9076874672942434,-2.3453210605669597,-13.884925396861231,2.6211734985691533,-3.7070723252730025,0.8369790076309075,-2.7855365162418564,-52.810758291958,-26.770247752347636,-39.58855723448451,-43.25592214273088
1978,-8.623884164056681,-15.729899782449511,-1.1495266850915866,-6.888589709575286,-18.664671863092817,-26.497547316807445,-5.257687226447536,-9.673321407292445,3.903312144268336,-8.420119546901809,-63.139285138563736,-45.92311539644899,-31.90947652160302,-58.714543983091886
1979,-3.5671540492921565,-26.906170977405985,-1.065644043328596,5.543188706202104,-26.668848725502507,-35.27710648058922,-6.926224009905141,-21.958570930685788,13.608965313290257,-7.048278250665243,-38.37280971599265,-48.487809580317474,-38.937528748098856,-62.46854710949371
1980,-2.62767652030222,-10.758718995163148,3.7686715109707514,1.7730936827233241,-23.96260824774629,-27.006486806542842,-8.980819207428002,-25.765861288098485,-6.69184492481823,-7.21359618596216,-16.474196850615286,-25.802914573181916,-43.92026901608866,-59.50687453823081
1981,-8.676310309565123,-10.889919848207795,-7.4955734996588665,-16.669913965442774,-6.08283023748986,-17.1804230056461,-7.202504420023773,-39.79489102719498,-3.9264173219583793,-9.19500608983696,-8.030564739214663,-22.482537515167266,-27.836609269393957,-32.64757558608274
1982,-16.176413145378042,-20.539693398226323,-19.772545490508225,-26.011039097876342,-7.964476936786266,-16.631462619561855,-21.473323562224724,-35.55822525732866,1.41801316154521,15.447487274798782,-34.04550526915736,-20.826289424633725,-28.623864401297826,-6.1578098966143875
1983,-27.638366090381016,-51.24525908198628,-22.69435468509187,-27.53405513348387,-16.65386097609182,-14.835234251887888,-26.813380755145456,-46.16094704099417,-5.8083700068207245,20.118633229970442,-46.80898835223097,3.0616650968776367,-23.451315917171236,20.08762976162401
1984,-45.87814650502386,-60.73091017094392,-24.885688075956455,-32.20023016471599,-25.36394408843533,-8.40689051763975,-17.716660161210054,-19.48679368897269,-11.387452518842343,2.0001629504123795,-41.20912096589105,32.85682184956511,-22.774784194806287,43.74923731391309
1985,-47.0014859236597,-73.3613667360985,-10.279585013412463,-28.36548218312014,-19.631269310289184,-19.609250255735105,-7.527036120564094,-20.080124345412695,-11.756601324702634,9.542452691488212,-37.66810618359267,38.03914078975142,-23.37758735313185,53.26422125133798
1986,-34.201876778793235,-47.030103380111896,-5.0983660592086695,-14.438717079327729,-28.723105534676584,-16.284225136560842,-28.917321013802656,-29.31566909785419,-14.880848371294546,16.68842611589423,-49.97661416250434,28.08755582256364,-46.5346787095146,46.57688840624903
1987,-20.371649788892732,-26.26629792902957,-4.235632451132607,-18.864735802092763,-34.78834136686465,-18.26042493814543,-23.81149837011401,-18.229556970137196,-17.619111511211443,10.334529576810123,-56.19634394492594,27.511107860028076,-50.14520926861774,19.0724306758485
1988,-27.50039914658943,-19.224895816441407,-13.050182328784393,-21.813954584754118,-34.19922621289554,-9.338203858749093,-18.91780485679345,-16.333159027912465,-33.53134115339397,9.973892846971962,-35.91872635142273,26.351808313966167,-41.718120628558616,35.38241325810995
1989,-8.360076850750877,0.9008788661657468,-15.349649125119052,-11.567485532367122,-30.001047648021046,-7.16645733687878,-14.059527431374521,-17.671101950882072,-21.018155344138236,17.50488858072801,-15.870492629120253,32.48178154429562,-9.352384944331618,47.264040706100495
1990,-10.698365384230435,-3.9759738400384235,-6.251684596664057,-5.175663609958117,-25.89915466995999,-10.559602157781077,-2.8533885210371213,-0.3981792472059643,-16.594927897680474,5.331783280654303,-2.7930242171100303,54.99902432322639,-13.286633204337182,43.80009997552068
1991,3.324158168042334,12.809759975940551,20.075240914419975,14.28285020757993,-13.158077545050343,-2.1154696445130026,16.079442768357186,2.3611311425403856,-11.73863882417781,11.108961254982873,19.001891122111985,63.31039350892311,-13.273923692103976,30.799666464996918
1992,4.96886075305225,-1.5008523462967045,13.998278030556508,26.00769880364239,-9.646046290351348,9.456391906142914,18.344416699824922,25.109923323296933,-14.750617959706226,4.800676786573079,14.127369084861076,68.23370710409283,-28.629695031711925,13.124287621116661
1993,9.551111029920136,6.154649822463724,11.103838840709741,3.91168845703561,-6.144415826296846,6.319477611423892,16.519192609520918,12.717063526254716,-11.931413204703098,13.146220284239812,24.01687405028388,72.16322469391888,-2.0525489589403842,50.55165410687757
1994,31.39930095182117,24.57388690276257,10.197176272640093,0.8228796105335514,14.075175976902763,12.601799398085117,46.70591390270024,42.87388395528577,-16.723724263344174,8.45499887939148,36.53500662625624,85.33454313245913,3.49736125461092,72.8291157085272
1995,34.69549064183539,24.551005006404772,8.983252392596176,8.715233003791326,25.953467013073244,17.104520666219788,42.67275585798436,32.94799674193321,4.510979750449148,19.842989903414026,49.45562866980056,47.9046931338567,34.39002905968566,78.13013002534136
1996,37.29965550149833,33.13687713714463,6.234798181412962,3.448448172408557,19.838742188299193,8.822641188877917,39.784908023127755,27.57753285671354,-10.174050060586259,23.89484321201628,40.62225684103436,10.196444485514636,23.828171608744654,47.72072519202379
1997,38.50546773315859,41.705132445048825,11.847944822853334,3.941201900151587,18.046115790517568,16.426666071245837,38.856897279198556,43.84214401793691,-3.070426520378484,14.927966021936712,39.32905140217264,13.570013239040591,56.14437806386521,56.00631308074696
1998,18.144895680037198,29.123300343230273,23.128681626868055,14.351720952872034,5.76984152920223,2.444619583519965,27.16168349881965,29.907158357151655,-0.041899905510477176,2.934966952861614,17.10433432407247,1.107503613307921,31.07784371432467,40.2710639549681
1999,-13.873171698531877,-19.87533120753536,0.8473482572177532,5.170794182238588,-8.02342629320767,-17.44827931515182,7.983457029337971,13.335173952421723,5.226608344138108,8.441666292798024,-31.961755515334822,-29.377570343034158,11.53831280045668,15.405395927417688
2000,-0.6381103537448476,4.529017104697961,12.024379547874162,20.582413768308722,26.227330602891783,15.911850921466067,38.909939648552,46.32285056789717,2.8415149659953953,15.362230798602194,-10.63602749057065,14.426464026724224,4.134175667510838,43.021808862884484
2001,14.610284121580763,22.413766687975347,4.053952777583495,28.75821679885111,36.72684462068647,38.57273383751686,39.658077025179686,65.97817794362297,-13.402205233482919,1.7609557001161886,-8.411685615396332,1.3203111535372156,-2.1581922751257805,34.11021429551982
2002,30.349658188545977,25.140430164297364,29.01236116207754,37.78116487041892,41.30655615894222,40.07784129342748,58.889902035589145,53.144406500256096,-13.438533125441404,-7.650307387558066,3.74142485896356,-0.03303908238967937,7.206275383616866,29.89907349353388
2003,25.546786990176184,22.40191681900731,45.53015914159179,57.72230680927044,43.106502303875395,11.029140834916815,77.52753057644657,76.3030190009608,-21.98776294894893,-19.408389833604183,-27.165302118559122,-10.127771156237323,-25.64393416348891,-26.812862433169133
2004,47.095696018903844,43.223516145490024,76.98768286996629,107.33224857857687,40.91002320767584,37.78016293548584,82.7955579278594,88.99996195138668,-1.388222052873499,-8.638672288037936,9.438011948101417,6.092904861439818,-22.94367936898346,-27.327851399627125
2005,53.902497037949956,51.12249880175454,95.72550694134428,119.25495997157188,24.739157454069733,25.931016557963112,66.28428334353728,79.45528926798389,-10.533570271587894,-26.129369862687152,-9.231935944875863,-11.371528819464329,-53.54078565438298,-52.10953459803863
2006,54.033416139287034,45.5689967134489,94.55552568541175,97.2443713393848,31.36190778938112,36.3598573620244,52.938659908523405,76.36972839802907,-26.665780046762432,12.390504254666526,-7.992426930838968,15.703813657559104,-42.62264718249734,-16.19700346768204
2007,20.985927439458685,20.3595667741548,40.18983413839427,48.55065808476055,0.8645229795697649,15.855034195174001,15.579636651445396,38.285399465603646,-13.658140520605222,-5.369475677026605,-47.08205289509454,1.7756528851606201,-51.694162899131484,-27.02666104879496
2008,-6.613670333260238,-21.21958998118783,3.2102409233423894,13.135798818276468,-37.636289222358,-16.564659366419246,-9.50556981111678,3.1367871643670475,-18.069776720719606,-1.935247325065765,-43.45916239659016,-30.398211235139684,-38.63225040152109,-45.087579274037964
2009,-38.04382005235564,-46.42581121041675,-36.512453038583054,-34.67226342354264,-48.88211633290436,-54.91392314020413,-41.406410454677534,-40.924959978885525,-4.087729299062025,-19.07048263934944,-50.58203200955733,-67.57719750668123,-50.583288805473174,-61.531686095791706
2010,-41.638654717672495,-67.61313000291385,-41.19482382981614,-41.603295253956134,-63.71928775271084,-86.94105094244244,-64.69503522079972,-72.06469056559555,-13.838121686583348,-4.680514626647403,-58.86309375723552,-69.92252281405221,-33.40248486011474,-48.31618298508227
2011,-58.46390833556401,-78.05566614178232,-60.92874467640092,-70.09133787637748,-75.90709827531633,-99.6890106209692,-82.2828088105848,-91.37297026693206,-10.180637091040067,-8.726302802151412,-55.74912458756427,-91.69895508350054,-17.744381835214945,-42.74369229318101
2012,-39.47777262337639,-49.95767466958901,-52.56187247807578,-56.16232043915953,-58.82610379457323,-68.83411278755997,-72.46315720918606,-57.87809809494273,-10.583013321679296,2.030239417440237,-34.34285451178117,-57.39801653342435,-9.121042334806551,-25.501582529725738
2013,-45.05380167536058,-54.89515562574306,-66.28575920293667,-76.67667782330906,-50.26779961142009,-59.146524217893464,-79.96946768315816,-69.28589098758968,11.928353796810924,-4.24586475616946,-17.858393905476678,-51.7572643646258,-2.2983872181308933,-9.790184906005218
2014,-9.285317870683551,-25.191675514235204,-51.99358889870047,-44.13253872299918,-15.62811502891087,-8.726400794274898,-42.590802074643,-24.372827712010782,9.245444363252295,24.326672614789253,13.65432248893447,12.366305375997895,20.104206060456566,28.26755413111654
2015,3.1416512123547053,-3.7528323565434043,-26.742888255627467,-24.670778838170797,6.867806300761234,8.33970837750484,-23.219092361014606,-18.229927187926073,23.085535046075496,31.72146037888005,33.36256658307059,48.489611524325596,46.24610936078285,50.943059966545
2016,3.052856549328105,13.344303761097374,-12.918367926758217,-21.167306222072558,15.232235206522587,23.069830247926102,-16.722720830200554,9.826873128385031,23.838942882970418,23.281133959137783,35.933266629498604,63.950380649639996,38.41167581415693,52.24094351792211
2017,32.31741646282235,22.59677057330868,2.9807405912339564,4.407662375093481,26.355344800032366,41.311242948205305,1.480354861027996,11.216837795914012,32.321883598541085,38.32485479435776,51.05396351705916,95.58594662083216,47.86472531725404,67.77517864306623
2018,26.34354138949717,15.360734132901367,4.440758313665593,-1.7572148497741211,20.35123210423174,25.77870963178849,-18.109608597650723,-7.559719246857758,15.024391186742518,27.437164368085273,25.297122997317643,88.17952172227109,27.32235289106287,52.33426231074043
2019,-8.387998455226644,-14.153129851764557,-23.7571723983734,-18.437671149723958,-13.533342607041517,-7.380933404911781,-29.963594192914574,-24.877460385768256,-4.047523032624448,19.412947063055068,-24.429901720920256,45.44755412655652,-16.879433629372894,20.727628813170348
2020,-36.8304446585749,-39.638244060471905,-30.54944713145541,-21.359743530721996,-7.515504160942014,-4.393277715598336,-35.99660848523085,-17.898883466502866,8.606001409313635,3.7776090601906738,-25.074220459313967,24.00824939902039,-2.5682980418850785,19.062371712908774
2021,-33.53492206915751,-45.48260155484934,-36.59367200292693,-38.741753842137335,-7.51111017555362,-9.518512294215759,-49.39436290585833,-29.936018992167885,9.246476892151646,13.125967288319828,-24.755744954191766,-21.569703582045218,4.2789398344574785,1.3386618726940152
2022,-46.33305730388295,-49.1095231264635,-48.81062378390246,-49.627243008252904,-26.64558734684029,-31.882232654379916,-56.893598223055896,-50.337913615254436,11.498990923239099,4.83201421830437,-35.56347262068988,-58.66522616394141,-23.020618051483844,-17.583370470765832
2023,-27.879420796784007,-37.39410358520544,-11.744812449209007,-18.14294177193539,3.592172686985281,-11.825208548026366,-26.217618462425637,-10.13103946765266,13.871847218442122,-3.7919314176847587,-5.833969479206692,-34.34346841197387,-11.928824069039907,-23.40749123276455
2024,-17.55502698967702,-7.992563465366186,0.6656941618515494,-13.03077081350665,19.574201871891756,14.552676699976098,-23.75925313770691,-4.977436027136562,10.118448363741,-17.023593325027534,24.684328503688477,-39.05862871467335,-2.123193039861446,-33.6371693233879
2025,-4.671871290637185,-7.250216438914655,-1.6446075897445505,-11.718304245480805,40.798198635729335,6.294076378161151,-6.052561126241437,-10.932569420985738,1.1993280703016016,-15.023328819466245,25.746973394228505,-47.29333698185082,-15.421046388594307,-57.925781567475475
2026,-12.547470320104496,-4.901434480912766,4.069111541646365,-9.56214018025577,32.94978753431692,2.4548484965943413,-16.87318866262738,-15.437754636653787,8.602912726754386,-22.44829537005924,37.33507140705966,-54.42315066961885,-4.752834963006034,-62.78885158959218
2027,-17.26868070082544,-14.993156120175955,4.350983939274865,-6.54399291819532,30.49214204924586,-8.062797632888225,-15.441369965730795,-40.77945762264244,-2.40246702737872,-24.947641290257785,0.13905287940838917,-64.8464497579874,-25.58987081265783,-80.38284792253782
2028,-18.733782929215344,-24.42529933775259,1.3486759894468154,-12.370689032805652,20.44345029526171,-25.717380400299675,-3.7137904983095673,-19.349951770155837,-11.12035368320003,-31.71145047893266,-5.888325686476596,-68.09099844717224,-28.28770289680578,-51.777318632912284
2029,-19.00220945810842,-30.880294451560076,-14.19332320668351,-24.447104153355927,-9.757599774638658,-31.53866038064436,-15.204122202988051,-17.374293098711856,-6.588517873659614,-8.496175575302798,-23.83531135850082,-53.046334174762535,-28.015083891248512,-39.8098509904501
2030,-25.700949993064356,-35.65190996752939,-11.037804754874317,-18.670987957719817,-16.380301070228043,-33.205628141279284,-21.98764706782784,-33.69070036264835,-3.902363046091674,-3.7561832048758244,-9.190303661584126,-31.56650645765422,-19.365479420999733,-18.35295372381086
2031,-36.68543653800691,-56.641563415251866,-24.584662326027285,-32.46377949235553,-26.01829953414366,-45.240355520952484,-37.79875449695727,-43.605088314114056,-0.02974565745070734,-7.398295575998638,-20.407899509371703,-25.4248102599595,-10.582531196199103,-20.030378991268975
2032,-29.981736422759752,-38.54796539060202,0.27849709506966747,-11.474719550411134,-10.240695812495455,-28.82500346808889,-24.86174585336584,-26.5269091234912,5.303523853883879,14.34518852549537,-43.56082207664511,-13.007707195029367,-17.08858139860402,-25.57829337839406
2033,-39.96099601470459,-32.58038770855476,-16.822527478000804,-20.972396737910483,-29.923944034817506,-23.89614281677503,-29.442826503794176,-27.092796520856933,-2.2471401368978063,-16.588386825456457,-45.50201049326941,-7.726373829238374,-23.804453898645356,-28.527570531151206
2034,-33.64600834342999,-23.30393499549715,-13.565956603528223,-28.95544861034042,-20.286328318715462,-17.127654772538474,-28.96328698152582,-45.05623410144497,7.69331358069595,-11.393679764278481,-50.611473500656075,-13.745325309489166,-20.455387890657708,-20.550497825389733
2035,1.0478066904889078,5.770449844287003,-10.922273649539692,-20.986492103711928,-14.181137521224612,4.167819409571812,-8.049058669641763,-22.432532399334686,7.9944117902212755,-6.656510984253232,-50.90065473707704,-13.099115051538528,-15.466261345598294,-20.301201051393594
2036,-16.309016704014045,5.297646241644081,-0.6281283024017975,-12.265505910984531,-21.423968849464995,7.785963345676863,-8.573642447019598,-10.083096430463552,7.495778439099862,-5.16369272626154,-47.57997060374359,3.8318824172490804,-13.340869935017423,-12.277079556504226
2037,-13.097074346011446,5.402124010206618,-2.594427087297653,-16.993844960031417,-22.292295406372777,0.5179257991948846,-6.8415506100782055,7.581944036562414,5.390674434114552,-7.60000081892051,-58.65717647251739,-1.8063017370512773,-22.06558530510537,-21.404447553262493
2038,-22.801564789613465,-14.97452756338583,-3.53441089912231,1.081807522455087,-16.125258722179897,-16.16647196637628,-0.10837031079378434,-5.404328209226827,-8.986427472809567,-6.5072822527389995,-52.76780625379451,-11.815940454977861,-36.37429169869441,-39.075736619760164
2039,-37.85394466126896,-37.67386876107972,-5.528092086043462,-10.316823683393041,-23.885568719909326,-41.68863624918108,-13.652249208743168,-24.959308030044937,1.2639474811091238,-14.557980538247968,-21.441818158103242,-13.289467427188569,-23.49933953409053,-40.81885316790595
2040,-3.2644507046166007,-5.349838302320008,6.504051376356024,8.582833296162391,-16.117814608120476,-20.568144230348263,-14.915491515404463,-17.9273872510296,6.103611040170875,-6.152131501668003,-21.005843482420033,-17.199737440201496,-24.887844572552776,-37.28839760866633
2041,-23.059588804767074,-29.921329139838072,-6.183646965572631,-6.081966430679129,-17.17848067693394,-27.172568937749126,-24.19088522571086,-22.66131464855134,1.6266919490678482,-4.008035516200549,-34.34767227190797,-55.40760907992153,-22.11935527833649,-45.61543839389325
2042,1.5341280931106052,4.401124000724943,15.230762470616801,15.62226441016909,2.4707107145680003,-9.654868009260651,13.35322870511203,6.452629291760234,4.420223533243267,-15.671056951592988,-24.660026505459648,3.8610174743169696,-19.593361498873257,-17.888753816531537
2043,-5.743125531713754,2.7022385270225797,7.7536693642791965,0.7140415022092188,-1.4246567456623787,-0.6039724183991149,-13.952634737940114,-12.635515727238595,4.595311516100973,-0.2641583314285998,-14.25513584035992,3.7187208574552892,-17.25549144883158,-4.43555173632402
2044,5.575093306369539,19.8790703517257,-0.2223022951807255,-6.553813705970029,-7.0280358968122485,-11.051605070296814,-11.132115983684344,-7.943660355829982,-2.96908078720994,-6.108722602487778,4.77586483410939,31.545119666677213,-19.274074071999408,3.8050263429337785
2045,33.70194554512825,30.77751577378931,-11.955198960225838,2.6791100568381627,-11.870934775280768,0.7635640087423395,-16.158284495080842,-25.395629869427196,1.4751293799305234,9.558988460736519,34.621735010456646,39.81480739852119,-2.4647958006870687,11.02069891679043
2046,5.240187267627247,13.335256101865635,-9.883297097807427,-14.311128153119002,-9.12509512653341,-2.3974494465986593,-18.470714512516203,-38.04245457501624,-3.8045029507521932,-1.7463436355465323,33.32885655233621,35.57098983857471,-1.8034370564141364,6.27378880884828
2047,13.45194328309475,19.669223489512476,-5.294291897891205,-1.2590259867603704,10.244905633358833,9.658166480503947,0.6954639290415034,-14.634867048032595,9.110484138365877,9.202763227910435,56.3081459695849,55.85562938517254,11.902371183993099,-4.782683620079218
2048,1.074875809235233,1.9061263511556872,5.133140313236659,-3.927389933116027,9.72795745957853,1.405708409572553,0.3273898937723291,-10.277969130296333,-8.451814329309876,-23.62916459773993,36.19762487750565,52.66906125673192,-3.340670341077806,-28.52935768020417
2049,5.910586394529072,-3.6970673569579002,8.807244541333661,9.446626013058795,0.9444429910274811,-6.134193626854592,9.517158418979077,-6.506341516304383,1.9442985074792174,-6.288203574398034,37.628428707793006,51.68893718520561,-23.81948010826928,-37.6379504125956
2050,23.875907922317513,20.500859430483626,20.25979819592604,14.200412938498909,-1.1227068538151126,13.05949528016028,-4.826279918647633,-16.610890007932902,3.935669053707185,-1.18057320892652,52.07816232440074,67.53272340542249,6.9219367890178765,-11.19465477741362
2051,18.646522702353803,20.97759223205721,24.56407513409994,16.31574972991159,13.013694360305292,15.694909471638685,9.48597827943703,15.062513123097322,-3.964140415754324,-3.9608516371214275,56.09761970578542,83.9408117748825,11.520003512577363,-3.8035615774079243
2052,18.362203140482322,22.27326175915756,21.65342898956898,11.665736745809488,18.301580540042615,27.34623661589583,29.28352924792758,25.042671829333557,18.32005377517513,24.935735430835926,53.121013086752455,72.26087877178482,26.120837080134216,12.97248890209807
2053,-3.247560417173968,12.306566299057529,23.181930150546066,18.274548405262284,14.048548589453013,14.274461330862952,25.27207715946966,23.494472811609775,7.17973895159916,15.995866184560846,36.84100169482389,60.72718267464355,8.250682618616374,6.217647799039455
2054,17.665248106079986,22.43063386566466,18.061696377169273,7.945318124104416,7.999370941690023,12.89806891461687,24.3236038998328,26.069066186076903,10.57911425645892,-9.80320983344911,20.181065875691345,49.55002531611318,11.252942273923871,-10.18605753863914
2055,0.8285143933797567,13.832674781826844,7.948798632370412,6.74216507711515,2.6031320297560825,3.323691440339034,18.067584896310382,25.569010379475305,3.339930381287258,-9.03566791535308,14.12125311440025,22.61681086882401,17.62846329426042,-25.353105242281494
2056,-16.828395318513426,-6.748586254302747,3.463657588940458,-6.019897273529601,0.6315764104284272,-15.884711622924828,7.288490613747529,-5.479567449666961,20.95026217245966,-24.0933246226594,-15.800699836432337,-20.67702710058721,13.099261835694575,-58.99594194450585
2057,-22.623922687102485,-29.356758454222366,-21.053827659812445,-28.48061938726882,0.30687193605857654,-29.201509982677788,-2.2667634043071594,-9.477104835827665,8.954213393639074,-16.418114339186886,-19.473939035370847,-47.08679999915854,0.08083186850947098,-74.46648331977607
2058,9.772229948513399,3.5319146994050907,-0.986857747101106,9.712962745748873,12.033399536242596,-13.122190136113542,0.14520583823514066,-18.24974449952728,17.351855690789098,-18.557011798423524,-11.374041526416095,-51.7219431098947,15.968327704231198,-49.850163807462714
2059,19.44086109509872,13.08372568743124,-16.76546298789624,-1.9874963799564722,21.23014452684544,-10.102296206018213,5.898311418385029,-7.534181650565176,9.618635493020554,-23.328463564837527,-32.973214601714844,-70.51442809840762,-18.253339499629593,-67.99375367369748
2060,35.96317086657192,24.83884212608399,2.405353249447482,22.762025241538893,24.016788467176678,-6.261877777733528,30.07727974236738,23.079924600345,9.370556683512632,-23.776225523647412,-43.44634953326573,-70.24863618649395,-21.382324181296863,-62.57305594628189
2061,58.93191022453996,45.38135311141018,16.7783230245898,58.1930461000529,35.51258817916192,26.993634137370012,50.590608051738506,56.862275853918106,-4.660491377617254,-1.4450057576821291,-20.728756768979082,-34.13538914208627,-20.822813822862408,-33.46525442702261
2062,55.78280995888217,29.863974008412484,26.113956031372368,59.7182555833651,26.273420116364903,0.12974648130927083,56.510911298273506,35.77853072961916,-0.973111070498637,0.12610296429136048,-28.404540186447182,-45.91963971244991,-25.44744649643203,-48.57074149827892
2063,104.91482109807068,63.35313098321522,77.06416762693789,129.2372040736753,54.170488481850434,43.031969205143064,76.3340785564603,86.10100601786857,7.507709021714326,15.101498086668496,-3.8604879681035165,-3.537839196536545,-7.578678395136161,-19.052757486131995
2064,91.1967322310653,63.63181637924058,85.6091711744304,127.65353971755273,48.96441260722243,36.42269006108464,63.46826066155086,67.82397224383284,-3.5560802029472782,10.101809835174612,-7.933449139009151,-35.081978776734324,-11.38612564273589,-15.750427479344648
2065,69.67266709140483,32.309963911170954,49.0787012649452,62.683493776509934,12.081306052770625,9.203398425208416,41.467330954353365,30.56286489458276,-22.963368338509714,-28.299274022544807,-11.74627082250218,-28.65351887974627,-39.74974577730058,-23.892385477113645
2066,27.11948583800101,7.055517862256338,-7.571459054684755,1.3673423476299078,-18.176548356385776,-4.534740433916539,-13.932450015416887,-21.404437514353656,-26.928077005122404,-12.798229307219206,-41.02079402731098,-23.190525630117094,-40.91306345573085,-6.316189193638087
2067,38.02856068886356,27.42576781200782,-22.756259979260673,-16.788159039801076,-32.46789460354502,-12.202256994177327,-30.97646033080994,-23.317776778312798,-28.524757096618643,-6.285836545160468,-21.533204928845716,-32.17724641141025,-27.000410886114125,-6.66172247481985
2068,34.095418366461416,33.71444678632402,-38.20414786215503,-26.426790077954337,-23.226678464530412,-9.111081348635494,-33.32707221277677,-20.891751584946075,-9.056045483732724,3.721288696963496,-8.219334209858756,-29.204341065059673,-3.876093368756599,19.271505337238583
2069,27.2418862185229,9.174750731626757,-34.81500173153986,-29.7937951202253,-26.418232615565927,-26.109639499210235,-34.34291716806717,-32.361156604935616,-12.351972833026709,8.087763197584932,2.5301820621999163,-25.19385364570944,-7.264575449802711,8.22069771792908
2070,19.97724268606612,-1.9271350348532357,-18.470199622655546,-35.04429968840107,-18.95761094656576,-18.484735457032553,-32.10676943286519,-21.235415923546988,5.07526187622724,27.408010507081997,25.24939932335344,16.620222106197225,33.2310697257178,40.45194917032186
2071,9.040473345361702,-16.467380424586647,-15.042886808743665,-33.80033718565575,-28.010416698859093,-40.03905259355138,-41.10838862182766,-43.026084545957865,24.162174232901606,25.96801969328269,0.5570930597857935,14.671826769189456,32.40427116584036,41.16832828990577
2072,6.664086366920191,-14.24324407331801,4.790552032960384,-19.22894884237751,-2.720453685147028,-29.674911964845364,3.0254918462972253,-7.033965438832995,16.585847975312053,28.735870831416655,-4.391898020023679,25.607886895891276,30.847436229883048,53.7759202489772
2073,4.211504459284448,-17.573019128732,7.642792031110744,-15.822304967416667,15.26735344490049,-23.13320409465337,41.40592192400505,31.27025519807936,7.0709972522863564,29.669153880118767,5.878496088531707,16.81822431224914,17.900528340003873,45.21461080362016
2074,29.157297416537272,2.833790056620053,6.685534544449523,1.194800142370956,45.26083753806434,11.41824742341579,55.19386745460044,41.40129190815345,21.236174715874178,28.109214668042707,39.02560878708986,39.36403504174919,55.837370135788696,59.002439357950635
2075,18.660843307497757,-6.12549208596637,-11.281080703813766,-11.377392380915204,13.256108206786063,-1.3354748583988354,17.161856060021467,20.20929297042505,16.967250583778164,16.478327995990263,37.991838731388015,-4.79803681940374,59.72707299727166,19.971857661367462
2076,34.290090367319685,-2.4335425118551326,-4.278636983592519,-3.4574658084049084,16.973838160323982,-5.9859413680819245,26.108181693568486,3.9783841612772846,20.51056531899621,0.4014648969676884,47.687577065233405,-17.399296438839556,62.204994999464205,12.127693598912401
2077,15.823583617784813,-4.280932849599859,-18.380250666433522,-15.721939084339134,-5.42839398449733,-3.4110939812816228,-4.850915280705284,1.0952706893287423,22.838599252813538,12.507951927232108,38.06960454587794,-19.731382927451147,65.07111136406492,16.44983520127984
2078,-11.72912044629995,-26.595061247175067,-28.568639335617664,-37.686004944773316,-2.4491529154373177,-0.938777516539489,-30.494637197590457,-30.62096859271342,22.751182367910815,-0.659731307792045,13.301871500668721,-51.4691568324569,34.163903799506926,-2.0852444488259376
2079,-29.58779466130054,-57.627391956119624,-34.17304857102795,-48.22731294142458,2.1575355876352447,11.064896116688013,-30.591464966441396,-28.25470999517953,7.8080704665788305,5.5828238570307125,-19.13852108167545,-57.64073262897906,-2.6205366412142137,-14.078673417582921
2080,-44.61870261816458,-55.84547675354921,-40.404704051505554,-42.73435534180444,-10.581543840291843,8.507899186918012,-43.72413304597204,-27.100606161784647,0.3727469179847927,11.444868364488784,-33.51536069110951,-46.430044360624805,-13.595375397870113,-14.050930666171821
2081,-16.43663470629668,-18.175773337146236,-25.699579519453337,-23.298185544821926,-5.380552873771913,8.554987554548578,-50.06852298804609,-28.620129814502896,-0.24590800191319495,-3.9644375516167516,-36.324476587153995,-33.2847239541049,-22.90410511913743,-19.65770992523737
2082,-31.331829409218372,-37.1674293052845,-30.35123705403801,-34.546218033772526,-10.517222166594934,6.900708754963552,-52.1900100292329,-28.77307830058341,-1.635738021236543,-22.388589734726107,-40.24235289059832,-38.44022909776005,-10.614893431872389,-22.81891747720294
2083,-41.2351991460197,-49.5517782784976,-30.723590439000304,-32.02495725500322,-12.094361234980518,-1.8817675948456611,-56.94036693812534,-34.55033928614036,-10.088945346505982,-4.971933017719077,-39.89560778699938,-28.46828160629792,-16.133660378906082,-25.461474118114197
2084,-45.37390513351713,-50.95048900668156,-25.637628632090312,-25.39201608765154,-13.535428595684518,-5.360983076566945,-52.37318212368019,-31.02194676108697,-13.871245414236137,-7.642134484678191,-37.4642578787658,-8.393296674361622,-23.497788158387838,4.743558699155399
2085,-47.20492074436978,-55.4493521851926,-16.614202988559526,-23.50791654948155,-17.35402790147954,-4.743887789267454,-53.29861269689909,-32.35457308689177,-18.492538806454387,1.7576888303675755,-61.356620220486995,-3.4026568859916826,-42.9833149972574,12.666881341902917
2086,-27.714223850756973,-48.22271740942968,-1.9485523038172017,-13.02116464309394,-17.240485831014016,-4.048849778846274,-32.45489374707121,-21.5564317091864,-3.255761755763682,5.584341376294633,-66.70784231729338,7.582554041778298,-43.00422981852508,15.957735731947857
2087,-15.661637075958453,-27.703303287210694,-13.218762160617409,-10.834959724765705,-20.240759851916046,3.914719096381399,-36.04882360172896,-18.96486410086478,-9.963998935672988,15.98609389677745,-32.42386623972365,14.939593720840634,-30.36796769534379,37.15080911774977
2088,-17.89581700508941,-20.155364782962796,-18.781742187063497,-13.805251101528238,-10.73726816553466,-4.326408805511298,-17.909873867426906,-4.836308923495993,-7.818309045930402,8.617854606441135,-21.667546823370753,5.294785829986107,-27.504033045851386,7.61059289529494
2089,-26.49697977546783,-25.01448244425542,-14.692309351625264,-6.990279104191724,-10.13564409655156,-11.08241375188211,-8.386583383146876,-2.491620475358145,-7.758542772504335,7.244727626934948,-15.479935821767867,9.40136432659336,-49.43052764474582,-19.595053519820834
2090,-19.448105743150563,-26.18406842202912,6.374692065005436,-0.2396397137205475,-18.570092338894884,-12.733466890375636,-3.3057770502264603,6.5775748396397535,-12.15682485442179,0.3063570931742019,-15.658254487566476,25.268828749779644,-61.95850266265208,-15.303877344587635
2091,-10.078406728086488,-13.23277128517846,6.931527144354917,-4.758186930504751,-31.730732165187305,-11.02284374053399,-11.789790980589101,6.308926394466689,-14.330585324083621,-13.974996518031247,-26.08200203145163,37.694924288971166,-70.03115051491498,-26.299777728528
2092,2.4712259148490445,-5.6855729075419665,18.148436228883803,-0.926529840812508,-30.326219077509506,-9.322318002512555,-1.3104911134460682,13.360189416032242,-19.655704167261177,-10.908246392822075,-40.509541035588725,45.92051152732655,-75.49289156828023,-18.51238189564849
2093,13.6670741941551,-1.954278646285337,17.901929604304375,3.5736653567439314,-15.979868139084834,-10.897521317933819,8.2384827954565,8.692939259271196,-26.101815632284698,-24.398558595491032,-27.689851428549453,29.7502598262479,-52.800715376903085,-3.559742429506974
2094,34.23811528653026,22.64358389475114,-2.7071114486474497,-1.3765982901163123,-3.657072858386172,-10.470698341207415,8.108619355827207,2.3129885943704203,-14.41645202491764,-3.6800640037223795,13.39393856493946,44.68468285014914,-31.814024062981932,20.36013406878789
2095,32.46608817914819,19.90606452837095,2.2561082105458974,-0.9422390713845186,-11.712530645490956,-10.854472755432441,21.17839263258446,7.65262850516245,-15.71219920048072,6.61619203452869,-0.1807709792935981,24.600562746004865,-17.72523246256173,1.3601673029780825
2096,25.56701963450569,9.797169292579937,-9.227324329602325,8.533833102830622,-11.838579764258569,-5.67835681994641,22.559048941751872,19.492154287235827,-9.610408691454317,-4.40008420232693,-2.587031161286051,18.87486338655864,-8.666567826438659,15.391217033269328
2097,9.735441668404865,8.461585032151188,8.390866226679844,24.662884031131924,1.9921139052538328,5.780479357250128,39.62452674572944,52.860278218241504,-4.437921385922107,12.263178793810884,-6.071287100527502,44.811090443116704,-12.23646717071362,25.641401318394795
2098,24.447139582891403,13.893671922200085,-3.196157773643998,4.436178195385628,-9.443454305548261,-7.979705786350233,31.940496516366156,25.86665986931832,-8.725508435498396,19.7837060379768,-4.086919703082172,36.6032296519746,-15.722403471816039,31.78623056774569
2099,12.69364083238,9.349632548797496,-3.367302128725413,0.5532601178539193,-3.7984148017488284,-5.475874006284057,24.674301068561327,14.325621850114908,-12.810321826714572,6.7872218617544595,-11.424047272780227,37.61918008703239,-9.880375409579907,33.32241466239862
2100,1.5047584932921203,-1.4284842815126053,2.459507283158725,19.15193506922121,10.046545381855818,16.509430559352868,14.71258579284023,23.427886381138745,-0.0776624891785751,21.674536987981327,-35.58377053649911,29.76224505146819,-6.073010699952279,47.883870426897175
2101,-28.18420356901116,-33.076314770312976,-33.448433059967854,-36.0207263114194,-6.797920970905742,-21.451305846876917,-13.646544388274606,-15.158644125540855,-9.554173469167074,26.976026608209793,-100.9951802138638,0.23639581468031975,-30.314504948369486,41.03270948290101
2102,-31.589843140805474,-45.50554384150949,-42.27007002321039,-53.10797832757833,-25.35010150514994,-23.656182615590698,-17.359268141338323,-32.187624803066925,-13.05530544266738,21.87906782389067,-83.18939668155586,-30.23391720742739,-12.175607924009695,31.99915945429856
2103,-24.78732881583981,-39.79602698687974,-19.722903200301925,-32.43146303096146,-25.602449372002052,-39.45383739060202,-12.624906808771488,-23.58145565108471,-18.870611619690692,19.675211899451487,-82.17729894050045,-0.26794817840763663,-36.10129268565766,40.18735161677093
2104,-11.582600433622561,-20.028769812875154,-15.550747154402474,-13.322083416041515,-26.289211775263166,-22.490035000662406,-14.506562393219742,-11.004975783818612,3.362013363170682,14.096702583158075,-79.96322080592725,-2.4295000961758757,-27.43133072186051,51.32153214437108
2105,-25.67214300944981,-18.69455876042239,-21.56613158734605,-25.72547241818253,-10.698736274595458,-9.178102895119238,-33.45095462790855,-13.37913383219355,-11.831517343540312,16.581673432932345,-64.02631578501435,-18.131697751331853,-13.693399447697583,44.88429420149896
2106,-22.195375031237973,-5.650965300257859,-21.459796469810332,-15.492757304176434,-4.297492147171107,1.4622147952216118,-27.757607041107494,-8.067665386692472,7.566904900569631,27.86903277477845,-20.46100068199713,-15.730595539957802,8.238329401995227,36.02331588382004
2107,-1.7308292714551432,2.540360003838503,-5.1825980243793355,1.402648724033793,4.974402574496715,16.777566320519618,-2.657722552940064,9.679662353783183,10.87086206803653,13.571972780514841,14.430490902523726,15.699475564001695,36.22457466092875,55.33945588115261
2108,-14.431409248596733,-11.881778828210601,-12.038728006408201,-6.744213164621714,-1.9064214140193374,-6.099072178845072,-14.50064204863666,-14.638788053591659,6.83156089518778,9.940869453399065,-2.137577240488803,0.17539592496662237,25.187232306143034,46.033978700843996
2109,12.703684612989862,11.66442536141954,-18.600109486171785,-7.38704625774664,7.096306505688133,5.305597793486567,-25.298621944756455,-9.464115021299415,9.826021357834021,29.360146375702605,19.928798547660254,10.55408159361238,32.600693097850645,57.76016722273625
2110,5.819094838177272,-12.012708421765595,0.95845295754473,-4.747862176461517,2.8454110082287714,-11.121257671552623,-8.215253075818081,-0.5368320648546423,6.528338039867404,15.65843028612725,-1.2901677902601545,16.220145328258607,5.5036538825056205,53.99668012209715
2111,12.187478686796254,0.17421500018797786,3.2310061033558757,-5.200306470076797,1.5698511849663426,-7.562646596226652,-15.403492503238239,4.650050347678203,4.391018126011814,6.6094815050196605,-2.973292513646225,14.003409962656248,10.999024447564608,49.288188633930645
2112,-5.679567843740268,-19.12189905837797,4.495223601582613,-4.599175744410303,-8.462429123474335,-6.87344554471413,-7.99104780158853,-10.904799956963412,9.402227386223423,7.790112176622964,26.60103655090156,2.8879689173478664,25.95757534297866,41.49728332685618
2113,-16.460489049794838,-34.50815078077741,-12.39478833992858,-17.0173297486991,-9.366781686677312,-25.561114039959392,-22.525749556786813,-31.760958951598205,16.070815944896392,16.288772045878588,23.499558753319,-22.367551302242106,39.88385543014965,32.924820841462974
2114,-18.954785811077627,-18.725398058981128,-6.100083755118994,-12.890702024444748,-3.7107905374402796,-8.366566734015981,-20.382424094530272,-15.022504309463244,15.784874752013858,10.963874498378392,27.815758772017546,-14.738044053041708,49.755671338379976,29.738040599090812
2115,-29.382517739626923,-21.045455845737077,-6.777173058358699,-7.140766531402296,6.58769714912361,15.82788621564325,-27.048989677987986,3.5352856871648597,5.125657750429906,19.111919362568916,43.43365576118576,-10.146217463857495,51.85938621074734,33.81350004451557
2116,-25.534992709789485,-15.149788077210268,-6.627799835303666,-11.793163748826911,16.00011807063757,18.447500591803184,-25.953390040849264,-6.543875580614545,4.677462001543273,10.308706530631506,37.488274198158436,3.8650243234301778,54.03413575434456,47.36664693172339
2117,-32.41434876068248,-13.9626177843379,-4.998013769572231,-16.402641845018007,7.280395276650708,23.649438322706743,-33.52764758914505,-19.682063846823528,8.18340387209207,19.41124267147634,19.962360256587676,20.83652153970945,38.79787217465054,47.695197491054294
2118,-63.123394187955014,-47.59820588599126,-0.5896788241006098,-0.6409330192312783,7.535753885670121,33.010040388777796,-35.60855752406705,-13.774627190802562,13.222835966455486,17.41858114546897,-13.593774846339205,0.3433011584305514,14.35666946279677,33.03936488644356
2119,-53.985408403595684,-51.57062606524954,-10.303129277787423,-28.806423852124876,0.31060070192985334,2.016386182969131,-48.321505388314236,-40.01805160577625,21.041225734194427,32.14896225532045,-27.16760078312962,12.699620521804775,26.12791620320733,49.578732844263044
2120,-52.072092167567476,-41.507195685153036,-6.977796274368721,-10.159602086350583,-8.34546649873922,-2.805576456210762,-50.290435459712235,-33.37794726477948,21.284707287659703,27.53618169063094,-31.972686209920905,-5.114539807600385,32.46003715251744,39.783662744762324
2121,-28.148506026876458,-34.07597834238476,31.849455998029878,23.298358754180576,-5.661663180490646,6.994395234615561,-39.60845078405079,-17.234916802087618,18.631976823231884,9.206341025399205,-31.424095232098065,-0.2740750630370591,15.743945046350957,42.8386387206978
2122,-26.711781895829386,-20.904288374105935,9.57784554161387,4.599617905129772,-5.674350644044356,18.080777042962946,-36.00654352305312,-40.38658234074926,17.149485975263264,10.889380388241733,-16.599923281811662,-7.692494833658472,20.008320696018373,24.814069073637917
2123,-31.01824495231056,-6.999822843838842,0.41058293390878225,-7.801139707184232,-3.8918056327539863,24.724887714620422,-50.3336336661652,-27.55109734851169,16.672017296716866,26.157716671489965,-23.95849819718422,-2.9759403086844634,10.31889636717111,18.485024598101923
2124,-37.59232303055912,-11.318834232036657,-2.694109214757088,-3.053900204132894,-1.0722184517848832,32.488795174467406,-50.71086590541883,-10.367169980641945,14.972020822763653,33.24008208440127,8.753841489943252,-8.254492047517495,19.097586311177967,31.555224829835694
2125,-33.77334745522868,-20.67557118445478,-3.107263035780804,-4.961711962091007,-8.228845124448421,21.980499926759137,-38.02703555626402,-20.890229673037222,17.616646135881897,24.047164135643335,-1.1548005614459076,-20.23277156349412,18.460138746806425,18.973235113132176
2126,-14.731380471434584,-15.11430381977396,1.8532249746289644,9.601109791745099,8.859145971733863,21.50369572856145,-30.18462556574052,-11.339948273900548,11.098800047289659,14.9905783517795,35.440927828765254,-1.7188364314497333,34.68440867200826,30.016780492185614
2127,-12.224148806429145,-2.999946133669374,6.256353788420007,4.917035648710443,18.8032610854301,30.943088455551074,-14.728610564536869,2.3418456499966505,19.140034168674617,4.36509012573697,36.1767684826103,9.747945402999719,44.567284336903306,25.443140937369662
2128,-13.6786310768932,0.3889971233410243,2.495101579380703,-2.8284149430846517,29.976265633295377,23.482466609133787,-6.868108411475122,-0.4726625516213268,17.00719776534632,-6.213165233737261,52.20085578329751,10.783998060410816,43.48918501998058,16.935775486776265
2129,-10.417496107896538,3.213307230164496,2.654516107617079,0.26864902108806055,27.42234225754696,20.96463322152547,-6.070364919421659,-13.863810029840163,14.89520992124672,-4.939718134833713,57.20943517503735,15.563336149385037,45.73484772697865,13.56749625585549
2130,-35.711263849671,-21.447397275423455,-3.680866831413862,-11.749016145250122,16.1105647870384,23.13417992077191,-22.49116633308273,-13.019642338225111,10.621569382581834,-2.8464417967313884,32.74193173708451,9.405961839917083,27.118071488918716,6.821851019737623
2131,-42.053409833839076,-26.213658676842147,-1.1479583365246337,-10.050988690238567,8.771698081913984,18.04959765569077,-18.814397202609133,-5.938189136842088,11.710847986461465,-9.194082229164824,44.57655109568169,10.64668348698506,39.409935945654745,12.99403236947108
2132,-45.55732226488466,-18.06158600618505,-5.624364438791003,-14.09054729890503,9.035436986348142,33.55330998248639,-17.4869348279799,-4.034196122028042,4.395668110840897,7.965037551074457,40.27563626148692,20.103478009485396,39.83153437091624,14.397171767484927
2133,-18.00421379034932,2.8775678373673363,-3.374538030929786,-12.89867746692616,18.212609686347967,27.2089546971502,2.856027816536554,11.596585800969537,15.751898778018003,0.5072277869877881,45.7719666480952,24.192319827556542,39.49623801468378,13.999614965952032
2134,-9.764812695318694,21.772892783379277,2.22074470463456,-4.809994298546513,8.24419179724714,28.32965433738477,8.340189779739486,19.064090790955483,10.678716311440565,-5.17348501630677,41.23577177624735,29.42225223464013,23.185015606077666,11.494689094592628
2135,13.52175721499743,32.81879225516675,1.3577682602197259,4.916242108484011,14.605596982269754,15.597075891313969,22.441462277438344,11.60267769325722,3.039717772685196,-18.137692119600526,48.050879323934936,10.529674840033438,15.742634425740702,-32.54077593756609
2136,35.85891012693123,47.450112240831714,26.227096530269268,17.83398359291008,24.086713082166927,36.25849795226556,16.82225402482866,28.27616417695205,-9.925519003869395,-8.966980919565096,50.26965520512719,14.288690295136243,-2.9822870349719732,-26.451168845161863
2137,48.814288158809845,60.615425592476086,14.023281008304538,8.449340540919211,40.14818046738565,28.603710909759304,10.186694035263741,36.084548546614926,-1.2545658031549698,3.4132441675883465,54.0490957253708,37.89549951390279,3.5121246324344475,-0.9786665369610513
2138,25.881909199966927,31.04405408671386,3.044356909443747,-11.954464621278522,40.28196399869953,40.023080811498666,11.351515393922352,29.864601585126024,2.0662914896620213,-0.8592921464574061,62.92274729027535,47.949917998569966,-6.686187017890566,14.339563142510093
2139,12.949953072886602,13.542954018240483,-1.0790566000336355,-16.56546387994341,46.28420788699142,23.77034225524992,8.348752338947262,13.381764283738885,2.7952178540070247,2.195215010932859,44.0522201304756,39.38625717848729,-19.28487658147996,-18.642735014044426
2140,6.238054537333417,13.640570142211844,0.8367343468475307,-9.207682893984845,39.412834526673,19.829727784627757,18.16156760273939,22.433774371990474,0.5083798740968946,3.6718026741371403,32.31768828977409,37.96801372640825,-35.89921224211058,-9.687205608003097
2141,17.137218680830944,21.10975977241837,12.892156375857931,-1.1637785296066099,30.427289184317846,10.522093916211011,22.138680085211345,23.408020887497617,-16.846366953589413,7.4639702318304,6.284289319934231,40.600978295964914,-55.335302681973445,-11.527835403008122
2142,12.333661812030655,14.000089132788945,-8.405667075574321,-0.1024464838920569,29.2836062242975,8.29071661504357,27.102620943923263,30.489593968238502,-11.72465426558542,-5.630545866892695,13.75673393900406,33.84392305265299,-44.66404224931583,-20.35030247660195
2143,4.195386713097584,-9.075197555156034,-14.520413433141377,-20.709048839854535,10.945225370830567,5.41143361427195,25.593158984346093,17.044026491401077,-12.856006696948384,-14.003293585779156,4.8857940218100175,0.8861321798454926,-31.69698017024882,-33.37011793600258
2144,40.92143326939557,27.41042979546021,24.757497808411966,17.413071181098918,28.632249227981852,25.930482451191086,45.40082250434734,41.299123809377065,-11.654297048578783,-20.99211189539191,16.2172686263443,10.429780856118704,-31.59773564383752,-29.18669049034537
2145,34.236647710106126,31.332122335735875,20.25339410877464,17.309518630756433,30.124930324295377,33.75494555312945,45.641870871142316,51.36544530019486,-0.6166722594571251,-15.495510876288948,24.45143276545878,26.70574594062395,-7.257373740963432,-15.163729996441747
2146,72.06009470456203,76.45965431383341,36.207987212721754,49.09168420424448,34.757290383614226,33.304844695651816,64.5609775774463,43.397146091217124,-2.243568394047103,-12.508041990894402,63.88962613743353,39.37824671744931,32.718347719512614,-8.662621186464243
2147,69.93359684918522,66.32904348242312,35.262502899861325,33.588873320743325,21.276904411148553,15.806701199252698,37.84847242951822,17.932500952233237,3.4507559132764105,-3.088441310756387,73.1218097340792,32.02794531326978,54.88373434337159,23.14384107980752
2148,57.006059107179894,43.98345211237397,18.54605597482478,15.199633710591167,15.196555620405702,13.848884891000512,31.534758956732276,2.676879315315991,14.062686778040991,-8.601455185509915,62.104636200051495,22.47912805718294,69.4599548428562,27.60024978179215
2149,55.20187427095546,40.33068184900088,-4.953872602856653,1.8635641633161977,4.12642317758771,3.9001392922711307,7.218559211936083,-1.5289612210922656,22.084791481783313,14.72009999846615,49.49941149772113,6.144736856738735,77.00045909191343,17.93515645812061
2150,41.42780682998537,25.525099163929784,-13.166126936624737,-10.874768371093985,-9.65710236660345,-14.92327620135411,-15.178142365915468,-50.800321339414296,14.804967620379978,16.68038805127734,31.247868437857857,-4.634284912900968,54.71606265729985,16.39496561246105
2151,29.144908266390317,19.233425374192187,1.5490224431055666,-4.47011732719399,-9.916649520132161,-21.84298622006251,-16.746293545810833,-30.716308296579065,20.33910191724691,-9.945345039470016,20.401705045111978,-0.10852723895663886,53.42881699897211,19.705647706028994
2152,33.650280271823966,14.527418852021876,5.503190187175879,10.150237749810875,-2.006314521141852,-30.615811435632395,7.801311456797277,-28.040903798486227,25.124091258332346,10.950364959996074,37.61599013985249,-30.003222837729354,58.05654286432596,-1.29866214753916
2153,-0.8321703810352497,-12.867962425611923,11.249262994628863,18.08053259894674,-25.030477344578927,-44.07539787016471,-6.542736233650689,-34.50284188448211,10.487589076991432,-9.106957521172806,11.275546599119888,-53.599782977871136,20.789429339854525,-21.154337382082065
2154,33.65848085609495,18.43801288835151,36.33786870540349,41.12021293856818,-0.18582941168380337,-16.250040833580577,-1.5661963256852383,-25.79341032661906,18.87485529296828,-3.2482621132524483,34.499382148428225,-18.020896476279212,44.94854717830203,18.865078587815916
2155,46.26495440099527,29.32507655993363,37.24587429945176,55.387512753218886,-1.1845614224627063,-23.566890245230695,2.9275840705338045,-15.585004682469878,33.12372382893319,16.99969999259189,45.89130832005308,-18.424129923225713,53.8700972567123,27.577358598823764
2156,50.731064584950076,34.97057687374329,53.42607874897925,58.36431964371916,-6.28163456620739,-13.767588468833454,-1.9572392374735534,1.3043139837736362,24.2928672303721,6.936105129782781,33.320009576561496,-15.44794817225426,66.12736780971136,35.47209354289184
2157,19.26097712104717,6.301943325185325,30.50780467812923,27.506077007284205,-8.042153896419194,-8.760721406486276,-8.213240665466467,-0.5991380356144994,17.356435668986844,14.877770507488531,25.615983888600496,-22.707271760581644,72.3337187663721,44.37847479031834
2158,10.331999039897195,-19.133720190285178,7.346991187250089,13.01573995433475,1.202146261168926,-16.168674328087405,-7.49189540485142,8.287805690092927,14.614198089485157,18.64570988832709,5.665134410225448,-45.34150144919557,54.49743463098968,17.68203807059718
2159,-6.371793115608603,-16.920964593174265,-8.261662856488948,-0.2678400953699501,-6.976765528209673,-26.13658111485725,-0.3815845836919675,-1.6878924777378763,16.42926458452609,-4.763213404637981,11.754083522327761,-67.3797412522226,49.30597614932379,-1.1738048717885794
2160,8.035620800642016,-5.596228816860047,-12.747121886393346,-9.942616702392238,-14.423030676679268,-41.42479859656742,-5.154445226770683,-14.404460208168947,8.868784921712617,-17.634522415978893,9.316830881613896,-75.97360475793857,24.005579346205188,-43.81384291316999
2161,11.852241710700824,3.309408947034823,-9.071709711664392,-11.0062259179285,-14.762636632586418,-28.46465903309645,-3.9499961694433856,-15.808393594326088,12.09458577886645,-16.094183912198467,18.068243658924466,-49.73662497497509,42.49895863160827,-21.51161997097191
2162,14.963818261182142,7.904491875017488,7.1897605926971915,-4.570844506261679,6.493611664388167,-17.70232106736251,21.973805570815905,-1.1983255100260166,17.083788075108075,-10.755569688763796,34.82296892442073,-56.12097202021271,42.569153405766265,-21.412443466183518
2163,35.345771703706525,40.59398855995891,15.504232205035889,4.226689899835502,19.87770410540016,15.062915880099725,19.95874674230108,2.4438753717532142,18.229217542229424,7.23123192054862,58.272397688321135,-1.917634911367861,77.67818918471848,1.8958661938251624
2164,31.22461799358996,41.85115881844776,-10.707517710872793,-8.14128618507421,5.374742568779878,7.869880551062039,-13.505853199754881,-22.040281525679397,24.0708599496286,23.363336285754862,50.956768506283154,3.6518461365066415,64.51658063518643,5.813282728176312
2165,29.155935751935917,38.50155183955737,20.01160199991689,13.322538326864697,22.796037455601475,20.056664167226394,-10.279671970253421,-12.275251034211895,31.689581498456928,22.620766789259637,36.35950429618876,5.665320160168225,71.28350111784553,25.624744372612543
2166,-15.451504257865029,-15.904625196342348,-5.842826137594862,-11.673462496621905,-4.540679755404031,-16.0443938182079,-15.898882963899089,-12.047353411600938,7.004770865865524,8.790819569349768,12.067985879450525,-26.823246930179135,42.46429752622676,5.685288094991604
2167,-13.981080148228967,-31.809765487558103,-11.946819502915497,-19.576807632270064,-6.471833312189037,-27.183394256329308,-31.59375807289543,-32.02552589832309,16.65166820124504,1.1299485087927597,12.034815318946949,-40.935343155652895,48.73121491914618,9.920499065072429
2168,-17.26732299095069,-36.66217443778938,-36.82666724949624,-34.52401746058651,-6.483252615045155,-24.344880028849765,-35.886502362297456,-42.86123310544607,14.15248318156202,16.69895495874431,-1.9124690697273312,-67.54573061172225,48.05184258519671,12.305142768235383
2169,7.037739834058349,-1.359424013971572,-26.198779568037068,-30.202703857979035,19.895337465175075,4.897114822899515,-11.175987812035487,-5.7458876152913465,21.695888797716602,17.597657479251183,21.54801996681922,-39.23461141271377,57.213640309010955,39.40455548483183
2170,5.594581804260667,-8.150691361939145,-28.4002880531076,-25.921011279709557,32.52102663638703,21.88514800618118,3.305162283765622,7.161729815893412,11.128415541534492,19.877962621472722,15.105142576479665,-14.970711223421041,43.73079609982753,45.484179464500706
2171,9.442197803704282,1.5542767872010208,-18.083505029616195,-25.037409714136846,24.28913448280871,15.043359385377853,9.479025525548636,10.437899203092417,12.918299091173713,5.625440261055961,-5.3381719065574735,-13.604643392134982,16.75365582537946,35.65708735369667
2172,-6.993395299139244,-23.27102110550235,-25.45942241693395,-18.052244846703665,11.104322169416342,2.5990847368027032,-2.262860981266494,8.753387932412783,-3.549302518078491,7.5972109404525465,-29.07393545304965,2.4770522884904884,-5.707964929536448,31.84644147908165
2173,-12.474600327389627,-21.991237464240523,-17.581083968735616,-26.384423482264943,6.1010317329340245,-4.501592136030357,-12.956395128331579,-0.3797038887962459,-1.2245241581856265,3.362485776644375,-33.34854692487778,-12.37700529258299,-29.482478645409767,21.092050739563923
2174,-27.546808945759878,-32.23986610364749,-32.377481395663914,-49.31279850759761,-0.927277345269653,-6.838384645760669,10.531038908822557,-0.16637594194990477,-9.877269629712034,4.595608614421174,-39.96584886703073,-25.988128277982177,-46.05034284480114,-22.644566206282136
2175,-19.44835460218421,-32.08432309540259,-47.10150722652265,-52.77077997795128,7.627805172050685,-8.290946361103034,-1.8970524104054405,-10.476752600344176,-13.703756213985594,-22.828906000975635,-24.19241153478678,-33.23612436430155,-52.2060464893419,-57.50895526442666
2176,-22.4552747406448,-31.67744301926651,-48.855774797993966,-41.85504540848976,0.24527402211576677,-13.003577246689122,-1.9615194593074767,-6.032413319853619,-12.697262429528218,-7.905114019756342,0.7680132447571875,-33.528853223950954,-45.26084567843896,-54.8302807807423
2177,-11.683436901840768,-30.37312643720888,-42.88639513851766,-32.41510864771137,0.9897637067083465,-15.669683867414586,-16.595545143623877,-12.460680060497822,-1.2429907995230185,-0.4451407500119058,-5.419103009045479,-12.278626537642776,-32.07476314994592,-38.95855832204058
2178,-19.572892264742553,-30.435262131479178,-46.90037173369212,-40.50879166190306,-9.478952004713086,-23.745687979692033,-32.27742354669317,-30.168496113561353,5.586835060022125,-5.109113797804254,-2.0929563091060714,-12.099944060272405,-33.532350586254395,-44.17481885801073
2179,-8.017325501728674,-18.12839085826115,-27.63217685042257,-32.54467448019302,-0.011039997759246911,-23.883368119418513,-27.241582423270945,-27.968355267763563,-8.432418221114267,-0.6648279482125703,-25.13004059699584,-13.136874130211952,-48.586870489989664,-46.4595096005893
2180,-2.516195610896186,-2.179809375863944,-8.331060989897233,0.012552667061847655,4.261905430032094,-9.448102983596469,3.4239277749532415,2.800995861383482,-0.4648939914894233,-16.383594598850884,-24.655430770263706,-5.494656415307471,-37.269840873370796,-47.53002010253574
2181,16.316962952146334,28.58321859360997,12.380416141236642,24.859033054221555,17.801994231916968,13.225883851467367,19.36234815904651,25.12651131552264,-10.686708450841985,6.324816128924744,-10.100766706807685,11.000186973720393,-27.416021989259345,-29.4494641309297
2182,23.577664984615158,29.419106933699737,20.711128523851926,33.52914911319689,30.395046971387277,30.069801585819334,20.609339963745224,35.01693615513935,-11.734837060933913,-14.25208737078048,25.04708917154246,32.19121432320017,-15.95692255487753,-17.541137721420473
2183,49.09582926499927,41.17969105983837,17.445724864546932,17.6744357086022,32.26273653198301,43.39609869312278,21.451062116310045,25.092552464972826,-0.9883741368816219,-5.391286387907003,16.025218600453524,43.63637497516747,-4.720090786526223,-0.4183985344204531
2184,85.33779604086243,74.87822586438338,34.26518782960587,40.295781968482764,44.06335017350823,64.75950878578503,37.73179403564068,44.14960607566995,3.92310059192479,2.293178333313354,45.593145469510354,77.8292248767197,30.157144337616895,58.52928837023767
2185,71.72006331840583,55.22512193543524,20.844386304278522,16.319991518219357,17.147918294611117,50.89057465635314,17.523771297601957,13.820128817375906,-4.608998544268173,-6.190175369411792,26.97711881756912,79.15475015228503,39.10268798121855,77.15356688647512
2186,56.020025307156224,31.939325212682405,7.42440776557897,5.3845406658940025,-9.340831990799547,12.000162959786165,9.754210559810145,10.235974084824601,8.671190476006783,5.046363360738437,16.904773047925524,55.18507240344699,43.72722577487189,65.26269644172982
2187,23.291965567358165,17.688478503415592,2.5604969408835867,5.055716377545666,-15.668958459474636,14.034870938697575,-5.283177121978674,1.3999888953473434,-2.0234964957113277,-6.669355553796884,18.917073995116994,28.57627209075718,46.674269413624565,43.44743984518436
2188,6.145807182144936,2.862219479210612,19.897887870013665,17.94484056866554,-5.478754838908385,14.665520848520822,5.620127773005462,-6.47810238917759,11.060279284411264,1.542618781040158,18.792926836785405,20.841956232743406,43.29301292764056,30.66728186197112
2189,-6.40611751597907,-3.390376611560357,7.858184947806417,8.254801515330474,-5.386204222021858,5.523509714358722,-13.17302272384383,-13.618611477478197,2.6704490463052877,-21.561390542895555,11.732248891503655,13.39129036283838,41.48816416026823,11.064668796704764
2190,-14.06164955819675,0.3597573149819145,13.628889560792933,8.730322440111173,-12.75158791915371,-6.213526004102419,-9.3586745939002,-10.999068429265215,6.967953329591499,-22.680667318901744,-2.906038373833546,13.82489846349609,34.77356043003741,16.32537405035184
2191,-10.713202727267896,-9.806751277546677,7.457652300904814,9.003795429699537,-23.753819913201987,-10.18599543767219,-13.043372446744812,-13.735852878712965,7.722290262871399,-0.807298640115274,-23.474248782757947,12.65304579829212,14.721341464650699,1.5936890285160303
2192,0.8235963719621601,2.3905269203055473,18.04585400842166,27.99742273129404,-14.082551307387039,11.884103525081343,-11.52277011736203,6.855906496021262,15.960811775282133,1.6592362069096094,-34.150599221454044,13.521193944154998,10.972662954360471,5.250568951285856
2193,-0.9920138178036653,19.874789721067696,42.84604333815452,35.48442673011898,-6.862243301888755,18.79814208689758,-6.428106298150488,7.022740423067662,-7.183076374935758,6.393201193205975,-18.993993205425554,6.595948669682701,-16.435093692102946,-19.230929251912787
2194,-2.0206671461736536,9.194709635109772,33.55661611875476,48.04651583871081,-7.1549368561191375,11.469593162047769,13.28895479615485,26.464362751953626,-3.9200848659659755,-4.128746079377686,-27.318920654507934,-12.02532851443263,-37.89818848519902,-49.037130779023755
2195,3.661414924509807,7.055696646523877,27.332541094522245,34.666578760696325,-11.24935393267455,9.900624286777855,17.979434446900623,15.473268015769088,-24.089302761005417,-18.41785000428643,-29.764035128254775,-19.45803997228409,-63.54743561438484,-67.70425161152762
2196,-7.185765548438322,-12.875613069799451,23.8954698125623,18.534152701563407,5.67766961981451,6.36585626325033,25.713325833989057,49.0442719998001,-15.809767764299671,-24.536431395832484,-22.28656237387239,-14.930865213424154,-75.80470042116657,-67.43478200391309
2197,35.04051827690453,28.038654800748823,40.277595318079356,43.86298704822287,27.155191190169575,20.435182289780677,36.379902741920695,37.68875178088206,-14.208909211830182,-15.662209582206176,29.977095337508775,18.48237428959912,-32.73945224775448,-38.88636271326914
2198,-13.267046315645176,-19.339084814803172,19.513189240083367,12.917605895053965,17.724946005745103,-6.631616953021006,37.91783489047582,26.487368551442223,-22.91017138801891,-9.315957415456376,-3.890577126657839,10.972142817123405,-58.87724412304958,-44.49359692044711
2199,1.638400152214575,8.829875314646493,57.20887583311952,44.6610220728072,15.056544718439582,2.1599546421301867,63.02281679576292,39.51534240796209,-18.05063668440862,-14.647596077079143,13.60974289847955,40.04442894375295,-29.86382634813194,-4.237610897543643
2200,24.225704885622672,37.29513118817549,69.12486715075754,67.50408166467906,16.29263187128149,12.494111478740475,65.6360342154762,60.653749645938056,-18.728735230337833,-20.999471891470513,1.0895665024128087,46.96849968462463,-34.03518496120028,8.170791838345119
2201,-0.8780289217508034,13.700690075536624,57.51028283483654,70.50163145963009,16.08576528226714,5.16565638666443,65.86960234275826,64.52443379499171,-19.72406509938902,-30.23616413465085,-5.8578448697748,26.583902923635076,-29.447899687365744,-19.969627075228487
2202,-13.900354728690806,-13.028911095626759,38.14011259454239,42.74591230303958,9.540878335847612,-19.699080688714524,55.55371925860974,48.85917464840919,-18.408751124769424,-17.779925181754145,-9.671853217705845,-16.28308995955196,-37.25124379885205,-47.075377433662176
2203,-43.54146279112512,-40.54729016941703,-4.03536114119586,-12.025407127267952,4.524363906026082,-24.409149517485595,25.203516403049047,8.684067333165128,-22.001005763131328,-29.279646321046172,-25.580987662433234,-40.267801013408665,-26.503887549869155,-58.955881712799076
2204,-46.679237462947384,-46.756889414129326,-34.543587045237125,-35.48385589400065,-6.996372928176293,-50.36677826542156,16.911223237837284,-20.330884271655133,-25.130032418010686,-53.641209467961986,-52.63703215761997,-71.68948345246805,-45.488157051704384,-74.50750044323394
2205,-55.42852046727827,-66.04410666466069,-36.16496667409262,-44.17264052065591,-9.416803551649986,-47.09210896743081,8.7476157082833,-16.778882072119018,-28.05308581421509,-41.296167439194896,-59.55703072934241,-52.88853701862134,-51.638506713798584,-62.16605309459816
2206,-36.520322468212534,-35.384712916920186,-17.69171431716853,-30.942445482405365,-4.860360027066209,-41.96518170818454,35.029382299405185,3.9645778199591044,-18.007209697320455,-40.133581936381034,-62.063633395899195,-47.34510480165989,-41.433635822462925,-51.993851109280214
2207,-6.5738078669917615,-12.978198330232841,10.940711746935209,0.5563231524684111,14.082483685955024,-15.87301612564052,61.770851037463274,38.900625875709075,-15.02539403068513,-19.421234872952024,-12.816001625888084,3.3483301044658926,-14.617135267869774,-21.077031078408616
2208,47.58024834530499,43.49326252349099,44.79087714639336,27.74121546921355,35.48426966185244,19.825394935447218,81.88347971123815,78.39586225284407,-2.1988687374397693,-9.093330237309113,21.153647352203315,53.563828515292045,14.757588240461892,11.040605783531554
2209,29.397192230163512,24.769889964411885,46.36021053493884,29.007768939055875,47.75365711581267,29.157100346799627,65.99810501206264,52.51268047608331,-13.084378211234407,-13.091764630125912,30.80027635736608,51.71614144759255,2.9774849686680116,18.613455748957907
2210,42.626500987828585,30.997183628083672,46.39168141334702,22.44514929625237,48.79941246406107,46.719358726112546,53.98843026537746,41.12844906903432,-8.205553219686024,-10.175212077906352,38.956865853653014,52.50758956566592,-6.105560563572637,24.491634153246878
2211,69.53887712817485,71.8387174565034,57.88498209903557,31.237869931097826,60.615988113124885,73.87551321327363,49.16609290090046,48.16327707528759,-13.5669954516311,6.975007807994106,54.81078166574859,95.22224904188751,26.812313340021483,65.26340595867768
2212,97.55223308024053,99.67766259245953,77.64240819890497,62.84369144108154,64.99520255684489,110.00056417806059,54.30550953855714,67.18351257967412,1.3462299052741225,12.050949351745215,101.11742222681681,142.3461856892976,63.1941457518431,109.45868605179562
2213,86.56125636578145,89.35559035575903,44.12598079812293,33.74420241270771,48.933989946359844,99.88983559203673,38.87365420211959,46.33764903240747,-8.14360447527711,6.454943302516176,98.47532502024319,141.09442734760785,30.45303845288142,90.28329177803165
2214,74.90035055812521,85.14244946635726,48.54535430438636,35.22844671364811,43.39920336158264,92.03722157748702,49.18639689455208,54.121615616206256,-2.6094261818185003,-4.68024830415714,101.64401772994628,155.25566856461873,28.56459176897856,95.81608787031773
2215,66.6545488398883,88.43070149566245,39.51222720077512,39.86707580320704,48.577797965487804,100.72776711543804,42.06657394021662,48.805644089603945,3.6129509710226535,27.332293746090947,108.15605099813436,178.10505863959997,22.658319415869794,98.06423330871671
2216,58.78740869934763,79.50828424626737,40.608504451825134,36.5893496205142,54.4471660333553,92.97334979593049,42.890920298543335,64.63646344282175,-1.1982026929348655,18.731089623561644,84.59482681842762,178.7234045706316,15.012826898803882,92.11491512778034
2217,21.47625664623793,43.21593839096213,-1.4351079136849734,-7.14408617384929,29.006990192987057,65.88394452769917,15.969241061301352,33.25294334377269,-12.729177865659672,2.8028108942665635,44.719944948205935,127.99108783585353,-36.477570877313994,38.63226309244433
2218,26.40501977972111,29.07730251585209,7.933287430231623,-4.610310674385349,10.639599267383336,19.937324281418316,-0.8509177723065974,1.2844604484309092,14.022972657020814,-1.6230718718698123,38.788402904323725,37.740543717766414,31.694683366505505,14.794758894563682
2219,-41.60852746435937,-30.377463984474055,-35.14915186854682,-33.195285795889475,-24.663552866554596,-17.153185359095797,-46.0904365879724,-35.77092433417622,-10.326129658894443,-11.670421805965285,-27.80998647913976,-3.620968352481516,-19.894321703756546,-3.075319633891624
2220,23.549504574864308,35.363522344388805,57.92532013220181,61.91810354628766,29.571091065403948,57.128824705965194,11.034412974300691,33.66216746212994,-6.363779794805588,16.664733573265256,20.86035827147036,108.71701698205986,-11.620901713538037,72.68564662366644
2221,34.945576746163574,41.79263901434545,71.36662429524105,75.30464065745187,19.516699296551703,58.96245904505683,9.695578055119011,32.03366205906592,-11.766129816264296,15.188615012162316,25.653246118749678,86.4677753230353,-1.016617090860297,68.59560629024028
2222,-10.950462586854975,3.6971459862626945,35.27166515162346,40.73932511689178,-19.89177269493337,17.55403226965921,-19.71294310159545,-15.881686620498902,-18.822882924863816,4.645423933995039,-17.587210605054015,28.60624925288458,-9.352358155144092,35.15227603900823
2223,-55.30825600117952,-57.82514281347751,-3.467332073637126,8.36447410625686,-43.26311747246595,-20.223158550522808,-42.1175359991155,-29.43992267444073,-11.088044913864444,4.144372888095098,-32.14873058114427,7.125888976748042,-16.966285071597415,18.26292020373057
2224,-60.150544942219085,-55.47716436279825,-27.242972679545844,-25.865903883353305,-33.54898469388918,-16.32371261830366,-59.663239564327746,-40.727199707503324,-4.949970874890685,18.712766707434017,-15.357251526404266,31.327708162512206,-3.939637767560276,46.13184907001112
2225,-45.157785123564786,-46.88848592465993,-32.02115233791927,-39.55431063066133,-32.35858348632875,-2.5595551937144565,-56.95034668949437,-34.640819530546175,-7.634366765403599,3.858454977470757,-31.31886075299911,16.22325013863003,-7.977293475063624,49.141167427179
2226,-30.14472611614806,-43.69235713624963,-15.913548988816787,-22.255241559816863,-17.74538550343975,9.267800142776352,-50.841764607971285,-30.861917290452915,2.8322340084469224,14.566701732641523,-30.05104073553797,26.651830265637166,-1.7514259308965516,66.41798602808461
2227,-12.440335363499836,-18.072676963490256,-16.228291776364042,-21.576572090305827,-27.79824667026295,12.449135676939145,-44.76064075054892,-14.833029289456201,-14.940537816563234,16.60713630701291,-29.616230449685894,40.206623276462345,-2.2939353821737023,54.128161875123936
2228,20.975640254833586,15.010935778821526,-2.2645587942452,2.9055103976510317,-13.813171721637227,33.8429877200057,-21.772896206525527,7.0898194881644585,-1.2981762463363864,33.45375158477425,15.563843149995398,65.80114825941251,10.277866404553283,75.36187354744166
2229,4.948583217387361,8.39452631637809,3.262388442355762,-2.2440650138060176,-10.088502488214088,29.77848401575596,-3.0915661822612392,18.172128361070012,0.9892799066798726,22.042879938825106,26.579396128948716,67.97933338136079,4.637604762437476,77.21642444686891
2230,-4.177343110144154,3.926364532189428,-0.6796899828517411,-12.938990009164002,-6.6790560989986645,23.96573711956623,-12.549724758253047,-5.188322248420194,-5.88684829968305,13.055322479702978,-4.514462324627988,29.007127754634723,-26.662130014562937,41.235266347048494
2231,-10.064175058176351,0.15648364544654936,-18.215880307152727,-17.36210640443154,-13.95141562811532,19.532992010022618,-36.041398858243376,-18.16456274130594,3.060010585486664,15.204400090211296,-24.12216687054149,3.6265561161282927,-35.439806694827936,11.607034853146606
2232,-4.0181695232939285,15.232213689909997,-31.561926843658338,-20.93924099395551,-9.45663325004444,14.63148929722647,-44.86447289475997,-32.10103704376793,11.749184682254699,11.874196778481538,-19.247951698137705,-22.854061914255514,-13.869081523597366,14.061798829117931
2233,-30.115362244378204,-6.6068551764505425,-40.616481904216975,-37.15597376280943,-3.0025588851726415,6.564271226662446,-50.04726948788994,-48.68062753273817,6.0178265203065955,15.713131199065524,-27.90690737533141,-48.465294223869996,-0.13127579440753115,22.410636274507155
2234,-30.052772088934418,-22.873479525079283,-30.646015478388353,-30.643267619563897,-18.885468595941813,4.0536206371971515,-43.171035477106216,-43.0921976673689,4.16061383814485,14.318307509670758,-41.30189125243948,-67.70858295512821,-8.884465473611147,4.485486843712395
2235,-29.074617201839267,-25.660173533914357,-14.930564745456813,-16.536052655007044,-24.751621534742476,-4.615624070260021,-49.11242617735503,-26.194698428569787,-4.327492273545631,10.4030707632363,-45.621215627193024,-67.21044895605095,-11.131408587264234,-12.24665742082446
2236,0.4190784843459146,-0.32393300592212215,-15.043289687175479,-0.7076518627565527,-13.10916008351236,8.403810961968778,-43.809418336526186,-37.26112305461267,-2.2475368958169883,7.571031785306552,-35.697947020966275,-55.168200962680885,-9.728228779122636,-5.968128353616089
2237,-33.597728626110666,-18.832477677938524,-10.069995156372684,-1.5636635716687461,-22.131427102845308,6.111679501570575,-47.25543491313599,-29.223537665598922,8.413842660089443,15.815628741795603,-24.331426540971037,-37.88047092133095,-5.914505807553125,-2.7971938887064227
2238,-34.36967847589969,-39.75694702592743,-21.176993188689632,-10.05383744061118,-32.419253081370584,-21.064032316659365,-44.03307396479884,-34.70711037878619,4.099610233670042,16.512535758146576,-7.5155356322498434,-38.17552244530336,-1.3779419850708572,-0.7408179020287559
2239,-37.438546087652526,-54.021127541757494,-11.630337865033747,-7.389458980258549,-24.76530189413446,-37.85017909169439,-25.635981950806347,-26.55360436233417,1.2751543164913155,3.2651529743390593,-6.773096771757141,-41.645119349111866,14.826084649010372,7.104851496716614
2240,-7.242385031511274,-23.729732769669717,-4.994956966727901,15.732881189723123,-9.259919611870936,-18.153961912654133,-3.1430447550193925,1.2497826658217228,14.57306397516171,7.513282680040604,3.136704142825036,-41.18004774274625,33.01390405924892,13.360067527854346
2241,-31.848597394373925,-39.361478953622004,-1.2988998979613362,8.531895308676443,-6.929685140530511,-16.004639336925283,4.835158266964963,8.154484649832913,16.76472920433088,3.5177633867467586,3.343752346681928,-44.49610168633113,52.36397671900587,9.133005989171984
2242,-27.832205665147626,-33.25066019271465,-12.740476633814943,-3.1860967101390765,-16.25308443330743,-26.036919963139926,-3.30335357326534,-7.358196678132652,26.697381128408438,6.410567553921441,22.778100998023113,-28.595513822489224,65.81378188217863,1.442996338659136
2243,-19.82537373051289,-20.079272562805507,-10.62751577893299,13.500289392016793,-6.738131797838262,-23.660339167857114,6.431638876300525,-11.356654448496595,33.554408761700294,32.69589314766746,25.493075322422985,-33.07056218258149,64.16263335798422,-7.6108531310167535
2244,7.373602029527457,-4.1358832316047796,-0.44232320194232716,8.406397082567533,2.392669404717434,-12.137367238202614,15.809999049345388,-8.525954673895058,15.565034524616166,10.556848591809647,18.268265512387906,-29.771776172133237,40.85063974141356,-19.464259012912176
2245,-22.456745695890277,-14.363268029623965,1.5052551457073713,2.172318477601904,-8.039654762212553,-19.481065873853446,6.763601580210137,1.4089891923864986,1.8127143764776708,12.77671182806571,-25.737729649953792,-44.74320693044424,-2.05150064978369,-37.78027088625537
2246,-28.825278240779976,-27.042537499904125,-13.161569147704826,-13.221780347163934,-26.89328269154168,-30.914208466387716,-28.030423503079685,-23.068401903091594,-12.389098207327251,-5.143100324851973,-63.15800271793258,-61.00033114108689,-22.61688320740624,-48.887826301996114
2247,-18.745296941317843,-17.15684983156204,-13.990283854240618,-10.002570187232347,-19.880180685956407,-28.089992653442028,-31.518174923067228,-28.591181881852208,-10.218767846045633,-3.1880447203915256,-50.83617404014737,-76.73858106821291,-12.508161774523204,-64.43835694666497
2248,-37.772392349303814,-28.244236797600134,-19.29087036344247,-23.256074986984537,-15.028496542580971,-22.3477503872144,-22.679197649711053,-30.35941516726815,4.961662737627595,2.2912933212482605,4.080604602178811,-43.50372179987343,11.48527037207764,-33.112881282536506
2249,-47.55478447493807,-43.923256672924005,-33.16225785414695,-30.317708823880878,-12.149147101265827,-39.31621495878978,-23.18442370892959,-40.47470419762526,9.34308358997786,-16.53415962090268,7.0585171397045805,-59.22025802705519,1.6819322994472148,-38.120508016087285
2250,-17.022075587553765,-16.76159856987192,-25.478362011850304,-21.15849162283754,6.7663216185620385,-35.80739988903776,-12.542887751397393,-32.722594907182476,8.38354338072566,-8.78932766663167,21.00116434714695,-66.46200380630258,5.404922206801396,-45.826458431555054
2251,-22.4209865233032,-14.253640115842073,-8.496065267895714,-15.003336525182398,17.696990667231944,-15.067338140491112,11.371291660607563,-7.928678968009467,4.7063523856891125,-2.7294683452833617,62.579036169800816,-36.03012015154412,27.00812957882779,-30.955770765523482
2252,-25.04559596575244,-42.09594540370461,-41.57678429627371,-34.97249523024382,-2.255058533799869,-40.85796294862406,-2.0103442238353386,-30.31126984759207,15.266357498848771,-17.445880870528413,35.04023662887332,-39.954700638833714,38.99535683633162,-38.81346334740681
2253,-4.292343422269926,-22.654477745168787,-41.02661166830927,-33.85616957850646,5.926443765917014,-42.89727987328373,-13.529179238298331,-44.60867102518155,19.560455322433256,-12.320498631075754,42.992397931068325,-33.584824597340656,49.669626591215675,-19.500115512853174
2254,-1.9289612257569873,-25.75948258863797,-20.970841651217224,-32.94432157776212,14.723157873260144,-15.912273322832718,3.3380867651031942,-26.31927490806487,13.066664403514713,4.734644380908871,44.1971162474315,-11.403341220743066,53.05518165514893,4.199459729979957
2255,-0.5850536902162236,-13.250047221014626,-17.660456149336696,-27.267256030723175,-1.2137705476708551,-27.826542232384384,8.736009889864926,-23.73394305302595,4.114283821909976,-5.495345658623106,10.000262075525496,-36.782455154032824,44.63247344173593,-13.61093465786571
2256,-1.1843162771211557,-16.67594079399661,-26.482263271415345,-26.530312688397558,-2.395760990461714,-20.79093953737248,2.923957458643322,-13.334172210559249,8.94795946640257,-10.67417500306588,5.644890634797722,-9.012959573978996,32.92853665571567,-3.906897729692386
2257,3.94651475860943,-3.9378942171222113,-37.730397929284685,-29.617796283562743,-2.8870433468365184,-0.9752935451464356,-7.829681252200037,-22.449011436610782,5.352696676987411,-11.067464969227093,3.678000557239157,-0.4945503734552534,28.526856166290678,-14.813054705557455
2258,-28.358698736107343,-25.742963209978807,-34.50997244422919,-38.14924011641029,3.416477233394725,2.4141387352160524,-5.313240437098424,-38.17099744204993,5.003123145780759,-28.197683862350516,0.9454874084306013,-12.039100636297315,23.47293042449712,-34.148181693407906
2259,-28.827869398105324,-25.963387401674577,-32.99462825177951,-39.950493720247046,-7.028286583532141,-3.9201377838037117,-8.549660003023273,-23.485293313274006,-8.709979965322917,-37.49234699992377,-13.252020155911527,-10.989631567128987,13.74187778314013,-43.35299077763378
2260,-30.911286378830205,-26.21034312904399,-22.666175120389365,-20.978160163036218,-14.891310454048275,-13.778574699633923,-1.0105596557269831,-22.763094356325738,-5.045397186727729,-31.068917480707093,-24.941400464979758,-6.574052842765434,-4.903575930255614,-58.17047721258636
2261,-48.098905647183926,-35.16016473498365,-32.99796481228701,-32.09132558345723,-28.172234625020568,-12.500029974921736,-5.56932464064684,-20.519800653102113,-17.50267640108702,-39.59565728023348,-19.153434356715394,0.8894561301015421,-10.266943676251381,-64.25836802463564
2262,-47.20131785181106,-33.93788243649968,-29.360660231254965,-21.73497185392724,-48.02111729521112,-33.25599822329665,-26.13002821250854,-12.7066130297071,-7.710077228061479,-35.72148461601969,-43.219627850829106,-4.127131212894497,-5.593625269349014,-43.91693078793718
2263,-47.993900272393326,-34.68934368773969,-27.809330364225474,-23.805040115881944,-44.87488712110213,-41.65228766953286,-16.661731897871388,-21.245461049174683,-8.053366406492264,-31.855448628849036,-47.21308364233626,-17.950242185910483,-12.028841477892415,-53.345406145814174
2264,-26.8887061933446,-17.039504621842777,-11.289558715331266,-9.813939418754979,-37.057442747341675,-43.74234805790439,-13.34929199108167,-34.947689453398894,-10.009413035593258,-31.323553011615562,-46.60140653910629,-24.413374046849942,-20.383539167678254,-50.22759260973805
2265,-25.167479486847427,-12.62443271870271,-13.548578711259394,-11.216994760823676,-34.5539160267588,-39.47086277933848,-14.690758880280631,-22.34870242464265,-8.970178470221619,-18.717444109319132,-28.99372743160291,-23.108341688681296,-17.73444245806042,-51.42082058296077
2266,-35.922315684005504,-22.084225663174557,-10.12216348376767,2.3953406360667353,-24.711046486474636,-36.65806872050801,-14.366846027513182,-38.86735512429959,-10.69075256482549,-34.59434620987413,-40.14670340745299,-48.6947365731356,-19.277341820689493,-62.52754395496838
2267,-7.8115505205580025,-4.29648856819958,12.909137509217482,20.4790198954824,-15.968854075092475,-21.401744014195206,1.3663250842222034,-22.385945750525376,-12.573155516604933,-30.996936803430895,-39.874556327445724,-39.2706910484085,-15.779106381296186,-47.510306315942174
2268,1.7579102015857682,0.009456871827580454,13.538980902761672,11.496545091459614,1.0927720798045004,5.322629432512872,17.26192022227922,-7.0222918239016305,-13.36921575265481,-20.769900783850602,-26.502888553391305,-34.41824273910822,-22.30180635693086,-47.859997172609795
2269,11.54731680121261,24.83223099770754,21.40262932994236,33.71407641368386,18.598045420200613,22.31572600661428,34.03543061332773,33.156985571515975,-3.2196319715657236,-21.204027472604686,-12.910784640253473,-11.455970720793822,-23.219983618224806,-44.30418244403274
2270,-12.08824182201437,8.267219720250807,16.446017833530206,30.478719162367433,12.468208978639195,23.062968355772608,32.48519324025735,35.200776740939546,-19.348624300939736,-33.39966193274925,-6.923354912697268,7.867018999961137,-43.378809733089646,-42.93344953876338
2271,1.7618084980273065,7.495216824423178,15.27999807208708,15.75693310750179,20.459784061514142,21.236133352509516,34.30934043820391,38.10039160094357,-27.083089585537333,-31.413446718723172,-12.891965230180462,10.601856186982449,-73.29148555180603,-51.0114776484955
2272,15.471947281235215,41.65263464201216,30.229060743955603,33.0842851377507,27.88604204894548,31.176323177789605,43.44233336698536,64.89254920875904,-26.905913930694965,-13.337706518680848,0.7260857193545673,48.187604667354044,-63.2762005559503,-15.808691582692832
2273,21.089217760026408,31.352233828163435,25.867204528613257,25.674493110014566,11.193386019186669,18.023940813448487,46.630032151672616,34.514843405097075,-17.55400144779016,4.30965384161152,-23.659418119902913,32.37406091968654,-50.20977493105932,-2.3784959149368077
2274,23.10561289676656,14.197752986693827,-1.591593857646646,4.633642525187659,-10.79076745987524,-17.251012197501858,16.532338035621127,18.336491056181643,-11.096818059149834,-7.2798794607533575,-43.1696833931648,5.442294714606116,-70.55878228189972,-48.4083433676612
2275,67.34444373577739,73.79482150913856,36.73454562773253,40.052886987100116,34.79592903726798,17.643852401475105,79.08865736134466,79.02635812541342,-12.369985017115035,2.626428452681621,19.133398914879898,33.600084072098944,-37.8090867950716,-6.171970957476353
2276,79.60716307630551,61.86079020609015,41.5000505934672,38.78614090029266,32.25437926867391,11.248337694571271,90.58400585076735,82.10080607028003,-6.581334906725076,-6.6171199902876685,35.49719288987729,41.49693854447018,-28.264349861883254,-8.74340487135949
2277,66.2746165201807,67.29395607310896,44.595315052265185,53.957360243765464,43.68185855540452,20.32605847626496,96.04186543538015,97.23987434545138,-23.431750925451183,-18.221043426777097,40.076084693717284,26.554426162029007,-16.208985053934427,-24.668552975750767
2278,58.279490704051646,48.93869039615947,17.10579531868779,19.211790659740874,36.080962690026574,3.262426662422712,87.29539793282132,71.71168886624335,-9.396967234687022,-1.037171170092245,34.09109710594596,22.58115871183072,-6.3267567149203865,-27.1504607641583
2279,38.62579684440528,38.77628118564647,2.6871665214462186,3.809145278238063,25.67442149968427,-8.847863333670933,57.59448647670002,56.58095780052764,-24.486091846669762,-23.272421064615898,20.465494387865235,3.2685666798755224,-19.648141155559173,-40.35995049666919
2280,21.817105044868033,32.87235125493935,-14.420455938161114,-6.277530172934384,9.681579241025299,-12.179205671596652,45.361411242296526,46.66959171583752,-17.031542950556524,-27.63722347655157,-8.112761242825142,-10.484503663282576,-36.045001043097145,-60.734126561450324
2281,14.89519388645318,15.335163046941833,-9.120201788060982,-8.73047613577667,21.315231303025342,-5.871692423234086,34.87183387651029,44.19470650203772,-21.816360617820298,-17.298979086844387,-1.9982541541397119,-17.534333142016717,-37.34970816166425,-57.523794982808084
2282,28.498848959412708,23.39893245381308,-22.091063540368143,-9.340279668622669,18.323799814902827,2.4433572395916916,25.921179793688108,23.135039214790265,-14.266940025354721,-6.110769768801349,13.785854899301686,-27.29911349229049,-37.90649795586316,-53.34945911427192
2283,29.14376988723941,18.100552726073623,-24.377271439260866,-19.18370069409546,19.40294557343611,8.573605623066475,8.498638120410517,27.698344958949395,-7.8596802227030125,8.931966642734645,9.960186663311553,-15.50890580430195,-21.37208842658479,-36.06212432473046
2284,17.65504947182622,8.789070960451815,-19.638841338569538,-15.184839805222067,20.285641506387897,6.798016694773501,21.421860342439036,32.41137249457573,-3.9457852803937024,-1.0845320926599937,8.72478156446482,-4.852343428309339,-26.882542133590082,-23.526433492158848
2285,14.708272268502842,10.526762890252252,0.16892988858666028,4.3718610318309405,9.535399193667553,14.011811958249302,24.624401582951503,51.3770766109163,-1.040850817985709,14.711197511075616,14.982453844761526,16.234090544976183,-18.375369145663417,-0.9428469993254563
2286,19.535147012241996,24.34523386218331,4.394731050445878,2.7704120353577406,14.163652033180108,23.49023333371661,38.69112309619153,59.25429949975869,3.0359180659162424,9.210424462778882,25.37395769210381,31.657722939499916,-31.02451278076336,5.034723902367649
2287,26.426917806167094,41.60326643011952,19.42594430975278,20.797505902072704,4.9427791158326375,28.914003745425198,46.35161223751364,60.12004816210133,-0.3021025788450669,23.095952142533783,28.498329918807798,67.05974377177844,-23.85329127876515,17.698684581140565
2288,32.395927957375385,48.879574094566166,20.58696735852466,14.999860038378865,9.446659225124016,27.140229161524825,32.82259699074154,51.400742629763194,3.420529311680754,21.220584526321794,63.89485313667206,89.31166422500156,-3.0559791723600944,31.76339177183138
2289,57.0114546053817,60.37761060122102,40.36748832248267,19.198539660673873,30.232887122124065,37.35011510137515,45.31810391689937,60.9321939453532,13.293252423349124,28.986944124491984,63.45085443155057,91.66304438327282,1.9794477152536532,27.36703166096212
2290,49.06338309233271,59.86424593038993,33.47674820156826,20.06352946901959,26.762167002756083,40.55831092568065,26.503774375989614,55.90850730642412,-7.629102215237913,20.515223685919203,55.69246237598454,100.8055105902424,5.45291963526741,17.300740085142447
2291,51.095587730864914,75.59862611166331,34.77202301064808,26.241100439520395,34.44074611513986,48.330661559359065,39.29977268555969,78.70040667616595,4.125882798779844,30.59218344693299,73.15665692606122,86.13736130497877,6.532466121103187,29.154785395687302
2292,39.56697942584148,58.12177799674926,30.932241918617578,33.035807980813885,47.811356547560834,50.54319112696526,47.813988191136424,81.7259417817393,-4.80380468479236,21.901458315791483,50.626339684722886,50.854610267636595,-6.674308244403386,11.578486823600171
2293,50.99952868289533,74.53747156892263,35.62494761279853,38.74591668586238,53.50688710621521,60.934280868176415,54.012514012231826,76.897339457803,-8.312751279096963,17.355538414029418,22.16183660849013,42.91327513410401,-31.238811144753225,-1.4057059404466772
2294,41.70296528538336,56.49186595633447,31.8108634659574,44.35510821326172,33.91937852579056,30.391358284604582,51.46138033207213,61.99252561196806,-12.787053094451977,3.8824505774387905,30.37648018904379,19.73593256076683,-35.57879635523798,-17.899080622343483
2295,32.42138963504337,39.92433016425572,8.262776342210735,24.821884945048282,18.657006138714166,18.820196721815886,35.00108603000893,33.980885834558535,-15.721583403537048,8.887681292684743,10.740539491922583,16.803236169756413,-33.20408184203448,-11.513852877002442
2296,33.28110571311009,28.341985834873483,-0.008696015953852054,-1.702654631247075,3.0985080756508805,-18.818990616696066,17.18372779279164,18.87350208807346,0.2799703849833364,2.5071249248033283,5.1082955856399455,7.197392827748833,-17.473134570714542,-16.133852687369167
2297,12.117824259571611,23.90627323295846,-7.990848159847183,6.860032679780302,-6.045629188788746,-9.360437064182662,13.39187127915747,30.545136365082794,8.123190054390248,24.47492782294116,9.413894869484619,37.33252503044807,6.1123020480858985,16.03316720493009
2298,5.631659836025715,9.716367536425658,-8.792341216690478,16.84846411957193,-4.663252714325663,-4.449357156871382,6.579033510613635,18.9291110018238,-0.2978119153019148,30.261373533137103,13.441655768708284,21.931159093443945,-0.5217266883467689,14.638984815892035
2299,6.573354050235064,5.22429599752927,-3.565808461623678,4.191012569019037,-5.464022588884533,-9.111935521532683,12.295841799762794,18.52372194828859,-14.86747032666356,-5.225860106625612,-30.348647199969488,-10.595661066398893,-38.61804366476875,-33.21223138817873
2300,13.21354369645723,9.548304337680195,-12.202098047195312,-3.19433634238582,-10.18764420936044,-21.610308123253983,10.692859931054496,21.61381192003449,-9.876475135531974,-1.4875476620158041,-35.23504684266107,-8.291401780026357,-43.31586695655137,-39.429844139765486
2301,6.088204404590438,-1.8657590454886446,-11.118934186220434,7.443370648183812,-19.3251568633704,-31.77911254565574,18.430072721908797,17.17507180978763,-15.53381813378997,-3.679775434510857,-42.879833407369354,-18.42303731649657,-45.581379186113836,-26.550394506368114
2302,1.3710006214580968,-8.223134685594875,-20.9145022186415,-1.2292695339141293,-32.46791394366079,-37.97588638523856,9.905690049433778,22.00976460748453,-15.036659540358068,1.3921550566757948,-61.72667945287058,-27.669156210971824,-58.88444879056589,-30.29643055980765
2303,0.8932254288969214,-10.673972114151505,-27.091571300008056,-5.648225302135961,-43.43346533497536,-46.5465928836644,-3.9371184162976047,3.906485115975046,-13.063252415342305,4.093434815868522,-68.18709143159164,-46.96432604558587,-47.65622967839064,-41.91626249909843
2304,-23.67489164251167,-31.159023848557855,-43.33988783106954,-38.91468990318725,-46.98906796332017,-63.036035356635935,-32.303882223160876,-33.376800853100114,-12.230605954653868,-0.9576574929364399,-59.199454055316195,-83.64543133056998,-25.52358811652477,-44.81398251310993
2305,-45.45835295561423,-44.535060976367994,-34.86335310296993,-35.38377155023009,-41.58320577333192,-46.64332133518697,-37.667734970017435,-43.59374557919697,-4.764510814010031,-2.596389949246543,-69.27755708381642,-91.13156411612522,-7.381284020397954,-34.08767842107197
2306,-62.74516322472076,-54.76610874245817,-51.847612289317816,-43.851461695589684,-38.735403905685395,-31.45207959619005,-63.93006325332799,-60.65495462497465,-0.48486104012683323,-10.051937149280128,-51.47892297208598,-83.20702496618883,8.075968030044,-8.73153772499196
2307,-44.41905891673913,-41.60537823142218,-32.5817739821649,-35.843447925446235,-23.66226836568768,-15.567403836740919,-65.03635580721239,-58.40102170436953,5.1070585358732625,-13.289593341544759,-41.2242092466231,-60.572610699188395,14.972142537931799,0.06850623649422195
2308,-25.071587860641003,-12.17750854546334,-39.55592692562393,-29.29899379573803,-8.659760599786075,2.6246336401558543,-50.38865903333038,-43.44339273839992,1.3222761552894522,-1.6367743595325894,-44.4219572019842,-45.3734376083611,6.436871170204214,9.186760106014566
2309,-18.71572386103101,-16.029719788324684,-33.35539983827639,-23.506294813296478,-25.01094689357162,-12.032548470283144,-44.51413345835958,-30.221792527899442,-5.4931083381425045,-2.333684142688479,-52.27369369297945,-44.55883374330647,7.922870924569799,9.927161192591187
2310,-8.248926045455175,-11.054657234369008,-17.64451847545132,-8.485578560178864,-28.4836264223507,-27.323166632423515,-52.07908361615158,-37.04314099405409,9.85781598169765,9.41275812437,-54.24454814203282,-42.08959605554351,19.37480399243914,15.29850252383584
2311,-23.67570527149836,-26.180489758333124,-17.231156325807614,-11.884945913896509,-35.45288013705749,-35.56935111674919,-48.03022926386403,-51.679146508060285,8.646229884708296,7.353639234334987,-51.997404016864905,-41.37911623955093,18.34504752085253,13.82711759230741
2312,-20.812957906130194,-31.031351813714018,-5.828928394461898,1.759682416577797,-23.74540933361793,-19.88591054443671,-30.110583936747723,-34.90557844157483,4.761299256263429,6.020583415478065,-19.655155042113183,-33.880537895096865,18.047695138516058,16.82169524985592
2313,-26.824318330906284,-29.542304626920306,0.8479113273209217,4.551584138295539,-11.791792326840326,-12.358780840196292,-14.921888026852004,-23.391021998768743,6.773403204769721,-4.4329427350227455,12.20390864402306,-2.152633386788725,17.75032293064245,31.75061208549861
2314,-16.213353900471354,-19.005036986958686,15.355075493561728,13.40084532295172,2.61111476599291,-6.181677893509459,-4.808874399535379,-21.005121469191717,16.051539927102557,15.8733400121319,28.40003740816997,15.168979209777685,31.24868164464012,43.46775670800113
2315,-9.142449158492026,-13.449977026801422,19.750772094085836,19.94983038597265,-0.9819271167926223,1.9412246278805954,-0.3291616683550639,-18.952539189125897,20.000674581885875,21.85852966429315,44.21581363922073,25.578420302351415,20.378327499388895,54.714097661059235
2316,10.21680315266507,3.921117589358897,28.307470364572207,41.00188789921455,7.377136674415658,17.119400799883376,-9.364577299798528,-2.90152229335107,12.230732542657732,30.711512487434423,47.07422192614271,41.873119266953914,31.420977088906643,64.827587028408
2317,17.19603389522841,20.20821489863575,31.668345767797557,39.05449560861014,-3.2231497485266907,12.307327437933605,-6.843029783469718,2.9546241993770295,20.075749321629374,23.109956053688396,48.50775306442561,37.407618382148414,34.55784707029936,61.89150674832262
2318,26.55270602020872,32.754728531653086,27.927778621609118,28.823283499771136,10.134786422689942,9.025348945591851,2.3887654506485183,-0.26097449282527874,16.367681262113,14.024358210883822,46.02606654871356,39.592053132517506,46.574175666733176,64.09975969860992
2319,27.52862938557921,41.40287866081628,18.82421743703621,16.479787686474577,23.456328178259756,22.575419847573425,15.591054993315678,-0.02666300855606387,18.407217432773134,26.349570545198244,64.09460518658756,64.09374511179765,48.42672620335203,84.88447321036274
2320,25.466608770653934,33.80230369426695,9.989740478558508,9.862321793416445,22.02600097073979,23.023703750644522,14.997447802045034,3.302834202744676,16.25098694564998,26.35680552073834,68.90672978739846,79.82661135359426,46.371428838936104,85.93483643093774
2321,23.139185151199,24.750968354848755,7.859059570928842,-0.5393580321173324,11.738319670286648,15.548252495046063,7.0432057574882405,-5.091162087718542,11.17182359755976,17.535023171027145,50.50886189305967,77.13147867676408,40.206289223484376,84.14985178827045
2322,13.211636827196362,27.380471119187497,3.185614689174702,2.3924602803267145,16.672288473166322,17.848086588179424,10.772845733914425,-4.422337462854042,16.679568481280672,19.632170294645885,55.95417216288833,74.92745788553435,30.902484171023723,65.92637413602618
2323,38.43921267019778,40.83596038244643,28.060636211412955,11.95484037992132,41.734777909581254,43.13967558609664,25.7070675458693,35.40712683339241,6.9950001641656465,16.758554734177345,76.18654786323482,86.2144366810423,41.224479893870054,58.327299018779506
2324,28.599383501963114,33.699464480937095,31.388963440344952,19.27617461749681,26.521597377478848,14.319373716131228,29.54485798915585,34.22571301920557,16.37916740738749,12.902063557270868,52.786883931773815,76.49363638856472,20.580272575872467,36.91552324343179
2325,39.108351244718854,54.1002957023584,37.896540673707456,40.391569204002586,23.91316051173596,12.488447908937053,46.29202970055625,45.80860259571391,9.114004106923156,4.119816941548038,55.10962003980694,37.85935082766814,18.703337641619836,16.204347227156983
2326,43.1817227070993,64.78368773753192,53.631332011574735,43.47420838084698,35.48689211074485,22.986920234273306,66.08963255405392,46.99839428414007,7.442966471823728,-5.819794489214211,58.464208846968404,39.34587613853476,23.961697446960667,15.41305755432436
2327,46.21946572190251,57.41879004245067,19.23697873028488,24.353826194792827,28.36740840701316,25.177389893370798,44.40965881985891,26.028204985247623,10.327015347769395,19.96563290858707,56.01223846102772,11.578720209533271,29.341053186121737,18.02012574756789
2328,11.438636240966412,9.252668734769124,-29.614017170303555,-33.921831209629836,11.880918382702916,20.406503273177353,8.682409761379017,-16.37475696460846,5.224191600006784,11.36306980858847,31.10394966994548,16.357460824605376,27.663016258879402,45.964087748820475
2329,-2.5242941286574774,-1.6431912301585583,-14.696910348595955,-24.469263238038774,1.1723877956091329,-4.449698547615592,6.636949758954054,-6.974399217870366,8.991661394488949,4.9716371712608565,13.547676396942844,12.262088109106022,33.86035244724789,52.68749919551194
2330,26.16751800390791,36.964356186759126,38.93655657535733,48.18139662288604,25.97776270736545,19.81277093840045,52.26306159100824,42.317519457637964,5.252665781853004,31.237318430583592,26.224090203365648,58.72701315816338,33.42266631061472,86.3210739535936
2331,25.01777720938327,31.407275859864473,60.55764153391335,57.399364022175924,24.49140262636496,14.726528280049353,60.72677227567137,60.43149176057883,-7.759751480212113,5.172802959565262,12.092341842462968,32.163224965724,5.099548936647987,55.61859601299896
2332,27.637127164083303,14.730477438242339,63.00705985300724,56.880673930981146,23.58093980882073,0.4355237931168965,75.06935820444104,66.55872284489153,-3.1056387160566103,-4.3214419110612665,3.437290313389629,-1.9620390083788268,-3.9502192077723604,0.023290645436132188
2333,-17.112571166298707,-28.89951203663965,41.34794161337418,36.61030748280455,2.856482696989179,-13.420240661387732,51.43186397312587,48.497562452597556,-13.151982534621679,-10.742398337418043,-53.47059819792881,-16.731500918653555,-38.23777863992822,-8.688461898255792
2334,-18.932033646480804,-31.2665300325449,39.93613325035182,29.63331763344566,1.8462899131949964,-18.628489594578234,35.04018213989716,40.997467832856294,-12.466248246883964,12.306777532348823,-48.2531121220611,-22.37573527101928,-23.47566912201867,14.989346358164005
2335,-36.60176315142318,-48.95223820987373,11.733220725793784,9.442152495914224,-18.465334732705973,-35.309559384587665,14.625689265501093,8.276935610664172,-21.431168200303443,-4.146473038616342,-74.44006560148345,-55.46580855782898,-44.513290685360396,-2.435923732328049
2336,-42.783541308038444,-48.63896590910663,-9.948260752714429,-1.655980761382362,-24.360787453197595,-41.342289551923294,-2.6884468117692273,0.8541039429367927,-10.006167274288343,-18.222359293650314,-71.45488948734891,-63.582718753992076,-50.95051413446387,-9.2432842892635
2337,-45.71664911707122,-45.01797060768424,16.054248199305757,18.481003678607152,-0.271532375913588,-24.492719845538534,10.803956052831657,29.730322173318495,-16.501453364563798,-12.707789399966252,-91.04552013054015,-53.26603233871501,-57.44553712317286,-26.670724103755614
2338,-56.5080241371399,-51.4537427967293,2.8104417003887487,8.128078471919729,-12.114484222338048,-25.525966468171738,21.487585606001534,29.586907780347882,-29.090756567702353,-15.771865125905771,-62.59678430849365,-41.665960430945674,-43.65799951132259,-31.883181047628412
2339,-57.60517973025182,-43.77929381351944,22.24943705347998,12.03094038119377,2.7183434373019515,-24.773096582653306,18.56483315479043,24.320712613889707,-0.8883608637488489,-19.726374146355518,-57.632693537255236,-36.980456527973324,-34.625739011062564,-27.222584123882836
2340,-29.685363428080677,-20.70289145494279,4.882694858162349,-6.571322955167133,-5.4230332329734505,-29.120757868479707,9.772219067132502,-7.88295593699362,-3.700081314308622,-11.396801325699817,-43.026224424564845,-37.91454495652544,-26.79697952338827,-24.682469923458687
2341,12.542734703992767,25.067635870103697,8.858520908284172,14.721038178488797,8.91240681917481,-7.0378127865131415,11.396450893665143,17.307940207237092,-1.240256084620186,9.808714124157154,-17.39550820702229,-6.398392365288792,-12.427120997003108,-5.205399567347839
2342,9.130031227568166,28.000459290505553,6.210780860911183,7.3617274902356735,12.897971985720147,-3.5339210393615907,21.172803875880387,13.153630484365896,-2.8743004038166546,12.20579494285499,-9.513216205111071,8.318969986797745,-9.450924081492055,3.800563601209142
2343,13.599700499807648,13.758423176877102,10.412617918170762,-8.742280600499488,12.971095008423934,-2.7758897696945763,18.37876558538872,3.524754065151975,3.8808995149094607,2.6030450444605213,6.576275389126055,17.22087363214102,10.655732473974297,7.749563712372696
2344,-3.405491645523562,-2.381632982161666,-8.018696412128184,-8.80699918549892,7.30053690582608,-0.9061408556786741,13.13437636013042,3.2852175539590918,13.259540481058844,-3.8333449299775637,20.142214021723134,14.237907081561888,7.962952290448698,14.067484055249338
2345,26.98837061591848,15.76276476801089,26.39621035865684,24.215022822430115,29.32824676241899,24.311535427250735,27.411513775866133,41.58281237374509,1.8701707773330067,10.280414748613104,24.073239536731844,25.866061604144356,9.278110569236112,19.031342612291663
2346,27.322795040643328,20.179261451404752,31.398978257524423,22.5540327818509,19.693600590382346,14.040110348862198,21.41363013800992,35.079719214290556,4.766486443911502,22.821332598009416,21.048773716314894,22.973176044723644,-0.7457249839504123,3.673293593506425
2347,44.19344686469398,36.99321682235507,26.992467967989683,36.44148068216437,16.20294864248019,4.765292726864347,4.091653308539541,18.656459297643263,1.3493138603805945,4.192910207729032,12.284380756202271,-3.014166687064403,-3.7167641501986917,-25.432098733814453
2348,64.74036760759913,56.68362632921378,55.442392890846,68.3523684765057,21.567034620485163,15.066973346364579,15.760552042838759,30.568909253563852,1.5816485204565147,3.114377649835056,4.432227292524171,-4.403658425477847,-0.729928488033637,-28.37240602677887
2349,51.26600092496783,54.01362889643225,52.62832095313234,56.287996849032126,15.096834720894117,6.585929788735017,20.051091564285663,41.66710031255779,-9.379392046609345,-15.03748850864682,-16.312126042186375,-17.244182304871256,-28.31436106922149,-51.00318055559926
2350,50.68033414565782,58.62519760338788,38.683018090737775,54.68322070894408,16.56103583018608,24.0105773885432,31.532013716463318,39.84426094571018,-8.12551727624945,-3.3486340398638923,-6.489072662956361,-14.12487691262789,-24.502670243986184,-39.877906492654624
2351,42.381382943785354,52.25150835587719,33.37702797219231,36.60162488520467,19.262142245876372,36.815340760367675,33.8872491452508,25.330792278478356,-4.715084180943351,-5.19449556398072,-1.9472249179476737,-11.659339121447012,-16.282386228629132,-30.80588173413944
2352,75.00639838036622,66.47686749835813,31.259341719672236,55.78575305096185,51.09981627641519,70.72111664387513,32.510774704007986,51.435251138551585,1.5025071201271494,-2.0876933598791494,34.13634687478904,23.520971936466193,-0.1537832302756369,-13.14690414087143
2353,66.04035923570635,68.49352499547787,13.68163547264568,36.973591380658725,54.85887006653991,78.29690826228004,34.75214974312704,46.06267097967694,-2.7879386068325136,-1.0695117110724777,41.21052224771311,26.10739127637752,-6.670513058084037,-22.721598453697425
2354,54.39835242611704,61.18938191423724,0.24956617792815164,29.106447797088443,29.47721950473625,62.966494446130675,2.7252222966136657,4.947071585391918,2.556313896437891,1.405828302523858,43.486034506576694,30.499687214724798,-2.926422635202963,-17.24796244153176
2355,34.20357679792933,22.609027040318672,-5.504728070412782,1.349473297155702,17.23528739289187,34.73173924621149,-22.09821448771948,-23.543436744207206,3.2025509764962394,9.19093608996117,43.05782697548695,46.793843653199005,5.461953955343739,-6.318539227882659
2356,9.588264169046704,0.839421157525615,-14.198662600160775,2.487525917627666,15.497053265134078,33.48317287043141,-19.010546452587526,-17.46723631945372,19.661811380219543,3.364871465441416,26.76514031654159,51.4416019556578,8.14406511819583,-3.554712415533096
2357,-21.24561063977633,-21.1636821485774,-16.96656679088525,-5.7338261792436365,-4.420638449339122,10.010609580215052,-24.630017031324112,-15.502039913389504,17.846632022797262,6.881145915796086,-5.677089671993816,43.295985586310536,-17.25189497235228,-21.80355632793098
2358,-17.447340732072796,-19.0364002300739,6.119545421311,0.0710270347582469,-4.850452818386552,4.226381955383684,0.2711377329886543,-12.310008147132695,4.275741067202341,-2.9451529728983097,-27.79182866904776,25.13324560162995,-21.818842631484827,-24.186439728961844
2359,-7.155764173802513,2.177033062645971,12.337423387829901,12.238344461808675,-5.335675365250802,7.295982680257123,0.0882242976380717,-0.7442552454815157,0.6679447089087063,4.227437921516765,-32.166283581571165,35.22345246034419,-30.100595497739807,-11.95428361067568
2360,3.334594679497164,16.695946030359117,5.405031256989744,6.279489240784067,-8.889082574919634,3.790390653285516,17.86992155311474,-0.022176664354227427,-14.2862377624984,8.01711387848829,-28.814575924893187,26.255588887012127,-31.654741203757016,-6.892271098300393
2361,-6.857919795986543,12.159344559931077,-12.070103524184887,-14.491809158296354,-15.816354609765717,-11.023254993606686,-3.2992636885541424,-26.645449805396066,-25.559837612689126,-2.075187716863317,-21.808760961860163,16.774876097969198,-27.93472054872544,3.379554780375059
2362,-25.419677907320985,-14.007084980664482,-36.94480387737469,-30.900317929881403,-29.198328985693497,-42.273874222327734,-29.842037252311666,-48.89774176361724,-15.686622837156326,6.230763742914378,-46.172820964392066,-14.185803512033617,-29.263831733445848,-5.611026178141404
2363,-15.715248574718592,-17.915672946081294,-19.949513280426796,-26.561241875672778,-29.759243954133463,-26.99254869652992,-20.224634599015367,-25.06801828011311,-15.58019212819388,4.198297402751666,-29.765956743458524,20.941366770727374,-27.851904112649834,13.966945637393975
2364,-23.056165304880597,-24.13399120965812,-18.441261529508733,-23.170603313059917,-40.315188427594286,-23.375554348842222,-26.380182162482615,-24.965392827095936,-24.02509534467949,-0.6268694311443106,-63.16774102084366,16.934538221089955,-65.32493273313524,3.498651707847147
2365,-31.011950402722206,-21.837282132368816,-21.514909784298936,-26.2858685704311,-45.52965203529188,-29.644003648217026,-30.30173449222162,-20.54749815506698,-26.93906077490624,-4.74906983538969,-56.83489010569428,19.06420033865877,-66.4884050104626,-23.027410680868055
2366,-20.7028151992803,-22.89094056212913,-21.33431773687033,-38.590449957726655,-50.86758103647267,-38.09510818482271,-37.23317715701262,-51.408407123761336,-27.525462931029704,-2.44917624269009,-68.61768113136874,-0.9032379184864602,-59.38117545814948,-33.995964792251385
2367,-14.163507502885087,1.7854093310536965,-21.533559731505548,-25.52592712939562,-43.91578127007836,-24.65711718906179,-30.933227409669275,-19.814854719615806,-12.963058556945043,-5.082276226320257,-45.66626832923178,24.158546415410193,-54.09040022511153,-8.180998941776675
2368,-0.30333853887277823,-1.8861189515599857,-18.752263785829317,-15.816122849123206,-29.073601437572496,-23.10501312354987,-9.628389153559107,-3.930965757977904,-18.325121721928355,-11.490343631837543,-45.98092366938505,2.9771644406168583,-67.07868076564392,-46.94664010702718
2369,-0.15962172338010325,3.7198802767316845,-25.536034271543226,-16.912984828412828,-24.375997295809086,-27.08183979740247,5.055745449102955,-9.038886949579908,-23.788907962370654,-21.004628532541897,-39.8277544281979,-7.379771451067659,-67.20325617128432,-42.99493308857593
2370,9.73891509804028,2.558031141146324,-11.313951108637404,-9.522266670892005,-4.32178526523711,-17.38110713493103,1.5679207913092592,-0.21487936449028405,-11.954647777842391,-8.82719057209529,-6.102752052459132,-26.880389827402613,-42.93572779991663,-26.683746517611464
2371,-7.901101462623373,-19.60531386087254,-24.941205891246515,-23.872785233397362,-10.380144185749291,-37.08157420066739,-17.258152891403018,-21.877511346482628,-11.239543676144171,-1.797479465488828,5.968710614410569,-48.95797903719727,-37.591072019050095,-31.70649243278623
2372,2.782666130770366,-0.6827399243736818,-8.847875877019527,-7.594146426341018,22.506008669576026,-8.383529017049547,-12.163455673449992,-16.51882197492896,3.213920547344586,-17.404972816089234,12.864163103465202,-60.58662167154804,-14.573996796766524,-38.797928980969466
2373,5.626908564652483,17.790924325381493,-6.226144138415923,-14.551218693614608,13.974946274592522,-7.549097389682258,-25.680422852983895,-36.459955471309804,14.551777914721683,-16.596159686803524,5.925152427765262,-83.80258930452072,-8.128174615770112,-61.07151607911387
2374,4.653352643008603,24.610641447768156,-5.219630856076864,-9.493030161733609,4.740862249528243,0.7313045100780811,-36.77739895688995,-37.84387480250362,26.555544886404025,5.724326922921139,-8.186997536019271,-81.64294689634966,3.460116067526809,-39.080337125678774
2375,-10.264797014246817,-11.769948335630707,-39.43192674511499,-24.34738280045464,-20.154037046790037,-28.019901677783462,-69.37142082526871,-63.58812807137142,8.621983121943133,0.1988287470877943,-50.157005718393734,-117.21470588652625,-11.697815210369454,-53.89244413220288
2376,-3.382248026653377,-1.4349561297704851,-12.384028625231977,-1.1265330614665423,-10.477559151788414,-3.064952033375443,-53.08188775406493,-35.89504549055798,3.504037814420322,2.343372823820638,-37.21235801662969,-82.07353730037397,-17.19333300669658,-14.982290126619898
2377,7.698405652150096,13.420651698777391,1.3489927157458688,2.8901678868339173,-1.042319541311103,-2.8748776634014215,-28.37800973358491,-26.036254187503857,-3.139873902416799,2.4447581545320327,-29.55961674990293,-40.59620116599404,-11.012917504580175,7.297242565938746
2378,9.627267859253983,13.32778201817952,2.666204480200395,-7.524550800470584,-8.098286587109238,12.865903063723334,-25.764419884076265,-30.50045828895447,-4.38807659414639,-1.2437799625340864,1.3461250589382372,9.037748752095347,-0.6893775225519221,32.21459514181617
2379,11.349293488388229,6.104480322846629,-11.045811291015783,-24.27732843201619,-9.434517272772707,20.022723951872997,-27.23173640828281,-34.40857080732676,2.837322041965663,12.507718941494632,32.43913740353345,43.04955180035018,22.1852614077642,53.9395540055608
2380,13.45448747492468,10.324791493575146,3.5469312011122835,-13.942076369056807,6.175164665672934,43.83710575566621,-19.13911671996014,-21.305489065580694,10.566201674147026,5.597989364391706,65.4651836598527,87.78529387820056,33.786486364476644,65.77933243651879
2381,10.99163447755028,2.8653613994029685,-3.3845979580756596,-15.40581055086803,2.23565447097761,38.119390765662445,-23.9466358534415,-10.59296985561878,13.107254945203978,18.865165518780984,66.29366150380464,97.35644064368118,14.944038507080291,64.08359755128198
2382,20.271955184369673,17.05381949060346,-1.5672145710055096,-4.85457170909287,8.644582868200844,46.485062126384854,5.928549849972903,-1.3200581283475394,3.1220910854777006,33.09964227164454,83.68319342229074,101.09492615981068,14.6779610395458,47.5479054441909
2383,2.66408325268757,2.9813163377188694,-2.2648655153916804,-18.286702277859174,-6.06038796662158,30.77012138608871,-5.841118289851652,-6.171483030911825,-11.51248859651246,15.638343445620016,55.482904988864455,87.70253463676742,-26.384122090911774,12.316649944907242
2384,-6.58116766597396,-2.1955405942889827,-10.863423092068688,-20.513605563737414,-11.902527387110087,21.03044348287517,-23.46823713041965,-25.753228164683996,-4.5780760440568775,3.0259910892638215,47.04430733637008,84.31873283639688,-10.897709329001755,20.386567501374497
2385,-12.622244520051023,-6.246437546376368,-11.338970111136865,-22.590138173358273,-16.041516567118947,11.067985678309636,-29.93400691417482,-5.9314018774158885,-6.424850975721611,5.949949297610727,46.54289973400668,78.25394617016441,-3.505058689374558,27.778609732793555
2386,-21.165720990489504,-26.28509317459431,-23.095781603591586,-29.280040388801027,-4.287980398983202,6.1285571552981555,-10.77233693088365,-16.20740322080471,2.9946848557352808,7.665890765806661,49.54202905558465,57.49092670934441,19.535400387134317,33.987010196967425
2387,-31.32080091656881,-31.53253621776377,-36.297201662940985,-37.3112449936022,-6.009752351086423,-5.575513295707394,-22.3456927596874,-25.95025242927474,4.553971918317652,10.112439590886083,31.810530485817626,52.24155397984053,22.923003229565214,52.09121737651612
2388,-34.68317364475874,-40.71797859583076,-60.178966028519774,-62.02865366126566,-11.569598654374836,-26.87327462259596,-5.554207962616569,-35.05265968655991,22.052516460646988,28.652679030490667,45.1668118361281,21.997419784328695,40.33362209252663,45.624030063186176
2389,-30.142454020384214,-35.274164140921414,-29.696635580863035,-33.342445534458946,0.649240750433201,-20.05913342286694,8.567938119270448,-14.03487852188078,15.908261750878097,25.851265834228776,44.973659914525115,-17.40284015717525,42.85864742360721,40.81491890912528
2390,-15.308110576742784,-7.417938964846348,-17.669303332898206,-15.131685802202748,22.486807721343517,4.243476655497243,18.80460517834834,4.250532929167152,25.666110070361118,6.397963257659715,37.547618205477804,-23.48892144079808,53.328910983856126,36.17859299339224
2391,-12.786926179883045,-0.015374120296083538,-18.337657786836196,-12.872553528867318,40.11223653934026,18.641891385198385,17.535526389658347,20.90353180487109,23.385638558952227,19.376037890968647,37.92577477897957,-15.557625390795371,44.64815611782527,24.509108423948234
2392,2.047402424351689,-0.06572518326965304,-21.95359993962197,-30.55067862658342,43.86740419159936,22.512930021182758,8.885477208726158,4.131333513654231,25.28191073077238,31.58152398202548,54.41929302993765,-27.504487286034923,37.43866918178927,30.113387954298027
2393,-9.66039362777321,-10.21673582198403,-19.11540720905884,-12.806256680102242,23.00758383308932,14.262370024220242,-2.2542844063397007,-4.022161040030712,25.45336267099454,21.752379838914877,27.672299399294044,-42.65119589795684,34.52226327747544,15.425192070463924
2394,-17.263644990577333,-9.407761315691985,-10.648565083087659,-10.716468861900307,6.992069558541357,-4.073169476948953,-7.075317241348516,-11.243519601572242,27.887582581229186,18.28731646722486,5.524928413703622,-54.109460302546395,33.466970519718444,14.273615651554717
2395,-9.91672778005624,3.7070074916736973,-16.727781280647488,-16.272925373148652,-11.000222289602666,-17.406745409525236,-8.513145159524164,-8.931970687223009,17.86780555640861,12.85281775501877,-12.353742392717598,-68.65016113808066,37.82156496861329,8.46663927180614
2396,6.952804248300051,21.03314182254732,-24.47951372260575,-20.35846441381065,-9.208548719014402,-21.719165990837784,-13.494791800927704,-24.56367023785462,19.275789129875005,7.312463677485201,-1.3371228969178937,-86.99249043925946,38.656513997743495,-4.685829724686401
2397,14.107187686438218,21.66524072932346,-7.995373128197836,-5.085141085813862,-8.189057937343579,-8.989886116289105,-19.98864830156511,-21.760256589221324,17.449308917164316,-8.442775036664857,-25.411257192602672,-92.41647609989893,29.024578714752906,-24.7679187415614
2398,19.243203687361646,14.92984665773123,-3.984659022506454,0.7380447820518299,3.420453689107603,11.855538383058057,-17.979144761838594,-17.052539103203788,18.969890169243016,-5.013410243135543,-0.14198872755806757,-56.79842220210085,42.83091568698197,-6.217397834825453
2399,25.73535893308476,28.371546090257283,12.734392660602888,24.90290636130083,15.163538449803237,23.052062672210628,10.536096698916465,8.613149806638809,25.728549799980055,11.20409912379618,13.356094108753368,-32.25739885896767,46.48441804294528,2.9080286071480406
2400,25.97277333409683,7.262100046622332,-2.544290544059443,-6.8046535402482045,6.075643297111071,-17.4241232827759,5.348330335391438,-12.218434308590094,14.714780303922446,0.9681173198674522,-14.531540973146326,-37.7486167854701,15.536130136250232,-21.696721979538825
2401,37.88904449879882,10.419888941907026,5.368030855649895,-2.816391279594913,23.303818039101078,-7.004792098835472,35.601269017150614,8.473491707303115,11.526190069856595,2.1629876645123693,-19.33316382869143,-15.087918761229206,15.037114323810497,-1.4650447037745857
2402,20.33579281960359,-0.07579320140135248,-3.1123185156029067,-17.885606099399364,5.9582166425339045,-13.046691718428109,27.64583536874788,19.08290183674124,1.9285441392548976,-4.038782134485349,-33.93497142451528,-5.708568366545704,-0.21804050315155538,6.958469258838381
2403,20.917019553081932,6.6261843852411975,-18.891708382196168,-7.028382754329254,10.317553905258938,3.851951205175183,38.532527229784655,14.638074322377705,1.8485910064422695,-3.4611756863836867,-28.43059151641322,-1.2549929306878278,14.17893975732237,21.50505603584121
2404,-6.8189633601888895,-19.137966637173278,-33.214205652930204,-33.96557827884855,-1.2848237859668674,-11.720803791363434,13.396764777822511,-13.41773020046152,-2.5880976034303806,-3.424004980084924,-51.122457185998314,-26.33797554414282,1.511110884907147,-9.947639824723307
2405,3.0481478243142015,-12.473195375943156,-3.89356791636653,-6.335771421172845,1.1698075489579067,-13.175573991064777,29.072665415942197,20.212635671584973,1.170709404975285,-16.516004763874385,-31.729061755626045,-55.172796685267365,4.219531157080883,-36.248121233402216
2406,4.856564101149092,-7.852391507185649,-5.5557392884063965,-4.556438755333561,-14.247080327498349,-35.086604156178055,5.964725788199024,-5.51698203037416,0.011695699973927868,-30.532262695874756,-25.53086137897691,-64.40121426598505,-0.8949126191200888,-65.78286865626313
2407,30.379039742526842,13.982806528934905,7.242617861355864,-5.80189006360321,-19.14728985490331,-24.07862869878517,-12.202025552725866,-9.697431850020722,3.228267670905433,-32.29881370891599,1.357678670174084,-48.98772980587024,17.474698327046415,-38.68961390425805
2408,28.300643492313938,-10.720813251125776,-11.93569466397114,-17.954497244931176,-14.936513483702464,-44.61231964326758,-23.28530664418466,-46.19726368858508,-5.456226732939013,-34.61509827146445,-5.1713564028376275,-52.87016199891563,4.805996473332855,-32.337349564166715
2409,20.229450063799128,8.729662980978228,10.188579346491167,5.62651209842644,-5.081755917848532,-27.788548673323117,-0.41136958326740974,-9.189408130889742,-0.5131564730287262,-12.588510822043094,-12.909446532465795,-35.01609395674088,-7.077982318942893,-17.93627918771547
2410,7.293255991782554,-0.21115441596719187,14.008655681019164,6.099700426153878,-19.99546384693592,-34.792324848627835,-0.7214085367444599,-6.216404026473629,-9.882041913319442,-17.369107437362274,-35.33391298572675,-32.634743480192725,-13.924953168811166,-23.86546742017301
2411,36.26097174036374,7.0697500853087485,26.048143887573527,14.654132406309369,-20.99332937346278,-26.62617218711393,0.20335821022247963,2.4850047504880326,-4.800617402384285,-10.212331038868788,-19.534610182170088,-15.607556974429286,-7.075542147584075,-3.194958127813335
2412,41.839114792609315,14.225950599591485,37.086656685720044,39.38110039930305,-26.37665257747104,-22.199672565243123,-9.468998726794894,-8.90476596345928,-13.849877554326014,-5.01618563011162,-40.38125592789183,-31.61625674581634,-20.12546840359174,-1.2242748439182405
2413,41.800008484235,38.07463339967701,51.884665712694634,64.36306527311575,-11.13393946678739,6.017696874608752,9.961656038165739,19.102078187427644,-11.68564643346967,-5.661809013588295,-23.47193999137125,-19.190018319321382,1.5951439136489087,10.323482659483814
2414,62.95695288906526,73.75610853602583,73.40166911156078,89.24281310120939,12.271692904745326,21.138174724388367,42.92939288759283,64.10882133121059,-1.0419442879469767,3.7764904337321905,6.864269910294829,9.50017997185478,16.655419581494073,45.82618270448548
2415,60.13275311508979,60.39148515157596,63.39371459255192,78.8695787512001,7.9689652475886,21.868521521155035,35.67496069660811,51.2737600071315,-3.0890769457639418,11.168438570570242,20.191326180602214,18.685273876189708,51.62342501520505,49.75837935083866
2416,43.362198125227714,38.69722906412855,36.20335633921557,46.7768138927996,-10.64108667533955,-13.760517513266068,-3.608476604156852,-3.4903347385917876,14.047127958631402,-6.94539843719712,1.039580484132316,-14.377595870429348,33.46050642718426,18.61288056045815
2417,42.34128425614148,33.687238643498944,42.37108101591949,56.15095377319002,0.22054708142617052,-13.362670444167767,2.1935182341285864,11.064012365030113,-1.0309584730830608,5.558202569770576,-14.390642375075778,-19.45290396516812,36.01380804997898,37.816451416502645
2418,44.22765203262713,39.921613189047925,43.880106336305424,43.03572073873486,3.3869558077280195,-1.9102797899245676,3.859519461026703,12.32738620446382,-4.333922940735918,1.450701605359404,6.244980730790843,-5.590314454556059,33.4412291145515,35.94695979436933
2419,55.849448971086986,59.340087455174306,57.331344825162574,73.40666347108976,29.519841619127398,31.73712945821725,30.904444674716423,37.98142293352387,7.817491759402288,0.17208974051801018,27.997540671008537,0.6264003038217897,36.63043540054195,21.85520157452084
2420,40.781180557075686,49.130419019161664,54.831669527462964,57.23518066503653,24.355951646376003,33.07237927000248,22.30533814681283,32.66524807804896,18.30779104821727,7.047827120201218,34.59008910106424,-12.513782083747767,32.776891432849006,-12.746587683575001
2421,38.71465629325404,46.95722870503669,36.860601418546516,53.88263559141713,27.336405653845894,40.05758219928275,11.730786347496178,35.63857936732067,10.831569064865286,4.056633443371464,33.49598119971908,-9.760590510867628,23.456461324874393,-4.920600938214796
2422,13.77623464864219,11.811472634168622,24.240846484894366,38.05700913699953,7.749687629526547,13.342541645942115,13.175399012816973,21.5870718957319,4.430452309844676,5.249300193001452,18.343747646266685,9.336505405355219,25.176034955535513,15.341927911187467
2423,-2.874061633442969,-12.688293085913957,11.581538631255953,25.55195823303164,-1.6660199672985843,-14.695275765318623,-0.14152577662849097,-7.567155631096779,-2.0616128164082674,7.888731586514638,23.75904812551726,9.344906453004848,29.0374167892697,18.976945414094565
2424,-7.584030425870513,-30.107960934929526,-0.8823292613978628,11.359502528212385,-10.864013465245922,-19.125404927333125,-11.199872193985852,-22.528233324741887,7.030296537092512,6.7013021277009255,15.224840841944271,19.706627654894262,25.313180812993,26.575201722718898
2425,-31.499336530739242,-26.97955447653899,2.193057566705831,4.482731901036784,-17.72352972457966,-16.46023851135372,-0.6474218836424274,-4.735981533417856,-2.8437234721441,0.03192214210943234,22.28172290675024,32.578441115265484,22.377998344027393,35.33721369358544
2426,-16.123496493135796,-20.345469272826403,8.749825302571635,5.409603199016976,-13.920102837683027,-15.018050422123915,0.15560638116213404,0.6199053902089693,-1.23204039403517,1.5113949724491882,8.882377489389011,29.840726246537102,21.767514511182146,22.655311594551463
2427,2.588342132488231,-4.00206285163496,12.292553003924574,12.711881535105004,-5.9919413372803865,-10.236225267912046,-2.4112270284346358,1.21600077915028,2.0654251571662896,5.79429873979762,21.40910202644517,21.600788444700097,35.969419689894124,13.213966093957906
2428,7.562716216134374,1.6476992119784635,24.977802038709694,35.679736400244046,0.7827451044349698,-5.4785114599875655,1.2665907029811418,15.924931357726274,15.623664340298186,4.639865860035309,30.938483840057586,6.877930341900545,27.60441749933618,-9.220769173754626
2429,3.3357990101831505,7.881434387649127,25.15198152065777,29.51082815893183,2.120875834925471,-11.934493052739892,3.5404901649272955,7.460304801629033,15.492050848595596,-13.635178215015621,38.904003060344664,-12.965955706638487,13.638530774836697,-45.939699992637195
2430,15.95477993655866,15.690557115766405,28.035678735696976,43.77577085770912,16.386228796593663,2.435259566553825,14.590883301429894,-0.7236877029526451,10.908927756278409,-7.121259292295985,38.22492664860959,-19.09695000701186,17.8709338506411,-48.39476375457732
2431,10.474969961036102,12.414873164431613,18.361055574568823,37.84145127362854,15.292640252637911,-1.8473575616487572,5.17367699045256,-1.7964230578858476,9.705419319399518,-18.056831578600818,32.20419901494891,-16.05665621720394,18.520698838587464,-54.639908753583796
2432,13.71798687759307,21.773545796645475,21.92253342850097,38.37289924559243,18.268140133521268,1.1484706148491255,11.978673913719549,13.465465787183444,16.46616927578845,-17.358320966587666,18.735819191601262,-17.953902387837445,15.206368130468928,-57.47544545645917
2433,-0.464093952068016,-9.77261330151429,0.7793934989508635,23.289798212626998,-4.6348780476737765,-15.810024618371243,10.77593808946836,-3.6472844101282194,6.11564500327908,4.109913614381626,5.590388192224584,-14.70292275607883,0.8111242880290211,-41.14288095654977
2434,-0.9064067071680069,-8.225782605398809,8.59197390995437,20.21457368044382,-4.603683901457643,-18.309761111254755,2.1121943824189464,0.23313469247639063,24.086513432559865,9.578866323159755,6.264987914195763,-21.331038583243057,7.305795631370926,-24.208433012641077
2435,-17.394503066746022,-22.783909212892294,17.09002253478865,26.807944890048628,-8.228293611396348,-17.49101901646436,2.2282232317048747,-10.07401789596668,13.76492968951755,-5.466882430296436,-7.266016067902857,-16.69419817342303,13.349668714770745,-29.546385831205114
2436,-10.257313268531767,-21.017794311225515,16.86693174384013,25.96770382121995,-5.969923907990075,-15.333198101024658,18.72624922610341,14.624650431990933,15.359847027364117,-1.6236105189078742,-5.450375865148461,-23.336101851162294,18.179949991623594,-24.28866027846599
2437,-15.82697405390536,-19.495317323987585,17.05807524150695,19.201111110141547,-0.8058872853010497,-7.821580656325322,29.06762626010276,31.089651045840686,5.613276249561102,-16.210955197386635,-14.882949305770588,-16.71651510756665,-2.737806135625952,-32.55642623093349
2438,-16.175815659608656,-14.789690495089259,25.003108503385775,19.290756884081382,15.664533531078337,-4.356607085758559,47.62457254864281,43.56573019637798,5.922851410607104,-16.059134747794648,-9.24331096617311,-17.37582094487915,-17.554773647322445,-50.03290732751671
2439,-9.374557617689117,-11.720125134217978,17.097248426764505,20.803681187005058,14.132076828723672,4.307676568708232,27.797837431771995,31.757211539754405,-1.2730835466121444,-6.301638402092214,-8.738182813015369,-16.776123124871145,-25.1019576111114,-41.24214897216321
2440,3.369858317057025,3.0229279685182746,18.238596167253213,11.491293141754333,12.43224499416649,6.485133324917693,23.89554684390769,31.87130713894092,-4.996453285760246,-15.773464809103794,0.8465070568635529,-2.3625616483186342,-25.46917042221747,-23.353571718861428
2441,-5.972297124503942,-1.8769129582663235,8.35966770383011,11.420098996184663,-2.762913437498422,11.44585360282825,15.150435481580079,34.331071726669705,-15.961574867485615,3.594920001807593,-18.79704359373632,11.260846806466548,-12.568556451582053,-10.978283800398659
2442,0.8610797125820997,-5.455014147116206,8.371372530663384,-0.4966425185998493,-7.189818990594218,6.757273444442624,9.071800501419276,18.361404787531725,-12.383679361282143,-1.7753178836290568,-24.267513718290513,25.040803813805315,-14.617244553776134,1.535053016593482
2443,1.8479574249861836,-1.3595045743436622,26.300934988448557,21.471329323167893,-4.709945678372218,9.635386277514028,18.908389233384053,41.58154663486225,-1.5900888120222827,1.2078321266008583,-32.64037082697835,29.043963450116344,-29.630632128788086,1.999971974121832
2444,6.272604479494142,25.294423796195705,31.013478906741796,22.087463178348695,12.1759911901891,28.33828892581756,28.842428108190404,50.20255769696054,-18.04051331940455,18.624349916870695,-28.98002635635406,23.92518595984584,-34.153677184292526,5.918018051457214
2445,-3.363591178366136,9.620451299954652,29.63938315716304,27.405837568813965,13.179142637389832,18.997578053995362,29.352200884297446,45.72280669411799,-12.402276979845198,7.978777342709048,-3.3217639647242816,24.50044733495215,-21.1516504210575,3.477496004699006
2446,6.783061025859901,17.32281195748026,10.315350094562016,18.52272613041867,-7.053104287857934,10.853524281477718,13.360315739488067,21.32755141500711,-1.805486897198067,2.7509445860884063,24.855003318768162,33.92478803703671,-5.8952284080348,25.028692008370854
2447,5.4568699554733575,7.800301235818376,6.671629832008478,-5.344259526518807,-2.3845879471798286,11.332205811041009,16.51335653801287,8.494497780220701,-5.3273031117248255,-7.742177242379578,13.310286375016837,39.267966810756064,-10.944727140706977,20.864631881644993
2448,-4.672545416229174,7.93092680373911,-7.057056080431494,-16.28040303999071,-9.77302856254185,-4.174955024150581,17.06146121936279,-0.4106385962602978,-9.386956121966124,-6.794041760612245,14.122855495318644,38.32946222399366,-5.116178362480157,29.158429405160835
2449,-9.137545477051114,7.7885826400679425,-22.78290403644804,-30.7853193647817,-9.61731260469961,-2.4224515547592214,12.847448893591515,-0.3485673223831977,-7.427830056128037,3.585554547977675,-4.746206220822776,30.670997771960245,11.442285878589656,31.89182650126675
2450,-5.535801575934972,-5.73412992081712,-23.751520204210426,-18.056117595263622,-22.89228767004632,-17.953150753189586,-0.3431303159364317,-16.24754515850817,-13.107898831424839,-9.582972819686642,2.0230572695785334,4.062419470165379,20.057751689179476,23.00032730890643
2451,-16.973942726060404,-3.391235292222437,-32.81661136044191,-29.836599617672025,-25.892660277642435,-14.54111402240449,-21.10714752721085,-31.551495020956715,-4.90389493508701,-8.641744104519319,-21.65812922371734,-19.950241453301317,18.29676603739056,17.954718632877952
2452,-15.86147288441395,-1.3412445360448555,-45.682870504711964,-44.324546269236244,-18.45067637543264,-4.546427131425782,-20.840829979084525,-45.47064873305128,1.1750002296082718,-14.665897915195082,-29.50854143015779,-33.25709260272093,18.36087631840966,18.219351647574175
2453,-14.66590284136111,-5.000109052116793,-46.88816332948408,-51.13629839330116,-18.404038223489962,3.317760671724072,-18.07681080172702,-26.447101831847267,-3.2493755618552593,-4.509024568681742,-26.060293139597544,-21.097283079786862,21.396064440569585,18.592198140384667
2454,-24.90310162088953,-3.4434785628422655,-44.772324807049394,-33.82284311147553,-26.064281862821126,-9.714453245538595,-14.090998083686316,-31.843614910519,-4.56178728950495,5.096478615583649,-32.87893260086181,-22.516761149970492,29.830497468781473,27.009363599303377
2455,-40.869371488224864,-26.49832719695911,-52.93108117652307,-58.69452931594436,-29.65817613552111,-18.02625588070892,-30.650006365598806,-52.71539647370912,7.172659131242658,1.1278220854535501,-54.73815734716335,-48.677124125548914,22.726112678855422,11.610554599941723
2456,-25.87352350546556,-14.940084720250468,-43.84898606703217,-49.140602153083,-16.315751275552092,-1.1342016913014146,-26.26147409531848,-34.638842299549324,6.663838303499216,-3.793679000863194,-38.977125106866424,-44.74196001333927,31.95100376318213,1.8788607574350733
2457,-21.0214941414894,1.1789209234685978,-32.20524568035475,-34.11462175456906,0.22766516907013767,16.8935422057771,-21.338717035468147,-15.846304851327972,-0.685394197713188,-10.562111120316317,-10.990353281353677,-33.95835469055604,35.55287921004862,6.829952085936585
2458,-24.812732798851048,-3.782569850244389,-29.45123350413456,-37.98966845920712,-2.8913302373380634,8.786428041450618,-28.0878981481367,-39.48316960265341,8.411610706374264,-21.411984556915126,-12.890488454594962,-32.518527544002445,28.29449295675711,-2.529627552448592
2459,-18.185963560955706,3.9085238200128067,-25.68257300351822,-37.309064138027686,10.962716461306423,27.868355124250773,-25.547286105223044,-34.0715496108053,0.46471311248282926,-0.8998043949699507,9.125157451294534,-13.364622898723773,33.49735539763569,27.779123465744007
2460,-23.766166448430113,-12.221643338437092,-27.08404060433227,-34.82071175180514,8.132769707254017,24.564744173568275,-19.2522930067636,-14.35721521712856,1.4248559493045825,2.542784548965918,0.10936450475732418,-10.928106125406067,31.021200905049007,34.903758571173235
2461,-23.220321772637423,-1.656559349084806,-12.942468492553287,-24.35900684119551,13.1356323618008,7.391736715615919,-23.382244384623764,-17.363095639298983,5.745212462588666,6.14761741600656,-8.859608188682463,-29.19779110741071,7.177271218959013,25.205246259068964
2462,-31.21306582732381,-24.941026610819335,-11.296725588928192,-36.37545911981528,-0.9163062433969181,-14.22093269463275,-29.38589161458982,-30.989802527548697,-7.947694561640218,-0.6173512798635326,-28.19668243383704,-51.49929522436756,-24.71127051202349,3.409759600058308
2463,-27.129128537249287,-21.930989670449343,-17.40189527014852,-35.48398324105977,-3.180765324823374,-1.2380596615233297,-34.48026347368383,-58.036911925869006,-2.5989892256719256,-7.869111218030117,-33.82572944583922,-50.9931216329766,-17.04728566516232,7.082470778977721
2464,-37.52492659604314,-24.318448144757816,-22.877767173316958,-39.345790562542625,-7.446596824059855,-3.2824083844894796,-26.003150708715065,-32.00941178934217,-7.000795605585871,-5.037370700378064,-44.53238733307558,-30.945451259875068,-19.2494190602811,-1.6708093295430755
2465,-33.101935201833506,-20.969996863279942,-22.081971002572384,-23.968326708888203,-12.474076177456734,-15.629391196599176,-15.554506016750286,-15.995645424524819,-13.104168990320085,-27.614570047170062,-37.66079992925803,-27.76898004832479,-49.8505175068768,-20.222284572183092
2466,-46.59082053763451,-33.53166266796834,-11.824035235483905,-28.18190441610904,-28.48629267401019,-31.109681079175466,-26.4032657825829,-9.831714684264723,-31.156084085173262,-30.40968527139771,-38.1962869595732,-9.436556254284811,-64.92478570608003,-39.61580255640086
2467,-43.472117993534745,-24.557718912381684,-23.135779971965395,-30.587337404951658,-29.91203081547615,-32.162446045619234,-26.02667525728348,-10.20139079786875,-29.577529889864092,-25.828047358677324,-14.80662963987687,6.797649657121744,-63.92231138100748,-38.09814893328252
2468,-46.098552861025865,-43.17044732025595,-19.60715229505274,-31.368863431075923,-29.304222463110566,-35.339696219452385,-21.527051720934963,-8.614153234885062,-31.92799485924884,-24.23810785195695,-12.590431881658317,25.504281235026085,-62.49908743199113,-50.587914132566674
2469,-39.67379002239511,-35.14901033586849,-8.09114841357257,-9.799426576026317,-29.515667825478815,-16.630948236170898,-15.850837469931408,-13.214171309054342,-24.41613754554628,-28.310242551289804,-29.447981314087958,31.77481837255944,-69.41543790666013,-55.68683075982144
2470,-55.92396076351909,-48.370596074203476,-16.170412970021534,-20.912061753347313,-46.606913853616845,-22.205729550765614,-44.268772873696996,-35.83505818342712,-24.658916066194863,-24.400559272246962,-34.48946270712045,20.96357861404832,-74.7715066829623,-65.94168970293636
2471,-49.591970068781286,-43.60751009140019,-18.782486160951702,-19.69515592220708,-52.62551171801961,-12.961607587716149,-47.311210356662556,-46.55255155228135,-47.800670085827015,-25.691303524468307,-64.24754741033851,27.929344881587358,-88.42536361434419,-59.32305781783281
2472,-57.063017716759106,-42.839964648543514,-19.60287260258667,-7.548581756727987,-53.1745324913675,-16.162966235420882,-53.62554042104157,-31.67153125129475,-32.88636176386593,-25.377928297911563,-90.48956047962591,25.739119880009238,-102.78051144964776,-67.33431681765718
2473,-68.9855032700098,-48.139816237283384,-14.503349602425438,-12.175075249613688,-42.220269722907645,-18.92409577134506,-35.40166586282587,-10.988417090051309,-36.42462741374371,-34.78312915121964,-103.81574522516974,7.683803846447235,-100.03960355699624,-74.23971778889542
2474,-62.778239945668915,-40.228730241618074,-13.5690007817486,-6.5677839819588035,-24.4922510956062,-13.344205034382982,-19.597887586912748,-2.787285054424725,-40.28588455417731,-28.423008724217752,-77.75557855625468,-13.88577189325019,-107.46265755915776,-89.0699594920413
2475,-35.462920753029984,-18.94167775263648,-0.10403719802524829,2.2749843804363996,-13.60722993687248,16.473882582708157,-6.509175456556673,3.0535952679515246,-30.514521541971558,-33.67736959756756,-68.01776697122088,-23.542171651709747,-100.6265469301758,-80.08756067974959
2476,-23.743055715611053,-13.728010673438451,1.791969957553114,15.354075559973314,-9.078910790672492,11.768493161301052,-1.4758391231003176,19.221266803950595,-44.4936583857472,-35.64233600482022,-77.22334999083073,-49.45308660070998,-111.56020522583088,-90.37070710782676
2477,-16.636935297350465,-6.164915426104865,11.074020607905211,9.731628942377165,-10.556907449253494,1.3803408301983304,10.087646401051725,16.427928551416965,-37.5656917481959,-43.112967479210035,-57.477194970696964,-40.417758439354394,-97.53936121386647,-82.27915249465674
2478,-3.7442568387184596,2.2435021573265956,14.178489957343588,5.303789997191472,0.13421903027160376,7.884837845178274,24.185124712080192,31.819624974706226,-34.54963879832658,-38.162735474215765,0.041726023941270896,-2.3735004950689924,-59.16775499665172,-51.324684692352754
2479,-26.96487088747476,-30.694527386081973,-0.9188996990757089,-0.7275678997231769,-5.603283965487218,4.7409865661587105,-16.592381945113647,6.14898608027804,-29.416041939967624,-34.70558471167084,-15.946706708279908,0.6608843578206616,-75.28688110069842,-58.44373448043472
2480,-27.0183523530588,-38.78881468571858,-6.922752705099755,-2.076685102114494,-3.3667109013091956,0.7175024463939993,-13.449385312924466,3.9870698833456664,-10.507342243350134,-19.426856697315507,-7.743426106758887,-0.7487417045299973,-50.01120516724214,-48.31507573697881
2481,-45.85478282617037,-31.312642076283897,-15.634645220786219,-2.7326667348928533,-4.456689385347104,4.701206438774174,-22.307437838462636,-10.441095627731347,-17.691805919350223,0.4943947194237186,-24.6616694028261,-9.670250580553626,-58.94276074606283,-53.086999228552365
2482,-39.56244629667968,-17.18461015588231,-13.837623139777305,9.099257111563205,-5.381626421252772,12.21447672472191,-14.693210266051265,1.4196686354863175,-10.475079775583863,-15.877221835753563,-30.684415024115204,-22.548449897580582,-59.525870290141,-71.06878363676584
2483,-30.936512958272708,-7.442868589313067,3.363949016030986,7.056228705280193,-7.204283560436148,-9.578225086082606,-1.3616302652524237,-0.25605009686509456,-8.709628292235172,-31.50655581309381,-24.41940101510459,-32.584083743750476,-54.88355552116664,-82.1642602085985
2484,-6.822278596757337,22.320805449040655,3.678315065203071,16.66139635570778,-4.7845525885228195,5.132614055419281,11.593312299572824,23.35407546343425,-6.681643345089981,-23.657551705942428,-34.09226720065492,-22.62317118030543,-46.18396640298148,-70.38564228048241
2485,4.286292209724434,24.562590279459002,10.528977793116278,-1.7984899569539454,3.421237196079582,5.611850112872446,16.754157689679506,24.40333522843381,-6.296325702802069,-7.766200771091894,3.9870609364610448,-13.786883041975987,-26.22554792751951,-42.060882498502544
2486,-6.529589406981293,1.401617076816222,-7.352572387462288,-5.478285991518273,-8.049858683578742,-5.547161263068227,20.187886493916626,14.239637073515246,-0.7123727094461779,-20.348997202777703,13.676701003637103,-5.3611972027955765,-9.866564868961055,-26.17253655963725
2487,1.839568507209192,5.396371710451582,-5.62045326726589,-10.133530289134182,12.494901501572546,-2.0992239546240063,7.952804301187297,0.6765777411721423,14.920161808200243,-5.328113222613863,40.18919382519779,10.429089489466193,8.903008981442573,-11.321595264081019
2488,-0.603998743862672,-4.941662048751118,-3.2634470117050927,-5.109248410986304,15.960739098003684,4.060385739734604,-1.2297989239729692,-9.70804923610842,4.511574094692304,9.540465500861181,32.16579346939515,7.9434893666571735,10.70180878141643,-15.307742674060881
2489,12.062613423764958,5.750338992140127,12.649328984317679,21.66475758242952,24.011248252239184,13.186255960102459,13.190691309571625,10.401039534538203,12.475950095067697,-6.40797828927386,34.2186493829533,14.125547060596546,7.660939069614784,-22.80475095543809
2490,17.509544268444753,-6.279730077421722,10.90405225572966,-1.2931038730651634,-0.8589068403493101,-25.25457631286043,7.083954552161747,-7.130293281101748,8.892475750315263,-6.795223695256311,-3.9825797707225057,-27.603868603854647,-2.9687990814114076,-47.931274428944405
2491,10.039478999442842,-18.163410366777924,18.260570129538877,24.03073243702699,4.816892574105633,-20.38202489621965,10.181599788884482,9.776580255752874,6.530335066124416,0.8378084194172528,-12.835927924387112,-21.875940636989,-5.651192482648498,-49.240970266455086
2492,-6.464852810613893,-32.08065845720445,-1.1910966991097036,4.949010351513891,-12.479617160389228,-28.412568823700248,12.156531957364326,1.4486958113322579,-12.117682836931271,-9.336371646590981,-4.309073802445646,-22.23279092129087,-14.78624408651627,-48.0579963122352
2493,-5.001573178978789,-32.84726887859587,-4.541153650368531,2.05827105131826,-14.828827659218605,-21.414795776155778,9.68661072041929,-0.04792322925153698,-0.6200529795764972,-4.505371458541691,-20.48005303824712,-23.17171799673611,-15.503623910380437,-41.81213038765345
2494,-20.99665347067589,-41.463200457363676,-16.42249615596821,-7.17010851867193,-34.53529741972717,-31.964656366138517,-19.61001711961592,-7.770468279264604,0.3731565214349482,-1.7421805504162,-36.01070716020319,-36.75129839113035,-31.9059520724086,-40.314063423712724
2495,-7.3932916034563725,-19.574039213129026,-11.988689914935255,3.2934642731854353,-12.350819054153973,-28.207602000537253,-1.2509728992463718,3.390821449819312,-3.6596840756148836,0.3404891979462401,-25.383070642442203,-37.37599162511162,-15.548068813487298,-14.298331961223893
2496,-7.3436803376717465,-2.461651929676644,-0.06908676517877395,9.25514652083407,2.8769233032244754,-8.177717204164532,14.238096733922243,26.513492891170557,6.256428786362339,-0.313190567339511,-9.174060136252807,-20.011873368590862,-15.476575627398715,-11.508005261966288
2497,8.251630717290888,13.993630545214549,-1.3507282656487707,11.409880248033307,16.11555287866585,13.170173624789172,10.253446042750896,27.34999445707603,0.21758508796409348,-7.285132766935837,11.236200285540066,-11.225124697305827,-4.267450598722085,-8.811505990186369
2498,9.384036431665224,2.0267543944353625,1.877116186423762,13.228370063818044,1.7951866054424261,-6.081372313728837,-1.894103087662652,-1.2120615797312866,12.52769001950031,-5.607021489883112,4.533960748039008,-20.382116161707113,-1.812308192457414,-28.09014272762679
2499,18.34320074364031,26.405511871091562,-6.738433786845089,11.313336110714351,-2.581891032989803,-5.085491924899239,1.4464395612403576,-15.565021966779033,13.51586119539418,8.875209515036477,48.2744933704666,-21.155230979685186,27.512933895519378,-26.48126514921668
2500,29.11705179831823,30.044372519693034,-4.310221930143513,6.987296712899634,1.2892811207082202,0.27502490119815903,1.9668584605393344,-7.624484242445769,16.077843839570388,-3.989277776064095,65.95712217386,-6.295708271346604,60.67728370077774,-7.153722935127262
2501,38.11684806155362,31.56534039515441,4.918274155068761,13.839203743784747,14.625795250355043,20.26019828477454,9.677992438537325,2.373696028051105,34.07491355022799,-12.167807556524311,68.28435527848654,-13.400067679122174,75.47761535598796,-4.059845451828067
2502,-5.821330215493966,-3.4591245154408057,-1.7231918162279554,0.5157098291377249,3.753662284164464,1.0138927670141555,3.2153836357909475,1.73009726954708,16.151846224680384,-2.211911418790213,20.695574707852657,-34.32505897718752,42.14361452610675,-27.63649154075936
2503,-15.557647547271655,-13.014150185006024,11.209738465552334,7.003424335791124,13.337045127757582,0.7717856417546868,16.497347088714,0.8534090768648854,14.837315407502507,6.331548075123917,-5.424218351542557,-47.05363674690838,38.668008875173186,-15.946481280018968
2504,-7.911340453272572,-12.556190951256102,7.751951672240029,2.8292646932295074,9.167788533145348,-10.070257311688689,-5.4613281835695675,-23.02304403358642,18.325559295115458,8.144076345971959,-10.431911172892754,-53.860690959805396,41.03279252945522,-18.77060982266503
2505,4.184280107783149,7.080257083834791,4.473630441644013,2.2356476402024903,4.844782397650886,-22.93196020325032,-12.151776480443095,-30.33913411598611,19.135482132376165,-18.451092605708588,2.156249271611271,-75.89537838583057,46.47985105196774,-38.462865408599114
2506,-9.927477623345295,-16.58159265315672,-28.455699314342755,-21.41573297044005,-29.813621071931895,-44.865061944772435,-39.00418842725344,-51.62932592438649,5.837091951735325,0.6726124895453065,-20.162067122413312,-93.4554399049281,27.68524974621948,-51.67138445694748
2507,-4.999024136173162,2.3059959835323642,-9.166947648747309,-2.670090029575103,-4.065114915592943,-12.040235691956344,-17.72229846389914,-13.546909526355403,16.95661062957996,10.752082651880695,-7.974279137731456,-57.591385551851005,38.42655582463776,-1.276718474461161
2508,-8.547099839266442,-9.523987739986733,-16.779316346605412,-20.09895221566865,-20.788217773774385,-13.00471093143494,-30.68039343114277,-28.070807207037774,-0.20740323257402574,6.236888328169725,-10.624345464811158,-47.903210080516196,26.55903399057707,21.997943979493893
2509,-21.419754788942107,-22.188191150386764,-30.63010392197087,-36.73447714142504,-14.665499085704518,-4.7925685012672075,-31.754400607999877,-32.26926485216293,5.79535101692078,11.118727290661718,-5.960527946701895,-43.550879347887154,20.789376028045186,19.53289841721943
2510,-27.53259521439738,-42.88762989521085,-47.06096754500313,-41.638741109588516,-22.80739796678344,-20.991726811852402,-35.891898600155976,-40.19744821072425,-4.071560829799663,21.094534389560554,-11.50754992401319,-46.59173697128048,13.160467085456734,19.093673241396413
2511,-16.98941699444573,-39.90617158835833,-24.211086393210213,-24.607599184208414,-8.258309980478442,-16.008493806692673,-26.780113042520792,-16.353782137341717,15.538103858909812,23.436274500285307,0.5954916485905124,-41.98854923286314,18.482676303331047,18.909936884720505
2512,-23.595901805738606,-43.00556206027295,-36.17258256128484,-22.59563051066748,-15.707857646773066,-23.706869693214944,-36.57003622428927,-29.22392604372928,17.355081978313947,-1.7397969375154778,-20.70831330245912,-50.89100040455831,17.04434752830452,16.465711005453723
2513,-23.107293916179376,-42.43825813006543,-30.66128529336345,-32.18090813160576,-14.29264619795385,-25.150193006709973,-37.80725379809193,-28.69337383511344,9.187135699198754,3.5152296033433297,-12.48528363692418,-46.98034420987784,19.949441060819428,4.2344375012881015
2514,-30.799370427746755,-51.59635238455896,-35.818805716160846,-19.78600597033229,-17.07500332673167,-29.887877962634857,-37.66075447223157,-47.520146169000526,20.094463477202293,6.25479369523626,-2.4511415665940897,-41.697210532244824,22.609811980533593,6.160644536605642
2515,-10.712359501311186,-35.73370090082809,-15.443252455306231,-2.8887154359464375,-2.539052436309531,-17.029128794383787,-32.61048134592373,-19.238459358427423,18.429525268651084,16.31115844478187,-8.718634401131357,-25.10616100084296,12.15210539656444,7.959578199930692
2516,-18.124470713085046,-29.107704436133872,-22.128859427004798,1.2552259188950268,9.636603884458253,-7.844008243379712,-19.28755350653856,-7.762843330536464,27.37312272988058,8.523724828304765,-5.195707196614312,-13.768877698438217,17.04196741946395,24.46392759709354
2517,-11.515370735336054,-28.524091613078483,-11.186162417710884,-6.522780272064726,21.720843197232302,3.609271902897927,-11.97592589593171,-9.213608306096464,11.287155200433082,0.19576823910386398,-13.495146073601003,-15.230355531049367,18.486424545384192,19.58669514558496
2518,-22.54041622564283,-23.48698878696144,-4.348066049162017,-7.330518464563669,2.492305035247057,1.1416135767605993,-15.346860555290734,-21.20736373876662,11.682612098831063,10.915987989203117,-15.968206084328898,-11.772654787872172,19.214224085946228,12.040081871062263
2519,-4.179869139064648,7.050618610340646,11.481895989495976,2.0539179721461926,15.555509007086282,32.740861131625465,-17.889134402725226,-13.282232827367556,-3.6062484920825546,7.210702042871835,-18.211504733330404,0.9456477531392325,16.216356575468097,27.308551514392477
2520,3.424205222647246,8.771835625719383,16.368775737501508,-8.525871132492991,22.342702909995236,51.99527113630912,-31.87178420583498,-20.349098882563982,-2.633813127561839,9.000577299457028,-31.067778932116802,-1.3535210884730289,4.159884321406587,31.659693839894256
2521,-8.230708588010945,22.210151385954433,12.772741806842497,-4.4913113689321085,26.447390399935085,56.522394349856775,-27.619443415758145,-12.940856620974074,-3.03228720549877,11.48815424709608,-28.302021208741813,-8.86716323282418,10.819487249757353,20.906745522762982
2522,-13.519227076639035,5.3980706575653095,9.363305549318655,-0.8928634462868948,19.25901638850042,54.598134621463956,-37.5823278365494,-12.711515247023778,-3.301693373582405,5.9347125978799395,-41.65544565308578,-21.937737884282484,4.613665343336091,8.589885990337221
2523,-11.123492234419793,19.27408414401968,19.99225771694064,-0.09848705011871361,17.119055530838402,55.77428733907409,-27.338034227667155,-11.83188017354429,4.183528937606915,13.274635230510333,-17.830772182678963,-17.498607146833947,3.4014253430290102,10.56487063326386
2524,-14.028783733375546,22.37491708511243,2.820897559343093,5.104801373246517,17.73198314879643,50.941394930554615,-21.692665901776007,5.309146976049679,10.344169140646759,26.340185704850285,-16.340003900028965,-12.083150341327348,22.41568467443756,19.172891661410656
2525,-2.4362850060685894,21.84090522234025,13.686069100122069,21.731498783947597,28.099570856587313,36.65232941533391,6.9094281225555125,26.41149308292176,19.516531748696398,22.450227752018897,29.153902305348645,2.5831479722082626,52.63547915114581,44.36229050917585
2526,1.783334368520207,-3.633586674762151,-3.5150245844584886,7.718339390003612,15.39706261223096,1.3273630775557212,6.42427465522991,11.125236966650068,24.968261467600346,24.948740069661746,30.222569553267558,7.343329040055057,71.52797142232406,77.80921434085677
2527,13.02583519369572,2.3035099319908117,-4.546000400570828,2.034234103069334,25.287401952272262,3.352382735266785,10.197672866527494,25.777763753829458,18.47743240355994,28.94956253037407,49.685604779286365,17.14252169789074,69.19789544513475,96.35523381154441
2528,19.72202974428876,2.9239307375482118,-10.582204137319987,-14.331134715163884,35.0411830111196,8.75205241599733,7.076600646618838,4.770915911502495,16.13824333444284,46.33120645736881,52.38944454992287,17.19288742936023,73.63096769831954,92.38607298696543
2529,8.124435866627756,15.507167290359126,-16.53603177525891,-32.444349650154464,40.402924708625214,34.123283292814726,3.984177738255977,2.549595446748763,21.60564729237747,35.259043817827155,57.39889668265569,17.856615404200504,72.66972450070782,70.07740883851508
2530,0.40435649131555934,10.775394451129912,-0.2880387855517448,-11.970866031185684,30.767412000680515,31.456309086712793,0.14094560712488385,8.231420154205791,22.079669374446354,21.135773373447655,72.4794762500157,7.468935907234311,75.57978016518301,69.18181681670013
2531,5.786776138837396,10.976191661685968,-10.503389956980314,3.99650894188857,16.05756485456553,12.063580635463998,5.1959563388089185,9.748287931908516,14.714390309510229,23.147933006121164,51.01359975525662,14.999967919290969,47.46530658898059,37.30151566311007
2532,-7.469714533577862,-12.684287447027447,-17.213742888036144,-19.166982289321943,7.376664547412664,-4.796957870709682,-1.6350539274467562,1.037147035429004,9.145802245980773,20.797977756810152,26.48554642709122,12.00822761357233,31.979290414235127,31.63454470414176
2533,4.942899094866906,-11.965454867511083,-23.461142785430486,-20.348555738696103,-0.8309006700484889,-3.9663389617050435,-6.426794902352166,3.046480758575064,19.124074839231238,4.539771990118091,25.73422145161878,18.660245345062183,28.021114039556128,20.53890668314975
2534,-16.805363826887586,-29.729659607152524,-24.459268442458022,-26.778316643077183,-8.033927266693034,-18.064100267045653,-21.171608167205644,-20.468448434887367,5.477577231945794,17.552502891847883,-7.125595064542804,3.9245888391141417,24.066126549408544,27.307322825134225
2535,14.091331858159947,-5.406039496239342,-21.819424726309098,-30.62476278728441,11.47802022104024,9.518482963667664,-15.594929551005114,-14.777193227030335,5.036980628451593,11.692383015125095,6.0259610910256445,2.1847640451309442,31.73431261628671,23.593188603311592
2536,4.730621779134479,2.2999827114745006,-28.80647407910816,-39.86577200923941,11.153367034926386,17.282125920969282,-23.98243555175578,-30.31957078237328,14.086243359890076,-3.1884711727581747,15.904974787029685,-18.21496792378531,35.262710641533744,26.107492211049294
2537,18.040792486000015,20.960312785571197,-10.717005852102425,-22.334377612414382,19.96438642987493,36.970608131775066,-21.316124042961867,-14.301405195780664,8.454949260270995,9.33657628519601,20.65068521308458,-2.550277703112812,61.14129560719296,48.13682765707369
2538,-4.6323452749260765,-0.3512557562901666,-17.533681120511343,-26.237175942220098,-4.1905703214121885,5.680498231202348,-32.82702607219131,-30.6500040954582,25.172861589567294,3.9930968370159263,6.718284906761239,-17.66789108857474,75.8790210718126,56.96192258487897
2539,11.770190074590232,-4.621755282005299,-10.016329590735916,-18.3055855366722,1.5866095935001079,5.152855924033519,-19.108556368646088,-21.814174169979342,11.563352718337974,-0.12141266200076561,-3.0672699222212754,-8.500112695189564,65.72955410995621,57.188941890479626
2540,2.4475307933911217,1.2460049552191965,-21.7379143428215,-28.43714152616185,-5.772006435972952,-4.576915933701459,-18.651142498728355,-27.61706131794722,4.0128670101215755,8.175454973544117,-18.01946270836165,-22.55814043759116,33.704456590851734,39.3669305457204
2541,-20.081312694287465,-17.692638206484435,-13.442083059069917,-19.520397220802337,-13.83377159697046,-18.322425380273682,4.835635228970576,2.177953458515917,-12.84748775272031,-4.497355620863655,-32.01451580325767,1.2091070255748457,-5.175244592951295,17.619507998648245
2542,-35.684969664176705,-28.69027363617608,-1.0884440687901449,-10.070254239452595,-48.23657760828233,-42.73566269159816,-5.8399655875500525,-3.2947904490110447,-19.50645128637683,0.14681130830820788,-49.560051148673814,5.851047453763036,-40.620643048930035,4.109038597272647
2543,-2.4384434114724636,-9.087020314289216,1.2483437160614137,-9.477567562006321,-50.6832438146143,-38.042222425064445,-13.264021133756264,-22.658685121286915,-19.704167364104624,-7.7969383521162285,-27.400453983080265,31.01722543412383,-50.053623730889356,5.884370402816216
2544,9.179235570603948,10.297322774013619,1.9016255768088977,3.780938694141278,-40.61244539489822,-19.314788852044526,5.447069130732969,1.1046541899100468,-23.42717439539685,-9.300045792566069,-16.61311210556276,33.63585309840395,-53.01102954627149,-4.387537093047572
2545,18.50165647894108,31.06230166607549,13.076939673728234,19.91669706241823,-11.259092537421793,-5.992212577889289,23.338002702568925,22.869849952837747,-26.039382240044645,-19.262234444198473,-0.8132546611801121,35.522201722629006,-49.49708595705185,-6.668189980917956
2546,-15.6502198936822,4.503609297132796,4.639254080410842,0.8139155413045382,-26.57220885225209,-15.4718523898225,6.899049494880556,2.4727071684576165,-28.965939293278538,-16.41085011874915,7.099058642440687,20.043108081183775,-41.86005562317679,-14.405075446461012
2547,21.45342076333067,30.144886309432152,21.770241487137785,24.791580737845717,-9.473697055466083,8.621621980514394,-7.766251382383585,-8.08245284686044,-27.214576220433965,-12.466444051134022,35.756876074778766,27.69856703206145,-10.5701284178402,10.001833259298165
2548,30.245460417805603,39.37014439407257,30.563980004828895,40.70613575733639,3.1070643118200945,27.453030761144216,-2.0139186810967837,4.010110048460716,-30.087376423836048,-0.8146055321311971,24.423081708628956,30.716181876094165,-2.3149450409843695,28.33012075218733
2549,31.61831219141998,52.78842753083222,40.86054637738123,38.57527618659614,7.656992523481101,36.118384990728046,1.7212699929921087,8.81394454951222,-10.345007688074174,8.59658682682128,17.338016584167697,35.06875724024297,12.533869716293465,41.49406388188927
2550,2.2535098969299003,14.442421611756911,14.93768149016491,29.056874500083463,-12.23584891678516,10.41348919694218,-0.9592626437111101,-2.555977941581711,1.4524211933826745,17.21496854689,13.213003235329063,15.211516129488356,22.75005459832319,61.233132206140006
2551,11.3960816266892,26.342288851449467,26.005893714412224,36.72635018915604,1.9028214572629816,25.770429558626773,22.603041882422225,10.752008246139942,2.7036340845987024,1.996326861865585,34.52292836518702,41.304286934136066,28.55694145450007,60.15475248113551
2552,3.5245528972424225,31.86493833173807,31.943616180848835,19.582634105227854,14.813223347761294,22.01474447747074,36.771167135757786,20.689875876152673,7.267749300525975,18.890133426970422,43.48844255713184,63.45055872012679,16.91417398381824,43.754351794218444
2553,16.637139887529337,28.500209696590588,26.878081409876007,16.136706901134886,23.16900157911587,30.273886636124267,61.10610456789995,34.55152690756348,-3.5060372286828465,17.879865006846288,49.956301240800926,70.91776750168363,13.990593315222439,36.01974081933809
2554,-8.072189968918732,1.22869606047917,3.427891685817579,-0.8376667481675013,0.5139248590366075,7.407708349925906,40.48968726357323,20.739785232096082,-1.8693451295084031,11.640790132104552,36.3713036500548,55.0984719971764,2.462092741173123,35.28974317492014
2555,-13.47383635996888,-0.18231946330843649,3.909430456668653,-4.39027598991307,2.6981330412894544,7.122289693282947,45.350417875097165,5.980298961302357,-4.60920970491398,3.6732428917897026,26.996595653036497,60.12579110789141,-6.620425587409847,29.909026119153566
2556,-9.153898558172191,3.3294852906892825,-6.424420718067985,-13.064957148281216,18.594691839010473,12.095502601039,45.302721054237,22.572103859163732,-10.347047313463898,10.321446144483977,42.39692103692183,64.66838407530014,2.542125069715467,36.269713947832194
2557,1.7816135612618358,21.834276062014936,4.471268376891686,2.148511540567378,19.19881591834514,27.02430387958491,49.69161928675967,30.36035118786424,15.854967576450514,19.464472220759212,38.29699372858662,75.51033401327987,-1.5951799105978166,36.33489503638867
2558,-16.00107170122536,8.04523928066926,5.230096509199399,4.356180183848309,12.151684772949686,13.150342302739034,42.76635744759146,44.487429596258494,-19.318783507917562,-0.46272303710930895,30.98667267666534,73.46990828378466,-13.342939031255176,29.511080902247112
2559,-13.109321326443174,-0.2580886309833308,11.605954217527492,11.417954272357354,8.593215697416346,-2.6659706165703696,30.543454030197132,30.33751397908778,-10.333514690957328,-10.647704317615212,0.4388160214372996,37.9025563697896,-37.684300801644966,-12.7498868932452
2560,5.569819815773881,15.714202419728998,14.01210483903324,18.953549959157726,11.726569873109923,6.531542290463544,29.155971138932244,30.545487445905543,-21.609754171891254,-3.239433118298879,-5.3549994888253405,29.990280495150483,-66.8122388268222,-54.2176759986866
2561,22.844429368790074,18.325770506773544,28.411551653842224,27.703763660516003,6.5079776945970735,13.601787786170094,38.21497678855887,42.239136449582645,-19.864825146185307,-13.403879038544346,-7.770553923295941,23.322209044902053,-66.07390096754214,-60.7989749483352
2562,41.89377653912953,35.12923273935897,15.077950677816574,28.533554673372734,14.837455791640224,10.450688829267134,59.05293311141359,63.21176846367371,-17.193145210044843,-17.564317170885783,20.706962577315874,31.037150761139337,-35.95501504487251,-45.572211781208495
2563,29.824176318500836,5.58678676805238,-0.8695106179278801,5.322507298410992,-1.1032916931364458,-16.334745714700436,32.44117000341781,35.58963076449292,-13.572220513204277,-7.54885139900908,15.015428080470045,6.614512543109576,-3.7781727955734103,-25.387797199236953
2564,28.49367590002153,14.860676150306645,9.846172878547206,18.6345183494364,-11.33353759871017,-16.42711422590349,21.35854633405137,15.470413050569064,3.234094817896936,15.235013935397607,12.577730814328126,22.00487732270945,17.288770244564475,-7.978671993265213
2565,11.200400469785325,-5.743713956412727,-2.8700055024324294,7.42445630903568,-17.340267688444513,-24.31170617058994,-3.452422653855938,1.9421836754019748,-2.218282871519039,-17.913834635299228,-1.9536090509286277,17.437974721145423,16.472938678603334,0.9204548672430287
2566,21.059434728208913,6.699721341184766,15.858388094577903,19.189647117506414,-9.156568926260105,-21.0667083756241,5.765334703065592,5.608001890267275,-4.601391393488414,-26.30452936781508,-19.577888017602998,20.154554944434857,8.46276943293482,-15.801097835137229
2567,29.433880694392162,9.014202995605197,23.874289174368965,36.56856030621184,6.447138310090706,-2.482152271021986,30.533385430789387,37.30545268133177,-1.9630220012526365,-9.216610769176796,5.293287860859195,21.974493610948695,-7.107401807710945,-35.22862660220068
2568,-17.550327276215267,-24.720158774860273,11.84658937134821,11.384504069759389,-9.870086506082892,-29.332523942922446,8.064475180922926,15.439936725127803,-8.982639224943494,-7.976171258854585,-31.1829758259626,1.3302455466829204,-30.17975182786146,-39.333004028524236
2569,-12.190749748366631,-11.337076808654736,24.04582189656561,22.132313636959132,12.635969664906636,-11.128168952833935,28.370313390085865,28.53025843775818,-8.809464031330448,4.9696263557736815,-0.9288134091769469,23.285337329201084,-36.37886491810471,-22.443481309328373
2570,-11.279787315523363,-9.59152026310951,4.630123312431774,0.4455544382139943,7.62497549364609,-1.2361394265397412,40.627674420267404,27.145379660910073,-4.911762967349447,-4.408900245410563,-10.305753091274305,30.586215490918025,-32.024808113320674,2.164097678844017
2571,43.102738411869545,44.83654802343026,42.13973490093833,26.510339450793815,27.18721892662996,33.23610208920857,47.751102993294,43.501572522434124,0.681965042160931,21.19994994192689,29.850122653782236,62.78964276171803,11.302674814068723,51.64113143130516
2572,28.712491496587308,25.941864799126822,14.236422899047675,8.389357656532866,15.546288932091281,26.78449416882893,8.669769107218757,12.478784089866664,7.978338645947972,12.973422998516973,33.6271873784719,51.444349278271766,31.31285264535347,50.14009350962849
2573,13.741446317696102,7.485238058184755,-6.955228017721644,-5.043255116214473,-1.7186680321852847,-13.55079788126236,-11.643665592123172,-7.796704108178818,14.260190327365118,31.989313411473997,5.085281513026556,26.32494641460834,33.9306539737321,42.61769535781781
2574,16.602551667758,11.104629410462532,15.501488318987645,25.781893011200204,22.805216756461448,6.559986832492442,-7.642278153481445,7.199966518705205,8.639284526011645,20.714423254873473,-1.4642832515224535,23.56419942683174,30.917613202964215,40.970195164552116
2575,15.284576999331652,-12.685320634581107,-3.3552905963286648,-18.041066096265478,8.930690118533139,-8.617959075661718,-2.554986829336021,-8.47378252286531,11.573637971057705,16.166719737088467,9.172196841352072,7.854365341931786,35.52348923255786,34.42878009433578
2576,-11.891711247988919,-24.543983521977097,-9.242912098678442,-12.182058565409141,1.5668516213568449,-25.798026140972052,18.935239672338806,7.3884722638280405,1.8786142522862175,-13.301153063760337,-13.642707627867317,-10.070422185619789,1.3374997084763047,-0.15515521361229645
2577,-0.11027387939823896,-14.45457450416746,15.36892622109677,5.6318301455124455,11.20848803341207,-6.720758382407096,54.282393069182866,42.04498217643106,-2.2520611091435083,-16.842434981410904,14.962538521250517,-9.050463013467379,4.9058331164969085,-20.38670474853283
2578,6.046023070302168,-12.631494273692379,23.364938630663477,1.2662355016808942,17.69981538699637,-1.1500453798651518,54.25160563578344,53.60146463849107,-25.75923723065345,-6.047224999576935,5.825391843705507,7.31882219861434,4.955740504287746,6.301948006043414
2579,-4.525399903019767,-19.245224011923796,6.954211818015614,-2.7842616035959593,25.68460530679502,-3.5590070700846863,25.29981094160535,23.01382299597947,9.487281869642654,8.637652681764672,22.887882544182588,-0.6188960583796094,30.35501421152403,18.845894313426143
2580,33.24829887516167,35.642084901964765,12.607806609129435,3.284614928214162,25.40931181391819,5.461531411158098,21.216423129515192,17.923424038602253,14.987161081177726,4.849918531780388,42.28139654553564,13.307212973508944,50.27467381008505,29.721671059172376
2581,4.309839043799226,2.930412526003604,13.621826276985182,15.166242629816256,28.614311855891717,9.869437568833941,32.14382197943512,10.576695612572086,14.867185216542675,-7.348041284713911,47.69165022691193,18.941796798879363,57.85814588611933,32.18508802339222
2582,-5.914430864627381,-12.046402465468121,10.788108816954534,17.69886555324818,21.58470680648605,0.6959968437070307,16.900539085631753,16.39414385818905,3.6137629877213358,-14.507616153588174,28.01973771359817,3.184266490163298,31.817420171506395,14.422419147923335
2583,-31.503770363014112,-44.51496117494321,-13.495559539863663,-18.32564037886785,5.584868756969691,-25.31330429515541,-13.237862616947726,-29.173984241487886,9.829159791155687,-4.9949379387355375,16.14383282693068,4.502960920519254,20.684148364726695,14.301636915592741
2584,-58.274045164483795,-55.46620092344727,-24.8533289997534,-36.79050667592838,-14.778613201548502,-30.938889345021984,-25.654192146475303,-37.754810436174424,-14.252574349759902,-20.394487315564174,-8.061820618536302,1.3688349438445968,4.060658900470607,14.677227893290723
2585,-41.778538696961725,-32.66221230343233,-3.9323200077419074,-9.8704907727948,6.772773043703136,-7.466126047797699,-7.939681750052415,-0.5691638521692652,-28.574840391158187,-11.033441805808836,-31.93475005611222,-32.54206103673194,-40.227050230557545,-34.398425145967344
2586,-23.563204167074367,-14.497567324234927,5.907365711264919,7.310568613281621,12.770372417086563,9.448908188942648,12.537613008690913,29.67733185158802,-5.349497668465651,18.492773491340593,-7.550204025418389,9.593530593766745,-6.802830611542384,7.905272009213264
2587,-7.507799360380176,1.8863265613907587,2.051869040594838,0.354348607944002,16.52331793110079,-1.9394208999057478,29.461436699524704,14.888821706294635,11.301717745693418,10.041631013961961,21.083430856147285,8.164967653868892,36.778070489799276,16.09969653592228
2588,37.83414004220286,45.25880803889251,25.89661317705983,26.228047754081242,34.31398273858538,30.60493618754458,43.73393822180176,55.81617275078854,20.421989691566345,3.489910515985975,49.356970161406004,21.803149712576218,64.51361488351239,45.57331264123232
2589,76.36076346883478,79.64358413822896,46.45237820967552,56.154640136775804,47.46867179253684,49.287739435253194,54.066899938293425,57.86345251730518,17.098109767719134,14.284232307240506,47.65594444317574,20.92275110374309,46.67292461266009,25.467962382776214
2590,105.62970362684906,96.5986212863662,45.46044565002699,70.13493744874323,54.121735736885526,42.64949608134067,65.16162071387478,65.6238551796808,14.775168339535318,22.427992529455267,58.912000089667295,9.139275503133224,37.151152582048034,13.869343656152298
2591,107.7704677115045,83.74362656894344,24.490507374005972,38.73013703352226,23.73635678981588,24.515710310048522,26.68154521940344,25.738433402378718,6.332563820068198,24.555421141190116,39.39854594818162,24.102765784804554,36.757070480644025,24.855508677954575
2592,77.93583069237765,63.0408804426324,-2.779809492633703,20.037837928857847,5.494117603748952,11.313861010024237,15.67506673130907,12.674566730807925,16.037886587068165,17.610648387161536,7.931496780302292,20.5863036980198,35.71615997572366,23.470562643279905
2593,25.55765310604819,0.8401822874354345,-24.20645354481748,-19.53968967889905,-45.68014031317,-36.366884579897835,-31.96312593972719,-38.12767562244793,-7.206894529667925,12.76391496394109,-33.36022232167504,7.759721987046104,-0.19499092781564953,13.317898230408282
2594,-12.198562431029838,-21.01997030650292,-38.169040734763776,-43.635879152158985,-51.10497816522539,-31.890959038672882,-29.473239797990207,-41.200775520351065,8.60354750018985,9.904392859916042,-21.72957988692416,7.627487077656111,1.2434668286595507,20.632236100566885
2595,-39.213895436438094,-53.13395968679983,-55.496766947816106,-70.71379985202611,-49.78866165728052,-25.65336808338133,-56.840385558480925,-57.72035761854414,1.4689215052128892,-0.9194386885089463,-24.80008711030082,13.713660428040251,-8.075471498153737,18.215913274050806
2596,-50.47387108462741,-59.85801721397609,-51.89848714250861,-61.93880474364209,-53.12188105843431,-33.93295776972622,-63.93589435778069,-71.77756841331627,-5.907643695954662,-4.443554834500468,-52.902833112171294,-10.531273715711363,-46.24871885437766,-5.682128882093807
2597,-31.661937245239503,-47.83443317556274,-24.219450736290984,-34.57447193292365,-31.59237171002661,-7.4611655438122,-54.04272480538402,-41.503294347717436,-13.535465334805364,-25.332178950489748,-25.412869700618327,14.094847994891971,-22.743613935086657,0.35413027024377475
2598,-47.68775646691087,-54.66793890292822,-49.73452085870878,-60.814436871997536,-39.879260630569625,-39.22053619204403,-67.19849583337837,-82.2829039060146,3.627501487433632,-1.7402757518927445,-29.10842250084842,-21.374494534530534,-11.258406498984193,-1.3974400314821713
2599,-2.1444007597170023,17.84537778902299,1.8825445210446674,10.680262502455712,-1.3714115463742653,10.850844360548153,-12.17698045247316,-12.994373533265934,8.940263421904051,1.1324526543558728,-9.95796557585534,-6.079334665555733,0.17133183502138558,-8.434509316596477
2600,-40.78311827786634,-32.88234936031373,-4.869132695608158,-4.907937852389169,-18.151455741005066,-9.54022235118961,-40.62169046167232,-43.521259673454814,16.74303508574556,-4.584314671685603,-42.71282023205056,-74.52194674795213,4.841978777268813,-25.105197314544558
2601,-22.18214179050201,-18.791842215174412,48.87545142025914,54.089088440068274,18.704390879907468,22.607142942280746,7.475574732209161,25.729564898516287,-4.978619537012428,9.523540203708343,-0.7974294944990921,-23.300883570328946,1.0809101969165114,-4.801987104899953
2602,-33.757587760443855,-42.73317717070283,47.615673116552095,51.486204623046,17.499540602645997,12.075531146335308,16.823739157465607,43.561350574565395,-5.003669360320315,-15.482108399638232,-9.23984753516785,-42.285421901162586,-15.845874385644779,-35.86210054553385
2603,-52.848342382786264,-71.21142135535496,26.80446613578735,27.806455874329522,-5.086819346131379,-11.94929884026422,-0.2574194925747179,24.759796294463825,-14.356267199442064,-15.653603244274395,-50.58987046968056,-47.182506312335256,-62.49831019358278,-55.74654323223544
2604,-84.8242154057114,-88.50759821336594,9.219220648894344,9.223128484381846,-11.968882567733317,-16.640948488227696,-3.8644174485677425,7.235323720239471,-18.740939022157878,-19.13289570790442,-67.33690111267153,-63.9533423310941,-76.02207113358756,-71.61559218976699
2605,-61.74067373671632,-73.54909992061084,-8.039906740712592,-10.726030657317285,2.573747084533502,1.1314173552679176,-7.233854095389408,5.0856637700419,-22.02800082913844,-23.709104032281104,-71.7202197120008,-44.319187818173155,-76.79426789516354,-56.6840616384756
2606,-60.91245287247836,-80.94097807545174,-37.34073317354963,-30.555326946536734,-5.783121552260272,-9.22030751367775,-20.646603838612318,-8.99112619003609,-29.685724732126133,-33.079601969319214,-69.08594495652608,-57.05816213659403,-78.85440429242787,-62.024621697815455
2607,-38.64723980718246,-51.71117760994418,-30.8438810847388,-35.85002179138956,1.530774204095365,4.307335508450893,-7.293702148149327,-0.24134343889302415,-14.088719937171845,-15.179230842805472,-20.899990652908812,-36.47555919742116,-42.43754051550329,-44.81854111091928
2608,-37.93186035985103,-52.778241050710086,-26.75885976375048,-47.12317025050976,-13.86980582137953,-25.63786307310075,-13.124576336685156,-22.77985649834972,-5.234700186238546,-34.49931447790352,-17.884689301897055,-68.24967917746602,-32.916181443337365,-62.6183024941317
2609,-26.50689349491667,-30.783533525547156,-19.73741747440415,-24.522107927309293,-20.105755643977567,-23.806639365409,-18.117693701582155,-7.466650485016362,-11.164150473039115,-6.848908247035375,0.5952807144150976,-66.46988387387253,6.022108267489494,-40.067278952404955
2610,-7.598548757321619,-7.4101539314420855,-5.093432616334847,2.1541546132331444,4.991797372419285,0.1464786621825088,-1.8572875200979229,-1.17086210408968,0.18498459521272714,0.8139776352643926,43.90724926646952,-27.76197606178194,29.409494621461665,-8.21597580053551
2611,20.506120231928175,22.90747868892473,10.392416885047778,-4.692850321028594,10.636626530845362,4.255198944957502,-0.16097592640471703,-4.9032757612804065,31.212732837068558,15.366251907442036,51.35375690042803,-7.219716506476694,40.25481525268107,2.3782995157186524
2612,39.52368924974158,35.10279588415009,-2.1047132015686234,-0.34437373072610944,0.10387914074758875,-6.3050188399892475,0.3926481237961235,0.2982888955866372,13.711758415896652,13.470242229025072,36.116742349287605,6.8436484834073195,45.51921425719542,17.283040527720303
2613,10.640107674975004,17.17741892697286,5.806365615816176,1.7249765844507747,-7.737576311955498,-16.426591532371553,-14.513764329018468,-34.44497707977537,6.416924484348463,3.4271891103981655,18.887225972399484,-7.469888441732006,29.31412102074614,-13.767140610587159
2614,4.208930138007601,3.499774244484288,-3.6823995953835023,-5.722118497127132,-29.91369600489248,-25.63786588195416,-21.123673766479836,-28.66957530197842,9.50167170749361,0.054437991064268054,-0.007673174780064684,-7.996674550986487,0.9731869984226719,-15.061117434268937
2615,-0.5182711072897269,-3.717582200778616,-5.868376193387216,-17.27369954903505,-8.0055906439804,3.6391132844430794,-5.788795496746792,-16.560357733468802,-1.8258466276397787,-9.538368456273256,3.7844495379595813,16.247773679762986,9.036428453132896,9.237343867868013
2616,7.880371751548026,14.199788353875437,-2.838040092563815,-18.290961690199943,-0.992789508633952,5.304632847595038,-26.68715535456708,-26.6221657232635,-4.537223887396495,-5.75029456934776,13.723025156761642,26.014179083082187,6.897066262808189,11.53202126498664
2617,20.4146780728267,10.224662862197025,1.8883059097696921,5.607987596418833,10.173220690141376,30.186762144904698,-7.410793158612463,-12.797975654084428,-3.6093498431054716,11.324658735508617,32.50020953617017,53.390119045582225,10.010493033322051,28.33547845047107
2618,2.4339957113602577,-9.175237569132827,-23.523222919547877,-34.27995491428052,-10.22465939187153,-6.685940159337668,-24.82390837923049,-40.519660020628706,7.586876958377585,-13.754266323875639,29.915242090104403,55.86561883911832,-0.7494475931257635,25.484677037354547
2619,6.373973666204928,-3.0022338115819274,-30.091886871929034,-34.110585505100694,-22.332350941144178,-0.10293473141341611,-31.781253401914007,-34.15841520073689,11.543528795462365,6.6241816400160936,1.4399644171322326,39.338045549457064,6.696604353653111,31.080400405034325
2620,-1.665680681156986,-7.822132730173836,-21.395326879694522,-30.81213173779857,-16.71687531845635,-8.757719356351334,-34.74778873499746,-36.323276212900936,-0.2600632854370654,5.1677539542763276,-13.131572331127309,35.16095819783973,-11.269132828623832,4.737856150204515
2621,-20.692767328461194,-16.6651960327017,-14.957440648862331,-36.4426051530986,-21.285128413495148,-5.093756880055422,-27.443301858636516,-19.587953820528018,-11.103131871722134,6.778904007603599,-30.900657557686852,32.528818009826786,-27.044366643539227,-2.626197681824192
2622,-25.55551320337947,-17.497485317972405,-20.760251551382513,-41.57206805684622,-21.57735439551403,0.4423042408804001,-24.759428845779915,-29.806076257230337,-23.336943226313238,-17.08525559593487,-36.25628833275291,41.17707939329943,-43.100026083358244,-18.237222265097166
2623,-11.556110724280156,-9.49716720873224,-14.332985653209597,-30.97677844003525,-23.64055180222671,-1.7815122537489223,-26.659615894935957,-31.40568068262498,-21.265703414464245,-12.111576276552054,2.8072773509329827,33.59299763927537,-22.633746791934566,-12.040453332111941
2624,-7.404356829069428,4.9511321079052815,-23.602405919040365,-21.388108565767414,-28.44369892274678,-1.874676377706167,-26.98372324766836,-46.02317567795778,-11.964391735206256,-2.000113672765895,9.863509884142477,37.76256871504647,-17.50035825377062,-0.7214712154390033
2625,-11.708014808960094,-6.543244368816685,-21.266019592142644,-33.81524046998117,-20.547184375944617,-16.2654239470261,-32.81534468388759,-50.469445027634976,-1.5272796462013591,3.09736844375332,5.864865623147621,13.15224909778022,-2.098280846931495,1.0430594686490517
2626,-9.381335492653282,-1.0524393478717537,-20.384244765436332,-24.88770016789609,-15.056861640524913,-20.564491773301704,-26.558691474845723,-26.203586233609922,1.0351596426128147,8.66976833022989,4.002244050629006,6.7298413032280395,5.972959501666539,18.788048983678706
2627,7.505753832836711,21.19548622594559,-28.44412158129299,-15.304504350868184,7.315689913711636,-2.3229485684045033,4.172169266092574,-3.209740240064542,15.372949082983295,18.088116644591157,13.615016079033081,10.638591833119653,31.844650859595586,32.05908305087297
2628,-19.663693416307147,2.4469965305733172,-30.9207032669603,-20.465294894987608,-1.6551998590505803,-21.836165831400205,-11.344128761909515,-20.135006782065084,16.13849106196918,15.397976014837093,-6.405090664396737,-21.696231665747106,26.098932672151925,13.383048740398817
2629,-34.119276927343044,-15.24295181983836,4.8812768241489355,30.769747291843952,-6.973705288160701,-10.277465715937463,-10.882111157039061,-18.46260142041224,10.30373509745102,2.6692996760542655,-13.795688951486468,-53.38063909632629,-5.4131441686551796,-28.362780656956726
2630,-30.452894918318627,-7.183056279561832,3.4132793162492754,14.70160239136457,-19.438485232742003,-21.119012555450006,-32.16550149386195,-24.306341843947063,4.859912281002665,-19.742853852688555,-46.93746032793244,-56.09607540821644,-21.296820002969813,-46.47281102539991
2631,-4.733804178921217,6.51067270732538,30.942706056851037,33.48629680595777,-4.836439180713372,-13.716704934238404,-18.6186093839221,-8.385653031784127,6.587599429300798,-1.3080032559907389,-18.19858431540957,-44.85587390610827,-28.129087889227886,-34.30522944372949
2632,4.143406129803548,19.56478228346144,21.115231274040337,28.512121445091466,11.622051890279623,-7.209651437550347,-20.569913523727074,-13.516797134055912,11.067428015244746,4.043819868378042,5.583482631501466,-19.112747832936854,-15.249956584093427,-12.45159327804632
2633,2.9733546824321766,15.715582412658925,42.29978911960259,57.11912937166005,11.33995031981921,-12.416236432855024,-5.988503902878297,5.25958934015649,12.778350044413813,7.849085834832341,-16.140132984413558,-32.040745536330476,-28.498509783966675,-15.481618700595055
2634,-8.613873901411665,2.266210333455043,14.999974457502878,37.16417957828039,2.338816787611999,-25.84284338136041,-27.48377894773398,-23.12247527658686,5.160267107497483,-1.7457590839105297,-29.5130280852484,-41.65041998782705,-34.47762639568277,-31.540219864858344
2635,-24.370216449348018,-16.081094737655196,24.732798173978697,33.45783998909929,-9.17400253393709,-9.124828741247772,-30.352929047219636,-34.554830946343166,17.101015495292028,-6.909627741902045,-60.509034795527825,-39.4686344761977,-22.136502280306324,-7.864772782221912
2636,-28.69804629210727,-15.047913710411718,11.108516778433343,17.37626825544473,-10.076176958933702,-24.27772048134235,-40.15944585697447,-52.242763290255105,2.3121034541034096,10.544835230729202,-77.61832215690706,-49.04247463057691,-9.888584106389082,-9.101673196696968
2637,-3.4140261884629726,14.505930784666143,41.79135205506415,44.856356574685506,-10.67264263893601,-3.4301764296985686,-25.198579047955434,-13.088759355143576,-2.078946442160172,3.8159340843138194,-66.81810257817094,-44.30464719245854,-26.9964450542181,-15.962209286736366
2638,-11.961153101453858,4.165817578296293,16.7559804244826,18.9016034867294,-22.645672368757584,-17.71394509412604,-32.88890330528128,-32.26330575823372,-3.8917925418815735,1.8026596090354898,-59.1069262455341,-70.42729887736493,-33.23214967430938,-40.52655255988127
2639,-0.6157756133327763,11.808133446791182,11.614406550936422,15.64261630075716,-10.145445871374095,9.55249537332867,-40.62305300538518,-18.794543900480697,12.516011093679955,-8.807776203447167,-43.95132181511805,-49.45923638385657,-8.565094903259062,-20.668445021144745
2640,14.65782117825533,36.53431552711328,1.4253916919291638,10.604983099217561,-3.7941192708827707,32.26247982388389,-40.531581273676686,-13.669511247473983,14.074195154321222,15.247375269368943,4.931055744092641,-23.076656818450903,39.19797261253662,17.692808335398585
2641,41.95358884189668,42.76089110046605,8.507553764585468,20.935397023494843,-3.7297141935748526,23.407995927692962,-29.18652305552599,0.3353018924360498,18.513767121600136,2.6919220816848943,5.1645885621288325,-4.7534354697220005,39.16534366191027,30.085823394015563
2642,43.1931836804898,45.55048544031817,2.1923930799926645,21.260693065774678,-5.328456221978474,1.1880581738089977,-23.987215238846975,-3.195598337909229,5.265664294886429,15.145454337911342,0.8818731814533116,-3.043878819664552,27.84802652865435,28.417091894408006
2643,26.502238978564705,4.837733177114242,-0.08024140386931251,12.66111353048796,-3.2083526379697354,-7.731642257486613,-19.835605294709655,-13.137537458675606,32.650892705675766,34.446590505083336,24.597916874429735,0.5029082351931231,57.52192432160764,60.35888918844391
2644,32.983911265217515,22.501703352782187,27.315554306572903,34.87263681537918,39.728069082358054,20.984300990650542,26.089192056375804,29.0705405443011,42.81554367495392,25.386548389448187,78.64995058846361,25.395253613521508,91.38540434022615,75.62963767575674
2645,25.490158083325284,1.579481283939956,15.503119708900543,18.914036515983465,19.160116351090736,-8.831828078203658,9.062395407710186,-7.328215407728864,39.912116728267286,24.988676962968654,76.61362837563115,8.502577365671034,90.12132939514161,71.18424352809664
2646,14.141274629309372,-7.123590005242307,10.04629102614102,12.043799933749566,33.49343771855738,2.1640343702755898,30.209637406111927,3.0086833842225396,28.314744934291145,33.37867704647445,60.28093569805292,19.87657899214174,49.109623351832695,58.74795408776053
2647,-8.38888181766779,-26.775121516029007,-15.478763593223496,-21.708103162673044,12.79770459554379,-8.34512517104792,2.4348181554658526,-24.477308785001576,12.50157322603509,45.444068766883746,26.805101968748332,23.807810560576872,27.72728368255894,44.63847118898046
2648,21.181965506729163,11.77290176587363,2.0611315823338843,9.420378498989841,14.233678107565996,32.132662922781414,17.850780949278573,16.87097871097556,16.962264017026072,27.829060009403214,46.49672638812687,63.3052947964521,25.753932602678333,46.62748402272082
2649,19.35538594415037,19.254377145895635,-9.437109966548391,-1.6765805407042045,17.746017312570196,26.338490182963103,17.749982939228126,0.24932295073397306,15.854497567826265,38.818451280322975,49.340353186132255,74.26908890564276,51.34136448348637,70.52304202457084
2650,27.889667816534427,10.71378476065834,-12.825721432768518,-19.862328580546507,22.08581611982381,18.573843682638167,25.744393450764512,21.432007354972907,16.8926809609292,33.99808185424985,43.2861325658191,49.86410730791773,48.84960649438048,60.66788458576327
2651,30.02172302212916,7.872311050455399,-3.4482889427886323,-3.141036595809369,36.47866426014327,8.22592755070187,35.3292286320816,6.699519630146668,17.40112524455527,19.654776127684798,42.43027245692635,17.785447756068802,25.040598669846425,12.867714007327239
2652,41.124310109369965,22.335210107608194,-11.848862363178197,-3.308735829192667,40.102944649909496,-13.702504808950456,25.17756488053755,-9.307717790738597,18.38015004460876,43.20838424639081,48.93521135672738,-11.495478446226889,50.277387429851956,27.566674602054253
2653,27.882077435920635,6.262098335099803,-29.89785333722001,-17.35878949287739,12.853639790175318,-18.965671207317254,-7.371304008433752,-25.454755555020796,25.79567626629873,26.715042916445704,25.247270265060287,-39.98795162635693,51.383735535082046,9.29990231411922
2654,5.549313121607035,-7.74629219457254,-21.65647285999629,-28.214698370173146,-3.0129723261442773,-28.365902456391836,-7.721310931015755,-18.205628953988402,21.575598367051168,4.536200854478482,3.571431829837895,-24.612775847576344,44.6839633458765,8.907513084541188
2655,-2.907598396346881,-7.980717428792656,-18.95399279410078,-17.025231519082745,-11.336410242833797,-19.9094498105765,-2.022603075627784,2.1345870249961068,14.379152270854199,30.873123241724276,-16.899383801868463,-35.71161803657433,24.523426013807526,2.0866923892570886
2656,-17.9556481814389,-26.98098396163456,-14.651879649784918,-14.576897396157694,-21.642664807033455,-42.73802550265856,-14.746490930030165,-31.919439345006417,2.5435455072847875,1.4712714395501072,-23.93959212217286,-67.89329883479655,14.943343658111504,-12.715107351660565
2657,-0.3910561647365792,9.895644493544161,9.196611271589607,-1.61950671976763,11.041357350937957,-6.403390093081073,22.024651485040188,14.739126177324593,-5.186612976387182,-16.30711136086262,-2.6818244202985557,-24.487481269046228,-3.164561923303511,-26.024015609310354
2658,16.70068262382788,26.12409935345613,15.277186815497233,13.966010055167272,18.075292916420615,0.6139912053439434,26.221121940440632,15.632003184689903,-10.205103084122836,-32.70839489178585,17.690844779487875,-5.45075503473198,-14.885745384403757,-39.07023474364512
2659,10.670662856787292,15.889759110631477,-1.5093434615846129,11.981547083990549,23.416844751527993,15.023371333679917,13.15533075541905,20.313611641348327,6.094750627353034,10.3162932962171,34.05409651018467,12.42001812596444,23.846330193054435,36.57871947861571
2660,-5.107604514468384,-18.254727074878364,-13.144839964855455,-0.18334244785082543,7.70361485989802,-19.70468913227469,10.271398107996921,6.023913134015682,5.9479292039031115,5.894589277336731,10.372128358708277,5.339332207828595,10.971511841373923,18.8939116853197
2661,-24.08214311058662,-39.21507079244829,-6.159059592094604,1.4159844347027417,3.097381824519694,-30.720966707270566,6.1932838791510845,-10.671278225928383,4.223298086286424,-8.26138678287276,-14.656005657512988,-37.15797397827309,-4.258636084359392,-6.191930241746548
2662,-35.58394717919306,-44.701667856147075,-3.670247167108689,3.339063784268697,7.263708825684103,-37.33033752186162,7.348878391943285,-22.480633014677927,0.3431578338186642,-7.041087309707591,-33.918454981227384,-50.67557134493178,-6.514717591306534,-23.978078401885124
2663,-8.458689144787833,-2.145327554046246,24.614401753923243,27.040163458850763,19.78670790666847,-2.253229992235028,17.998796358143107,15.218246919800668,-0.773183073493752,2.3555015058930207,-9.747098896456642,-20.86057299709617,-0.5375791183721427,0.7581279635499424
2664,-16.907387977843836,-5.425424474930758,13.681770752875854,21.12454787346777,5.564963545787111,2.5364619261415386,-9.081721091482464,-2.0005252441245744,3.5027251905095773,5.322319964363704,-14.002849320098854,-42.51987330143417,37.596376937446465,21.81726934067997
2665,0.9325112290302384,8.23813287904062,26.691516287920027,24.31488626631469,13.77145803025427,3.757891110775619,-9.485119145794979,5.388522833912473,-0.6137563262772122,3.391536297359986,-23.893559797852703,-41.21156510200227,32.390593273785555,22.221162058815537
2666,-2.88650093706657,-1.844417151642238,0.12205607368289506,-5.025313279861173,-5.0047836843432965,-6.446546040632816,-22.207663180235382,-12.972705900452059,0.8383351101578516,-20.75388032617586,-30.277915419025348,-50.24292287360188,1.613452117164582,-15.723583986532754
2667,29.271975950774262,32.76602374091808,3.6906178848809135,7.3930920963039215,2.312346926194725,15.371285306378892,-3.2478338657265886,-11.362697961649937,0.29258444055809113,-12.954953392410612,-15.073941471665346,-30.71788158745405,-13.351075685078474,-38.277589519229885
2668,26.69990847973112,43.92312385360575,15.164695735104132,9.669761741442391,24.40373558028682,41.71761483240147,20.412107005098242,45.812511777815665,-2.844231267347532,4.5620166195709615,18.265602060772174,11.213962306449886,1.631948323826639,-7.784914106089032
2669,29.11045989200408,21.78544662488796,5.749434213843081,2.3062415907103513,24.099340936976105,38.33595449450722,4.418689389723161,15.02994222135203,10.798550829979987,1.6142962876354383,40.13444314591027,26.517957369228313,15.668085493729357,2.191303656822262
2670,35.3961986978308,25.08941468655201,20.58523666782999,16.426444910646502,32.417296022287985,36.28732163654219,27.26929878840929,28.61396392005967,1.764405369890019,15.419531757835596,37.42491109547965,48.057663888120004,-0.6831608755050277,1.1709117785813432
2671,27.030242977189516,15.775286037933494,18.163943471560412,7.878598644221665,16.8929647717597,20.625339054083536,17.598939511977033,12.80764696793987,11.104174855181009,8.191399259080763,35.817790061926466,43.71152690460244,6.059764988628991,-21.166905293878827
2672,57.64312658286474,42.17677054626699,48.14896604123599,42.325907399424686,13.69029753240028,39.96206049864122,19.272133441194786,32.6150744941147,11.482808838497734,13.108298864863594,28.80391343142931,76.70630285948229,-0.2717984473440964,21.22020760233464
2673,55.862547933861556,51.187886367211696,82.17476258141035,77.36522282005583,21.780732144212003,46.05102239550875,26.641304494576023,44.98639624402527,8.542280608324686,27.414062895777864,50.90610543594305,104.92110972858413,25.14788015552461,52.16397219807772
2674,43.03105810836819,39.481370227852366,74.66281369580572,90.94813513706737,-13.40161060008765,22.874652497087727,14.642696670086528,36.67439340837198,-4.534511169403178,15.341344967215495,12.673610027849579,77.40389475781593,-21.849915924019438,12.471946471236828
2675,7.19405714660552,-12.55535104950494,63.76423863775495,65.46889969405272,-10.126451843065853,-2.04171128735214,14.502980937225042,46.89908394838593,-26.757920714427826,-3.590453490103224,-29.713315998916084,73.1739147701001,-68.53509788921424,-27.51201776686686
2676,-24.992700061798708,-32.4790688234993,13.344012055504715,18.788134825599762,-26.21993884740696,-5.597054696476873,-0.3515158974248749,11.996752861962179,-27.756581904730908,-9.633386839065519,-36.80527239604259,56.02516696871882,-83.67229814127164,-40.12451539605458
2677,-22.840455332137896,-22.835890600770096,3.321434785903767,14.554541707725793,-13.054856022935194,8.200269139625595,18.170748271244012,31.422632361776447,-40.091029618067715,-7.49386823066328,-35.329005861628076,53.031685496919565,-80.13365794194554,-45.00150606838507
2678,-9.040297596973497,-4.6169909495127195,-3.5426358562931597,3.7021847702601107,-18.974575987073635,8.97991015322423,3.5393530550294767,16.798706934584462,-31.584413171425656,-6.482751740751857,-41.35296809022085,61.05754991818761,-72.20618094041161,-23.691489186443718
2679,-14.589274817838477,-13.214909349774313,-2.481573797831667,-15.022886004750196,-29.615171174402718,-3.3595912888623154,-5.645694778542362,9.798543908966131,-35.919287016816,-43.51141502513685,-27.107091262749204,64.05398559821482,-87.96510249591991,-43.462284098594
2680,-31.013121432767335,-23.37862025030538,-32.59526292701894,-58.9824682275463,-43.20971529079974,-15.54825900052501,-38.39633482063736,-23.812082762143895,-24.014450073784683,-27.85541353257785,-21.165054001905506,50.164495162074644,-59.414467094112766,-28.1901083860497
2681,-21.898351832564458,-16.354990746193412,-31.333821872570468,-33.701220202600624,-31.250638187554976,-0.55180656624278,-17.69983092899196,-13.234224101103738,-17.152383502007144,-7.3895997774295825,-16.418860295079437,46.65420412948461,-36.23332410286331,-12.906674681431543
2682,-17.490091868909914,1.199911105836465,-12.097085345653122,-25.879167298049502,10.313946931353113,26.284653278234344,19.40688196223167,23.888260261334068,-5.972224487750544,-24.985158325159283,16.346951786091765,46.11247433264139,-13.134369814930539,-11.738122952629158
2683,-8.315610889235337,-2.5080655744421825,0.4338424209892529,-23.35572196327222,8.018948045019648,5.2996130032716815,49.58164271628827,35.83119823777851,0.8156155394176826,-14.545597116928523,-6.206438469498808,17.50494182565907,-37.35229576658679,-41.78659439645862
2684,-20.933675412925133,-21.593879088428466,-44.902755701555755,-55.14859503795209,-14.383864643940639,-1.7197393903250737,-14.38387366838705,-29.043795614266337,-5.697553150253043,-5.793264221450317,-15.906709223847383,-12.586109959954971,-34.0810880895657,-16.981694617302836
2685,13.65652624459757,15.839711890651305,-0.015433299841120482,-7.606600246392841,20.449796587141492,50.46605500834607,31.664656733602413,32.58326660090963,-19.94089071148643,-7.5206401903013695,14.068132606434126,21.05523298413038,-29.094643265494923,-1.5403486456868323
2686,10.807425463866256,28.57169752484185,-0.7949535358632205,-6.840321446411232,28.83614009706634,53.10668428779507,25.79447458091089,18.231410335149924,-29.199218928459356,-7.168164244712184,14.624846833867714,29.587719488287444,-13.791839560230862,20.078141334328617
2687,5.544771879649144,13.738096338423244,-7.270790672799152,-14.260246042148484,7.974980399019311,37.71933522669036,5.593780272271672,7.297041293552003,-29.50209875720381,-14.770010752351258,-6.848024873216177,24.97845684460602,-26.268970225429783,34.77079788682855
2688,2.008709944097583,7.899301936500776,-27.58495073851363,-48.07825984909307,-14.966979332942948,7.154482399437202,-8.31790497734015,-9.664677013085498,-23.098638708308275,1.1291713154356247,16.516462466059465,31.194716767236756,-5.454431729755523,57.26005141600729
2689,0.5291470151746522,6.136958904520997,-30.56743548112027,-41.69218382379417,-12.539678349942292,5.128342811325391,-3.759079038023207,-9.031554786592594,-11.235956900074234,8.033654181999172,27.661328485513536,22.118385037005815,6.11581201395324,66.57365402590293
2690,-7.101868884274053,4.320536047339448,2.5125240393743122,-6.14731471400603,0.8430656106890385,19.637569979391237,19.84888988885069,25.254541834928524,1.5832589832514554,10.973316772451511,8.00967719164363,21.436455148775288,-4.163251943149795,36.07938214084561
2691,-5.756245454802073,4.411663332796644,-5.341854321701266,-12.847483948459509,7.187303762661674,18.65899785584234,25.51198256936247,27.723700167742283,-14.464808719046102,-23.550894948135582,-21.17088467829936,-1.9068959905783802,-19.44112611087392,14.706438301404267
2692,-21.572490984330464,-33.869002222345884,-36.89295768825533,-46.45409752346334,-14.696909324419503,-27.54053504911124,-4.55297462774494,-3.9695970770715667,-19.130169795920256,-20.10338564445531,-39.093244682800616,-45.682814907643404,-28.145880364072216,-21.831145697683226
2693,-15.223375436388112,-24.99558746118841,-13.862252214588809,-35.568176906627855,-9.58799577193499,-24.274865174525765,-11.757533624960013,3.0301350955544644,-11.344188435105197,-35.618300817950214,-20.795912604563426,-54.370912661649314,-42.04705324650519,-61.356854215290355
2694,-23.172594812704805,-25.088600564999318,-16.63165031241998,-19.39167815390261,-15.750480045697447,-17.97861262228037,-11.6826325323904,-5.874918211857788,-1.4751293645744152,-19.63605126497195,-0.9584753529682128,-39.09091815076077,-10.183868721400746,-27.91003168777572
2695,-14.7445884494958,-14.605876244313166,-33.69172838340575,-45.652911955630366,-24.81710054985215,-23.499714037526353,-34.066453270614694,-34.65524742810246,-1.3173435875555353,-22.299642047804635,9.88520180019639,-43.046939514475525,23.313167936646405,-16.99352028138522
2696,8.10676472725571,4.030666886432243,-24.66351379235252,-28.859727278238573,-30.06454894196203,-28.01442544242162,-19.13022740084441,-16.667342455487475,8.228265556309672,-27.346785090273766,-0.7213485072556116,-26.897107723243348,2.550539742510135,-45.74692283298341
2697,19.69534464376757,20.907447907675028,-18.51505357325154,-30.11919851697677,-13.443772942321226,-23.299606908908107,-25.04395538565507,-25.736818085709764,7.208558449806528,-19.82719712528538,-6.70355764124135,-16.02213206030736,16.55801263215995,-28.81124144453308
2698,-36.87707975640492,-61.626599243956484,-60.358434772936995,-75.65416067825643,-34.46411511890615,-68.11084701525014,-41.15625720836601,-71.58364304328043,9.174152760182988,-20.954150390168785,-34.11045235606598,-72.24950409714098,1.4205724804524804,-56.56651283722956
2699,-30.667047888903287,-47.02499257489497,-33.707936859806836,-32.315945422263255,-15.319826539834356,-14.605506105922416,-26.120333179075455,-25.88198512799596,3.2054600634535344,-1.231639159786626,-10.179391233404758,-9.119005434526834,-27.07832607214704,-31.03971806875198
2700,-62.84433675730684,-58.0478717187016,-66.75989868054872,-69.77516100062854,11.787555552057292,26.70534208399167,-67.77574221176118,-61.510094431055485,8.581506936102437,23.88980112266912,21.154035293760973,61.363049148904516,-29.998040112210496,21.634600819484696
2701,-87.77463940140608,-92.62015963485284,-84.08602875822461,-74.2229243519819,-32.59089526064896,3.0909731496376693,-113.32939268180316,-90.07981099101687,0.8044156359765205,4.170591531414806,-6.922834427008501,32.23775320307919,-28.48632467327709,25.309784975608864
2702,-134.4208863029906,-132.3028519689076,-70.54345202445751,-75.64913292532134,-49.93996381520127,-4.7937920953073325,-112.50367505176804,-84.0279226879241,10.430060998964954,5.5252981019753555,-35.81680242339708,9.869688025750106,-28.122777686221664,9.1497452676345
2703,-46.306123027251225,-45.46873799594813,-60.699677992414394,-52.24071460393283,-10.545388225464425,41.401779196619714,-75.8766269742669,-43.851259161582526,10.67789340822958,8.9377694365918,19.94024743239926,46.71495801464735,-9.61173269888935,19.77941165395816
2704,-10.998980275293494,-18.414064761752336,-56.531939173062334,-51.471716111666076,-2.9393553716890186,30.003356133119386,-53.132282172947,-26.358111635488164,4.66422564850845,-0.5482773166372992,25.466918634211154,36.630654549459486,-0.4997585669702437,11.15774714797101
2705,-18.400670069411674,-34.520968594563556,-40.88247457309984,-56.55338088105637,1.9435531353635696,24.951754579376573,-47.67110631950321,-29.579682591079226,3.68181651016979,-2.475829343512965,21.826946465210433,25.795582132998693,-8.683836259878715,10.264464985034548
2706,12.297714934394756,12.43441294139573,-10.15194805463186,-19.72258315313838,42.46694304569309,60.01897309009604,5.3576565062562045,14.976777868592691,5.216314804013906,5.147741589839879,56.19879702246348,51.32701357727812,-5.1379075600689665,15.853554007073827
2707,20.704814542605575,28.429115438295693,-17.159370444219643,-6.3821413192190235,30.763873817013344,40.3483925769463,-5.825570880251983,-2.6800577048724237,15.9311156298539,8.45891262834919,59.608942076294866,32.59480826013896,-0.424976673588998,3.2357967411735418
2708,5.308158815479111,4.343202291661492,-20.131039310185486,-11.372786776543903,3.139399170570215,19.566697686510707,-34.79710430125216,-24.065451259585604,-6.269020088272331,-5.723469976945858,8.924295081995073,20.831201958405277,-22.370916689101975,-8.310335264173597
2709,-32.80439627853934,-14.602820008385244,1.4441373339319403,-1.9451841803555452,-11.500156969955919,1.4817111727287384,-15.593678016643782,-11.884424719650575,-6.558861149755226,8.42626435770061,-38.965780490011085,0.4031940701130736,-39.44723811400661,-15.72424459611779
2710,-2.3913913670846414,10.277103950527426,-5.450757813218705,-5.939528231282789,-8.304193326848223,5.01426748904255,-4.884847370578663,-3.7049249246520297,6.584852171370614,12.845027795773332,-44.452917259162675,-8.306032432717556,-28.244345292391394,-19.899188834240746
2711,-1.676866401606136,3.233503643770845,-30.525085610151006,-15.946290542968281,-19.423130154794315,-11.18363229161797,-21.835336062267935,-8.439453223140296,-3.799698622920166,5.947358060857001,-30.390721883757962,-17.717201133796394,-29.518583471060694,-30.528717822837503
2712,-26.33188118071449,-19.31789126021343,-35.52677405962499,-26.922550482917032,-29.797433088108264,-11.580390112011553,-23.377452877035353,-27.750698914889618,6.02007002730607,4.391371193808043,-29.04431664863657,-13.130639366490463,-28.510116735757034,-21.74360254428497
2713,-37.96120217064268,-19.172779341285402,-29.540175904332752,-28.366935886932325,-26.66445306326613,3.6202243551452504,-11.948589364687228,-17.82341209458054,-4.611860443206906,7.8943435510901026,-38.75742757516551,-4.339039974244369,-18.120911874805287,-12.779074096390831
2714,-19.469375482286456,1.0079337801099388,-33.22742635142177,-22.327906753722985,-9.85767912281377,16.86340738743718,-3.2875958017174205,-17.69442183138366,-10.60744338300702,-14.197643543836417,-34.431356546974214,-1.3270266203384233,-28.461768850591078,-23.90020015463405
2715,-24.41653838107165,-0.4724300567492685,-39.8694538918495,-34.213670493441334,-19.636245702979124,5.679792279105295,-25.379640843053146,-12.362825597303447,-12.218669128687162,-2.465006012458933,-18.454205429421386,-9.221353007426204,-33.12683139472038,-33.81077180748005
2716,-21.96384850986449,-8.586708682228936,-31.67499470757426,-23.602312179426615,-28.93661894835277,-0.49969657635259374,-25.10723208533342,-21.098944450029652,-14.240351397936351,0.9485505017210263,-35.19207393028608,2.1965463169503376,-32.244818725209896,-19.759162805293755
2717,-38.19288709319051,-21.666315463932754,-16.846380468785785,-24.440428543139774,-30.421369418427314,-26.1764831936484,-1.1950294394867655,-2.8595033214084054,-11.630936391995183,-6.756833448121803,-30.51551571239587,-25.786627147103488,-10.236759593296082,-21.156833503111155
2718,-25.5958664129685,-2.4436392019543156,-20.945432953559305,-19.97097663896785,-15.236152270257968,-11.150006447201836,2.230321523188884,-15.065015869345448,-3.9639151537974704,-3.1304530327903466,-3.0875055855623845,-14.949394598337859,7.368925488984285,8.45383068168578
2719,-19.93973971160582,-21.137428791161405,-30.33404053519205,-27.57223377072307,-25.32000125846142,-15.357138633033282,-8.576608054423073,-7.0108334187756425,3.0661450204227823,2.954958534937373,5.85511822911179,1.4845213401535235,21.712520684405476,35.0047623548769
2720,-47.73776930753001,-32.68832951863176,-25.2875292152571,-20.106207778780753,-18.838894222506365,-24.277897707072235,-3.2032747031814557,-11.06883844845209,3.1109957964738064,-1.9982660855389547,-3.4525484741761954,-8.162669246285633,30.03668189650623,39.56534401101945
2721,-14.979090408669428,-11.680812322532754,-22.293946211474495,-17.540817940607116,-17.71351190105695,-20.17974455432482,-0.8680279131150296,-0.9553739068569083,-5.429442464319244,9.44529474082093,-1.067434563333066,1.80603353576967,35.075275263138366,47.60704828128078
2722,-15.896035410794273,-25.565135007930703,-24.092216594803954,-23.27981070351848,-36.979270413827926,-28.215171048432,-24.887681607692773,-24.626559551863814,-5.163071972475331,14.645356627813527,-22.57775958694515,-20.74477887176534,30.927167129238732,34.88852081759842
2723,-21.24393170074894,-28.28637875249163,-15.643033178588782,-3.3068634006549655,-40.395732601865696,-38.641442127740035,-29.869236885392635,-21.180545778350105,-5.189416155569178,4.905934338461629,-39.6002254481722,-17.45485431182041,15.475615323555425,27.39493157864157
2724,8.401694740554253,1.2974043160396815,-0.46830221937410066,7.200179035203723,-12.496020926992893,-11.235063228191821,-7.8485619133800055,-2.283405373878813,10.459153472517874,1.8062450355708555,-24.210948223663934,-20.141921627665475,9.41168766283967,-3.928288418173121
2725,-1.3271881495228703,4.031908016421835,-32.380787506348405,-25.191174120971827,-11.010438767501348,-30.83833279567886,-16.696095874436516,-24.056284323935262,2.1126247350129814,0.589043889985275,-29.99970228248847,-39.32306671477306,-1.6600179614073767,-40.08788994323982
2726,10.8529300926216,5.462443029246326,-18.259053203518196,-16.815511096065826,-6.646225613080499,-8.02738742060093,-26.121899141401702,-31.746711149354734,7.5014152138892785,-5.20812601589607,-28.09870894162745,-23.03541964234297,9.847374279105317,-24.177554834005893
2727,-5.768938025586745,-6.762670573139818,14.859555488602417,14.513222744176087,7.293985769018404,1.831014494676772,9.719833555386842,-2.9424260915047613,7.3232057968347775,4.465828879639407,-28.850374684558183,-20.704692035408463,11.591318816541985,-27.643842890053953
2728,18.129622807136073,27.937068767324515,5.526603839427175,19.45794974670684,13.619745515758481,-2.316757039709547,14.891034128988782,12.02039757209624,8.01029163063763,-4.047342059940257,5.7832412289092385,-19.966078807533638,17.628078170002865,-21.029419800811368
2729,43.864142155724196,31.101077499959427,0.7977645417617355,5.340045022068422,-1.352133583922803,-5.784718236434891,6.543348208478967,1.1087629005777475,20.02937027745574,-17.365366760115776,11.901345256392643,-5.691388690040966,22.132244441715116,-0.09547319208492298
2730,28.470546615233047,13.527737828836022,19.94890823214401,-3.610965334675071,-9.384879615922046,-21.63517564930091,23.15270012748575,8.48791830721695,2.012941461330737,-1.1232617754709828,-1.3957955805594038,13.596872164479676,24.811932256562013,24.66130167540715
2731,39.21633241749728,19.960774085867616,40.1475734581198,30.891949639729187,12.402519688912243,-0.04307664466184592,49.857807886436035,40.58670893915638,5.903754411165369,-13.669882801665924,59.4292983261622,34.03018241336513,27.492609065989388,32.85736609362703
2732,47.75064499470145,29.042910899030467,19.435065157399077,5.426875157727694,14.991456767376862,5.704422669092579,35.86222088488322,23.060570431364205,-3.0518926265978146,-4.3767805221108596,57.42425088306808,35.95208733937835,17.254282370916034,26.827937315471708
2733,33.00550855811838,25.15182092424817,39.97881745780935,32.70062243943729,14.420843725660372,7.319339251677574,34.785100854900016,38.228390587589345,-0.17107974428030293,2.330006745106032,26.1036417909499,28.51032489986484,6.541072177365829,23.309580781815352
2734,2.8220188230580296,0.8047163069050169,24.779854937165027,30.383822992246557,-0.5727554494386999,-10.2492141674942,26.192085648670663,30.573774457318006,-11.892027825034168,2.5085651059190957,-19.71230386830985,-12.443551841484888,-22.72439357962616,-2.403313759263872
2735,35.81119297603416,33.4062585531474,32.81367971300684,37.25500626920789,12.685061508952746,-9.460137077320267,38.04039286932062,43.422942243585204,6.683343328303526,14.866340327963385,-13.18049204765592,-17.544507007343263,4.198214547489845,-1.027390796770135
2736,36.815825298281126,41.886836099297156,28.23561131561485,34.4881310517679,13.312160826452688,-26.84941327081401,30.875941125977615,29.662475696977737,-3.8890390843844522,-3.555576150310835,-17.1917357664191,-38.42997652381187,9.033406816800003,3.5873454782533853
2737,49.537320153515886,29.129666969832883,41.40836430028174,48.000437193785515,11.079793439781065,-15.502085138452287,41.407981475353495,44.43571568571245,-4.160986606237426,-6.2273749446825475,2.2283371775624055,-11.51085002000696,25.767365879343892,24.21078769772153
2738,48.599295360189686,32.72839701219086,48.61432881860984,36.32572558320085,30.75704308699674,-16.212384660486702,49.608285169882684,41.05882712180575,-8.28001572311346,-7.9767517218118345,29.942192726979584,-20.18826911611696,36.83958430078058,23.210364508302163
2739,44.76921232698393,17.00877821268276,16.928156352299055,14.161998460630821,21.804604180288457,-21.102413132059947,22.477048819928076,21.589599742076196,-14.24843203934691,-11.673700269223563,26.81771269719358,-2.051501075143397,23.315207702594503,11.192409975670161
2740,69.34545973054647,32.49896852011127,40.40247918053576,34.905919633997556,21.818855614810765,2.7816979928277825,54.870365645522035,34.63017256769043,13.581888184017666,20.257808486386438,73.46707209481973,62.263737403125965,59.497577939093055,68.6460580850522
2741,49.595798516693534,33.56189060208505,70.30816918271488,58.04136012467099,26.957816957955202,10.269066177380996,57.648134857151085,48.03937605061017,4.096453259250263,3.679959716701447,55.363634846589406,64.53461320761006,47.00962373244689,75.7389353615681
2742,71.60192283897862,58.239347087292785,74.30850664478506,61.1369452475436,46.42678209004009,13.692696547678098,66.22959878226058,45.17874369880077,-0.43290237172974083,-6.840277023277176,48.822781696293106,44.19742106562379,19.831692579733495,36.20143043331605
2743,76.28565988827442,50.54819649518684,68.68262189443095,52.283069709925904,29.2315855036098,3.5284775401571635,55.574624724375056,25.030705728444524,-12.81611463113015,-5.178506430941057,16.939956499599933,23.876108256809385,-4.279638124307498,11.221718209767232
2744,35.648823969670595,22.932563083991756,38.186869584436415,32.9318259502726,-0.2452978585133503,-20.8374895247606,34.41427486901448,14.811839637191861,0.166618299272983,5.106469080788568,-15.273754708950023,-11.286893826911953,-5.649606025355087,-2.833640501373385
2745,-14.287182984669588,-20.285932410884843,13.132246538127184,22.299030429022398,-10.01122665178226,-30.185328986993202,13.656251855508854,7.871598377865956,-10.298359681465753,-11.946929194183946,-55.95841193995081,-55.176165742007356,-31.367894908826152,-35.62703838737399
2746,-45.23431151301066,-45.74591673794366,5.487481381515907,8.843530433596868,-4.632807429581413,-31.487268121941945,15.063558838120747,17.029935179973087,-23.40172924892977,-16.867105264656562,-81.87413873472411,-67.02867972063785,-61.797267824745056,-67.90223111464735
2747,-43.32422551899602,-42.51444649394034,14.896331702033445,3.6768004045369933,6.812098207298673,-20.662249486780734,17.682388699414624,21.1290520377871,-3.498188661786108,-19.29671263427548,-49.35485494147389,-59.41227247770952,-31.386532686056793,-55.42312913709384
2748,-23.697388881965615,-37.28833327314203,23.610092150401922,20.220205483601486,15.455743893975235,-19.714080307025284,35.34124388975983,30.497066926899407,8.12666614293918,5.166964600256453,-21.005225599223106,-22.683153907343083,-8.847518231637482,-31.44593826397846
2749,0.4129195672814742,4.624372655882886,35.284172871596844,23.769550898482475,25.86024465577885,-4.643072592158721,36.00555865999639,34.598912004074506,-1.5127360809524426,-10.739528179813561,13.641669934497791,-12.79504240982312,3.448978181994751,-16.278393081712622
2750,6.264030548072655,15.022079270874517,26.849112818903976,26.960153335323145,0.4779744470082239,-11.748589422719862,24.960594998890723,24.133592246427124,2.673526962760031,1.773793265446082,20.914941514668804,16.517016830070773,10.459696730627561,17.891030831834893
2751,4.934231678203587,-5.4845883983862915,34.770996187000165,39.93340444377614,-20.012043406200902,-1.5237895643591581,11.36288816075268,20.79063024024263,15.639967692072185,14.69994386184146,20.50391665621694,55.857014010544916,41.77046997120202,59.421777410379235
2752,-22.74571960269762,-16.37547249483163,36.96931128048624,29.347778907460256,-33.38674661201191,2.2444903811977954,14.63052878293826,4.855207020856163,20.292918761582992,7.618256989415524,23.732973176724794,58.81753477423729,36.40927551722122,62.78096401562236
2753,22.40821692202181,38.920580591797226,23.327090724193088,33.426018347565375,11.358018045231878,55.165188176139246,14.017213040001133,41.102270663486806,-3.932265299676452,5.945950418811218,33.47751146227438,81.51739292901844,-3.421253259450019,53.56274742651045
2754,-14.341221802423822,17.68156434592489,16.82503306841511,14.471715456456646,21.09868903675461,30.07747382969692,21.854648721689774,32.23413524697577,-2.9393168898674826,10.718876693519695,-4.7657326468595596,30.748432484378515,-18.35348630220224,31.65095807205053
2755,-44.52055470731229,-26.679493320102225,0.2170569501393267,14.797442136238066,11.685167931041752,19.649151453066036,13.422937436500579,20.57619573220246,-4.532258473259906,15.55527807132311,-49.78106961470499,11.681082358944522,-23.48569658850474,6.033571058771511
2756,-77.59484234527346,-53.33051695447779,5.37994695198702,-6.059011152646369,10.302568414115672,7.80160963669755,27.475811248168103,25.612505265185792,-9.239202093448545,4.8830513767605455,-56.996472775705016,-19.780920145142755,-12.917010043575537,-18.065448729381753
2757,-23.20498741685072,-20.21128637613657,2.694597307171975,-1.8667250313941972,43.32553535389065,25.406017464386622,33.88578896918923,35.86578999083491,-0.7112446785684164,4.941300462434889,0.5047701560580515,-5.505180605570913,0.4393202682781816,-27.834830176546163
2758,-12.647024802999946,-22.902492366809795,12.046572396799709,3.4382881369681764,40.54200459835122,19.664198040981784,21.57391406946534,27.70013906836927,12.943429544626447,-5.308724287540573,-6.405943283855452,-18.784636558490813,-9.518325980773367,-51.54341785857974
2759,-33.3483219059614,-42.69578092392982,32.20437745225593,18.843285133903724,42.54529924933277,16.607136291147476,38.70269770800295,37.562731879853835,9.411271605927112,-8.163756454525798,-17.39231932760623,-4.1771007015398975,-5.601279753885999,-48.59563713932253
2760,-30.45644563286228,-26.402871254211714,42.505043847158106,16.493710806902484,25.569802230640185,3.6794439153895424,38.024606060963826,32.194417073822834,-4.8587115521498685,-3.0472546414779673,-6.941190737566233,1.223759908214661,-30.2991325389262,-35.74167954725646
2761,34.270504617712945,35.31873405382577,34.50432299578276,39.88595521375221,26.444152396905654,31.253892880001683,38.96732399192883,30.815263006831476,-6.006980674604068,9.469944203461566,29.343074449381547,36.45555405207707,-14.054720341026968,-8.394737179935255
2762,34.10241256246023,40.0053380768672,22.781677612651066,27.387268484840945,-1.3731291707431237,2.377058977990523,14.669159556975133,11.884614310184418,-7.81566324224987,4.095265383139796,6.098478262051126,18.85893039642224,-11.308811589491784,6.811550703474911
2763,5.917965185829027,12.410406927474009,18.518963096521148,30.605794966986792,-21.815456322331777,1.9767971017942496,1.4079157113432517,4.9994894615979195,4.164715708827384,3.3840640874601324,7.130924861225202,6.087271230548716,8.041606324131045,4.23829343108408
2764,-17.56175254771867,-10.521167572354164,8.991753923986666,14.024131702737987,-25.04374579318787,-14.266780688067167,-1.9172728725612258,6.451186600067247,-15.82075699996185,-8.768746859047578,-13.195090296331394,-22.57277454072223,-22.32910807664134,-13.164817742924857
2765,-11.732121566853174,13.406083181357104,-14.394019738380331,1.2022048703443176,-7.0274757074342,1.9090839449431969,0.9656125223738871,29.923048494101913,-16.510989791380407,2.8024638078431456,-6.629565380570771,-7.460630403065405,-34.27390753472494,-31.00688530878332
2766,11.794382178050785,35.800280680315886,-4.644732327684718,10.356454806730675,42.3898090521846,35.77939825321257,29.802219337849774,35.77681000386356,-8.47247093816158,-11.27255612288336,35.37921358683883,14.584383126924264,-48.764045434456946,-65.43018962528218
2767,2.1713672781793147,13.43500364041498,2.6207360630968055,-4.511246953779969,29.030980148805078,52.76122691584225,27.372905563499522,30.16711053529793,-19.088178686853414,-11.657507405293195,52.49054822190329,40.30093950889123,-14.372184155345106,-6.010446526354276
2768,27.81782169072654,33.46521737947788,-5.025477325261142,-14.201173538036233,3.0578132390487505,21.12837905900501,-0.7999621715907878,-2.058761572724311,-23.090074032152,-6.763484455074521,28.865398725574433,33.385910549991685,-13.072087984972022,4.102424397670635
2769,47.94068976071068,53.52269554562699,73.93608700677031,61.98123158343379,23.195926817544144,20.639887347561963,56.687899569754265,63.832064162530834,-28.716455544637768,-25.211658255816495,22.368560427081103,35.21327736972758,-19.668260175522768,-8.379700129112972
2770,66.55784371753903,57.07971645615261,102.51292318041114,83.95927957712756,22.872945606783848,15.76290163137658,65.30835327806832,52.1467363134204,-8.671460944928715,-23.867138281247236,33.24106024872977,4.500540279615603,10.388626211171289,-4.5737087136513175
2771,17.067985598299238,19.979467440459118,76.75794352009682,72.28542970557393,-7.663467701682431,-2.732675836876499,28.40673344129527,23.90401016360236,-15.752211964583552,-21.348071638957904,-2.57021368802455,-18.487621858427225,-21.147651124556486,-28.581218564545043
2772,33.56613355393916,39.7960573301398,21.390338561124,19.949317358426477,-16.51647148801687,-11.072960534959018,-11.90499355330856,-0.26370140915466533,-31.495952335625038,-26.57527783189157,-18.488973067122277,-38.89167593034131,-45.78152127017657,-41.78980992341687
2773,-10.126058906459981,-1.8541304002479833,-26.217724569894255,-17.524502472503617,-28.328331475381514,-14.958179285025752,-44.30040795328786,-34.58158166154617,-20.742343889978773,-12.025974666130608,-45.92232442688764,-36.90740737959614,-36.16631744216976,-41.63646346824424
2774,-53.707013467144264,-31.834405441683543,-46.24438335177015,-31.429575008559862,-49.778774119265975,-27.797100194071653,-58.08624395582096,-53.667018537144955,-26.96403464859222,-13.426886341770427,-79.00898542042788,-42.39873217621144,-33.557996379529776,-27.74530311661342
2775,-40.46944843648613,-17.3933233328393,-41.515333799221445,-42.65942068088919,-36.669499439103646,-25.450860781252267,-37.531031837395275,-27.141070976940096,-20.426742468290797,-2.8382864757932023,-48.41471768134823,-52.24575092676481,-27.09948877532161,-36.388696970737655
2776,-24.414307360876485,-11.55122636198806,-46.537324837474955,-28.10403104651251,-32.14422955167281,-32.530050285245366,-30.764431734711387,-30.499458674018843,-6.246440656734883,-11.81070686351666,-22.95208540454419,-58.25040407219376,-20.063131430294195,-60.76562697278998
2777,-37.720831122717485,-25.509823639204136,-31.565785362426794,-18.375849086818086,-34.33969946612711,-29.2566508851901,-35.22235781889532,-7.8774533426815125,-9.089189349553143,-15.49056469433469,-56.661964596692684,-57.63196073878945,-35.45861148966296,-78.44132362374083
2778,-24.486588684999433,-17.646536562229794,-19.822431868163548,-11.734410096395743,-30.831373709699697,-21.18550719337494,-13.346226760541809,4.372258299561645,-5.771187792998668,-17.296276674675344,-23.627088532257382,-31.60966084624563,-14.959489752516415,-48.64256573518142
2779,0.9081102214638909,-5.107589309116145,-15.216805748577388,-12.45893732397459,-14.988405661930182,-20.572128417464803,-3.7133130048064187,5.482813846863345,16.453132604932133,-1.3464739609331602,-23.987290374498386,-30.47028081552685,-12.732042390632277,-46.97769496853273
2780,9.252651621846903,8.562538448029553,-8.444148763113091,1.127608095057403,-9.892443907033813,-11.372558909670541,-5.085490776205648,15.989925926255136,12.030631389034511,-0.2558114250280547,7.3143489414865215,-5.737486769100429,7.249329366514958,-31.09702870490024
2781,-13.207457144613336,5.559255331222144,-3.03644636335393,2.7982454583854364,-1.8787887820022255,-12.688768488045502,-10.533621459285824,1.5020585183061026,11.630448781063683,1.8760186539786767,-7.282375606219033,-6.197697040580292,2.680821135714925,-11.921757647817598
2782,-20.52775141261901,-3.9109521289582916,-9.270542399544778,-20.247065785914458,-9.201350221041752,-27.786958371844186,-17.230891461059098,-19.32009279734913,2.0984117490707868,0.8368216140706514,-16.988538685766464,-17.790702586671383,5.63646733359383,4.405468964585138
2783,-13.141995649579835,-17.718749188846896,-44.14455254399996,-45.50770026359938,-13.553596461672896,-22.666205943840957,-31.378399080964677,-30.12462259521564,9.324108731433723,2.047820605992073,-5.342562997725415,0.8065707934607957,10.08137392392958,30.614659663981627
2784,-32.2947438473391,-25.06531987564376,-24.565803312269324,-17.395056999119095,-13.593640704701482,-6.1251229706522645,-1.4336647289239315,1.4673239615099596,-13.37797449621651,-0.8133030991116836,1.7523553863835826,32.34565327362978,-8.518700914552912,36.95415848662912
2785,-12.221432561175668,-1.2651829847673364,-3.175400496489242,-15.065359792239917,-23.97352169861569,-0.29348341941452893,-0.6822485932743696,-3.068025390989328,-12.208454310756599,14.30329219086302,-4.5036509078192655,39.7337966147043,-8.71260647036227,43.16976385577484
2786,6.840255328171995,3.8783371193678167,-19.571092397080633,-7.71913336900043,-2.335672256822088,13.379749029562786,-7.034765000777894,6.4516587638479965,-17.12369075098614,4.280228233094835,-27.089982559378786,18.798414855697786,-25.18088921364321,12.276283790914983
2787,33.96321422961176,33.1469961969167,16.321352540115296,23.02969536312596,1.482275714036219,26.877720996561237,14.135116633498594,25.89042332716832,-3.399486411091431,3.7310367182480504,-15.859336774561902,-2.5015669303867227,-1.751456138126913,-20.341709394705127
2788,13.544191738064313,23.885798461466848,28.13530265379472,48.24628228212296,-2.493327246417069,25.123888073608644,3.2124006085849715,15.23775473145414,3.5141905483920346,-1.361406811214068,-16.10289810335755,-21.399949268679777,17.44707822858714,-22.467082276140587
2789,-0.9588829255073466,11.96194720282453,18.646990096770228,21.532652362558082,14.050887968594964,16.025808739483786,-3.7220258072415944,13.223094909559356,-6.876835197100522,7.102893591758445,-22.979735318405478,-47.257443767303386,0.049515775176244364,-30.866701412857495
2790,-3.424478452040182,-4.760213394081745,23.1642413626159,16.35668173753955,28.85130994126869,19.73230638829071,13.368943940915901,1.6973603770551464,2.7300809634471253,-13.30809444811086,-12.489401501294736,-39.95902340774771,8.524855599628394,-36.48180521724382
2791,-24.964781128433764,-20.275860536103263,16.969279992672252,25.354921796692167,14.345007714168833,6.5814782232164095,3.73843837553184,2.6644802807974655,7.758615583032683,13.5422029738343,-12.831086710223268,-23.162949867915447,10.350667441576576,-20.08781058486343
2792,-11.968924549853844,-17.04912832259897,-6.63668736519362,-4.861021265118748,-9.366222766136275,-4.763125604013484,-22.78748712808387,-21.708708353565353,6.483037386856515,9.583415513701809,-33.00059380487833,-33.999085519351574,-3.6924862191527463,-21.005897128471528
2793,-16.247251977382874,-8.157179801250694,-10.790072816227445,-6.259756890553103,-31.620652862649024,-14.003171146640193,-33.8105399623579,-26.184373275295428,-3.8978421871568316,1.261878578495598,-37.02296727414727,-12.94875544391398,-24.826426480442567,-31.14978341285098
2794,-41.891717060158214,-37.30343808669258,-28.709329111938008,-31.747654126126662,-66.64902079057633,-33.01214049131765,-53.247981583942774,-48.6493904100668,-17.002132105023435,-9.315479119694814,-76.48259809434731,-19.894336889698494,-51.740484291391866,-30.664906849849046
2795,-49.29680273108319,-48.840915636386036,-3.001429811432893,-9.483665395409242,-33.785637556724964,-7.532014283023136,-21.147278028703994,-9.656145358913083,1.4970098909270881,16.662797149448295,-16.37314433047164,32.6315611618091,-8.3345438788949,21.235086089620847
2796,-11.30754866725916,-7.738995573741987,34.13184828817224,43.098633453041316,-30.393849701951428,2.7658064087003242,-2.275188797984424,15.196560145062994,-2.3774210086920347,3.5493736721664586,5.694208440642976,44.648213038341936,-17.93568697379495,22.57951673023604
2797,-1.9351348621466395,6.124423861718938,55.37540975909403,62.41558513863493,-21.78337379350097,8.980591924695126,17.2605476904432,26.571579002555968,0.47084419997656113,19.405755848958357,16.831398334262783,40.477879134896085,7.1360177448945254,28.623652889694508
2798,-13.716930702052808,-0.05975191795874801,58.1968534893777,57.414007518890116,-0.19941550389518792,3.6844457242573876,13.943681338373489,17.793452803738557,11.91580677677104,5.94473282625598,25.792264024679227,1.70708448652678,24.259273661041878,13.431313200816827
2799,5.255591706701008,0.8439311549565194,35.5010058498842,37.5447542619542,13.205931557489036,7.814729892511153,5.561322796487312,12.912554879450743,9.605996329265581,-6.373720468219945,10.020584193443787,-19.91871692281187,9.511983563586647,-7.194170915017179
2800,-16.831874661772392,-20.58165251819795,10.098005551188649,17.18891636707166,7.4518386100351695,-8.975133698445422,-11.54798131340254,-2.633527291802877,6.978578062167838,1.3721611392101813,0.6218932841075505,-30.652526775505535,-2.481444092946921,-24.693262538764035
2801,-53.35261152094876,-52.33290250578689,3.079117746164844,25.73538464875217,1.5364920600066236,-15.626609211886661,-7.643396230552409,0.8022938592794084,9.120338148482121,6.101431668134569,-20.4153634344878,-24.087230505827723,4.0326504521665845,-7.9876320819351
2802,-9.870455476737154,-4.921209574010398,12.749301602845899,18.878181459911616,7.6456334415641845,7.349287125235341,2.0182394371459385,1.076439930466559,-3.1454691940487227,1.9664224789897804,-5.886419917914107,-18.813909916440018,-0.6344832729657356,-17.553012844874562
2803,10.752169045527685,-0.12808976802168526,12.0427323179183,12.22095504982753,6.966631151583703,1.058568930065008,10.933607938084204,8.635081471908862,3.1794574527012256,5.95494437036384,16.155787215945423,-5.023468125999745,14.55407187520228,-13.033750080913206
2804,6.246228716193659,4.263137924978807,41.739374727389134,29.682800408137783,7.115118397442579,12.211897646853902,36.87908769831438,13.53443212790811,19.11071884262935,6.862469508866834,28.94572300987886,26.164201689057652,48.55622672295663,39.26882506565996
2805,36.362120893115694,33.84587829029781,48.4929521709866,22.243153683070343,1.7747893099354402,18.449589128560053,24.94016399931143,23.577020013500356,5.116098984706178,-11.568461328291576,33.694542096772594,30.542694785463897,46.89201041765427,48.871662268516324
2806,49.47071390728285,46.3505240108542,38.76163497491155,36.759073209119585,9.642181016199084,18.268754531076794,33.30410194830438,26.275793506954564,0.5357234926554248,4.252095314225164,54.13530056740571,34.53921157294618,54.56872334439128,45.137609838232194
2807,28.629027245828055,36.70477392284243,34.52087557434989,27.607799332705607,25.194150009055676,2.6849889284510478,44.2779061044675,29.70404344806327,13.409256659464587,3.7143483681843823,70.48471583574441,24.62039543022225,50.235506444224384,34.977598616718026
2808,-10.81085233987503,-2.8294508938719476,11.533510348033891,10.676694961631036,26.932222939439356,10.905935120909419,50.54239882045646,24.73793049267865,5.190187944837851,8.05484636359634,84.82584759030057,49.27862332931357,54.39354781115863,34.14378246667351
2809,-1.0975883025551478,-4.406467722245099,9.186277816352721,16.0267413435205,55.21832199664429,30.460436566508985,51.15340927407764,35.55806779860485,16.71533609112389,3.0795877492875454,93.40698072410585,52.56194374712947,46.76167425161346,16.206559774547383
2810,17.445555343410188,6.313963927121628,17.405175542616355,13.336715077186561,52.01978457805716,41.28051670571108,44.249462619075814,30.67710785233685,13.062778098772478,5.99889874425684,73.99072780550097,51.12839107161429,23.1656307776176,5.08261428426739
2811,23.72577176427481,19.41621633488885,40.694950236179714,40.78244611565082,56.230931237937455,42.734712964878,55.34504174336498,39.93253231835014,15.66594999011049,17.835268280987925,50.627378210136946,39.41685102415732,18.904845858224192,-5.7478878812031615
2812,23.408392906500865,8.47469975753736,20.178746218192277,14.228320984248217,32.94630557697585,49.38006574120373,43.846445793258155,42.27851756612587,0.11590062204907896,5.441013080461952,6.267525609765222,40.84865625552035,-0.24103752431734657,12.661505893911901
2813,5.748719767601322,2.9349637800339123,12.717195810616682,13.67072230245671,26.686623296278256,36.96095319432805,48.95503783799334,51.06069394625746,3.1042296807645453,7.794622322698638,-12.574214370375515,17.71670764641053,-22.451369697116416,-10.891093132683478
2814,-15.411793828127024,-7.966432162504846,9.651118703178534,17.927585161526892,15.50653681707411,17.64334983608236,33.46191597848785,35.64590451384419,-18.487712607595736,13.780854525422978,-31.07991271252144,3.9336298646880556,-39.17673766715748,-15.307555017060013
2815,-33.28158457304076,-15.683376712373548,29.08891058145638,18.93339060752308,18.57348443299842,1.835887671177506,43.230852201229894,43.37722431206539,0.45521218139411995,-13.213527425833302,-39.322184951075045,-21.508807168984287,-35.87334693508017,-17.034893721595026
2816,-21.514030843910323,-18.03592992398074,16.950189647524237,8.64579842263234,7.46703213436661,11.388845104859332,30.72364882789599,41.61657774378007,-8.560000531234568,-0.4527732745729458,-36.5699003302806,-11.861826117207485,-34.727392708957794,-24.491960986908737
2817,-18.03540549644092,-11.787768427341764,-6.225109916577574,1.7150078605597319,1.3188348599781616,7.015086155510484,17.177425375982107,38.823110505798184,-12.021513327432961,-3.218858928351562,-47.71171278008586,-17.0317520046276,-44.75522835837979,-28.827918893970082
2818,0.39081969740872285,5.64797990945843,0.43874058054076664,3.075541930433422,6.29240973821341,7.242503668547475,19.973149113238215,45.88610350550267,-19.42752306594822,-15.77836954927563,-50.303797334121775,-13.749239215625547,-33.65459900378352,-38.16256166204496
2819,-3.189562551144929,-5.096173838000695,-6.969131079990412,-7.0960935672182055,-7.568252467337745,-13.803815871330016,14.352316201049547,21.937087936502817,-20.612929202191143,-4.2519839767865415,-30.82084335257352,-6.143200061233466,-15.636255275283151,-7.051961018854575
2820,-2.812636393390403,-14.351852599317349,-17.45814490230078,-12.882513692785409,-16.941073990196145,-22.993510166732968,-9.245266607308123,9.797653357711749,-11.478139250299824,-6.784459162075138,-20.406123683925944,-7.879068593120779,-5.61979994847258,11.092836157712153
2821,-19.692583649393296,-39.35576445305761,-14.884027228165074,-11.997905436723006,-16.01076019254769,-47.970113067626265,-13.678336099002587,-14.714932937683352,-20.605414004559673,-13.57102359787356,-35.06979080667191,-13.909652450173049,-11.220691273719849,20.020188645241692
2822,-46.14753205669339,-63.297648935830594,-13.233368470534549,-19.230348265119858,-27.977609162249237,-53.18155995995801,-31.394660017176513,-25.001409421628264,-23.22147694821364,10.497897099978228,-35.433057066014044,-22.176759655249654,2.616375747654684,41.523749541109915
2823,-36.56315303959852,-56.172288127421666,-38.75948069473864,-36.30321549951556,-45.49294181760059,-55.37965728313098,-52.38493362028802,-47.45472452976108,-22.338128411682288,16.06457316650905,-47.41102440488367,-14.383225059007628,-15.596081007028324,37.504658804584416
2824,-3.113783391156464,-28.43660559042389,-47.15001903877471,-37.98838351798601,-45.53854511159247,-31.163869302883004,-50.72592540744116,-41.173827115310516,-10.16584593089133,4.078274853976533,-37.92882913147102,12.781977094232799,-18.739503864543202,44.99190072995982
2825,-33.34212212541167,-35.203196723907354,-22.970631408106303,-24.007844447612058,-28.836747673679998,-22.024468928804744,-37.555433269871266,-18.365547722079754,-8.664486602761778,15.6178771154338,-60.60019305177421,14.528076720062927,-28.45324050658776,34.79573990882903
2826,-29.152186990012947,-28.486615043055533,-21.37569488279186,-36.129719973393335,-20.48174311490494,-11.5725780129461,-25.96348921608531,-12.599005335231395,-16.94823634636353,31.174234610025593,-33.440869163536526,26.01117354960281,-38.02716278009168,32.361595406950215
2827,-20.816561900228535,-33.05811677768017,-29.116122970775493,-32.155360162123856,-22.295073981112193,-22.442904270663213,-12.792231113987112,-22.008891629958008,-15.935949348440454,14.428670774604297,-26.444948235541386,28.080414879301557,-18.350407633569652,27.043338100707135
2828,-39.23049098847352,-37.63145504558976,-23.075324326743004,-21.642417448343142,-15.662613143628844,-21.237731574043558,11.00848756391155,-8.59575960340177,7.939739280136005,9.288772575493702,-22.01463084582404,3.131287726666673,11.304617519875162,9.900184898451249
2829,-17.492575358921265,-22.539954590021075,-14.803602976009865,-1.2622255376306084,-21.53218449964515,-3.4539343453298197,8.415232139472218,-3.527430919437458,9.141329209490538,5.377512641534272,-2.2086404732702025,-8.236895554035208,41.08282555044623,18.032607440376466
2830,4.7431456400560075,10.074820702502086,-14.259625602535472,0.7812546358515875,-9.285277449292185,16.647812371732297,-0.2529413149290729,2.056616161255297,9.447708996840388,-9.077777016512925,-14.221924746888561,-24.47988738457292,34.235962221177424,10.12768124602617
2831,25.566091835486745,27.704620734383187,2.920081536007683,8.961102302709484,1.1939529576315726,26.580572103932322,10.847177801423879,2.3961229048576866,10.835081339896513,-9.04494521596109,16.342277490070778,-4.612939247403779,34.9744179856166,18.65383040104279
2832,4.7749598621606095,-0.6006169687846759,-17.294802327827668,-0.7290742633515577,-17.089991846794668,14.011208477935982,-23.835980415564418,-24.754696958772758,15.198510555830987,9.343521580151293,12.967547701460584,8.530347392874546,27.94985660181021,31.87413367459216
2833,-11.270970467952857,-12.553997311255022,-31.03958512941082,-16.031225297830154,-11.28926118439516,-0.02232152576043995,-31.997332742211295,-29.928100336257682,18.49963859869476,-10.157142193112035,5.522574098899116,14.140799913098272,15.420938467619766,24.392485856980887
2834,-26.599484749954197,-29.513858378790427,-25.54083587026948,-12.047919421903856,-11.851295370015453,-9.599748401920184,-23.137137040788392,-24.202861404536414,14.82676057987296,-14.538511908862372,23.198205428368,25.819794052883193,20.751557908516194,19.58261762678338
2835,-28.49252473797725,-26.35653952345459,-26.205741099518605,-12.430434055576153,-8.958791328629513,-11.530529416543775,-27.541504592672116,-25.662827787997337,12.846941285919847,3.567002905472985,5.449088451138692,15.406103413438387,15.53273276254308,28.698377801226897
2836,-58.87653521390822,-51.93494646926595,-38.03976389254222,-31.339744077057766,-16.470387652419536,-22.663911266631825,-36.68341325754641,-44.73873893498912,14.154068045990627,0.052481667950363686,-11.360445480710617,-0.7223105378681112,8.127621009615009,7.302694177834923
2837,-60.45576068643124,-52.46298233001255,-6.023735501725029,-8.904787430880665,1.6722088736241558,-8.31527368388559,-10.19499919427127,-20.17874462316609,26.447519247670872,-1.3001060821455317,2.676192320151223,6.088119824448692,18.674180586696227,5.454949232917258
2838,-45.44710947694969,-44.25040202788561,56.90632656996696,32.87080400840283,34.97537219529678,15.011688162670866,24.37160708996808,8.347091382049484,30.191575376594358,0.01837965042013634,36.299893482735584,26.809451428771755,24.203720825617456,-7.827617824427178
2839,6.146471393766156,9.2999417562147,81.29847083437697,69.85007841139708,40.09777496211347,42.16561357604373,51.34006618066264,49.67557720278669,15.788649118259642,-6.397197853459775,36.52854780961189,29.39277145646706,22.651512657278946,15.093117177936882
2840,22.121104344847563,20.682188487217186,87.81727109414796,69.46827713392035,26.245542023440407,25.946514289379422,38.81253217390262,45.92521929707609,2.399992122072758,-19.813085979842917,-5.073430997454192,20.45856051077358,-19.088861146573187,-22.523020445542162
2841,14.034493700145179,19.704182724246913,74.93448297033898,63.036605949431035,14.249979867567662,9.769573777629613,21.850010408944136,22.383580123121227,-14.291684759275364,-15.416233023143407,-52.88790454884099,-14.101388150452685,-47.80313964890581,-28.738468863256447
2842,24.347731674119807,22.443656577643267,52.875421149873226,44.174281062655126,9.44975102941157,9.103393437531528,13.093877649150963,21.31633868700512,-26.993563953599235,-10.766166882307141,-51.291854810705175,-16.527646378574943,-56.96238870655671,-18.31981781523704
2843,28.982566145331425,16.018493265056726,40.60900980594185,33.34776752422837,-10.466588865902613,1.9737421996974207,-6.747394108586705,-0.9768776234173124,-17.863773992822093,-13.154451767561904,-26.392201776212183,-9.930137760180017,-34.32771887344284,10.970823473295411
2844,0.1166762897103225,-0.8797909107028317,15.255171437663089,13.023741985693619,-6.089823615903612,0.9098992292528253,-15.882340053117149,-6.516810271412122,-14.266215496599235,7.234954928844882,-31.70084036703649,-9.196449324603662,-12.912063272879976,32.74444003662748
2845,3.834774390610851,-4.449056898318897,-15.613104181824584,-11.565403029840605,-26.10570820746438,3.0717178658086817,-40.17420272793218,-46.25640265763515,-14.123163364610745,6.62801102972913,-29.919230438906425,-35.88866666043122,-22.14373267176413,11.894368897147006
2846,7.880709081597069,3.097808413014709,-30.35037727560864,-29.04238392249937,-24.899597191186032,9.467242474286095,-50.857124731577436,-44.76307302823415,-2.738321158610853,8.304719524532745,-11.26302886461512,-29.10859143630624,8.910538856433034,21.05277707439906
2847,2.1367755815402507,-3.8608995012414016,-9.318088516656248,-18.778226809038944,-18.050599648045534,0.42315467493880426,-49.957509193884626,-42.13953421970361,12.17554808671788,15.207220762327196,9.79562213127182,-11.00447385890757,27.492706808821342,20.54557428273104
2848,6.273983735688805,-16.507674205120992,-5.093750976798492,-17.48361752944824,-28.994874218373255,-3.170496358944426,-46.258147662501436,-43.75389498752539,15.970836039534523,4.790731338237134,1.8633628252054617,-1.8414632111213072,69.77886072456741,70.65284700414688
2849,21.642777667176,5.223094399473268,0.8077275920119883,-6.490591700118605,4.335554100735192,18.811102216521537,-21.60534380479456,-22.24291823298899,14.754164344110885,19.358374075654336,37.64075979388209,17.20762356277573,71.20677734603754,58.84872334804073
2850,31.182108533376507,7.5136641732178715,10.772373401749356,11.932389761327421,11.997768384895126,18.485383707237936,-14.941527831934192,-18.444533059052162,38.34271850476937,16.484123338306656,48.58965529973104,20.528179779557394,80.69114200520805,65.48374290248034
2851,22.51957940117564,10.278827515644458,34.88621784394285,24.74434888839728,15.570110192651933,27.331131362466188,-11.452431712690366,-23.51038709408055,19.950856941306398,22.392820639309214,44.03996913746835,28.31534656950529,86.00127405648412,87.2381009233237
2852,62.00784802944585,46.7507388322461,25.251447003647854,23.840810859992867,28.29058954955045,41.280553091441014,-0.7626923686414651,-10.51662129324857,15.211934935373373,20.546613069947625,63.03582011793294,46.14973865986454,78.87544538123453,90.54031728248613
2853,74.18716608044821,46.33573938113106,22.81904217597062,10.13742199597089,39.278318463713575,38.28648345856475,10.245552833277035,-8.223641968828897,33.3230755294999,17.474933866441646,72.80471427862254,39.56893913035449,86.74596523908346,69.65526245601471
2854,45.923002771167596,26.94814851246832,-23.85033484662,-34.84231098979676,16.412400762319482,25.31872958717776,-23.546650639953835,-38.05206310441071,30.5118994383205,14.857663342636311,57.02136003643717,23.96802420938285,85.62638564647276,78.49698082335888
2855,38.42421098714436,27.387422244290338,-9.174025088562729,-22.347587309985457,1.110329396262562,30.37103306942725,-15.638397150761326,-31.07420407844803,19.83071094915555,30.341265455268303,30.274640883000473,29.3260426875111,63.42423390347601,90.32651983031104
2856,48.826113854081434,49.25806315716582,-11.217679656047155,-31.154900353553952,2.0709098850299146,23.050969793161784,-9.26532198987219,-30.84871363588428,12.055994407906008,-0.6014459588343829,29.256812968858362,32.682826391274546,43.11638433230563,68.03297670086552
2857,30.61475749373594,17.460146481849385,-16.213309355933145,-23.25309743346589,-4.178063738328117,2.9360838392020248,-10.990997887212258,-34.279439706095765,4.881618991072291,7.249433163923589,10.393143637655918,18.193933052517586,20.88188024536067,44.77383972532993
2858,6.786610305140001,-13.613032116188272,-28.061803673038153,-26.830684086482016,-26.52532810404205,-6.0250401553014585,-35.878304621474726,-50.00443070145648,1.8336453886898267,1.535655475684612,-12.559844535016735,20.72334056278454,15.950177773039579,38.249968428518144
2859,-27.220526112880478,-45.47052890461757,-50.46938102629158,-49.289371384617176,-42.40454205826772,-30.74628485469901,-66.17074490021643,-72.3573885657059,6.644995381990131,4.53707796982889,-34.9209373763018,8.780109942787018,6.419501958395277,55.13293147882386
2860,8.901190962200372,-25.959007592682717,-50.64578445716919,-49.44387085305645,-27.13310984895276,-27.902638249151,-62.40340449210822,-67.63434017097205,-15.546934315513719,18.331260239426385,-43.45874729461532,-6.302977386539897,-9.738478253924619,37.90293112777477
2861,14.8124704182298,-7.256864484352022,-22.46799542319862,-38.00899464057781,-43.29397987141865,-26.486475730428275,-49.086876052162715,-49.18562320925037,-9.373935440867283,-12.20095106968755,-33.860786479566926,-0.1762127059460013,-4.796765932400297,40.26674131772663
2862,26.369757600518547,28.294389952569006,-8.81852762191373,-28.36899911249844,-20.12867652748077,0.1669218066465174,-25.7157598856683,-48.82609364844374,-1.2727727089409335,-6.26930830449519,19.39351129989712,-3.180467749675321,35.39219556702027,36.33991644990284
2863,25.708879790975303,42.37802207385588,0.229690677986406,-3.9722361687036223,-3.975773530916856,19.04890801184462,-17.710624176771635,-18.942262113489683,14.324918781207154,16.803767887119648,14.83364039806384,-3.974630148345284,51.037533762834286,47.330332470357526
2864,28.841586472365478,27.985219778375143,33.80087836473509,35.69246349257253,3.2428524254382785,5.122228993741419,0.7339971819138709,-0.3009750446608045,12.283673479994272,13.643209890324389,10.625729950858018,-18.704147518236528,36.64530837813231,3.0126073840715724
2865,-1.3255181391639406,11.971834118005532,48.529146930559556,49.727414120870534,11.93137604714156,14.361294308118735,11.778619152137379,9.3199239463577,25.88229698075084,14.873328021087922,28.772404885369966,-36.46004153034646,70.4873324508863,18.156823765590552
2866,-36.630467055123496,-19.225031911705457,2.609155294866326,7.872964880162999,-2.900677183959919,6.30595519239622,-21.069274012201777,-22.817480482855157,16.051255222255186,12.303717620442402,-1.8940752956773796,-22.296393084833753,46.17795672719967,5.084135956267101
2867,-1.0459287085423294,15.298387543461459,13.197207653185869,18.011339986609286,33.54774094724037,38.62600724725524,27.24078445186472,20.400369201162146,26.214235017916632,2.6340121790083604,48.17295986144322,25.68735963592688,46.97466667369678,-7.827114182535201
2868,19.63767956429762,27.966675904691822,17.68261290001386,5.349373470895363,48.471821475198304,42.95630033546623,48.40813242350804,19.245808042085788,27.27256707211733,9.803761423966387,61.863766255823315,33.54576789934992,32.94159421517646,-8.96705263068448
2869,-6.3275635293070485,2.441582699051663,-2.2995207089610448,5.624738258926949,16.22698357042345,14.466744417363516,16.53158899848119,22.313922033159134,1.4504382972534327,-11.021647456842677,23.72045075470297,-0.8800776336093343,-22.545897564227115,-46.87735491621988
2870,-56.75124028684338,-56.781006230497255,-35.153977906736,-10.013478849296728,-10.754250679927383,-30.48306787010959,-11.013775464392031,1.3238744472897992,-2.5661326726594336,-12.914271206315407,-25.48600073997646,-49.57956828052048,-43.581793841796134,-78.18521727166207
2871,-44.01217158538773,-31.042183788987455,10.058129988810217,18.184370168147417,-7.869829123804765,-26.236837197873108,6.733581357388461,20.626151374227028,-12.1087015127139,-14.211308704766376,-35.5104140177366,-51.090795598526356,-64.90097931777707,-98.01611805442752
2872,-15.325518150520004,-15.805122867552049,9.43102803475904,11.931176067813611,-11.45680044504855,-26.22082058436886,14.789356783292769,22.136889543891392,-13.288487375423214,-26.048105151519522,-19.121812882867264,-43.7603301604279,-52.55186048093802,-82.64725879741657
2873,11.406470387150717,8.664664194014621,-13.481751989818315,-3.291178171064608,-5.582273481884835,-18.249413454755302,2.853981245917909,9.699824817845812,-6.811956872418903,-6.544471482556306,-7.203680142589188,-41.847879335635604,-32.46784249330323,-64.0605528937607
2874,46.56232123495923,41.40960106287673,-43.81336806413884,-50.66325704436058,3.7068021915536886,-13.4948506194175,-20.14206201527309,-25.561057233605936,-13.213626674306992,-20.771512855582454,18.91098855551485,-30.239772295750665,-46.34171316697403,-65.41728460431219
2875,45.920100779902455,49.01213287758709,-81.59265046517481,-69.5871444682827,8.811565413334709,4.239088127185669,-34.43594190765564,-39.47361366635787,-2.377750014759737,-17.232348056839996,22.908151784044342,-15.263497777290613,-60.0319495158623,-50.11257427186008
2876,1.1008077681764512,19.673842647568808,-104.53751196160067,-93.65634089312388,-12.800005966261072,-0.46832668127010046,-62.98892008641904,-69.33164103705829,-31.358308091835625,-23.115650952688554,-28.01248662050623,-42.08492863417759,-105.66004334881957,-82.22680874920744
2877,-58.53793106446082,-34.79451060124778,-83.78020842182717,-77.29963114782987,-27.09577894287857,-21.47410671093641,-61.244647518813856,-56.82199410890024,-40.05681348915264,-4.741482400749995,-59.662545364089986,-60.06374774461747,-91.06515831395862,-71.96805925950119
2878,-90.20354732696579,-88.12482761700244,-67.16568461692455,-67.98670686106215,-51.429335881548,-50.90346063576215,-56.16549263506766,-56.09488101682032,-39.20072842407661,-2.5352553293744693,-85.49521321571754,-65.93818265407776,-92.66485132907145,-77.28547647157498
2879,-77.47911311294855,-65.0283235487371,-54.47190704781107,-46.043328673770546,-50.06987169957819,-60.80321430251386,-57.69408421397764,-46.82364047656732,-29.656891001900373,-14.773731591777334,-75.97716351457709,-70.10969735203852,-62.878732517030436,-70.33989278134779
2880,-60.60139842729851,-52.24584255525416,-32.98400215452079,-21.738274013142146,-72.06510171852493,-70.67458911273772,-63.54831050948251,-54.836841755287764,-16.20055077246356,-20.263421600792945,-64.77287895448838,-75.4231468775235,-49.18407888869278,-73.97723800787672
2881,-26.97731667653518,-30.54595033150509,-29.39675555832396,-16.005992413887263,-63.300585996393586,-47.93625670709643,-68.22071305281293,-43.713980633513906,-22.513165132292055,-14.116178243034227,-84.12027283718825,-79.90365065733299,-60.36941144385757,-84.28846795625972
2882,-36.29980120926953,-24.08863073956908,-20.321956236103123,-16.66680889533049,-48.49479728189677,-34.76708555006021,-59.24233538098269,-30.43764500414297,-18.033171826752554,-14.624094347446485,-74.54746171588397,-64.94809240566073,-70.76025992920749,-82.69286119174707
2883,-46.81968443750434,-37.89070487315899,-19.511910072761793,-12.993683746153438,-37.25282540504359,-33.25455851339601,-35.638123982549025,-10.343875531215655,-18.552165244453683,-13.793128377157412,-65.26968184843513,-26.478908323383546,-63.06607950877152,-51.172428461310574
2884,-50.849381640063854,-40.384208953154825,-23.850670176633347,-21.485199129143595,-34.209502920616444,-28.687311356092696,-4.5615484845362255,8.395818040513683,-24.620283874439348,-19.69015103032179,-44.118483899436946,-19.18084937406233,-60.270091111013485,-43.98673328025337
2885,-14.013433921048248,-18.94557640466307,-11.607549633804021,-9.040007439316872,-22.28167880996094,-18.58492408086868,1.9647902171449867,15.510026262821452,-33.98416139802627,-24.15664129224674,-14.212244638467107,-15.294784711107402,-41.16305170110742,-33.473406787122386
2886,-23.84303623726947,-17.57736189334526,16.811874562203386,31.62857749495937,-7.015883697673031,-29.18226837471571,21.859617549736477,37.089274950863995,-9.097065956726743,-8.15251706905699,-23.274546329594656,-14.83198663144834,-20.343537825620167,-36.273948998450415
2887,-26.439303961443468,-13.593452922653297,12.923021471852728,5.106669080073685,-16.241342492888204,-24.915154165911108,4.384619011664436,11.970337784367086,3.000030170000832,16.47078508624808,-21.576031374354,1.9295953558210515,-16.740876647639187,-9.478200619065289
2888,7.681062583842735,23.161857207568275,30.72811838084112,26.724903963773762,25.627019953747745,13.84504301400727,47.19464616030569,47.273759018326544,2.3137003458730336,-7.139915983875095,54.36345875632545,49.81986940922811,13.530712431095397,11.51047000516276
2889,53.41632589451949,48.72449473987017,41.85706747761048,47.04523402955348,24.093212209353016,25.869383463130312,55.05010079118433,58.00262807493683,6.755692731276788,10.55061303755295,72.12132787073263,65.69669984730386,21.185329715720414,24.03491407321045
2890,74.61610921655384,59.73155010715008,66.31835841223156,68.22008670422869,27.286070918584823,15.992611106835222,47.76700338777188,71.30117928711633,11.924553357917935,-1.3825432497129717,35.78506768024773,53.270542493838995,4.636177924925331,-4.632096878343891
2891,65.5194036388564,67.59246038141552,58.42918202743254,54.481594920040735,10.898894248529658,5.717050083846713,47.748970358922975,52.517850824650054,8.40328062304178,-2.2372363395556447,37.35871445055196,39.8946044880552,29.139703860279138,-4.925240834297671
2892,91.96671903134683,86.775579676761,42.56953511937605,41.09206099933897,10.032007956556,7.471387731950202,47.16819062335566,46.871406542293684,6.868468755994777,-2.7168675038143624,35.73646220359976,29.46685673096586,26.85554286113037,-4.196725674135227
2893,89.95148947929867,81.79965938241418,27.908501469738443,25.114953909813135,14.725219223919616,0.18266669391574147,49.673196047045714,44.94514291112422,-3.3175704264151182,-18.49668298012702,37.132926342394015,28.966086737767203,18.010273317593434,-3.4064984093047546
2894,72.54823419191365,65.51626903219885,12.69378433345586,23.625235877995987,10.995325358019949,4.404190604662499,37.065528424474095,52.56645776682301,-9.66965447120531,-16.159777010186332,27.090800445099408,28.26072975777217,13.095498631834662,2.640705567737338
2895,39.909656431308676,43.06833859852167,6.199146371121944,9.40448423022195,32.562080790769706,19.777936090776283,11.862831977722356,31.472850174021154,-9.202958325075777,-11.21327497455319,31.76963595128999,21.208739877254757,-23.648022185952303,-22.919554874890583
2896,45.43932091401459,56.46356538920877,-6.101291426608924,9.129221315432897,23.739283942903725,25.616913381782144,16.422869907341887,39.64651472550964,-20.204649060541353,-10.510356037572,44.07547908437948,68.8526122399306,-14.424967147516927,27.706709876998733
2897,58.286444031341865,69.38185973535562,55.4550386695745,48.594686870417675,55.30747476902841,46.05587918102837,52.50659700077771,43.581953522722415,-11.48048331548545,0.30499509016112114,63.42968172718085,86.6931051212279,8.127273188817684,49.80407872279787
2898,13.414135546103104,20.14645951206415,19.491127660634792,18.333677456266415,24.05129442544697,13.058610833858177,20.320969657538274,-1.488013473710758,-16.69114028165374,3.456044510975604,16.873608682290225,35.88034080339052,-15.685923810517671,12.701998895655697
2899,-29.883113956182026,-29.50774359200977,-4.6687057746881315,0.6775082510528434,2.9036734373999344,-2.194879014533177,6.15968467250693,-11.613563374775248,-25.743240218065733,-7.421781205651651,-12.52034145863859,15.347478375072411,-3.3061705351353745,20.768989978069634
2900,-39.63571609778816,-32.326878052759156,-47.73944587502717,-32.800890212186594,-15.166780514872162,-11.458640885920355,-25.174509737785133,-7.38086322657581,-4.000937438677583,-11.324589228841866,-35.56369552516491,14.23593540690875,-42.98511279416606,4.085553095020166
2901,-53.59484814008948,-56.66316700582706,-2.950005611475657,-7.06277994124224,20.677695529947112,-11.364072173655838,15.109814649376816,16.21304873996184,-30.40929868956108,-20.750416810355382,-35.980773936386655,-22.813194767862257,-68.62484405687496,-48.834475853968904
2902,-42.25864248893145,-38.68062026936803,-56.63219014322502,-57.106999446749725,-17.94070538335048,-22.050794548943006,-16.034908209427837,-11.02767883093811,-22.351671766384978,0.03688458879860779,-41.3298279215552,16.91105336207471,-44.0716362537322,20.019908952924595
2903,-36.04406725227497,-42.50388704373273,-27.850947377288637,-26.794653535927452,-0.3721011175658835,-29.04890625608306,3.271753745753893,-3.6262221685918745,-19.36551248337848,-7.550850347218564,-39.21672168058894,14.726310976953524,-32.63155558189645,17.488918136151195
2904,-12.107620822531443,-18.750930928918145,8.762442194421068,6.330580361194371,-9.4568091378663,-8.983362351600126,25.56693538303752,22.427500959742485,-15.332477376732086,-19.267493114792494,-26.84837646806661,11.982217938287434,-37.28238448944842,4.595932083174272
2905,-18.513506795802506,-16.26205490300726,64.51456151800707,55.41979973267729,18.358430490568452,12.16786616535038,37.00199322918779,47.534783870045246,-19.369014719833675,2.546966148075483,-23.893449158186783,6.061274423477908,-45.608726032462044,-29.024998466220232
2906,-2.15923351652747,14.620901774206448,56.491916742071105,42.30689373746116,-0.3407019058066745,16.797013823253934,40.62169087234228,44.01316827170399,3.6090995292387604,-10.596459963052892,17.708708595066724,38.53430060132378,-19.68319399847325,9.217014345795162
2907,11.673946591229875,24.498953017779673,71.11181885417052,56.765253114192404,12.087702460631311,36.695924092664015,35.38013719700725,57.38983640614764,3.5232765955516645,0.9905850907862264,29.591388529192287,54.492613973046566,9.226597596018804,24.842991686883202
2908,-24.78901540581133,-13.792500482121234,47.127997386088985,51.7035585534894,-3.2523814616789064,17.127952961644564,21.06715862385355,35.885173855331324,8.089620252503307,23.733859777794244,20.003210020526993,29.51123366223462,10.437415243685935,18.57873189054229
2909,-66.69940448625636,-58.1373380275021,4.711447212602191,19.510309920260006,-15.491774555868986,-9.826941759618249,0.2990220995274246,6.940874900414698,5.90409293238515,25.83027814602022,-14.474796580078674,-1.9688216595442003,-16.934894202606117,-28.357274828443188
2910,-92.40514086219359,-77.30923354474332,12.294000577198423,20.915279343421112,0.33995004565300757,-13.027201398592402,22.856275866617246,17.68424629344744,-14.016144138597832,-3.4921662946472316,-16.408200972720905,-22.47657750211271,-16.447894517970163,-43.284738889145295
2911,-54.522562279748996,-71.24719733437966,-12.736873715091763,-6.964232052870637,2.0191705955943076,-11.582920134451113,13.25677221957588,10.367251498648143,-7.374364850000915,-23.76058847671574,-6.180802266000793,-39.24673599161068,-25.167240421591732,-62.7498410000762
2912,-47.53671495464525,-44.575048206944516,-0.9647572837232007,-1.1478013942575365,18.12538820961721,4.950260165083437,25.558997156443503,38.63561164026556,-1.5161560950762256,-5.490791738488644,16.334478077200906,-30.87119265061253,-10.395541220866164,-39.671874001068055
2913,-28.457962358161385,-21.9976093122063,-10.20917422821155,-5.873915589373801,20.926844822958607,-6.7189570786464285,45.22781773722725,39.68417932165139,-4.087013986509191,-17.94345354085705,-10.85218820536089,-8.909348806277938,-3.829682695308247,-17.589256364046204
2914,-11.819482339285553,-6.317432482653956,-9.403131283628433,-7.680424226436369,14.776832993042873,-14.313499378869421,35.511855571576234,40.697782632020015,-15.659099863225393,-3.1911838581313656,-21.402665108889785,-1.918403389761032,-19.81760789248868,-22.468508152184963
2915,1.0782170441540648,3.6678284788201063,2.313913295282427,-11.269217426602347,14.751472098389367,-10.70766843969129,43.992772853243835,42.53169206739862,-20.065998197362166,-6.9048521321982035,-2.063241403554602,-5.084804040217556,-16.054710808120724,-15.748865929941608
2916,5.728869219917739,5.852984545546381,18.963618065445065,19.303474708249915,20.558881680671874,-3.691101469236485,69.1644954290837,82.72740173409557,-19.856738391243653,-22.849268643177236,4.296098950262032,4.4862284584790375,-14.52355116733212,-12.225207162403173
2917,-6.5940037038098325,-10.384449470608832,11.360802473880243,-4.6914846656216325,11.497157671114111,-4.33214409359673,58.42781066778178,57.490224957719036,-8.734191019260974,0.04353599759467175,24.45427124957472,-0.39139340298447917,18.509131397789726,-6.4962356226501665
2918,3.526586484114584,8.779951126314261,5.74861199076944,-0.2995548178202845,29.191405509348353,16.44395267696264,67.96256274791448,64.29079426357194,9.457475500411826,8.301517340595083,58.82186232432556,36.69624654224145,24.403186467246517,1.6315796322827227
2919,13.498154530551867,16.576337992692785,2.6092944777244518,8.718944541445001,24.508375368638852,16.254718241984992,65.21832286552863,68.4429868222363,2.691355718886623,-6.991367201407281,65.03962004486664,53.15272481139121,41.06891105692293,11.089658653281308
2920,-3.9189167440460984,2.2761527376939443,16.84288318672873,4.603143933302842,36.62605614983283,28.16963491797537,71.22586644525084,49.077810491935615,20.933508911710394,1.741641355838602,76.57335548005067,63.06403594667073,62.179187185854865,22.82519377526674
2921,5.473821680423358,13.199725323004188,-9.850942088216913,-14.060119694205232,41.59951803789549,17.72205622414383,62.079334737142396,44.02935282177153,30.829983127045335,10.01338729138705,59.34086582045829,65.72781354975908,45.45607035516392,17.053305749615664
2922,30.081814682063982,20.273006387719086,-1.7140992367655885,-20.22606751172056,38.10762053007129,7.27960639085744,52.316255595358804,12.85118373528474,20.221635888791656,13.652040197301798,44.65762180516482,39.25301351744678,35.97325325496025,25.85387255912168
2923,17.44249819554683,16.57872807779525,22.844426035264377,12.441547012765913,61.439711932866885,27.274136815667365,63.23823655656464,32.49359123614231,27.263875997414427,2.9024091474552787,32.688490865424356,43.785744823732166,62.4043291564345,31.96694546871225
2924,58.393755997062335,62.75276347563625,22.766466090612067,2.9751703834011693,84.00832328820685,53.32377957338817,76.87387013525142,39.17209276856697,25.37408929433583,-4.645347536577003,60.327787118820524,54.05699591273382,50.68305056512895,17.418408106120648
2925,98.70614871128934,85.84605780829754,25.59056533055796,-2.1508175365537126,89.66409779314195,69.63157443786943,68.24797615996947,45.186016401623355,19.902167585829684,7.18103947695421,64.63185260336269,66.16136980114806,31.086266364030752,12.962183802193294
2926,73.12505794488209,67.57589665186819,34.710878975963205,31.157634392132408,74.05635179941858,56.3727944862275,56.04649623561335,51.47095066583991,4.421847672698853,4.791533450924978,37.9029477315962,43.92700060517739,-6.431763494443787,-11.314981056111272
2927,92.38729551164924,90.9260069803328,13.560945531495596,5.0166431261962305,53.473009305265364,62.858791716868716,49.992149682643465,38.691427336258194,-10.04665438783063,-9.37253811793174,70.94244015548577,68.4237807039855,-1.7238714197820497,-3.8366913213175367
2928,75.18899927775479,69.6822282847515,5.033780543959511,11.268595674423082,40.811056997437134,51.353247344583146,41.68448882084205,45.192272544164396,14.476011291004696,6.455903143283489,70.12377006739507,74.82069297873416,3.5487201299297837,4.423061060421482
2929,26.51568250043986,22.340619114500686,20.33467067404614,24.606348684657597,21.986924829380783,36.90508181888914,38.88865514516682,48.68059290523866,4.405531027899438,6.195937217694457,49.429616769748954,72.43620577753096,11.199467146618518,36.20124052820325
2930,20.208167933949913,21.492511759120934,3.799166359750511,1.5232494753206312,16.713907983111877,24.921414924629087,32.48058524611443,29.82350073915162,6.471240486922081,12.812854074300262,49.18799319058808,61.22707161632267,14.677302223422698,48.892477329753795
2931,8.25925261523407,12.413304556294015,-32.89005218313165,-32.75153356158905,-5.921159000036625,10.916995540551758,-4.2473552357739965,-11.32331493082093,-16.08505559400129,0.011515282716490494,25.556754546813394,24.332014832102967,17.109871725959763,44.7113133125923
2932,-32.04858240495645,-13.22587260986797,-32.57429164233832,-32.98833331090207,-15.264225983261666,-12.015465957484253,-28.081458630040565,-30.062169139161625,-8.376141403079869,13.876663654198957,3.2134442084321506,-24.898346253827793,18.587603603713386,40.98366544932323
2933,-36.64868941274553,-23.99254695917115,-68.3414314725497,-66.00042452555596,-33.105202442912116,-21.66303557344487,-65.01902106866366,-64.7945501026408,2.3748397842674813,17.558299004040762,-6.852351212086735,-52.64840134100303,22.094178661670483,36.10855316643427
2934,-22.091328496380378,-7.7944240338745265,-55.90202947627257,-54.04320080694449,-20.63249533747391,-21.23343857756718,-62.55273092677777,-62.72220018014484,2.7264645262718066,7.794033079126389,7.5846318316740975,-64.728782416667,22.649971035548027,17.001604945441457
2935,-9.829621906992273,-3.3099573878653628,-50.47620210605271,-48.68199682565787,-28.937413028773516,-27.51934070358731,-76.20874904826944,-72.83925157541505,8.774917308132704,17.392242836255253,-11.042479108934227,-59.110730956087224,14.018367411990143,18.754327487536163
2936,0.2096202681315781,9.841753287953019,-54.78830457451024,-46.95775879767712,-13.095232127771695,-19.88216343676493,-57.70611283302676,-74.19060942493965,11.31100926441217,4.486169343082501,21.61479553673206,-31.414535826115372,31.413629687961457,44.242913899582895
2937,24.900924594441758,14.008844476646509,-58.17169358253985,-53.4240648950351,2.4279045395281385,-36.63526716741092,-44.81509321334566,-81.77543327883163,14.162388696424115,9.12438902093118,47.409541780749045,-12.846099667776308,50.833364572413444,58.07318015538313
2938,36.166825581672384,14.08686169913161,-77.87432845770752,-62.21934923052702,0.8734125277817508,-34.99647529146684,-68.23468888229162,-91.03001732121368,4.602907972975559,10.851509637609084,43.156859105288206,-7.0648162353144635,30.846979057506527,63.427186542533235
2939,31.74181030478579,9.82208892235003,-70.47678613783664,-64.9348584411688,-10.316597285005873,-48.57571937982708,-55.31513790756882,-88.07729267811375,8.766813271265583,17.2088174727849,31.737370659342616,-23.140332766153715,52.541202865594656,76.19359895790993
2940,45.43409016002347,15.20191756836598,-77.7559778497567,-77.54391765149968,-10.378120537272224,-43.39425830465117,-54.764674368991784,-83.82870517559448,3.936990583787366,7.053012736046067,32.786284502845334,-5.820114025857573,51.16623760952271,72.30231946259322
2941,34.29815398691341,-5.780647103726178,-62.30048277242805,-62.383101461764916,-11.169971590075217,-45.78824521810544,-51.4483100767771,-64.00131520439386,9.100643175117119,3.7500852855428417,-13.453723389487932,-16.379573431759663,37.66966781003651,67.49165771380852
2942,1.968387759340233,-17.477074066499355,-32.79849025599324,-36.32021670825255,-8.19933601446497,-13.186948087824675,-30.446635620956986,-35.94701185459533,14.50706286112699,4.84367459609349,-27.810215625377502,-5.688575118957475,46.483652278329046,70.69523457589345
2943,5.395970900890379,-4.746114456497338,-59.30302970336063,-53.031991806375245,-18.194968868869793,7.204637653193862,-59.577038727393486,-59.414607281174995,6.875803012010153,13.546037298509965,9.691732749187592,-19.386813366641928,41.66458842792827,55.02250003754753
2944,-17.64239147743639,-6.798710427585835,-56.50878655203605,-58.34165443288243,-32.44320058094913,5.886095244321903,-87.25540028277909,-80.6934378115454,14.609601695673538,7.948653191756698,-25.386247914787823,-59.01003828702372,27.111281923914643,32.43309642032039
2945,-30.612957212150516,-5.882250987856746,-25.588149372474728,-40.43008288915028,-35.58915795904419,9.15521412401153,-86.15240533868267,-80.47911167614747,29.463205176879764,34.992710495178436,-21.103772392170765,-70.00441927604226,47.845800358320076,35.957591794846756
2946,-3.1847086331184844,21.615023511382628,-29.015284796977312,-35.911009546703944,-34.88597481725795,6.680855032576458,-98.37904758221183,-84.5916138328241,27.131431565597733,23.806631469049872,-28.503927795560568,-72.79199796187008,44.133998944657606,24.81096622669743
2947,0.08626237683948546,24.66763274941352,-44.55677670564008,-30.837985019848468,-44.43617129609748,-5.701195614536846,-121.73936931921286,-101.33142243175661,14.722544507712536,15.34608078870184,-66.68005182013493,-90.16842678198292,28.00646231870252,6.3591619308705845
2948,-2.020630519765394,7.053173012256588,-8.768688538405767,4.194008045026422,-33.58931889778519,1.5733395934814283,-102.97537713640358,-75.98138818385074,29.72221223566802,27.726069061910465,-48.01393179620605,-74.81385946348081,36.949103773587765,18.239850433748753
2949,12.577811198565335,7.521067416853735,-13.239972491696188,-8.494230767769269,-21.400308729793807,-0.9821864777886425,-72.0598136948851,-63.36919227810724,40.4256620773772,32.34962349212102,-10.68683901246403,-50.53756591348435,46.76363600976398,26.92079151816566
2950,13.230289626859296,4.818702027207961,-12.421311268904054,-1.6705792636787864,-11.179651442738527,-12.801459859745624,-48.326812247385966,-63.20437251747701,43.89636558462439,27.11470319375649,4.00084254032124,-41.44900932477438,64.3905162508838,37.74631749037348
2951,-2.58870931116996,-12.646679478112322,-3.0572886695662027,26.644975113590817,-22.527140231834352,-22.413801824407155,-48.13300536360261,-59.39298748291134,43.45441177253746,27.230623952419123,-2.590554468664065,-32.74768959094537,50.26396044684957,35.13626973215784
2952,7.999886391500926,-2.021095882687968,3.054527633786943,16.534300225001402,-17.015763870867474,-46.990128881085944,-40.36950158634271,-65.45003528720808,53.317788597341725,18.029545539023378,21.131819779101185,-31.687468603921292,56.071986685442226,44.298522847750455
2953,15.365103893215004,-1.4872534758578269,-3.1432616827837108,5.044749858760993,-18.141488055733298,-34.096347129134315,-61.95101401422626,-71.72487348648345,29.302068757328573,30.58391096817451,-0.9466702834752762,-23.469215377744646,30.916932954717442,53.53394584487301
2954,0.020175564345837275,-6.010176101611211,6.61769741319608,0.18832946123900607,-12.057169487607137,-22.487763450718226,-61.17001018458729,-74.03098031161468,4.59635950890356,37.912864779798824,0.5373626403819571,-46.263585896731605,17.04595737709944,38.26702649182659
2955,18.93708331355609,9.649533487478635,10.32759309047912,4.431810335617897,-3.1079850166328917,-14.019486067776837,-46.04843747610255,-58.20942923882175,20.151698881388402,24.49143344371753,38.11213216768077,-55.76199080819199,33.00156452575793,27.830932203872045
2956,34.84758222520889,26.32083508230245,26.586252975735857,20.716309051570846,12.094942776597211,-11.09025579341009,-30.569880219571438,-44.02120348445784,17.5690459986391,15.954453322471808,50.07629421859964,-64.73347301959694,28.070502781523878,4.137983407654798
2957,31.50675537480584,22.832358530250904,53.763168011389496,44.28281958081207,22.13917831771869,-11.46040332858671,-2.1356795723599586,-17.664105275038743,8.317798872118232,1.438994779918315,16.67447783107339,-61.203901580132225,-8.941086195573307,-34.71509023351403
2958,23.43779888570686,16.524451661736997,52.532188044646865,46.27984928760922,9.454397494822162,-27.369800745711814,34.59682273053312,11.05985465341574,0.8354630160485428,-12.339017730984173,13.150741027238652,-45.38155777763522,-20.520455491621735,-46.151277951134496
2959,45.20612270558144,27.86750459102889,30.530877234336018,9.100930870068218,12.280720863399406,-20.351043423697455,36.94449786166792,9.513677483286186,-6.130829215206158,-7.72412837291434,7.248309617526018,-42.38340284775267,-32.77442055240413,-60.189705760714894
2960,38.544709599430995,23.320197443148622,41.50021055525003,17.194721061685637,19.203417445922693,-9.303158878733878,36.60735632348889,14.659707664613695,-12.181355420448531,-20.016788676424117,-30.835874575186114,-52.99975935990386,-56.52728648877015,-73.1367330564995
2961,41.4082945313436,29.106427452608948,31.27732355679952,29.77616665560312,4.412457230016526,-11.322320294079004,15.041308997679511,24.833924824291483,-32.17410369738227,-23.6774724185473,-63.11198230298758,-46.165441527122766,-81.54334621911396,-69.76163528836369
2962,72.56274268869547,49.356590279420104,16.576239323985593,23.07628102101324,-1.2210995041564958,-6.391401958714188,6.569684905261594,25.75651136318737,-31.235328323569334,-23.033440567654818,-22.409780525418718,-18.446505307227305,-65.344955996126,-43.22651011141797
2963,76.66486978301594,55.061571533805775,10.26229196395544,7.437878523053714,-12.088484128940616,-10.739452820649072,2.9234103569873215,11.672654215271425,-26.36084174793699,-9.241784295049921,-17.343171005271,1.6179189193413157,-40.036512037730105,-12.098348356282052
2964,31.130901531065717,29.883974549506643,15.139896177242411,15.15068935891917,-9.262663250497187,-14.48524801374111,10.4216040632261,10.44173746221141,-17.715456567720796,1.9907107520597953,1.3410469984907891,1.5239938624100406,-13.026607564975668,1.618215874817391
2965,27.75969880242485,14.535018222563739,-24.854541751417667,-7.721875572486654,-2.0520755685929357,-13.024919756995937,15.386173585085988,7.964808436463066,-8.369447738466835,-0.027880738537236383,-8.121731124907022,11.364485680670647,-29.730920517965668,-10.451770517233182
2966,-0.6349801354536129,-7.598576716027237,-23.883675859004153,-24.15890918415859,7.109243188955275,-12.148127731348367,18.44417309692437,11.737313106132792,-17.955811718819323,-15.23434436649835,-35.728847625498965,22.819575063493335,-57.1794009910429,-36.55110163679269
2967,-21.336962838431166,-31.803284789395747,-27.83920841668412,-21.80561130810618,5.221293496031315,-5.609484996318868,20.50935856239193,18.807779236394566,-28.108675438971932,-10.923071025154458,-23.204489286182817,19.165725737593462,-66.86777139390716,-39.213017959778306
2968,-18.912172311839722,-25.86322261473533,-29.904261777309035,-28.219240082438503,7.359937144092459,8.454606413333982,23.20271992048223,15.782343308052338,-31.75175157709354,-24.65846764196818,-24.413811581940074,28.237019153988463,-64.79225781337101,-52.10183598366976
2969,2.299019432437605,3.3837585513195068,-23.815372295586744,-22.9118498930369,6.881455396016756,12.647855931405115,27.71466718092597,18.3631110998108,-20.100974401968717,-16.202968836630685,-14.262304544619631,20.760218757238462,-59.96190675948175,-54.89121089094468
2970,13.328335591504729,10.474444221689815,-13.98180319118879,-8.20325840517891,8.063589997588291,5.030341614136916,28.788096467530636,33.82992874311559,-15.324281446935393,-6.291499853239998,-26.949173691955018,1.1492271301648576,-54.168015351534024,-44.25035972710577
2971,17.973935589363546,13.555743407814557,-22.727431569530097,-34.072049656196974,3.0375727139158575,3.723617067367492,2.9225975825973376,13.921950570990646,-8.152658897030182,-24.02456165752283,-17.672280781293196,-6.56994593978062,-47.5585708656656,-52.905152680972876
2972,25.772041447772395,21.660789731814212,-37.70485789340278,-53.29195574793909,-2.837208674593963,-7.461663917477686,-15.787639450549092,3.5911107839577197,-6.425230249319379,-23.732848203910525,-2.474261900765102,-7.630396242671395,-43.21649131833196,-46.7797244738957
2973,-1.8110938798343383,-6.730928393589354,-36.550449679827075,-48.44537297631622,8.741226780184677,-7.779011453966396,-13.181980837665805,-0.5808016442098222,-2.3781323590030334,-7.453428241574178,5.009638621821525,4.935812642802675,-47.45167154034506,-42.32888696292185
2974,-34.25498065102788,-37.53119084520826,-28.67184393035414,-45.39652802265971,3.3824197349149534,-10.260222001327959,-13.489687019448,-5.11899647222184,10.652506813681265,-12.938913919648055,6.144752291731319,24.967418485188386,-23.5681105652643,-29.480614095964402
2975,-37.27198993288546,-36.98850732354718,-41.55638274930319,-39.04722433593552,6.067066549217369,-13.014252874052987,-13.137965374306484,-12.974259449176088,18.62979458485861,-4.815056392244907,22.366100915910664,33.880449966145335,-3.554589864181514,-1.200037790498708
2976,-41.54089634025685,-32.66171237358484,-35.46501518431854,-35.429991218677664,-4.055293703134924,-9.108216165535817,-37.64815070448515,-41.00403996416965,46.08869508943176,14.986383776142702,-4.372483596934009,20.88327891683289,-3.4354580869917566,14.53080509120682
2977,-49.33461443385196,-40.57627501939508,-27.58171565860843,-28.534984103373937,-23.078650123163165,-24.61657253241172,-41.22891350297106,-50.16580134558266,24.74222140216214,20.031852789343986,-15.707823075225821,11.982221361400034,5.137558575253209,7.174794712397895
2978,-38.23283794204986,-30.119872626232258,-33.596219424745875,-37.46453598641996,-14.79518165535075,-20.31364399631121,-39.585208921008125,-41.97321087447804,21.858403531503953,11.49916155607037,-11.85296519128606,15.870731480493667,-5.74372900946815,-3.1462296593991397
2979,-5.9709303390907325,-10.90867325507359,-24.306662733953676,-19.94716563477166,-9.214034311676599,-6.193667400712051,-43.498045489989074,-47.19119828291899,22.358513373313226,14.969354984180288,-14.835178306918317,24.385145455889237,-3.4176223406471817,17.385770453781905
2980,1.8036602657561904,-1.2071284708277426,-0.13871749629295213,11.569653479564492,-6.682835005925721,0.06219781859043343,-32.7890010904625,-34.506390924171356,13.266746519427324,21.573909126334943,-18.38052024720306,39.792120468019995,2.555234362736086,25.272768709308988
2981,22.82599234580003,16.195614185412403,0.9944806380060357,8.00772832241129,-16.370065228868363,-3.8459960754710507,-36.278835629630116,-32.805698748553056,12.445187661866948,-11.698387794420642,-3.645237473734678,36.18757006869147,-13.947471298855913,26.560227261078932
2982,40.27826159880539,28.95306649006487,2.2649605698356385,15.005541588640721,-21.173562874520215,-0.851097305663169,-40.0387354623709,-29.521660353856202,13.612351017467597,-2.0344948355993857,18.22314996209636,64.25068771511673,-4.602390027218567,49.955832816759454
2983,25.691300593175267,18.95684570149151,30.466013780683003,43.17555262788433,-13.658295324054786,8.385318221411891,-30.521129138025138,-36.05861061400674,11.878892506538762,10.61785751344501,13.274979413253433,58.70656903753646,15.02264162076011,52.99930210889395
2984,32.000697794170186,22.490595056323777,14.75685980215457,15.45967201532075,-11.355351000296581,-3.1622563278099522,-30.80312111699778,-35.19632664786434,27.927598732336637,5.544729055794191,27.20644246476637,48.792454741576165,7.452856995015244,30.728869486202846
2985,17.35788731514898,12.14857168802245,22.839651637351363,8.717525336449476,-4.130981952234632,-5.725444288067742,-18.859810426187927,-34.31546533498808,14.660427012827157,9.760343187690466,23.439736655536436,48.18831959728871,6.710190117687552,42.89466202279388
2986,-19.52893400592682,-23.590847877146565,29.115633934536024,11.788301252508079,-9.429026675022385,-0.9001220405107355,9.063183268452443,-15.408020637236024,25.05671687420114,10.626490822699239,12.657961769777813,53.75339702320574,26.58010882084983,47.663538968189144
2987,-20.598040857120477,-26.66038233864421,-16.250933678189156,-9.793138346361777,-16.29841545471706,0.9390363659010207,0.9838619050813436,-4.602763026633362,32.109457569568214,25.567989901565973,32.695254605783845,75.081395258065,38.06624331478028,49.62531033080897
2988,-28.552224805310303,-43.21684204354176,-16.348876307127824,-10.236349948813825,-6.542167959110517,5.344797877335891,4.8529638168336335,-5.897041428716398,35.55055799263823,17.10308126034994,31.14344206466533,83.65756495215754,36.73401920686461,51.35517252697925
2989,-28.78470184403931,-41.72858639614121,23.788587019187684,13.853039102549367,-1.2433779458903638,26.002307320515474,8.528727084345514,7.916787971576679,30.088461970462475,13.810806602763764,17.169277321515242,79.45718657984925,40.7546222812341,50.433297326863574
2990,-26.21221687108271,-37.62633068849692,9.077392334562903,11.732771958980239,-1.699733823057991,5.704152847306302,-2.772816812747714,-7.2993070032146665,41.655317033628926,7.154960327032223,-5.957389384542196,42.67801594177672,30.32065014644508,22.975082765971283
2991,10.807148340699804,2.3020598635314506,25.239623532223273,28.67414196585064,17.074167112134933,16.719928779650996,8.125134283950713,20.800026853299812,25.598466963323116,-0.33584375218914175,3.1038941904553905,28.865806547922457,15.986710288044481,13.46192433458886
2992,33.69897939669697,28.34481476640308,57.392336568333754,33.9998456850094,29.6245215448173,41.87742853377484,29.868581014314714,45.483853487886634,12.954444802911413,10.400417789963683,15.65084817858124,44.25707074878845,11.174759037452459,26.152663843574896
2993,35.51698774260527,29.39839891132545,30.813548178959394,-6.388456581075976,26.96807192710281,51.42415167416251,47.27497660049911,30.507514311226466,15.048773391616658,14.413783687107173,17.08451513561579,40.470480913535816,29.975342110685553,36.54334163571016
2994,10.784526386182945,19.239857615643526,-33.34407003940863,-56.0199704528733,22.31896554392065,46.7113991813266,19.206488916477177,17.703275170657292,5.1586173136930435,3.3129552724657043,18.70171142835391,31.754768174076073,16.770918006347163,19.62969422441693
2995,7.575784852794971,16.098382856656087,-48.309057454847164,-65.8053620738368,17.567845740678532,69.75882077988341,15.18586123445313,1.3524249684767597,-7.645275284152859,3.891890045855493,40.842947833595275,59.783650986365465,35.1647068050109,31.85380976653334
2996,-7.5338391507425735,5.4668643286027825,-23.07758957044379,-31.96564720152554,20.08704276162929,75.97776784922067,11.954373255927138,8.84284183372305,-6.84564777788871,-8.056123105876813,24.328732925685628,48.67667795408598,28.54143290627843,36.02157181778345
2997,-6.709320697724035,1.763459860608413,-17.90525051454378,-29.90818245642411,7.619462845167826,38.08588739572855,-7.69722786226978,-5.990135922557316,-8.522975333627999,-9.756378188146027,5.369367293972552,-2.1919157137140313,6.198365598107031,-13.40452929135387
2998,36.21338557559426,40.50609710077704,-4.925789016396592,-9.578335646550624,16.238435345836812,21.382187968601386,-5.678211306064541,-8.887166718054907,-9.716129077686729,-1.8254875050101962,19.95992750587785,-34.17614099278219,11.872270575322371,-11.971984164149577
2999,71.04327759665362,75.81233975260895,16.114492378319582,21.666008998508584,33.323351368512476,27.572818203999372,8.588768364559707,9.075728255245297,-10.027417863954343,-1.6132393379284977,47.162949152063916,-45.255541609475436,27.043126593485933,5.3865952423611425
3000,80.03784164230562,80.8254121677687,-13.438578900761998,-2.420376257980408,26.159151610100285,3.216334364563291,7.4494314572684175,-2.588735142185184,2.640044070474239,-7.205414786474902,50.753133766879806,-56.716280482470935,58.22542628376387,13.897650554468715
3001,89.60368035149246,71.7803160174021,-54.621673142567325,-39.297035407458466,33.75253112525305,-9.478995633268324,3.2952830943919693,-27.719742357512065,16.384617608972267,-3.7523680987067056,71.92424358848122,-46.4317337305121,76.47659502743701,37.600534310202335
3002,59.39827218397258,33.455963369714645,-38.978672556557406,-42.793313271729154,45.286233139113925,-7.1290438274631915,17.08437715778511,-12.366586841608292,19.15472524998042,6.206293001970542,54.67802589486074,-31.188333652789183,83.40046124776732,46.7501002549842
3003,20.12166840011496,5.909961378839183,-30.816066593277935,-36.4119828935323,25.50048436191809,-14.202573677621416,5.377974425157958,-15.279541938404602,27.449047776139675,26.45158530686147,22.697980073016893,-23.161931942564138,73.80774384960925,50.270884837439276
3004,20.67563993511198,9.654334065223404,-42.417199484395944,-44.642605653407486,10.221434035589839,3.0165891735741512,-17.930964919737395,-27.532252777579306,21.01355307386076,8.60824003278776,25.68483453022777,-27.26575749434153,66.01747183605666,44.460559692452556
3005,3.11807653563619,-3.1533333681347537,-24.574502141843144,-24.025115626862146,-4.91135754682148,7.707971501140521,-36.18611287193779,-28.600383006128034,14.079202097161643,16.6532148730773,-1.8971818992068874,-25.921529404997372,52.40590599833247,35.99136644164284
3006,-19.27468119267993,-9.590408032444751,-3.828441800794636,-4.319154804661201,-18.804215675484492,11.215850554121507,-15.858988696730773,-19.00304517572551,26.68080357086359,37.27056715191493,12.968546671600441,-8.050167698487945,63.459925488718945,52.07735638385202
3007,-12.25971044080331,-21.414725930587682,-33.66484862032855,-19.61489121301102,-20.0340743895753,1.1422117955002131,-28.039501768327607,-29.858135019228882,28.430646041033004,28.485262116273695,26.678324117258768,-2.299314559621484,61.31312379135556,52.09004555053921
3008,-15.666580287571517,-34.79044429695204,-36.897650361920974,-30.66796022211505,-19.410984936757806,-2.2101609907961075,-35.80682677742929,-37.10386685146108,33.90833471477121,25.24719897488788,8.957983825650183,-2.733310996451954,64.17870830586631,53.096715003986986
3009,-17.862129080734935,-52.5760974522587,-8.649320709855164,-16.405039553089246,-3.753318070627357,7.811950223539944,-12.09151635480919,-35.62504816513403,26.974653293595868,34.4133239534315,36.06385465962816,14.529426188531879,76.03945216908696,77.01199357775312
3010,-12.41695564830821,-37.18284133840666,-24.508617606732173,-29.81582817350364,-3.757363398697419,-3.8922136647855767,-12.699719800618022,-32.756455118691974,24.54594835915309,22.60817561389249,49.50035835596205,11.007083938060767,70.8036878721954,62.93939824629788
3011,-7.901220300172706,-31.050017022575677,-36.10407569128598,-43.38813962107242,-14.388204672432558,-6.457770931838067,-2.971890937460961,-32.1366711050677,28.336403136988576,18.865702575781373,63.28262599402508,28.8915689715978,80.57146515524965,78.69700591311722
3012,-23.68968094849329,-36.24758966323775,-43.18283075849839,-49.4255943820999,-22.24045582199269,-18.030450569043133,-17.184969843811114,-29.95070208866411,8.531660803598854,14.79597632957267,48.51344408373208,15.735011319728434,75.73273265480888,83.38621219041076
3013,-24.48419462770584,-40.06245476431971,-53.40088478878266,-70.34982194679546,-33.54152609450929,-24.358452525630003,-14.68548112171609,-36.0097147475092,16.623845060660553,0.8822397655660055,52.65470529835197,-3.19529437325065,85.5474677779421,62.389134771695744
3014,-10.436601249390117,-26.300665455028025,-66.69163188499628,-63.490716347172686,-28.745381149186773,-33.19048011133264,-38.74030742589127,-52.944439799703126,8.788169950217538,6.606103102602018,40.601613135795354,-21.3268088322953,69.37031406166808,40.68422554513928
3015,9.61712042500927,-4.149812244183849,-56.568299919183595,-63.132586871939985,-15.03521561778504,-14.000333470662168,-40.71446828969653,-45.586540361754814,6.398591749017555,-7.015599514109363,9.400802482941678,-46.492374026307644,59.76855159000812,12.957055831742815
3016,27.31579449013506,-0.7981469856437511,-50.55239571506929,-52.17689238233424,-4.169835244398021,-25.65681116126989,-35.7502190451501,-63.195865027515254,13.89673257378437,2.283519550518155,32.71581180908058,-68.71164633056529,48.33857392784024,-18.502615812766457
3017,27.788466541217883,14.161370786246698,9.469175761923536,15.01080009312215,3.4802212319280983,6.14021609829908,-6.904881614260305,-19.750276387651677,18.598556438118766,14.369622305322064,55.373658542828665,2.90714119012745,51.15430067624058,16.690136880203003
3018,3.6138113770873446,1.8792701879823772,47.73074202832165,41.70030269047393,-8.810606052516537,15.150614912916296,4.073513870597014,-2.407753021390774,15.341212115989096,15.830210209426093,14.396244508108516,9.717531202297831,30.7896864672232,21.388420439527554
3019,-40.36259016670674,-43.98182077268203,48.678051085754284,49.14249292857942,-26.00550805274157,-6.13929313456517,-1.2173219299960019,12.919922740864866,-11.026943828989772,-7.6209009936955106,-50.8167089160989,-37.724560660313166,-16.91257273043201,-27.685547369013463
3020,-39.275628055217005,-25.11227635141792,12.899779667054892,21.490281818993466,-26.180825262999377,-18.350902141903056,-11.117203170519298,-3.5729538184149012,-24.386091317894937,-22.817625225821846,-84.73642201424333,-70.74873897083883,-29.94005708573921,-75.41125034948965
3021,-25.43823433596346,-11.0303204430455,1.957350175047986,7.245847117174758,-19.976574916989826,-26.883891985334554,-15.748311517257239,0.6129771174252577,-29.44138154639489,-45.19270100634405,-106.21800446088855,-93.64536484422923,-58.33999818189834,-109.33443130909892
3022,-16.22545845001835,-1.0909337802455332,-11.851684874013515,5.59169091102813,-19.0215467412971,-13.419492728382352,-14.169186217543354,-6.044454983920814,-30.952090073758413,-28.90230524178148,-100.22066956705103,-84.92237216538626,-80.1459996578213,-103.35463976400037
3023,-37.97360581122863,-27.55369147057956,-21.032887133069988,-13.619153635719737,-29.117121005558914,-37.729795723247726,-9.096206798727772,0.4013511756944858,-31.96529374551584,-21.046159809601267,-128.62881779613733,-73.59098226038414,-99.28756840608543,-98.29291529504502
3024,-32.91374795801701,-34.08167859706418,-18.18932648355195,-17.099402229350275,-16.568148758531215,-36.579949334551394,7.2415203860465285,18.104923886765896,-36.47343853985452,-24.67045966982151,-74.67404906150907,-39.23406520592065,-94.60588702033778,-98.1638474120654
3025,-31.5934009581737,-45.72788643669505,-23.96240844220344,-13.162594886560747,-11.600317288148222,-36.41148623163877,7.855014583504862,19.339199782060888,-36.205264706971434,-21.118416457057435,-50.18524371308921,-18.52374836535239,-71.3948940962447,-70.74267713089449
3026,-42.82032092538345,-42.3380733723815,4.082329287253533,7.379072239923572,4.4926883703739575,-20.07473945656229,25.953559933649313,25.601557480498872,-11.837827199004353,-17.85336044154583,-29.459604412228504,-4.939864383924111,-54.92592856327143,-50.78215299231988
3027,-49.61058088660316,-57.61220545189023,16.366194888462434,19.124066620793144,12.364896229270402,-11.27855617423924,21.901821842668316,28.199069781572312,-15.951309716549408,-17.06058809576817,-13.761283958416131,8.294691898041068,-36.359752583364326,-23.85967773924438
3028,6.368557814839483,-3.079572740585489,42.14554786005135,28.06111448145179,35.11353333171748,7.312785557710469,46.59640454037951,59.8739791176075,-1.746902428614625,-14.49471452810364,22.640302134967147,35.79637159400896,-20.997123999293333,-31.677548850363348
3029,38.34818350999074,26.36146768063676,41.35149226961006,46.58295599111673,7.006757054587424,6.467302856901128,35.59470859391818,48.170117760642896,-3.0692186087613558,-1.2383327195743954,19.160421770956663,51.78446115928299,-24.885126789232974,-17.31932504424293
3030,31.908200752877804,28.64888985647441,60.45310954480109,43.71974035259488,-3.40405730258244,-5.928244964303796,22.584843503122634,32.28273340156536,-23.108946444703893,-21.924103420783453,-6.302190068378719,43.445362925128364,-54.280574863210326,-34.83645492753585
3031,36.73578212579991,40.48809688575233,54.745201357168874,39.88088794577353,-17.463155397203813,3.2860858552992624,19.56780484222623,12.181851075833807,-23.90938364675627,-12.803363546753687,-13.74681303492865,55.03961661956973,-64.78117910206132,-23.45661986127799
3032,34.160521971893964,28.48735690859894,38.159681063750284,27.280079150592226,-27.850640513434,-9.082298860776714,8.810212599267858,0.07257337201011183,-27.175677017461343,-4.580518488964642,-38.51492731661961,52.61819550924989,-75.94941286621511,-15.441143593268237
3033,21.177222078948784,27.987715783973357,44.530322173238176,38.722543407910734,-15.04240631602783,-8.922164693453428,19.302796988934524,16.422942901591878,-29.404219014541606,3.8667784520961597,-40.28702437305989,52.15501368168863,-74.67071851817704,-5.240377841001405
3034,25.57653218163248,23.456990657102246,31.399661852336052,18.02594486755439,-13.115245199054332,-1.5666870769828631,10.811479553829193,9.187193225915392,-32.634854693650965,-0.33967990670238524,-44.452114374286396,46.48750188700797,-74.50861978869787,-24.459157359223187
3035,27.15404455200587,22.37479295908945,34.40998470842894,25.623121785266584,-9.574281798579939,-11.252927960205694,17.285688626455844,8.83937004313886,-24.101877162531995,-14.890090583557477,-34.31853402106621,11.866672992808294,-56.6314373985506,-42.23464023819381
3036,32.813919507015406,37.24728771335231,47.507103303150295,49.15096588462915,6.420004542787838,9.850076068795605,19.133129142948352,23.60973537387996,-22.096326359655375,-22.00710487565503,-29.877362121697946,-15.366971367194601,-36.06773049111838,-58.060085342847536
3037,45.863261374133764,49.76922518760682,46.76913176745711,51.76725950352673,-1.6901411041982075,7.336073833966769,0.7144649918785971,9.57662497857645,-13.73836564816294,-21.939221802336096,-6.324608905750461,-31.882969849502203,-17.93621987382648,-59.82127903688818
3038,62.19587218361211,71.4717392070522,38.415164912366905,40.05552997100524,13.31676458727928,6.890176555087154,9.046114014573128,34.99829393819805,8.390535682574912,-18.850500742970766,29.364457793544933,-37.55757625501728,4.981021293423452,-59.84123191498045
3039,55.78993285227701,64.65331542371597,32.60687117696029,24.164265832597653,10.026601718720178,1.282398677839622,2.928003764210455,13.332987657306095,21.560022686844103,-2.6519495998649427,34.595232022763916,-39.31575324432499,15.501034763993328,-48.222097137807765
3040,38.32900685710813,36.576241247777354,19.28980187718312,26.459968204428286,19.32224201911137,-33.41487198688706,-4.506310241864829,-19.59136623699273,30.779391573671102,-8.235977274043462,16.541341156342256,-57.492185570195865,23.74268064472964,-33.494123228664144
3041,41.73196402264379,12.367184827014253,6.460114689969754,13.17455951376293,5.880438121001432,-53.229115347746685,-1.3732547564650275,-14.652004347330404,38.66507895707866,-21.28834502702493,17.639308808572284,-76.90202214983007,24.33131958374961,-57.686769114130215
3042,26.972313451175133,2.097201892918829,-13.916510207337083,1.8738904186069458,-1.9402538556064703,-66.4433086123543,-19.796768005023786,-34.50015788591382,18.1891776896701,-20.4868850036895,-18.476582807330292,-95.73038052051861,0.8939653964403832,-75.02233395456962
3043,2.898931205513232,-10.827257142234442,3.7536135508882613,10.473330496903081,0.0763232879035809,-48.208569193406625,-25.977300852914688,-20.01228868409587,2.926758300928723,-34.68138546967041,-51.053690335372835,-109.871614154085,-30.542477736374206,-98.08096197450318
3044,-6.590762073736653,-25.452269016317953,-6.56504530221713,-4.666475964287509,-6.582095028602758,-48.944483653781234,-42.118043427143405,-41.62127529228678,8.947100641080892,-28.976885097083763,-42.267944146948814,-112.65213012283287,-40.52503909141013,-116.54627552734506
3045,-15.911948218988774,-31.489827310311274,2.8561745569298886,19.964409254835154,-1.35879104034875,-36.7300468328959,-40.757804638166064,-46.27648648991484,19.646513353883524,-24.61582485533888,-42.484632854104944,-112.09591187539256,-45.51146910910911,-101.05143580699372
3046,-2.738383458640404,-3.2742540608909447,34.95893315557586,47.12844289686384,10.777332853073613,-23.624167618667638,-32.39266405210322,-12.938416732515597,9.909980294682262,-13.448509111272784,-51.8804167653471,-94.62752014517034,-42.71310445870314,-71.78156830260204
3047,-0.5797975657154583,-5.715219231116027,41.50408908111991,45.30871095313772,6.848846260060162,-15.760830628908566,-28.54750010963401,-15.744149577164526,22.964846937180013,-11.136180643283419,-22.626682125307426,-62.44899695835469,-17.566656826761964,-52.298780311690074
3048,31.125629719690096,28.211162470824842,30.668665185258174,45.8842903342417,9.16314945689652,-13.91917535827575,-9.368680103434226,-1.4663600517844606,18.678171445247386,-8.27756426208859,1.0997682176786956,-58.742798018697336,-5.2563119990765035,-51.07230629351225
3049,57.330078481425225,55.085496192705875,27.98579872402831,36.45094931072651,-0.8025507213778478,-11.874454370651572,-3.6677644209654345,2.665655454306774,12.503144092843307,-22.714677625914607,17.937655759918094,-40.471825604244145,15.783376386493801,-28.106543890357464
3050,67.33906293098109,80.79032408303222,52.25637494487217,63.48825438400404,4.428792159909736,2.404048899964999,0.1915847853864047,3.8268220248762823,28.586503274802368,-1.3814746498348316,56.11250287748709,-17.89830110374911,57.680818135298416,10.470163549640416
3051,70.88958908335375,63.07849085629857,16.390676579611313,17.531089738616775,2.7314629947971234,-4.816385242598298,-17.114289692486135,-4.476425751007708,30.676266486588048,-0.9274272247769435,45.212764783309844,-24.124925412953928,56.93479459942365,-5.9121392051620285
3052,20.89211026087415,10.486040131064023,-8.542605929537228,-1.6278317862932745,-11.840410515677574,-20.933380859813024,-59.314863863772025,-49.66075837652986,27.934982483255236,5.86676744553938,10.045259761221478,-32.26493471546172,31.53287700542044,-10.820482971873098
3053,-4.638179477762715,-10.333461305388656,39.00027602427081,44.55607728246349,1.5096011449018836,-13.912004606115778,-33.068783383481886,-34.50379816408361,25.685198399507442,9.346117292635984,-26.242006816408036,-16.41033327793076,22.60739473235267,5.170002383253516
3054,1.791870934326566,-8.902700625845906,14.119217338519,36.327590231292035,-7.537116887910524,-33.44031384685597,-27.435599786382795,-17.941452034083,12.663906065543955,0.9382097764921946,-48.11655767089712,-27.4231877153848,-13.140466913192423,-8.739541683882385
3055,14.072989179164695,-0.44499589858104516,11.019630221108692,-1.1806800956200467,-8.427642108372682,-30.01765167954773,-1.5595507354019051,-3.2428821672460613,-12.519952053431725,4.019454535885613,-45.345058049934,-27.969030534969242,-40.374538205708866,-27.36070575189065
3056,4.766491670811779,0.7220091860210884,27.38071249188634,16.783696375788438,-1.0563231381946514,-8.974741486725824,16.60547769231304,22.449202468035963,-20.594507912479497,-10.855977818312395,-15.04236271701151,-3.6014823302663945,-30.48306672522464,-18.736342600225214
3057,5.915078917553188,3.6852353036783474,-6.4013001305792345,-3.4776338746722146,-5.9650171259379725,-13.922457823776835,4.441524923884141,5.746399178300407,-2.9980358514092913,-15.479345076739715,-10.740559759413244,-12.508904365666417,-28.525335138164863,-23.360144262824644
3058,31.58499018148659,20.005961167877476,13.820336482771554,17.22415069565368,-6.069369674837297,-14.857858976440001,18.22043396475137,17.403440091101235,-9.818416988591023,-7.868205785457503,19.082891854909462,-3.1163794267494307,-12.301101676317463,-34.01554686605131
3059,30.43723431419891,23.25601349483477,13.706864317138441,18.92591286007307,-7.893142949794614,-17.71101426688735,15.720700388895178,17.131612190133474,-24.416527506446318,-24.77484315672088,-0.003232912373936969,-20.73963349104899,-16.95918214283789,-37.517480345662655
3060,-1.6500913997159183,2.532462318670091,2.5546644760939543,4.179625656269294,6.189393117644482,-12.778478156372499,23.04661490501948,-1.3274110649847481,-21.107243432502496,-14.634257245633874,-7.2648621377191755,-32.76984281430843,-17.579992719992983,-41.9202077971928
3061,-1.2613757678327167,1.3996978434126843,-28.218764215939732,-11.121715006654577,14.41054215037745,-8.22262573575802,17.394504062721943,-1.6818042952020964,-18.91704493827717,-16.32062779516821,-21.227554554243646,-35.323144926872565,-31.375986790221553,-55.259482732566376
3062,-7.208856122492424,5.270437808132035,-24.43809193214138,-19.116625666196136,11.524499539050908,-1.6894441516562786,3.1973772588963527,-1.7099879865452885,-4.733236582142997,-3.1407468600878357,-32.12866487626279,-43.842121755561735,-54.08382542535573,-66.62994024105511
3063,3.86220542516753,28.205430476918092,-33.262894394586475,-17.545029650111843,7.859963840955699,14.466890434807269,-9.865962992341494,-3.2225541605029933,-15.543416187564285,0.6388824642773407,-29.012331955002843,-22.663712672641697,-37.966129700916646,-26.914888718480256
3064,16.390093946725912,24.869471138049658,-37.3887345353653,-29.841346960262822,8.186440722100835,17.941550007073527,1.2482071517941533,3.1601281115075905,-13.089122413859917,5.042251561005858,-20.365418745047066,-11.95042684682137,-24.528183601056256,-26.28984529622244
3065,37.973968512256846,47.72776038210176,-58.82867782084973,-53.70205952335698,22.71352851835121,33.02781832719695,8.253439744949603,8.803797534062602,-11.580625069130853,2.383279552496532,15.595517287784173,0.7756151959970157,-20.698114094330233,-36.26868812294359
3066,65.46787758274445,83.27391940703356,-71.87156676907657,-65.14322660784607,22.491860201731377,35.65081172850535,24.012123977359376,28.97472145301566,-6.421481214663175,-12.791557743676032,58.25559660722587,37.90100520881304,-2.053668059549687,-5.040855162269833
3067,55.18952108910017,63.62885832077927,-34.660680182199435,-38.74067134001195,50.300247009701486,42.63474821784897,42.63269970940974,30.29924022921052,-16.07695365190389,-8.941150585262836,70.6493820234542,57.35822577365113,29.688209058817783,18.151523763590134
3068,50.53422899506727,49.74286356752187,-32.88119726315549,-31.84245366688488,40.03496905371356,47.81799949683508,42.33156244397344,46.01011149783262,3.8758745219524418,-4.76206962575954,81.9607996457674,70.03364493660396,21.26471275547713,12.858801492354308
3069,34.901356696845546,34.32468492955778,-40.58572419085021,-42.14485281707871,21.352715291792514,22.686113401330054,32.202027427943854,35.482459423088194,-2.565289268331406,-0.46540084153522643,44.01560426074558,54.920706323760164,9.78720648648704,13.812763473212454
3070,7.431210987815634,12.502508908027202,-30.896912719390627,-34.14763467270522,2.47590233447908,18.17145110869017,4.846807070391693,17.65341515710444,8.677882830145824,10.370888625711085,10.610719699261145,45.00566953169597,19.165931715239104,26.36629212798649
3071,-27.907593000136607,-6.349125200808749,-27.623559393624067,-19.855143156803702,-7.107197710478154,9.317772760819851,-16.365785026555745,7.109291720681175,10.74617677117339,18.9978009081024,-28.961916986622853,-6.557493225339988,1.8938925884493332,8.397312888091523
3072,-20.86537467026231,-12.674375954760093,-26.465306567822342,-24.229460089965894,-6.804392966064724,9.603204496174769,-21.321496569076338,12.418553404199036,14.02934302400777,12.711183980688617,-21.31850548811016,-13.309459359859634,3.311729907383637,1.0716353538108607
3073,-38.33029565744144,-24.137331913253043,-49.82200916622036,-39.05340538350891,-27.45431901874339,11.758002083161424,-55.07768473115308,-4.466374526388156,25.04831521890206,7.158034044137713,-40.02833623357585,-30.441327544284334,7.703990560768943,8.57398859102476
3074,-36.588330587638936,-23.578225308066802,-31.9128919627295,-30.586970876075497,-21.76877983850852,23.830575968980547,-52.92604190641464,-18.653318779065238,11.739489736074155,21.905675020482022,-36.993156369589116,-41.56927152788052,9.037991094237618,16.120254927493225
3075,-36.92778751360214,-26.143063077706692,-55.24876671847982,-39.964147101155895,-21.3535298177996,19.57827985998197,-48.47950842951309,-40.604843690625906,17.528315721092515,17.50821832021092,-18.321378740023633,-39.98956895005945,11.796007417044429,-6.766063875824176
3076,9.94062718006338,9.785019450695025,-20.036875167789358,-29.921035280099957,-0.6454419723653924,22.677336654646005,-4.2804123982095605,-9.314672620883561,-16.117052338091806,3.758507349590409,12.408265458010602,-20.122684765061972,26.74968372331921,10.060804601492102
3077,-13.980593519446053,-5.805039593225212,-66.2204918504943,-64.5612226085384,-11.753015874584394,-16.148994307461226,-8.44268556426061,-20.22807303098372,-9.747280715947205,-5.9777326438104845,13.828294311829712,-34.2818623056381,13.494779078369657,-21.127375523017832
3078,-9.041183783197063,-9.245925468127194,59.65042055049572,46.461073097450566,39.12668543953419,35.183920420879275,65.65351038009199,36.90938518883376,13.343272831171705,6.2782116748445755,74.86736730138799,29.29704503070235,90.64290017702484,60.14617450336122
3079,-0.3477740060020385,0.7893643296285657,42.32759944803922,35.21143349666942,20.844462030082454,-0.7781739601535484,63.15599996702945,36.249746825975656,13.569978444842901,12.321040713751795,45.18872538015634,22.639644429810566,44.31734908375814,22.6867277859244
3080,31.537194396384386,26.421514751215796,124.44715999498881,106.69383605821238,36.6941858322562,30.282320073211427,122.73605025975023,96.35787227680531,2.8186876956812945,-6.1457956944253915,79.79842171135935,52.01017427932956,48.20293499301965,23.08386255587934
3081,33.54508885729886,25.631759657316564,163.44331027583516,119.95310333332358,59.32593748962082,51.83202000463741,143.1320696230474,104.90677623078591,7.979372530377017,-0.9778875648666907,95.96510328310663,66.08698894199108,46.894294914874166,36.767730687750706
3082,-3.6464827589434115,-8.065537929525359,128.47394890271795,107.34656810036681,50.557497674396956,33.66435833940292,113.07905284429829,93.75235663212251,1.1063060087285412,-14.495084776773025,39.06568378190248,35.047834940653686,7.226179257184006,-10.550520280433615
3083,12.710148989827859,13.396204455387114,76.02001783558937,60.828590942933474,41.077651210024904,42.57966859209497,102.00607719496962,84.09717772438162,-7.8325119208746985,-8.497760178699794,34.72687398512175,58.68960649384971,-8.699499568316885,-3.7951627356048094
3084,1.405611562661996,-1.0709750888286127,46.3303843504846,22.073657693899605,28.56735038303265,25.8576580345381,90.4617620399943,53.501744286167536,-14.27629654507509,-1.897150903427761,-1.6403083164980083,34.107477134313314,-18.29162604698627,-5.032069165765145
3085,-20.955490490496857,-9.688900542882035,30.618358737997994,18.851881515006447,21.075299845652474,23.04462288951358,65.2998471115363,47.49780795027122,-26.612776212001595,-28.10188130861512,-28.706371861776486,40.90546708596988,-39.5017907013064,-7.822281854347725
3086,-47.31972846171428,-42.88225402165963,-4.432612898880788,-28.634781012059833,-15.728606726173913,-25.968590413280833,35.840418582895104,23.392015422352333,-30.352133936922332,-5.416039282114833,-49.0640653298504,6.740156309258549,-60.31334988216076,-32.13363576747716
3087,-31.240214278206256,-34.4991234759877,-30.460912554948198,-46.27082521165674,-36.89850203774385,-27.132308394976757,-5.309597950592524,-5.597903323240454,-29.729675222641884,-12.246939982836498,-53.678596263503586,16.262088054834944,-77.84143173640376,-35.89736764658591
3088,-52.07171306559791,-36.975146418302735,-26.846139210629673,-20.113091190528266,-35.29738522067927,-7.095381796314549,-9.587048625618026,3.650975138967852,-29.930979151555032,-14.546248052243584,-48.35183715300464,27.55464209532249,-80.07502195091075,-25.653902337983865
3089,-51.839565865393794,-31.20045964251588,-14.112006826099465,-2.9694817838336536,-26.107236754475473,5.534551930705512,-13.772572500022054,1.5206557037690707,-14.883098628091242,4.405811770663432,-36.894803277410055,33.02581958024656,-37.06959097503393,-4.149033531420169
3090,-7.2086966451207655,1.847460974524064,-35.83544244788991,-24.02069742298452,-24.377078573004464,12.42663865292684,-28.417729979328236,-6.967080445483484,-13.26169979498978,8.607706581499885,10.297577218589261,26.860395241016903,-13.138533038456,0.840409929534141
3091,6.9324889582880065,23.975258448175413,-41.55154159037015,-21.655848692984335,-8.04227763993652,28.236476113114488,-38.11692420989015,-18.912154879093812,3.825461289888971,8.006592007134447,34.04276485826684,-8.42763828820343,22.16210031501847,14.07832553971575
3092,-4.971069407981789,24.17566783516678,-12.534472828892376,-13.749940383068123,-0.3741157082061497,35.329557699128564,-23.325032999736926,-27.11249365092014,-6.084832745575956,2.679909352651693,32.052921441734426,-13.878718119973087,38.0175959475638,8.621366566053025
3093,-9.92415199339141,-4.257149491079476,-9.769164567335691,-6.356057070190104,12.048320504664199,19.02836257277954,-11.207003059226034,-11.612508618038325,5.963673114385668,-19.350901712137876,14.71230010118229,-18.78715110299075,39.771109699590916,5.816683886759922
3094,6.527049168710732,2.2996473747692585,-13.192930471598563,2.620021230016242,-6.530208835271038,10.079142158562433,-13.913837728561884,-26.29225399119005,7.592796019126531,4.134647232666798,10.291808847486418,-8.634691547085666,21.254292632286987,15.516899513301796
3095,24.089501621389307,12.396426252332915,13.072086238898786,28.357536188912512,-5.341970859128552,24.81107139956783,-25.269759275610113,-7.441906730070457,-0.7931916182492195,9.54717382202266,-5.559615506585023,5.128114944348819,-1.4310689218447787,18.985378272367065
3096,13.375217127583298,1.5416649741988788,0.6195195809301293,10.685539068550174,-16.50586228490277,8.543855984468243,-30.220373440559218,-21.83720746355618,-11.13566709925032,6.232777952618294,-27.47607431047757,-4.349259373417404,-16.125420820787056,14.78413433704963
3097,15.678310992431108,-0.9481994929013307,-27.397185391225623,-27.856252244748607,-26.08095697413561,8.723579112518411,-43.509561971699746,-33.2769056854241,-14.261246636334468,4.535928673583152,-31.01937176378418,6.848249015400491,-11.995468902748712,31.194459339324293
3098,-15.317176657906613,-19.14251874967327,-32.12145317711951,-16.646188664979825,-24.419380082066116,9.237356161561223,-55.811591228944415,-33.57701344393631,-7.011449405170585,18.142578844660093,-29.322615151159198,5.7263995712801625,2.1126482919318255,51.1669244867286
3099,-25.83755606206479,-15.064472949687527,-6.130735228753568,-7.744994775735463,-17.36220160994839,19.234494712659483,-36.98857746916608,-20.368653932975846,-6.763433254565967,9.171749483162632,-27.859747938819808,17.848385943237233,3.6685043457502227,54.72458184574725
3100,-19.597452215041116,-10.8271826256641,-20.37769292344799,-19.927236791347823,-10.814488820933404,17.293538355364554,-28.53967270845009,-14.654702099866947,-20.701452104238943,11.494067380140326,-37.072855091102,16.564285897680534,-2.673001168153602,57.15742073526096
3101,-28.23072043482803,-14.443792309701974,15.583674121789679,-4.5243565944527235,-3.855034748575244,34.23309822723438,-21.240612664304226,-10.08635876986713,5.669646813119763,26.764820697970265,-5.821027549007608,24.40889228022619,19.875665813817196,69.62004952007584
3102,-35.650388236990835,-22.477115596999667,30.646393064067798,34.013408273626624,-16.18223519733261,31.085033305638948,-30.686530772334123,-3.9063771684370336,6.598175367503612,17.514379683234733,-10.494964586657005,-0.7310784005364327,30.34363139359705,55.729643032210014
3103,-2.1789411260578944,-9.834697880791719,51.06810211538036,56.27889243008464,-15.02758282340423,-2.4558560858884664,-8.989423539640239,17.711211187220332,-5.264547489565193,-2.467890294034806,-18.969141287202167,-44.498254405683504,0.505695104316684,-7.213126987899483
3104,11.553250698821122,2.155834283722014,37.5474402601393,38.490901931839026,-10.411188211403648,-17.660662299863727,-4.57793790213036,16.79740330472497,-9.804833723149931,-3.989928656623047,-22.278107418456685,-48.09338287020629,10.293029789622295,9.267415752644759
3105,33.285864452534184,24.755566862808724,49.651032076374186,43.714740542221996,6.891139254373249,12.571176578569972,6.570957461579732,28.943089315513088,-7.879637075672171,12.068657196901434,-9.072067647495647,-15.364301003321609,21.315218948004606,56.28569819563398
3106,26.04634995978145,14.462715773180324,16.02644991372966,23.530033512870958,1.6469908069299146,-23.810566001048084,-8.252429350614268,3.9851886116977004,-13.276713186415966,1.7836396631297706,-32.66890280987047,-38.75167286231277,-3.65626086880193,16.003546010995066
3107,-5.54738520440144,-12.621008067285533,12.431585270530126,9.898102478291712,1.5884914533736323,-40.670246598573534,-9.761603632377188,-4.982005424941538,-11.807616837435639,4.793453478089624,-36.79186506066827,-53.876714487499356,-6.7759568739919,9.706762397815698
3108,8.22566553118688,2.415110014919075,51.43341669497647,58.216515590848054,5.219016282579551,-14.520951601141604,-2.926999887557904,-5.674508619392769,-9.74781579079994,-14.913094169309293,-15.031425985892328,-43.371842632604874,1.658200012784148,8.898075854877355
3109,-0.6350555272814652,1.0605468746865454,61.11500679893508,69.97302632769146,-1.1640312568111646,-17.153240492895883,-17.0466751996872,-23.070281759472415,-1.5302942654340708,11.81893769566375,-10.30889224371628,-33.431496652001734,4.735430191879702,16.863079976923668
3110,-20.43975282478074,-13.710258166988332,65.88396931676401,67.69098335770107,-4.227857889085387,-45.35985745597874,-19.328767347775674,-37.89054144762697,-16.50949086434079,-4.463986852599208,-47.916887807724095,-68.02905073050569,-33.368806086641385,-31.21828470540783
3111,-21.951672438107337,-16.346419278307437,43.05645825812638,52.51743544706136,-8.091675305949051,-47.70746557939599,-31.0796019911759,-32.89124821791667,-16.880135428709504,0.8340348438277225,-79.25983098649073,-76.07532420711321,-38.0412889499902,-33.66394350854653
3112,-0.402742482317052,8.253129914277176,68.7406229874983,71.99662518051697,8.721896783050132,1.850151103865072,-4.129714265393533,3.4030893994458404,-9.520044547471256,3.3706370667343934,-53.900027193170935,-34.17660768787613,-13.284603146690369,0.4932899077256797
3113,14.355004937277998,11.101111504770397,57.60048200720195,46.28658145594504,18.12424249337759,-18.289961535101074,9.109937236982137,17.376063342198123,-25.04234923772422,-11.869742756042765,-80.87155629911388,-45.14072242744438,-55.13353545286521,-29.757845629896796
3114,43.411796684642106,37.94334254146378,48.01036479836811,33.26153127713128,21.320971762027952,-14.929602831177576,18.61862497898152,19.349016999744045,-25.257111650433206,-18.328650701302802,-68.29715322872501,-37.06014364845734,-70.6041277305011,-45.112513171820794
3115,59.422160457836625,56.50366783622943,49.5187718084793,45.700657718477345,18.142332261660655,18.732332489988163,36.037011602935436,49.32188822156434,-31.783635737050258,-4.999846498144743,-30.294755263570384,20.721461997054593,-43.322751542260136,-8.218972948192595
3116,51.84457356974892,53.91440891453725,23.989188716615477,18.179522448926875,14.724062954395965,6.398678653749962,40.78127122734653,30.147347656331352,-25.893791730520167,-3.645256385679707,-6.145053959436618,21.82533065612292,-53.086088372388865,-10.32332188227027
3117,34.07232218126214,23.40317378159606,-9.779778552327102,-15.161391228379667,4.387679852397272,-9.376863918422313,12.669011645753915,1.4746339176076655,-40.50604671979962,-14.651958879623376,-7.831936746197578,14.76479788221222,-62.995085239545126,-34.140218740257744
3118,-4.761217352654248,-9.265345114268097,-11.773975110960997,-20.40060055810374,-19.00392939813579,6.781458557746911,-18.756932725172426,-11.837142030091977,-27.68812440133256,-12.678607645431912,15.308738961167741,38.43476029162176,-41.74520285265255,-0.4953920787364542
3119,-33.771949730572324,-33.16681911241335,-9.544667990703427,-15.224726044320649,-27.305229389233297,-24.936674473561514,-21.70776466813141,-17.885053220442842,-26.923763396037913,-4.672952122036585,1.4743495655405816,8.187753121268326,-30.46567300909301,15.173650235868434
3120,-42.95169825645018,-27.350353870043126,-26.58555614581583,-10.007497543354715,-29.62263003075452,-41.71306437661572,-29.282003500219012,-10.098493388961113,-21.827726067493092,-8.618062925476709,-28.92835019805026,-6.447070799654259,-42.65086850325694,1.922914342783556
3121,-35.355679644151486,-19.74343893740809,-28.309443671292353,-20.28402379360808,-31.687178362207028,-31.483782542466113,-38.80991825211878,-38.92193821155858,-24.099405877157718,2.591846570811847,-54.523995812632535,-17.949564843477912,-43.827519709527195,3.89297376929251
3122,-14.325467196968958,-2.9415270638961526,-1.5333340562740292,13.170264401284182,-24.657023488449568,-20.604621460134528,-37.62077376025674,-28.913449898425558,-31.49623383782635,5.22545165859208,-58.64878077611149,-16.900885104365543,-39.653660512240315,11.420891593060386
3123,-26.30811088317718,-8.492241788479337,-23.91440537110897,-22.010402281030558,-36.300482436261674,-27.780932377026545,-41.23824034529112,-33.097056287635,-27.5549386847288,8.845217021258524,-90.06870991260172,-35.2606955279211,-66.29488507784689,-14.874099851131371
3124,-24.50223148853462,-2.197965758762261,-12.148592463485166,-11.23638759403838,-25.4231458491833,-22.730084440938185,-27.024220402679987,-6.887004028899097,-19.962245767287694,-9.061848046485355,-70.61674300893907,-24.96149043181259,-55.55217671996994,-15.455782814282525
3125,-31.760564314743792,-2.3663981235680946,-16.603892404342286,-7.659213420038,-32.15689490107109,-26.68794210040925,-12.935292104831618,-6.861246022624419,-19.043680148651543,-20.019667142229512,-40.92265484667731,-18.481492731356518,-39.714904026804184,-19.520372902816277
3126,-27.5588781808096,-1.6144984142282768,-36.19612552237873,-15.107040252610416,-22.95401051265642,-28.5798637582634,-6.759991137743124,5.861864519623998,-17.374293803510977,-13.989175369917668,-27.245982720181395,-34.314561663493535,-33.957786944763434,-51.04528357757265
3127,-21.158502366850016,-5.174803149987713,-51.124434664643154,-26.560590963598848,-18.527963529833723,-34.81081342589661,-10.366949509264726,-0.44462754443839037,3.6377759824960023,-4.067739112712703,1.1600389938306819,-42.306755191798665,-19.343392113866432,-57.55247578098807
3128,-22.269095951267257,0.509421086600919,-31.657313788216793,-25.77771754291581,-12.649601725880963,-3.9796845789713937,-16.53497322216145,8.533308911316588,3.4691111171187976,-9.36620908513253,44.0149436566454,-14.763604566490265,11.280069228676012,-32.564066679488555
3129,-35.9788308778355,-2.01006641587566,-23.43170889508011,-12.310145427063464,-21.87815638265448,-6.4762405911347525,-22.880951628323857,-4.260881361871638,36.06245118793578,-4.050438548189628,40.53035685883914,-27.6958497258483,24.29649301840852,-40.51188638171905
3130,-43.66137940545523,-21.366950927263048,-37.697651372645794,-25.041633611885413,-34.75802175335962,-14.422300745989315,-33.44655695468991,-20.345398257246764,16.704575924850307,-3.1665490719085563,13.364248983105492,-31.351243196542132,19.648564900343686,-43.89788425832486
3131,-61.917379040110774,-31.229917126212076,-17.210653790535655,-3.073157364962362,-29.57193152431545,1.6690282266532492,-20.354861706199042,-2.0139593030991234,28.263014886674977,2.419408987578279,8.580046271506827,7.419729148863747,39.594246211703194,-10.524058105064348
3132,-41.32081768444557,-38.453261065801925,-13.598546216055084,6.915242450878742,-15.568071098015487,-3.954961788385126,-5.9805132323252295,18.71243142588751,34.60040795341349,1.6892763785175353,3.729332969102653,17.1215095600249,42.33286601599655,-2.8165126452781695
3133,-5.670730209846078,-23.222182837548836,-4.825737559438557,0.985132395748683,-7.208017251768013,-9.11750620564743,13.232351414076728,29.314538108423072,6.7681565989559935,-18.282038136537214,-13.73062018775175,11.97189274623748,6.63384836777113,-29.588785722386103
3134,21.759464758107228,-4.384598649081046,-0.762322191268925,8.026058273407958,3.1081370517707967,10.432706284572541,8.988513795122712,33.42537770655244,8.337797116139873,-15.145329478999937,-26.176654299640347,23.427168293259843,-13.877255028370676,-21.1600870091724
3135,16.245061876806986,9.545650811884656,10.948406892659742,9.626362803130517,8.998616962272726,14.384034737363502,3.8106364883224773,41.74111329408706,-0.5389857689144032,-6.578897009962349,-34.61242550275436,15.099866649186177,-10.248546652548088,-22.29119765525542
3136,23.559317197974323,20.992725661913006,-4.154145580232647,14.257117591723361,5.399688162632768,3.9132636154833826,8.452503316838273,31.064157919456086,-12.774762983053279,-17.880058164700912,-20.758693260634818,-11.186006684767236,-33.31655965607264,-65.55663181896487
3137,32.5087961937762,42.63757200099502,-25.291467201520692,-8.19218727576089,4.863021102701634,11.944917782785522,9.271680539219629,22.232849466789915,-3.9617886267553835,-1.8726747340326968,11.0867827308786,17.989746742050663,7.4450248868927575,-23.851611971658006
3138,15.830049564504982,26.87346868804275,-19.29456101302015,-11.110543972566228,2.095108283115659,3.817009818241613,16.46029551086082,19.12175575986608,10.734138498216813,1.669933560875907,6.6964791675799225,30.56383728522334,28.062605373827598,14.500215762593632
3139,7.994725031901311,7.678817179624902,-26.566145991575258,-19.34661341276944,-1.5379953068554897,7.686606374680336,27.602728577261672,17.627116836415073,-0.34130761967289774,-3.8958071870295115,-6.493824175193815,47.043588148048876,-0.5615295889930323,-4.649598044170413
3140,-30.08353295842165,-35.83454000722444,-57.0160933239577,-46.238727133844215,-1.1044883457674426,9.2257720735105,20.542565036961413,28.90372830656826,8.52505207849399,8.26959511754576,11.870777816310822,64.23360266705848,17.339804577442685,31.960080617838535
3141,-61.34815920471246,-64.99733762623377,-32.3075936655919,-35.48732902961475,-8.235726412661284,11.93793869192,21.741199253769512,16.890249883542943,-4.863122260261485,-1.2533253580259514,7.609754533965834,88.11328405984419,16.54698071988809,44.764001085430245
3142,-58.79695231168182,-64.27327087087261,-49.81970096426894,-42.277984000586635,-12.396845222522575,2.5544923238894355,15.47571287003419,6.605086544217933,4.583726875902978,22.82962933946439,-17.247494813502104,86.6718388687151,24.342464264831925,39.289908920787376
3143,-40.05207859094196,-45.64637540114989,-40.10515305322509,-35.449363612877306,-23.44642671230233,-8.11534404006352,4.736176106178464,-3.3839323301294124,8.314608801905727,5.840567800606922,-20.88399233398671,65.28374665371888,3.6267427963440984,9.318110356031717
3144,-16.203512944201226,-11.849898369624418,-23.494948148923744,-22.869531704209365,-29.500545459204552,17.73574945245772,-4.920952247551985,12.325827912751706,-1.9244621419887171,14.327327323980148,-18.947372522142786,81.95079000470395,0.48719151744962375,24.010355910370688
3145,5.959169974759864,4.016754342986343,-16.901395988861733,-26.162359172194986,-21.747064583676586,12.120985469427012,-0.47065017193524994,8.255654626851072,-10.41275821682342,16.64164303463682,-26.5510688075913,62.39309103744967,-7.462428323122267,19.52560398968513
3146,-0.7806253713010309,13.01314728990697,-33.394853185161615,-28.87837768126617,-20.20579305643122,1.4934215790177474,21.858673730744044,32.89232827785058,-37.83427726322111,-15.699068950537882,-25.192901519692256,20.23217988589281,-61.84548148532443,-32.67521817513396
3147,14.205872643736793,7.191655010125416,-69.73613345301548,-56.7955748521104,-21.865754125312876,-0.7323592772701305,0.4674157543728233,2.893241208706619,-37.465715973683636,-21.549524381481838,-21.210436360477498,0.22218470669341173,-58.13797532430039,-28.96926043106571
3148,-15.728270123336065,-0.1682470533310556,-54.87777795564478,-53.21131071682389,-8.364473888421156,-1.434317777845023,-10.642599037746711,-12.215214255883359,-28.886105934567993,-7.369684555723102,-25.343660670669593,-25.860235257719907,-51.103093325174946,-20.84036215453965
3149,-8.89992320749081,-8.896160444415331,-44.09819518816422,-53.33628437957782,-2.6341684015866247,-12.908928891576144,1.1036267239629607,9.614037868255744,-16.993467928877745,-4.39924943043996,-19.77461648288907,-35.64732439129827,-57.46764371937956,-33.17460313816442
3150,-14.473428897905203,-7.947270816336424,-43.591337065810045,-43.77411652703779,0.5036360803312361,-9.116541764709057,4.697186461815709,10.753941587531699,-29.78119396230012,-17.82051511049727,-40.21133588636372,-49.70806270458362,-76.7788379383565,-69.08071664886877
3151,-3.7132529435566175,-0.5310291487432504,-42.04814285932915,-36.25754152845001,-0.7428812613939388,3.9224838790208887,8.989868979901866,7.888428989551119,-20.565966492023374,-19.360018093251213,-3.605498874369493,-13.421394008797646,-69.69097417774861,-56.69028794550722
3152,-22.982123371400956,1.4449159079507963,-19.273505883951074,-20.371944199649747,1.8192647644478006,10.593740441892773,5.113668167211414,18.584398759368348,-13.141956227727789,-1.356716049335529,-7.427305029614288,-3.3536729751853542,-40.45713854213139,-46.85895510283154
3153,-26.10887246807758,-16.499880818774653,-40.784753577517016,-26.09622895840391,-9.423462289818179,-6.4958103158866525,-8.863817530619702,14.409957073948096,-15.822715120847596,-16.459401477834252,-8.106241793396883,-22.61911844275748,-42.22485234707797,-61.286548968451214
3154,29.425990011502954,27.343669888780987,-17.726323167162995,-13.72004246173885,0.46729458904158516,-2.6317619857355417,9.296220365818725,10.735384056040223,-16.596795169151253,-14.30978898578157,49.41994512172717,13.748276434759497,6.948313425071341,-24.372310782035722
3155,73.96054945680366,63.07198659512785,22.823544204509318,20.896110617910626,31.130925643041053,25.893347406061967,27.14293616901515,2.8755605753965234,11.59902440732968,-0.035986601471428514,132.89297914770935,31.119160067724252,73.8869381217614,24.890120155759607
3156,33.838339529542935,29.036022428640806,32.859946587051915,28.733996287889,38.17860904079396,20.96170980445361,24.123818436421022,-20.99120768158013,14.540347581697068,5.306950484418525,113.01561024878924,19.150415708892403,75.56269478001114,25.474551552718854
3157,-19.15011667505378,-24.44785439273222,18.06986569127398,8.686699528240316,9.75334918810325,-9.026311928472467,-5.324188185157033,-27.171023952185028,26.362738822170382,6.691282554029465,73.88872656658441,-1.1622652157315845,61.39800028342482,18.51509783939035
3158,-60.72103097424152,-75.03287270581549,-17.740247149709088,-18.560010851108345,4.17696285122712,-20.490362917034442,-17.705126232785158,-30.196726146929528,10.353396005037999,-12.026752235180476,32.58369479141452,-8.68946633242243,33.34361369013615,0.5074657091432144
3159,-69.05642161403433,-80.6403637708844,-35.163268713805856,-19.96348860744104,5.550537722765584,-0.310336179706121,-10.172933073620698,-34.99655814732727,15.457878635887715,5.0488221879929736,19.868763881935738,-4.531347750325032,20.969399455414337,-2.242670294276512
3160,-77.05091755364093,-82.67167431486334,-35.461379774407014,-28.092220180343677,10.957509659390297,-0.6874649117146153,-7.847306346352661,-28.549433475058283,11.768183562251068,3.98449473794407,18.004835337134594,6.323420465695097,29.11166253787958,0.24517564559624266
3161,-60.899648419986505,-67.94234353567894,-54.440211928401915,-45.1712122127101,22.217097108398036,6.337782117005284,-3.6206224739579898,-5.656039306259667,13.010445542948773,-10.43523740929831,20.418356521669335,12.83223021307983,13.733222188052784,-27.7073646184018
3162,-55.524665570858964,-58.70508387203214,-51.6124501775038,-55.06826629963425,16.17616160361705,7.659981819415322,1.9144054230775527,-20.942344949345443,17.432009822243767,12.168146316670374,27.66050038180755,25.037709505495894,26.883568412523932,-15.352292175038604
3163,-24.886216925111057,-20.69735732484937,-10.486586678760768,-28.7881869881122,34.372072619394636,39.98366834490715,19.04766010982078,-12.914602924748195,-1.9906973782383102,4.792091283481351,35.58910650452885,18.352221476150856,16.33732334102482,-8.531514125384001
3164,-13.063998465836098,5.7813274895028055,8.488115273994593,-8.458554286971019,42.15200846533916,51.56017293385656,29.690932868845643,-0.6466181763102704,17.76424593765469,-9.501879225058225,54.521867897989225,17.249197846441227,56.472839430023704,23.462048581440605
3165,-3.2073432778261903,13.639474958322122,-3.8454035672580855,-30.658519355257873,39.8381766009777,42.930455457104244,25.323872621598706,-3.5961352203376293,16.228211099589842,6.114970946203859,60.16854674468087,17.35553937979956,46.93523984233969,7.728240627728257
3166,0.8418194429199622,16.819813465827707,-6.35182292557045,-26.60392509188298,51.316207532087404,49.043625199769416,30.319196061578246,2.975443493781051,22.02128045255775,10.55454956484564,99.05444466025436,46.0847027346758,58.62827755920504,22.02374664041412
3167,0.10520772640796691,10.35516672762985,-11.32493368692952,-28.751372000230823,37.045576985569504,51.28387396214439,25.394432208348313,7.035206611408185,18.29115604992384,11.993651643249095,80.81523135389659,47.39738032662774,37.44975040193188,19.010440027169434
3168,-19.00805305083802,-5.033311569536776,-8.513843664124776,-13.446216829236956,35.365323201877686,32.85585407565514,34.02804820167414,22.64560090379515,2.228284404990335,-12.657558397878429,50.51308525191124,33.33771999290897,18.937004229091436,2.386250150549459
3169,-24.80069600829606,-7.086134470950144,-26.586848913380965,-45.18393085405697,26.247597698321314,22.879197358951696,13.869672893493119,22.123345651936482,-19.003316266601338,-21.251918603656065,3.2956966127250453,11.875003373387665,-21.496482183775235,-19.1981569918402
3170,-28.189919343476863,-16.98187823039961,-28.71068864792711,-45.0260420896709,28.10308425987708,31.372414504061187,10.935018893034945,11.917869122194439,-18.75003389317294,-14.091074033242085,-3.353069383771155,18.313995186315598,-24.63278297367725,-15.930448825369162
3171,-51.9592468086472,-20.463550180566042,-14.05334842386876,-33.19769314407182,8.411590162719115,29.070086328342427,9.552254666529214,10.72626963770482,-13.197417799896918,-6.706609082222965,-12.773631145063412,10.35563956830784,-13.186411862358291,0.3442275233045677
3172,-65.35669218450958,-43.903286153334854,-26.41956695804869,-21.17302110116196,-2.064657038916367,10.242085851176268,2.4113312665515556,18.24129517176787,-17.931374588772368,3.0511795714557586,-20.893938085606024,8.899201635771837,-31.36710837725482,-21.825546907099273
3173,-55.345211967032355,-48.19199189694,-23.96819082291769,-25.831747225779345,-12.057225579578134,-7.122676748061297,5.55464826467204,26.32058431079786,-23.42524198017325,-9.37244988827256,-49.06528091448084,6.126083925199426,-43.456090118058725,-7.806074199903745
3174,-40.937598263634854,-37.467608071655626,-12.862912579630132,-10.637740284110093,-21.401024371921622,-8.61668452739255,4.802634903578139,24.11895060544369,-23.655184797390643,-12.820317920049156,-57.069265040635344,-3.505852647250429,-56.88084873716214,-0.9312974908436389
3175,-4.102296005544748,-0.7700939188792871,6.496895725345166,11.366987617544583,-25.673958379363025,-7.796087302907296,-7.225127407585985,16.09555516284874,-14.503776010819317,-10.030915200328758,-65.67974337456575,-20.507022697874017,-43.33289795374348,9.244015018331952
3176,7.271801432450952,3.627115425688028,-5.393815366250487,-4.340538351945945,-31.528746538337266,-5.109336366445701,-33.519151245578556,-4.505169865075709,-23.52929069064064,-13.997040423762554,-58.960496130303596,-46.77771742577725,-52.399084336655655,-7.989573220933613
3177,-11.160773714446254,6.29260378575608,-21.884458975868878,-38.25388740507185,-47.16021662100903,-25.373553500425743,-47.80985610241542,-44.773576486208285,-20.756413439532952,-0.006939812268630163,-67.36979701278898,-63.93563103491351,-57.316762301463925,-26.375973544367625
3178,-22.12854241669614,0.888936363628367,-19.189087520098365,-36.3346612027099,-27.68828104335813,7.234171776030124,-59.19193990687972,-35.00428351649602,-7.626794431028476,19.08903434928335,-45.37386649581253,-46.74203971234365,-14.282955963585009,25.658341088642295
3179,-43.70935016103994,-40.587926179400384,-22.868847867577,-24.20179619065705,-24.16282046508186,1.0159509633003634,-29.63856127225107,-11.163959580138512,5.262703330304902,19.2205988161255,-36.461344255122356,-3.272243144182367,0.4238874706910488,45.67143731721094
3180,-17.852816063377826,0.21645078231397985,45.05442811914188,25.841266661477384,-7.6395291803845975,-0.36978645668139765,25.855718365002296,22.57616935075864,6.264035752319132,9.964361848890437,18.80691726822567,6.7747838559463025,29.841934244286204,40.96052314927031
3181,26.292226604291173,33.69871613373868,80.33061412360298,59.00405566631947,15.339667638156234,21.807571825372325,46.9520800124883,36.24119193889703,10.147731678996289,-3.5476260009918876,65.32182835507442,23.184830208986234,50.739527564086785,44.42526005453153
3182,3.5763757918559387,7.3097584547750785,62.3312084176275,42.390946861921684,14.292285303617977,4.016525015382952,33.703315642252086,15.229290347666836,12.206455933159276,6.7371509693792815,32.11357412828609,-8.635265707354515,24.58336663971352,3.495911474057797
3183,-36.88152442410679,-24.454613886884516,6.473013242938532,5.260513949568676,-28.223784324089777,-22.227046702461532,-6.936308743218274,-27.04601758416829,10.220773046116584,12.347897036064381,-23.996983001916966,-29.498340511063304,0.039170328220705826,-10.951418544193537
3184,-44.512237736258626,-23.598674920235574,-3.0593553116751813,1.5930853823999622,-20.073358333164702,-10.75013233723301,-8.153106155861646,-16.796594971750842,14.573473653238372,24.17237674707736,-19.682129508586193,-12.699430114184253,-10.537292823609631,-36.94604038112615
3185,-76.79784643787507,-64.98534107184012,-25.408763202407144,-30.96535737040851,-22.366330123201827,-38.87829119197358,-24.42066645617928,-32.8053349069937,4.952968859879667,-10.41602300970005,-76.0713048299246,-60.15489049776875,-54.79077663954259,-77.69676616420189
3186,-63.14809458991332,-57.42376559365109,-35.766996409014496,-35.853316455906956,-2.570098707840507,-43.99714006085589,-15.78953556422644,-20.48029010968256,-10.57278172846781,-1.32226644560247,-64.83963877390117,-43.28976202013692,-67.30229941254818,-68.25324617354653
3187,-66.6395975124005,-47.502985439486594,-48.47524303498019,-60.333431773824714,-7.1360531972837755,-32.30522040482131,-18.779833794808308,-30.508292739717973,-10.666666214388847,-10.762019998029599,-72.55240026566395,-29.75758646238059,-79.64654883019752,-46.74878185226999
3188,-52.88838476971276,-41.183558661892754,-46.94978879626751,-46.204460346048045,0.20532561150608167,-13.308628443061135,-22.821517837952737,-26.830685324563365,-20.549479915248114,2.1246096848807277,-44.12370996311744,-15.531261828257398,-69.62929868290009,-32.88486110860393
3189,-81.65615233451315,-71.88850627005115,-52.868142513872385,-55.97835738975447,-3.984644128334143,-30.38203828005424,-26.312316594978704,-27.360107898937393,-23.828781245555593,-5.104043402733851,-75.07939959037074,-52.806102592696014,-72.78454505158032,-54.43998834837917
3190,-42.30116200480896,-38.02134906501882,-28.80817126579159,-31.027508070435363,9.375946438569445,-14.987118200163701,16.983373713373137,14.030312733336222,-5.729200551710594,-25.26810018087253,-14.247718396793237,-24.6423982432387,-34.1633976824411,-41.69078687732901
3191,-10.939255454092176,-13.828796736712405,-6.868070775898559,-14.452401197244795,25.169193492922233,-10.559416467390353,18.69860112176002,23.09248311920207,9.195630360071814,-8.188838818994732,-2.174680571292436,-27.250770280746206,-19.508671183709602,-41.030945262506435
3192,-1.6414384375921542,-6.2669341582757,-14.409642591620953,-6.287543997985328,15.353195086176047,-23.541247405884654,3.224970897804565,19.763014441357207,-0.8040189788540265,-3.205224245018232,-27.21894913293589,-52.24749745269256,-36.44355280756171,-46.18264024485052
3193,-4.8210771664079495,-24.6325978160445,18.87916146671566,20.85036896249395,14.258264414671093,-45.29750357137031,4.434465118675854,11.280408420833554,-1.2058554681178635,-23.21180540355889,-71.93934096091093,-80.66187581184428,-33.66114673238846,-49.238489497634646
3194,14.91670475318281,4.525747596184253,32.010012620229205,31.801382853109477,18.82752848174259,-49.19240742682273,18.28763782465527,8.64868511485076,-11.34535910589817,-18.8859126952543,-66.87084489210085,-91.52958613602632,-50.88105692672637,-80.48974277182054
3195,32.73164979166353,30.39284569818443,59.978762300200394,44.28040433375497,31.05779937771536,-23.490155188518816,38.83042245355693,28.045972462475493,7.633902006103636,0.016892526645562178,-0.7344435086284555,-39.75453687263687,-9.282103258470041,-33.387089025595785
3196,30.689162812725044,16.15393260514561,33.091930324480835,30.35481377894238,22.034401290437646,-20.80270214270677,20.936530984387417,29.336537677883552,7.873877210229778,-13.794658053463143,-42.7054997128642,-54.23969322367062,-1.9661160096495758,-27.585575383140963
3197,31.138954213265848,38.211485591547174,55.7487426614906,55.185931453850216,25.02570623138671,10.506257735487987,34.64689940161967,24.729861722370014,22.859133191739,10.443424720140936,43.39320837501332,11.829816025003112,45.9977764464561,39.59225170585456
3198,56.732428903581244,52.99749198548561,73.17248235532888,71.39500029568978,14.828556420845958,24.65751913282665,50.1601054025249,33.59836945131321,24.41684002980655,0.10028581496959532,55.71951042440243,40.28898331917325,43.83743803160549,47.393737748092235
3199,43.44356786989305,50.34300166457851,70.40209067858164,48.65093472485581,17.976303323749708,16.48319241248398,51.01724677971238,32.822608155370304,18.64918404169312,2.1145473077382775,57.47580447214608,63.855874257917826,62.294715770084395,55.23105477541129
3200,85.48488910340978,75.70214083663872,57.29735226843852,67.5528632957419,18.331819746128065,21.348212715783706,29.282082190073588,9.206178254183486,36.21015209979921,20.744206708936993,75.62806933928609,70.16938197092507,65.6459361331233,68.87774139347002
3201,29.577703109824533,32.5900858202758,96.00394145590597,86.66053846618027,30.747964920708625,25.317695475979942,60.83775072090852,57.91992708610396,35.97060212032731,24.73180926302467,60.27702180541854,82.37724523869997,46.684209391775944,60.96191304687169
3202,60.684170475656046,68.59764506696041,113.44158956927144,96.9995820749977,46.41180739880664,39.56200830368637,57.39917766345803,34.26521281683503,41.256400458369825,21.943570482750385,92.23862056826293,75.66167492671849,71.75009227947174,79.23438397726822
3203,68.69576097967251,66.30623901633898,151.18775692596708,144.9896432084134,84.92565764351285,54.05716965268801,83.6085585903223,78.03989589824491,28.517485585708624,10.70853866407327,96.01273415579419,53.83643471133621,79.97318021223681,61.55900699297502
3204,64.84309841337858,66.58677389957789,127.18000291402853,132.5546098534914,77.47280266695961,53.0008436871742,88.99822742945763,69.43893919651104,40.302776515607974,28.25627040934318,95.62579392523577,54.63309993173671,92.77329199305971,56.27706451517964
3205,61.674640001718025,59.69566848956413,144.78462025476523,141.21368002210062,78.88395498362127,46.08508393381136,81.04504350098622,73.21832399928059,42.805296260435135,4.765011638053049,64.71997430720086,28.384677869167035,85.674497172498,34.13326015242377
3206,37.45953310474925,37.642811172340096,111.329629522263,121.54511371907093,65.46604808625666,41.29640442140313,54.55476664070667,56.07179257102357,34.05744053402761,7.483644870653944,30.351354498656015,0.3028266703336047,57.86917070807825,2.652588849655429
3207,18.533014069713808,29.43396266600694,48.314355825863835,55.40272419064408,39.77620529604851,46.714071301128136,12.519268122644423,24.604820132108,26.655725018519906,11.922099330639186,4.993967106356189,-2.7141629509018843,9.96513128145047,-27.803517489921287
3208,20.24180606796133,42.476035267106546,5.72077681977963,4.9305147194115175,21.41201777070306,74.57099771204199,-3.6604835778247113,16.707515251544216,-1.8819836619597226,12.103441178383012,4.697478297239533,16.23413549844515,-27.596141517174356,-37.99076512563814
3209,-21.82362989376606,7.119306240505439,-29.38584938604828,-31.026644418710564,10.245049894475951,55.313014035820345,-23.26720803592465,-9.30965394913105,-10.774898161186856,9.38095907570092,-7.70614507123698,-14.336806670661973,-38.21615706001258,-45.90284245196374
3210,-36.22999495649808,-12.286938699075204,-57.5362781502329,-51.413222767384994,6.411703229041124,48.528069238887404,-43.76708467181726,-25.477556124832375,-18.300849831311016,-1.1212490870013152,-4.6119500965431435,-20.1706960681614,-39.17395451825715,-68.56759458527137
3211,-25.010189418210693,-4.757329243816517,-65.3269869265948,-47.72340515888839,15.17942491247534,58.306205432927534,-41.96103573787356,-31.783011930874864,-14.96894898673527,-6.407729558949517,7.583275385683493,-1.7617655619327666,-28.008981345410163,-59.60015156515264
3212,-27.36345809787737,2.6766074695522204,-50.05493565399774,-48.588820945791745,13.64382467619186,44.94954055089986,-22.81127608009202,-14.362414883703831,-5.678646155634854,-18.01714602811724,19.925888042873154,-9.033354622188623,-5.628667304820921,-46.56739138556237
3213,-16.64531315676409,-2.445279415739251,-46.76058166996007,-52.56575810343218,21.714545943679024,26.08448503992104,-8.45924193223785,-7.859756953746517,-11.332308338425092,-12.013772219679797,20.002486305037536,-2.3719493419513267,-2.3090245052390035,-40.58964624514624
3214,10.357869419521244,28.07943897710625,-30.569010205139104,-29.80554834848378,25.17618285800187,27.933802918665414,5.757689324456801,2.973788579625817,5.797777612266085,2.227180412729534,40.22850687396073,21.25850438402266,7.798836438933767,-14.65005614773537
3215,23.10474995870125,30.502271735235833,-4.013939036503776,-6.000311883919742,23.185008627277107,13.221264637655816,10.987156134615429,20.439480749876797,-4.320624782951416,-17.761538762347698,29.243366318611265,8.789546282693518,-12.259663176784995,-28.89080764883016
3216,27.228473949687647,30.84528081382497,4.109183416124722,-3.136230125177802,36.79120604645914,20.412460886302426,12.043468075857335,25.782918003653396,-25.303643539395427,-5.407925783496176,-8.45917162473745,-21.598286329258436,-48.98770664292038,-70.50472795131346
3217,35.44572192675125,45.85264686046591,-10.101713400472802,1.2562740658788965,46.0216117487378,25.59718267438496,12.783787895885606,16.71249216797885,-15.42063980637139,-15.009309228902175,24.557532626631797,-30.161056184939746,-64.93008556870197,-87.80848779526994
3218,27.097713934820764,36.773959356738644,13.102113577582713,14.940144685143913,44.55701505625115,36.15613531641579,1.2160051475148,6.153773538070288,-3.661320176203858,-8.707322670337776,5.348772614526773,-43.43483099760704,-47.06508659335993,-74.70940499673245
3219,10.824986567318849,20.87572134871151,31.724000955341968,29.812817447514036,27.72381489968169,28.365032712968894,-2.309501958011286,12.146761464678988,-10.123642119829283,0.947648391541013,-2.6323702201453534,-21.60848088335639,-27.547727158151762,-39.5278841039385
3220,-13.099433719905742,-9.315897648007304,19.781502557950745,26.155600941239193,7.895349393011819,3.045357230837094,-3.353703548534536,-4.58158245389753,-16.523466221631313,-16.16800071124144,-21.529828052221454,-28.842588429576892,-34.230114733142884,-54.31858309288578
3221,-7.725602137636707,-15.802055312020613,5.3163759143068825,14.231379264374656,-0.10898042238845818,-8.748309882955885,1.104508730748556,-7.370255048717995,-2.2332215338166037,-10.811053311268374,17.384813619578217,-1.889859118405363,2.621349673058755,-13.73605453536149
3222,-14.353830623947978,-13.559615163050077,-8.55578224126736,-3.9078867516506453,-10.166996405298123,-9.824617991505358,-18.254391688746406,-22.294223296318208,3.1469610555620995,-1.7045055012966477,38.10384868356163,32.63025873971825,37.92515010138073,20.89112880942025
3223,-33.32545531932884,-48.83349143142032,-11.769004071499497,-17.063217315127254,-25.99644870365506,-16.1647178480336,-12.227964618306826,-18.577428709125225,17.427948982310397,-3.174515183526349,61.514529282591866,40.12976041139663,56.17395486935813,49.464437957429666
3224,-40.95768168381936,-51.116435638334,-21.715039799145938,-22.504126159971662,-29.317603226388055,-19.210178112343975,-7.89727588680968,-16.887604431444526,14.35394898382784,6.824816926569483,32.02852893921857,52.744561171357844,34.175289195959834,31.10618781538273
3225,-29.530515091167516,-44.285032512727796,-37.97165066453352,-29.66401251785558,-26.43734626358337,-16.389249853983188,-9.32811273690601,-6.222701399071763,15.492390191104313,7.487415336338052,46.631447599527505,55.917245220414856,52.1049586605654,57.92741513826356
3226,-1.5823643030859722,-25.722641046434816,-34.33268458870111,-47.13494733324106,-27.482692677206252,-20.48052319952622,-8.3426830002648,-26.958946228184338,23.40549197469341,16.121727427835733,60.03835644090677,55.99384043655593,78.00420528019185,84.78699721508926
3227,2.1823962368828362,-21.65340237143532,-29.079098710433474,-34.91180750017892,-16.93591028553782,-16.14472536643536,-3.546484840641168,-17.52391431727754,10.280735403873859,7.215575186909888,28.346512357720016,44.28760058941522,66.14245856137015,67.07797171937173
3228,22.163553755931265,-14.58554415826908,-60.86858100241113,-50.0530680050273,-24.894706708166904,-23.892468814249973,-4.994123181260905,-24.31061609149242,18.542324405559096,16.98723632533712,49.306987036319654,44.4621898573379,79.57670424530723,80.706594445831
3229,32.993756569723004,2.5434319699343204,-54.05421789374518,-54.33056180568571,-19.253342917187982,-21.925756118717256,-1.9774443363202765,-19.33981961160554,20.355574022516958,24.18840730665597,59.42809773830864,41.49670211738145,85.86128805992584,86.69748869196958
3230,25.49611070229055,-2.219466662002292,-36.67957073018852,-35.950209087390135,-9.902297719134328,-16.460934955468222,2.1656003115016604,-4.277353946777589,21.476188108620136,20.8886179190638,60.8956565613996,35.74885402816446,118.30312670052862,113.00851088769772
3231,24.75590606863868,7.25155670500402,-24.764126954450216,-35.460536689465584,4.630325936296067,-8.708945593744039,21.23636425967794,9.079187408623252,32.02116072316245,16.160679600104366,70.93971498707177,49.06039129215326,100.6686839622978,91.8667524458579
3232,30.16472431317731,24.790556801683024,-32.587449160791394,-39.03279292484039,22.071634877116107,0.9031754978274709,39.56936222226134,21.936845592694116,13.509474243092805,14.69348556194205,54.80472971919835,53.80516196465692,71.78047248912536,74.94936944061324
3233,22.799675532658824,28.10149607336211,-33.26101725422958,-38.63080806276787,41.951184057113885,21.50265775716267,45.75498054050881,21.91517556582718,5.909155594036666,4.288277466940658,68.9461578899979,54.896006187455015,43.497183625365906,55.29606473676936
3234,-7.7639756582056725,-0.7483615307312779,-31.305344102240856,-43.27870500613612,48.235164250809184,14.110354197368883,43.8974771393871,8.328863887554636,-17.44168240763806,-6.729475366238002,31.185855007285863,21.4966758900535,8.820624067811224,0.8416013522791513
3235,-32.797551523633906,-26.5553343570947,-37.315432891240214,-60.5707212222147,57.61140177623768,12.011718067930177,40.629882794889184,17.07789314823211,-12.92256374586836,-5.334831396035777,14.926466523561459,12.966353627792294,-15.493764159418504,-27.282970474820218
3236,-44.11445107493996,-28.83843947176769,-27.146499496294112,-43.71887857415348,61.47075300192239,11.618182273919436,51.43932466361879,20.70036443445033,-14.270653723287376,-14.73775717884859,-6.291045012606414,8.927349941628584,-34.655522420333575,-28.845196594667332
3237,-56.22224507538086,-40.393878497138914,-27.464451330152396,-38.27421919648248,30.17857290363991,-12.009634485659202,28.189656865902723,12.73752787790484,-17.94610334563028,2.589029046900761,-48.91304216693133,0.6814969079559953,-35.735522598869856,-28.378612405395724
3238,-57.398982534568695,-49.684791343711694,-24.33356269856318,-12.23389646411077,5.8424470572150025,-23.122220082522382,10.3981760883003,11.253658997119272,-10.068427773656365,-12.133562127183497,-68.39198675602638,-20.893622910553468,-49.46847569209497,-53.58709929506733
3239,-35.384498225293974,-34.041243121707055,-29.01262384863263,-2.616150641089373,-12.008994554886243,-29.035777279169306,6.045709336474686,10.20022483901065,0.3643269581046944,-5.756221665960816,-33.723355501649465,-18.96676245220287,-19.350355638663444,-45.24153233608517
3240,-11.976287255611474,-11.233176000208728,-9.37683399262094,6.780477076956967,-17.42700631433115,-26.816327096180373,-10.12468266819411,5.100347400196222,12.0508481062057,-23.15515526252294,-32.09625919737782,-27.840358985558744,-11.124767020136641,-39.80155096111714
3241,-1.7179235798930472,-1.7659071444098704,39.62472140865407,46.65302505693554,-8.567856168575512,-22.801428061326316,-18.908995308589937,9.79997766330482,3.4315838796899194,-0.9877128250795555,-72.08655687647061,-50.35447038324204,-11.658130879049189,-28.55301940454295
3242,10.261833562376143,-1.8410990083201346,51.77974404112629,56.802373757699065,-0.9125869033830893,-31.95753497430373,-1.516008465305911,12.30520870148484,-20.789513766474794,-22.084625427170423,-81.68866513094534,-68.04276719552033,-41.26422884846741,-67.91357351102523
3243,72.55435553007452,43.55697697524241,65.05180910977035,48.67073304488547,20.68080203449666,-5.598867887146587,23.38712712168005,23.98984830064459,-26.478255481070377,-17.191131822946808,-42.89486426568627,-49.643378202160974,-45.51195843836133,-57.1794369258359
3244,90.8906953565377,79.66204857382718,48.04553788153097,42.15396129469381,13.38413596671395,9.065019125067012,25.965439944414136,29.247722275100944,-20.277005408279496,-11.664016976989688,-10.595306437855257,-33.712096842426625,-33.48687866694483,-51.22282380386502
3245,86.36198480012088,81.58794428369164,47.97198101018491,49.991035622666246,9.064621723237243,3.0352792534761646,29.501608798184154,31.807803522293817,-20.77343980057579,-10.623432334103796,4.593838601473483,-29.012633968556763,-38.01794000612641,-47.7354017185485
3246,77.82481007980103,74.5611587424046,50.50029987847836,61.8182331891268,3.494828255599608,-4.572229686843868,11.787468797541809,20.594164047406853,-0.7603415331177631,-5.633855693960226,4.600907704041826,-16.47893916618583,-23.35025885291776,-39.638639915563
3247,70.03515647476377,57.52028835827943,49.531393758716916,60.407128169755936,-10.321201808425435,-11.941083712594871,14.27780402119438,6.722087760229847,3.539671142836577,-1.6757573591268415,22.67437372061029,2.8569089743640252,-7.765048597407057,-12.705280668956393
3248,73.36918376555644,54.75332337649687,34.64244101999824,58.43485190650127,-15.752016324990203,-10.410063151724481,26.265472398081123,15.342562253653393,-3.562864697026312,1.4348130305837072,30.9453026282612,24.508264832031088,7.385684193409352,13.971865423138269
3249,49.80242756965873,22.730906105511117,50.58686218497717,68.9684210253259,1.2471740062583623,-0.7464596333030461,38.655581467892894,25.916120634388857,-0.7219840234812286,9.780566813221924,31.06572709205241,39.411657894020976,14.257122740342867,26.87457219310735
3250,55.02633613362442,21.84771261955559,42.45080330253606,39.560770561086066,19.01826305798592,18.681173687001746,62.97453899818483,41.38054421189208,-1.1141497041768578,6.073230374670752,76.68208599049935,73.43236680497267,19.81629746425613,33.672318268717724
3251,39.76030617368454,12.44107930602567,-2.730513377485863,0.05278402414616712,7.114196774348747,-1.0883741080855114,36.226733360843774,-11.216620115059293,-3.701854931651292,-0.9350504264287729,87.48703806824719,52.037874629119784,43.1354154248813,52.705523696244306
3252,30.5527470894462,5.2636154931049886,9.249358161510168,-7.588150475347602,5.697140461062666,-14.314985879631546,30.618998180266658,-3.40951888911491,3.76912561777422,13.61649822878498,97.4999233914094,43.658369752423226,75.57178406084815,82.47799162988912
3253,16.696426413969945,-5.250877059937683,4.7069318818007595,6.31863222644092,0.47001753803685475,-13.608982170301303,16.55863968643971,4.315115723853175,-8.646073319733588,-7.588620568471648,36.04460246794525,-2.5628362083536067,40.84973721116435,44.09490467516047
3254,2.5953485067886706,-20.028226486590526,17.130884389866974,14.774800270590422,2.918461740602436,0.2782989173606905,1.4091434833831238,-0.07911939909122764,-7.282802294319701,-3.736891949174598,12.692687364593938,-27.92943861925592,30.454651058723165,25.282965166700034
3255,16.55740539559915,14.70871583713163,36.162360780052154,45.033455365231774,4.121378777232898,-7.213792465224155,-12.838254634984237,-6.460644868755878,1.994237749186184,15.606901314732877,11.640869152931757,-31.140600543912985,36.32527100480112,33.36089765903795
3256,21.590223440983493,19.866610713789033,86.99487327580107,96.56745686975427,15.37697876227159,6.864538782785313,10.77102335603512,27.440227781599987,9.034424553917026,1.954986695549111,1.675488666189092,-54.6620176469838,15.863640977927197,11.719101240844822
3257,44.37416641392449,31.12018198100654,69.56448064271848,73.05741630316382,21.020079667458674,12.287012720052982,14.102992106763319,10.418024841784677,19.486289758827308,8.837788783304955,39.97386130158775,-33.058215641079606,33.29442771020815,17.648116692485047
3258,54.59061867761655,49.58296772088621,32.83764291220148,46.0087070017701,20.09133246464123,24.731766117653873,3.1001736170883567,-3.0384726678209235,19.784885170647573,8.56929918116421,102.9052829498562,-0.20758523065208578,54.373082884047484,20.618444318609114
3259,47.010072768363216,21.37642395637129,37.240536966328,30.040152401901217,27.34788303585387,9.376271590869592,-15.170647065336818,-44.43299322355169,37.96356588384783,12.096680320422841,94.32875024713564,-8.340464948952802,71.25535234318912,29.43154605642974
3260,26.378011135915862,23.500606478824782,55.74777881104859,45.395507717220084,26.96315118150433,8.570297299425446,-20.974751420889273,-20.647919472826224,36.36315489056887,9.508321653336264,92.32302400679262,-4.747985174427985,49.1409391909015,24.316783670190844
3261,30.722251308639564,25.967724353378355,61.808071754917535,43.31093772376681,32.60300787725302,21.261939571436564,-14.288568546787014,-22.226851042098836,33.76645638521172,17.31306934639245,94.36594594103249,23.87354785347101,50.51179549461615,27.867962078494983
3262,18.915761900207414,23.076904847177996,53.29045798138561,45.39054911698257,27.252261239857077,12.617032053065847,12.912043783945316,-16.26506848627327,10.913220198227165,8.20172348399689,100.1122191507548,34.82661696556849,66.82753614393037,43.09144564752292
3263,17.851016090079597,13.274931110346142,20.35587360674251,10.48887496459761,17.19739153592065,11.489937566383633,9.098661819957186,-15.855640154260408,1.946713288510588,5.955076176481124,86.66008252571226,28.55635618624935,50.5423563879848,29.68607973562121
3264,16.430305765422318,2.828242098060241,-32.09090376036288,-34.09681644272634,3.327916212399961,8.816754584986828,4.816273617282838,-32.33712858250673,-2.784256000898278,7.187545905474148,81.53167345632772,38.72237762297738,68.19236723384505,48.15770978441881
3265,-10.221255949211507,-18.094648706016088,-25.40007374976602,-38.821842434205344,-20.742152468686484,-13.825069085065397,-5.806757670949187,-38.07178614129384,1.0476353547041342,-0.16801364652952078,49.44942297083523,30.720398028761135,71.01005164239147,66.75394610901486
3266,-29.747202290505104,-39.76832039993799,-35.244234606704794,-35.019288256439324,-34.87232287948027,-22.80401202095781,-11.685702153297367,-29.558597401838192,-6.336058181148527,12.773434101806995,44.256763559652725,26.55876514925365,53.338134736220844,49.19053877293231
3267,-39.01249353159389,-50.31968376519918,-59.076355437319194,-52.645281275600425,-34.2176885993759,-24.00110843366585,-21.81980395052347,-29.489756176273527,11.570463685134483,-4.767714297369448,43.517869685695146,46.594213973816885,48.74875490024947,49.90057024984917
3268,-32.065778883801656,-35.0193232756696,-61.661570303034466,-62.82278124383488,-32.29447734392937,-29.316416136529746,-30.88754505088346,-51.01890270590628,10.528475585643717,-0.459241295212486,54.51249137095725,49.184282784741434,44.10214431956239,45.73009356122373
3269,-45.717500092001934,-49.062293637605585,-64.32293348392346,-59.235029842856875,-38.27213827698867,-28.50506247682117,-40.49903792637736,-50.55329327243833,10.699386301391222,5.15154456283978,35.05023321062535,38.86158291952117,35.79768890337016,38.75668886213531
3270,-55.576616642354445,-58.618717454005505,-69.05177304908891,-66.78378989180626,-30.98272062536184,-8.340055582907377,-43.167775180016754,-53.771842395412875,7.996714747070996,7.218225306794411,50.66706594391508,42.168100707532986,36.75989968957999,43.37477380132266
3271,-80.69480233991071,-67.96365875716587,-89.77660205955733,-80.06550405180647,-28.08500864318174,9.227195510038952,-40.4817973720666,-62.75342046459135,18.69698610881299,18.31724497759907,73.56098349170607,69.08909364099145,44.04852668713405,53.408149573717175
3272,-90.95820108281097,-72.16153080998379,-72.3168398334314,-71.01852786248404,-28.211577966794437,16.65956117361754,-46.39200460375756,-46.10468595869948,11.293187221291895,7.571909188403691,57.8854030694286,76.32570530483545,38.529047619656836,50.48613652432102
3273,-96.3110203167169,-75.80919557246838,-45.22547422470197,-31.71050040312499,-30.639008109431785,26.893962921577792,-32.738766367031126,-22.06431904359166,1.4226428546017769,9.487082542483993,38.46353477506263,76.35097043308409,10.847121729719198,15.121150631996715
3274,-114.82935048691456,-85.60553922744404,-73.74831754721414,-67.93461224390254,-60.317144659866514,2.8107649070133385,-49.90405553679136,-49.63400635975222,3.7351430415219258,7.5720638203172665,2.594017779514724,52.47867341897899,-6.965463660897202,14.0438149512236
3275,-97.50035397630432,-78.44905273030558,-79.20395280337564,-68.07019494477349,-61.33522035625203,-6.182248062338284,-53.395399839568654,-50.98493238107083,9.849660890147334,15.316513526142497,-6.3969778181347285,54.64377667318461,-8.834011695458013,24.405107603424494
3276,-114.35706806997837,-96.40024443650988,-68.79814106874038,-56.46968430930365,-56.871400091795905,-34.53897280661649,-52.127723052156554,-55.529795454830115,7.33409640619639,7.802416478305658,-31.835469525659377,18.94043486334067,1.4764604752415533,45.87789453671266
3277,-126.59706481737882,-106.29628615017477,-61.63120224248988,-56.50425869091063,-52.38358046672248,-54.917516600193274,-57.57006283919312,-52.90788627074593,7.7709211312263875,24.2029943985399,-82.56142329480934,-15.140365393792731,-26.22478770516011,14.819095723512303
3278,-100.85683382765966,-84.49088761046356,-55.622683256179535,-51.87249026004369,-60.07629393903261,-51.810435721723444,-48.99126980242757,-41.65996565068331,7.794593999417738,9.65275762441323,-94.6770475878497,-7.002168614410879,-29.650309659336838,22.97896676274959
3279,-66.47134736928002,-53.51291528955799,-56.204446762032795,-49.82169800019351,-62.94582420718368,-46.37613867197056,-61.39755233032523,-45.95491347486066,4.238855906904001,10.552724910401498,-88.02753767670448,-9.555269120546283,-13.088865836050022,39.43243572593215
3280,-73.37478567299566,-59.42684483292367,-35.50048890748207,-36.55449968198264,-69.23754162286842,-55.05981967980982,-79.7642956047088,-61.52914007875406,9.739214969080562,9.812312603737142,-89.66843501337534,-35.706110710807984,-11.224346490549333,27.16507037340767
3281,-67.82803511088338,-38.0616898197796,-39.663257039524176,-36.759200562656154,-59.54802950022635,-39.30162118208127,-63.56149775195009,-59.789035939058714,1.2295557557096275,-2.224236837890561,-73.19273632338806,-34.87827079383686,-16.31098759765584,14.21171510973216
3282,-41.17246895494122,-18.480046868714762,-29.721895034520276,-28.520673747013614,-40.58581542377331,-11.375762893390837,-48.0627649699319,-49.02838457141924,-1.5455533868764968,9.731657125841515,-36.53362941585747,-16.017742156461043,-12.35481826694977,6.8043728612216885
3283,-24.990051547337174,-4.946832392673521,-12.412430559173563,-11.78855152584511,-18.93080308038845,7.21382410877751,-29.51836824843031,-26.67534574464612,-7.180435040831829,-4.511556728363711,-5.394918836170367,-22.026063467047653,13.797603303487973,21.844570809365724
3284,-27.201767790260032,3.7556530568102913,-20.2358559744733,-21.178102575875247,-24.400415780883627,13.540250251811273,-29.829812726816023,-25.50796062911592,-9.181504159005675,-0.620721400965743,-2.6942849385582193,-22.267190538407764,8.893093717553187,8.665362519188221
3285,-29.401404893040763,-4.825008300594442,-32.733343442942925,-24.727461841076238,-23.7669861069558,31.802947328689363,-35.0544105579085,-19.47673362688119,1.0538434447125289,21.824118642968266,34.541346460556184,-0.05077297283655232,31.360334512020742,20.840287124414388
3286,-32.21285488634889,-15.08298127664803,-22.663817549169305,-9.079748235537734,-27.18552586875565,11.951060514303482,-29.99163501521911,-14.250081732057064,6.040765842917698,1.6651405356857079,47.706851510339234,-8.180548270921722,30.694972866978503,6.842408886792123
3287,-43.23366122250319,-26.57739547951129,-19.11771663265205,-4.544232981634219,-20.238749424519394,4.073186902452124,-18.419312666056566,-14.026774550476478,11.0621313383878,9.812524297969563,22.951047661804704,-5.807610693180369,40.93608807528632,10.42392668472455
3288,-47.89102890696988,-27.680852926145384,-31.094523736101593,-9.730044575115915,-22.944760092329936,-8.28434447444422,-25.927438643741244,-21.676337661152957,21.049767332844095,7.283394775692107,21.58711770149897,-2.2439811998085704,40.29750254442096,19.44056097886403
3289,-51.88623629718384,-54.243235493271115,-42.81055151470961,-33.76771581016387,-32.38100599707047,-13.989483903608955,-23.487970059005587,-35.89648044014998,21.58134137089509,19.504743783259144,12.211787196010096,9.85999656430154,57.66088841973395,49.71541805597553
3290,-73.06573659771523,-78.1790246523409,-23.52251183529266,-16.613090234885803,-25.141413607283297,-23.429411573392866,-13.41541342606193,-41.18493223766815,19.050445244536572,18.231100784594297,13.65047505756549,27.9752685679099,65.37977591156466,64.19934120199056
3291,-87.41402918253333,-90.49990682762619,-21.098264934930473,-18.527341420720617,-17.33577126005293,-28.730193228048844,-15.90629442591592,-28.681139064638085,8.080087912020419,15.113591029157151,7.388790879283791,24.38544384840556,26.414614852276152,29.899546178532475
3292,-86.39183368909752,-79.615864147006,-32.00978097861191,-30.710084742895738,-20.38442475754311,-28.09611538440451,-30.29572325069207,-35.797732430378176,14.205351987399823,12.243428900766858,31.10103360477563,31.112491939029788,23.012529084778244,32.93535675937193
3293,-61.82606420990984,-60.89901257080747,-52.402859449541715,-38.085767601474494,-29.66639590520094,-18.587685941295256,-36.661604462521204,-36.14058529573037,17.690412517227724,1.1758208442616955,37.49335012417652,30.70994016444122,39.07492431529152,41.249794273953086
3294,-61.22742156323371,-55.79455873955166,-41.73533667684125,-31.0839512723874,-32.63594493791704,-20.700174528223005,-41.81513315785891,-48.85247522498709,28.16865962539266,15.284158746725844,38.63008150315896,27.61222091967961,50.06124501758595,71.20930655580781
3295,-70.97355878089009,-53.62624524956347,-14.458875213605374,-14.460814267998728,-16.427408661494344,-0.6812037787863624,-6.859760603791033,-13.531533711554497,2.6014646690390584,9.126145996151443,21.255041228431466,24.7070424502702,28.314540480626306,44.13405501178017
3296,-57.35910979039199,-39.70621930050663,-16.918845515376926,-23.53057638964717,-5.854538004475947,14.69256915842571,-17.816231475854714,-7.172553963032388,14.153659728205179,20.814205201811138,19.867447460760186,31.124958606647244,34.05702145374503,75.54208994621058
3297,-43.041055923118805,-22.497849544847888,-33.93135958758567,-16.549313334459207,-15.742920029865422,21.248505624463487,-27.296656827951786,-21.384248138023317,16.241638441057024,29.35632706862193,1.2994348633379982,30.89727780693116,40.91163402024149,69.97228590515628
3298,-50.148994773471735,-23.579389785685983,-35.51135089223806,-20.97809998637961,-25.6579442396022,7.9819875300964185,-37.07265372831104,-37.94070430733312,10.144614065861647,14.31132392650947,-40.972374527572526,-5.2303758974422045,42.08839681682238,49.671488604320444
3299,-51.08971489305529,-31.881353513581765,-38.166347370403585,-30.116131177666382,-34.31273330079615,-15.70499358472482,-55.32050009752876,-47.24526620162408,22.164130306591147,16.47506474361176,-66.19265901187819,-41.697693089627954,35.02030731576393,25.603445797614395
3300,-30.15005148715177,-13.870421933938609,-12.207699858084524,17.186661287637005,-24.517844497614984,-18.351488047706123,-30.788841594844804,-9.619198468712566,20.822923591552467,-11.47296650277297,-59.28533433493758,-37.38819270319032,22.949378152954612,-10.654685771149248
3301,-1.2260429898994063,19.35111977200014,54.70952314078883,68.65108257807915,-9.409837023713893,-11.624590460647308,-0.03038108460049013,24.495016838418127,3.3717977108902435,-16.180745123380774,-45.11881847812383,-60.602120982245765,12.239201409159522,-23.378191627665373
3302,30.97181183633806,32.67590267105544,83.4343818125645,72.83674026115762,23.424463841374735,-20.878772195526608,29.60713535496306,43.190519801680985,-6.443045806754768,-8.615931826872249,-23.147367779679826,-62.80533008549129,-3.5414774173494807,-43.44687483018166
3303,44.51119131647205,40.4991002989093,65.78393566405458,64.28661830711806,23.797498219549063,-16.030649709355504,30.69863682933186,38.820292644589635,-7.826686609102288,-16.394976974143958,24.937454694473598,-25.212199925729145,9.426863075394179,-34.944066359968936
3304,60.03691085898798,45.08755034897466,30.889804803429655,20.119354224863198,14.39877683585377,-16.36696360266919,11.02724043827467,7.407127752671537,-0.6253008415078583,-0.5682230584477597,47.14028405422614,-0.008284714335331955,19.06624098723148,11.93909207937042
3305,32.51006421201078,14.325620810880995,-25.0871847163489,-26.903669472284566,6.615025346467318,-19.69927953542565,-18.079272081945835,-27.128454498044313,-1.0452540935377062,-4.6526857564373145,5.207757399893167,-11.9984657513835,-22.618282061260135,-23.498977583076393
3306,49.44371397639149,23.451286303033786,12.346008449340514,12.514735630400748,40.466945253297624,33.03218240991091,12.706621038894516,31.233277331603528,-5.445781545577842,6.329358010013703,-6.711680293504308,-7.219107182361189,-30.137042868007477,-9.880190911409018
3307,34.59415461442304,20.125248612254612,36.685649070421526,-1.9752997967062498,42.021625394159,27.46431796289493,22.135418468436722,21.06410195079677,-26.420087053389214,-10.146842907890154,-39.160874802951284,-17.555857043457202,-64.24604376590484,-24.893523485748265
3308,45.4218074360075,25.598626708202353,64.69497257325902,38.36915546330566,60.361484628570636,35.4630051915915,55.982274054095534,63.91157913410352,-32.187920274818,5.826953411137648,-70.72850959836327,-36.02947256264106,-74.75842201928138,-48.01399686133896
3309,63.79620721186419,63.284592396270384,85.22246306260614,49.65222544232928,77.10156972528608,54.214835436940135,91.89375633074005,99.54155726031469,-28.035606109923815,-5.125451763745481,-23.734300081799173,-5.508952254565398,-80.32432889257356,-51.66569699567496
3310,68.67920271088016,54.94735078259767,91.30303699272692,62.12659443448121,72.82704393575506,43.906291905415436,91.15690249635475,103.91569434406782,-22.454477297565884,-35.13422261090049,-17.707123704989257,-6.273462899023997,-77.24087797921892,-68.47362764452281
3311,64.18016483194056,51.63936740916711,109.34262873093245,62.56760398235748,54.18524393302591,41.707656179821875,91.61058942018086,97.90838072942033,-32.988588733374094,-21.2067630219167,-5.529686690576346,8.10498104399862,-64.90345920489295,-44.62985457601862
3312,69.36719974427987,63.56997803272307,98.83991124539146,71.81821874605969,42.24997247680541,38.6921621693178,87.55500814515479,89.13363479478963,-37.14216200702649,-30.40408363319421,3.662820535171357,24.53047416108341,-50.813741184701925,-37.55656004176311
3313,43.35790420066249,44.20488183590273,82.17697213010804,55.09559438093255,33.48666372246646,15.485201041423457,88.51346329967642,88.08255502193938,-44.347162964770384,-26.971304146329715,-6.587460423104018,8.926486763366908,-79.5719271364306,-55.13412928051573
3314,63.42891410721,58.8229939041188,101.2161762592791,71.07220177923867,49.91782468082526,22.240831050896617,117.83254182246625,107.91983804415113,-29.849128056987215,-28.286852619302664,-3.998856140579426,20.307698659171024,-66.23992684600329,-55.54496847440742
3315,74.36270318964797,76.92636792672428,93.64385129141603,79.59326272356135,66.0329843811914,40.2736713468185,120.73280171985502,127.38333648438125,-17.982470773421692,-28.758293716494133,17.849276024799572,23.14840105607011,-52.16209384945479,-48.009980143797186
3316,92.49532428566275,94.64657881222027,123.774515076069,114.22400666842776,92.86618768746558,69.83701044240108,129.2646242231387,138.3840113811873,-16.193269457446615,3.828538089177141,44.97511445736455,64.47874604724842,-25.992527353428343,-23.12755117223386
3317,76.68770442755552,64.41374168388597,127.26834962907408,114.2890400272613,73.40646583453497,35.35993010080811,109.9222308737756,110.35985447849086,-27.20495499856304,-15.324040276613946,36.68799634424627,40.97501228529535,-45.01374212427275,-42.478502261584275
3318,54.50799167336694,46.2856008499284,94.04641367301002,84.47772315421095,32.81882784062227,31.91099606887996,64.27416716794858,79.819494120216,-44.70778645057746,-20.265773262595246,18.913248667431294,47.697310170714324,-72.53027972985207,-36.58244411828671
3319,26.349685981491362,20.161755657113115,59.69306968470952,61.94868757990579,-1.644727236525682,-3.04613955375334,42.9497436495926,38.27511203021389,-30.56236194017156,-14.202045360975308,-22.565979896529342,37.36279760663092,-64.88597959922761,-28.62954796637796
3320,-16.241511346153526,-8.96716753992174,10.965964430145851,28.533772122154826,-43.82704797270094,-27.571166246269122,1.550672762220144,10.292196495040342,-32.942674413151,-12.044284135371349,-59.20965763893656,13.41383754824662,-74.55726909433184,-33.76557419153086
3321,-30.42561347846754,-28.88824851033537,3.3349977231368144,-1.7744416195494663,-47.47684578556485,-31.675462433700602,3.0713249916608385,1.5947127977755426,-28.66266483153196,-3.750511331091751,-65.87937841689839,30.910928154290755,-76.13323304120556,-27.616312495637246
3322,-65.09877050156484,-38.87249773324323,-10.141973464311963,-14.893918608903324,-43.06579329770938,-18.42150759937274,-11.055442031514875,3.7340129852852924,-27.512092507010067,-6.170528880050747,-70.0028774246221,19.307215799868217,-77.94356910135167,-39.303791241265635
3323,-82.59993786703745,-55.74087283863919,4.535556301943553,-9.226869225657904,-40.58718415088596,-18.91828879666829,-6.833314335042175,-2.720696821936122,-28.31998971889459,-9.060885406553544,-80.27142582462331,29.26945383110155,-67.94188158947888,-14.803941835557293
3324,-71.20839686283892,-52.962393148623875,-8.564668138422563,-20.201905086044963,-34.53156220462251,-21.914539879159886,-13.247162566894616,3.9673291003098967,-27.609133073127992,-17.92186457453219,-82.28147374949882,41.214932323170636,-82.31257998049799,-28.49822938632169
3325,-46.03828229800087,-29.65476653729384,4.520955840459774,-3.6244828420102904,-28.28017248385051,-17.318425819163817,-20.780597053258337,9.294499723761179,-29.281848928424722,-3.819177201057638,-90.72070675168334,24.843547233792535,-85.37127296853086,-36.410116041270456
3326,-12.942022906626939,-5.119956326675613,14.805041139400272,13.956480903431894,-24.35253800741516,-1.8045298267061447,-2.1212944429787037,26.59729142371566,-39.494701223078465,-10.33163300339438,-82.41613869794391,19.132361975410223,-83.11590384926832,-41.029743838467624
3327,17.130112040434756,21.91625223646283,30.02442942347852,39.121354036621554,0.3801139283290933,5.218026476415759,11.821275275295188,29.522533889055673,-32.90297491541943,-12.568454862261854,-71.20313122446724,-2.281217463760391,-74.23474637588517,-41.26693492636235
3328,27.433402655015144,33.06312191245831,25.941860361813895,35.36709258438948,18.564651997492373,20.273665289433758,48.56899387483153,49.32192505086518,-44.03298452331114,-20.602098002967566,-32.1896085572902,12.737415874045778,-80.28894717126781,-51.59974038045068
3329,33.02820615595827,23.354359282534034,7.468082448921866,20.55271277416022,39.3109337139239,28.5502018878974,58.19771080775299,57.79123261463011,-40.88007451818535,-17.807902646705102,-11.144435278283542,28.72844623551894,-55.12500512944557,-24.590563298138214
3330,37.53361490323232,22.811267080876945,-1.190330920111246,-5.789834369155696,31.472123442190885,13.783160044042072,40.34337650368213,32.30046835289142,-26.709971520281172,-2.4254673472815096,17.817581775132407,16.249843900112868,-49.109310597527205,-8.077700571518386
3331,-7.8384786149372685,-10.612697421976009,-16.19289792824288,-3.1232298440330384,6.513427282121051,-18.16304382097838,13.37141823804167,5.766977024592918,-19.463660144831824,11.065243001217492,-6.205685614703119,4.70124524543276,-27.79702542493635,24.20248554328472
3332,-20.38881280664219,-22.682483388389542,-40.35568796731386,-36.600902957427685,-8.711592942607274,-19.37942524152947,-33.13061831501523,-33.65519288989931,-25.67038934753718,-4.225651484363273,-10.742298010415649,-3.743252468004005,-21.963258002775625,27.841536173641828
3333,-18.07809608398621,-6.4327253994319955,-39.47808041333621,-38.57872592652476,-41.21485684158687,-23.936456497523718,-44.861846773063384,-34.495945906213464,-17.386465629577025,4.80535972240854,-23.84579788696003,-33.09163609126814,-23.13820233533152,10.824292881644107
3334,-5.181115752419089,-3.5216279583846064,-23.87662049002124,-28.45000805961944,-41.06085100897992,0.07994572256362074,-37.710975878028364,-30.121455958064377,-11.515872837413497,10.429143705439381,-34.190395790327095,-48.48750120185721,4.006497566713481,35.508036567736674
3335,-24.563603995823417,-4.143201218780845,-41.170923119175214,-27.27040405907814,-37.62791466766832,14.552336784262062,-23.26978611885821,-20.451068015602168,4.28907200428141,16.044270299892794,-19.106061191241217,-28.895495390345186,20.74847501479438,44.12960279726833
3336,-22.83360410719954,-10.019498661741395,-41.26326954367304,-35.640405902726066,-38.40532856871547,9.435318141910875,-35.24283752082458,-39.218876356000024,5.476576993719102,17.63556518268087,-8.300200102501858,-34.48826302692964,36.34040769872057,36.77489552377228
3337,-18.41556840667694,-10.511801001610474,-27.81699386236271,-11.408103095625854,-32.589267369643125,14.547595935772113,-26.14260365180337,-9.106674660086096,31.55581720860368,21.621852294078266,-11.031001275660316,-37.288373980977816,55.77791559810454,43.9594239066542
3338,-11.55472992698069,3.0246109480086165,-47.800154380723605,-26.047438640233935,-33.059589602405055,20.80815933242294,-34.65549186160497,-18.18101960523955,24.72080603361798,27.213824453694407,-7.586160958725898,-26.396555293589405,66.27231322982017,45.84223299593827
3339,-12.514193730117587,-13.649745901908496,-38.55551735319683,-37.634847776342475,-36.75679539989152,4.950862175237247,-41.75382190647769,-26.63668592414219,22.151274618863656,15.945988778706042,-4.773364188098972,-28.538086020705787,81.91338045251088,38.43043559648806
3340,-14.810849929403332,-32.11412133220626,-13.067957598761618,-10.208520884028264,-29.82447153631961,-3.385182951953684,-31.572053205599367,-17.382274378126585,30.48599116596648,8.890875864058607,-27.084395290408985,-24.868831643496186,79.091676611807,45.53950354731911
3341,11.614144644073958,13.459561546137905,8.996404814582071,3.102287800799739,-6.961269196097794,21.34298107471766,7.151571650527441,7.342871117170435,7.401407911815944,-8.836584907984818,-17.715463334894167,0.20330577566092367,30.925344537512675,20.85006164693078
3342,-12.081966659061996,-5.706589234356712,-20.387775462745875,-7.436370633779166,-25.70152776657804,17.58298908365178,-11.029788730290907,2.689559191351394,20.367344641790023,9.237153330352621,-29.396758895367245,-3.8708096204617157,67.53866219280138,63.28273473176366
3343,10.250194369970393,20.958667137079484,2.6830105903475956,-5.565688222103939,-8.998025347549202,5.242037111877198,-21.51586515382912,-10.123224552676842,20.017722691705824,21.379240708351276,-12.97139269996274,2.1099989142381412,68.81735162189199,75.2611233260052
3344,5.5112237175677485,19.567158928122456,7.411031508219646,-2.0325313193893795,-22.21851093743446,-0.9022497108578487,-24.490986676446713,-23.401142212217092,4.974447805899008,24.59976167717914,-18.695250928540364,-5.576809236938914,46.05051402870652,60.52394739335273
3345,-1.1422647737644118,4.949419840372199,13.933306901239668,17.48919224970989,-16.351468864532176,4.129382580842945,-23.738376859844543,-5.084236330903765,-4.420613413523266,20.601364547067043,-24.621269388771335,3.1207329966214505,23.19163792729548,55.064611409162914
3346,-1.599686099047191,-1.3592561588849348,2.5897606977391523,3.4476462478405963,-16.418705312237066,-14.24757032638807,-17.372429938936616,-4.496022230653878,7.406059445519858,21.099228772113303,-37.7938236874108,7.14634363290814,11.195512962303907,57.585952419820345
3347,-17.985520808296187,-25.23435658701999,26.80686815539033,11.799709196518831,-16.894629172707774,-31.340963321285198,-14.577138577855363,-1.3495159881491745,1.6755472453323925,20.19127367806221,-54.00013740860948,-17.16370307371387,-0.22389973656715348,31.33582102651799
3348,-20.155282145508576,-30.454088384760514,20.65883087279007,16.0435896403391,-32.01172259394369,-36.763889229430696,-29.06434795752089,-14.164649040201576,11.295303674246286,21.806518837848223,-64.69621715740882,-2.814560502206123,8.765283905992574,46.67819275149354
3349,-24.830082653602467,-25.210196850810217,23.76717026405503,35.11667633725024,-24.17417880608736,-19.879413138923788,-32.172970840423424,1.503433201313051,3.4198102448636987,3.2870242520160575,-77.64212253633639,-0.009772693296426679,-1.05871256601966,36.17486416278021
3350,-9.02839011436676,-8.164129838249243,19.050556229488667,20.903191019748476,-15.831238753173489,-2.07536690944746,-20.012286873274167,-10.628149165543551,15.142085473497637,6.4060346805185535,-42.687620502196104,3.6964582570554914,19.699287155609372,41.73596903180501
3351,-13.04200941976883,-12.576761499417433,6.082328224630042,18.44144190923695,-15.399188858722948,2.8237791336143205,-38.07142212085541,-38.637416343449416,11.340957313853854,27.706249020991905,-40.78341639717634,-10.594654208446826,28.577562847408426,44.51807714800714
3352,-28.052670918663413,-10.264671904899542,-18.816142044681207,-6.9632849124129965,-20.533799252252336,0.11506982706055677,-48.59709096899199,-36.850479224412304,7.6277106707050635,9.215671481764035,-46.89689531931372,-13.567133996856285,1.2811566152829625,18.031615332984504
3353,-18.380090403393037,-20.70797611995454,-15.631313838264262,-18.353696988991047,-21.6793514045959,-20.877411580652385,-54.62719873770614,-41.53171244115284,-0.1724470838029788,13.01723350556139,-71.65954276650805,-12.794656158989607,-10.523472093851629,20.906048694932903
3354,-20.47773220935234,-5.171611334027858,-12.802228205736476,-2.4121580547987587,-21.49193386203151,-22.186835751741487,-56.527235556455786,-21.704915498006113,1.516342483414918,1.7308135346809645,-68.14389729093139,-30.997337484919782,-19.61738628012299,19.14318972216132
3355,6.825416242400208,7.321252616953954,30.033383778863207,43.62416799513256,-16.516146419865592,-28.06161938363412,-32.01992227058879,-8.380120623647858,-14.987815335835124,4.946394939904209,-68.2526736872359,-34.73309609939233,-31.211087393638074,16.3665066904249
3356,33.28508615879383,37.772850524466456,41.976178420727294,48.033151458056196,-3.272860399967465,-26.34296858607751,-26.186950147970435,-4.212382231840637,-13.669087474303936,-0.09780906741518391,-53.52017380735066,-34.96730636501734,-26.517977931016137,5.656344265832356
3357,58.67535267086714,52.59835360830886,28.134803112617494,40.20634296178954,3.2009958738477655,-18.435925817157706,-5.022920686423171,3.3679621893423977,-2.695437873302186,8.67789173131651,-2.241937616265095,1.891924001843935,6.2686749285018175,23.607809571813803
3358,53.10087764750588,44.25008090288115,7.410513885574415,14.89573704462977,1.9074170749073742,-17.07877747491592,-7.043327873331011,0.7879633634877866,21.15827328009102,16.59966159793865,21.184222977230178,13.755964827035422,35.322988862874595,47.62386447117138
3359,33.74670623320728,25.008369220901987,-16.9112868919825,3.8773805198609126,-17.973155188438934,-23.073562097817838,-21.139825915978665,-19.62390224731249,10.932272933509552,26.927429988452232,5.950990208306612,14.57422445598683,34.26898303593295,55.18585531668891
3360,-6.388860511690003,-18.09674549782507,21.40444749400655,24.38670220075185,-17.92298130801366,-24.053231521516892,-0.9362619502548265,-13.13779933883636,11.016391470595918,12.449415164449153,-5.471190598701519,-9.059601758485128,9.87826370724723,21.789162036425797
3361,-2.2075732907492474,-21.997228960376923,14.972675850972665,31.408452707719288,-14.581912708599837,-32.425373034517875,-7.466432003726402,-8.33184835212885,-13.021844675253503,5.871408377713207,-34.76766381482401,-24.817940406800066,-15.59801368908798,0.1717898912694425
3362,17.515215513002396,-9.72279576153447,9.509071779466234,15.548125295916524,-5.687401553408512,-20.988534501611618,-27.79215477245512,-13.861147731382342,-10.373291505015303,15.117469804192643,-36.98338319967012,-39.177200223709406,-32.66798084626943,-1.1207591835549953
3363,14.710607809764952,-14.193206012409581,19.750888320257044,26.235764100528122,3.761636379450954,-25.985727722014015,-21.344351160803637,-10.982783120529684,-9.527394407075453,10.730330585135993,-64.37626223357444,-51.242160447809745,-32.95557249562373,-2.751383261194098
3364,20.33249949698633,4.3150794921139175,26.898026771017754,36.05331695712215,-7.910911377800268,-29.166745900175492,-24.274979049482738,-12.426251615786867,-14.111474039720429,-0.3488070496622431,-83.1177809897345,-61.59459200936057,-72.99175610085862,-41.849938461631574
3365,21.693741934199014,3.253199721160905,28.18412171394227,36.59588935765966,-15.607399158731624,-19.70513774832622,-18.50401700021579,-6.090886162110485,-25.523097210770818,17.131008887578265,-63.54067509218201,-45.62830557641858,-57.25705008940399,-36.2706280238097
3366,20.770792863089596,13.758551366427673,23.252717245156077,22.639282113669395,-11.260087863510334,-20.260806168623827,-20.87147492853075,-13.991010470865643,-0.028859770825157227,10.897611753666592,-60.78572632206261,-53.21842939535738,-24.634977304872084,-17.216362941084366
3367,17.349453132880633,5.032396078590757,29.398963711116423,24.996725151036614,-13.928536308984143,-19.599998192418273,-14.585709381554368,-19.882312654158078,-1.5214068598948458,11.470122593637404,-39.66201539219018,-64.94657127457303,-12.08645273727336,-1.2493781250741223
3368,25.414549826756826,10.314292802296517,55.34582738857447,49.615136021720986,0.018830209339098625,-6.504655560227306,-7.341896206166386,-8.157106948374537,-9.47731445144362,-11.453017287154008,-52.21209193046758,-74.0545946006693,-28.364997952604295,-23.374208685442
3369,33.664877198729926,31.028344613950505,77.78439562748409,68.95515587082015,15.543876071836904,-0.8013671649347002,-2.0676477697393243,3.3384839467572363,-7.974513962349886,5.549676255476322,-57.11733671530402,-65.87785882330478,-23.38025747289886,-15.062114432659179
3370,56.2021425055044,45.9453782753156,57.50685921416553,71.49743013376575,13.174073048818077,-4.0997150616073466,-3.6711083874634647,2.0420956324082424,-2.5674427357860776,2.292145696660544,-58.7713332206306,-72.3991443155823,-22.272528905732866,-18.50749964736677
3371,78.76559968983896,63.754502396975354,61.26585263961112,57.43485046817723,20.97568192081308,1.8872451634848808,-13.057854254336068,-11.817525752638403,9.747836703360475,5.338709651535845,0.05364747702916306,-45.67016908105156,24.16873336596402,15.571781725763628
3372,41.84677161395723,32.39887343102516,47.67478740790963,51.612635037207866,5.324093908776278,-5.759665860752455,-30.031541751756215,-30.66419032239306,3.5541081261639165,10.151513317843456,-10.895461786724034,-53.2392810390825,4.092098652986325,-3.8008345773631564
3373,26.227303702030543,13.605126879500796,68.61457532270884,73.77265281409895,12.93560007114941,5.242805484335329,-24.04835588863963,-15.10569848248239,0.3626532895676237,0.10282516205573788,-12.823595881268503,-57.45494097735251,-7.948960826299615,-12.431738651479579
3374,27.921690260203476,10.139316562554066,48.63672327106247,47.747234739657344,2.7310545219848943,-9.895246332421532,-30.65612330604636,-38.77407885239046,-11.154751720177602,-13.484160032911694,-41.13622788205218,-69.84838294984343,-25.32774422374164,-28.349325443917937
3375,37.11030250041634,12.49782672101716,68.43570299190446,59.507655590370504,5.079836558060667,-13.71120922484509,-25.593351165414468,-24.91106971679013,-3.4919658833848235,14.375589422249625,-43.89200122363201,-75.8368658473791,-0.25521180933165194,-16.831524844823313
3376,18.90155183615957,10.893954225439106,66.17520973937363,59.334880221556745,13.546557666572449,-4.522868357661316,-9.942355216657466,-23.71485262365447,14.50673659995705,11.72093598675416,-36.66105809386522,-56.066812763078076,-0.3344756503467771,-31.75470264034003
3377,31.178997249285633,32.92394310788188,77.62518498041759,68.66273248895767,25.207153662111807,1.6422150688471255,19.35682943767342,1.210753629119478,-1.4057472934570867,-10.55854448483425,-21.374549564407097,-46.428959622623644,0.17007228899710852,-44.75115330948802
3378,50.242223631736415,61.61767791214614,70.9248864401501,66.78687399064276,28.425003146250713,18.89771233575781,44.89529735024532,25.34119213527727,-14.2566021141473,-10.87445001443519,16.55785312787997,-21.89399357644946,5.64190608739089,-37.341355558843674
3379,52.73791383549387,59.19888069590478,55.47088078202646,44.72681438024989,43.173561776293276,23.39832261123081,56.57388777443463,35.16833591123209,-19.212365708222098,-20.444602145022042,28.318726446400845,13.320790524156942,-4.517402633048899,-28.993214959415422
3380,39.22750384129615,42.79119080190802,27.057145877947278,23.065065394776397,28.463262903902574,25.58816419111663,52.29731583227231,39.39199710408954,-31.81051431223618,-13.645670476442334,21.740508752353378,39.778284533931135,-35.37999545446722,-13.768482705747902
3381,14.046426371332066,15.69143846241251,-9.51785444087203,-15.542707031602069,-3.1447620511395247,1.541241805917764,25.37649863905779,25.911274807393,-36.64206153393642,-27.027434715552026,9.585924566163495,25.742588246903452,-37.63994323270463,1.6598975691757862
3382,5.339988703279532,3.122222592246053,-7.656321796807174,-12.554461523743218,-2.6598213992159003,-11.17762566452495,20.171653648891468,15.726364153334995,-27.581802173450757,-15.6377702738043,7.048006238089742,10.899541957158796,-26.45370458933401,-2.9358183439808943
3383,9.027109332308157,2.0706925333981774,-37.438858245262985,-41.7348343431292,-12.295989836589506,-16.883618011858967,12.837636371751042,8.986189744659127,-20.766773198644838,-22.379472748443796,18.265820698481047,8.424448365551891,-30.72418135253971,-12.820656593607085
3384,-4.129517177260579,-0.22517162439718108,-31.61497035226394,-33.648898590591216,1.4860608032544484,-9.157525896705026,23.195634431966187,14.635343464033003,-11.274461469075506,-23.316540857819618,38.45161927854792,5.866891711233665,-14.94211345603643,-31.672771089576372
3385,-0.05461955500950734,0.020614927363988844,-4.11816726264932,-7.449440061298807,18.52232243574057,9.35176241004005,20.496239928696845,15.952023835939519,-8.083311490304519,-11.615023634282322,68.39807719732394,3.569855872566054,-4.735999614101475,-58.43253263247132
3386,-0.46575041850254095,9.444135162111857,-6.606614160906521,2.1986220281546927,26.835710710180265,27.66279117540504,-3.6995746053563536,-5.764747473902448,14.391869262062892,-23.067766927231055,95.6645324604105,14.752109269016659,22.414852466386396,-43.48442953404258
3387,14.910557538643253,14.985130150658858,12.77466078683923,27.42875915918604,26.338443719725344,34.26217513116784,4.327611439494846,-2.3126654270957565,8.097270131947262,-7.283742801341693,91.43764750448072,10.829479995606809,16.596362322717944,-47.39634662583699
3388,22.893254053833658,44.55774957556646,23.736832708066174,44.713740058713626,38.74576302473819,34.532743789380895,19.519692672207764,9.553872701177726,16.7430544787745,-5.3785211300630476,121.86742822229877,35.32538043576682,43.373569190229254,-32.405256682705954
3389,33.003128029144236,50.11295253679767,24.14294072468127,26.252510283504087,46.39063085744202,45.09468098966823,20.987008501911795,0.8705809484889446,20.826556569010396,-2.5772670241322526,124.41451454300122,42.824549772969554,35.85873542859523,-18.30843389437313
3390,32.14599550158683,45.48737849477339,10.010225096340237,11.676645258083258,60.58951852230152,62.952515373611504,40.574119848181006,36.4319694986354,12.305796674256655,-6.795737289391324,113.54835301104136,78.34729312701356,10.621973475069618,-19.20257950099457
3391,14.644301538792982,25.20463461437556,-2.0594155836867714,-16.835875450270528,45.16343874331149,44.99010342623176,41.225376008203106,15.763922287517593,11.226587801435878,-3.697759511157256,100.31804881288335,69.42405068900536,5.670103817373974,-12.447782066841084
3392,28.684366008937534,16.47266289049727,-6.089853096706743,-10.334151802892336,43.09811351307237,39.17264293650054,39.16192486217837,32.33859718105056,2.7514054013852953,-12.650445889600135,100.63909726702913,47.97647558080432,2.3172745990983024,-30.48407118389177
3393,17.912634432615725,23.742026933354545,-10.63438537549855,-1.0728758952598587,60.16728111447621,48.28159539572705,44.87178624094667,41.789574856500366,9.96156509245501,-4.26922533533495,98.55079774860027,55.797585560670285,1.0468978705761283,-28.475292707565544
3394,3.513434264447793,3.201728449701794,-5.774019551221045,-10.702190109918783,40.13887450711369,21.584584353178194,27.231025038829024,16.3981074625122,8.563769270552022,-5.6361728373490205,90.74748663563344,34.116727033811074,14.384462014223017,-23.43678447546906
3395,-9.274816709116228,4.133261378526291,36.1050338884175,34.4095543400276,53.73590972654544,16.283719157573746,24.333430882303514,18.212467897765443,0.9187430575825513,-16.355862900815556,71.61882983101395,-6.503573089129593,2.0038542746045924,-46.93379624030334
3396,11.806681170915446,10.888280461961006,47.75042910274039,41.964897710169765,46.882748748674395,17.9768737023842,20.66211437396132,23.980870457964322,-8.375915318293714,-18.324308200160225,57.66664666951848,-8.215479053868446,-1.741464543617372,-31.59049102675438
3397,42.0518593121422,43.646199384351846,39.281899976652745,37.19696901056457,47.19145856543017,26.82642211751261,34.477972945292215,37.80070263391553,-8.63421264852983,-22.106867000374073,55.755439150864774,12.522560201155946,-19.98187385551974,-24.141782626903378
3398,53.30381104620603,61.297696077261705,14.620828185524763,0.9925764453916937,52.289231794243605,22.600333652750855,40.175638239986355,30.14485826774442,-1.4329210458300494,-8.215887162518776,84.85331802957184,23.43347448302376,3.575928711569217,-17.483557267055517
3399,48.661167600058974,57.717476245448545,-5.132184497639366,-19.76679230839963,66.09747600117672,30.636863659260236,29.52880107787833,20.47038060293139,6.371341014912795,-5.999066154610401,86.04885665158572,33.98191226052765,15.783423389708187,-18.338453007192097
3400,25.865206705701375,29.918232985486405,-29.778848099244495,-56.33635590433686,56.89921277146187,41.31532805504191,13.463786841155171,-0.6264230003712775,23.678508711295876,10.612898011007463,114.49365906980928,54.09446352860162,46.190904321204634,11.766735628517985
3401,-1.2558757330627484,-1.4203613800561126,-68.10044496216672,-87.23766490898892,46.60945766642133,49.659457841071216,-19.274331958077138,-27.456460682829977,32.07715384368135,13.308303461375463,111.33047513946158,60.834128595147185,29.292700474341125,1.8383712042737057
3402,-33.298981346345926,-44.48244080220455,-64.61893770227663,-82.26402403262017,40.41997584791349,37.13412602956695,-14.967731274970365,-27.213755212325026,31.25304442080245,-5.5199040399570425,93.63980292442758,38.67345052580766,24.88121510847193,-25.806843089167966
3403,-54.58900840907566,-72.0073743593566,-39.538040432859354,-56.020571307407266,35.283820213166514,31.65122362505256,-2.5996921745775157,-22.44794943457517,32.23213162033975,4.183139890031416,65.92263721864002,30.10873734949293,16.927765538848902,-23.257227840379674
3404,-24.876731411109233,-42.010527189845114,-50.37590079387804,-62.727300452283515,41.95128823379895,43.00117483171408,-14.385890619427206,-25.471957770697365,21.66785841322508,-12.949350134898832,38.614261537912604,18.465772811186774,-8.85878988171825,-51.872344361824986
3405,7.251753651774326,-0.16625110487330375,-39.38258412140512,-55.775601030168104,41.67603213893857,29.456020542471894,-3.912072857909159,-14.687946125767928,3.284846742183285,-31.920413796690028,36.91193681306237,-8.638088666712424,-18.141227388406996,-73.99123293009168
3406,57.86843634666713,37.2902524371055,3.450348133856629,-12.86058332178585,70.83381311495515,43.60434502181407,18.71315349012359,7.881152784609941,10.029222256067662,-25.388227597777878,38.92056579427718,-31.718818247289732,-22.324117298785172,-89.77984648371275
3407,52.78525934474579,67.36340717583518,31.14678454041726,0.9127573824695105,73.82383920384116,54.98147737076452,24.56950590362759,11.386768935025305,19.597783244708378,-6.675752245847011,37.6735529156899,-15.057163362007323,-4.594278055675213,-67.78987976314856
3408,59.19761059142628,74.6960641860733,26.96889083820385,6.1207166060565905,69.4232106061491,47.76866060194809,7.406298876336107,14.744670117867724,9.028596458224769,-2.798989246389409,16.86059941226747,-2.634523130376192,-14.00272186968149,-49.68196503245663
3409,28.802341888586493,48.70124200713963,25.42165869319029,14.257947494101858,50.4803577464285,39.729671081612956,0.08727889868090344,11.957089809577033,2.9358641995214136,-9.736460080930154,1.682049904690242,-18.8745559969383,-13.124592824369538,-56.42646587852939
3410,36.61344125377457,59.08780377603644,14.285552583784673,4.679226976749999,47.714729153911236,61.600677856759134,12.311046834730364,14.707610460368524,7.8293324755097204,12.588925219653515,32.29828390770716,8.708427623991717,7.518487323390007,-21.822448999923303
3411,29.27317276566167,54.03977348795768,11.587646688784398,7.814888674549513,52.500789001012045,55.41211617988465,29.12792773611827,16.03270276378739,2.39781811402925,-0.5957184288700427,27.63492666479801,23.820197546674674,-7.484760789830697,-21.576728558018388
3412,11.87249753621653,31.235779191288604,-8.346615372348952,-11.344241795626512,23.178048914790704,15.062404907788562,7.806712583753454,0.7588513703137811,-7.904459410804961,-8.410336339888298,-21.299944579728034,-9.213425924607769,-37.90433498309604,-44.77627013383183
3413,13.838433874225373,26.896223608708254,10.945191319186518,15.456889795772547,17.078719576627787,2.7312650493294677,36.410673021464596,15.966555538482018,-15.867335804815033,-24.125998411941573,-9.426291965580868,-12.00197777869851,-34.22520513304554,-34.540278540284916
3414,7.6675165934139216,19.85640433312914,-13.644580549268527,-7.19975756697016,-5.2078562873350975,7.931376858426323,41.62691129505253,24.407771594970843,-22.08164092801601,-13.827000903533044,-6.222029517268064,40.91502921295335,-30.9107304749109,-11.856308095299214
3415,-14.534153811455225,-6.099235580980791,-46.40935168948261,-42.32840613131253,-27.771340202502106,-0.033696405046343206,19.480466510678934,4.575009847001252,-6.021118084477845,3.457132612070322,4.337449258442497,47.50093579493138,-28.646961488180164,4.674415755560014
3416,-26.532448401894932,-27.952336115364744,-36.98910650386291,-30.980296590685164,-21.815711439094393,4.517677625670095,21.75563358238526,10.37028201313892,12.017855636750772,-8.93424980730556,3.5212925926410623,44.64659712277997,-3.2779480386839603,9.79674963352326
3417,-17.493789924743094,-21.959454518419538,-36.0782479134786,-45.027537621501224,-21.013981874689936,-1.8983896564598493,0.26564877884696403,1.8922541078714523,-2.5394688171902398,-3.2282215405961114,-17.288876695627202,30.225654550522695,-13.873999220941899,4.474899713630496
3418,7.660712376832428,-3.337463160063372,-35.42967508190302,-39.294212725419854,-5.690609943356659,11.698707713432032,0.1605967912936071,5.19536688113137,-6.964694610569115,-10.33573670671167,-44.44034528676987,16.220532708329625,-40.11258959044236,-16.70083659464673
3419,-5.547791812360475,-10.60924696882013,-17.736759114867297,-38.087706933613205,-4.420620931918172,13.096474854863347,14.716980206595972,8.727066171826822,-22.941758461422893,-15.496538408840578,-77.00659491264233,7.291325227915834,-54.84853603740259,-38.86691715955215
3420,-20.276045499453982,0.17793030016496658,1.1072601759328033,6.229377075136154,-10.173612149129486,8.93779974868883,27.320631735645822,36.93308461919101,-15.305245951836426,-10.172918609956348,-80.7551455129005,-5.953154889480315,-64.76112240071394,-48.83264035717615
3421,-4.876536605456993,5.823542716570371,14.642831081871499,3.7815216876005704,-15.407375758549565,10.70021465656211,32.470717267728155,31.498883462635376,-23.226899505164766,-5.264726929171691,-39.73255038563072,0.7883697692632773,-35.52362956434137,-29.393479128897706
3422,27.885590616589475,41.00169298038778,-19.531581090130025,-5.455318503634465,-26.926701052525246,-1.6533475031029903,23.791925979938306,23.380419116695187,-17.334614677835518,-8.297650718841583,3.3805818925659716,3.8874350807632374,-3.77771654281503,-3.3970244986394067
3423,30.405241905448722,34.01342858754023,-25.439166565829726,-21.704432044231538,-35.45644286822663,-26.736261827378744,17.97900338131989,10.058953116616818,-1.997925684759963,-9.944744900868232,38.59966352670618,-5.698954943480638,38.20817214485184,19.269124171061573
3424,3.1014717683219817,6.186481807527231,-27.474001193720728,1.526471141580086,-22.539032535710433,-30.628594220581444,14.270123239978593,-5.354009194941509,-1.696854143262601,12.927476091535304,49.71676957813523,-9.413095458558635,65.14410188200148,39.52841269976091
3425,-10.783582206848626,-11.598205791331967,-47.27369119171033,-34.01909640504746,-23.77099066931863,-27.022772535920986,0.9225000728363284,-12.547008220584857,24.98856162431758,13.242711839118442,52.732398831235706,-0.3923306569825229,86.34843129894442,58.52494576559465
3426,-34.649992184275206,-61.30737501444818,-71.38053674321486,-46.839451714261884,-29.547635957785353,-44.02670655323366,-8.718610205105168,-30.66602675512778,39.48982540180487,28.71806100573909,56.75434818699355,-3.881760558983378,100.29627046989948,55.85411008764844
3427,-66.49164587004668,-99.54947175581441,-41.63947186434043,-44.53755722469723,-15.92968564266805,-71.62349451815398,-0.03960022121194916,-22.487349390008404,32.49049977237412,9.81383153279769,18.686953772033576,-42.51924815319875,76.77023167747777,15.345879646848244
3428,-75.3492785182142,-107.32150435553504,-62.84108028213834,-47.93617752291151,-47.009367564625876,-56.52005289094475,-26.11764837995434,-37.389520107647925,37.57011896005693,12.540006696754567,-13.746901768521413,-23.082400988810846,67.88234749756583,33.37535491534822
3429,-86.54179938878217,-99.49332990572589,-42.475771705618726,-34.13501088874202,-40.533978138079945,-31.15156489895762,0.48260202499934046,-18.653508136408632,17.08068667949516,8.374389977945686,-38.78586465843425,1.1995134477595712,35.52204404118996,28.545613815187576
3430,-76.59703382773733,-82.02140670882281,-49.98980062021676,-53.52572687815566,-47.91446951138061,-26.09131854039027,-6.282674916586967,-6.7848418633497065,21.35275032153469,24.544224860863636,-54.064745307253965,-1.2511566331398727,33.28170619333509,38.71633218811635
3431,-71.51786367984447,-66.31601166299914,-29.088841198779548,-39.93635583257792,-37.83568927468125,-11.990003800583557,-16.590232263894837,-31.778857461693143,11.695960852722246,6.015057728464269,-76.1376258813715,-23.469547572464702,36.14741528728894,33.24576108105874
3432,-57.14568989983533,-41.54266768730777,-20.13788814692622,-15.243379017121827,-46.03952878244259,-4.62253624968558,-22.921574899326725,-15.317133485179108,4.367505547907412,-0.14677077863967547,-69.11939215404016,-25.92569443127468,11.013682669750823,2.5030144814156197
3433,-45.50088024541081,-33.89807800359326,-27.35523539822766,-22.2824472233782,-57.4474346308578,-23.344265137200274,-38.539217591899174,-10.427831390170923,-3.3332609502168733,-11.359967026243744,-74.2363518751445,-64.26629580691652,3.6909326895273247,-20.415742028215714
3434,-41.97750867475747,-30.133789306635602,-9.460781023437947,-7.042554571581798,-41.17822081177967,-30.79456443528438,-9.740319963881607,-1.3457467574714723,23.18065311491023,-1.7804059746836844,-38.257709599484,-65.11512927688236,44.231319683253176,-20.0437317606022
3435,-40.21765091621489,-40.86913299555759,-14.681918997576986,-12.93418528144879,-40.858528644197925,-33.30033264181058,-12.631944824170986,-4.542386592159561,20.52843352114316,-0.8012225691405387,-14.05008795129212,-28.671155048157587,57.2302928704984,13.178909785240666
3436,-57.671044685763974,-73.4001773234992,-50.087472892371586,-34.641857533777674,-42.24517417993631,-35.217941495629894,-30.355181397304072,-13.168056550926224,35.52294725770708,25.15069725757215,-4.415157317109916,-9.872103574947728,53.13337428415965,30.702690697325973
3437,-71.18349098539204,-83.66443875699686,-61.36664702670504,-46.54435483370433,-35.396238158162305,-34.80998780722371,-36.5948564663015,-34.06999405832227,36.31554573315599,36.191275231933766,-4.752663416873183,-9.497589727454848,64.08888604981622,41.1926755759769
3438,-60.590745102267746,-77.9439598173993,-48.5744171664384,-34.15196374719479,-27.955232488430145,-21.34115018636827,-32.37007274045665,-11.634079075983497,39.36156758330213,27.856011613094843,-20.508001101275475,-14.118578720767012,54.519927765294135,43.156262729990765
3439,-48.80605628297583,-59.15658861794246,-65.91192913757625,-56.210122022779245,-34.59425209778772,-12.104787204126811,-48.02621043284491,-23.147171915276925,16.809813459222674,24.63290228155665,-43.601705212776054,-21.583041029877222,29.499696095447455,32.90731583783192
3440,-55.188160250114976,-50.44574532312343,-74.9779123327413,-84.64457593785566,-43.25755182995793,-6.223359863004906,-75.22160975921543,-58.55614424828475,30.237852313888094,13.069408481018083,-80.80303860233249,-37.26337464622756,0.5846829849153306,15.466370466597068
3441,-50.949203249923535,-36.03189633592429,-34.17369003394171,-35.99643102238937,-32.790764717863084,21.610137535979685,-61.031505485400864,-35.758390130297634,31.722663878951533,4.995185150087595,-80.74787263059169,-24.557104372548704,13.956678621750287,35.21443433069389
3442,-20.03932382062925,-12.504282842302644,-18.13159881598943,-16.561203420117067,-24.583680214864053,23.77352364993858,-49.94333947004265,-19.946236871250075,-2.9228525962485783,2.500694013633458,-88.30097120653222,-4.997415818626702,-18.986432778550167,23.769314375468692
3443,-11.06762591635155,-7.878438344865499,-0.24473646338574184,-7.15534539335535,-33.70825158127309,13.083784511087028,-28.34099806663766,-11.961302572197193,-5.2133902973094415,2.1017424807938463,-68.93888877407542,10.011071755605723,-35.179526225216385,27.500115130036807
3444,7.355171956144414,-0.7447767912735564,-3.740986229233048,3.3829097299807915,-15.964409912084317,-2.3451983725707217,10.501189677510556,24.54887671606601,-19.292758622057367,-3.0033956123889167,-55.90259602046146,16.71624549816609,-41.04362163483534,13.233625321221531
3445,16.260627033409804,11.013595510523238,0.7709378275346852,-13.784024913979467,-21.009791671253108,-6.964258083091896,25.62443091150687,21.04729375047905,-29.449121016956344,-4.44186505954111,-12.45502954296456,34.05546297158847,-33.72404602187274,21.566050713168522
3446,33.89661118079742,12.889211040888414,-21.377812595686407,-15.50481699208878,-28.547551988080894,-17.524716767607185,12.771336666856095,16.80083680866391,-12.404918422929898,1.1544916769042395,-12.69199768159309,30.175156078328897,-52.016444901285894,1.1038089761684875
3447,38.832662135578786,28.179925436429208,-45.585458160721366,-24.194482739731598,-34.57000606138186,-29.0423981316558,-27.93620285398875,-13.352401487294568,-17.205382851053212,-9.888881149238575,-26.60897055996718,-5.647426515326605,-49.305088801510095,-10.876747055350918
3448,37.34229486863659,22.426751592070303,15.074317917982343,26.97776231573196,-15.50253819105183,-32.67129265151936,-14.619948703108323,-0.22938317451178136,-18.211011589654895,-22.54571651192586,-46.277814117109386,-43.42110046404984,-43.52604643922887,-23.10756922536872
3449,23.545496085265807,8.322211881699712,48.386827640705015,43.44174928500771,-8.299355944869212,-25.150821903940177,-16.479450794869287,0.7025970811159171,-32.22404571308446,-16.934846871634733,-67.31316630254356,-25.313909311741767,-62.084973491576456,-17.977635645256967
3450,37.075262992833196,24.618889206210255,53.90198181284498,47.707391910033984,9.993344179128556,-9.872614157664055,1.1633227256996335,4.110921215737505,-35.04382645621774,-16.682458157679523,-43.50569767372967,2.9203723092700047,-54.02878754262993,5.991249930802156
3451,60.11051792621853,54.36848977362729,53.07950869531373,38.88754228749295,17.528142454828146,-13.924697098581438,20.523173626105493,17.244770864055265,-19.918793451362387,-12.069993118476162,-14.611457570302807,-5.439696869436165,-24.65223077134171,13.449085484389506
3452,45.16901896822938,46.35902118324337,63.79347800761206,56.89080690463986,27.40822088971207,1.6464010364921804,23.456592219068103,19.793824598290975,-8.28436609346294,3.2804874056402364,10.986920839654886,16.832471761201877,-2.0047784123223993,29.46913078443398
3453,39.88152337693099,52.8658172500002,50.71718564638843,52.69854628943074,20.846665995265887,14.069154298480147,16.180717007187802,21.364106047171298,-12.49350034899922,-7.396248824923859,-4.07034556293385,42.685966046406584,-28.43286576728188,23.61035470835412
3454,32.10223294893911,40.18189786959276,34.44734374781091,12.567397188846854,19.52703321313309,1.2431408381837474,6.921362886359647,-1.6849738045327514,-0.9499296549350765,12.502876656527963,20.58685641290813,27.165748056324265,-11.772637129947594,27.7846879133269
3455,18.443168733137966,20.405987900565144,23.299023399757374,13.71232802841403,31.167688001099336,-5.473345058712894,8.80472417520491,-3.1635118275527914,1.90517373515908,10.855258802885048,15.304487475875025,25.8401513294195,-3.841516143213433,15.141687377691927
3456,-6.82542959040512,-10.032342030017412,-10.162550486891123,-11.169632927474936,-15.646800832763361,3.5828972109754615,6.341665082870326,8.161554488342674,-5.989243614633625,1.876084718199008,20.895465237987104,20.11690604757218,18.033491749355587,30.5721653818399
3457,-5.898541021620352,-6.348212196527375,-10.269048713033339,-1.827954458287787,4.232108877183991,-31.022442196595254,-33.296464857739196,-34.74484560519129,10.6489584224298,-6.612956618208125,-84.72506446149336,-59.69564879400337,-62.98683403376832,-79.01267981811799
3458,38.42439894651384,32.963234539942675,34.67183225515489,29.19901198960994,48.8328409527126,6.351797060885597,16.68762566848496,19.369653766996656,10.596510897458636,3.4038658436647635,15.588118777800027,-21.787259459982142,11.102460169002017,-19.734073466287995
3459,38.49736210376333,28.309271516474368,66.7216732191797,52.9567822578967,86.48143030781097,47.90460547026158,43.64423467112703,53.16398183665967,1.379995420038045,-3.3033041044882876,16.403696635120443,-10.234827927586997,-4.282285991724984,-36.26592596950986
3460,35.184568191514714,30.405513444711872,74.45156016477426,59.11919260497536,91.87107805999192,61.429071327735656,72.97794437129869,78.88411617710508,-12.744569314631265,-17.622656502756325,37.12090628613497,17.754855463277593,-31.851341945118335,-52.12182977521812
3461,52.3415333474752,55.59305495249155,69.21890080901126,55.219109587469646,77.30254141372473,76.51328009876022,65.38415255628819,76.66008607461211,0.9915587098243765,2.7202338018509806,27.531969667535424,50.583646795940645,-24.779608723382957,-9.666484134029377
3462,45.0246023985394,41.19397353078267,77.53170615509927,67.36926738287931,66.88095518156472,58.57796391838322,62.760598251539605,64.92183832832467,-24.891581857617556,-13.775765001131099,7.544891579012258,48.86299175938171,-58.22039694197709,-27.50753052010288
3463,0.18463592977851798,-0.10415547559091465,27.102188793470933,30.46741312245097,23.915452660493905,24.244668065093112,34.18704982216949,30.019807226883636,-24.945104666705046,-11.124550129044861,8.434610098842004,20.12400337736803,-47.514381151670094,-19.743811233331805
3464,-29.32905107853616,-29.041744749427682,-14.73578809112531,-16.575346366515042,-11.601245772595787,-10.279481356614188,11.990977593741746,8.938786023460583,-25.109389262834593,-3.6759344818341253,1.9015602830404603,14.097906062871969,-61.31013914944006,-43.50401692345443
3465,-63.27038077929261,-59.951828780885776,-44.55725996422023,-36.88284318754368,-34.64437617889478,-21.073260752607716,-7.2671369618220725,15.230825424873725,-5.789454789787094,-8.186596355126934,-25.493355271069525,-4.428077757722616,-54.03766654550434,-38.47088995241051
3466,-91.80110837660158,-93.80341801860172,-36.8607275589464,-25.539935313434963,-35.344970935394244,-41.05631339110552,-19.56024760068386,-14.97150721357507,9.472325025471521,-8.933148442550658,-63.217377408496574,-44.141407114335934,-31.007901309970865,-38.27660998051111
3467,-68.60511315805917,-83.06178454900963,-47.37457908487266,-40.30584610733973,-52.33000686061092,-62.558160476374816,-33.399358577687885,-23.643452853465664,1.6938085828677305,-15.892438421166169,-84.37549348206124,-50.738513604133985,-54.33959828441718,-54.87749166219078
3468,-53.8000050526003,-80.63245008304797,-44.928146572704996,-38.1022244387109,-45.050152316115415,-64.4297542808435,-43.343262804864175,-25.226552453913435,-9.191349711494155,-11.628840524284598,-101.83767998029026,-55.36692547461933,-57.57277774529306,-45.79486601240648
3469,-18.585993287729067,-31.51374039673481,-19.174552597081036,-13.593098047005125,-25.84969052332343,-36.58707952698709,-27.532764795801665,-8.328639443864514,-15.370745176419726,-10.744578216266213,-71.78831009770722,-43.861965538441865,-35.87054825442735,-23.297332053070235
3470,-4.818309696571725,-21.13591878536047,10.699136212766584,10.24752275606016,-23.820299329066795,-29.81198914678813,-19.303636009443647,-3.195695715729889,-2.649374797306994,-3.73078514539425,-43.77202730499962,-35.475119116469806,2.367686625114984,9.110800077226138
3471,28.861875422050346,27.966513058130285,15.684753633086919,9.111192230106887,-14.774866409850913,-2.6631790143618086,-4.314689971340866,2.7051635880040217,-5.387491106998614,-2.752601456138597,7.465829807366781,-1.1113454596964307,1.4460432570552821,3.7788410118289373
3472,32.61016690613518,27.515105815971197,8.22098826923951,-3.3585619029464198,-6.881988256899027,-14.980150470896657,8.91637995775155,17.940851839459356,-20.670464568393186,1.5101755619307076,20.50787908188925,16.11827050514664,10.917269606525073,17.485587180102282
3473,21.73633764148354,23.44770409037387,7.064742596059023,-4.671056143135869,16.525490655535464,-6.326887341587211,21.50626833770499,19.151081364327712,-6.176280114114232,-18.0836990183765,35.99290401808864,3.087760446338663,8.766484922412088,-12.709458966578635
3474,34.34241844402914,28.363389704935557,-1.8203641878846504,-12.149363133912985,9.378289258563694,-7.819180663155445,19.5265384601962,14.993015554246337,-3.128760335980262,-2.662885206391006,63.9207397274765,25.056205125625343,15.512488200994369,4.277370761783535
3475,5.8618078372621945,9.781492419708606,-15.609194296574913,-37.11608216045242,-4.201468874229251,-13.320351690825914,-1.4770055589832543,-11.95881620904613,0.4774691336206514,-16.286832500320386,14.847731951115337,11.49003553974405,-0.2570115537600221,10.63584141016492
3476,-11.266375609919535,-9.796445954484762,13.592516535327547,5.462645767396345,3.170947662359382,-18.588548421863155,-9.028263737878335,-2.6406677780686336,-16.09028709779597,-8.011342929480545,-29.41541090726651,-5.765122073159728,-21.367813075037937,1.1451112800168313
3477,2.189658160802816,-6.407729362215521,10.46858519495605,-8.382121711422625,-26.273263796163818,-31.82049352135011,-15.981672054738619,-19.338797382471178,-14.628729216693003,4.651260703318504,-45.25196317072963,8.332581280684646,5.093653045619299,43.16403060583662
3478,13.37470521208139,-7.362471261692254,-16.674478562846165,-11.012683273726864,-26.10929613185355,-30.177948822051583,-21.523817982731945,-13.796477855960674,0.9506723509181901,0.45090192161216947,-57.47023554387425,12.856398924059482,-1.2657411234244549,40.180553259458605
3479,-8.075127186275525,-18.92189737318553,-14.105871823928444,-15.254688772542002,-40.35553370939181,-43.06183625541491,-23.22272410941531,-15.607467882554076,-4.241439635546901,-14.62908222785078,-61.93424275683911,-17.810456734077114,-0.974478932392286,24.98257245315
3480,-9.741255790617494,-18.48091692677933,12.103132789195463,19.103590085184916,-20.4885647227772,-29.21891346821078,-9.989027529842529,10.019583400321434,-7.598847606658867,-0.6253651494429349,-73.20429320986128,-41.681371526895795,-21.967643162261968,-12.699090933687502
3481,15.521487019718993,24.728084803818795,-21.60352032669105,-7.960700173190313,-23.14895024377139,-7.793487918415333,-20.85197432964309,0.08332016378124792,-0.4412538668441937,2.401665051122622,-69.57792350152289,-28.499516243588207,-31.94166042133768,0.4000399344659229
3482,30.219324243863323,36.43525669203335,-2.121710825199559,10.19843252242271,-12.931489330080218,-0.3098774493466533,9.364743193662875,18.715993510130705,-24.286150910633324,-2.494486976856443,-43.19952721142715,0.25008352372417836,-43.038932207044994,-5.723474648300996
3483,5.56439502139973,3.8216335930306737,6.240253443508782,13.117543077870634,-31.4290848888976,-24.201123495664724,4.819849317430685,13.921093953075191,-13.424742234324697,3.822075782330378,-82.6929532449951,-22.17697806142711,-52.92171874496255,-22.993132486800903
3484,10.23266610478436,-3.793340575872728,32.09086694697513,29.44511160296088,-30.810272663904133,-21.853165080279542,7.5837022720388685,28.728026773716646,-2.3022006679167553,-1.5468061784205571,-85.8541565153202,-45.51613776226639,-33.96252109756494,-14.248557469656886
3485,30.517880432479146,15.12435343953615,-6.563191440265846,17.91280640403846,-41.01029968839172,-32.76337502673719,-1.5542854137470097,11.446247746080916,-3.9270636222437134,-3.682129893901108,-69.96009152735947,-25.518446264291626,-41.16766154622004,-7.429698270707596
3486,14.751739476028028,0.3627498156817026,-14.722236773379516,-3.9781675841815742,-61.47406319945942,-40.21729657069651,-11.451633480023537,-1.6053142355294916,-6.299212563841709,7.03917328015034,-69.97260206541841,-14.213850883947966,-25.12839979125068,5.891370783255453
3487,-8.734483088606346,-3.641962914593022,-18.825457664061087,-21.653706428917175,-44.504736644836626,-45.925250812007555,-17.52848844312023,-20.29878200118506,-3.2583270144829695,1.4736379299505549,-50.27071532026454,-9.688099613862677,-17.165905562869234,9.63908974438054
3488,1.1827572912728779,-4.06761617914801,-25.3509027580559,-17.70876211720988,-51.317051278296404,-42.92788234839635,-22.857108742341932,-18.206297962469055,5.196045496877125,1.8825749030973595,-30.526106036201078,-8.501595418169261,11.686067583688128,37.570726326700544
3489,-1.4845312335303886,4.5701035652068995,-17.750557358259726,-2.63872823388182,-40.872956803904586,-41.46679624330871,-11.577548212385896,-7.110813371354027,-7.8739140235793394,-6.489262273228185,-18.154172126776608,-10.484547736499369,0.09918045912059625,12.453244453578035
3490,-8.901998947102454,-3.4572725554863815,-17.395133445846827,2.148660700302649,-38.0021200466199,-50.92199065879782,-0.1515924379879307,-16.180212432566506,-0.9794812388192797,-10.928868508085195,4.770990584237444,-28.039972300413783,7.719980701737805,-13.011771252249622
3491,-5.584467329235482,0.8148080533309727,-10.394355303055162,-0.37070070678578615,-28.607572132844247,-37.128755457850176,9.674554353565417,-14.561717837515825,13.765373348701138,-3.1783520573912165,24.76800958489745,-14.41318433050586,48.335411261461175,-1.4905395053683967
3492,-10.174910087430513,1.421938064702123,-65.71139400161742,-32.838239559098376,-51.41382278870436,-37.60774338563005,-11.883478737807598,-43.60138947965459,14.602002555776997,-0.41375248581393187,50.66799490612479,-1.791282880659099,41.375884634597895,-5.576451641209662
3493,-28.10435623326094,-14.86951773433185,-55.573207425139,-43.07354833752746,-41.74592548576134,-32.395539375023084,-5.785622762984291,-34.46973472325941,21.287148208427805,4.599491580535709,48.536544855288994,14.399374661386084,49.81814205650319,5.126008103921804
3494,-44.360833811099745,-34.77332391905341,-32.30794194165549,-19.691683702343628,-23.54227105902716,-30.379794963616348,-2.338978001902312,-28.07062772437473,14.080497791185854,5.433197197518501,18.17595488791492,-4.508007581464474,25.261468741064576,-16.131903056114457
3495,-24.980640460007038,-12.750435982520163,-42.885825881305266,-26.1611549133818,-29.910915386622307,-20.280966145507666,-8.335884790777785,-28.908399348041304,9.588378560033334,-7.808706417459829,41.87846116742104,3.6066831254957137,17.57588110783433,-8.098282924907263
3496,-13.331885272324907,-4.733814796928254,-30.53152042774214,-20.636218077480642,-24.11703811456025,-24.986229112980677,-10.500235027579176,-21.983745004801314,7.3489472646381335,-0.36193126158761935,26.331416683688747,-23.26455296379576,-4.026966175603445,-39.80620233162598
3497,2.7930338966295754,9.171151260147381,-50.27464138370261,-41.77001114430401,-15.081298612953036,-29.19004389882164,-6.266633432230684,-20.524193115813183,11.15991414920393,-24.632437733981433,13.229230391969256,-38.399859630492216,-4.795520010639728,-48.07761482421377
3498,24.319503120961883,33.54547370608436,-45.213845092622364,-39.526538272450104,3.8552468465586727,-12.99239602412573,16.34346703536761,-9.421427183078578,-5.69737717674068,-9.218560682403233,-0.18619214179990617,-55.86296120320455,-17.953634540927823,-64.71708539853117
3499,79.14721481063705,58.33279212600362,-42.42023964255596,-44.23906868841099,27.088010967460487,-1.2253119522019629,14.719926549282361,2.624969721075933,-1.418522173313044,-2.971001810558225,12.052320682844984,-37.407908173088394,-9.960313585654331,-38.07586973769442
3500,96.11848957464206,78.41386250436935,-35.27205672442405,-51.86024537433147,40.60934951532986,20.735040944893566,42.654112189565446,14.051546338589702,-7.228434612701506,-9.016415694469952,18.94557772005718,-13.696610904248342,0.8638386186305164,-26.0267858491109
3501,75.38464511218658,57.670871286985246,-31.767517856956562,-46.50406710833615,35.41362101896939,17.02716766997021,14.41088078762505,0.20079879801107667,-3.9146824602233328,-4.354114736175958,32.54058070441311,-10.333002760369393,5.189449227675661,-17.886100353540634
3502,30.11342489361115,19.859279550221228,-12.541870430175713,-13.384032172195486,22.654464632713946,14.214964766817038,17.495559139550057,15.733659317020805,0.0588115620639608,-10.555988455996381,1.2347449336632135,-19.01851933840515,-3.426369639179534,-31.65720718485666
3503,36.414455031463824,14.550103224359745,-0.061539466062249026,-8.75549667558233,23.51449796302989,14.165006449331518,4.216008618838204,9.715049496988197,-2.586355093413757,4.561513882627279,29.560129312051902,25.325336206164195,-8.27321547801522,-6.5735374655787515
3504,47.21262220806265,13.863903493169834,-13.440044035290006,-6.65378884707336,12.46341861428244,13.977535851447554,14.497422339362569,24.17494958324665,-3.327146416351954,-4.117099100336482,37.599323905419475,31.457405492132175,-11.72917084041935,-4.154663417779867
3505,13.20254965232444,-0.9173721814328695,-28.001304357754915,-18.656033845749672,5.97557690860082,-4.166676806850553,8.135024323958785,8.121877755524036,9.798990597271823,6.176239371197138,33.8802930731217,26.579435395624053,-25.757976150559177,-13.907119765580472
3506,-1.1765166028463718,-29.410342376829362,-22.229848364796165,0.3749762879734839,6.558743094379758,-18.494592450564266,9.132519994657073,9.964706768165726,7.493837483198138,9.028704727758143,19.70801665193767,4.231159518348057,1.9104987594924883,3.1013147746341927
3507,0.791213417129284,-19.323606769747954,-13.791002914552138,-9.064808470361658,7.856915252254802,-17.908006701886737,0.49015401468069086,8.772297714791678,3.192803194963473,1.1286261372678932,33.23415316253394,-0.7534568712855759,-6.305122456275274,6.319642375607458
3508,-18.224913943520246,-26.831315104843988,13.35867785876494,9.078192794292674,17.766840529912056,-29.92599904572571,-5.1952719004014,12.93009055697892,8.353425319035638,3.1096459574119035,26.229117384132895,-24.10317502473546,-12.94395916393451,-19.645047806466657
3509,-31.436767844679416,-29.68587366956795,36.309746934447425,45.67765442656843,35.83564311358757,-17.988905297062757,8.168201259357733,17.613703157069693,-17.221455188713836,-15.635335014923248,-1.3537552970824365,-32.0160070026602,-38.05371627095711,-35.94781650234031
3510,13.150271564926122,-10.052251343710118,36.2749864020819,47.58190315501661,34.46657735881145,-0.11133154009613529,-6.3593215944013775,6.520781646492681,-17.557570352945106,-2.9850988095118787,0.1506673806458012,-10.205606535404206,-29.869488473170332,1.3760160023255565
3511,11.801971679467604,0.05769819616704819,48.05533758348705,49.91828418417349,25.740509358524196,-4.434560811618383,5.227418036751031,28.742962341371832,-29.250342525886268,-7.912852758476232,-12.783085024611157,-1.6994845996001358,-42.549847442407895,-4.942098682176127
3512,13.26588756719202,11.744960125023953,42.97263738492851,49.31853786572222,16.008498827162047,-8.314199091056791,15.29765028499338,31.355334431716102,-19.447584361987168,-0.30540346067829294,-15.270105996468164,-4.057139016129008,-25.349209790643677,3.1212497215614268
3513,12.709062967849118,11.66561241894166,46.67831855770371,46.5168362885027,7.653313551720657,3.0622566466669743,23.718342903220027,33.46571171994254,7.3703684034046555,5.830442178223901,-13.925045817925005,-1.218417382042665,2.4842984778156403,1.4956767495078496
3514,52.5655656547432,43.66284727957799,14.964652745944994,28.836382384128253,3.244267427913143,5.918814901286017,23.663536454051805,4.00465216090176,23.42623225461703,9.252249253814957,36.387701394218766,30.421784067435436,50.38341634076327,50.97504446074713
3515,65.20160707744071,37.56617166626491,13.572139434924452,33.51885243041204,1.3350210737062924,14.229263965673002,10.815948678705107,2.401896450920762,26.222780831474314,5.97243480025627,35.416804127531606,22.87536212323108,60.877995080999284,38.090702074616516
3516,26.54904473315889,22.6916110165541,10.738023933461001,34.15929116457856,-10.13705646222735,-4.625738873589045,-13.798216024469921,-0.6620722426323337,41.73297698400598,14.96006377509337,6.57971111713073,-5.0820875359772355,51.770106015100424,24.93834851595592
3517,20.551212094988408,14.271075457223708,38.58931363145532,60.16071381030858,4.8635965567325785,-1.810530894005169,-3.527703836210267,22.086906679482126,26.488563615009642,1.2555927962333406,-6.46680641360579,-26.915043892637073,39.5585551987291,10.618779127451178
3518,33.87568350997289,24.42965420807418,6.857273592141041,10.87758646149056,-18.529616178455754,-6.1077092907486525,-12.339267416543828,8.016610949970648,23.04664382033454,9.229947520530025,16.05825086303691,7.519581148472538,33.5974755766464,27.57370811464534
3519,26.14995163739511,23.92240384417172,8.74388181494507,11.851590736096266,-9.62811219669002,-0.37285400250427714,-5.69485041387141,10.278028296864411,13.599406454332907,1.8150150739216713,20.168729979635074,7.9797791265407465,19.800836100963167,25.765172537497598
3520,18.217153508231142,21.18110200910899,24.273979360910673,21.144187158955344,-2.2933673987007093,10.838838638266443,-8.28395677345963,7.826022114695062,-6.180301089356667,19.544249193574352,32.005957912333194,45.92342810738095,15.919042053161206,44.902472097878004
3521,37.409184152113845,27.852267675278924,36.462443725278995,32.271186529004474,10.687250018933637,45.50415348618884,-3.14632781409176,9.552398254730273,2.853207305211818,20.399783100027776,67.9909109880623,99.74620147105689,17.261425299176455,61.98944491222175
3522,60.8778496907882,47.88626430759251,34.26210371909489,26.641103377516128,23.819418490876938,42.935843129171424,7.696041513004742,1.8205009664665959,-10.22500349364675,6.868540339478211,76.87353320134352,98.33633058165013,22.673903198459133,74.03834910315618
3523,42.53272739484055,31.53133702335431,6.034904741547442,-6.512726005074317,13.575854781388788,36.12185846413886,8.90500241119621,-10.221801408454294,6.673585753887747,6.860558187335693,73.09678618645894,69.60752551641723,33.20837205024277,60.535366700684314
3524,16.567277048122676,10.672637583664145,-7.725902835306575,-24.173400906317863,2.534135727904219,43.11514552534577,-6.788617308283079,-26.712765574687687,12.64821656578986,15.847121987740334,79.17917431603188,76.01259003833037,52.12181946534973,60.570510600448685
3525,15.449343578528284,13.20143580574048,-40.13132222452455,-52.967170740376226,-14.764858280994275,41.37711044009167,-26.97572677268548,-46.49959348631565,14.49899808474464,14.811507998517495,83.14198436939245,90.0099363060121,65.84254146803542,90.51761527555345
3526,1.7475505611611182,2.960792909738524,-24.45727517850077,-24.72850808269152,-5.947527312446294,49.934706931363344,-5.897628285468721,-5.099945206640525,23.24940704747554,9.29646730537727,83.81165553590378,103.08804048972925,60.37439282578782,80.39055791078954
3527,-26.28279155818767,-23.767687067098663,-27.999710586573986,-35.52883308300288,-16.238705308276312,34.38894119545122,-31.859823224717854,-18.328130188896758,-3.550227410543768,16.571947452217337,21.994537973754987,60.64703974188252,20.90130640511615,58.172837758392895
3528,-5.122323762131576,-10.557978923670635,-21.856879576103527,-26.84931199127482,-0.08978616292247033,50.949155403623024,-19.122409844364977,-15.989567313065189,-8.675857901311407,12.486858714659887,5.770406954132733,54.7481075039732,8.006846046934466,43.75949979024304
3529,-3.8901750571098765,1.171372666062624,-18.78473230283736,-15.327131010299338,7.776218604365955,60.74985694812911,-12.489505577530451,-17.27657261017505,-22.159949760997232,4.944902845596164,3.6311169281430846,62.93275220555378,-21.776609441835255,27.898561734993155
3530,-22.59981693291653,-16.514043106873125,-41.74469784612802,-39.010956394672306,-26.96901783840734,54.082154865846306,-31.387918457052443,-27.685304647390097,3.1880971809501015,3.117012889511271,13.489096198895226,56.29453974900432,-0.5545416602226566,12.105002757747593
3531,-28.745599954842355,-14.932100113171082,-19.297361581493817,-40.42356015531516,-2.4092288913993336,50.113197615375974,-21.911310356189087,-34.162663632480964,-6.9800600600116995,-8.315388928293682,13.53371716986662,47.139420701411694,-7.75250020056636,-17.612359101702726
3532,-1.7128104799655095,3.302700129876346,-20.134379208220988,-32.854577966375494,-7.089156771648348,44.460153296744366,-31.064941826551483,-38.36259068390626,26.944396284282423,16.412385901670245,51.66024008220494,65.73739939311524,47.56743794782416,38.98601847507517
3533,-7.023532644814016,-0.6189458331817743,-49.070242330127364,-41.26525434008922,-17.639725184361275,22.66126549435396,-31.260646156576353,-45.60132164077358,11.991000967750693,15.193730195207529,40.726390919979565,59.21043744070443,40.78226483400449,44.33632529760717
3534,-25.480122946728606,-10.410452058799544,-29.464544780235695,-22.250803176880527,-15.80231157947781,24.529155693384656,-18.884962110038636,-38.68193306210912,14.65993073236465,8.57029546776101,54.334422893652686,43.49803364165935,36.24718850862,29.088260032924175
3535,-16.687402485878376,-5.340945759259045,-23.744759887343964,-16.510448841471213,-10.950173469783874,38.426182421104656,-31.756115618108137,-39.315493969608454,13.986515264807212,11.249169182193704,20.509448620112245,44.23484304039144,24.86902249665495,30.447499009044282
3536,14.002276643630061,20.712131387018754,-17.761712306960415,-45.926843678338706,-3.986461014792056,45.03267480203865,-18.396361501131516,-26.86653531748495,4.816439073101346,9.958752703717536,37.102684356704785,65.73848144175537,9.993091063278655,41.219768703246366
3537,43.81162530329692,33.40921386201599,-36.316104803397444,-53.59408161770998,-14.957964136075336,23.816170590218494,-24.718708660538017,-46.89672928211922,-15.344256712090628,-6.0446289565035505,22.617743178341705,73.9744220471854,-24.283484023554607,22.429030253894226
3538,31.69332052158573,35.76952457512038,-32.645488613771455,-20.07200632800154,-24.859340872398104,5.447859772022428,-19.1556093522403,-22.894842806398913,-31.763731276282147,-4.0758509734446635,22.195926599234546,67.62399796542815,-47.30291675722458,20.326802294611717
3539,18.127347986079997,35.650079409326686,16.907240354493226,4.147918765853428,-18.05264345576464,6.90282361555842,2.514356499887166,7.5942374678801485,-37.9305150965343,-15.81559200254037,22.743384374820764,58.491413666116756,-27.964995317361094,38.01046495873243
3540,18.97954739090544,31.099973243737136,2.3981799080236477,23.61774942740085,-31.258273140830724,-2.5877781485414735,-23.179264880465094,7.640393410732296,-25.472621814703476,4.183185742284531,21.776198728241887,53.7133532679724,-15.450613940674836,50.13742832470877
3541,-3.6007317644520875,9.10158274322615,55.20310563571488,68.65319752554828,-1.8654130158774034,23.661451288759583,30.80168352294778,54.70219908882829,-16.565759288830623,-1.1789457104581231,26.942742292828356,56.471476626530034,0.08524245505337738,16.381793269395942
3542,-6.459966889733502,6.546361458708137,73.28078211388936,52.427023437819294,8.933632343848664,56.38117855027879,25.33334657549916,56.882413336746296,-0.37412453543850904,-7.753548446166893,30.31923773730138,86.57321572302195,48.13747322838583,78.34108157985051
3543,-21.750849761114733,-15.783664172043018,100.66732344631976,104.65893672383831,14.067276661865016,46.10804498325217,57.72742070934544,75.78135399333232,2.118414338794414,-5.502454735459141,49.09540028000504,86.89170798201141,50.41117775295423,64.1009749196553
3544,-31.047340633727963,-36.5328156668769,97.07479574323268,92.77477527158885,4.275277263656107,15.369884565163224,49.45835600361271,56.7637358733263,-15.680845035429883,-18.116697747577362,21.69658663334596,57.17413473671177,22.801376843412097,10.09626326755593
3545,-39.15623728971055,-46.54581448805559,50.83678481945537,64.83545379091214,-21.02458182722318,-0.45990533357301544,26.594597906087845,46.76861709316853,-18.603829115317307,-7.688543274091937,-17.199050332189753,34.53149914988185,-0.2055089881861643,4.339356847823141
3546,-66.40177129092207,-53.30209566756156,-1.9735922396749004,9.749401820347213,-47.24087389058402,-24.048986426664815,-3.744312070489984,15.808418392261308,-24.855718938809577,12.630399768064413,-72.9099357249249,26.277541552648884,-55.540539441234884,-11.110837436263667
3547,-39.940725177592526,-48.162626661186465,-29.59474022074704,-9.376932455515504,-50.346904638646805,-24.71997066728426,-11.12160748119064,5.931879471229349,-21.121367032336632,15.986152696614301,-61.68042620933047,14.66240370997236,-30.106712499335636,9.856248509392556
3548,-68.59631992028366,-65.73374805741513,-63.58680365879652,-51.28019772167586,-70.47297486705497,-50.978382951034845,-23.62172795847579,-13.51591913188694,-22.34256127159458,2.9327534020346055,-78.35086170782189,1.671121609411176,-59.665610512589936,-10.251815674514994
3549,-78.58213621747066,-81.08268723484025,-88.54311935544602,-75.10363091260733,-70.55542419350638,-57.60918141411685,-25.11020005717293,-16.07133075787682,-12.907018299208955,-4.920166219570923,-73.55923178961173,15.845132335846564,-55.17832839658664,12.26117340350696
3550,-79.23645134375968,-85.87664969281279,-86.05039951970271,-94.25003598181168,-53.29653573177047,-50.80492495265977,-31.90640190831113,-35.448476762645804,-15.640646791539487,1.956577547477707,-82.35613525672778,-18.572917289963762,-59.396941419936255,1.4733693665322398
3551,-73.43009097335137,-90.44160018957672,-114.12073854247667,-105.2148620940106,-58.436723404598766,-68.89124457765165,-57.64842338633216,-64.27545526996835,7.75439019870029,12.647637998259064,-88.99780435135213,-50.2322588203881,-29.504644714649746,-2.7437101274336517
3552,-70.98952271313645,-81.3932088612475,-117.07674215734487,-108.55894983552082,-67.30588614749209,-74.66284869513461,-71.21606629704776,-47.27696913088771,5.6897293199043695,0.20156454026561388,-115.07752518214532,-56.60922734168932,-45.79677577958466,-29.857814981444776
3553,-34.57151819002813,-37.454174488439804,-96.65164284410518,-102.82600272559793,-71.21115439841391,-59.81081139783474,-64.71744819176878,-55.4565424777529,15.647906096879922,-2.247664142634263,-105.94118453036026,-36.60991156681129,-40.734364891181755,-12.116293636360608
3554,5.62347288691782,-4.863794224710215,-60.725899089786914,-56.61916000299615,-43.71286153813985,-53.454115555780376,-59.14753357061186,-39.63585837862405,27.26586197419648,5.2779414484172165,-83.31057639998095,-51.717765448540526,-17.19051722229957,9.875356298640583
3555,14.297375707370243,10.257105166640041,-33.988899095016336,-35.09123445226242,-31.60071395036523,-37.58189145830373,-48.36788739158726,-15.846044272525992,0.4667339069470208,1.7122043660470883,-66.65174707355975,-46.328099476693005,-18.257107843612978,12.769135435933078
3556,22.262951170030064,16.2864271351999,-11.56939783635248,-28.032813633660552,5.99216828141528,-18.061866976264252,-9.48339002621641,1.015667462216874,2.9304811177136845,4.846203963050302,-29.64383368952464,-42.18776751063951,-9.169227340268517,2.272564639946807
3557,43.018538708292326,38.333548482633454,-9.426799711511974,11.547025385588022,22.135278574349005,-0.4686164369812875,-5.100406111584447,8.511799943201945,-1.3705094054873301,-10.051338960306209,12.80951352913163,-34.49876644338859,4.656317991879331,-14.236239331004391
3558,47.45741780496675,49.426950262861425,-35.88310189255241,-17.582532560377967,18.170189832932817,-13.018195048296805,-1.7722461943771723,-1.2767220336926155,-13.886222195530104,-11.918644629738292,16.300131877290184,-44.987864174217876,-31.227055647800594,-69.84666108887754
3559,14.790634027529222,25.597818179900667,-71.46688168048445,-50.95952737139649,15.871309642237359,-37.09405454552286,-20.85779737111923,-34.70022108153159,1.8911686223603095,-11.427513871892366,5.4339402902094065,-69.43001333767496,-22.189205936967593,-66.20579255040433
3560,-3.8431098621478146,10.620706427520343,-67.46293944231887,-39.51636092285584,-7.712308003305927,-15.4009156549218,-28.131711639193888,-32.10366104273424,17.090371707537358,3.2018681024378504,-1.9307714677486887,-54.844455505314244,-11.539319824377733,-49.91897851432741
3561,3.3901308486681137,-3.527700592718894,-8.721628404315778,-9.595404585765852,-18.0080763907463,-19.009472487909797,-42.9720548413639,-38.673164835565125,29.534625676097907,14.312724164129122,-11.876625263772247,-79.79926527573731,13.36520467426778,-35.04229355420622
3562,20.359920123454184,8.595856911670726,10.45246795043415,28.80769792708871,-0.383439160995529,-22.021079642345686,-23.970187070372816,0.08741011772326264,21.26156162480139,6.4561545528992035,-16.320454655589767,-73.23002533185743,11.002514537960874,-40.97385193421846
3563,-12.657586518727157,-22.335866319628675,14.480813029042721,20.267525607265227,-3.9574296789357604,-25.452597642488495,-10.699896134625778,3.689023340710554,15.663342178697944,22.468696210906344,-46.02853118407674,-62.97611652738354,13.52800142730505,-27.20792462771359
3564,14.002516012920305,2.605146969663413,48.758753363672376,34.91892677189285,24.252678563259952,1.8006771640350203,17.4861680032442,8.773929379039723,22.69545067797119,9.956493341495381,3.9140136274217117,-27.868249921362203,34.99883077605047,0.3270920706340188
3565,40.85989530774343,29.30014844972966,47.41051974137417,52.409771747197986,28.54956303327705,17.314344196811255,15.445424703854254,15.93209115444823,25.472972691829828,21.820949351736786,42.142599683433815,-5.89866518730555,60.13274078687917,17.46714000621357
3566,41.72994259216099,33.14507040653191,-0.03036899932799475,7.648664581398284,15.196570566264182,-1.1652223420609114,7.607102594884125,-13.028295936189561,21.155228355487413,2.877434987644635,61.4973509834863,1.4785752926012106,60.06685877630339,31.304485230887146
3567,46.31813570885141,38.945592832369236,-28.42756593926322,-23.274170445671132,10.853056747775092,6.998671897721238,13.59919666613955,-19.70137920663806,29.210390598942094,7.812778550449193,82.18189171192407,31.545050039480014,72.60043994350096,47.32928880651325
3568,14.045322818038084,5.904148524460897,-22.980354411308053,-14.645037710247161,10.558681161278406,-6.574473497718365,-7.098953220542776,-22.106681007758468,35.9306797563052,25.798303595095177,74.33299253068338,15.851319410153028,93.61599943583117,50.40876172044837
3569,6.54171925851321,-5.6972812531119,-40.686402138192854,-22.821786568280416,7.70904814540938,-0.1787693337478533,-15.998333525539193,-20.432415433079502,27.0795087378353,17.708422671445902,70.73384597376842,18.677434038911525,72.07440382991757,37.82208789580811
3570,-5.8510199995516645,-22.6711345209256,-39.85352400745358,-40.90721797716403,13.787804076133515,13.364054050057693,14.366798327253573,1.301970181486491,14.580480150851356,20.803519937108177,83.51916728737471,50.781126178358335,59.00000562092096,54.79647840084542
3571,-30.567662733515192,-40.80550779619127,-4.217459834735696,-25.513727742452307,35.48788060639231,-2.3627916632782777,15.232649426935359,-17.693530273126274,27.6813459137101,-7.45134413706928,77.63927898073523,-13.17726108352573,49.15471998733698,-3.762645600957914
3572,-0.3513049808708225,-5.567292964431325,12.942456691078137,6.7424070587597775,57.10609387010569,6.355700298769926,38.309232985421936,10.72075729466103,1.751858300369993,-18.04682110530848,88.7291031178927,16.205061800547956,23.37993495257338,-8.185872136975352
3573,-12.671517989606473,-10.130708998098106,22.325732623805777,23.448269454068253,69.19923310656428,-5.070979995469187,48.11206272775586,25.307919513640506,-3.1627307938295637,-15.7448990871125,73.96077672566294,-29.852947056442343,6.570777364685554,-41.06206156645148
3574,16.78217725091042,14.220356871855774,42.47324259036508,23.751146211560695,59.74656354505496,1.8670412916523407,41.177093194552526,11.43646237470298,-7.312549785332134,-24.969544194401756,45.28562002233584,-32.43575914796856,-13.196851928194882,-54.0242056098316
3575,18.32228088129914,28.513211918215887,50.30388626763096,37.67501969695549,71.03643102425218,12.295219717313898,50.90594958151599,40.2904753941365,0.03663656923037332,-13.380569849425443,48.851299643156985,-23.399566229465336,5.572356013711753,-36.519288136423604
3576,9.362790343018647,29.29517453129547,34.910235666141254,14.4794530365231,58.35461407630034,-3.216995373951129,35.78734353768662,11.401546910003006,-14.453823349595647,-4.624426129822312,23.194843559278212,-13.342829659567892,-32.67130936073719,-50.62453245706667
3577,-23.89076205751906,-5.4544596730951245,27.505106349548466,24.075502629379336,38.100673758021934,-18.032283672714126,19.443552574481863,0.6572941311177066,-21.123168197543993,-16.357191972220974,-13.267196513693085,-32.543226252850815,-43.86641420198485,-54.58354730989542
3578,-43.7689265018221,-30.103140733198252,40.27433242598721,21.00672178109049,26.219689762913404,-14.16352577293635,-3.401655478625572,-28.691901067587956,-5.359621472788544,-4.728823798766606,-28.83578450189272,-64.83234014001812,-15.724683997123766,-47.84065089410919
3579,-21.791146017800532,0.41138731320206645,53.20524659883555,52.09878169938231,39.641939980790966,0.023278090770912536,23.742944194174186,19.831048098165574,-25.093357468111588,-4.637017462606286,-8.488470218822023,-49.11491530847317,1.3171971254410555,-39.634550378671186
3580,-24.237934326995564,0.6525810880847525,53.23052863320978,52.31070113370918,40.40175508664751,-12.114352321325745,32.341996789083225,15.670954192757762,-19.1090508744131,-21.325073676625028,2.0684509367531714,-75.63474438975626,-4.0689156841786644,-45.77223477145216
3581,-33.04960118934831,-20.430510561550577,51.41916323166689,49.765037004369844,8.945206851658712,-23.213954455393615,5.156394165497929,10.173059408475249,-6.701015506644631,-1.0895687354750976,-20.286224651206517,-88.56362064440466,-19.72872246297057,-40.387816566734536
3582,-38.57123685577202,-20.79752134688319,49.57573309519369,48.43025484064531,2.0249597907674715,-24.048979445693117,-0.725731739954434,-13.834141276308628,-0.25248636914033123,-15.625646624754884,-33.908389822984574,-89.00620237440575,9.9150224892444,-34.00453536694171
3583,3.354585156255386,17.304911993648975,42.93627971263421,30.270936474992858,29.634773829374435,-0.5934247308904977,3.0246973565998503,-15.716282582124185,9.058483581994158,1.3917435357264478,-14.245737287589526,-51.10688179658148,18.2701721086065,-19.57186467416686
3584,-0.21255634058683862,22.953184900875563,-21.434690270340933,-12.377532429426104,-2.7773781998672105,-11.701163069697477,-19.753768638841763,-26.712461063635875,18.529348773175442,-2.8849570765830896,5.326318792238972,-20.616142331635857,44.87990348579084,19.80900810498172
3585,11.755369349006386,14.127699359987435,15.937398496500451,9.644756673791239,-1.590731299198332,-5.006426652674246,1.876227598184238,-15.94232360782992,15.628807407257051,7.052602081303486,3.267922753768574,-12.974645938694144,45.09495265498808,35.00008159674724
3586,17.11495883594697,12.316394440122115,29.336497886638636,18.889176970431258,-8.490618864347422,9.120852522451576,8.636571204444598,3.2593523814152396,-4.73355411336989,0.5824764048370116,18.000403385651826,33.16306664427558,23.961417124695252,30.685021673832967
3587,33.6575734248739,40.681171055834554,55.007970877669436,45.90789953147893,12.68260706161595,20.463488469415427,36.04450490620887,27.926914343621895,6.630898821977923,-2.682117997120402,43.86955237967484,53.065124368570565,39.00742757448084,32.49664798760933
3588,9.415868048089571,17.017483320933074,45.903725891901786,37.961327446788424,-7.897172520100439,5.28731737825094,27.49489587778752,13.909205723269375,8.610125310061422,10.6107472473341,25.793240710512986,37.67551925057427,13.496134871241413,36.11988643805656
3589,-31.25764769105087,-20.894404617220573,24.40578638426109,24.657784587307418,-14.954714717616877,-10.649938467095593,-7.913034706017683,-25.162473050933905,7.57096426714111,21.06189872209747,-29.6538699823735,-6.604649057809126,-21.116664164134797,18.299058505203305
3590,-33.0659387719615,-16.440869147225904,13.129925292377521,1.9913288080415823,-14.170444445070517,5.584474518321867,-15.872533650718436,-20.457544225281527,-15.76915981943003,3.3248452299007942,-55.37599584560908,-10.58508240870874,-49.33069115983029,-9.831020531969408
3591,-49.99656425130698,-29.517763065216112,-23.19769156187807,-29.7546210220322,-12.034167959843462,10.646536603331814,-24.0937679674851,-21.97272405227917,-20.927311922709457,1.6114241520335106,-55.144116609541435,-26.780360551106284,-36.48785869333478,-15.472620241744126
3592,-62.35202641769979,-45.72262989887055,-35.608713961563886,-56.06289651505749,-3.9000647702510247,17.374473013059557,-33.275481129445744,-23.953736124417386,-30.860077511444132,-9.659829348949941,-108.66323952149313,-77.50379118074576,-55.967274261243276,-65.72243866544274
3593,-13.13849217921055,5.9433086699568625,5.711622304648118,-9.671431002152756,24.304501817910097,61.566254211930804,1.281944641380112,20.521146942789333,-11.90212001666115,8.404065374159568,-45.58393556388582,-9.05814172575456,-11.393281140529593,-22.61335483903698
3594,14.298661484056538,24.724823636806043,2.2365743301422127,-6.755528685562323,37.32611720861798,89.58685243683674,9.482457026281642,32.45151944684519,-3.842971920476691,4.647509858426212,-25.86401633232154,16.40673919928535,10.668051178486845,-12.562544527791841
3595,7.78194306536693,15.749162560903912,11.23441149838775,1.266379234275844,22.66664750601602,69.47587198361202,13.963119601567692,24.2321172157478,-16.689167583876486,-14.133944046641288,-8.660538470915231,8.07888215062061,-10.675284186504502,-16.653515935636836
3596,-15.103190782564752,-13.01670049500869,23.629026692150244,19.823040639229095,6.255925676404203,36.55564973825454,8.024893720015951,14.315485008538975,4.77709880320452,8.679428036279543,-12.747484435079116,6.906780930183154,-0.31647445273797375,-5.97114702012795
3597,2.1168949653140356,0.9596119420577864,44.57898197854635,35.08383508088066,4.810858591790193,27.614368434677527,22.583751932605207,28.116303213321316,7.589264687285002,-0.8960889446762286,2.735956509530979,14.11562160443507,-9.747833079697987,-5.369219665147561
3598,-5.198292861857378,-9.221056843709388,23.061393380651364,26.536881680260443,-15.958865665676912,1.381079027438785,-13.341612109244283,9.007090851038773,10.7971592474207,-7.589996809892197,-45.2999610571542,-9.994429371611842,-10.510326742581206,-9.238580054062222
3599,-3.476747144033458,-6.837355248835359,15.999051206067724,23.1541786209518,-14.118570092489218,-12.82936630136282,-12.45931802480726,5.4849626954593536,-1.3311606299906817,-5.690615617380339,-34.84844884628673,-6.534348014792436,-9.308077935495165,11.625768118255253
