,LH_VIS_mean,RH_VIS_mean,LH_SMN_mean,RH_SMN_mean,LH_DAN_mean,RH_DAN_mean,LH_VAN_mean,RH_VAN_mean,LH_LIM_mean,RH_LIM_mean,LH_FPN_mean,RH_FPN_mean,LH_DMN_mean,RH_DMN_mean
0,34.96859115503295,25.539766562153062,-48.91484560958087,-33.03261691291071,-9.605756693742524,10.830509237021941,-9.605604418151774,-11.461759288830606,24.947129368955398,-11.504387476513154,41.52959626856985,35.29538541116258,6.232167618523461,6.7895016822104175
1,37.73349999245072,30.1769593214562,-53.39809142732644,-39.38177753119353,-0.6931507585474903,1.852100383503682,-19.148921022994493,-25.62887155882563,-2.8041537604170976,7.205544279427849,58.18216375431979,46.45487710446846,-2.798487193814893,8.970634989042718
2,42.74601354047418,43.38528395492971,-59.84650045179729,-63.31527671228703,-11.81409958410873,-13.14037362358839,-20.331627542752802,-33.90999939856447,3.6198903189225766,6.7780755620576825,68.82846760081726,31.860325233037525,4.748109793233812,4.2225057488382225
3,21.490648130092193,18.239301904523526,-64.79709337937221,-66.97401399801598,-12.467814338108441,-10.612402916865861,-45.03952924957728,-53.36834448132636,3.2015718041550887,1.5211488694914381,52.99453697333154,30.123055027121886,-12.143067193457334,-5.345134219295363
4,-16.10304493676298,-15.6909402661062,-81.38959088992003,-93.35292877886235,-23.631513042283693,-32.346082647508034,-17.36824578988989,-61.69723326212503,-21.24560706313425,-24.736903063630763,50.89191140923184,16.296336577419755,-21.598014121651165,-9.939388662276702
5,-25.069419059703876,-22.482916268320015,-70.92723285854582,-72.91379764271556,-14.56376392394284,-26.390558010852235,-27.99842290278964,-38.63188896899039,8.039057827974817,3.5913432598778434,39.901729011633826,16.997162609049308,-9.368726703629708,2.136623041722652
6,-29.949857210227847,-26.985411601895517,-69.71933265775097,-69.40554934671327,-36.23313134007598,-40.00170218389631,-30.256781131961155,-48.5452067215417,-20.25912597103091,-7.820282972235437,38.76890603384472,3.577644193696293,-17.759069629565257,-3.534657440853195
7,-54.756539972831554,-45.22365346497351,-64.14132820260748,-64.9859773436116,-43.52887163553379,-32.386287250273234,-22.56243577672609,-41.14985591758058,26.20302497180187,19.66053661550502,37.0516325901785,24.706494283581574,-14.376946900542674,1.1352120969434556
8,-52.64512069010322,-44.313454509916916,-49.0233820391724,-70.52755372095413,-25.15492766917641,-25.759296501946842,-21.55032896055493,-26.008339501013417,-2.201387049500246,-1.63783871723188,28.14117949409527,19.841363244585537,-11.41709477241025,16.459852027214698
9,-51.827982847218216,-38.0376641587699,-35.71778252031471,-58.25624657067533,-26.17762050107221,-29.047707171611904,-17.10565358631153,-37.55406924350067,4.754556766614841,-11.375639618614228,39.26056763008185,8.745663094902154,-9.28778539969391,2.049563166152785
10,-56.62688586562219,-54.32440874155094,-37.744511243474705,-53.05148492673826,-20.79480841881321,-15.734758574166488,-19.931797958246076,-31.585298526377624,-7.933057447488815,-10.114914722845896,28.905103965625006,20.04711449372265,-17.611315656301965,-12.329779378380238
11,-53.96899455447461,-62.39268178528112,-26.322336342792735,-58.01832186379364,-16.931817163684777,-20.06992026117756,-4.270713827012179,-33.46343244401207,-16.940215534118746,2.6174011532225947,19.401151159943808,18.638149553953912,-26.0369774664686,-10.15481218212828
12,-38.89947445825534,-32.39119640809271,-34.555054834527574,-31.647013491239267,-8.664792210961703,-6.782015132191638,-9.80865886900531,-25.128997246106405,-5.405540529999388,-12.900819082284322,15.53869069810294,25.435486185335403,-20.242287548100997,-13.676818809084926
13,-53.61923650868612,-33.814602239780505,-16.22230104332034,-24.038848376866873,-9.096284153681081,-2.8861278696638735,5.254645054659127,5.295332206641477,1.46309542042803,-8.3159905060892,8.926996359030582,10.72815402107172,-22.648716277387056,-2.927332058691884
14,-65.8016964021182,-48.908150181527496,-10.54854534744399,-32.94274173221726,-21.860915799452062,-13.42914070890796,6.928206298382359,0.3329110759020786,-5.825501688522788,-23.04442429427156,8.261542146974811,7.641954588208896,-42.939143045005075,-21.967605063689987
15,-50.259415808877364,-42.684542033540446,2.9592256103364742,-13.814746443225527,-19.127992217286483,-11.218096875965589,3.2964162865468096,6.90086321042897,8.362528308534948,2.3697249349875444,4.699167522289674,-19.20127582005312,-33.10308776591897,-24.16539271140852
16,-56.59287362588567,-53.21264621366267,4.946843947356443,-15.162807683006799,-21.503194521476885,-22.34311540558796,-2.3140187812091377,-0.5634546944544555,4.62622902618825,-8.427222210060247,-32.28648264348834,-21.141842576416103,-31.060984688750715,-16.95526498368314
17,-62.98374451207654,-52.52806492999639,-22.871918229478684,-40.34684563734802,-38.22028620899128,-19.778366703194585,-1.4543652345811868,-4.285394199704415,-7.262351475075936,-6.8759365607984595,-16.342110258394133,-8.728768528645755,-37.861725225028735,-27.417234897287617
18,-52.222259621538264,-36.244874303061444,-2.581257438985912,-11.373249948795868,-6.130264573127105,-3.5654644258850854,5.318979508852998,-1.3664130497059552,-13.059211654871882,-14.317387927172339,-19.886803395620834,-10.585129179846339,-19.548715527702313,-16.94444296726235
19,-36.54458497885697,-26.025018398298315,-11.464769228385007,-24.811663636340914,-13.415725152461516,-3.8679328258891323,-4.867837899792609,-20.03037163074749,-3.754261653709733,-2.27406233062265,-8.462310057171338,-10.61432237874947,-25.617026283440907,-16.263541926407985
20,-46.52070090228537,-39.63807489277656,-16.307657855897105,-38.518745496050855,-21.954190515362757,-8.56172606356514,-3.437278875299268,-7.089477474778954,3.3424871804946363,-1.800199399071639,-32.02169453597755,-2.295250132360229,-26.642474499349607,-9.9178651861692
21,-30.99011945359608,-25.745685901754946,-23.097411989523845,-32.32469210382915,-8.574026853144721,0.13745676163194606,-2.1461134538024047,-8.92068358938533,-34.488101145421055,-2.8136765003069453,-6.578845773398254,0.890022631349654,-20.5448467488637,-20.161437877020305
22,-25.88108153247743,-8.597183845778055,-4.354599496095288,-20.77164499506156,-10.316716720943866,-6.837235365409215,-13.919589507530398,-12.334299969842139,-20.382403954570908,13.917123146933529,2.344319124168683,2.038198725286107,-14.16145991213017,-6.349449905345781
23,-41.65332688847689,-18.400133870072235,-11.38071098855715,-18.365728285005908,0.004012743073447567,-4.599631062550325,-10.602220019339963,-10.010978768608958,5.479578003341253,-1.2436779023644613,18.552534577647616,22.05220228766476,-4.991616621907588,10.705478652974811
24,-32.1895224439812,-21.79359711425152,-10.729089660073603,-22.567960212304005,-5.50085775082146,-3.92482024840152,-4.492102109352258,-17.52162698627322,5.207590706302735,8.287082904272024,-1.690915692920116,15.004617602405887,0.8893147746420775,16.600312413241884
25,-18.141388590048813,-21.727971800697677,5.452607991809091,1.4286794123682853,-0.3335763577975006,-9.204700415506684,-15.394573107045106,-26.024233674452166,-0.7282041075666624,21.42791027171397,1.618725306988646,-19.5122863306902,8.313638747316354,5.8937849204399475
26,-20.40556568611289,-26.017828021568498,7.917156229732105,-21.44533082860103,0.3434859319568755,-17.628164873010288,-8.70490252710305,-13.24776052086485,2.5006010290162313,9.744365070466504,-38.66237990812169,-8.497800073238675,10.683281006627425,22.944551981202416
27,1.2226854833780267,5.008091850939196,-7.921884302833523,-10.6295735212828,13.344533355054287,5.464308096936381,-7.0639677273611685,-13.643702546307935,-6.4342081643440245,11.961436217010677,-16.774415472600086,-13.941780655384743,23.72692659162777,27.539584128091345
28,-45.50947022034139,-53.03691152725445,-22.917403631546108,-48.94606650261732,-22.734460620034096,-53.44074706324737,-62.01557497133333,-71.40192430110044,-3.8577751776572504,10.533006466376056,-88.26117869913996,-56.40757220525605,-23.836798800311637,-27.202601810267
29,-20.396080888549495,-34.350800011985285,-3.2578632139274752,-11.90993973681682,-11.630945975718848,-30.65565857212257,-20.452611384549105,-20.18866732503713,-7.942961534606625,5.858189726619244,-44.996833979696866,-23.008716308219007,5.016293514206264,-1.729954280835173
30,40.61155575861861,24.17324094566612,14.627515857562168,-3.0827065709357186,18.22293357450438,12.681512327123881,16.31498176732494,4.037889173634906,27.260637802203632,10.19836329236433,5.182659186221257,3.92945906152679,12.12028633181502,17.719124877136068
31,98.50378987649125,93.78356287503833,46.06999570101599,51.575513458268446,50.65416524906192,55.576573683690036,33.9874461863016,40.99486043937701,42.76686027244449,17.103679865458723,14.583134029461455,19.00103195252845,33.121625131088486,33.25800308615306
32,104.27888607061526,101.77903686681393,79.83890567787873,72.39998429236226,47.325389575575755,62.241157635099206,38.770426213809756,60.02196891078468,9.634855671807758,4.928675363441952,20.153321008767556,62.97403466937239,48.75075790309507,55.74814478386545
33,107.43529394762714,103.12614488394544,66.06135694571374,66.40518543611611,50.11638260358402,48.74037765345906,37.78963570990662,35.49448025224062,-4.579998208684562,-1.2309501613219886,37.16698062785283,18.922588327300783,24.455922502038252,7.916578515316002
34,71.75711952309085,61.76005693978529,42.39918427667887,33.586634644249564,20.64634038546362,35.415937637113316,18.856047320337925,27.37631536938924,2.375565606261808,-13.128213332844108,-12.93284863187577,13.05997604973949,-2.420176065434293,-16.00733288172623
35,22.445507250440187,31.534644576748914,44.5009601894987,18.77045327482788,1.986441013465651,-4.501608153392917,19.813663653424083,25.466596686665024,-40.84438665666121,-11.372417331371423,10.927885431235417,-4.970824918262046,-27.0265571097135,-23.122787105596327
36,-4.349331270354415,-4.563877905222183,20.957369678144087,18.626055119168164,-12.996396697521151,-21.11188166042987,15.364115945184963,14.99531907309524,-18.844914761558957,-21.168861119109465,-5.850961531129951,-3.9728048368820867,-12.109472158200543,-12.556881082556032
37,-16.065299899027387,-16.816975223011237,9.582450742730272,6.889132439766416,-12.697272795953648,-18.043203006724628,14.273367971532085,34.70298227003216,-25.050304615088255,13.081275999050598,-8.56241282577551,1.9688093487634764,-7.510974170237481,-7.918252949859966
38,-28.078724235724152,-34.59150474049163,-4.266603639891741,-8.798994212129424,-19.774019183866354,-39.850350865219674,8.216289228146987,9.26486817396847,7.81090651283673,-13.474820830916784,-18.502951737161272,-22.690482243759927,-13.405825286019828,-18.573857307971426
39,-58.40414114106366,-73.50640163746017,-2.9544837566470843,-16.749510300799663,-27.06219211603145,-47.086576742922595,1.0202086356236664,-7.0081997518672905,-12.568824172797818,-7.147123265843736,-18.798918859316984,-18.631466669947283,-6.371063061175706,-16.681024518702035
40,-55.22963193650884,-68.78130887082679,-25.505657271128452,-32.85150235528549,-18.375823173442225,-38.39423596091149,16.344473665437697,2.2724637086730324,0.37912354279056526,-1.9608238552964767,-14.65164087959468,-2.2133006332291174,-19.019029849829565,-4.930881701862981
41,-87.64265330883485,-94.85273050869431,-14.012451687948348,-41.14558282911977,-19.936810204941008,-41.40969172729779,-5.323361441295857,-14.515052893256046,7.0484047087173325,12.620516023793416,-22.695473451883537,-29.369804181798624,-13.036553265055751,-15.713476997488947
42,-85.95832345292291,-99.24053809343788,-39.408933745788374,-26.04930732273921,-47.59541422113729,-62.495261803707486,-16.12568980067483,-18.50247019846855,-3.535444505462199,-2.226127748113017,-35.94029832900672,-46.819756817948104,-31.094841727425262,-22.453712044178143
43,-63.732516787901154,-86.19840917948127,4.197625385353005,12.224642873711442,-25.67221548752245,-28.018074503133555,-2.1862922807815712,5.924405589556644,-5.7071727426851515,-0.9527594889171214,-15.165517115418938,-5.050208863847331,-4.51318102233162,13.111853681077832
44,7.109510770763598,-24.19964151142867,42.429783765603624,38.1732560415804,25.31397696086298,2.761773329852605,29.803799871250494,44.46749842109227,-13.200288071134395,6.455724134943479,29.196873879471436,8.712067237138635,27.320891742075922,31.617524516156138
45,48.75825800215747,23.866990562918716,79.83665135891178,67.29424479141906,52.03270594565619,34.14004087904614,36.73066901762701,53.09961005715762,6.815986243800276,10.20419359644467,28.628991350869704,13.44162611831082,55.105247514376025,59.42594956981296
46,54.49172552178052,47.794794588892955,84.30426809132382,62.9203762395962,58.49177090623645,59.470895087178356,35.603548107362755,56.01851990891489,8.707203121695214,8.112036760779086,41.18539151358935,21.632022039761832,56.54875060339279,51.59698178652107
47,94.74823439104681,91.36705677483774,76.74692154269393,83.11203763296577,70.7725810420311,82.16949346142242,45.174924382242025,62.83633189722684,23.62732401894821,2.1965671260568786,62.833858670745585,50.09248018890468,64.80836323449034,57.64598730318166
48,67.79945746244358,74.33364672893215,35.56610893519553,51.12213375139591,49.88542879362113,61.92418879918459,12.609851364424033,44.155893019591744,6.1306268003629425,7.79813097754869,19.31342525813029,22.12860205950689,36.62903169469746,31.194887724578248
49,55.534908404611805,49.02916879878603,24.976959464563294,27.41879532089025,13.983030487491787,34.350547476479086,-2.6370987641377255,18.139807971853475,7.167596899838588,1.960856928541146,1.2904289573518182,10.759459629659029,10.077927671770238,-1.1128403942034621
50,56.83461921420562,62.46939237890473,20.3039326618391,38.12316317552745,27.901490558053567,50.623790805093776,26.95392949097057,37.455609487836014,0.5771850031814386,-11.577206193471843,27.899743923611922,28.67325810063384,23.580389625414963,18.087375644538916
51,94.86973939146209,94.14612468212854,26.443555689749434,36.53407038215579,36.86888724499377,52.7088810091699,29.94223832657594,23.427850423415176,5.622486975977691,0.8695454465068249,37.61139066560722,38.15571850755312,19.96234268522329,20.514417892242605
52,133.87790742599785,119.79316902884005,34.12352723787047,50.270722853059425,53.57723204828426,60.56386230575201,30.25746096423842,41.34609348308447,4.4050415408869545,-1.8140598825880674,57.38124853411172,47.125666137969965,26.124646658689134,19.614717092621245
53,100.69801213089153,81.16391039752665,26.803021172574105,23.03128830586034,24.901569058225473,26.514823991487308,14.592792515463149,17.614839679151398,26.477660697498163,1.2560558597145957,48.321497211506475,48.45422578628014,17.359868982128457,34.24352834389819
54,55.537087724766174,55.45790357495054,-1.8936405541871821,1.7483303182500256,23.16095800621004,25.28385207524094,7.3702458003258515,1.5370612266366686,24.119271004352395,11.889932519909694,85.38176784249058,54.03656761900387,19.335130980957434,18.903901152060428
55,5.109037373811818,2.0596609668869768,-36.34656625491262,-23.667673412020683,-31.354472539656587,-23.157188231306723,-37.90910770345391,-53.532414761972504,3.648529668688683,-2.189892000504736,23.375655610557462,17.810790465500475,3.772532513710443,19.481186625078145
56,-18.254880045804658,-21.385093959811147,-32.64915862236239,-23.01766526093097,-26.466808732339906,-40.375856297728475,-33.21425535323947,-27.828489493322973,10.160542901671626,0.2728708259598036,25.88894070368368,8.64238359124632,4.335042147511052,17.903380046897862
57,-23.521073784966788,-25.42587967282404,-33.79031224476059,-31.67724049384795,-32.433742350402945,-38.17155633455503,-23.389638865761263,-42.213093290726604,15.54851501851506,4.048280502823573,47.52427541403506,18.466806024724193,9.894322482734342,18.683401079740392
58,-18.298344654120953,-15.089625424104927,-17.937343303062963,-13.64364970115915,-9.176076091666301,-13.273256422952823,-30.97040898624228,-27.219183587947317,0.9661915086194425,16.132935288467678,33.0733371118663,27.914912541219714,16.426185754920258,42.81669556362617
59,-8.804859700296426,-18.02053859696459,-12.244252313450724,-29.9699091465922,-20.824256853282584,-16.62467498034611,-27.8099716072295,-27.89386733016528,-4.083608471650238,-7.382158054558021,41.850390723106464,7.067619619923399,6.334069411113813,8.320303073422481
60,-15.067410394955804,-23.914864888378325,-13.631078287665828,-10.824533277722718,-18.334011003820784,-15.813044069258572,-8.815645699167058,-21.233458178353462,12.76962129153901,5.081893827671236,27.612966380298086,15.252201134186144,2.9862041686054845,-2.2744334812685865
61,-19.836467386127392,-18.278773323055876,8.687040781827989,-6.990853920186835,-3.3196976117141714,1.4613420609243941,-8.102366645166347,-0.3992314702234518,1.2613252908097612,-11.358299700766949,12.368902059603908,10.860070883255887,-6.249875104847031,-7.08526930864219
62,-50.5672200178922,-44.60785522797043,-31.09025574738544,-30.25336349880626,-51.25852008657802,-59.96603235261119,-51.62549362854276,-48.3002028509324,1.249990546907837,-22.108121551000536,-42.40902474100383,-51.41307110639724,-54.18836520061078,-58.107957861065984
63,-45.38793579465507,-52.24438844924413,-23.41265835135378,-35.452556094544775,-54.3660523469695,-46.847701019939514,-16.460226806918232,-24.10882788065226,-26.23546689552781,-21.501209239260287,-65.60751453055138,-41.63132086416478,-44.24416989134882,-49.52245334640092
64,-33.894920943664246,-46.168463330266405,-30.533141360983752,-16.924498878884567,-51.62227946882028,-31.242997683433806,-6.730279996015454,-3.4164195470438172,-13.21973318849092,-14.05765049440815,-29.35036501768964,-24.059107342260216,-47.70968390364771,-43.768239706545046
65,-4.184587753727115,-4.84072378869897,4.027295198678171,18.868413373919033,-11.706061407437918,-1.5209179819455305,-1.626532671872299,-7.2567180430362415,-0.420434613637046,-12.446924828005816,5.645964400725607,-0.40107732900630527,-13.700669683006936,-15.507784262529926
66,17.954750470094375,11.8677873188892,17.240429160884588,11.459848091377145,-10.264686282945851,1.7045556490343494,5.9717541396858325,8.204761960913007,-4.3524601585125735,-4.724211396725357,25.856070671843035,6.539352727119639,-17.301910690650473,-16.096204855513445
67,-4.127352776181861,1.9911411301275543,4.5730773554993,8.365886960648066,-16.427932858094366,-11.435576590727802,-2.0542047441286932,6.842485527939149,-7.709081766585915,-24.675529255387765,18.55180643089299,7.322019995230743,-22.459243743231234,-17.39047744925268
68,1.6285814564102477,5.29042889766577,14.498701327346348,7.108816195007887,-7.455934338872363,5.321174257779014,-4.271308943575061,12.85863858108733,-6.654771736850854,-5.841113629471763,-24.4153175058363,-1.4764446503946809,-28.929560267406924,-23.763434312932063
69,-27.009544155879496,-20.77589755354465,-11.538691503498848,0.4648620296822572,-27.095191826801035,-25.461149197440754,-21.16190276395762,-16.92329113035468,-5.3101964793677014,9.978629691181752,-47.57140192240209,-32.19078221001847,-36.83978477098687,-49.57666179996145
70,-59.837770503940696,-54.07314684141458,-11.980242775538914,-20.430137574832685,-32.687912185596176,-42.460956322574944,-16.85412315361554,-6.2798786738536085,-10.313265721212613,-3.390168524244884,-109.75090456294996,-52.43506104952285,-49.42994805560175,-50.04498373257074
71,-46.623407958284965,-44.1857272056097,12.003659290511662,-14.04300049707819,-27.17282301453956,-18.042659868134,20.189715286137744,9.2954492602951,7.206896626047096,-5.9712854962485675,-95.74454571577323,-37.31314521562412,-39.57331472890469,-39.3375579570755
72,-40.43732113095706,-37.51822980849643,17.150667430431064,-20.381382035762833,-16.090183875742767,-15.127769551678883,1.0237963514695576,-7.353316879771012,-8.496468536468528,13.053306869720432,-117.36624715212176,-56.959616447924596,-3.8363136634797943,-15.943366389727712
73,-27.26370001019174,-28.590213195559112,12.05111557960258,-15.422151119071081,-20.58108749348659,-17.906381477127635,5.117802512713051,-2.636696095121387,-5.5129899368611435,6.927878498666249,-74.81537565906518,-35.805312818970904,-0.03684946761019493,-5.322221809901203
74,-40.69673698013318,-38.33318699867778,6.136132357420901,-16.31484181965174,-18.03694130713963,-24.9619572577439,-1.433718273602403,-0.2978603556503017,-11.711475898885851,-1.0779402790713086,-75.17902405275603,-29.76302379836614,6.911265755321915,9.206950184736924
75,-8.931271437513173,-3.140718595640548,6.257111901094678,-14.613550011623964,2.1750012410366186,-16.73509757310009,-8.13462171927451,-21.027318530209364,11.48032487356464,2.9585511159651667,-68.23016990037702,-47.67523018036379,-0.8375886037534096,-8.778277251221635
76,-53.61511888940619,-55.92222117004249,-35.072536501202414,-45.32205690033876,-40.112118302150535,-51.03421868463824,-53.8486109422422,-48.8810598273346,-14.302917144248076,-1.0838720230257433,-140.42475791153478,-89.5073644166346,-33.7794126756119,-49.988098851214886
77,-27.47887777238898,-37.855619467561,-10.115541044372794,-18.14551154488025,-32.314867709063684,-36.21331161565528,-41.115400573927595,-43.770035749859765,-7.016192971392936,2.797204378643424,-103.24220934715524,-86.54119566898885,-9.14215421891311,-22.557025719667134
78,-14.782416993733912,-24.34833293085364,23.691935482229226,13.834182156230987,-19.138332017742293,-21.86099265493942,-6.354274453255501,8.0430619831184,-22.516556712876064,10.221421258481238,-82.00849631820306,-59.44764628770915,-18.119912571183214,-22.02085660825818
79,29.00850066748307,8.051225750592703,34.4330604564038,17.608099898327858,-0.6738737125292729,7.226306257300441,16.072959065040862,36.89828148763406,-0.5952457513716981,-0.7925325145307012,-20.17934523835412,-32.93982953052435,-1.8562649738136077,-21.16632470872166
80,27.9508252334917,24.64284517394688,40.030167503894056,26.121108321810368,35.145088865969655,30.770555770247615,13.548213001238095,45.181370960709266,2.781039192184751,7.944896411219078,-2.2231878526247026,-13.954718922651807,26.47811558659676,7.651746122848731
81,28.391105553069007,20.054204291732898,21.91960569178009,22.05490454904737,23.17971795551542,14.330584486031325,22.914159109274117,34.21575147192383,4.131542054458486,-19.610040350684955,11.183665938540853,13.669605468606395,16.235343575897,9.545888419885179
82,32.04026353920405,22.81086715188465,10.978886820611384,9.785343543683917,29.793236143483504,31.794230282786767,48.56090566824127,35.07561119251962,8.170107907909006,-4.165373514599601,43.27728141342196,31.18793736101961,14.379344513085574,1.9815877177651269
83,-47.5204785897097,-42.230069499976395,-43.86492523502991,-45.43573968520628,-14.228073653432219,-33.41314902009919,4.2668903377650675,-15.292621958982277,11.709188884472438,-11.943436049868357,-47.03347971053026,-19.971523852792192,-22.78585409137213,-35.52712097921465
84,-36.58986787870846,-47.59591881788396,-34.88951160364855,-34.593456055913194,-19.643769322965362,-36.66824879497513,-11.097979516848415,-27.434759406892006,-8.704533570057572,-1.821868601745913,-46.23982572529984,-28.778911520542422,-18.293456326241774,-39.331781354668735
85,-47.09829748712733,-65.97579328786234,-48.18888634171432,-32.81681624812605,-32.649451536058066,-50.10568890926009,18.22949338060352,-3.949229763368391,-4.351125849362391,-26.368110381681284,1.3669079899861973,-17.993182134021964,-19.336579462464417,-42.43658841194092
86,-31.38623427316477,-39.04031426310331,-16.272495966416027,-24.54752144753405,-9.027305965337977,-24.129776528411607,28.616133713266667,11.087039376436582,-3.3733311017970316,-7.025083659729187,3.2132243340218496,0.7278494832383073,0.4212730976653063,-4.662664709733911
87,-4.097101802817492,-29.89092664292712,-16.888466799030873,-16.962636045530378,0.6966825807296482,-20.668360257021465,25.14885458149653,21.025645572601952,11.358563769068,-8.976771183979151,19.51071229710204,9.962974606975536,5.580959686328695,2.9303320865655937
88,-0.12105292111225828,-5.035046117076506,-5.747478227637845,-0.06063004175266329,13.494403620602657,-2.39906452224789,33.064696372519776,14.603168704717792,13.04148383859291,15.10806121927019,29.501865015192042,17.012051589315362,13.115253625577045,5.579887062623997
89,8.983177219956142,7.008098931686733,-3.254489139259023,0.40320634045666903,6.698059770462719,5.3600517503254945,32.729623252086576,32.02731591525264,10.536106209342874,-0.9217775878150825,45.36126761953531,22.63288165655884,7.241289964983808,3.8645465125673595
90,15.315126632628294,16.310280034829297,-3.5622140583068536,13.410230211269132,15.423144182786498,6.740184011521582,30.725391896469294,14.45624966368851,19.6333272679192,-9.764998361185146,17.41514797118156,9.70858358977245,11.840998423380045,-4.261015942392733
91,-4.2615297661548865,-2.543796364046374,-5.615814452691187,-14.16401252813814,9.734009554203055,-8.41645090180729,13.741846233847275,4.3217751681253,-11.738054720341026,-8.91904191612393,39.737678037322965,5.919695573086177,-6.149062241939527,-20.478960852148074
92,-41.50230326998362,-38.42548387130736,-26.438038546636914,-14.439932802421502,-5.69725972671069,-17.237389581051836,24.0814036918923,8.43152526590762,4.74174778944798,-11.34156072251767,27.02581914671791,16.693736712043787,-17.213547763370563,-18.94240702582775
93,-46.14026035180919,-41.420247167075786,-17.53916366774138,-30.77244882783946,-7.584168720548472,-9.744660222563198,5.30081716228682,7.3310015142153855,-12.276919210952807,5.75821599061431,13.491007963453361,1.553032827731628,-22.540249842240954,-23.26498531332015
94,-36.34240038064095,-36.782188600226405,-11.391588442231997,-2.4534472966465026,10.08431625260253,-10.969099928428369,2.4422385380653315,-2.2018982798751336,-8.374637036097631,0.03732068311238823,-0.05291660174403079,-6.133884743334984,-17.583226858913168,-27.51665006428241
95,-53.791431044931365,-45.7632659612925,-23.693632275126784,-4.09160708325292,-14.122869589299613,-13.805336172716048,10.144663508168893,-3.856817151558515,-28.901017380829263,17.550944028019053,-19.163622281975442,-20.206487689715615,-29.872385479273742,-30.67258044036424
96,-38.42556761759962,-43.03167919907523,-10.800417136810196,4.5012822684865945,-11.210127709525315,-5.866642775426969,7.203115246842784,13.684937854379063,-20.962993306282005,-17.656733288434896,-24.17893595508276,-7.164331408787892,-30.00297173643147,-19.278737074426115
97,-16.588474882770036,-12.112222801035887,10.583200773217209,19.62319173151016,11.311555313478989,2.1258952871880283,12.202609768613616,14.622516247520412,0.6214397476124685,1.459847265419321,-30.029852077691345,-11.41988529946753,-8.47071245274161,-11.777465952550251
98,-5.908397669640311,-1.8196976955190887,5.994875823752788,24.86192078895204,-3.6903658727116593,-11.940205748520558,8.225481522504419,6.6634700430365115,0.28489912904913844,27.42035862170383,-16.625742402785512,-34.16392824846565,-24.868907389289138,-21.10706292386129
99,-8.852006639720015,1.1732187371127516,-1.326914487834535,14.078531634141267,-13.342452669144969,-13.936872233558221,19.047853649146813,0.9277326210810835,-18.440367558639068,5.035109278772846,-27.159050166651873,-4.668728552831561,-30.658650616255713,-36.06507103728522
100,17.268921365116253,10.138145590219853,18.668237851509048,36.56567018081782,1.1503492947976957,6.246636693573497,28.682434754791444,24.05984548707915,-7.5608071247598145,-1.4643839547564008,-20.36593298952151,-6.952519387909578,-15.788352324448377,-4.042556297357734
101,36.969173256350615,43.8146207354744,14.616074423162615,42.29042064240473,-0.6484820609843909,4.998355644349163,13.745614090589454,24.11859986281522,3.388079376808243,-11.031775441971373,-4.460919053791982,-0.9791324296188813,-10.03324705871364,-10.89905829748246
102,22.676510727660006,16.777958136057734,14.413396862079436,21.97365492841952,-11.721796135589983,-2.302691790197922,-1.269832449783262,1.2458653606813954,-7.928638477148745,-9.01998352454778,2.130855819519211,-5.442490134395061,-10.919219901312108,-5.9990755137129606
103,15.987312697317002,13.492891421905195,14.114109985530206,24.05947430863152,-9.799621697224467,6.682320716511642,9.450519704823167,15.433970718044367,-9.372674489763197,-9.224935277130296,-0.11622563985310119,8.818788718547985,-13.421568594859796,-6.956204774805732
104,15.724915786092936,15.729607592663735,13.376079067494151,42.70263625561405,5.029540668721773,10.563693301936622,2.8857122678839437,10.164538513619982,6.992163459022298,-0.651413898500949,-15.673903625408595,0.29435614344710753,4.674120823439909,9.443536325260892
105,-2.688588532110073,-0.12200013726371584,-10.584054077494885,2.5615604997651706,-8.079623904777707,-22.19618389675144,-15.22969951004463,-18.854152521731706,-5.31475619317857,1.4972556826239796,-24.584285035255977,-5.29009940265123,-0.4174942510653069,-6.785570485696726
106,-27.18168373703447,-13.146993310650254,-18.052492517617136,17.337239298303114,-7.171563648961896,-21.763870479736735,-16.987336398660723,-20.353495161056287,-23.30053784362286,-3.536963970471955,-29.542779224786983,-16.03368965665156,-1.496674071397571,7.045255899917214
107,-25.197283455052222,-12.584228198450496,4.637771350145323,1.21287746359101,-7.420398208712427,-16.435040981732193,-12.66287969638548,9.163932886375065,-14.222798821693251,8.084873950614368,-29.857778761180512,-1.8186020175159499,6.110245923386665,18.321830344073643
108,6.464308446993788,18.01854299054181,26.088648077457112,42.63885387543072,19.471638437966824,10.57292493899829,11.217347802593022,8.616927627984593,-12.47155363070199,-7.2464430672647,3.6929635419039846,-11.912794467692539,34.669580154855645,21.54344346997533
109,8.885215281435388,20.761070742269055,34.23814363894701,39.15714424408414,14.52265312942077,11.045452431341939,6.225569078129651,15.437268726234606,-0.6429236574072092,-1.8570201737219239,8.622736799353932,-3.0105905741136163,33.99408256255412,27.079730912970522
110,47.37274825533013,53.66291043607132,31.749321603233156,66.80938284744097,30.475149400660843,47.60488897324383,25.422297233690887,55.34471673731713,19.323254441999577,4.969893304625479,24.939714732654046,21.37631039474186,44.8578946643327,50.2916763882686
111,64.70758951536185,67.9627595225852,51.040867648468776,46.85571658777397,42.23453833770272,53.07255040305175,23.83855365887718,39.43960441519976,12.473470664294581,-8.14973301214355,26.374159099122902,21.730909662142565,47.88816696385676,48.46351160731542
112,61.87094032730287,55.71347051353023,27.745817335504984,25.941146170033758,39.53627322118892,51.43781093028367,8.63775332676387,34.289546045557664,11.757981565276333,-3.311203646920329,56.94528736669639,32.120346280049795,43.188186919806824,43.7735312907613
113,63.795439148917175,57.36113637175853,13.649334732110008,9.535107174111985,33.35542485217083,43.53843437288566,10.611458163989587,20.451670056123728,7.253809716001217,8.022086642777255,77.49375066573215,57.136819349674425,32.159076948107455,47.82894548053669
114,67.24422124183403,69.80885627019417,18.082925605268322,11.483882885844539,45.7527252655582,57.25355019269807,12.54136154649585,26.694101988955037,18.42084159664737,-1.964642953468057,57.5127302513971,47.12396776519168,49.14284634422866,46.699844079194236
115,74.21244594676757,65.11864744835158,10.028214030878978,14.832156358196125,39.27897220778923,43.25295651774435,-7.292740632315234,-0.6446604801423099,31.67059274816529,1.1092012687066415,78.09425666294678,65.25862139646974,40.43692479272411,43.40693334277974
116,40.34343722051405,48.10809051009391,-4.089603930052366,5.6780307126103295,4.451446274794858,17.97715190358497,-34.647596661300845,-5.89013771918008,5.518633572814347,-9.29980560645797,38.93759092189906,29.351226716231615,19.815634980524052,30.11470167884148
117,39.20979377107224,41.42916336285357,28.30210059280485,38.38643927110792,33.38900379252491,41.422050021335544,-5.780651136757429,-5.475965554208506,5.893710807370334,5.682658341932788,41.99940126042759,28.199170324515794,35.798348430827325,40.78481329928006
118,73.88454987020205,84.3985102987931,58.491969750878205,58.92084184518706,50.32958355000961,60.35934544190411,-2.8334442396041837,8.669690655160746,23.252707697632246,4.090240184918378,62.0012288659646,27.486827351662974,51.71436911327844,42.65619787259996
119,79.3114383969655,83.4285421439906,58.994301458796514,68.5227588367944,47.25553353668185,68.93505564312512,-8.99909016884332,3.469638382886136,18.03153047126458,6.947202771373905,47.85655759739131,31.69695579796225,53.12551644793904,52.83775775394856
120,66.40673601404364,77.99663630113797,49.09886079557571,55.81144853874991,44.11566915004725,59.374284951568775,-3.2580302600934385,20.280300026638564,7.312580491838439,4.720583454127913,36.53407945056483,18.494209837988937,41.25594965024223,26.1335134995609
121,69.70984780782688,73.88492185495907,68.4961198617353,67.34750317693843,46.70671877144348,51.99539604669987,30.77004146033404,39.34546326464117,2.0423381167956496,2.595048988938515,30.95987105223451,9.46651441785712,28.155579339148044,19.922466995930165
122,71.13960355629919,65.85962404964063,71.16886247392894,83.52162602439168,30.721067017241065,57.366309571914364,14.31071933673777,39.147986318470565,5.616543438605742,1.234106535948725,16.646941590967803,-0.899304947618449,20.063666264135144,6.86793411837623
123,57.648313715281446,61.48833680233486,54.617414941936794,62.29093548412994,26.718155785452936,38.15422476050935,35.02993073398195,43.08153340306885,19.58971555277983,-0.10568806495259686,23.728419693157463,1.3129104397722726,7.603810403672636,-11.347311424180868
124,38.880102471874046,35.03521028910192,25.934360757816254,41.80866530598598,12.149948201626849,14.828166604705311,15.330003804789902,19.61595282238438,-10.032176754417174,-2.8266218632579143,-15.927654685969127,-10.885868148252595,-18.26519638322525,-23.6978245259582
125,-22.986293501072787,-15.60960317342467,-15.054225258548732,-4.1836805495691465,-10.693719085199362,-38.95005502202887,3.8511797611736034,0.3613539947103733,-28.68641085461178,-27.99787194971885,-35.177114545097325,-33.84347474170863,-44.57196521958206,-58.88388055118808
126,-24.477219475999316,-31.18011314487243,6.042542994802653,1.1122347314820495,-17.9834964117879,-35.57350666878803,19.59893060721794,8.464564286060199,6.028205317105005,-0.19729010886965637,-6.126311154026378,1.5014575017191727,-15.48625861505467,-32.49743499134283
127,-31.97061666787876,-52.3037042509039,2.16585495305678,-10.755809206539958,-17.222488899322055,-31.30039578249472,18.79468328876894,11.958287821967735,-20.555542311267256,-2.091255420993655,6.521192184136846,-1.8314535516255996,-9.0449855928487,-18.738765642724594
128,-18.579842692726483,-31.74528089593848,-8.070994039773145,-12.897049857130414,-5.956743548884796,-21.869172602586964,34.53621913904448,30.476133687571195,2.1291959368453433,-12.114980785604926,10.315388477444474,8.73151531476464,-20.653795928955535,-20.248070606033817
129,-11.167712992921436,-23.84070036360179,4.841994005292346,18.976550422290284,23.44961271747969,3.3594404154885127,40.71906131327012,29.630298587469262,3.644377473597647,8.80175640848068,45.82885517817371,13.11077586009617,6.770694622405241,1.146548814170955
130,5.9908231667883145,-16.78778386076371,8.488835718180507,1.7452459199741517,10.739579720321371,10.887405570832499,23.707292588548913,5.814426949847307,10.511620100110681,3.846830179832982,56.48631975886901,34.20452040717686,17.688113588569532,-1.1225135226540601
131,3.6314967229574506,-0.8758821077560692,-13.27864732460292,-28.21513403730889,-5.77968948273903,-15.455041161717457,7.938666096814907,-0.5749927555314492,-5.148846404277539,6.338765830154205,33.88611422747431,26.820728938646756,-1.621992874245367,7.469863584152907
132,-30.000467493635377,-15.949756636406166,-13.066911468596752,-24.171637917823162,9.037965279009786,-4.401274420624293,5.540302592179331,-0.575870139262394,-8.377565624326786,-7.7548186560475845,30.702503723650853,27.956861660608148,14.31555496994175,18.323393934529953
133,-20.196643470588636,-22.462461773251295,-24.98489046554366,-34.539651407703225,-14.012398221847267,-23.056103763643332,-11.667980386142853,-29.909741588910258,-8.776201424232811,-12.654124209823348,35.119426627586535,25.74376548278417,0.7858046068834578,10.647500170622154
134,-27.978172503303995,-37.871439607646366,-34.38494361136521,-26.783283989334322,-27.04971434432981,-33.150564321653995,-35.94570390667864,-53.42228285111186,-13.601999811831908,4.870489839963087,5.697386407194758,12.268799550935888,1.4725443266791158,13.66617585512918
135,-34.040225765164585,-34.4174550145207,-13.119442675235268,-15.11211821341433,-24.490255153732868,-20.722931333003206,-16.717132297930114,-17.738835429112008,-12.882311788918445,-3.6031220650686437,-9.603800879806176,-8.695505937267903,-7.020528809768944,11.098145332199577
136,-26.045363120664078,-26.056419219505674,-4.871154900152739,10.144018827365777,-9.643253629467484,2.1715927427726993,-5.907084832031659,-7.0563161580244795,1.3345875248066648,-2.0169599743125626,-11.258116532158663,5.461221588428838,4.77630912022194,21.864461613893813
137,-10.498290623539686,-9.650039654637947,6.500282260228791,10.912088712551709,-4.091166527595389,-2.0123373717014057,-12.568386055020254,-30.89568255885729,4.108319418870405,-9.029542642131625,9.78542326426179,2.471950917124236,-12.015782410207624,-3.7279618980239984
138,13.680009409448676,16.488982396599138,15.301470046372756,16.12679507657602,1.920534366480796,23.41721287626815,3.4131654647335994,-7.016237514442659,-17.911374383814778,7.406773807406042,5.037820084540847,7.619576247944719,-14.514283258601044,-1.7629561421553073
139,-23.777993222763556,-16.93206996737451,-19.40852398587937,-5.904229033817961,-23.026292349435295,-11.992135298979369,-15.4728312954794,-27.74172626345222,-10.50476664313944,16.981987938311818,-22.7112595458791,-25.587938236276614,-51.249385011592935,-47.92062864398608
140,9.419344748215117,4.79782410904581,-7.721488717340531,-12.862795437098463,-11.023224144466832,-11.939631332292242,7.665445656313695,-9.530374571524698,-34.869736853815155,-7.549112515886803,2.9160953572566894,-5.956719314918654,-51.646131701933506,-44.06799177014022
141,26.320831920194124,18.275483274837736,-1.2380572277390014,-11.483849979535709,-14.144160940839303,2.4613528691655224,4.340544402898459,9.375212209209751,-3.992354166316051,-28.799504110528233,6.64249524410115,1.9663325988846934,-52.556074930733544,-48.54677733660446
142,50.6735874086296,55.06049477692888,27.510442858428803,20.993958235787716,31.73642902812906,39.58541891030769,35.472813108577164,39.85852928986681,0.24931137422575902,2.908775255789334,20.74611452709159,26.30971514739711,-17.856535937637453,-15.877437529018845
143,64.49235925521799,73.21270149189608,13.274565381710355,17.542052829778186,41.47392578053674,51.2128540940784,34.502051088937414,22.514051445776218,-3.311139199621517,-21.447729272430344,36.17761835523306,30.437412298708164,6.437498404746806,4.708435161942358
144,45.07548764884822,59.07845114195553,4.580914819990654,6.53318021731498,24.60475214797537,41.711494082859886,9.880731505173697,3.206753484480218,3.5506784500232023,7.830423176424485,51.07301758033637,49.35331647838734,17.12179597202813,13.853525710928425
145,24.108739033978445,47.58172535866069,-14.408895694601249,-12.731424763877358,6.771483849606062,24.307830809913973,2.282227180964364,-9.88736324175,-14.079709516929418,-8.382733562724878,60.829658450904816,32.02002277525132,3.6218629701393064,-3.109257646913393
146,-17.52319344899063,7.693494445160877,-6.281158508108049,-3.5409228688722414,-6.410468945699288,6.381278486301521,-7.147159140523674,-25.4499700059603,15.759594787366217,-2.1572840044092527,13.065927641025333,4.337267952200965,-9.020728516165983,-16.604986632872073
147,-51.9845378011801,-37.98988538626425,-26.20385717232472,-42.76397890899898,-33.139696463828344,-52.26960345149448,-25.613053218951794,-58.40704078692297,5.145332618433444,-15.019214769250134,6.705732190728217,-5.678962785416353,-41.196421668128664,-36.02330656104044
148,-60.06593262295603,-59.42601366847349,-28.655554407711588,-39.754978160673815,-41.452762153376234,-48.70573398398631,-18.592799382775688,-28.256068126904864,-13.190705504806063,-0.62681034969936,10.66522502308971,1.545488263283377,-46.119241409534375,-38.013422800992906
149,-37.211945048476565,-29.37869907122285,-26.52448333281772,-16.669330260673267,-36.28781613469974,-18.101669686500674,-5.800499241361215,-24.486147024768304,-14.483287311932779,1.2409954058004713,15.216046941870122,13.286037855737273,-36.11039773821823,-15.963715840316793
150,-1.2659073647325927,-24.04427222497646,-0.6965778428271868,-23.121124523824527,-8.933019146034614,-11.517389881407,1.031997042721817,-29.947616318348185,-8.920544323358543,8.69752285341165,26.653090085676304,25.642483373101754,-18.55098372667756,-19.642553034685328
151,-0.8387489299935211,-24.777673585213012,-11.778872238094884,-26.55504494704449,-19.020283406251963,-17.94659889861286,-8.953708350622561,-33.6755651393736,-3.463865830872786,-13.00566734492033,-8.3520585029721,14.05519383150853,-32.5635281027078,-23.507844468335648
152,-4.341277571287959,-6.930336534404127,7.356693370039582,3.5471474191519956,-15.730148809974786,-8.287658917604535,-4.691155992755824,-5.575819855918374,4.670806292060544,-14.293783338551732,-17.138852743532137,1.8798556691114636,-27.127091636550404,-13.034875525382592
153,-15.506541027539917,-11.780097497352058,28.985130101631864,9.77249324996205,6.407462799164976,1.5917805237470033,-3.922612719812598,-7.183587843272074,-3.9313772394601343,9.761620681485327,-12.284609251667028,-13.328009598322064,-24.943018876538268,-16.276294314975967
154,-15.594953888177677,-15.884637586221357,6.041299338820255,-10.835771215713153,-17.494385698686536,-21.33741404186764,2.277440334186314,-11.590394817559645,-3.875501003417964,-6.771502841266222,-30.01938276910524,-15.213274380440213,-34.10352026200725,-37.82402603466521
155,-34.08074532419445,-36.12190943954445,6.120518600304014,-11.774622894153337,-20.69149278338496,-38.858746751523064,2.2945399273524023,-15.451491628668986,-10.390351542050075,0.7472166103113855,-54.124572157513875,-42.6084913251589,-55.21841934250857,-60.188366679019325
156,-25.818295331812877,-27.503374042683692,8.409882629165592,7.224781784203054,-11.81283172173715,-23.69805599821348,5.864059473314512,0.22644558657969505,5.940034250813764,5.377098566732577,-59.866951545517146,-53.03625273175842,-31.426299889460985,-30.320247208725565
157,-27.659250489250983,-26.92391778168627,-3.3425398718935155,-11.315727633504602,-13.116596447327648,-18.58906004335618,5.75195936852531,-0.6571816131196598,-10.532190716217016,-5.5109714028718235,-74.05883152989355,-50.89811440920503,-14.002126994031633,-23.810758482800296
158,-30.11585422030519,-31.070770510760962,-20.287505706889338,-3.425419052197063,-22.351695507550634,-27.060181846706794,20.197437361511327,11.825023579866917,15.602772005553055,-2.7661432082415502,-72.00758648911916,-32.808785218306376,-0.2792167752948268,-2.9282847875467906
159,-26.070568481180295,-20.28271406852164,-8.585279176053648,-1.30772528566196,-9.834296850150999,-6.030353336031541,2.078371822831286,7.635751345997583,11.916510234497897,1.314201847776543,-69.95227360285332,-37.89261452950681,-15.656415642167229,-6.141330139231474
160,2.3445445276764803,4.766985998736323,-6.508944506238097,18.709766661934946,12.445657141683078,21.29435078217346,16.793404639427063,13.298061192407777,0.5531554913543199,17.914563411321048,-75.71256734905072,-29.97697772136548,5.249861342957775,5.42952718776007
161,31.656912514460814,25.403088914587187,31.650213120437645,34.66355685586991,19.673066917285688,9.322831655557541,20.776944345664464,4.761742258717765,18.652197469586024,-3.5061846902642158,-41.48989047667759,-28.03344075347455,29.939473294004298,-11.269037268247974
162,29.475026227566552,18.10344595860808,1.2222536819665555,25.1626983086775,9.206933255650709,2.2082742765412893,-0.011141786099719195,1.1166966091111916,9.138203124514709,5.630997939767283,-51.200086063053,-33.86646351263391,9.218010205398226,-20.348396811264266
163,19.818970496347642,30.87903510980185,18.804713057420297,28.628285895749542,31.817049185254024,33.475943510237606,3.5086116112044716,20.536567771924517,10.041314650863262,15.44472459210397,-29.197114366309833,-13.275875680429865,36.8176869092966,19.315569834479447
164,-13.520274080482988,-3.5407649888316195,4.449961097779421,-12.569560191709181,17.588643122871982,9.263202966395403,-18.50615215417971,-8.058920716017372,12.994733085296602,6.687918141327511,-58.51128576638996,-41.426678714732354,12.969729643084758,-5.954225883002806
165,-33.54513412150504,-20.432608513393326,-7.20457900232815,3.792111630750943,-19.61206911190218,-20.390092667261523,-22.11485728608647,-28.17002287414355,9.953460685249857,2.072966357091368,-40.79307424575692,-44.926566128265705,0.47711884930319787,-23.780120508705224
166,3.9280505730069595,20.952477821239263,20.754910298622164,18.277946641555644,22.133015575347837,23.479765651534187,-2.306452488325133,28.66915072960426,6.522653927481606,5.462557575515617,7.815359025502948,-11.524432188091705,25.208179447622744,16.457695802714863
167,35.80066145377001,58.61089838398538,30.50271139032394,55.36615760665588,38.088260621995914,60.48273823796821,14.45192020963012,32.819247098038545,32.472600702476306,18.18749744835301,44.797777487735615,19.653517616343187,74.25680047121939,50.815783246687424
168,70.980848673273,58.22629598926484,40.62771640476213,60.67896565808513,52.63515065684437,49.9454426233978,12.477901808337029,22.295748645341106,20.17216650509344,-16.75524875512904,118.24333905451955,58.48671476174647,85.53981131939265,57.26394473990062
169,82.88730432696045,76.71350188305955,32.31066700529524,24.585184799842096,51.33050750567761,50.64114519250035,0.7281629028482348,-1.009972236456531,-1.2748110173186127,16.355559544770095,132.11347519207058,68.94040295219556,74.41123692193925,60.09428853670461
170,97.57407029410939,107.57880735139642,25.676767501124033,56.70090023343875,71.93313508368185,85.55077938478765,-3.0661326273621268,17.7203321567038,31.38803895407069,-10.52067049951635,109.4885131459587,77.3947953388242,107.57789513534239,80.79580789649859
171,76.21764262087237,95.78685318914042,25.617888678604498,34.17573290704882,55.54886558397397,60.84100817964271,-0.08007782586497976,7.205507482499158,21.466022149508024,13.476182842588294,119.63415895559007,73.55539580331187,100.45671760037938,76.47516350041836
172,41.90978550329815,60.91555726602776,-20.460972347014398,16.93892093673184,31.5517382540834,43.38855563322554,-30.588693498150946,-10.104862425058846,26.20719327285093,-2.33205698525483,86.51834186303952,53.33421271597932,55.610258259962215,48.613823390862464
173,38.39194976719567,56.03963016587481,3.543885630676192,19.558618687536804,25.292222764346334,20.138200723946376,-15.30976544486204,0.7267475692228238,2.2597631228670405,3.3435424874689907,44.00490585202917,17.756122631819004,36.595549202035436,27.69460456609776
174,33.17559741381164,55.906488046020776,-4.710067140782073,14.2567472734011,29.07163792629686,28.08507393023263,-32.33670642260312,-1.8529836512650946,4.9794459823046315,7.293306927388644,14.953518309871539,24.643277038955343,38.55798234403632,31.18812839864813
175,20.758107332758307,36.562496962186714,-22.000511215152514,3.623487583693462,-12.137685327750145,4.854005682145569,-18.44655765443963,-6.412491911001456,-16.204755979140035,13.81070023109174,30.872684234528254,10.004080247336427,19.486360209503758,8.284526096797537
176,26.59526730447942,16.450184192597735,-10.096100776373635,-6.572463362318754,0.28157156067191674,-10.808028172790582,-34.8933140488936,-31.905761620962373,15.891748651997966,11.001824959411751,33.372405638830806,-10.2716873874906,27.887480363802823,12.370924916631758
177,6.296808209821878,3.3714148728292246,-15.680754271428128,-18.845386196531717,-19.056705523089768,-14.568038408420877,-28.551830481599975,-10.215289041454858,-6.495549599518167,5.6707796582652215,-21.74112930937846,-29.48917669937549,-1.1164409847422903,2.701797055180199
178,4.482931986265372,-3.4359683356307933,7.940877540576728,4.0236534057825795,-0.17009644459938533,-18.911235532081623,-8.894296231769555,-2.676323897429161,-11.505204351990436,3.4755682179740006,-62.15538692601074,-44.37478953539178,11.045246032091892,4.237870292219552
179,12.9492746026121,-3.4952964564416296,19.419957924457687,5.897754513942308,-6.3061897326952545,-19.03750940421374,-11.880996080468,-0.8055280183740094,14.39868243026495,3.3546802407720415,-42.75535324842076,-44.62538571583811,4.500653619360717,-1.7603899744756395
180,2.0433098294335563,-2.8763293932175618,7.887229189764103,2.9837252717798424,-17.23485361836689,-14.910824898316834,-19.77086202701765,11.941450110757126,-1.6254549248488301,14.945265150292148,-52.19953837575884,-40.83591309630354,-24.58228593556182,-27.463545554915548
181,19.041203546925686,10.636633892343076,12.435444084412678,10.830041489987657,-6.989216285103358,-3.4179752886679684,4.65589525007626,22.19709570143338,-9.352780186110687,11.582273244394358,-58.56280715700926,-45.77348076873795,-28.42328979302651,-7.984182760304422
182,21.356270803294404,14.210489941229444,1.5173207776262787,-12.587720097685466,-2.5102400248955923,-8.020331834791582,18.674759056010867,29.88348528443827,-3.4124013266098294,6.057230526490675,-36.10689546807293,-26.027537779233764,-29.617250850242836,-27.149070980851324
183,6.059884215362797,-16.53825841686357,-11.82307442655192,-30.16451865991121,-30.0134127896775,-27.04780245755043,5.757386297225041,-0.28307284733078786,4.538738017971856,-9.9242188449022,-47.90720819033668,-30.550871153711665,-43.52373581317161,-43.27390434478659
184,-4.118940438415084,-20.43124743241231,-13.495904407142618,-28.622963655126533,-25.11020037417686,-18.915844621136547,15.19505231664996,4.430586093376874,-11.572870370995885,-4.070903327319021,-50.74354194155548,-11.51982809750563,-43.20575814181085,-39.59937211866716
185,-34.36457527623528,-48.159504428710605,-26.18754737117908,-41.478653059444916,-35.26298572766194,-24.747214354850662,-2.085728417401094,-9.321708795187368,-3.209439669890171,-11.177784696721222,-65.21129548169483,-20.241927277840723,-39.53322259116605,-33.40275791370562
186,-25.12302949214052,-37.989372627576365,-34.72182769080787,-41.54879496273538,-31.76358638439485,-25.771380494193696,-5.096944885725797,-6.532856252252776,-5.361602892648803,-14.677200164930024,-19.63370280830662,-5.631735778210182,-29.014146571281653,-20.915095932481876
187,-43.34431347063967,-65.72912170723676,-34.322343373892416,-60.120225698260434,-44.77624868144361,-50.4222076030499,-14.06357216592626,-27.159742156325365,-27.76974794907257,-16.146990992601225,-38.96477623528708,-14.72931908922193,-40.938816480838184,-41.51311062591721
188,-55.2542405289054,-46.27905555975879,-29.114989306404198,-42.41384329464645,-47.96465959179903,-33.741633399963455,-6.4591228474202484,-9.766979021275855,0.2808544536617319,-13.372819777442947,-54.47960395384521,-12.933220214297153,-51.711842031264055,-35.06748012408999
189,-56.26347108898433,-55.45714114212737,-33.84345914026993,-53.575906900591455,-46.35439543843659,-49.28698415295527,-20.530469134247284,-15.271626456015756,5.0437208010876295,-1.8766593429873122,-34.396847570510516,-20.421959772134517,-37.006443667531066,-18.715478622913174
190,-40.24962474615697,-52.01205254264239,-34.0091194843009,-53.1224780932595,-42.47520613390132,-53.63721472681224,-17.206540520857086,-21.018274753971923,-5.2739826043008655,-14.383034599843453,-20.138406869990973,-5.916068027340246,-35.82113182604024,-26.059396156068384
191,-31.605928513127715,-44.305159219113285,-42.32816200060154,-55.7211277920096,-52.21229665622857,-56.24979012535776,-32.52699431285405,-39.4584843235081,-23.075859310612163,-7.219011897153431,2.796835353131276,-0.08342637830017462,-38.379261736932115,-27.015235315110125
192,-92.69476355139446,-74.73333112540492,-51.600833211556015,-68.94489155443179,-71.24658191620081,-79.33774556630378,-48.08985177212518,-68.5296992906395,-33.271574423155236,-9.716476552249697,-41.327862772306815,-33.94779299009082,-55.990168002926154,-39.525554800694614
193,-86.25862521366915,-83.27620369542755,-78.07995574580866,-73.79239010996005,-82.15225181953345,-91.71724908404816,-63.33448556923564,-77.42113779412541,-31.650188736592174,8.294556221312481,-47.707678009701475,-36.27251831883079,-51.310053191734895,-25.791952546756466
194,-37.454478355274425,-55.06130024066909,-57.50702420154342,-55.55964382010774,-56.92366699234009,-66.9926724710019,-51.582593319357784,-60.502018515830876,-14.697986805257328,-9.111903158708888,0.4013584951253506,-10.833407586938856,-18.238103707496048,5.410462965242588
195,6.786782725863094,-9.001180599970029,-30.57656812715723,-42.51270903019704,-21.818294250687035,-37.21583939042983,-37.02910010273417,-41.98865028647611,5.8821218562344555,4.816082940857061,10.778136463782918,-1.343848673300864,-4.153541978503499,11.707130873030552
196,58.221177734417246,41.55961745217135,4.752374339997687,14.747071944777131,2.7206906915020057,17.72579102187796,-12.628443904432796,-4.012615799625445,-11.0829743596147,-1.2206405682721617,28.33779017133783,17.614099862194923,19.618081604350316,53.40616167853132
197,83.03843476507765,83.98820347791106,7.141106728117279,3.863758015164338,6.626757240026953,26.91429846581031,-33.65157455535192,-14.147055433943143,2.708473756342876,28.86520831168302,4.510670011707143,13.923870310298044,39.94344966061023,52.133079275474934
198,83.02434435743012,63.28051566986795,26.05851354333431,25.012580118628307,14.483508541918034,14.911353669265809,-20.767520576846344,-0.647273979509335,6.807874435663301,28.57892923505925,30.365689110299684,18.82138965546573,43.98590589508784,50.53398481310831
199,68.66912440215259,58.648655480988424,30.2861023175825,9.673053950409795,29.76397066644033,26.69305561525243,-21.761583551657147,-2.4001514640182355,-10.275395496055369,5.430727995800305,10.52514518838095,5.391161016098582,42.02098098165797,64.24698601973608
200,46.80487203086878,56.96712493838975,17.341561621397705,35.93279623878983,24.110042361809384,27.82708782919271,-35.96441985000896,-4.079310212717511,-4.863388141728811,6.08557924896582,-2.1060037061527384,6.55949924261707,41.758319407400855,62.981731855846895
201,25.319894009138288,5.908614573681577,-29.747684312699334,-19.050610879326573,-7.491231159137323,-11.925762689984904,-54.97204631249643,-42.46195033952459,-3.7787861981116055,-8.210629543674512,-1.162408000896403,-24.762446506307256,25.367913517274985,19.80288913173549
202,25.967910607296677,13.44993638120609,-16.400497439652483,-16.225562286057638,-3.755298006369826,-3.863504282404924,-59.223797575549305,-24.97213977393685,-3.5958534962746818,14.132460096876779,15.675791260125797,1.456041168186304,37.598224873662076,43.40381936463973
203,34.786533738633835,15.769144677084611,-34.56987453173135,-19.896254718497328,4.533361968391015,14.168619061671537,-59.57285636971919,-25.517113620626507,-6.870024359422014,16.6258403699708,36.74464573883962,-2.776643073384466,35.107927328924696,36.229870971770225
204,60.46350501491991,39.79713444737743,-12.650989141348473,12.0580232426618,22.99060190178362,31.273507007566185,-40.37152107542427,-11.83758228510639,4.55948082378129,13.880622861911254,34.33877334001155,10.752928801519223,50.857192327262204,61.874535560202396
205,81.58844953040165,64.80418970002387,5.337495613612464,27.411934745725386,38.45285492836431,42.71799769844917,-9.826527588037512,24.39668611689262,23.63681875308238,0.7756701852046698,50.80514538115516,31.354005126413547,66.0049468643476,55.35894907646316
206,56.28415840418378,59.71239110833095,15.68137443833684,19.021844514229993,30.878350629279247,42.06732329831372,1.3283519070163072,10.71451212803812,-1.7391634051885128,8.214801608185432,37.64157575292923,29.349041901748464,42.83701841987158,42.05986388816619
207,48.75416613375289,52.0520203189179,7.889655295508912,35.93785586446888,42.24875524335619,55.32988364515774,17.973406526881664,33.756016048999356,-3.362431094790882,-1.6726046000183463,34.54469721234404,28.440881330083627,27.709583444474998,26.835979773265407
208,3.730548696392621,13.168078336488207,-6.165784418805178,3.1999999744572207,20.278198770012697,14.273760669632214,13.220610868489203,24.072609482887003,4.399358297090642,5.925105512222351,3.134212922723587,-0.22681754065093213,3.368338523644106,7.627483867483937
209,-29.060702987230872,-29.036790655907964,-19.98740256161549,-16.234428095449413,3.353351984878096,-8.232936954446608,3.5810231411275417,2.1698843964632366,3.9551140525726116,1.5204741137443207,-15.867634217827137,-2.28251997565827,-14.65311907162788,-13.712638113082052
210,-92.3400980806718,-86.71908434229508,-28.35915484543801,-34.883363102427644,-25.249728593054137,-28.989567206810666,-8.676086515705004,-33.30920856764714,12.709078801023196,-4.243596151084503,-89.65082623392698,-33.06084211621275,-32.36373161472919,-44.33397506566914
211,-100.00282932381839,-80.62493805784075,-54.56551006045379,-43.16731082732925,-29.184692561867102,-27.01943220275236,-11.720571047484643,-25.755416535224708,-10.86286896936552,-9.537710696505899,-69.34369136189945,-24.963761677619217,-26.903258832997253,-32.865820398103665
212,-106.27116364789543,-87.59857135244427,-35.96223449783529,-29.665239073738643,-29.24302839350829,-29.271333358815955,-7.328461275907743,-29.811974076315988,-8.473463588719815,4.55758744392886,-71.81256256841408,-36.60497161595646,-32.111849898786616,-16.41743404942048
213,-103.08794950193935,-90.30568029119301,-8.184724488824571,-8.29084655807468,-29.323409061616555,-36.12560930981077,6.5320814673438194,-3.964899696893352,2.23423148009249,15.934584367460323,-108.58415618467214,-44.71354316264129,-24.47301946847177,-20.1439277062791
214,-89.07033561221334,-77.37685088308567,-21.512112349258192,-21.194002243251298,-37.1778658752288,-37.30575169333218,-4.570066068564551,-32.95695851982889,-25.542910067091622,11.772617951098143,-145.6937381482173,-78.08799078430813,-37.2212329717299,-41.50108466478045
215,-6.02450040599521,-12.929618902985478,-10.071906666671614,-9.322622492142907,-3.286210908967755,-12.699178618796468,6.9483387031674955,-19.012668741653517,3.3884335129571617,-6.604379980564309,13.222605358494784,2.252000710391141,-17.817360754615347,-31.985855648369746
216,-17.451383481549602,-23.776980541512913,13.92650530141623,14.404514645702125,3.8657579274893705,3.47179057175362,15.165074276197348,24.20968717788897,-13.415236736233261,-1.494711681670655,-55.223745768693185,-24.67818620533851,-2.1109907833863386,-18.877909539444975
217,-35.46710521710427,-36.98188364288199,-3.558537686934274,10.615447337333594,-4.666857279871236,-21.422616592538645,-0.038237723679615546,8.515917372577928,13.7517353252666,15.542750402264282,-95.24851089702453,-54.02677380742526,0.2857405911080372,-8.309504879408466
218,-6.099163988657281,-8.034749332110458,19.942453110786822,7.794639996560122,14.774380513974224,-8.26529083037415,7.704663089001038,10.721863842871738,-0.9246307421313844,-1.5892732077140685,-102.01905595594346,-49.52300762838553,16.048592816239214,5.28674721334405
219,17.159959820627584,14.690904855732015,0.19006745189639673,14.7005587045578,23.631555931080847,9.973631680269284,-4.516850603567889,11.726015563852574,8.810443294710684,20.29623814577735,-58.19911817426134,-26.454993158767795,9.022433236309054,-0.059073006692807954
220,7.538244823124081,-14.351185197792246,16.301883665791916,17.257795529963516,10.938120080802397,-13.224066769264224,6.316899900583004,17.65814800956062,-28.52766007264512,24.42124000272911,-32.33524805675824,-30.298064988054406,1.244245215711056,-15.28047144104164
221,16.118657447894666,15.0659124677952,15.832079874726183,33.015668585775984,13.611867782104827,12.02254620569927,-5.177505015737617,22.109728076479385,7.459734342533275,-7.508325061458947,-33.363489496366356,-30.227423800351037,15.749820450345053,6.417808190291944
222,34.925319128668775,29.990118842530244,21.998807873355464,34.778384001345245,30.907664734000427,16.539934352403638,-10.98739503040356,27.198288896340028,0.3729086920373022,39.18581674272529,-28.04950250944338,-34.94761421054301,23.419008719046353,18.01898081541402
223,24.376963263944983,9.131778200331016,9.344522723700097,33.18295193973479,31.175371066086846,21.275458667030136,-7.125040462248469,22.22709871702006,-13.26933646687568,3.4295075188307127,-33.0146931316226,-37.97503197889587,35.478550064667346,4.688220735035287
224,12.9279423539345,4.420809137182458,1.0468196028108776,-1.5926689739499924,17.86174288232711,5.520345567485358,-11.449696876274917,-7.070784143925728,-14.133732801297947,-1.8170896012638913,-49.84737933829372,-45.46652157686779,12.342913249351428,12.002896393936345
225,21.258026163817064,23.76338529584262,-5.402236310266983,8.605469631831784,2.7069340938233832,5.186496645074803,1.8651902964125102,22.992699537914834,-2.7293588043560035,12.699543886713144,-13.53684913897191,-25.164500550189118,2.4668220624697756,5.8708372162236175
226,12.407467248653957,16.921588931207836,-3.452884217513388,22.38260374362178,4.928475582791208,14.371110636872784,3.6195875410328324,18.276758569877124,-4.183130864409596,-9.634010398914548,-9.104049580473864,-12.360429725935507,-5.076533091714274,-12.239521623316959
227,2.1478523760981587,1.6816487119232226,-0.4216035235850543,5.51980030356512,-8.74286819588439,-0.2501509368792253,21.77015299860034,37.815037159675356,-13.54443362249616,-1.2683415434576721,21.72452614807285,-1.6566570479568326,-18.67311820008469,-19.497057827648028
228,-14.581292242351786,-20.56076215235813,-18.98800202578008,-1.4153353617023858,-21.54236563568214,-14.700311185216872,28.904205565735285,21.296133700420388,-13.774126506856783,-12.9945814072938,20.7762690886681,6.138287730452795,-31.458239515661127,-19.032112646269642
229,-23.378600556083825,-32.46188913860408,-30.986507783941544,-32.85181838539845,-30.0175406087562,-27.527418943144806,7.313002324835251,11.674945616349662,-26.927802757451037,4.724178951785604,36.20665476656457,11.177122439824533,-35.86316743330873,-23.791192078512143
230,-49.39691512910248,-38.64498225669729,-38.61966924951494,-17.27451876132252,-30.281512041329673,-25.27019851272457,9.002942937881773,15.421939342283613,1.8123627083610856,-8.306797024310162,47.4591882424999,15.232748038246163,-31.464236002881478,-27.659229474891355
231,-65.98402908283418,-62.73580404618312,-40.8938269447967,-32.0263456195036,-43.0328694848374,-40.95607731016054,8.633789062266302,-0.4436209591992709,-5.565997378805655,-24.81093951543845,34.61116913866263,8.080029663441747,-42.25864984403975,-40.25680746167655
232,-65.2764766723796,-62.6240575576404,-34.7733054034962,-31.66345213636342,-52.95930361600128,-50.057917448459094,12.164114328766216,5.687493115862061,-6.441402103659684,-39.84137087061728,9.6319577586405,9.906057886609867,-54.26345766056184,-43.35738906675902
233,-55.25175473183179,-46.71173000157431,-22.42735889418879,-19.33403367272342,-50.997793390294575,-51.162638839620286,5.1871445970231065,-15.08468127373462,-27.50870951695133,-15.612903288988836,-16.174632281408275,-15.208608903066704,-55.651937698107936,-54.31651489757453
234,-57.14580837705559,-60.10138926178747,-4.800334669283823,-28.25885324885588,-44.569505675510705,-48.62710425942867,26.698012865517377,-3.7164540317050303,-17.4082773589322,-10.294907176162997,3.5571632332031147,-11.868825581860175,-63.402578189699106,-66.19551030800056
235,-56.531821213957585,-50.5155179480189,-32.65028838889375,-24.59747559761673,-42.65475931859426,-28.56266780807044,19.833945695180347,-9.217336945953296,-11.068077963297716,-6.108917291455295,-8.651479604522116,-8.594727114648666,-63.218494665054095,-56.037085120843905
236,-51.56610414368538,-34.02244510090974,-33.38550238639301,-36.79476206444259,-34.03416852329797,-15.18435801473529,8.724875216704076,-11.526607340316556,-13.450391078487167,-24.715135929752996,-8.75880309840441,-15.10017777918614,-53.484847002404436,-49.40182960623642
237,-44.49613977085646,-50.421042907098844,-0.6711299376409166,-26.24621606752648,-23.128775934053202,-22.494519537504598,25.345689960809846,1.4044642400875311,1.506161148158359,-21.884927897417782,-13.124259363049221,-18.193903538795187,-51.747683128953945,-54.33951994523075
238,-58.56069954942375,-43.407786311567634,-30.540641472651448,-43.64898426661027,-42.164044122345054,-26.25933441894622,0.9356456456598191,-12.043722674145666,-6.677833573779989,-9.833817470534113,-34.056345277124095,-13.757648319668771,-37.66407718773336,-41.54107586847342
239,-35.97128957200223,-17.345021609546194,-17.68779257813389,-32.569025815545295,-20.633941930143603,-1.8641556078888553,2.8920241136073535,-2.155902372841646,-16.346264807143946,-2.370437412295722,13.495633014575485,7.1377381700080385,-15.464989507718988,2.9629199131641313
240,-32.28462146125822,-20.454219761600385,-14.190187550333041,-9.697168905087523,-1.9031275781627994,5.47913563564587,21.91831424191273,11.395384513146524,4.964565479214269,-2.6127980712432706,20.57164678275695,9.016958699746555,-6.859437200922993,2.1686361884121648
241,-30.072407539369085,-16.545924987690675,0.4306878312756346,-11.098836166401702,-11.778161443327548,-1.6013147853947607,15.967534306480657,-10.270817005722819,6.299200477666879,5.686982458158387,15.941763900260112,6.787333961763206,0.19482564181785406,1.6974679205011165
242,-2.2134869695567465,12.325995774507104,12.239467679048095,-5.974890832982836,16.206015857733842,25.159016912331452,8.358321574455994,1.9191505696016118,36.912163702106135,26.18249727139719,17.516094367511013,17.729011605063526,13.713974817344301,16.193182488774465
243,-34.934590870885444,-3.4884574972721447,-21.692094334278156,-15.3178547490176,-2.896316887437918,0.07581068670003889,-16.476247458621707,-25.592555234440184,20.376555508714976,12.786535161981918,22.60948163800818,-1.8999428563023208,-0.2620104250938138,1.9976448693799205
244,-33.68068695548722,-19.12966348365881,-12.674384449351434,-13.819703584044207,-1.1261493283368496,6.155715862700533,7.454532471909401,-23.496056920355993,1.1976122894000636,7.150774858838158,21.329537055810928,17.850017109792734,15.211169589352135,18.349192024053654
245,-11.71097805053604,-11.377261846697225,-5.349536100427198,-4.906881276180397,2.538598954964602,27.53077453978106,1.999855874019755,-3.7154049420558066,9.136981367955453,9.957535177673048,16.538858399981077,16.436439891526355,28.14650277076091,42.94942274834152
246,34.18819596858174,39.707513421944654,9.616920767362343,8.884384259745902,33.19287719970422,44.44685919893403,14.265834609994082,18.437211364012164,24.094527888202972,5.908984046024545,23.004574642274715,36.35289536018935,51.975428565934095,53.12850517597612
247,54.80442829611635,46.05005352794832,28.25430080108249,34.757677015390435,51.408084066305946,75.676178713583,3.7919951700496446,19.516377013753704,17.155137514853056,9.230008847261429,30.14458753259851,42.04997286533492,61.21441083117101,58.18738933475425
248,61.034545316548844,57.91157490785548,35.69333719212997,44.64983465144117,49.44523767229165,55.88409643969305,8.992545964844696,26.859708625270923,7.567342951992804,14.951966987702672,32.816355103794514,55.17956057669975,62.9378514840032,57.01838785717165
249,58.92668000927014,64.58676864607169,30.86306302157472,38.69952482102113,40.65887085990618,53.97759571908964,8.442992009874855,-0.4944190153965483,17.526188135523395,3.7055036092225597,41.33598520374278,42.77300116993727,35.68721058765803,31.479349539868124
250,61.635218363089706,81.72425346767541,32.03187865891787,46.397578442473716,42.5414505600296,68.18100790584636,-8.98809145255522,9.088962139737465,20.585639864064074,17.17539543059509,30.89023112035033,37.81245065491831,35.30080303406766,48.3531180232862
251,44.684130907184645,55.656927377748545,41.75810782151173,52.14212898190435,55.58627777704663,58.997420532375266,22.872533619553003,28.791641669402775,19.278075363499873,3.803290284138472,60.69976605388594,43.831433265194995,32.7844396836174,31.14480668805244
252,21.092677601845107,36.549785681472656,23.230504205995818,29.994094804921644,28.78366542833227,32.204162433607834,0.33344038305677615,-3.8684028035064246,7.048335007738089,-2.0051630358116377,37.717347360259836,19.230940688753574,36.26308902984917,22.195689059544602
253,0.9405271885955528,15.368329183062801,14.44690304100034,18.54462548455689,7.75945821067317,6.1670904776644875,-14.995022176755919,-15.496714336783267,-6.890655450550798,-11.855880780778463,15.212708118896101,-1.2137210911613774,15.27507957066933,17.84201191738528
254,13.687930512948283,16.985237327526015,28.99241832925509,27.535548804241206,15.068264019188108,31.053673141105758,-8.595777070853705,6.824035502310392,1.0337884002170288,0.06755113015479353,48.080075335662826,28.756541422833095,34.049070639704006,48.8606400886896
255,3.394208241328007,8.765921488835861,18.578496274344932,24.52079545601044,11.470777782355833,16.610053513905584,21.49318449116601,4.287259778922246,9.26597586985863,0.080000219997725,68.20750493420503,56.342346164356236,46.200875889168294,41.00017939796573
256,10.81343466417306,10.979388281926202,5.8536020908406945,11.200726995387315,16.587799128117574,1.0944264256922838,0.44468114916760015,-16.49564664795658,8.000919137978743,2.9986881391524545,39.62965273302401,34.38638712405133,37.92819178638486,32.43429893207227
257,27.745504007332215,33.98838238957607,20.293658497312546,22.176753945210752,39.1771068733955,17.937970280630516,25.818147722957168,4.9128751922955605,51.642105987884634,16.183674280273856,60.69888896754247,52.818132584252034,59.922144266618716,58.76153838402784
258,19.566250338735937,27.19277353839412,9.710588940281724,19.911341356142852,51.60977343725856,19.07313362416317,24.149017375523773,6.980239007618533,16.52844994018579,-6.301980500224096,48.79283664314312,44.117819482544434,48.6161420321285,44.48071349488035
259,0.4606430773225314,14.147837847866834,-0.23814845269722676,27.161538973888426,33.70065454110108,33.512317528781566,10.422609285634366,2.302504065494184,7.083496918467509,1.6399295655388115,-8.458994824469944,21.844153791415156,30.269100498989243,17.255651351386145
260,13.811827056626747,16.829383896041296,-4.248414794384224,5.791634501251807,26.138835616344686,18.041898232561277,5.798664995360528,-11.906032402829954,16.486835529835684,11.34461581929229,-51.57082352541134,-4.425172871833401,-5.088012765224705,-17.04814393938426
261,27.0502522401974,39.337550226566684,26.698178243690567,19.936423933567507,41.430654835837686,30.607196247304678,23.794348633378224,5.06278665687599,26.762826452363555,17.96311780632454,-0.8319858210832134,15.079841757094869,8.520585985168745,-3.109201321972695
262,-12.168278548189834,-11.202375660981938,-3.203257498622616,-15.006174293355759,-11.940080638242016,-12.914730647550254,6.959904503470789,-2.2288957557248588,-7.839576730775186,-4.7257198944674785,-80.21750373296169,-36.46050671130044,-31.2237035123306,-35.074641755026285
263,-33.41845533249668,-33.073294645957795,-15.738349238391093,-9.59977303220806,-17.963340439819106,-25.75712076355212,-14.573408366729668,-16.730272970335434,2.5715375503174744,11.170774688087505,-77.84179094983496,-44.84333655822913,-19.92605538623502,-21.401463822370093
264,-32.260357258325115,-23.71739260402473,-12.806595555593367,11.943629163920011,3.7529752661054423,-2.33503968063593,-4.763374477061291,-16.811343280708332,-15.458151945819196,12.794883377857063,-54.45853032250545,-42.564023630214564,-0.6645511876533939,-14.319351671792129
265,-66.2918127400847,-62.108767543954656,-26.696326800825897,-17.034405831374706,-23.320920144203306,-31.12651954537507,-24.245742764272165,-43.03361452995074,-17.375576292284965,9.093735097803489,-97.93252801352598,-65.05142120124918,-42.85906700873805,-44.99218061485176
266,-30.713500580720122,-43.393549025079196,-14.11955215071364,-18.326149319094373,-24.377918774392334,-31.236570002971913,-14.711365974395473,-29.173376240935113,-5.74718210778548,26.039628241565488,-48.06852827116244,-55.931067405398636,-48.380714341345964,-38.91006848538375
267,9.78087803203338,-3.9947737975169715,13.509466465865614,19.506703710579846,2.8093005411399403,3.195649482426201,17.186846194416642,18.68760699759992,7.2711857823617905,-22.366089515581756,-0.3809936076414431,-30.71088850733492,-36.74245799978517,-28.595554142222248
268,31.886210194029868,26.470625128439114,24.60941598570543,35.79914310924229,4.723503862032418,25.15048996954895,16.08925671967075,39.72242375849454,29.843950138281276,0.2756582461731414,22.73588172033746,10.988473648334503,-21.752109246174122,-0.6284576104105639
269,20.483665696394468,3.7906839860626733,-0.5713769208449184,11.306137213200003,2.8095662045404772,12.702590470877892,28.275090795824514,39.279865062887865,-3.3276734563810297,-14.295770114498051,21.08715020014973,28.484268961082787,-24.027035779138014,-6.700767838140161
270,-15.286704195273282,-5.977453367969053,-26.755771155306928,-11.618024415782292,-27.444031168325537,-5.23860068412885,11.62991807888261,11.168876153272759,-27.150891403901586,-8.613348585017166,26.39608850639731,23.127539397468222,-26.11283347560641,-20.112568632282635
271,-32.4391778689461,-34.93277163732466,-19.03507409319905,-34.268736401728084,-17.70861197157044,-12.610986297297972,17.394325847035685,6.500536529464485,-16.950919569073847,-15.490124810357226,49.428270558050244,22.476714000166766,-37.160711056867264,-29.201810823516745
272,-30.789720053646704,-10.897929920448169,-37.160476321301836,-25.881043111175813,-23.08124213466486,6.945578907496821,9.373274004534336,0.3577148806655902,-13.917308613894884,-7.416548959952506,45.16616594093428,25.809071736878693,-35.43512865640841,-16.67977238079072
273,-75.49273006043782,-57.066668446036864,-52.105812585368795,-45.36715759553365,-21.297007846384417,-23.66611263535025,10.487319011954083,-11.869370742216429,-24.79264272065252,-19.026004276261073,29.06977691099197,11.246048210506766,-37.06549084702532,-32.18301212805642
274,-79.87774569179136,-64.4811439872098,-47.909250616100955,-70.35424057374652,-42.24435755625449,-36.8080080667549,-13.061629103108512,-34.10752059205841,-8.676823005608014,-5.02394484319948,-3.988813631046318,-10.993815427443097,-28.607065364863733,-39.765185652268364
275,-41.52973182908437,-46.1388875395322,-49.75133677139072,-47.634611687827075,-23.37267414881827,-20.35609021573591,4.6720000638912875,-6.837456746418965,-13.23077786851176,-19.04593839030823,34.58741219961361,7.766166965726866,-24.461123676747327,-24.103298345773364
276,-12.812220517156739,-0.9182895587569857,-35.26755727645634,-12.269860032311257,-14.287009856212777,4.994843717108359,1.5162512093954779,7.627194352128818,-3.764049127815238,-18.24150408696821,31.23832408915679,24.917987764380243,5.377816018697579,10.332331666487596
277,-25.33101231262777,-9.957072056615852,-28.634531467668562,-36.90392453781422,-24.810980961270637,-15.294102751929243,-22.328294314314785,-14.150379456274521,15.47498966488518,-12.27618974766859,12.807477427460082,-4.76892657348937,-5.1560137237113475,6.0734977581021035
278,1.9512052424304178,11.606074014665293,-40.95630360827565,-42.32870226334552,-8.630473664406138,2.761178236590364,-25.793457941515534,-24.69467693994701,-6.939662073940468,2.729289107266317,-13.664831247847417,-15.204786496954016,1.4525984573669166,5.015715853782857
279,-7.807865872284347,-8.59982897341908,-60.82072226338764,-62.74836545522908,-33.672951431467204,-27.384110697967458,-44.69788074947177,-43.820316909954826,-11.162654730824977,25.210598042721237,-22.801380594268345,-27.2455705724875,-18.120642735392956,-9.917079053780544
280,-3.2710202295600603,-15.635611423983386,-24.976174376088874,-33.716471272560135,-29.406685662881443,-16.039759556768022,-16.624800877495648,-4.9011148073033075,-8.936499691003908,-4.902926094189294,-12.885664316545423,-18.79928943543973,-0.4465895167903551,3.4368351713644527
281,25.569542628113272,18.033201519811307,-23.966200347365856,-22.044714166026075,-24.139313082515987,-1.6542380591021904,-14.512031706347026,15.073459322521618,-13.469984684818876,21.540911401783475,0.7456466353444233,-3.011250374018172,18.75812896716165,22.630964412971032
282,62.06934098977976,45.969611344387516,6.384105138569964,7.757360412049253,22.57097078456907,15.832017679227041,15.40724154999556,32.32250241326053,5.233752708425357,-4.986564011956589,23.369968043395833,14.079977471579808,40.068004474515305,45.018175142185584
283,55.67750078486809,41.7287644185584,12.810016945895397,28.166009512413332,38.624330312566244,38.813336245996815,16.104527596888808,32.24395311026929,28.314914190723517,8.014870783187309,-5.186351332451662,3.5490892650533805,36.95183685074154,40.67660342758422
284,57.98327202646428,50.49262521653451,18.558745338688563,28.819754105956413,34.66705917257498,37.32998792268233,12.192898411037119,18.595284826088708,30.68474298258832,2.6426445193471038,3.7277246028984057,13.169222047721563,41.415195647215405,44.51085701841642
285,41.60125217041123,32.93174809740408,14.586264073120413,9.791942035871498,22.40083287946622,29.27015192173298,-2.5853004882286945,8.304362860415504,-0.03794528282003551,26.635122860066886,-16.36267902144776,-9.972424641536628,17.518185870549157,4.011679565111386
286,20.60897470560229,31.165025082704773,-1.9596999926882182,5.336139215668682,32.43206648042217,28.483658928305577,-18.413953367491825,-1.6167063740347252,6.482667781827782,9.431979609532172,-35.61637532658957,-33.60993344779167,14.798018323691679,-9.572588422604474
287,20.576512148090316,20.86950274867745,6.892212951628188,23.387280405967395,18.737555639633722,9.633154867901107,-19.331398343520068,-13.372525428386211,8.727313165583181,14.510168622687985,-90.74944467791934,-63.61582473344404,3.4718574251059926,-13.104025681293582
288,12.559024965649915,20.110981606851936,-0.41333023211632874,-0.7916591045144423,3.7712242007455723,-8.418000810179857,-14.060484826673244,8.474202677094983,-23.221028997768013,14.91497568599683,-65.03104495945567,-55.96181248397206,-11.757898774687664,-19.741598778159975
289,26.435349515111106,19.36834123251671,18.70910807464613,23.44663436659235,8.816597300263737,-15.900717052272949,-12.126778083640042,-8.667396775065763,-1.1466616874358095,-1.8388163452799615,-83.67409195530783,-54.570510355250185,-11.391195294683449,-16.75643516088506
290,28.29592777948791,35.65700306362364,11.443874495500843,19.91902392736068,1.4854399672192329,-5.455825569473919,-22.034686845649897,4.29202285946581,0.535752654956149,22.151650842040826,-20.959032314116968,-22.637569674385027,15.572273173873608,9.916040353023293
291,-8.569790817304671,-28.143847731378973,6.98593869130264,2.818890227561504,-11.388088657388952,-40.73510494509593,-16.08171489824075,-9.324762588292213,2.328898712350064,13.847740161251348,-35.96825925302618,-31.733872679984202,7.171808421070138,5.321894064756527
292,-25.498674135653555,-36.369993754145845,-15.152099514376863,-9.22211419516784,-25.59203974904198,-51.5657207285469,-43.12985827245148,-23.754450377705133,-0.4606026251378233,10.172038778567007,-64.26689750362809,-50.27763480509699,0.9862567009360921,-5.743755696864139
293,0.30778159113513304,2.835424333916589,-7.592584179792202,3.7950868180423374,-5.561197523432775,-22.40217791543935,-9.260770937319313,-12.398950251118228,-25.712738846686992,3.7036872721879934,-19.061304355600562,-22.20713825259441,12.023955486161272,-7.27304255558765
294,-18.746677479046205,-13.779754688154021,-5.874255076378979,0.17696487990601906,-17.29652505638719,-23.949216003208043,-11.737885047374343,-3.0292290143164338,-18.25832428865572,4.955470520309579,-42.655732510998405,-18.764839275638955,-11.23428502879493,-10.476661158622498
295,-11.933874961053325,-17.097852445162324,0.7713942815603048,-5.970345154165187,-20.166816065007534,-20.734994123250836,-1.7095526917115136,7.175264111846912,-8.156078819044458,-8.330696068029507,-6.260848222890873,-4.967143597714884,-19.305025028480934,-21.244667056357983
296,-26.972095076607392,-27.896416718144508,1.5886551990366236,5.1557951966817805,-27.021989511743413,-5.570627354542332,17.957424250797633,12.250635637766223,-5.903117832341716,-4.173212026658385,2.2758490358588386,-2.1349491365501154,-30.943501384171007,-31.626564782667298
297,-17.761156835427183,-10.885075160825702,-2.0384102588803756,-2.8986872339298606,-17.640318060756265,0.7773393588521825,18.208126541595156,11.534072051038539,-13.166615439363175,-7.627542746809211,23.48722122366756,29.96613369636367,-33.84894538402792,-21.99231944757079
298,-44.63655225032156,-34.09789654288152,-16.158184537980187,-11.438400882687775,-18.841957117257586,7.767858480453802,25.285748710193673,23.293718475677302,1.5942669831568892,-20.331417410518053,15.390641852938165,27.413619019130856,-33.52125541548208,-26.27999998511673
299,-67.58363455617933,-54.66750885350793,-30.540490781206625,-42.26151076815722,-31.282801955241503,-19.94501498196132,-5.441115453839079,-3.3239610030116067,-2.099767950950668,-17.513542078886875,-1.0115250181029691,8.591623784403838,-43.53535603338142,-30.011030463717816
300,-71.37615355392528,-56.60938816686714,-7.728189260415149,-13.767613260345957,-30.96524481872667,-19.38731634352073,-2.909339060114263,-20.45534188077071,-18.27489402970372,1.5269133456854194,6.487248333727543,1.226819054813488,-35.09513089607535,-24.046414245665073
301,-16.447041118718964,-7.528980345758983,-10.475326440300215,-15.08952213351836,0.768331916125824,12.813874303417027,-9.661456425120889,-12.353269661980027,-3.500167800053332,8.15072581192959,46.127418917738154,33.30973816480326,-3.0144794104976,21.016382594427544
302,-48.47707559259896,-46.7749011773749,-28.28830051741276,-51.64368909632132,-5.632608716602599,-19.735685829383772,8.98459695956301,-12.091094295115203,-3.0346157860169427,-7.781807431713293,-13.909806256386764,15.921406144683772,-9.49257421154551,-2.4948831530797446
303,-39.87463770738582,-33.22951031497593,-12.85224337837778,-15.947492255811033,-5.0666597221196135,-3.1517976076372167,3.008201147790093,4.563812707320375,0.5690007722068184,0.06039527735179995,-19.617672921001805,-12.746402500905491,-14.788701739641564,-6.394163054755671
304,-25.659136385996163,-15.546984769263808,4.9076082206893075,-13.161808869038303,-13.656657909652068,-7.130347239908223,13.392819979385223,15.894444495324635,-2.3024641134812525,1.8493544505759436,-31.938535089638,-23.502899967216656,-13.187229351094068,-20.92014637912695
305,-5.161875166850693,-0.22161955331520922,14.808082486343395,13.740874811306597,-8.905885082694127,0.1473690430463985,5.698289866912079,14.84886677315726,17.000455633844492,-0.33272441206908665,-25.478948204940004,-13.597917618192895,-22.219867883222808,-21.123077338704572
306,3.3014981904501877,6.0995153106700055,13.26705489873826,-0.9144940227098434,-4.631974662462776,-10.719811966714335,26.30897439006045,8.064420805413757,-4.610536068658212,-4.4694342650833985,-10.4032135321069,2.3138313640688684,-21.254072431667257,-8.462145867176112
307,9.976342428791177,11.355582702311693,24.04766159026862,3.0388764393548717,-1.5745981099033584,-2.0501916898589476,21.255434407657646,15.22315797681723,23.811174402142626,-9.24608229130106,-5.27127046973418,5.010950848469806,-4.919288339867663,-8.381655085998364
308,-25.221975256145814,-28.994986851336293,-26.999270886434445,-33.18561467780984,-43.055383101418094,-41.961050595576985,-0.8460411067537065,-11.720484460987771,-14.33457256503995,-26.489311649611945,-41.46057977163052,-23.629376823416028,-16.42555285192596,-27.808781779340585
309,-21.919586885722236,-25.448671715057102,-17.160140250321387,-36.74508804250962,-39.84352062907406,-42.373159673711754,-15.070240305316744,-33.39755894010416,2.7931651928909287,-15.711388644044325,-21.685304034157756,-13.324450065306463,-16.878325801021507,-39.98997732572239
310,-7.458277991395407,-28.727598014069542,-27.71533180945619,-35.16376964236866,-24.673056249518876,-30.996190112483532,4.583666857638823,-7.297069007928499,-1.8133201937535277,-10.854489235637734,11.93375082558552,1.9513172032948063,-0.8975796784964911,-15.271029710534412
311,15.25697814140763,-14.179779439957832,-16.156249795682786,-17.911256227087407,-3.35805886966551,-13.26859065855106,24.784703596253642,3.151218900123922,-4.6690695567731035,-10.77104272400681,40.917762441642694,22.798805395058174,10.756382138982861,6.197198523127417
312,28.10646886040546,7.841191264394445,-28.826571201883795,-17.357801612752304,0.31702876588365303,4.009898426331086,-13.217350448710226,-10.913043098070755,10.391971045758972,1.463378763700717,36.311551603524144,24.853133017123028,-7.2666528293354355,13.053579596446669
313,-12.751781365072441,-5.104873744882321,-15.170287861827077,-28.466538893923882,-2.9183474375548424,6.129997065080123,12.210382508438895,-4.417491682625387,-17.161840062070738,-11.180543672879805,21.931656859198718,36.07559636433994,7.963327284270689,16.062803816977205
314,-3.1399959040808816,-3.2600370390382465,-16.68790226866467,-20.584622667806237,0.877867295529903,5.508476710405461,-7.572462045374471,-6.368861176913986,13.067046353544086,18.768666594353597,11.412767799983365,15.006352565784393,23.437205214728895,22.11142887838051
315,-11.043904110736776,1.6100904666111973,-0.7613826618504923,-11.177963356199726,5.346611886751747,10.552436564826792,4.769227511484215,-1.6263342495364956,0.02857175142519086,-6.957334205403689,-6.666799516106852,-2.4793703163358973,11.239483615426604,9.13423846495765
316,0.9369379350248541,8.96692554931977,-3.1366611412973495,-20.495881942196828,4.781083263511686,3.268704769033183,-6.290920948319305,-30.718821334816376,-2.939473202107908,6.924405116000591,-9.544729428415728,-8.312187468462145,-2.665947362859899,-2.5031984238428597
317,4.866693492466317,0.3277113069071038,-2.6326341915059985,-25.516327473101725,-1.9999039265341687,-6.070440972137479,-7.5252306572818295,-16.406692453308995,-2.4858155381712526,7.674601873772535,10.600101908792656,6.11674393862636,-1.4307984582718087,5.867866182995436
318,-14.164981232859256,-23.477753439387772,-11.966346718667806,-15.525800318270466,-16.658994602435605,-23.1790188826989,-3.053861375614352,1.9601162591537673,11.197390584536734,-14.958133071064006,-2.3528369131685305,0.8927420939720244,-18.591872954386055,-15.386019719420915
319,4.701413973237743,2.001105574239019,0.9239893592425444,5.743619617593021,-13.670932662334145,-10.529292731187946,19.814568894425232,10.74096307328627,7.154904898453985,-2.280323391239035,43.01324555239263,30.37913233680775,-2.58770657939144,0.2041653037791898
320,5.766446623974406,1.056910353176964,-0.032481767730111834,-13.613808614716291,-14.737097326058949,-9.201667370895953,23.70245283757307,12.232784473660406,5.868384248915246,-15.209059273686155,38.264496784649694,36.051843417770584,0.4083265618154368,3.8806813794249098
321,-15.343414991171175,-28.62748404415984,-0.6440014609861748,-19.678125087165036,-16.132868160231617,-13.945694809775691,-3.136131870781693,4.052802176460414,1.232967397477181,5.575236950885673,31.088601564444346,25.15328691502242,0.18036237119727494,3.3158354114983863
322,-32.81193127140525,-29.655335497426584,-20.723996044930207,-14.94230830951535,3.2052640752713817,-8.905550347276215,-3.019139642442949,3.024809205878636,-7.8369946380782585,-20.00583658927063,48.99783471906244,20.88893937443581,0.27765331621462946,-1.8355004519075313
323,-31.064777658519088,-38.805729701990174,-5.391832851752945,3.6321231793760727,-6.8576431785628795,-11.738855222981003,3.469461859964516,8.667889403391618,15.530978338588158,-20.909971536359055,42.53910984673557,16.250009347674993,-7.526773821118951,2.6618812416192013
324,-37.02977345975697,-37.51881299285006,-1.3393768161612056,-3.7875256822864376,-1.5194805908295113,-4.123074228667237,8.569680822637833,1.6655731644446405,6.258660874936871,-15.77272857464735,28.217798534692633,12.03334071748889,-12.120789462487824,-1.4627481520569576
325,-30.99973488655142,-32.431729056770116,7.273325979894243,6.613014014523358,-1.0712093570084096,-8.826333445100733,3.1964205406492154,3.86173878964102,0.9200270844385088,8.43009022366066,-5.4045471899093425,-5.63027367287114,-23.07321394244495,-10.671451024896692
326,-7.188542444060435,-18.059372822161063,28.52183222155981,9.109823471752023,4.334371857161795,1.916189294702153,19.80636131789161,17.205395236713063,0.4900525259365433,-15.449830200043706,0.18846006451000152,-1.2254729165842133,-18.52564804541165,-14.721618103161363
327,6.984282824296886,6.48219504138047,34.07245621712408,35.16669388156062,9.122034035126738,5.551811113527548,1.6915524467487837,10.734338452595322,-17.267419845303902,11.618250211780225,4.421562790680067,-9.715998297263361,-19.82237748163838,-16.425820529362216
328,13.681825651398118,3.121344008105572,32.3657825289924,19.507199889259457,12.67991479041399,5.496283169164536,12.627309748589145,2.6445267580045195,-1.6212988076947912,-4.410102204910507,14.77686162655031,7.188203819265652,-18.425442140899325,-14.15983360946953
329,22.134867889380722,15.843135435206253,21.322566407804914,7.362031546625848,19.285181171535278,12.577589124464103,32.795060111178046,3.1766144965926957,0.8860621114763406,9.743830702949936,8.316131354350924,11.209070463574024,-11.649020770902705,-13.056695131167059
330,16.344947389162783,5.188500048390864,27.59347275354291,19.131798690411085,11.185606024937185,5.352279989260979,18.163733417606302,5.357638120723104,-13.389969001921175,-7.3079224579757875,15.506729507493203,19.984095865556956,-6.614685055116466,-4.560778912414024
331,-69.19002935479352,-66.51949685327801,-36.650684234698645,-43.089242194722196,-46.59974910144522,-59.14592097693329,-19.295575683916788,-46.33199503396481,-26.456864229852545,-7.11863155137997,-27.619030182759975,-2.504562436245155,-53.48829874652161,-42.789809401030375
332,-31.015077348534064,-41.2537534925007,-16.104743896976988,-21.6867531496742,-32.11958199644536,-43.405807681726806,-8.237748127577513,-25.00863513933174,-4.024740312636855,6.502858272763172,-27.85338898267261,-9.028599450353653,-30.895674966820785,-25.50883195735289
333,3.9354732929647267,-1.0034506394355471,18.14003168455476,9.28466217162842,4.69660475144071,0.8750293617329045,23.127375509134446,12.652876154762973,16.8245302207714,6.607903959046424,-20.838036857381056,11.852362057783735,7.650014784556161,0.0017270433726485573
334,41.463337377723036,37.36523188085077,26.983006405882445,43.938609758135016,19.16401515309627,24.76281945868515,21.39373418530855,24.457378187663334,6.889056098750456,4.529886058235649,-2.184478552688361,12.395754873201978,12.745304084996976,18.369597383824885
335,59.35317225970064,57.32080745265942,57.97949524390805,53.48871719322125,45.21237297049021,41.94338145303696,33.53318604068632,40.08823557284792,-2.9305082204573876,-7.9116868958594,4.34634093613771,17.497814602214344,16.167058747081537,17.71708079726253
336,53.016718314650866,62.82888575780047,65.3872421173715,66.3038777837784,46.30704848050916,45.985561156111366,23.209068311631594,32.03914169947952,7.9222093722866305,4.694753301220212,1.6218855045709315,0.9911354179799614,26.159570792075286,18.371355133644993
337,64.41014829522564,77.42279035179506,80.34436063967077,89.28135394813636,58.503520730503325,40.836497713518824,31.245761576306588,38.46147244520778,-1.3448884159245245,7.932254298070005,13.067907699128398,4.607198578702216,37.308571253390056,12.986614827039775
338,20.948842274360143,25.43114111307259,46.6460630037482,43.8822391380622,28.52628280838598,28.74628583874588,13.284231451442707,15.935291042614214,3.707543546542613,-6.602296004941357,17.95255172642061,3.0818415035421296,21.860176625259683,3.4602398748011662
339,19.876701390885508,30.15591578603758,18.41514006742405,32.2989750229251,10.211693250160517,7.130508612935835,-15.610599477919836,-5.993941213655811,5.636976219795333,-6.995626988738719,1.6579101721505296,4.62244647619008,15.13910169321874,-1.5102776595381293
340,-7.930118165982535,10.769525329354064,9.886913608045566,20.44679816636262,-2.2668653632856763,-15.273771109265416,-16.605987695301984,-22.053303317201415,10.977842816752819,-3.1515692635518096,-24.12748734525055,-36.057918574742395,12.348075109101627,-9.615196165487848
341,3.7047353971630588,7.902012984444085,17.31245440221498,31.303227038887982,7.640134174776008,0.5401100770207766,-14.007728477691128,0.3878134119656364,-26.424780477904818,0.13653436406607256,-27.41750325983885,-25.37998547641793,15.015850661464231,4.8161900633765375
342,-6.8164518442166715,-0.706014430000991,16.29530654239138,23.450737454550985,7.4262810368142205,-1.4369954357162287,-25.013707501174594,-18.929832548186006,-8.878730421745225,5.181659860679996,-52.33360607609464,-43.06824784224952,-0.16739280919194732,-12.420238444447438
343,1.6239933247405451,-5.599243218489134,3.7916283105263062,0.4521908713007934,-5.250188928678577,-8.181856855084082,-41.17286418542202,-27.90071044082212,-24.596655166049526,2.070580620574525,-42.183768323788385,-42.68227980027447,10.114728926360272,7.679844653586605
344,20.569648414028418,11.092089878938143,31.034790107242177,26.358275353128526,16.11496976294932,-0.6515028458125014,-13.480155562526372,1.2450419661633774,4.038047793603141,-3.225603651656753,3.43202957134707,-11.346260496066698,36.053932192156346,20.284210553168034
345,17.021262025612184,3.0080531870769223,0.2372131905953291,22.86375255256388,3.671239515920867,4.868595394859356,-29.001071727555182,-31.876333419034058,-9.648032701572541,3.8618944377955513,-3.593807172116569,-25.953712784944244,37.76833795123953,22.373825181655345
346,16.883835544251383,9.760370946382217,1.7627656455041967,11.766435516742677,1.6520151966028802,2.221005463979174,-35.15547207219921,-26.494083787600594,-12.257878461162136,10.374440225717617,-9.620543326007567,-19.611914313773617,18.53302459091716,26.966810082245164
347,29.586493450490845,11.334436016208535,-10.514219116049185,4.042061451313611,13.192400891209182,-10.701218821861854,-35.924400200772226,-18.01181634608563,26.14177290104494,-5.539756181853389,-32.205291814544935,-33.3336302115553,15.923432734149637,3.1759054349262086
348,39.098242463021606,24.38325234983928,9.768692966942593,24.66487878408972,14.33589360674714,11.484588992906184,-6.891657357184187,-3.036690355954722,8.90411121412423,21.2969293581424,-10.572074163580385,-6.282317228324234,17.253956363562864,11.109340501080199
349,30.888343756501556,18.29268544231826,-11.204981440330156,12.814967726219482,-9.29191890503686,8.59408211839203,-30.5613147764091,-8.357622885448336,-4.909815195982507,6.739057723862409,3.6738682670151706,-10.674472667880405,-15.600719584684477,-14.9016399519657
350,35.05323312963964,23.656398865604544,6.414395598044874,10.834827894764128,11.417413858784897,8.013510708823482,0.12684275149595464,8.789014180960027,-5.046031904979247,1.2485180931521542,4.925770381422435,2.2794284363781983,-5.362012495724032,-6.660629626326449
351,25.74896880232704,17.60250730062582,3.8778580177859383,7.865654898513267,4.109072778384303,-2.2394568614062687,8.691227142595183,5.080015736074632,4.105068459403475,9.411069520445706,40.34376886582237,8.457327338410046,13.239882793026137,11.798705571936544
352,10.610691731945273,-8.148313877337834,-13.931577497211679,8.415501550325185,-6.59056012700579,-3.3838090137164802,-29.66341231936357,-3.437204097275908,14.133205826947025,22.210822713070737,-1.2175086554994206,-15.089058211891057,1.9837410332599617,12.224523832429737
353,16.904131548249627,25.904246430951336,-3.119151272888908,7.114685450115559,-2.5797253711589474,0.47391216103775147,-37.53076788366137,-22.497188666539337,-3.662776894003509,23.266624389336183,-13.182080112819616,-25.9799119317063,13.746731928405143,18.544105646666484
354,-19.065192101040207,-10.513977870414227,-6.075734257827649,11.675959860201937,-9.319721592283653,-14.336441741548073,-42.25763907106636,-37.84930365626123,1.5651009283406336,15.107674973821675,-20.07998366253593,-26.762418057129203,17.42807656787156,14.058179540450926
355,-31.213558797746778,-27.14507843469058,12.971459877206938,-3.565636893853358,3.382472164256899,-28.604779820626582,-22.73641728069672,-27.30978649754662,11.470459269103278,17.569505918652688,-20.614074505017182,-34.53746380086821,28.425855506149386,2.4260405865905987
356,-6.677976590707307,-8.458146523494205,-44.131953848530124,-36.784042248381525,-22.785424430497308,-23.21157287305046,-4.795651303213366,-16.697706694939757,-4.5498327950212785,-5.81023193458012,36.1976520318712,27.034757656439666,-0.27386531635169303,1.2356086561404245
357,-0.8073135572393539,0.9794624384927944,-7.887129382461939,20.552313312255478,-6.630993087899131,6.169600436220077,-26.38624997153514,-7.701645004773613,-4.612810048370263,11.649206257090245,-39.762102891001284,-35.788703589056325,-6.964570376409776,-1.2632898418418526
358,11.356071703025082,29.410372251813676,20.87293285403236,40.53787394565929,27.92824493351085,41.150681644452575,-41.956266129124984,-17.594906710030315,-12.594029152834487,19.208314958338164,-73.87520271797757,-66.04772753877977,6.749936043585038,0.8611859427137684
359,37.81254042374314,48.22978114401239,61.633642282511005,74.53383689886377,37.68170264360119,52.55809144655476,-29.670038070464987,-7.0314655580963095,-9.121258602374573,16.314695866729636,-82.58335382333522,-56.748420819971244,1.6967143832580736,11.443094021332326
360,39.633911673514234,59.07318801077508,56.411742210546755,91.44177721184795,41.97152757100365,56.80890032939613,-10.20123801138561,25.323642472565194,3.3401264371570805,26.562231791024303,-72.60321797370382,-44.37570619397147,1.921613363497107,7.812199242977212
361,55.4058363183182,75.80729069045042,74.47145646412297,94.58951895025237,50.20070407942574,77.78866365156402,17.359881207479052,54.88538430913608,1.5768790778295074,17.668905468639114,-17.385759157506914,-5.368516946114249,21.452234297723788,31.59190787687788
362,54.873939839181745,66.05787170772655,49.279619495270786,84.64512161745806,52.562068966265635,72.59111404513429,31.304579707688415,57.11620720103118,28.189382878678103,7.186702368448409,-5.2582778913904225,12.536736879499355,22.865068453908652,27.320067463181946
363,11.962022675487468,45.68194099849653,40.981261647198046,61.537137219964585,35.79816036390028,59.54467938400867,28.4773632508515,57.097387026541185,-16.482293347286973,-2.127820623175144,0.1855911008468416,12.648191012997794,21.855263060894266,21.99467217826485
364,-11.107288948796999,12.97762287160884,-18.063523173049244,15.492123542181627,21.15205560346623,42.843319660955615,18.166111215371565,26.60873316831138,-4.66573609467131,-0.0016576837368464936,4.2750731088291705,19.681441169185575,23.648938800018115,24.055044243876512
365,-12.278213530496599,-2.0339451592181774,-18.01729261726075,-19.907108406960557,0.7796904698307916,19.40158176619327,4.132142106882628,6.408439354610673,-8.148106128757446,0.7844807600525028,21.385011455299797,33.508497061042846,31.162041000240986,24.383237763084797
366,-20.006166400088603,-18.5678915076911,-50.986578360908794,-50.77005128017879,-15.683888593795581,-7.791351144346758,2.861552885147041,-11.949665486119166,9.646529260380744,-8.479183330236037,30.578500728761444,29.351061050338096,15.5554073512298,4.127952291295363
367,-28.66587522498465,-30.892812548195543,-51.231090409334776,-51.922772605157796,-11.052356747348721,-24.708880919350865,-0.016479964633180293,-20.515599341243494,12.015391220772388,0.7376932270676075,-4.717423211869644,20.744486598695687,20.774503320684957,13.460944325334141
368,-36.63599441245736,-37.60614770744145,-59.29949985070716,-67.02700639326866,-21.97031954053188,-22.791566170852768,1.7435445663225277,-20.473150053351134,27.881968126304628,-18.509535856321413,26.38684343292265,14.955329546895326,17.56585787162892,18.71919397131914
369,-40.532465852352956,-40.26869160009619,-68.41299552126966,-61.754844848891835,-28.739025481437704,-43.4887896131648,-7.398047094435667,-21.657056697153727,-0.7310265826351751,10.81977970742432,32.58447899980513,25.729933116559746,3.8547844467746684,9.051670089680801
370,-23.220627778787986,-31.970032250098697,-48.97431891784981,-50.57727818328499,-18.41979660757186,-36.49327483481626,1.9067311557420135,-22.702636128712065,2.7008838112995597,6.4097654640676,7.1589436992436655,6.264192130712451,8.18853191063433,-12.63934554388432
371,-16.35064899561782,-24.459807347469546,-23.172927887192802,-32.18189091180609,-2.845138893794882,-9.453057338231437,13.444164290267993,-8.860295315604379,1.5502421225603662,-0.11794908442208918,36.44847076650072,26.678997966498986,19.973299632503583,22.651839575742976
372,-23.520522410067972,-30.211230699017975,-32.61901038594249,-29.2769800397179,-2.0185279258476347,-28.883728931389275,18.226474393467324,-7.738833700510263,18.78623637555638,-3.0458652899364935,45.68010155137123,20.997415466106474,20.1042524016482,-0.07318225066561045
373,-15.640248894103074,-21.795196804350176,-26.837544844705096,-36.520486214268495,-11.865453602609564,-24.095253921812795,19.960876395090757,-4.413997926354478,-21.282628796233254,0.25107760095709764,16.030646258400193,18.982878355929255,-17.635538836056384,-21.907578021470748
374,-9.839035474196015,-12.934353882981206,-9.780225304295522,-37.012017074721214,-13.649998559382912,-17.801993222098094,15.444593203021698,-3.416741277804791,-21.49127321964834,0.5218845178841933,-10.437504280132293,2.738663231137024,-7.441731667033076,-14.111025331317375
375,18.324430472797253,8.279553436554226,-12.305183655755847,2.194697527043838,5.611218770008664,-3.119075999513456,36.55982185187885,8.066638063056123,3.756109977233654,-24.731396464983476,41.16880222697829,30.45619397563508,2.904539917184136,1.7238723836055412
376,11.737962480006397,12.603293255289294,-4.593894647632573,-4.020441540839844,-4.79895232715635,-3.0987103633294018,30.537607989456436,18.350045246205962,6.949725786703678,-10.83720707822672,30.671836928612286,26.79353199440139,0.19089239587637194,-8.929123572514358
377,37.50451741755726,29.714132328547294,18.10640189249312,33.34762681902243,-5.4460085070632855,5.315079825112428,38.33271943695909,38.31809487435193,1.9333064538387486,-12.238674773975179,60.10909649817538,37.87451635253003,-4.854877645821093,-13.687450603144372
378,19.27549047869296,18.317404746523174,27.606698183456583,31.01316994405747,13.819451120104134,12.187997878246064,51.03889651989853,23.23259031788653,22.742418035073808,-9.781498197374242,44.45867953657754,29.135176877161225,3.110505790542489,-14.744924378365102
379,4.524584534178625,-2.527567202361059,16.48326469152047,22.957311354971033,8.539479318732102,-1.334126796742316,40.114480754672,24.26727598202907,3.1852841145301736,-15.746727815606352,47.02679604703437,36.319830240591976,5.231491645399138,-7.3006186646959454
380,-7.018418341140083,-10.021677818537352,-3.433907915397915,9.200783471812578,-8.47992014559441,-6.631380592996939,35.08891753927817,23.429716368733192,-6.948877130489695,8.142445014117023,68.72108685292886,32.879368883896184,-9.431992848581746,-4.211662758585525
381,-11.448496497161223,-9.989101832574715,5.877976838219531,16.9740328904192,8.171705833100528,8.56949884174448,33.50090318822604,27.458568331768458,-13.057753165516852,-17.12974121927913,38.14616355415074,17.970940731624548,2.284325064098454,-3.141614568036133
382,4.791651080771293,-5.335203972445469,4.032930390863022,7.413404174198742,9.316562903788157,2.0769514241776523,34.418822664421704,5.781826315755971,8.189151700891662,-2.414170226181422,58.395180816579455,35.13231039685801,4.766325800612453,2.9153729561328063
383,9.436259098099743,9.85797216733317,12.478675441944285,-3.645133542786779,1.559957860484075,1.7532021594859057,37.968010227493174,24.079412507468014,-4.958789998515722,-1.9653289982430653,61.73301107016681,36.97112536293728,0.5380537095694268,-5.881152918537655
384,14.005227632638903,8.052797347192643,-2.7321172438836676,-1.3290670419260804,-0.2613466500638211,-0.22157976128910725,16.145677874219135,7.339033651855383,14.091850758858188,-26.967665217325596,47.93702071129236,34.60988254356694,-4.467432461176739,-6.0236903970615945
385,39.28926541278031,29.01831836777288,28.462147573623024,10.981384508857632,15.619206414655123,22.842971279836714,35.051836039951404,38.67984891467895,2.519594501867386,14.480528465519455,56.81240805153803,35.18811818582647,1.9223550001390275,6.7861759832580475
386,34.281366522011645,34.79278747754988,2.611416360388296,-11.971710978808199,6.028212061038114,0.2822825060932089,7.598002323715917,-0.8894986569316672,-3.53536166475878,9.743123582586547,34.241303872010306,33.44125757761601,-10.363938331099487,-7.359258361572625
387,18.76372841887273,21.661167323066035,0.4266590502203839,7.283198636482192,-1.5219987942059876,2.6516620329972573,-0.008474013492794847,6.003921375889126,10.346708613858114,2.0433933247121523,30.738846668314608,36.47519678921512,-18.96191495186631,-8.723196696708978
388,7.502501185107923,3.2290286753580117,-16.73765314695243,-17.22582808400966,-16.300053893752793,-8.834383548391283,4.3196900144650865,-1.4287149814836788,-7.468931283962906,-10.55817948691921,-13.431682012313036,0.3779883630025906,-22.31171637149042,-17.23484069545966
389,35.02068698963981,27.952980741954363,-4.254010301097267,-17.226075477383876,-10.819126511180395,-6.029250623534098,10.901362941900087,0.039842454992766105,22.762457320515864,-10.530178514269826,18.450934906311602,17.717185969213492,-4.509412415985745,-3.4092890869859374
390,40.71865101508726,43.37793033843007,5.753557172718331,-7.092987139454719,5.940717595628192,14.800226214225862,23.014244625806136,22.22668067889742,-1.7938554069484252,4.431170085024123,29.59133742288591,26.266334808998174,2.6286667061706277,1.697826655200099
391,74.43363751681608,69.56661944610013,-7.920552468006448,8.456561046622097,12.243571786198178,25.207606657561676,26.47234430019083,33.801326472094935,-22.406498338393572,-18.313016111380243,46.336798375757056,31.80883879307565,4.287307753421397,5.23317073555415
392,73.94813138972061,84.61834677750699,17.616347162518338,27.727728451667545,38.175125152682,44.478732754097955,28.118170941506396,37.46709663926758,7.103153971169281,-9.550383845234531,60.49289916195697,43.2306643692513,7.671661096296664,3.290875941650202
393,61.26304959783704,78.63365933572405,10.614748707752458,26.252371090861473,24.269722668766445,39.93047478821416,28.767445213931378,33.46808269994721,35.28198729140746,-17.659960827444458,45.09690318220939,52.67830390628696,2.5156850313465022,-14.437268339135192
394,30.685808523832065,56.921684583097246,11.966639681818103,19.24028471093557,16.42663926217777,25.772175393620845,31.75590188900373,20.593095145366668,-0.4376399887376472,-21.35251594098911,33.28966199632093,32.80839960984577,4.406636728398676,-0.5436780456792065
395,-31.006235477949474,-19.430674832827727,-22.624943703664986,-19.955295060717678,-23.15363245610428,-18.34448404735317,-11.36633365414616,-20.332828113743325,-5.035879830112075,-18.587982239465244,-34.08678871048399,-23.807004387809357,-29.92702721460859,-36.89806592809771
396,-23.57487903170131,-30.825271621845378,-6.227194330408291,-19.19507455589333,-21.833223162982783,-23.56495807158218,-3.497659404699314,-17.942070342310238,12.654220137997529,3.351561928819086,-54.78994253999062,-30.259878850496584,-21.736071239164446,-21.121568435195684
397,-48.163459358346906,-40.863141832562874,-13.338320594769435,-19.798588089363445,-32.83911822130351,-26.208435512801277,-10.504451630400213,-9.253368839814273,9.76963708064963,-8.557558090399262,-60.581049194116666,-31.911614143746405,-32.88330937045852,-38.133329217435964
398,-28.539163996533425,-26.804045371688698,-1.1023646659316613,6.6343890569488675,-27.632043097074806,-26.992331546201296,-10.275100320494028,-5.334277595485174,-11.497710439124829,-10.475067055595188,-20.364288631423573,-25.1730900595694,-25.02154084360868,-22.828872002833194
399,-7.628080849999638,-16.028526162287978,21.372346888669536,6.480306766884679,16.727705866957354,-1.388343790553127,5.838963738352894,-1.6639587422555102,6.895973806561822,10.925584179589134,-34.44502672286153,-24.38414701214244,-13.050137119909436,-14.840487523532799
400,-12.264753624096066,-11.192230536424022,9.165319477155922,-4.653696965530046,-4.503763459331029,0.8291554437124885,14.642128734874651,-8.331954613428056,4.503371784733795,-1.0869227904364904,-17.527652512143604,-15.096307606550024,-19.915582006815978,-20.224678011728688
401,2.119179505018857,2.0918447605098707,7.304584593694954,-0.41949428943895106,-5.885954003310031,-10.31456455098951,-10.582116713061497,-3.760188991143584,5.075154311265375,-2.0810142314867424,-6.849847959659412,-20.027151432496325,-18.067138190399167,-14.969812295321814
402,6.171049138025955,3.485552005127056,40.09146918582184,12.316034384206972,11.504375928068857,15.413507407042491,-6.338635577484147,-5.505511871104352,2.7215294868029694,8.422065747553646,-10.751495691981996,-26.172370548150386,-18.542318726029244,-10.506122136927587
403,12.39019868433921,20.837022148386623,26.41020333395487,5.840945248749086,16.96485831615159,11.472844979618415,-17.570799607874058,4.909072689988919,-6.896843770791698,-5.06384628582817,-17.145367538363303,-28.331138553585088,4.886066028469916,7.208897289496292
404,28.35663584267409,19.348061492134722,29.933406939222667,13.885202285575302,18.55452129890536,18.495675948855233,-8.785632513375782,-8.343702848057296,1.7852940924558187,4.190218105187303,30.343370167089983,-3.5937345149432582,-2.2333132656439276,-15.239834084569491
405,40.24637094453463,53.323152188145656,48.14531986023482,35.75963769423462,38.21877200507397,58.73538672203761,-19.13718977554886,7.420489318145212,9.94794348491061,12.130880391822673,23.71318239809527,-6.939253144420376,9.907762491055532,4.801888848333782
406,64.77379284585935,56.67334180226539,50.121594554532514,24.568329014275548,46.0152743625398,46.78577268035945,-16.372636179926378,8.136261302020438,19.67178540560261,14.738678991868834,-0.843781026398621,1.773784118200549,26.277495236770644,31.212841523296404
407,75.84033675812614,68.30515991398228,43.39811774285132,45.58108053690776,50.77995482223591,70.28078675034081,-0.2732791337326163,16.266049753100834,11.230433929283805,7.009890303322715,31.87654492391654,16.1473845207807,36.91090861707484,41.41406634222205
408,63.832112948658406,72.34746214182174,56.761297792914554,49.783128762513634,66.13566935917389,59.90991967109393,17.833788565773684,20.50090995794769,34.283845603248324,20.46322512742775,48.85777421977791,35.22856842097994,63.63215411082456,57.49644617097128
409,18.816596524697513,21.77610391758173,14.520583576551088,10.996181172270587,10.8023805336615,2.0456787348040746,-19.011392280813077,-15.686320594804007,10.047222427217681,0.41695601841763175,14.415985277193226,17.53264838792159,29.78378088883034,16.100129684368444
410,26.671709785766808,24.764411815474915,32.26820045947161,36.192379777733656,26.834505920981492,18.54909736926159,-7.008204927972293,12.414614530470242,7.744827996206907,19.13803777544095,22.031415261027785,11.499921111975645,42.405245742003395,34.39052774688505
411,12.836059546067117,14.785556766086406,48.01647891411034,42.34096127472395,52.835139585050676,34.91299919258056,11.32072718694104,5.77107626325413,-6.784946678787311,8.391135664834119,29.925656825079233,12.191594445772074,41.82889104826369,35.77585847526925
412,53.17157796971917,38.56794592318687,82.62699180105112,64.93408610424261,68.16612965863331,63.753710026081976,30.382572872526953,31.640907578836334,20.20503748641205,-6.8751805229278045,59.23486800009603,28.44803531348647,51.34721805582856,58.40355101320677
413,28.62759750183625,37.81649299001769,94.0467014987028,90.23973434041766,70.32559690728804,50.17286366892561,15.94551511600025,32.408567674412254,12.73673490467006,-1.4193364070529035,32.378281511448,31.529563665748324,40.670788219935034,39.93367308899658
414,56.61779856952351,36.93607434958806,81.51644277991818,74.6149191079568,73.92617403441497,61.418773054175276,5.143057948567803,18.771427743182045,0.749611103809609,19.07814148202789,44.203472829213474,37.7836229120653,59.67260452179987,56.26557861362937
415,55.27596832780375,42.81965655320819,94.4954258151112,89.9471597876345,84.5005509030336,71.52529271936795,24.73963432848362,60.25057638534946,16.110807159701785,-12.350238515499232,52.099145428040615,38.4012095429791,57.553771483496625,60.8844895442737
416,53.51924800486947,40.64740456127274,90.94653454857747,82.7750759440745,92.01543319620346,74.82884106117707,18.480704474617777,43.56561500593523,8.97488757227873,20.10066999216411,38.367439072325055,29.170589660046915,63.186987904641875,64.61517609689216
417,45.514000005239964,34.73306611474878,64.03880678327629,66.66706558309191,76.50490498440139,68.15681076915658,11.361115986770873,36.53602096432278,-2.0486657660036216,5.908738572920292,46.25248366872535,28.433016651157754,52.2572936402718,41.62106722973674
418,34.55228203396262,26.454537676576486,73.54926713532488,67.01149064494257,64.27804562567549,63.196160739475715,22.24250281972517,43.170469937772545,21.201920639096244,9.920950743625676,56.0017122583226,38.49512286218888,35.579678563819805,34.2124170304641
419,38.44544532424044,25.910865778501478,47.46337799277851,58.87134251154957,62.11063046917932,51.586203181392115,28.421069686369492,31.02136714796719,23.641819932612936,-6.878781954640125,61.69523046190572,44.760754165864135,20.020945349624323,36.19368219729284
420,39.116345763771534,37.82098832934734,36.64201062832516,52.595604901575435,35.945854186412014,37.076581270931115,36.12322857289134,42.920684190246234,-4.0647304558727075,-3.2895799164275097,61.69303838962432,54.43366507052595,15.269849124290962,29.352851438294397
421,14.327749555100711,15.131737409136498,16.773581303381654,13.552210946115821,20.11836645977519,9.508643298854727,15.016896574913597,26.02664085895072,6.514645611353285,-9.387879251535102,34.26272963720066,37.381091197127176,-2.878086242231263,15.015579237238603
422,-14.84905897058809,-3.6342102232996716,10.903868760862716,15.812848563085424,16.979753066391943,20.643831835234113,11.385060911961565,21.8495476178678,22.240413143148714,9.12638842013518,25.24197038173382,33.44330421714576,32.586618319970064,38.02010799007735
423,-84.19551772532591,-81.23855047011281,-14.532707554497136,-18.661735677199314,-10.43809205093779,-26.388713496390753,-20.472272262293938,-23.968426608857364,-9.247401301018838,-0.5293665207123188,-77.3619370044859,-42.982921896819896,-8.498502856989777,-8.100222437323792
424,-86.38567099001853,-79.15515877527501,-14.377476451267086,-8.449225280177696,-35.974668613077114,-41.925982171339804,-37.21898053746399,-17.908948960701707,-8.089799747475398,3.0930052881614953,-61.881316205064174,-33.39307152028309,-15.316779877538094,-11.809611069389895
425,-38.83129116201762,-48.74707135545999,17.701913698772668,20.2519867304162,-5.693167588240509,-35.70860507335964,-15.723752079153778,-10.923780519193802,-11.522235009721955,11.218915303852995,-53.30542949199775,-34.8712676336585,15.117837852315578,6.463020396453245
426,-25.585102134250235,-25.704812959146604,12.61065322840585,25.687526738016295,8.639658648864096,-0.9007555421604104,-5.633555526456363,8.349772691461553,-7.869990244682389,3.1112466451102296,-33.7150037812694,-21.915652371660233,28.867117409370927,27.550296882271073
427,3.6671187439396675,-3.115277135225482,30.796990106562955,43.23490404852713,15.651731008261299,18.196287746115168,-5.930839527280233,8.689791722241996,22.395883735370195,0.21093486784685034,-21.51314635235637,-18.308401653634146,46.17013900653433,41.203395037686974
428,23.61163189043415,30.708288938342978,59.57540748714814,72.22992691391835,36.551902482762955,40.38752058683912,25.39827848803031,34.342736939170905,20.855499508470732,17.829553212633876,17.862802996400088,-12.176703496642313,60.72028485277996,33.66750646774182
429,13.333008193400751,25.28701712760997,28.495264323805728,59.329105924422585,29.512215804266283,37.17998866550472,29.99561402525911,27.550013972255375,6.035642211106906,18.75244539142089,18.750417019964708,16.032694030523317,44.58405961364341,31.753505589373773
430,-2.3002595656102867,11.821967754580657,26.590253037384628,40.91016589935937,17.94349162220871,23.014643381316233,12.927903409446271,24.211296837529435,9.36418930626435,9.37836567831963,8.40549436786349,6.5122960203248885,6.199755774513085,-4.861960677860871
431,-26.20427363900209,-23.425138834874307,-7.168155308090799,-20.098034228435882,-15.593367850604118,-10.961025358943033,5.953766490123386,-18.432026299268156,-5.8868958458507405,-11.916320634970969,4.294791962084155,-6.705366209749416,-16.98189050669385,-25.77315130863944
432,-61.809129434561456,-63.16176292827743,-27.46631865527911,-28.996020645957284,-20.258101112948573,-15.898968791293948,-12.311947731000137,-11.516185237845923,22.76289549952001,-2.396768597172132,-50.93495864198715,-12.677637076685906,6.165312522347531,3.2148450286009678
433,-71.89697588172142,-62.290358005643654,-37.73079607212331,-27.471791917527803,-24.448626186456632,-21.707117745173072,-21.324265505690075,-29.92138474586821,-18.25863389124773,24.760113771292012,-59.631877501219826,-34.0287591178367,9.513093956762036,5.432260649693968
434,-74.61165007858204,-71.58606112635039,-15.282652011306118,-34.344025794783946,-29.600664621955307,-20.639099298653573,-25.86490871193112,-40.81278700401807,-11.044724881243516,-1.1365881341404362,-81.07530648972609,-52.56239115342097,1.9380082149191957,-13.136816611946632
435,-71.83436806311512,-63.57871765491572,-17.09894423090994,-25.077667770288212,-15.690168280401602,-12.46061763332204,-28.22615748618633,-21.43530235512916,-5.763176903079788,-3.472188797231799,-68.69363305328076,-40.28980797008048,-1.3459692901056286,-6.216182974977861
436,-46.44666644518529,-37.375612434322406,12.366296491483006,11.828969376445421,-13.675015239653826,-0.52928692047932,-7.083901083227661,-9.831709203556056,-4.908940649162965,-8.739935582013857,-61.04537685081672,-45.83269280865261,9.140989789341997,2.265643964730713
437,-13.223623903045818,-17.78936729927502,14.631655694870886,18.37954206887551,0.7982917159367826,5.295575170050609,-9.069345292221325,15.870755060540313,-3.6876037063991554,10.582043555382254,-47.16321522635705,-46.79550243900668,16.820902129424084,-4.774203889977385
438,-7.872728463894398,-7.2580556759651,10.400628681268692,6.217130256015425,-7.634993928664601,8.791354980803751,-10.451048889317127,1.730533949508176,-3.5905311171530485,16.54367931754104,-34.954842866407006,-34.41243967834489,5.23052537748609,-20.979191645061757
439,-19.89721779761261,-7.404136096170734,14.852609864864695,3.0322324547273363,6.248370762478614,19.593336677879073,-2.6703366183847814,9.46683924255402,-1.0665664990865835,-0.3597044591599237,-54.883756961154525,-42.672294960739286,-12.101165580501524,-30.011615875337906
440,-0.5963222824728887,11.884723872100246,-20.790242270559453,-20.05426392406823,-13.418526089021587,10.12187164596277,-24.44263349867366,-9.54713224950319,17.37900960663498,17.860148591329143,-55.514469891020674,-18.76370715236203,-18.90762588013577,-16.80992645671577
441,-18.55535653268003,-13.69486760599616,-14.635665044113445,-20.33010042784175,-4.2543654899118994,-4.933531651169006,13.30554653272183,-6.3828668040020275,-1.318132688322046,13.232876731796921,-43.73390929935099,-27.328683078678708,-16.198598876684663,-31.36566708652144
442,19.28613501817142,50.85996102715731,-15.175654151456962,7.0608352771593434,14.10369322841196,21.62142302510585,0.8141166093973798,9.922558503013477,22.98511218001529,20.257161873577857,-29.40694340304129,-17.594582564413926,16.546962197771528,-0.21896179203712246
443,65.35536991695466,89.5182991577745,-1.28569241506964,22.689423461333764,42.54195507055441,33.69126151710826,16.30377600282465,25.035269149164456,-6.715307281291584,11.846505065423631,27.50847336717314,1.5081662826690805,39.47852246603156,28.82581317571669
444,84.56809487437391,107.29108815880056,19.075988470583763,21.16676461933939,43.520570299309846,49.18751239449858,13.7570389747892,31.425552425307284,7.0375688855981515,-3.239703253160004,63.3894703277884,37.32152666945328,53.700180357403205,47.93098659321924
445,68.08926038750242,83.31119306420223,41.323115643674726,37.56702453825784,39.731672333069724,27.2986279572342,34.56611677311711,19.103012536317003,38.46608790585257,-7.523868555445933,103.1891259357246,49.79239102795465,46.414292275036814,53.65580168310782
446,23.911594293203507,49.2839232221032,18.96580639517748,15.298362918111177,15.983483536040426,1.608879646943358,-1.0014689449640666,2.001772479413705,31.988284552540563,-2.355905833270392,24.090176391408246,12.839161302462893,32.391191058693835,19.45001964309269
447,11.052037308063442,41.98161402458084,3.095158783288751,30.09907432666891,6.545743928116869,0.3407231584071017,-7.301466709659087,-12.144374311016836,9.963785719734686,9.155978793304286,-2.2743848136481617,-10.644370852169324,18.563552592022845,13.610061726000662
448,24.67985755875805,35.602446586127435,30.770974281823342,40.243621739796225,8.765570865305188,4.6210076673567375,-8.321409585056555,-7.755851630212004,10.224110477710202,-9.6422811088175,-25.444786710588797,-20.359666600172275,9.162685697906376,-5.350936784083864
449,26.02160416883691,20.07471774053048,47.225350030057946,30.475422090780057,2.544342307212382,-7.640131881666565,11.100521076918445,10.760839187303006,-7.547252084478706,8.042144305666728,-3.3514344359225694,-25.594270170899605,6.540025075781226,-18.7914566397362
450,22.002346579703904,5.703653796076242,50.62437690074611,27.373325619649588,1.037382170639704,-21.18346488835201,25.785285070482423,12.76604807047393,-2.4665870002662733,1.0907407607943573,-9.766514217612311,-13.642866380064739,-26.557933236726157,-39.590373399962395
451,-6.235111904917479,-20.7696574449556,21.385357988557924,29.859139080986218,-8.947138193410261,-16.883816832062685,26.289849258292907,21.210764403253624,-3.3643028513408044,-2.2361192644657217,-14.965411778212598,-13.419391861041667,-38.445624995783774,-26.60681345141859
452,5.12848850200157,-8.503249616820328,18.239375416207455,17.538153428096543,-16.716083215575942,-8.96298464173377,31.957221828915305,28.947185576668936,-24.979150590227388,-7.536458500189586,15.161879588939966,-5.1385498950843225,-31.824286212207838,-40.6264608530252
453,-25.5202522635788,-22.310207699613166,-3.5595389109286764,-0.5966274637985868,-23.110600702448977,-23.99321656815071,20.375992258934044,21.419952613538396,-28.5478411678226,-5.105072968119594,25.744261556711294,16.9114619172363,-40.19820120271838,-35.884013655142276
454,-52.706792409548115,-48.20742031762995,-14.040243326942468,-18.138111784256488,-17.725731153365054,-30.779344512861293,23.810217674490524,22.242458811274606,-13.423920160777994,-14.435486316918187,21.156947636746594,15.596281922106552,-34.5905527056184,-31.319473856263276
455,-54.22986509163374,-51.713518838142534,-26.919109420344054,-26.9285457384255,-26.047911334884063,-29.243072396864786,18.844130527091927,15.170883770376406,-9.421467746673896,-2.8642923798136604,24.666478745734064,13.688415252243146,-46.65852890190086,-33.509271327764104
456,-34.606479419860776,-35.775522190700094,-30.64721099936885,-39.5199145222763,-27.19535920913365,-37.728787224041966,12.744873741193858,5.527874244012258,-24.3557890481588,-22.10423848058125,21.439440540666396,16.524704189002502,-52.43619699888724,-40.8744099007748
457,-33.577027401799306,-40.297778430455175,-29.62622997635059,-51.91987179777937,-32.20003642704164,-47.83015520933994,-11.418953948605052,-23.852731291059808,15.467362518150027,-14.908013566343335,-51.6088885899662,-23.587237082129548,-52.41975601278131,-49.656940134114755
458,-44.309926962445424,-34.17827513247775,-30.698967499848635,-68.91740955491018,-32.952497895712476,-40.22545929057595,-8.695460805629477,-21.574909144206437,15.606875346147831,-6.8740184189997695,-78.63899258713244,-44.589610777351794,-47.16915282911919,-36.44462375761821
459,-26.782330495424794,-28.940268744495057,-23.356237152635646,-34.642103684818444,-30.51858720122752,-27.00284158798515,2.1605720655356278,-17.75182714458197,1.4295134370511349,-9.962822663451444,-32.20371232780823,-30.35859993273986,-30.26958368456026,-15.659958417554854
460,-34.08615828254664,-21.25405938090957,-11.422240174987886,-18.02343999844737,-8.728261292110329,-9.53007542629668,4.4543115142589995,-19.18769063539014,25.918916971641256,16.66592801297295,-9.122921751115856,-7.960677266150485,3.839785930534004,-0.5381840320638805
461,-10.471127251182956,-7.618265756885281,7.177096423194874,-0.26900166826750627,7.456793753723156,-1.6332426034228,-11.240816749392309,-8.438162207206727,-20.259273010776365,15.295835204528554,-23.289656231509863,-34.22357789998003,9.259999869422064,-3.7519286429970364
462,-3.563233499746042,-7.33177572068351,5.251794781397929,23.053322871482745,3.8870719932783824,11.853530804533547,-22.5220394099125,10.001887648906608,-16.59335099817531,4.049664042349475,-46.21880411226668,-31.326651174551476,2.5635217940891377,-4.484962218690137
463,0.032123265083872435,25.374434223441156,4.181917837932265,3.4302899027189397,22.103780705714573,26.581455684987038,-3.5965939460801337,-10.49107340122171,-11.346893492854846,9.635893244275776,-29.05684677759481,-6.365952886256874,16.14130181167576,21.946420602467615
464,-15.099400790613892,7.7039825112670925,-8.832156411157726,9.727370906907133,15.239824356382144,22.2009389742439,2.626245534124681,6.269389655118706,29.076748543659903,15.015425641267552,-29.576732916969036,-13.960909633419293,9.22792645080193,21.55042345535441
465,8.069565837193387,15.836015836061694,0.1682961686979063,35.27887324832054,23.629758729960514,38.80829290759383,6.180669937122156,36.415402501349455,8.251210933877331,8.645074554345484,-37.8361210279973,-21.0006692877445,25.202257097621462,15.267861295867448
466,18.42876014016268,41.74630635694481,8.714124631444667,32.64808048672013,23.711272748816057,44.63825860382069,-0.7146454862880748,50.04872636909242,-15.827163793938203,8.18607314812844,-26.417641617425197,-18.8622150491438,32.05799767089752,29.62081370436709
467,65.37459475367031,66.19974387062139,30.584918795598337,42.10826605016912,36.351378430432185,64.93023957554091,11.955402104893901,37.84585606006786,26.307014851060526,5.795925842639601,9.571102611739875,15.910700336536772,50.22285132248299,29.78588901973524
468,75.98088949111342,69.99247286686524,21.37155152380048,38.65378236816187,31.013538964307344,44.539982963113516,10.497917117417895,31.290436678604088,8.891022827385678,-2.2381145584491464,36.334095622409265,32.734105297771606,37.16708772806007,31.972762217976797
469,64.87074895391352,54.808291316365064,14.141958324031654,22.969634436438042,28.745133677081853,35.34407914456202,20.359745994704088,22.537294558813848,20.795659878021542,-1.4311152672363363,64.90167287930225,50.99515503139911,26.989505168696894,23.074512419960566
470,17.972972660461252,21.435756839370057,-18.86099429015816,-2.4995831821489576,9.03493967326989,6.419930185126999,0.3939791014578769,-14.408753480962194,-6.1353203431502115,11.153062697377266,64.37350396393093,37.23959935427357,11.815306958714071,10.340125672810577
471,14.99166735314092,11.440581676055434,-14.670803220682961,-10.409438264890975,-2.22517775111288,-13.519312012612101,7.47285622267466,-26.861881325760844,-9.347546682105166,-7.456686861655296,69.30946064432906,30.664302852885967,2.725599098236143,-5.0521878442689125
472,-43.112074942622705,-37.876450761725,-36.553061628448035,-53.86599951216946,-28.8815947612442,-47.780645187930546,-23.229010094231793,-41.002588403940564,-32.24386636811238,-20.195804088466648,36.592635138610184,9.67855854354831,-24.945230905232957,-16.59599499079609
473,-63.8764593635581,-58.235419446224796,-58.202529882335426,-68.19642247142686,-41.87532039600907,-61.821105982425046,-25.405060108417263,-46.83429421100173,-13.696357021778192,-1.6890220137461078,36.63074082631774,-5.41636801585572,-30.660400705449295,-29.66556527350555
474,-37.708919667572644,-47.490765101566126,-42.06717863587116,-56.124160485396644,-37.32414430857955,-41.80356752486496,-18.16646707278799,-44.3738696936734,-1.7614159140163672,-5.956414536555306,25.806096547677527,5.3191061343226025,-22.92946315152294,-15.387646448524714
475,-32.40365251878017,-53.77095683761604,-47.65360929870699,-58.73923750429022,-41.0597476174123,-36.080673565535236,-16.34629700298421,-54.2396709075313,-6.622817823389805,-16.81456119724196,-9.129846240479768,-4.425713043440746,-40.56070472669807,-26.14882050632318
476,-24.60564706539284,-51.98381902290083,-45.45062601534361,-56.85655458452058,-36.285542064531256,-39.46073249907356,-25.19331193768781,-53.38290090944771,-7.6958440244642246,-2.083060886401558,7.373202265424055,9.694597927143242,-31.509547030460205,-17.568995604864202
477,-32.372324705565255,-39.57329075515173,-44.489765256702405,-64.69884968497155,-39.39767286484334,-41.71704927280218,-28.72577144316455,-28.978984295888505,-2.549897371941285,-11.923084042062355,14.660129840764942,17.302974800731082,-14.043580577515558,-4.875737696172361
478,-29.313240757639683,-41.05156405513182,-39.73859628274662,-52.26779013955546,-37.5759717438476,-32.34505710664612,-19.636610499193942,-23.940444354888275,-5.961213268959337,-6.763901487541531,27.65365461192022,25.886563522113804,-0.23614417887690012,0.2783172460790558
479,-53.498673221284484,-64.51190078600166,-42.83516368167275,-55.92311404924268,-48.8394626207855,-43.49297636364308,-32.92629181126725,-47.47303156120314,-3.994525018838614,-15.345104133103707,1.2891955504883297,19.349045024512847,-30.27757878714495,-16.268341398880498
480,-63.14519524048477,-67.97298965970162,-40.696234142614635,-51.11900641900317,-50.85269689486782,-48.658024034400924,-41.588020908287525,-57.18908823372592,-30.329156607145734,-13.96828211022664,-11.226550920819864,10.976208283860885,-30.62367769874206,-15.169715619427512
481,-42.08238455896231,-48.88173724290135,-29.21684689614288,-38.98105021865901,-34.79884705906731,-40.73934626940591,-31.05503169372982,-44.47856862948749,-23.718729408990367,-17.424298571198058,-26.816012532448227,-7.168818286771333,-27.53106891956098,-10.86741355651737
482,-27.99619354053978,-28.142354467987055,-22.3131275307844,-14.923618806729413,-19.758951264761215,-22.49558190169837,-15.700125250191206,-30.853864188634738,-30.91387986121981,14.019939389845787,2.2878396827860144,5.59336205254933,-20.965278091231912,-10.447054672321734
483,-15.71301170664685,-9.738656473220976,1.485172504831775,-14.709328752649537,-4.852590912312308,-12.12226768426911,-24.660001702075515,-24.825504415150505,2.258239221364523,-13.363919615873353,-15.610225022172052,2.1063918602065863,-24.743457090711168,-5.411979962512057
484,-61.05309098939725,-46.93486477299187,-41.46279394666098,-64.927047569037,-49.6927015618995,-53.38044052635646,-59.44280113408695,-63.694103088618455,-19.221826699401444,1.3027871622667027,-66.15043032179287,-30.761988191048495,-49.82337531765991,-17.60750202390202
485,-24.752613614482698,-29.700372645533186,-4.366749903637149,-41.96488234364372,-35.32556837026134,-41.74391077378916,-36.273231372479664,-43.28875660712048,-6.452318169363739,-15.403768289465594,-24.658080115774318,-13.751898332049047,-26.689195253698035,1.1935415882752543
486,31.747380373631675,15.342602154732717,1.21845279889473,-3.981860301260789,-2.1289026285812644,-17.56004877409357,-37.253198587767706,-14.101436000753889,-5.65971976389384,7.91053566826362,-11.7084850452568,13.302805758566487,9.69986773671547,26.898948950997298
487,59.22811051283846,43.49695059385297,34.47289525632806,10.951897057846578,28.905323259987927,22.22283714265352,-8.181315731955413,-4.654924369529992,-20.025797119292676,-3.8381120332108623,31.892952636969298,22.41249106670513,16.45445909670207,30.39039932367554
488,99.46757869461214,76.70617114033034,21.519109128755066,24.17610573025285,26.29455344823356,45.48857634592058,4.5193797613420585,29.994406252273354,-6.655919441705749,-2.8291532848068237,45.76752415599232,44.09111336224217,29.329311232829337,36.740155700631455
489,102.12278002865568,95.83916551750428,23.22981394784617,20.1159008533866,49.73864098151442,59.27744964216954,23.015801617715944,20.76363424023932,-0.8005787266273767,-6.39197869819197,66.60298566352927,51.007931288416984,23.155523349345135,22.707448111565746
490,92.72837945761795,86.76429039382685,19.58795593732348,15.131466360713391,31.482826080523242,49.83751689695019,4.631252704867245,26.243243567310287,1.6419101821007331,3.351061200297829,18.936738187433086,34.9149767476885,17.845383074858724,16.85917171077854
491,96.49996215406625,79.824413413459,8.104309866110718,16.675029764099985,35.35986342352662,50.354746074719344,7.541480489182935,9.909869773556352,7.824597211647752,11.884315456749775,13.91735756256522,16.772466268048944,23.6045376050018,31.78204167864685
492,90.26915613327981,77.87532423348848,14.42701708425531,5.116436269620299,28.75695646694012,32.76064893819398,1.7665146558799851,9.041227589336362,-4.388826558761376,1.3579965270087877,41.06997292819713,20.842148399269377,27.822092403121186,24.803282417507624
493,83.46331639141145,55.636883712526995,16.338804639569094,-13.697513082798416,21.680084852428248,11.754757029310044,-7.330841710506222,1.1056721795207456,0.9454044656120413,-2.9519913462116296,38.96070814888174,4.584759180680915,21.464407466018397,12.37299714457448
494,60.621259118502316,45.77473071510869,-0.6613355196859191,-13.201880322188767,21.51039227968422,17.363424128487534,-9.80795607718794,3.322277929260477,-13.555255827943427,-0.26048892190933604,56.65985730161978,21.969325563377254,33.43535637947498,34.268153218855495
495,84.86339332275293,71.20146056396591,-3.5270340916783547,22.564640659271433,28.7039804934468,48.44289608889204,-5.449087980400421,19.081697688319732,-13.202763543896706,-3.9120075758487367,54.0730417849023,47.36425940197913,28.362832776227677,65.57664925011646
496,46.49433179351625,30.96119885543309,4.96675729004352,8.42640227743377,22.27998582761497,31.076248940056086,12.092149474595212,37.49322677474469,-36.25471918027152,-13.372617670249417,40.6172929288885,38.00199924810246,19.250710162482676,31.823166451771
497,42.18719861882635,35.26382762672675,0.6380225128425495,-1.0690895770481808,19.961081343469942,39.75972924884053,-3.8547843561177246,35.03439448620812,-7.325240696270154,-9.027095293852897,13.05024587533796,27.1788084361225,22.5984243089355,43.55323398570208
498,38.196829892066404,33.521697336715036,11.147330036648002,6.627169124433669,22.1689733582312,30.651865777700184,-8.851321395513411,34.66365205211132,-4.551302560927174,6.761149862457582,12.061392368821028,14.743356563474979,27.603754545429567,43.3904687880999
499,69.99452382978217,66.30576993963827,28.3142613814353,14.879736138392648,24.72371547109361,40.28920152035955,19.383679264675354,52.17323182538049,6.944960171694642,10.380680564884864,8.834414718577927,22.679593909896766,33.93366624189215,47.645492071710805
500,81.91159450441373,71.15768710240658,29.88711071948588,15.601768157473813,40.038092299618654,51.809662612912454,17.766993168615045,58.466849604629886,-9.488579293108437,-0.9566989890204916,56.55473336938118,46.63840922146115,40.592765255105945,53.21758686930077
501,63.539216693778904,65.78886188135183,21.47828430691645,34.17949832763964,29.319113538847994,37.39747562711362,26.95486422541202,31.31573133880055,0.7824505586579633,12.800389855979795,41.455755907025996,52.79437253585595,38.49551562967503,36.02598402776502
502,70.20294673989443,56.963113775083656,23.036906085000677,32.74705474545774,42.905741049032606,40.915894809395176,46.375290749008535,34.897841516912266,10.724701504549529,-6.032622223913421,48.246722208981126,55.77443618863521,26.720310056648618,27.28091254924652
503,49.06205317779663,46.7508433084201,30.372844292142947,23.16029307010437,29.95061660521248,34.631373369617855,41.75680103756075,26.137272916770087,5.894343951191874,1.3961810567511037,80.17168938996474,46.28659892575581,12.030021777255417,-0.9564409592765188
504,-15.688045500087286,2.930314344281093,6.010817942780325,32.53337202681176,15.847295241676544,15.355991083202056,47.09352874986346,50.90617613251166,2.7521415714756636,-15.981893098054826,47.618483142859056,54.56142856115011,-8.377195179355244,-7.97215686630077
505,-42.37584691112457,-35.300028466076476,27.380271353169885,37.638067595345674,-3.3281802301300516,8.297770925155666,75.9760276958291,42.48029523248916,-16.721483588553564,-14.39943649620946,54.499577779748876,50.21774133272657,-27.640520637780718,-29.74703011160659
506,-85.83147142373414,-71.77817631769547,5.634447825806948,6.789266926177009,-32.56838324634506,-44.23450671703643,43.32399035758732,26.989472366157948,-15.429970939801231,-15.944372159132968,32.381374708133194,29.65673952846097,-39.988510021128114,-29.18269523005556
507,-77.51179010245625,-72.36247072832289,-16.60537554535455,-10.399974097414322,-46.1490275726039,-50.247873254120805,40.717888159093256,8.20429791106368,-9.998093539956301,-21.42871414370111,46.23191113683429,20.162106817015673,-48.657844998323476,-44.821298101847844
508,-63.909572903125536,-80.82049128465573,17.574194804145936,14.428042374182397,-46.82146661232655,-44.20567709172875,31.835277083432544,10.707720690276004,-7.0382630165929925,-12.683695170493403,23.16298839946291,21.174907046981144,-51.41164020023053,-39.65380909788107
509,-100.88635729706319,-103.12789460863871,-28.49697662959984,-32.726150577008276,-61.59381742260733,-78.97731381687309,13.872758206438432,-21.56193604475073,-36.24578871334753,-18.03105088472711,-13.48810539168529,-21.282885892770086,-57.627167035605,-64.9875287250396
510,-79.53797975946306,-77.57815183297437,-17.975178231126865,-17.217205114509124,-54.57008640713376,-65.27029694959256,-2.3626222145077134,-17.83352268965929,-8.962302924888162,-17.49296655876602,-12.970028596535432,-2.034816681673574,-52.725752583470324,-43.89006600343988
511,-76.19824270518006,-96.09200492767499,-38.71251300079701,-55.65268141360094,-67.15901526946155,-64.97453124599457,-17.494186257435704,-44.862872841995994,-9.558227907392817,-7.97273312629763,-43.75655152442919,-14.31495542187713,-59.58106234705083,-45.6991228855968
512,-77.81213920002568,-99.69552118396652,-55.067739827807465,-60.22909737549227,-71.11553575139618,-82.84428258755712,-29.520624606123704,-40.40001167619999,7.683340949522814,-15.85772589722618,-73.8385284497438,-52.29053271274893,-64.24514114553295,-63.58001273188132
513,-75.30289368709812,-92.35658908710822,-55.38840513473131,-71.87731500815347,-71.65015893134829,-76.29904386807029,-14.649282107517674,-38.00830627630921,7.219401183474791,2.2953108523670505,-82.76176545359702,-38.47902576933515,-49.61466265190375,-36.189271244905356
514,-48.81272083586035,-64.19810280881252,-58.689952803883024,-58.07438078255223,-48.00789140588292,-51.24198735625945,-7.7209192265717945,-24.031129958292247,11.239228434639445,1.6960351473304272,-78.6917501565416,-35.36132984875072,-15.63925606681561,-13.80620115048115
515,-39.802904922113306,-47.29723889141972,-49.755994451207194,-65.47045491541306,-55.5261132962855,-49.77226088119413,-25.193449280394894,-25.923566694043338,8.334282941949212,14.59339157402534,-87.94542807288798,-44.22555550148814,-17.769761834301903,-13.222733332425129
516,-44.379748715786114,-27.998183109154276,-42.10053225258352,-32.34588575182362,-34.34846747672175,-34.45607836486911,-18.972452977699184,-31.818871891572222,30.067209440890654,5.263484387556821,-45.15998393722323,-41.47471508644924,-1.9281544689409424,-11.32995990661813
517,-10.219326652757623,-3.0883406423885438,-38.05572985428301,-45.93561507219996,-28.088831287872583,-22.511207267537568,-21.837824349674726,-25.509547025065583,12.187741729403873,0.10030332453748692,-2.339870617404471,-7.560156818741834,9.634528587800691,9.983985461900035
518,11.327233794434724,12.30003615599083,-6.11007779944246,-13.445905604306951,-12.14045571567867,-19.514811762417253,-8.659100130559422,-21.08620009950167,34.44959754030041,-5.289029710324696,37.52546885224565,7.528863763563613,9.249147320396995,-1.7303848711453023
519,13.087918409056467,20.189119222316986,14.851091522445984,11.53848638934763,8.548458964947297,0.3439330804264237,-6.419689674387301,-3.6832855142408514,25.741285174777243,-8.93334845653014,9.702423771093336,-11.361659483739937,13.12994326118863,6.099540316313693
520,18.428997459738227,32.44362797997225,25.999004285580128,23.49917049962489,10.900661059207884,17.186174463960448,11.48313356726894,8.03642249635711,26.607529553358756,15.45130984614963,10.984816785314882,-5.076938145125922,21.85602854053212,20.061639444419537
521,23.001559327499404,39.76850310781669,38.75834923366647,37.30603479459505,37.25527262289678,19.684404800087844,19.776619443888364,15.450800590372978,20.798910262120412,9.61489203079861,36.75972762341447,12.838469399370224,32.53430041710568,30.864978398944377
522,29.27388586318037,40.659883536918635,31.76442172665877,27.596529701052,26.425065085231793,17.57857364948935,0.5029519047280401,-8.442012184739667,21.906754170503714,2.851797520030916,5.184230656583899,-6.222644191512132,24.8334943512723,11.524724830047901
523,40.42279827391641,61.5893099303828,33.916932280931405,39.68852482059934,31.02991657952628,30.683853969449483,13.786788981094608,9.154831815466764,9.324186095552164,17.701461035068085,19.850905061580814,-10.811446885059498,23.956033275215223,7.583578052452478
524,45.66349520893843,53.22116964695107,25.087502195327755,35.88275803423006,12.820897597069717,30.282115276731748,-3.981544411650727,14.381357967709414,24.69272902023963,-5.443648439358126,-17.09091462333968,-17.193708064226502,12.905522483669925,-14.714524258736617
525,51.2135153671351,43.83986301476124,19.182696604158668,36.949814149882364,13.14357832784801,12.156360466625516,9.460783509528293,9.85862963175249,19.615992896322407,-31.835929933656494,29.29521369241518,11.421023206567035,28.92336964943242,-9.689402285864974
526,49.93334631163524,35.02402647339583,17.032691614761873,34.70555325479387,16.488252571484953,38.13736555487416,1.3479365533316237,12.306260364502696,7.841583281526174,-11.479131459741696,42.86290187958332,18.37420604393711,34.484447679949696,5.157356136844586
527,21.300178481965354,23.50552694283932,-24.675051749991,3.0683778115253446,8.421196138714848,12.790384520610331,-4.215998743060501,6.482717849137435,-14.995599228182934,-11.947826846985167,48.5451005354767,6.06092745787756,38.98090081835626,7.357339393006077
528,8.584701934250736,19.46295059877852,-5.978745395708572,7.137630977999338,19.253341102621377,14.644705679120147,1.372264437284793,11.635410949946003,3.4343810531075043,3.213561604693313,66.50928083157484,22.587489963702055,36.08565321259539,26.61656896483333
529,-10.574176325638028,4.509741004282009,18.04125339292145,13.618586726236966,21.031830426843754,-5.174454734947107,-7.665916754565933,2.271357470421983,44.67333174964395,13.68418391956697,35.85261952565047,7.573813007599995,24.93617904182951,5.900566883734297
530,-13.478936647697711,5.552864441370021,16.626080607964813,30.844992007188665,27.462300371412137,9.73212694490066,9.230708504899953,19.78332875042217,17.632635652113006,-2.3753405062797475,3.8039639559022316,8.299351123845442,15.579326242146113,8.378934350692095
531,13.439547329967285,39.89018668256873,34.21764174046677,16.6184440055818,33.83130877001338,24.40617254082551,-2.4239766305650448,15.548236648547567,9.951531011660792,13.107577895914025,-27.821930662128906,-7.14467356373267,8.903231643613205,17.30089242044392
532,30.397328501253714,40.128803940955976,28.573391757139408,45.9255491783331,27.673151260234594,31.319933304418804,14.111630989267084,17.403224888845628,23.161843239696612,-2.8492306256866176,6.670039914939313,-8.97685153020925,23.27652441776071,22.61454690397802
533,31.82314451922044,45.11816823557303,34.2985551961202,5.325391346348663,43.598322535162254,44.46335175083622,-5.300854026327564,12.176629866430073,4.306962655993546,17.45508314630746,-21.16100483930446,-9.481558229646444,5.250634325499622,17.417643591597752
534,34.69614083741753,50.731589889026154,2.7342811435760317,18.659277169205684,31.743414281052424,31.492819393309286,-5.014742031842116,0.5647145320814939,-0.7481510966082272,9.033188651167597,-31.99858525514138,-19.180991406400665,6.709940101021856,19.885630279266604
535,17.23216344388908,21.80756027913402,10.554801532418551,9.662070103412884,3.1547509332555177,7.0419908727279426,-6.9156687713659695,2.119454983490626,24.743829694906612,6.5943099826109535,-12.923366083212635,-32.43972896705832,14.115938083791256,15.446354039348309
536,11.99142790314743,31.373501382552586,21.093232204681826,23.12264509300532,20.686351252970066,16.22817608174003,-5.435683456657658,6.285934140613495,12.493589414324653,33.33678386430226,-38.08502854904373,-25.289034030168303,19.91460390085136,19.44159065726528
537,38.52778334980137,38.66657971094829,46.567961522067016,40.8317137701923,48.184322543552405,33.31031097411168,14.049540895295719,14.210065166801067,7.196335725946852,19.896046552501517,-40.8827248834147,-26.674010693228794,9.884430420644971,7.96811871690843
538,104.50361842444906,125.57799071932493,32.55803570175579,38.48704883609929,49.67391210895202,71.6809807918539,-6.820925601996886,10.62974535394763,5.4929814127515115,22.536929466406406,8.297802654975255,11.30638550862259,11.755516630272108,34.15149895492129
539,93.78712272920126,90.13430806320332,26.723300596266323,40.68541574135804,39.094650878592105,43.74497398296761,18.812477106786414,36.137358942261955,2.182483284507145,4.697839495996156,-9.64446081934006,15.289944540014703,3.188764166450461,15.989067701523869
540,87.79871290156795,88.23975975577471,26.848937451266906,51.654278972804356,56.71794730858581,58.54138831925153,31.187431805303643,36.21186869161834,6.1419956637700865,26.386624983420774,-8.430473560494027,9.299736563963311,29.450543247836517,21.439537077748014
541,78.57120730700643,82.06016496564851,34.88020851465397,43.08752974332569,54.85682113308111,61.21210411718025,31.266289011998257,40.14270271103555,25.870031099136117,28.094673135443276,-46.45048591659082,-5.495599898938057,8.623895026261634,3.4847267593358167
542,9.284447454817935,28.3582523065308,1.8057207762655103,7.256898392050032,8.794792561311796,22.811589236590496,-5.205097619064519,3.8920334126764105,6.989078023679629,5.692711400620885,-83.54709124845496,-46.36069891727694,-38.774751954178676,-35.88834522733675
543,7.469243720561331,15.886246058426167,13.017797951129824,20.496873217657917,3.122055209656833,6.1017564354100795,16.84456294027546,9.832315174863151,0.45008098513863243,-11.736207968884973,-31.46322939020874,-34.84283404024853,-31.437094731626548,-35.174934960380845
544,-22.975058030501657,-19.24265693906933,24.643317169230215,9.546578746676532,-5.1655562912699855,-0.21834269643432794,42.641277319889426,34.72006517022868,6.8771636590607415,-7.160178449676826,-48.31440106780106,-22.556095312200554,-44.65369410947666,-29.2729684267704
545,-34.73397939118562,-30.284376123464295,-4.463226133262987,8.2146356391632,-10.520513200256408,-9.950597774513668,24.988785584214195,19.32239873089203,-1.5633385668321012,-20.186968032707505,-44.595294791146195,-23.557557032823933,-33.20306572422818,-25.608175967519443
546,-18.31159232319523,-14.133817754541472,3.875676278051111,28.727450561612223,-2.9931746811158764,0.7763091620575372,31.510523546025432,25.698926688779814,-7.394808483733693,-1.7391246576016641,-13.399673002951346,-5.924024217107403,-15.698116829264091,-23.306821184193037
547,-14.868277580104246,-15.370632877373597,-5.617680666860082,0.47465453735987984,-5.425972050856334,2.66192537944631,16.95766092362902,15.416568903000377,0.9742168150305007,-15.378434696219761,-13.279500750928342,-1.8954735510768133,-28.141469092404115,-31.83407140699119
548,-38.00084231229998,-21.6784712023683,-15.918249192147035,-24.52098374914855,-17.56932505213924,-10.442686850028137,7.511008887131333,-8.933647903659882,-12.079654901509079,-11.905934591949837,-17.948587497052667,-20.469564522108595,-36.41263799533878,-52.6397025018025
549,-42.1369095473301,-23.866022657362812,-16.535633966939354,-20.537425907669096,-17.13904995179962,-3.579188958264053,13.07575396378107,-2.5318659539172694,-14.161744464833355,3.8984299429454,-31.856284395461255,-18.26161800111113,-32.504912145725214,-31.65235733264892
550,-55.60303367055781,-18.802575300208307,-22.653063869394305,-29.425926798249044,-27.175131206267924,-31.13918089278148,-10.325503979664546,-17.91002837109883,-3.1500604871853084,-8.092710899445558,-22.686753233313812,-17.694969027428847,-39.099273535761945,-40.47354204538014
551,-70.53977163907408,-47.288540303394456,-25.763656366551626,-43.952541790629596,-54.86930923589407,-40.051917712240694,-23.048398349926124,-32.99519964519548,-30.253713331235705,-15.456797995335648,-40.29038821637668,-36.74870130047821,-60.198776441434156,-34.93671978048523
552,-85.86781376632419,-63.7832842505284,-36.93383256218779,-62.87935195158757,-51.20993651397731,-45.673977726719706,-22.750629163172626,-41.41781008288979,-33.741528640282205,-16.49233859704455,-29.12398336901058,-24.00943156650571,-56.7036138649365,-39.07247132184403
553,-93.02715226772565,-74.42043045610137,-41.03866336760669,-47.23744681145385,-57.04171699842881,-52.10380061662452,-21.445026894011107,-38.56270399065481,-16.93501231711836,-9.786834441219995,-7.381275563007822,-12.981271976901226,-51.666263849972815,-46.091194100023
554,-104.03689948878906,-99.21941460510082,-44.60557300798104,-57.416350674469605,-62.335147141747235,-50.90007778959555,-36.61361463206556,-46.451706398749124,-14.44137331426162,3.086279787767069,-22.79963529825498,-21.737362744186036,-54.324744003897905,-37.281972564516856
555,-98.5040064187769,-75.6955097330934,-51.85833226503214,-55.7175938411296,-66.55375324676339,-75.32073051995175,-36.98306773029138,-50.16379481104626,-39.27195971619492,-8.587805255363358,-49.159998916736185,-32.77498696595777,-60.27284402672716,-40.22975456964164
556,-62.72699563795311,-65.63749240487401,-44.0021775503949,-46.68146633622426,-35.591933897785,-55.417917545082716,-44.522974698409776,-39.729744886445474,-2.0912257363678575,-0.8828356704807773,-25.527214233620477,-40.44668111577718,-29.07507061287977,-30.848198281920535
557,-37.0992941287622,-48.93514567416745,-47.00082442523842,-54.372775970758525,-33.652749146507226,-48.099101647701396,-41.66856266664016,-47.805963892044886,0.7480819055254896,-1.8464294255434417,-24.89563181735707,-31.011863308460605,-9.320010335636907,3.3814239312918644
558,-15.220168908838604,-25.15483641837185,-33.50205770506058,-42.94268759790364,-26.155166749615532,-30.601909392775017,-42.11206545597378,-24.421050284603616,-14.946491961914186,-8.209046268326002,-23.903248833611396,-25.88300573351079,-6.842425816215902,5.529787532648615
559,27.15965150975847,1.6007991815499072,-22.594354238613906,-31.046623482021154,-10.01489614817531,-17.0317931900798,-39.662919999836866,-17.654111292368363,-14.55763970412926,-21.297316004647456,-32.468233353128824,-25.47053217128594,15.137928083634282,5.280049425315665
560,48.20665287912769,21.873208713797617,-10.773119644157978,-16.018559140051103,-7.782531968303839,-6.310823395525223,-28.63987813929706,-14.98354075439832,-25.916419352159966,4.648997096551406,-19.030290201790937,-15.8706194868103,30.481209383822776,20.841495397939095
561,64.63652291125604,29.857944422865486,-6.495765123052554,-20.61329238676504,8.434416186953971,-4.993591541193936,-28.871771308352702,-21.977479244777022,6.712246043551733,7.813181428258189,-13.639390431295901,-14.913863594635833,34.83116184380114,33.414214591977945
562,31.35861413151531,12.580965339562603,-13.991125941024912,-16.909534902094435,1.8136640718422004,-12.483546742907915,-51.0393466729422,-30.287738390530695,5.028579511873738,3.038646321261105,-49.84245755217779,-31.319982115419766,31.920240625861783,27.35004097420912
563,49.453370335393856,19.556829166988585,9.691913706826886,-11.5315288513291,11.170156553890218,-13.346303936421247,-38.12820232200287,-22.007580603642527,7.853069573551177,1.1227648281633194,-10.730599042105283,-19.434166139351245,43.75077751501096,28.076689052527055
564,37.998954364858044,24.536816492175554,-3.041292872985482,6.1796324709882375,10.01363859792973,1.357054896533023,-34.59335952950657,-10.66025883096375,0.35307907006391276,2.6686129616920127,-3.9552943492809463,-17.79483310862398,35.016417353658085,39.07972516552632
565,16.62632769111698,17.41434872289593,1.6657414346851025,25.325565799414843,1.489341929016827,2.921942194017846,-25.665284260580727,-11.553087124650151,4.66300335980558,25.94103135053566,-11.91069455667022,-9.934812159793482,39.44108859730488,38.1500127103084
566,28.654706449668026,30.788395437744114,6.54225025694129,13.27749349789224,10.827523229388934,20.962147490484313,-41.77111327927131,-24.315837366249564,12.720892991650844,18.77641154497651,-3.555805382744632,0.29806193326245517,38.07488154495488,55.56894601157055
567,35.58627314044261,34.776043611549234,40.86727151175484,36.059704129872095,36.36358623001429,34.33643358670566,-0.9605927792639969,18.003376778734825,32.473393940382785,11.896753196190136,25.177783038576536,26.176400371598,52.85769627949229,66.90637829828694
568,49.69185371302839,38.63857688712987,60.583923062398476,70.09829060488167,49.01629328946551,47.38832923288758,-13.803126907798173,17.465769885990113,6.82229260445991,34.88145631872402,1.2600894156752922,8.175128333890893,60.529185409571866,58.08216179685346
569,-21.558035120501856,-17.821906260694806,7.767378011594651,18.107952480793667,5.297083325412946,1.9246194060090729,-34.32637223679078,-8.574676812951946,15.245850344714048,-4.352815541168722,-24.397370695565794,-11.298591287607133,21.836748924546978,21.74367796668224
570,21.784919948391707,20.477771542262545,44.7058902977303,52.93032092821433,29.193543239511186,35.99352006609418,-10.511760075079186,23.811053757098136,-2.6410031725250867,-5.3892698649370425,45.06015297587514,11.146484521158921,51.114339517517514,42.379565960984046
571,49.21107973794362,54.35533949127969,75.45353898823531,87.26315853352497,57.68347848062544,59.46699880994778,23.611313310510756,41.21974447227391,15.831366018845692,23.593560750353426,81.2531401853715,46.20414774105281,66.5632726236369,62.42528629261451
572,54.79297853668337,62.345979605536044,63.92556472496665,85.38701026896507,73.57919040858206,74.81575964960447,1.6475798672578403,14.918189142455095,16.572766116781757,-3.18470312570825,61.002368140708064,34.95980261719253,80.84548204311187,59.80086603796035
573,56.90556032800498,49.37892883542487,55.46938038894464,72.13959402260402,59.34632192416254,70.03748542484571,-10.50152050828876,16.79563232657866,22.31940510182179,9.884019034729045,61.53753537507759,31.00666040159014,92.44309523748561,71.63935763759197
574,47.218093814151274,59.852126359520994,49.91181056139916,73.38402303688264,67.6294899127962,74.51004727619404,2.141666625163016,16.59590920506096,11.070993938560443,18.918765544791874,43.980656449859104,25.404723297339395,99.96953395010914,70.7319389829885
575,34.19792374965602,45.168013925032156,26.028705635507773,58.8963599045096,50.191586701420285,66.94770291644816,-24.81900226284563,11.868389843634441,11.908238836616627,21.94170624034933,34.27637027255984,13.26268298473569,78.32641152295182,55.11816712081548
576,-26.90380463118234,-21.908839040920125,-4.886519065479736,9.824279186935566,15.173214479428697,21.459107783167017,-36.09581194517388,-24.27810280341881,0.7465750360223641,15.619906867512746,-29.64258114531139,-29.443223054150696,45.99032173756506,38.51957423727391
577,-43.90231472750588,-44.19658355557556,-17.49826372275137,-16.804499494696287,-9.189019001653504,-20.45708509494229,-33.42850392867341,-35.61400714614201,8.079462883923066,0.6246502906590776,-41.41165202109709,-42.404152832686414,28.266332501583083,10.14413065936334
578,-46.25329774310474,-44.71103742125348,-5.685056144079835,4.605776870115246,-11.388250810354066,-16.779280600131944,-35.28319509323779,-37.04601576235988,-1.3331253277247765,-1.1752177128249954,-51.26325338868853,-28.579837576585476,31.61178225319461,8.569879305386582
579,-23.068424737732915,-16.33516597523967,-2.251436879757862,42.19569359167369,8.441788005036038,22.441722561139745,-18.716378424173616,-0.9259705162829135,8.481634326146526,15.880705053428702,-8.760855099356476,-15.255092658449806,36.512012263592105,33.50860491313582
580,15.918655832981273,7.373923070721352,10.329514573104106,46.64859463203,12.075385433601413,32.11171221375378,-15.336916049376827,12.574750397742127,11.180550108019323,18.04406662916858,-29.3316162337971,-6.94626826163292,42.69972944917983,43.396677591012484
581,40.7512953107731,28.129381861312364,28.94585381154731,59.714907697353965,17.332161612695707,18.27584676694033,-5.04617756056365,23.918012463396774,0.37514247116385074,13.441893687418702,-11.3471307071354,11.52196036114885,45.766469174966915,53.37886760372303
582,39.46612007392392,24.28493894631024,37.083286410917,44.20038481410135,19.37712796505085,13.347333559449964,0.8468595162914008,16.339616592522205,8.114663829175308,-1.4584129237029644,43.74329382556706,19.847023351540493,46.308549522342226,55.63675959106904
583,25.95842241654682,5.717227358296934,9.105451786435648,18.165672867567164,17.611153688037827,4.039584038885726,-3.5767579397090676,0.5954910954817059,17.07839104184027,1.486840807717447,17.0507667708458,18.053078106259363,52.55541636564028,46.0821716651338
584,-45.693470603187706,-35.20098315771829,-70.88924690599985,-52.46090588753597,-49.15114803074699,-51.39735063383517,-59.929810867829836,-53.67397189351256,12.013773827218023,14.837396918619861,-45.94977397759222,-20.37983756491071,1.513084790917676,19.57818084331507
585,-46.211007251650265,-52.54460714625662,-36.12878653046735,-36.22052319456855,-27.546711915078575,-38.97585546480743,-32.75434170333965,-25.443926659872464,0.10641460218647818,6.983342581478972,-17.00198447143289,-14.503987810190315,14.485414986698583,7.779553233020381
586,-29.830183424954694,-32.04338977383928,-16.846771487890745,-8.023203801426854,-13.970956333994147,-17.060520249394212,-20.008749714845923,-9.46160564446143,-6.545691493525999,9.52734485135646,-38.4243427206108,-31.15744855068874,6.379246612336372,12.638040945093275
587,-11.436160231449358,-5.111492239459055,-11.241162384752082,-5.963042871004608,4.988392226236716,-0.1587178499233346,-16.478822181881515,-11.398389137815963,-22.916590802465123,15.732559131041773,-34.70549593663003,-30.06072571180491,7.4509181524545856,5.499486555975734
588,26.18882576996741,18.889679169297434,33.656681779641865,22.924739594015783,7.971746758523432,7.354062950446223,0.7804930695248521,22.62389712036252,-25.075983482559263,24.83283651279642,-15.163894448115999,-21.761655207703093,-2.638019931243285,-8.107320267077244
589,28.486104564692546,20.56210491965958,3.236474306270394,10.989127228834185,11.161525826728091,9.109281203923727,5.717016811247873,-2.38693186550569,6.474618204350333,4.103508133907845,-51.76601119466699,-16.477909809125624,-29.552263538584352,-18.104629940613645
590,-4.080229003682768,-5.1074173261630165,-20.983586801777015,-23.335274822006735,-11.766842426830049,-4.940367980291797,5.808014819857866,-1.9243807027501743,-22.770784187551516,-8.426156105721677,-32.015823194678106,-19.87232503271722,-43.232720036068606,-34.969512197724946
591,-5.210499804850114,-12.11923380098193,-20.020765536249176,-44.41155787936082,-19.502094518055614,-20.057197417378696,13.390906151715994,-15.619945514880083,-16.1055369428554,-7.523797198769218,-22.744837414051833,-9.698094975497858,-43.75730368699496,-47.05386129006704
592,-8.999916036238229,-9.432838485401275,-18.909488360350878,-31.253619215096087,-30.430602954516047,-27.76333247320503,2.960797316352905,-19.58305616236799,-3.659837708373272,-11.043340409805529,-0.6218979207084527,-4.137638621487579,-63.62249218550027,-49.50791259057173
593,-17.99640850157202,-21.935334006351013,-30.790559547689956,-42.159058288018386,-31.72092535021178,-35.68064930575309,25.853103953785148,8.953593274543481,-18.899257657678998,-22.72961800451627,27.35832552636741,4.630712445965515,-53.92340956204846,-54.02989918222559
594,-39.24204095928625,-38.07553207119204,-38.22457744197785,-49.55360612007467,-44.858655313262155,-33.72851331224003,-5.899974626063511,-3.7196778587685615,2.71187787270425,-6.347157079429575,-13.682164218613952,-6.626769222550044,-61.68118171009958,-34.393292872421824
595,-23.49213290606719,-25.089303002996743,-20.611179145156797,-21.569674901489442,-24.404437413632046,-23.57600661461057,19.092083471928138,4.9309611082847535,10.489738707014189,-11.030371632475912,-18.47878377114242,-8.366328178737897,-38.559481843283,-31.323018814276963
596,-2.7440894580768997,-3.875398419120941,-16.67166984031623,-28.6816366278773,-17.301882454050332,-3.143147318828393,13.365997273518158,-2.1117385966686895,-9.332691583066095,-2.5081803615039595,-23.357326599209614,5.226172665303155,-17.20098818130543,-21.806452024562997
597,-14.133063211745101,-16.599881958998118,-20.219844451915993,-32.087452203339616,-9.897969734419117,-2.9315174827631654,2.3608216536845736,-6.467998896789835,16.26033965555053,0.3564312412354269,-23.80694371426492,-11.984039188396345,-21.119242478523354,-18.407962002645213
598,-87.0575043133115,-73.03978253995182,-68.84578685179035,-73.37806144145202,-57.76554178895026,-60.95651482417237,-33.71914998411649,-59.52085527611764,-5.504613069306672,-0.11368236613169258,-126.28839473528492,-74.58090759118062,-67.79287300860025,-50.670778071127145
599,-45.244352985971936,-45.35178089265145,-45.38341579203484,-55.79125693217624,-40.80652050367356,-44.585884002811255,-25.58760410804444,-35.93597198069308,-4.137167281062502,9.716985423410865,-90.07659253017563,-55.01612068498,-42.53948627448904,-31.979809203997206
600,10.532845002725418,14.32173974092513,-8.10564075351812,-24.687702987406112,-17.081842328345125,-3.5583895560198497,-4.990579049189606,-5.246878805086846,1.4492020222101683,-1.634621622783619,-63.22873645572382,-28.71261963879711,-35.53020122126095,-12.767987327409168
601,31.691739603039327,40.589127258345485,10.63168793367601,-15.10077862271266,-9.508586722914142,1.0084691583493195,2.8072609385639646,-5.400008557101314,-5.659855481371121,8.913285857996202,-16.309050058001606,4.2743678606373186,-22.362587957623553,-2.633037476305967
602,0.9694029224444954,4.88414531576319,21.81065353750989,10.69237704391446,-5.084325619293858,-6.556033746103104,34.08711138079068,27.73572849707631,7.058040073364233,-10.37695679994546,22.945796373821484,5.852573063723047,-33.16649629554034,-29.636550918945034
603,35.837050930045905,44.77657147740433,24.955857007593227,23.394307050155273,52.09422972543815,49.16068192186856,47.36110803550087,32.71905560093627,9.894235750831788,8.168944843973852,20.786280741389533,24.21878393054807,13.843906686597608,15.734446920556563
604,50.34535254946334,58.483856825302595,51.1753660939817,44.13473767901413,34.518571896169206,53.90211628303308,24.921261142674933,29.05845926428656,23.26301323193412,-4.475265565762868,-28.12391839936614,11.876049207474937,12.632238304421302,22.54272067078119
605,34.222259543061064,39.26821224004098,31.235158342794975,25.70606747540203,37.321521538633874,54.37037447988699,17.33209137170841,18.78231851198824,27.49397425441453,2.698601305913887,-42.26064203404165,-1.1938828240665187,11.13955491066032,26.170639887988525
606,5.526279135813464,33.48392309353114,10.402502243010833,16.953742216971804,19.156801126032494,31.90591962315271,-7.949593943258419,5.242777686079873,13.732359057070973,15.196600505199978,-19.128765501865686,-16.216895466297014,1.7944390486115933,2.110222863101931
607,-2.810368251170582,-10.26781005703214,19.248386582774245,13.318706740710596,11.848883696598207,27.768581767628007,32.09660608245855,42.18641398453845,-2.4951698279451837,-7.387935326919707,-7.1601694036901815,17.569155073751027,-31.09924061173953,-9.598801443372103
608,-0.6531949205682375,-11.232268026413472,15.83682988711542,0.7764724625114858,-13.046885320331674,11.905681589610225,4.642319472016146,3.2136934955268863,-2.254339956588247,-11.697456118919613,-45.52174417546335,-21.698038254268067,-26.900819043886017,-26.146090322816523
609,12.470432561455908,12.366874328273422,-30.105757552676078,-9.980119833165812,3.171315305635555,21.092811780731157,0.9457957785326867,-7.194397942994804,-15.142465423091423,6.045893772458983,10.340577837379515,9.811402230975336,1.105662041344617,1.314954336988101
610,13.735562048739833,-6.555704936732861,-12.773050024083851,-10.430706470137851,4.07464189298455,2.4732396234377316,-14.11909666888213,-14.856977405449715,-1.473036150722735,11.73681762723109,2.3758129350021444,3.479680403538074,2.7611189416043924,12.750783519954211
611,12.361564098698178,-5.6099179656884655,-8.12555927723661,-14.480754121081839,-14.973584628570617,-2.882605565883641,-11.538693942863473,-8.893695264094529,1.6602595405904168,5.979301662774574,3.771003436618047,3.9612425094222496,0.014560702865936949,-0.8233379109045145
612,12.986104139183912,1.6772866836237803,4.608595158924207,1.4307071278475672,13.725371786563265,5.892923235112121,12.112805990267134,9.771170936450883,3.5147835238494576,0.5294703142905295,-4.0672820787593125,-4.317855789046721,11.211362738276504,6.81350929444205
613,18.235937581375683,28.623055477241778,6.8407316890270975,9.104407472335238,16.75348174993515,7.237471638125114,-7.80555743131151,15.969145520891626,2.537786332832161,-9.332967676758857,-11.25249600188567,-14.0054588821015,19.051838836628185,1.5326170118805122
614,48.82612378753951,42.58334513022402,22.796363520889585,30.024211315676105,27.491917721517773,13.488827878292701,-4.06000123594523,8.618950791827723,-21.190743425381815,12.399448391493909,-11.2085286333058,-19.06323354070296,15.392896060657423,-8.955744793773043
615,48.59143719238527,64.35876522508357,33.322453845527455,39.37016114385319,39.53194370154905,23.680659158875677,3.7745475928643324,19.304833100157634,-7.466168556187349,1.7513874420960298,-3.6167683951663383,-24.098410101205296,20.769668590610994,-15.369345575474306
616,62.84387464536826,70.4674896902673,17.776274164261448,35.04686837184578,49.52290706038766,22.624433850882134,12.707524921308746,17.309825252343106,12.65406275431838,1.0690107590547924,22.346701668302803,-2.5305664136692645,12.202432271393972,-7.932939008958433
617,82.48509071193874,90.19004247679239,39.00104156806455,50.60887168608099,41.96356535344376,37.89357306149712,5.040218189062339,21.01844427822424,5.770877001353422,-21.954405365356656,45.90687642282606,17.3142502917499,-1.8462446922745768,-7.976835621786688
618,39.363563652588084,26.265900786954347,-7.546065802943623,0.2769363888886516,-6.074418654638386,-8.785588780233573,1.4575187195591244,12.523796835832442,3.5708276049275103,5.5173210804719925,-13.679012043794225,-16.138768607163854,-31.586510395732702,-41.74603768205197
619,16.988636969163057,19.94876950861076,-11.731829085915749,-4.812257610143165,-8.82038687471931,-21.87406347632113,-1.2543317570787311,2.779831503457101,-9.768001229530137,-1.5252682083121263,60.9917099260897,18.085787648063803,-12.610700807187003,-15.605706518678005
620,4.882022975981294,-6.1021067930506,-23.627240608763582,-10.972620360218372,-15.908869638666019,-15.911732809347782,1.5594913938321517,2.0782267826246605,-1.3385331905793347,-7.6947729597976995,47.403949467512206,13.949290936744442,-10.565605398407165,-3.4790117535228338
621,-9.160817734758158,-21.901577405983687,-26.711653502204015,-12.514343567946153,-24.2956436153597,-47.32037305721004,-6.303434618769574,-7.14367004439586,5.3648536620334015,-14.714208575707596,55.12080720779008,12.337164918461447,-4.587659020986309,12.867837955761551
622,-7.573348281241719,-12.828521986613822,-26.449941205130163,-24.122796032684548,-25.988654829647377,-44.373343326874746,-10.793816497299904,-18.045632762867218,1.8220749599402584,-1.7955004266671297,38.791413000179915,18.16379175410103,-7.483564358270826,14.3565241163849
623,-5.271363438109289,1.8384778529849055,-17.902974610856514,-9.926024593551377,-19.257993622419047,-37.19284915217039,-9.69471516551827,-11.693817627940987,1.828869842485761,-2.40425917239158,89.36361035679974,47.31639911076931,28.137386234060656,33.9608339979304
624,-13.325214575031298,-19.048077683656604,-8.91132063353326,-20.446311979967305,-4.097366982019864,-21.737913837904053,-6.441275624814378,-16.080809404848953,7.020547115850154,-20.63317562944815,49.85442452518622,18.638765202181247,4.509299884854394,15.091669205202807
625,-7.56183419618333,-0.7506542035689758,-7.236029146526229,-14.660590985856459,-7.315095387233372,-23.433573285874097,-14.361889191877836,-6.981709955901847,-9.043562541720013,-7.051191458017774,50.62325127967881,26.360837841824996,10.157829470957866,21.134392056495013
626,22.570120588829994,22.776404360935857,4.483038004429575,-4.803233666076115,2.015551241576044,3.716954145078916,11.820590546644526,11.06485430351332,-4.865880372506627,-14.248295203362442,31.968742121618686,41.43686684186964,16.716869313580933,29.8880272003139
627,9.667320394549165,2.3139015515379713,4.8478306373170446,19.90735313690963,-2.318789014406708,-5.2198736378845565,-15.603730515967642,-10.057719583596409,1.7209685079911328,-11.827033024228543,-27.782780237584728,9.768700263288862,4.6860852811601665,15.761326428830072
628,21.102347437289048,-2.8437550492772075,7.184129158421853,31.162316086652183,1.0379554343713209,-4.204280819694441,8.063711185856414,19.516633595677455,6.411853915785842,7.638323193918382,12.501264283814127,4.274015380786086,1.288158243645827,0.9618642109957041
629,18.123028689642375,5.465770882846904,18.884543153045794,34.70128621303487,1.064683824876663,2.6272934148531575,14.400701689171157,29.874665521650922,9.368166621685853,13.163581851893191,-13.599454467143469,12.792013836800725,5.4426296820144895,7.479983755758193
630,5.096272828287899,-6.489602298510134,1.840360583475392,15.784366191713126,-5.142237996444185,5.317109309497629,10.288448354372653,19.84345809484257,-10.249059431088355,10.1287706998757,-8.0980339441172,19.38724500751305,17.252132554468325,4.720686672538123
631,-20.63167863933197,-19.181357277700933,2.126800229701383,7.458349471819255,-11.00092799569323,-1.5981762694085393,6.533475240739506,11.201697732671466,-2.4617212927712777,-7.699770651360795,-0.8288310410353007,8.166978942883453,13.734896919103164,5.769043369815971
632,-113.79106149948929,-110.35138899706851,-71.13131033114148,-64.52306226936592,-77.90847014712251,-74.14884088449739,-24.752566460011145,-43.394811659784935,-28.544323785941003,8.41266350820839,-66.86553662311088,-57.32612150737935,-32.24147261678807,-47.777757339541424
633,-114.74934813198553,-113.17748462102054,-71.41371873747396,-69.77285069709677,-74.23505197388492,-65.09464940768102,-31.993374399172666,-54.24004332771109,-10.335611608649847,-8.580976046499572,-58.8426639540816,-36.66048586997666,-33.592548525739204,-30.21671411599616
634,-68.36296839476535,-66.32613771576307,-51.44592436192596,-48.01924799481476,-41.974711366330034,-40.209227021325624,-2.112553784647553,-20.159344898667705,13.373391343015408,-13.73988976452209,-14.680628805941776,-10.273133699256313,-2.3941464700805786,-6.960638452656613
635,-26.089745311479334,-29.031583556699605,-26.483083253684583,-12.50044249723901,-14.16748073301391,-13.010936719678046,23.404967315287397,7.5721497032702745,3.0446672845512452,-1.4934795180122111,13.696540398818327,9.243975893201148,15.784164952165181,5.957779904425686
636,10.255870750897252,16.18313473341737,10.124752089733642,-1.6463445481130263,15.848715228052473,30.239823107725382,17.901829432206018,10.949015070302831,0.09296893700977904,5.504109789268492,28.611826588116564,38.27041100970744,25.575749130481274,22.610093676278073
637,35.574259958904115,46.22986008208732,9.685743104407555,8.901169088394434,36.27391779609211,56.3538391256705,28.89477138624838,21.77670481350227,5.740295556562234,-17.527866577610773,62.09443322998987,64.06319654857137,33.34409778813722,22.45932399868017
638,17.975864565147536,40.0548165616875,7.693740029849674,3.4003421975262196,28.756997021128402,40.674215888654764,6.083378512831997,-3.4272537637174674,-9.526851013287546,0.812240872473172,20.34904654532686,29.4373844516186,17.238159644548475,19.865714436051448
639,-1.0471009918710912,24.724930500519186,-1.3584918791182057,-19.489861075150333,26.898378489264648,21.575767246964915,-4.553914345664895,-13.851783445439608,23.735873637769327,27.209071977456553,-8.760158007202048,7.8448808171270485,17.07221662151633,7.932107579244985
640,19.290857189204655,31.527244532476182,1.5216009190847712,-8.597724882416504,31.109883164386176,37.32338451504279,-2.340518712218508,-5.1662680409880775,-8.451888236916988,6.482036741946876,-28.781152752680043,12.444934406664448,16.79905366217943,21.510461549886884
641,26.057234217904497,30.858766985272858,-2.1587115281260965,-8.869242323655655,21.870108588448677,27.33492431740491,-9.745111176910738,-13.126105041909563,-7.304278531685026,20.19853182406592,-58.15102133669812,-9.69319495811991,3.1531178911313154,7.929043959516637
642,3.7842814987950564,22.010613837123607,-6.0600172102658485,-12.783356425070798,15.91652694703211,17.09614400615393,-22.697352551663275,-22.314407869828777,-0.5496567759663776,2.9985627234185905,-38.800704368304174,-13.875085493279986,-11.155079294854122,-5.487105231096819
643,-23.52467481062488,-14.374185827727631,-7.993413708218232,-9.153898926434746,-9.93546245279777,-2.1576487226520062,-22.65545614133626,-14.177092624371145,12.974141840038511,-0.14535494097967305,-27.919057398635765,-26.52463980840857,-17.674832158516338,-17.28455261692433
644,-33.85492474677723,-9.854356157162604,-20.830911061639352,-21.232915041162382,-3.423427447277337,13.93048705324992,-18.80414792635804,-8.32845907882912,-1.6757216010721017,-6.438838021852055,0.5001092849170875,-12.499683581731446,-4.155890957997096,-5.839758976381014
645,-17.4312391187796,7.065610876796544,1.2628284503677645,7.943072982700418,11.235520188731721,25.89306571083008,-12.310911289963297,-17.47542628489423,6.590705356765496,-5.974693092419908,-17.038345728382872,-15.298974089107709,16.457604070141734,8.232063889477965
646,-34.45148638914937,-9.10826252243044,3.4951456295430767,-19.48557570342889,-5.551415213165268,-4.956185859306497,-7.427974708947018,-4.7500755173243885,0.7848891818490262,7.935841549325708,-45.862072392351266,-29.39352091001903,-5.702187170543878,-10.73160432634223
647,-41.54428847119563,-16.632143857540818,-11.82872803289031,-21.776929422388868,-10.587391511626944,-18.658071614672757,-38.3173668582615,-34.473803187248436,-8.95243001742154,10.858115335818,-61.561220822120454,-58.56362917100834,-12.237125847558756,-12.948571379897755
648,-10.635119710983519,5.367070055769343,8.132831185364681,11.428916979828497,12.572750140573627,20.841842523705463,-6.785784027723592,-13.388917171561337,6.102243146641352,23.775081551388034,-9.585608190239874,-21.016365718048547,22.76429758262278,16.46953457035767
649,43.82062597739252,48.83736949313786,58.456841592008345,54.100530888982576,41.59043232834932,49.510935135427836,12.604025138749781,26.038620510398005,7.538872440350443,9.094314183450807,0.2454702013417962,4.023391321309195,39.73723581616945,34.327480516163845
650,77.19764181492297,53.36775293619997,78.05426010209278,67.35979881172796,44.32585071851979,40.64159377932872,14.4193775381728,32.811681610648385,10.1946483969166,16.982040867759814,21.481510161902772,-8.052137070479866,37.07430106168947,20.54119567502677
651,51.916160581561535,52.71687113944261,44.36157014751648,24.634938185165318,25.724062436837034,33.92163930541616,1.218310350491042,12.434753373224376,16.969937900207402,7.495561523455707,-9.749161396140444,-14.050215262064206,18.039781855169434,8.733597512848116
652,86.21078408128727,98.45761950824658,68.76714834172434,63.48477318175026,49.46583715216397,58.66049927177206,10.168753064909046,21.934422282274063,11.67215363590197,16.488640796338206,-2.1122537125887124,-4.0319315347669455,41.18958624684536,21.776154980810013
653,60.69699197644439,87.52989126206725,57.08196646316822,72.21801249277064,49.40393371787122,62.78415328112693,9.305569308348,43.648182825171816,-7.872734546441495,15.642967572583034,-18.399357962539558,-4.410622473520892,46.430069198246,23.890526008647033
654,23.334185293924392,21.931926096810848,56.86391182239925,62.88348038809456,46.874186578154294,47.18828547309896,5.989442715983459,18.761231221130405,3.7972866560895198,25.652832530586387,-19.50937196019104,-1.7634863416903785,35.64226466502826,23.41147519682121
655,2.5742982789829765,8.245854224213492,36.73771457954961,61.255875613079766,60.200560347079474,74.92995249277828,-3.400523520274956,16.593218410217734,-6.553684962849798,5.509398524147574,21.479488581385986,-2.8827943263881632,34.20816779737444,16.175682733518475
656,12.46004013710435,2.9793373147040016,34.78217962132489,71.66434405767816,36.82743296113736,60.03175171322515,5.292461500192553,30.952763617094384,4.274343973097335,-5.848192413042757,0.49097233088472336,-15.013568707272778,6.038227113154442,-7.14049536939456
657,-11.56433701684568,-22.47848662249189,50.52006400318455,68.35919485393393,26.582687596236724,27.847175244353643,30.40409276646952,39.532331074942064,-6.958585968812269,-2.6476464422306085,-1.6300118403227764,-11.763289824659378,-4.230982631395862,-10.7080466800235
658,-6.800127080911007,-3.541645063780769,36.83853250450243,64.35190238079964,36.34245197844982,45.33961277323601,20.279255355115833,40.55089527613772,3.4014191440555197,3.8825299914081013,12.625026028414604,3.7577127762746994,-12.47954299604994,-14.331667652938096
659,-8.800396985520248,-7.009287243638355,33.979343010106795,61.7250279603853,20.345593073047283,24.973443110914143,43.67061872303822,48.63497437942788,-9.465912147748398,-6.6905794970877785,35.75519786568029,21.783952344195683,-15.556576301188015,6.221276444483535
660,-27.921480298946626,-30.84458941214791,14.309645737954261,38.660541373222316,2.6022665154464084,6.635340250964053,47.737127879512585,38.56827821336451,16.425539917068765,-16.16927927626839,62.24868834296724,27.727747676457973,-20.124535863543425,-17.4813225910445
661,-58.14087190901397,-61.4253333812773,8.964461665529834,15.824992003608259,-8.744737928803476,-12.024514169381902,46.750287808663224,35.96121149176832,-15.30531872729779,-15.959445402328331,45.137211489563484,23.909650207111994,-17.67325848141718,-31.232463849847985
662,-52.46872314370807,-58.16904673117132,31.483374536497735,24.70092297990677,-4.029968972876676,-7.614709194104152,43.07778718978456,38.20807743809574,-8.687095727496251,-0.4048788884717158,43.094530664794675,26.322466356633228,-25.53860514387936,-25.125236526620053
663,-79.55801463485066,-67.18281848340767,-9.980620872891839,-16.31377171888601,-23.07155921693588,-34.60093643946265,26.941463199367053,4.299068712506987,10.344469839103313,-8.18302864061059,42.47877666773227,16.532660678262136,-34.083629544638036,-29.766662141636598
664,-95.58512628029683,-86.22854241089843,-15.439655289072396,-23.67311179999717,-41.473927551484586,-62.3705905901766,18.446002139608684,-1.7842957200200904,-8.189898324372592,-2.2466602517121883,6.681599870872553,-2.015548671888442,-49.69553341344735,-37.32076724348321
665,-80.3228243811725,-82.94988292243687,-19.702851628227055,-33.43793383503535,-46.04126755859079,-52.62628976642612,23.64697989461039,5.089406788491553,-25.164568432957722,-9.465225205690842,-5.713899451022522,-5.748427088138382,-43.745582500466604,-30.712670359519986
666,-69.19060986292565,-75.6916698369389,-8.583734492238111,-31.845404877576286,-39.661545866169064,-46.70157533372422,15.338803311903405,-11.736761219034289,-22.820647451364888,-11.726197402380599,5.229853127614742,-5.912989083405368,-31.92218115353675,-37.15734832790753
667,-70.865118852672,-70.42864285863625,-35.36959340000664,-33.422446012647306,-51.12055508113051,-54.71656315798739,-9.443726105130633,-23.614644925911794,-21.259401724920526,-25.28720147906784,-19.46287309580422,-18.997508867965887,-45.47891728862616,-40.00480958282481
668,-68.59532853402078,-75.96331018735094,-42.31582270124176,-42.776830380301796,-48.58088989008297,-54.5977528388462,-2.914801303685342,-20.884782197984674,-0.2836347890104373,-28.923090050573748,-20.277272936401026,-10.944664331668719,-39.820117391113925,-53.71504983847311
669,-56.65843366793848,-56.46072932078771,-31.610170757123687,-50.65019706667681,-46.17455681324406,-54.614685600328535,-23.657219321203375,-40.44674909024257,-5.592050764330698,7.799479107220605,-30.86067312414696,-16.744097633401356,-45.00555329168802,-49.382485884122225
670,-36.81283922839678,-41.028542015830396,-14.618055854581668,-16.89675468456104,-27.61055753137456,-34.50597802482741,-3.367799742467164,-10.823899385978605,24.611509039448396,-9.12121390256545,-20.474436011850788,-8.683203446958334,-41.88076131584847,-42.879118664671516
671,-54.462503495909836,-53.6780285131259,-34.186656703604974,-43.319702947798675,-34.02105293457415,-42.159788137837026,-6.569436815287109,-18.66705650107675,-13.826218675120055,-11.453259710010505,-31.268522377350653,-22.803597002646825,-47.209299364517406,-45.578903404853385
672,-34.36893677815337,-33.78480495825649,-41.643612773417054,-40.50942213767236,-38.126819213524584,-46.86012233469993,12.861493646434667,-23.000416907081522,-3.3605018313416832,-21.787437289702222,-14.710112360982539,-9.742296569999041,-50.94106242687079,-47.528002960383894
673,-33.21842795883707,-41.66422665070958,2.3300135689773183,-17.130962367174583,-26.475881263075646,-33.69636920203124,26.673171403994786,-1.7124337412085733,-2.359999532443583,5.154642297942834,-13.829640160772483,-4.754526876360038,-39.33334730818371,-30.382408014542605
674,-31.924875360976394,-32.28095414970381,-11.752594302790213,-24.601137718067793,-26.283170374837404,-27.002324436315465,5.570236507992183,-6.702380274899346,0.8083798310302773,10.783529427524215,-21.812045390691353,-10.307711320062378,-32.40468150379399,-36.322436623088315
675,-56.743081339705455,-42.8572299917989,-21.214692458484375,-39.76932083619211,-36.7275934709583,-44.74117967937965,5.006648618211573,-21.92508860756926,-16.971528538604737,-3.210459554183032,6.916182669801217,-4.168055164984115,-31.603529362201503,-27.956326333231576
676,-50.77849861097091,-57.8231743081915,-30.68992838623996,-46.78965275776443,-40.5923639414572,-49.459796933544226,4.772065061731778,-27.863905440321794,-23.857739393925396,-18.67543894216814,28.751351024350715,13.51622203616556,-29.902057806775602,-14.127076748815915
677,-47.404150809289035,-56.641033652771654,-30.521783453732287,-47.04722850276078,-36.606149691008234,-39.96453088495711,-6.797759576157055,-45.04735971831629,-8.39826749205133,-25.036502328013416,28.226055557282983,9.209087701582824,-21.971612023970163,-11.51274574344089
678,-28.630881998747707,-33.502666414334335,-31.98703556394466,-30.4423215604691,-28.302453226759308,-35.20781139309456,-17.90813120004344,-33.08313764354747,-9.877581256973748,1.3322668593017655,44.387348074953515,19.52822624547316,-22.256559795534468,-14.185225451915187
679,-22.79929706585517,-37.895451547092,-26.617345989261793,-64.20442967605155,-33.25786030406473,-44.001033323865705,-1.3078477355059834,-28.600051469266884,-6.704009109546578,-8.268558638733692,31.874903025985233,16.962798585577477,-28.583025136334978,-23.30410226632629
680,-35.15411004659765,-45.625767019123046,-27.250907143664083,-56.24663198862114,-38.44384162483433,-47.270273957887056,2.3419558126282913,-35.790154926977195,-8.000803513843001,-21.032977987255496,16.69881059516633,12.319716112192785,-40.00101067766377,-28.365778721650234
681,6.241705699577235,4.773055318268499,-11.399746931676304,-18.769787337371397,-7.5750767504479235,-16.137816041195382,-1.3426024765275268,-4.522629518380268,4.489159877838362,3.7366123062124577,15.457027722263735,5.27051673618056,-15.536810604867965,-7.841023892003229
682,35.213264479067135,28.192839714601526,-9.571756699541307,-18.645125202831586,0.847900145286768,1.9086955780227082,-6.93129123376166,-11.946729543982684,14.082269444649272,-6.427779775547831,5.0020891756366925,-4.1035741451620344,2.167466320161424,14.41140920273462
683,-7.8762234719479,-9.597209444065497,3.3262334740855053,-0.9976405155314836,-25.06649128051695,-23.842286239412374,-14.706024709413947,-13.495733630979549,-18.9322001659437,-8.944535467084362,-67.1385393052064,-39.758991630486804,-25.328239082261568,-8.544181966352244
684,-19.239678339528577,-10.846253745522619,-58.94783493769122,-55.490914180094435,-38.92693801352985,-35.32039978273297,-52.889234127103485,-53.451355673664,-11.592279062408005,-3.39070157426235,-91.86348444963184,-61.87216604681406,-28.118338443228275,-30.806071950327976
685,-4.290479469561674,-9.602460639879281,-25.759646596579774,-30.34204708469528,-12.190166637323259,-11.903950146519337,-38.79436176874166,-21.935177012319862,-12.15279401313956,2.5836136975581923,-82.90228656902352,-71.66629054010036,-15.122905585902332,-19.755920480619075
686,41.178631509251574,17.32967024151218,2.534700328259691,0.6037007780923895,-6.835549073061977,-1.608740059701864,-18.60680646641913,-3.0603353748772575,-3.4983079922930096,17.67329185158278,-40.18436545707894,-45.22477504018504,3.2375758324978205,-1.738875716396601
687,65.3879914785832,32.367774375701806,34.39299088669627,16.35545257985843,34.4620041498708,37.53810582842535,18.83550909400369,34.60002799030006,-1.5990727181841253,15.102436354018344,-2.3899601968257604,-5.5631189930041876,43.71813294127749,29.32282516766583
688,140.26091478921478,106.75282180231301,46.47537804334497,49.505685780377604,54.901370015598744,71.41088575514236,7.544186193834799,38.89616794868137,25.978944225576498,5.465677977703513,-6.294700362147598,-8.856088727668611,47.98019987953289,32.04162382192322
689,127.31787215217888,117.15283642460865,59.78245308404144,51.301002863445326,68.62169667603018,82.49063311927421,2.6156017354098258,45.46372083179228,13.17053975915516,20.548595951733567,2.1788537940870993,6.7347964393707755,58.29040606415245,44.523918819347244
690,129.0122231217723,123.325437975899,49.3006173008657,53.46500537816292,73.75019797752374,71.98134505641154,5.547598310020333,19.31808097996509,20.84151241337441,14.197377487177745,2.17402806500985,13.088226690999756,70.53146664216264,41.528085594898236
691,109.8917250554162,98.1622954298974,49.99809318454382,49.20589403178295,63.37325046870739,61.256797207184945,8.117875582947056,27.16120458249054,11.570363642908715,9.266921171726143,30.038636198912194,20.509443956643807,67.58909722899918,51.12928190389985
692,99.51718082773478,95.24517525528813,49.375351440008025,54.080719759776855,64.01814195756485,64.79984497725877,7.625651241140345,32.23871353158886,16.403078555162317,3.8835123917933876,4.790055197560753,18.444677773661283,51.79214309085026,31.432267194943144
693,64.05176986366082,70.5884873047345,37.486807911544965,41.3735198188667,48.079617034608574,54.913310280927725,-10.953757930916462,22.79222805159723,18.924630044310174,-6.355052744964014,-17.168211549046752,-5.11741641501531,42.920577851876914,31.220645206138396
694,66.15044307953275,65.97459739586157,29.24966004501883,26.122017982799026,45.79895159582955,42.612753024760494,-4.9284546956221105,9.84693416767063,2.7636566997557757,1.5670121227473839,-18.136183092188247,-8.27096417965272,46.74426331537143,30.446918350693387
695,58.404151614010566,44.262801678320045,5.046428672131016,13.322470740242888,31.21244898970667,14.030419840118928,-20.03096068402845,-1.4129809643341216,-18.165995089647136,15.409655014250255,-36.26703793786237,-17.859146378554815,31.97294103046601,11.927590417900376
696,50.429486255082516,41.62671493347878,28.220412876136063,37.516108941492256,44.98159759392925,34.05054911275959,-23.757786684568618,5.284178006511558,1.7325334811068476,20.110756628637006,-26.34843874794735,-21.80221733375016,37.50895553784307,19.521079870739424
697,19.23795559100763,12.278459283288576,21.42059892038408,21.071741841762062,26.053146646927612,19.706489805270365,-27.79001244752251,-3.249439464060322,-8.934313868332422,13.885293505193646,-24.14087954990066,-24.05064425744325,32.5908792534439,20.69166150204833
698,30.46963509683663,15.463987521850239,36.55146467869215,19.818129958188365,27.636088945807323,14.405422189353747,0.9320997943544924,10.914093581295194,15.392523449324095,18.21817305698378,-16.36968354961914,-9.78137184688092,46.97209894586922,34.42785283684274
699,35.950223327024005,19.522665398008908,37.698637016712745,29.136363739134254,26.31838320429088,18.76498118509511,18.29091686875745,18.937592985062484,28.046309869652287,20.616559259875615,7.433237041404914,-0.8671974483916371,44.99610116745511,33.393758491266084
700,19.632246040210898,5.143515543178385,45.99570003337743,34.919789351013236,14.1534363815237,10.329186226434784,17.47866209688279,8.560311560162607,-4.858432616160596,-1.0112092701774085,11.740700487106807,25.217593056942782,42.24125109871157,38.47816115194899
701,-18.439700128524095,-29.0800529333857,3.297254410854959,20.13456523839479,10.442965857647494,-14.299380575090549,-4.181775668318321,2.142445122204425,0.4449846058712896,29.65890791751998,-7.577463214141165,-13.387057711938972,15.276352471433473,36.90952246007567
702,-32.69627007023607,-33.40169342865299,-0.6841522794509641,-0.5804856960985925,-16.87795261142325,-0.6010094854575146,-26.643964487155916,-10.807764517922891,5.5232132757631085,11.16273026873442,-39.69437448911241,-15.643256163180038,20.560090322067182,17.96185421298604
703,-42.45129344988332,-31.64825597182445,-0.30835163475229105,-3.6656637117629645,2.9514411714808655,1.6380444343911367,-27.818451425968313,-21.928131564690265,-18.378451989546157,14.077982571364991,-42.80687107389436,-29.126033097420923,6.39343110796974,25.599169816509768
704,-43.999568723525044,-50.129754144296676,-26.972557878405837,-22.68692501042188,-13.166243318009572,-19.59457267664434,-44.30407237004646,-33.54673347059967,-10.588146032564142,-8.5545295519503,-14.68317806803338,-9.581495154149989,11.1309718912347,20.00106180631769
705,-92.77976338614916,-88.47083345328488,-41.12595902613028,-52.68652582585266,-25.877988008343603,-30.814227413120808,-50.67828660404461,-55.555920467763734,-13.318513853980624,-10.672336190042644,-47.953301985153594,-38.21248930285454,-18.182387765341428,-13.32813848397761
706,-145.51618367376807,-143.62368238439257,-86.90119990164828,-96.20694456909222,-79.80087976450415,-100.77164049923545,-83.13292696682424,-99.04935690611684,-11.086974684489308,2.2239806577400465,-124.0926264659512,-78.5418478017921,-70.72508853822112,-45.86631952953087
707,-114.68039462881751,-119.48980930498139,-47.137765767279326,-31.654321298092373,-71.79261897090781,-67.86544774804631,-51.914020829143205,-47.026406818505784,-35.87943586426346,-2.6474513857643363,-74.68486307536664,-53.95144340103731,-41.49893295625936,-20.333666321041623
708,-40.298976503413094,-55.55069801483388,-1.354273413462484,-5.863760690657589,-25.813554675280127,-18.870877587199207,-2.2819394114453173,16.370767035105185,-17.984961138233086,-8.270257462430541,-15.875776884807792,-7.935626273653167,-13.554961243935256,14.209793075329781
709,22.450356147746326,16.723728789084007,22.892370954376076,44.74368977551957,10.676456718894912,35.24914634916761,34.24864493389734,40.72539598326129,17.38607679289593,0.6345053287606672,25.912265617006966,33.82016496579794,-1.005156213880557,8.940446638865827
710,66.92994083371978,62.7200529454381,54.19016165913086,63.73924888597589,45.17504436386554,73.38855347101956,42.08792724907665,64.32646312647387,0.22237327653280303,0.6760193781308406,50.76658988638365,48.83192209382678,12.664285339274,23.03026610136541
711,52.203368178786405,70.58984482672538,14.201896059887224,57.708571389109366,33.14371164376169,70.56461162305608,11.568243960408534,43.411235432845906,1.2867376090556373,15.243729205994525,27.73555142555354,32.16799216204026,8.981052206818607,12.523219941653373
712,58.87078619841262,56.622888692450175,14.119234229692957,22.113015345205916,23.453715071404705,53.62014927550608,24.528750927166765,45.26600542373586,14.197714226325976,6.006127752069648,21.962750326126095,28.39821718092223,10.772888390598895,-3.198411957216567
713,-48.15776887333929,-37.26466439410258,-55.94524769644554,-51.67731339514231,-58.758039891405446,-45.89855545960055,-19.23187426378547,-23.154252247342598,1.8125481340124143,-7.0719256515899485,-52.14424042533984,-39.753513226863014,-60.07167215518883,-66.18516821277714
714,-6.415937989601795,3.3250597147067316,-34.58509289729833,-40.71522237037546,-30.51762290282548,-11.068357808483809,7.81200133869362,4.900382348745693,-3.868955312918541,-10.145060429803353,6.724989459941795,4.7189600881067655,-45.10261442796808,-39.810000120585606
715,-40.65401829708518,-38.45375004084573,-60.72085939078994,-54.05675275617892,-45.869889719507796,-40.68986753918004,-10.554216748805084,-15.069618091032751,-11.52310232971513,3.2955813460622108,-28.165764871783814,-19.075564747019737,-50.61311673905463,-43.62090015449265
716,-6.594717714077926,-17.051932413298537,-33.579255503715025,-20.05514391933178,-15.498271986260193,-23.880557389818893,-2.2097045949553533,-5.944799509027538,-0.8129700609631291,-16.67075412819513,-4.464195683378281,-6.816602994087033,-16.298078412459276,-13.598746755177215
717,0.29743178147916643,-10.395652981351592,-7.778725048487871,-4.815324559460418,10.822996837790145,1.4403977439503477,14.242156617544762,3.7871915449865328,-21.52514313165999,-4.807651726852818,15.909095466229022,-3.9690180014649283,-8.418451556658793,-4.4069617223157165
718,24.017162767765594,28.374427075950404,-12.778111600237386,-23.81014404269544,11.879720870788217,7.577862745083316,2.1128641212954853,6.195242379884641,2.743149683372834,0.01644279583310393,4.618282093802302,3.676433132830419,-4.371836047736606,-1.9754058788795696
719,-3.0058429649783847,-18.895681043711345,-15.603509896631692,-29.398401481641226,-4.0205723685101455,-6.591989487418979,0.42058893152731514,-6.780506956067233,6.474944986289741,-12.567118745489784,13.863530320016757,11.299682738366444,-11.069044594222088,-14.171440041815696
720,-55.92598380756082,-63.854478186072114,-26.715686598425744,-58.51547131041221,-41.554922559542526,-57.88222693140928,-9.270173268843294,-22.587886964378022,-11.573601299623329,-5.165853446240716,20.784915010379873,7.408027973386579,-39.40908188829266,-19.094035049594737
721,-38.07377011182377,-45.4788638387909,-12.758015153392838,-24.59302131156751,-15.959055786166145,-15.699445435277706,11.199780916349033,4.344782991369506,-25.877638840193153,-19.37699904817877,17.05720008219984,7.630419958490257,-18.16003021963574,-5.723852987472345
722,-59.53285015686447,-57.038933878694124,-27.37704589946576,-20.93357732775266,-25.63570152079217,-25.798366837125837,3.9040408826633333,-2.2007980747340303,-21.779286119690198,10.067011393606748,-24.032926379062054,-8.3544790618716,-14.088854827217448,11.947941405475023
723,-65.98308401716906,-71.21505579407186,-39.74897232047406,-31.743554740945108,-53.57058291735924,-62.356692107871595,-8.71680945731976,-21.996946015796834,-16.03628312100118,-7.093356468703857,-5.620096054917255,21.115098356190938,-14.592721867172887,1.7019754465656236
724,-33.09891040508969,-34.32388932876619,-15.62348268596601,-25.525059951274056,-26.821445107957516,-17.833962797961906,-7.00749119869827,5.290990652345483,-16.879162347199102,4.097504948478944,-24.56547660965684,9.395919968457573,-12.205702745323814,5.769265662915296
725,-11.705331772968428,-4.485022084877898,-6.558886670433471,16.385874529549934,2.451766429768142,7.006950241818422,-5.259769867460595,22.784138743968704,2.8189197357523015,-6.9621156539403035,-50.92771401066115,6.192330638759298,5.050179771757157,22.071014310670762
726,20.393615692017224,29.016178501735524,-0.5265310008079952,30.064241249824338,21.742335949278694,16.688203774208603,18.23063612913418,13.193412214154117,10.837713929538303,-19.02660942282575,31.633816257935617,35.39257292730199,32.16340570850049,29.546067352685455
727,-33.13961923447289,-47.67602823105811,-9.462265080781863,-19.48207725609874,-17.568926548621853,-40.25475099017938,19.62087207008244,6.418861186367536,8.385746258428147,-32.509899105578995,46.294592336410886,27.897657002387323,-26.21917108232789,-37.67115805878808
728,13.956116256933011,-1.277407023712626,-19.00822465140853,-6.7481662193627505,-6.474212386493241,-0.5232943538568587,17.626103724761712,25.698421198725622,6.520437204372455,-10.651067901027107,55.204014953862384,28.907820698936884,-3.175701341490549,-2.6776467758243894
729,17.06889358460205,9.916743402432997,10.77064536473219,15.344354659915695,5.305344607060833,23.365277417727317,30.010168791151653,41.37930174735071,20.577122446233822,11.280663136876914,-7.448522290662928,22.47353164976337,-6.8544569630479515,-0.8462274514660812
730,5.678317328840756,20.82155249512176,-5.405313122472741,5.544592290187179,16.05754781570582,7.116917572526516,15.654899471405596,10.25589853027991,-11.42508653500171,6.186817237264094,-45.45759753283578,-20.988278707426282,-5.002053207456099,-15.798768451768039
731,13.847806855450548,32.68581299608831,4.841432658556503,18.59912667595149,29.132376150743617,21.90629252397857,25.506472620524413,27.87720436887316,20.382125810651132,11.552312732574608,-45.585353570982164,-26.272625593282815,4.034248486984704,-10.638321341417651
732,30.07904429167992,42.40447376783848,27.87378230593946,21.27018889837416,48.86614892920372,32.12526569035122,18.453890877424776,18.637418048024276,39.23191387830489,-0.887839883921135,-62.8191485037792,-33.918104918779605,8.740754799476228,-16.18837436124777
733,21.455423715470147,34.20767245933128,7.371059017644999,11.318605979220596,13.967925852629437,3.8422000846831543,8.093099494596078,10.202003666262831,14.657527840935218,12.395610233591277,-44.31839932950519,-40.99529842828781,-4.647762366343139,-22.071919523109738
734,4.330317238763655,-4.303693950329859,1.2220202479114783,17.198369457956026,-6.291039396677962,-11.409427068605433,20.517094572772635,7.969008656544451,8.408563719602236,-13.185579207844071,-10.838981953233313,-17.1602591789853,-5.967936031000769,-29.971403201906494
735,-27.125919248355896,-25.945792882164962,-41.39167744048769,-47.33787594595498,-46.431892395900086,-60.434977491843576,-19.93021588095628,-12.71707981133227,-4.017896381119804,-7.061753739792252,-1.2403790370781316,-18.738523420075612,-28.533379496100828,-17.95412563908707
736,-12.36858192151805,-18.5334584876646,-9.233528790925691,-14.755223111466924,-10.926893155435176,-26.23966840545165,8.100574940756372,3.15768266531039,-15.153036463592075,-9.36161561968961,36.05341188106884,17.36231098068688,3.479061213328107,16.34582240481656
737,-3.0651280378380554,-5.868166190300099,-4.188828735955973,-8.451803300748727,0.20649085476201767,-11.071571517564504,15.709791089423286,18.17091767118985,10.759159063491007,4.80258113869738,62.29068260559002,51.60316056359654,33.3734170156575,42.67659316606708
738,3.921381596141585,-20.317125677061863,-5.699657326168146,-20.2340053517272,-18.624912759778095,-29.081020072837987,26.696296833046652,7.807356605790754,-11.111477607562103,-25.348393122032526,134.14448859711155,85.2010940203408,51.73764587548672,44.78937244668012
739,18.09720227290974,-0.8017885673737093,-10.020779001262994,-30.6149968342262,-3.7953996953152664,-13.513415731294446,0.9473350987459875,-8.82780764063601,1.67580975781189,-11.51544694389625,130.75463219628483,88.47865399964934,48.32803283181,46.16727770148113
740,-6.1892092862538535,6.665546896038625,-24.743558901069605,-36.28591721136326,-3.9557238092019116,-1.9885309334661019,1.881133191022801,-16.600734862625817,19.686950584282034,-25.90584470974906,96.32238839925125,83.74398000181014,36.696991310926556,41.44445178518037
741,0.5394337336112329,19.01605289927589,-26.584047060160234,-30.293024833108824,10.728049716571633,6.4261024685896455,-21.244299105251958,-34.8202390069974,14.555538917422403,-11.675361122862933,64.35629422813867,44.438042825557524,31.065810671818895,25.085116895093837
742,-32.27346660274816,-7.612368657113631,-19.63344911378568,-38.805673269853386,-17.585800291148637,-24.69916497391726,-27.565294228440077,-45.39768368456389,-10.620676659723344,13.159595601387238,13.69715336483804,4.304469201657988,-0.396459420569066,9.795493146611948
743,-25.68910748203981,-9.171945198310837,-11.095674739168095,-21.4011413592498,-18.892907875986506,-25.10064353934174,-37.88110567432806,-54.28416216886062,-22.8142179662441,-7.6264763830142535,-26.893693508798776,-10.077998639805699,0.06826917405750575,2.4498191175120625
744,-31.103134048909826,-21.482476381802392,-2.6898190725247164,-21.32017241724677,-31.265593536488744,-34.274710474918365,-11.776061427124391,-35.90621158799307,-7.869464534189395,-14.450004748974049,12.06179960719841,-1.7523553552610798,-13.747365090041743,5.303378995877451
745,-29.419569200393248,-47.64994780209222,-30.60548226782248,-27.989762606252846,-61.70304182251443,-61.90342312120939,-50.21923393079162,-57.36330537742907,-18.15155111686673,3.304173622661277,-70.34732817257061,-45.93270036445321,-26.36961318754357,-18.181765516684223
746,-30.02571961852183,-45.93385645340601,-20.49331906722089,-33.854422904844746,-47.45653712627231,-48.84183045630069,-46.285043511234434,-58.94746261593123,-0.9574131043921583,-8.809519038524703,-67.43363439381673,-60.840904366959094,-28.95209956819076,-31.17038946345136
747,-48.721637924331375,-59.68568287261309,-26.001569105875316,-23.91916311566738,-52.120488182071426,-58.60592165472962,-26.93156985405414,-29.71566466681575,-1.6323157540655544,15.49135082766409,-52.485653040976686,-52.57957015359662,-31.51901694891421,-34.20858762026721
748,-37.32602989431728,-50.67006038831977,0.24638340162314445,-18.94663288055729,-42.261106999115235,-51.58744540646346,-13.003317572867056,-36.91488542990579,16.97914352952917,-1.330061890380124,-28.246872255332928,-33.35107074140932,-36.22291251961123,-30.90030200457063
749,-105.37508628395327,-120.9654015636858,-40.89560234200757,-59.29126289338495,-73.44474840665791,-87.77350940734168,-30.203015486922897,-59.896461174368746,-23.49409648470399,-12.060586897193446,-32.1428884000005,-50.29744279650901,-56.483787959691696,-54.190283843512525
750,-107.11522843999171,-118.74398299194557,-54.715969753426236,-74.98607408894901,-67.85323507721102,-95.46752863514546,-39.590237682365874,-58.73091424211111,-16.939684538614916,2.5659687000834968,4.243087318547765,-35.899863321389454,-67.22942482502746,-39.268954380420276
751,-92.29231159683572,-97.52205341454497,-61.128111212032856,-55.72451853117144,-60.74350759170691,-71.605062384161,-22.726948041799385,-37.323928758822646,-30.164970649963294,-10.299390006389649,14.282480794165204,-6.251220257150043,-44.94593399440632,-8.181158863657991
752,-49.417103317584925,-50.04301253439147,-37.64497932085713,-39.90182586191035,-37.590083546880294,-35.65278753402536,-3.3955319150177132,-34.50217841433409,-27.410944007329373,-9.976503093903982,59.568765782885066,28.059476560500126,-25.653967253139044,-3.674098580928394
753,-30.724128304693224,-21.570930023139987,-31.96990957012024,-28.90149848893003,-21.528209434903914,-11.881137378485434,-7.3925661926994035,-14.111277324321652,-0.834714958194235,10.899130575882745,43.463776652009145,22.956250542801726,-24.884166212814836,-14.398025969461942
754,0.19818791790099372,11.957519952761594,-11.570982536108687,-8.902300170425422,-11.072171300849229,13.598909083275954,7.212632541436439,-10.452285308428763,-14.350791327850791,-10.928729407580168,71.77404790342266,52.84771960447608,-15.921794784022346,-4.111181362915901
755,-6.557294839722773,10.855872597633232,-15.48414047296115,-17.748005779911463,-14.568570876805204,7.4811250419915325,7.473108978914856,1.934880050656441,-18.207978900097405,-11.783082889619488,65.63646194604203,47.30160456479306,-34.09972802521632,-14.927888071160014
756,-46.44537460009849,-27.22720066540191,-31.892666039407064,-27.603737517872908,-46.872336192142065,-29.67190799036438,17.000136263037998,-11.252432343238542,-3.0849828617152397,-18.40742316777517,24.51279780564241,12.037099706625257,-56.214631058045256,-50.18209336626744
757,-26.3347715757025,-26.306732243302584,4.739811696364407,-3.162209045144731,-19.476686212167966,-25.701544988962695,39.70141942793379,4.19126084444496,-8.716407172404375,-23.440719870655258,29.23660250707278,16.72153117971687,-61.14595221560306,-50.494810531336796
758,-64.3875829473924,-62.79260440626763,8.149921624733121,-7.877269392392364,-36.60111069466116,-32.8031355224103,19.717124018301128,-3.381927589743948,-28.04856848917402,-13.234780148352613,-49.09660750065716,-22.234116537260295,-64.43885015584398,-51.31863014970879
759,-60.125919909297835,-52.32999947193686,8.800329150791057,-0.9323947253901004,-37.856771679098635,-45.69033927037553,26.23611625443022,0.36245379787626886,-23.865533764204518,1.0190705037242278,-12.398056034419817,-17.170009962514776,-61.09314572962638,-46.25429585586791
760,-55.36266187700822,-56.77258266978748,-9.848578103505329,-18.09661893485388,-46.91515743257157,-54.98902062952886,17.09260152875225,-4.218732158513453,-25.99265416213775,-4.895360951000042,-18.413079172238547,-27.25363701255838,-64.27098940425995,-60.512488430620444
761,-34.38760801565242,-28.494329724230276,5.671707143032632,-3.3895814206113277,-35.6812365536499,-37.84366178581144,12.832470993312342,11.004744510809292,5.237979829395416,15.272180779765343,-11.030224018449326,-15.208645694985623,-42.04377162697264,-54.04085453753903
762,-56.661069151622854,-47.27699929252994,-35.78256549870476,-32.04893232005772,-31.63333262016184,-29.895043194072638,6.118060346469849,-14.489204233035768,2.3927835056946534,-2.649836991590547,5.955430113879617,-12.31151889270505,-36.91108206273229,-53.165377016937825
763,-64.42380761518517,-59.56920045598333,-37.32451317703079,-41.0834123142784,-37.11209148183223,-33.05175210767518,-19.179369102794066,-41.86246576374677,-23.433801129133958,5.849692852769377,-42.68364003973778,-47.72207372184406,-47.42075536333595,-50.340880840751154
764,1.668044065193587,-3.927581664514664,5.031438466706157,0.25767191451220095,6.621782945286456,5.457007027479087,22.2076356823145,18.768123059186355,-0.041104019657420686,-3.4328174671740923,10.687231414254208,6.824781343350401,-12.286641430945489,-13.238345810984173
765,-62.50408858598727,-70.3343184177217,-66.39222591814202,-81.40936140791449,-48.6082444581418,-49.7223104842847,-30.681232542834575,-24.230527091172632,-25.149791260405436,-5.3562740797752655,-33.096858027495266,-27.328133112146656,-46.935134129669784,-40.33441676076654
766,-32.11513074966959,-40.687948077569075,-49.770084039156444,-50.563158162159056,-19.195700177671217,-22.012496583171032,-10.827560685292598,-16.180967950189817,1.3609408923925266,-9.588484810211884,-28.42711870821351,-12.086654102393513,-17.981314321673118,-15.123883353683594
767,-23.689936287108935,-33.28355874812617,-25.900855416126102,-42.26793075683116,-26.60579164179,-23.835103087901576,-7.061924107962676,-10.789295469771789,1.774068350706675,-8.029057533890787,-52.67307397308468,-34.60313637960982,-25.477064659961407,-19.47175263201748
768,4.277186036333384,-16.883909584164414,-9.338666137407884,-32.51325479488041,-20.420628705075355,-18.8494775581138,-0.2667069328211653,6.8568747781445465,1.015376280973064,-4.8460209785316986,-43.18595246860225,-19.603073119169913,-25.475818404038876,-15.870136200364827
769,25.66490299194483,19.06444415659702,2.3319496529168577,-7.8890416344768965,5.797626801869129,19.554975311427715,18.760028140896445,23.091050778721776,-1.0835267470203436,-1.307304855035483,-13.057179844841317,-0.23154559870457758,-10.866057218951376,-7.493794814409426
770,7.639707310951684,-1.5342060038619352,-10.082726536320235,-14.504212624817692,-4.530645689785105,-8.978527735672227,29.076001019408853,17.761277385351583,-3.374620641572346,5.905443541993815,12.362645955026686,19.36903019173278,-8.090509729904342,5.298606271928597
771,-13.24740500033684,-8.237987615623567,-14.832808058361692,-29.08071476509081,-7.113404986896757,-20.03845990011389,20.52657103543209,12.13591091763565,-24.46687199771276,-1.1922545215646871,15.227765761790872,28.245110354611377,-14.206805465355687,-5.58993862722528
772,-16.529865722272024,-23.664911911138386,-29.761921551476735,-23.481399062564037,-9.151043602746732,-13.915935315839123,7.494835628220869,12.242373799881582,-9.156734649267326,-14.309357793127717,34.89324814902645,35.49205427557317,1.22445546000482,2.365699536541403
773,-21.77315288136244,-19.69574268717266,-40.51339616802287,-36.11109284272971,2.7451257014790293,-3.4348070191684803,37.22276188312411,16.245224407332522,-1.4892305997990718,-11.89335203669732,70.78971931710177,64.0875460896845,17.52937801902518,-0.24810280365558543
774,-42.64355795215851,-64.58269373538242,-48.7263929378875,-48.86592329904309,-7.876422933515844,-12.409650034376138,21.371226853217,-1.666943465216677,5.08166958697,2.805358925061471,63.173949255539995,54.28503693215133,3.4976870551011103,12.618677650196714
775,-49.82509382366688,-66.38112313950181,-32.782920803003954,-49.353428788136014,-6.142744899687789,-21.89407066303642,29.54371116409165,2.708649868610621,-10.30379383854392,-15.26619441646143,47.98075839139249,39.648025922764695,-0.8212321318132714,4.782500993318209
776,-35.854265148756795,-46.54269752619158,-42.853716231235786,-41.30168335936196,-4.3545524288931095,-18.494958765013582,22.871574757728826,-9.819840022800163,8.84863705033318,-18.81661124838777,59.88572390487812,51.53865600901485,3.1197336744381596,9.18803239825239
777,-54.69463883542527,-51.04743290327786,-47.271317524824546,-58.74485343367148,-24.2396142062874,-40.52008954073876,7.437172271783203,-20.18365477886369,-17.171656492923685,0.3076006721667923,46.49064560464525,43.58361787354297,-4.541894938980661,1.4371554409519909
778,-38.56799132643248,-53.66062744771862,-38.45654711450356,-36.89018800605141,-34.8012111208664,-45.98270508631895,2.6067728365741023,-16.405353561615108,6.218062372757255,-8.019196019822962,25.316133502496875,14.383034615864968,-17.67198459292252,-20.688628491371755
779,-31.84760673172248,-35.205756569643086,-41.74240085810037,-35.411720656106866,-28.100407013992633,-42.2636331565143,2.8467612409705603,4.569525913615668,-8.206878417302528,-13.186192524426291,4.693901250322161,2.2229510137789656,-22.437126496701293,-24.957345517755673
780,-22.82382564094162,-25.916653666971378,-19.823529971462268,-21.645352830136215,-21.794535154950577,-25.39279981097952,8.725627348419538,-4.0883557546710865,11.01926951383208,-9.052592443911685,6.1426313583731496,0.8393925965117113,-8.105664296191536,-8.006035203672697
781,-30.32120696965695,-42.54374128966331,-44.17099466335913,-26.434816894493693,-32.153673896045476,-41.491089855306555,-2.3249234869899627,-6.942604233303138,-5.1878710025485635,-9.548159107803265,1.9241158371662959,-9.685055232956357,-5.418759051380038,-25.850415906276623
782,-5.873792798806849,-11.68803537605702,-15.813135288063785,-20.815233062622124,-23.24420323100235,-15.318772473065346,11.530225808509057,5.31572712831834,9.645222212489339,-6.746040186505308,9.277593001434418,-0.8516180551925395,-7.7247176302662215,-4.196122660890896
783,11.329266234346926,4.512335918610829,-9.881090392283125,-32.04785725991176,-1.8013035024918245,-15.697156218560247,27.633415554895144,12.584931844233594,14.057773980177947,-3.670799620270044,31.287559829657322,16.141791161914526,-2.989138202692023,-5.372152257714285
784,-2.5144029664734138,12.696341111353231,-16.19259018547695,-22.85597255498448,-24.225454307388816,-16.6691203964016,-2.5391375306138633,-0.07908019137485596,-6.50610400955113,4.218491730384703,12.469037962427493,2.856636930292733,-12.10813647635715,-2.5228672879490777
785,-30.94170954475508,-21.823636516770474,-38.508136854995186,-32.377725092074186,-37.67106715878054,-35.00581011521944,-10.53397425658471,-14.3130999232986,2.073696017387713,-2.8365016147330273,-4.082277964983133,-16.11647457804815,-33.92412818562639,-46.23201108209396
786,-17.76684875103807,-13.278891662783245,-6.986429496942936,-30.463373664731755,-28.74909565114779,-31.29251735933604,0.19535652286700816,-19.34982234813052,1.5637321768126509,-9.169918007778579,-23.434648787468582,-21.53129179223491,-40.798709006830215,-45.55357095763732
787,15.005170749833951,28.741635278089564,12.613367803922884,3.482424808672943,-0.9576733355035005,-5.726671355601352,8.797846747724689,18.400920898997576,4.020794982400056,-6.155083601226038,13.595454499788234,8.71803148396507,-25.71170563362229,-13.197554505982907
788,27.074458786938514,23.022869485934837,-4.77793004679923,-1.1410175891332444,1.4435511591798116,-0.6136909698852745,6.193464626098461,0.6177581595251663,-18.204553639674653,-24.888480717538812,-7.738561579077653,-8.914487201025983,-33.823517699017536,-38.94900663493119
789,27.626501634661317,23.48351153292027,21.552544354353362,17.342596973573535,0.26383611444487043,1.8672000209553425,21.436441998433285,31.516535880159648,25.69636859320283,4.919675195940901,-5.41868952764293,-2.0139940073095994,-1.5801262965538663,-23.82340281851195
790,46.98684517016981,47.742178435888434,1.3112410976928734,3.9447628403785187,4.087496137266651,22.865614162758675,-5.742657212345549,10.07354565932956,0.8305970449831589,-1.5427889229287919,17.81805960552092,10.504562007780464,-6.349583866856776,-7.529209487429398
791,48.30680493767615,61.98939092342738,21.25553798327783,26.760727697331685,24.41637338531257,33.402374200392046,15.342386283123151,9.723838691245572,6.179418205950334,11.125148863331539,9.534763937501122,11.721958730509767,-9.769139273619714,-7.034715076666055
792,41.00002070004164,58.28578058280669,18.41550739222431,23.25278192843993,19.402548908801048,24.07297207498404,-15.496526793103625,10.337764734564697,-1.4324580790788761,-14.260939410310064,-17.265604705765277,-9.054009645836487,-16.862283088691708,-9.658143869899833
793,60.88185285791327,69.96989072434114,44.069552341383684,48.15867817576338,23.315142223752105,44.37252929993601,25.450408044236923,30.54299725331382,9.168068340858854,-1.9864229150708912,42.01865660561187,19.34320012640272,12.391228222678395,12.137490890748763
794,100.67879866799632,103.94180247705452,38.43000213423736,42.14459706122496,40.3535640102084,51.540753016223775,13.461555236300859,38.428015237511545,-12.751844975850423,11.256163212612288,43.48066073323613,20.248847289946184,15.968446164012445,7.739267970866468
795,98.12841167106689,100.54472587215531,52.32557540517448,61.154730438673,43.04839903194204,56.81510665297087,20.982521804419584,22.132837343729356,16.613106149007027,-8.040842980814196,37.2458278034452,18.545098933198883,8.87274931059871,3.1773865127630216
796,75.82749818761326,84.49775361831604,44.73433612790236,49.35853321967673,43.50188731575364,61.83072529318429,15.497963630432224,21.54738106472657,4.747614049061059,5.772929412722161,21.122923655343723,5.828928295882599,17.720240338599865,13.23649384699866
797,71.23490624377504,78.93080453771705,61.89361490090379,63.271252618830175,64.71477070632949,69.37735357248302,26.272512394126245,26.14976529198786,14.890211273919595,9.699801511271875,15.78721089155988,11.128412838136803,16.247466807022608,12.844967330057417
798,53.934883350108194,68.70598523252787,78.51708607000148,80.14866255533428,59.62945802409734,74.10251445813967,23.60400473209767,27.83271321334079,5.232091909146508,-0.7079545500141531,3.8996151905868457,-0.07720220406404366,12.909858001776104,4.453632214788666
799,34.075334051747326,43.854723617841714,55.00705862923315,67.54411013250639,36.04109366607421,50.99885715997308,9.248711785038719,11.911313038916948,-2.7536750861245665,20.12299047203991,-25.748168891188712,-12.045460039359781,5.216426640919385,-5.527821289816549
800,44.513401530941834,31.57221997707346,89.41848135101714,65.05572717405528,52.80967426933174,50.750589877025,10.716148439214477,15.381152285742422,26.01038465708479,7.215200588289391,-38.5306652193391,-19.19238775490336,10.687768726765407,-2.774298054547287
801,17.255173884852887,22.50032299192552,75.24817548056616,67.35014215119325,43.98779620638476,51.93879050942384,13.766949546328371,28.916027601518163,-0.13837845924186487,8.13246014565297,-53.897193962046444,-14.711424377030518,11.67089311020764,-3.5015261190725484
802,24.497351311414903,24.38721961171761,85.86298601420054,84.46740299819102,62.99836358398858,58.41601431958314,17.44404354425642,27.616562395488778,-8.652139068317128,13.037158771253136,-39.66511505347426,-31.27323117800749,13.414620454002062,0.12398402797027265
803,42.49416978824086,37.29505078361578,72.00901224907808,63.439255582666405,54.94183662252188,58.091050397336346,12.239670033813606,24.12312440219617,10.381013323695143,11.297937754306126,-28.161837051428257,-26.596624750103835,7.645408703586198,-11.982229916744297
804,71.69160734052087,62.904566019349815,81.24413362454189,69.76246075754791,71.88332413751935,64.44569401251577,29.6129428015183,34.976938332903096,11.096963449877244,-9.47752516357457,-22.86744560013487,-9.949327709766694,18.829449898304023,2.7270545364357086
805,109.77512247090858,103.41685070013644,59.95387203824166,69.12642372518901,77.66519537934562,96.27126132406168,14.564484756112375,30.791480604162683,14.070761296306934,4.819638406402694,34.54550443475579,15.951762162786375,8.140273929428984,14.826497645343737
806,81.16271120419573,71.6756840200921,55.78586947737421,56.94776754537705,60.153582982670315,71.32394676557205,18.094927840292026,24.92699566609689,-7.8589351377576575,23.236093100572017,19.90451049335096,2.6055565840657007,-1.3442939536629421,-1.0523613506180018
807,68.48008373990189,61.59123753133976,50.23257473879415,50.427950648691535,48.367763033992034,62.504978913790204,20.68430328136227,53.741368978495096,17.457037719057574,7.98151220938855,-10.547618385973282,-5.023667000868992,11.262556187753633,10.63750047210263
808,56.92348492878729,74.70022205289106,59.35654174755248,50.54206305304652,59.85002269603032,68.576298646438,23.79726044061822,36.483815713223805,7.902236859490444,13.370629245370408,-0.2391360643303404,-5.777357177399866,12.306922020500862,12.574764637769617
809,26.331465665968,47.008588062781946,39.64095773187689,30.025079137768977,30.141281169591522,60.22038398627653,21.757254752181037,23.97817392671292,18.676657351631047,1.7828502655112528,-12.794137538446476,-4.9778706465431375,-15.933740799648525,-8.310408626681829
810,17.527585654327517,37.86598814810795,28.220786741148363,25.115594279005844,19.745272142368172,53.51676972163995,12.52215506465318,23.822118693415227,-4.572308641433,7.354339853006748,-6.81263244997311,-2.12336443706282,-19.457198130650934,-25.754166880454843
811,-11.551409686015257,4.431501428590968,8.539687267203467,18.599097113931585,6.321289560719627,20.51292953011488,25.991151876454175,44.70026013740918,-2.36155060935544,-11.41037286736589,-8.841127895608514,-24.033958399123097,-40.097078966987084,-48.87882444821194
812,-13.091839274584963,-0.6635283401506811,19.029119180649563,7.252462708689515,12.924804332430124,12.486985334686741,25.519239090074304,29.903530970227383,7.2998240983578055,10.68069657823467,3.79493598809786,-11.586147817177281,-31.838786654567418,-39.382830922562384
813,-45.20058728988464,-30.241625528511143,-17.741888224218975,-24.707110310686804,-25.09372038268951,-21.46417922280998,8.261924699914818,17.34585858419413,-23.483198882956984,-14.000678743312253,1.1025955460933403,-12.800098543204392,-26.05398104379003,-25.444352941819613
814,-58.808440105592894,-62.82759392720284,-33.45597140258314,-32.14902820245973,-27.248204818368485,-41.321344082400124,10.221362906115742,18.659054333518007,-4.392841752307771,6.413073700561654,8.017333970038159,-8.55850879968288,-41.95646676263719,-44.159401799231
815,-56.89676653481653,-65.51828647853966,-38.640023437924036,-41.84355992163015,-34.53962778912985,-48.11748676671849,14.68778966405666,-1.6408398138372338,-3.5458519812754545,-10.053906291156515,3.545316673347145,-17.851988645061823,-47.590061315723986,-38.87247359255145
816,-58.357151609266,-52.66891385025823,-30.508021213125563,-23.960219623546315,-20.511924739539765,-38.84578381013392,18.4211296145401,-1.4556461518859822,-3.4662052427538117,4.544518261343367,4.817899900939976,-6.9977800061106645,-44.24292951838106,-40.88585581798536
817,-50.932423449295605,-41.33946546978356,-41.41373160065253,-33.33380756599218,-45.238275206732645,-39.98894323602143,-4.570448625874014,-23.0906258876601,-25.93907918511168,-18.877720653948508,-33.4175594857255,-28.09788737523272,-52.198002113041944,-43.94697865868051
818,-24.08523425744968,-18.06085324443738,-42.13471947423637,-55.710490190632974,-29.06487813788007,-22.162042647758003,-11.219850342101463,-4.7667202840776675,-10.965187128791618,3.7179389811534245,-45.482402864321415,-29.101777746246462,-34.94703097204548,-24.55645904098777
819,-12.05816403643995,6.676431065957685,-38.62522519199351,-25.123592515933833,-9.441060223102001,-3.657365304520775,-5.999885670838537,-10.267760048358504,-1.117307598912112,-14.298208972152027,-21.295895342136575,-19.758402915113017,-29.903113325521456,-15.843295349181473
820,6.086130566749218,4.743720485110474,-41.42440535657971,-28.387399985219798,-24.263187687625454,-4.47526881807192,-17.314109185542183,-10.16978254660323,-12.390135718960641,-19.658258004360196,-26.7650415033271,-15.973262152700247,-28.687521768187537,-13.66343260954729
821,11.904012136063995,5.89987598268944,-28.623606615920824,-33.739375163952225,0.867016952279295,-1.5080132292099966,-6.629354609412174,-11.8230968424171,10.412595302766226,12.618394370292714,-2.754873369785651,-4.449866205152467,-26.81838826353604,-14.715547777429595
822,9.808833878399433,8.788132230222855,-49.8796582356133,-61.059887914569515,-19.146444722442602,-15.571262905367288,-34.450818905725036,-21.253186491386703,-14.068606534846305,8.564546773914923,-24.682380301129918,-27.336028450707317,-32.13429297417278,-8.477132709828561
823,37.81739060630151,33.4447653237473,-26.228854594888944,-18.017033411397332,5.166421887529853,14.03244862226848,-9.189795182217233,0.4778522245472189,20.658090394409754,-5.011246278138652,-6.877876866600028,-5.718869302232677,-5.34003698892124,18.813846788792087
824,58.856002776229744,53.731496526796285,-11.999937928291606,-14.317019780038551,17.018335318758105,21.93014317635852,-31.98024693305058,6.357309217000514,-2.2906945035697803,13.355928341604152,-12.987127479577438,1.1089563568689884,18.543465702351803,30.45467843489023
825,85.59344906971711,73.371383141563,2.8683538410171057,13.585651061101162,34.24071280012633,40.72623375521407,-7.791370027873186,22.789866379820232,-2.3326565308654446,24.27490485118922,-4.845612758395884,4.395736044971268,38.81940009977268,46.53322575666913
826,98.13618629683452,94.40030534880323,5.075589835136584,-9.303744651675098,30.609155532277473,29.46873394751046,-21.353246472610472,12.153343990914074,36.97552633840113,16.730835195903246,-17.20309889942559,10.245444382056666,41.39882148202165,45.78354192983413
827,97.35130925407098,88.23412288091156,-1.0891878275501974,0.7267268281031773,14.2963959801799,33.269798773107816,-25.340687784032536,-2.8519035088645084,7.725933113976223,4.436201916533215,-18.070082886618387,-14.207530354543449,38.224691898735344,33.75109365278688
828,62.1702343706029,73.98768108845907,1.1422878562045302,11.382843208081894,29.878613151950354,35.80779894662308,-46.25285137900081,-1.0514152711100118,3.762002711822797,5.982295482308587,-45.4984175890287,-25.157012470171544,32.95779153299049,38.96286983506954
829,-25.28896690252612,-27.58981137429668,-66.58648829376793,-72.18203460736876,-53.94337684035008,-51.876637210515824,-75.9100295764093,-54.06516695566038,-21.812265012926687,-3.8924830246682665,-138.4584211380586,-78.26333561926543,-21.769751882924513,-18.733757450580054
830,14.777851321423189,-9.829708679217909,-18.35263044065134,-29.96856685388128,-26.19927363076173,-21.242327464207097,-53.691395760682425,-30.4327526155948,-11.268855003548047,4.560746630102431,-79.3386032477155,-50.40260025344114,1.7431145450761532,6.1484302590237485
831,40.66192609412595,18.267537775569973,10.999728415968454,12.103095911988234,-9.722984173126134,5.9821704091701795,-29.710126919584848,3.23341135121533,-7.7719333238475246,22.361649934571837,-36.89628943923047,-23.674928565580867,26.61433500298917,35.314428332624765
832,90.32195047989327,62.24631720696767,41.13003897103402,62.468338645072116,45.891189801696314,61.095833325486296,0.21736915491961842,29.536903960725937,-2.555254598811698,22.726844599210324,-4.221447728556523,4.963563212119264,56.62908613044359,54.05270763806004
833,115.22158768227557,94.17111920766362,68.37821703914896,86.96552742818652,83.93317676983821,96.63540875330952,8.37213165659721,55.28813543437542,1.5651079462833526,-3.012584203744498,34.18021282730611,25.57290710570484,75.20223217439518,51.408267719152256
834,105.76486030114403,93.78113789120036,59.20273039111999,80.75115434168067,81.8313903730774,95.15913066972264,2.135229202866447,35.79663196645113,10.455060217784805,7.416128464456886,32.11127892997,33.404963573443965,64.5203320291692,49.5053007852745
835,106.78711051277574,92.00760937194309,46.82821259780786,79.09265940411701,70.48404682701528,81.21756144915136,3.2382723319317086,32.61762832398817,32.29240114845715,23.501384936563902,57.98482287998945,71.56526196445913,76.43878794468104,71.84905321366226
836,93.42943388046858,71.56932728449169,30.309779565430997,64.07428263385887,51.18766503816135,53.88853853796587,8.056776496412242,10.761460242281824,6.099612703634835,10.538473547115789,50.24142916567726,63.061246406372256,68.85279176574859,77.36314111166081
837,58.43176662087756,38.30367503071402,18.938838671819457,22.51673196730291,30.83895472142297,34.73674715666705,-4.536793272971684,-20.662521771339826,-25.09551072138341,-4.9097442053115445,50.645144977409714,60.36572804031961,52.98823378871399,62.42338746649454
838,14.444342772938695,9.402736631076957,-12.2865402733335,-0.3708394496217765,-3.138334316284411,-6.680059497563471,-20.854536704815363,-32.158719416007585,5.209145257983528,21.796716325801647,63.58140697935677,56.03153758953367,52.30508640210894,54.87341213420932
839,-1.4032261003933422,-24.312845432389473,-18.52088947697388,-34.86842266607618,-18.94331420676017,-24.350438295861046,-9.949756133886916,-37.70290338075781,25.611919959859947,-0.21997464237857756,68.01524631076012,59.88094471963763,39.39876918810058,42.748349775640605
840,-19.92055573338787,-36.3445371040599,-11.903054280589679,-4.932889008627803,-8.734433001689748,-26.675701108161963,-8.964738624347342,-28.84811314090616,6.7715739824632974,-1.4360328967957745,54.45079597713246,51.15312504463944,49.0222931826556,41.94082807660801
841,-36.009089812010636,-51.930651912456995,-26.498007621908716,-17.02018902990119,-17.96432296091193,-33.40939037143832,-7.717953970611661,-40.0491914344439,6.067720484755466,-12.926195290335592,86.8990120057173,67.06517542549348,61.8306648903462,69.32291817171382
842,-43.607966547013376,-53.398971909913286,-22.952164359515034,-38.58271983039785,-16.028596549586624,-37.56722885483651,-30.142971897888145,-42.41951878412469,0.19040437060293355,-7.420642045828059,44.491205862713684,62.45553276690964,54.478398405042796,75.59418538485178
843,-21.05967270754363,-47.81014694041804,-26.91075855775424,-16.94054471910847,-5.660477138941339,-24.17280798271932,-13.47925122850734,-36.448127982387284,0.4992968273474325,-12.624764945435693,74.994887858488,63.42303356804804,61.9386865748158,86.62540761013753
844,-30.589703272008947,-36.49364843491523,-29.09085762267218,-19.290291558678014,-12.66877437557438,-31.94050684492616,-22.837596668572466,-32.49847633338654,-5.887940735142827,11.799207098787893,78.352776422712,62.420894801323634,45.02284191697551,61.88713953270212
845,3.644240493568093,-23.89274649505799,3.16786766335713,5.036601845693115,-8.06015394909045,-20.852849038648436,10.210187166711611,-19.072191273709787,23.26602071916449,10.301284288067615,91.56610187084767,79.36650986746767,70.74648086370534,79.25724629956751
846,0.3301225500206676,-19.727841421718384,10.17349033544377,13.948143264415958,0.6677116186520244,-23.203213419683532,3.4775828756992304,-22.722283849748322,2.688665717934091,-0.5079564618547501,104.38482785437473,66.41312924223215,71.87930272649186,65.40950280907478
847,-25.272026349196906,-39.52187399111582,3.713260054591336,0.2976279329896778,-10.349992839638887,-18.21751865944858,-19.73499163772114,-32.93243473072002,-5.34782700517709,3.1358967706307452,61.07843450608477,51.10184988123162,54.76887043950175,49.734053461935325
848,-22.850054769718465,-26.471860200891435,11.21737390403827,21.94603867112175,-11.788183546961644,-21.193238412369485,5.565254804678942,-23.233438203918173,5.109448824166072,2.5980234709887977,93.07688117770005,58.34544683428325,47.33090868804469,52.34241306487366
849,-37.74570942715468,-50.159875419565196,-1.1424309433362112,-3.083050507417217,-23.164050812694928,-42.65152134665247,-19.003746146563607,-48.49635257014329,-3.967906117599029,6.10028004668926,56.6317011544122,45.41615095923471,43.78820507856262,45.75908934069352
850,-42.339947670353716,-64.23863645653785,-5.480531132709641,0.9248614457099562,-17.585259820116722,-38.72226372914222,-31.182424767723095,-31.91724577285238,-10.462214347465887,3.148054106740732,59.62475502058667,28.84611879389241,35.564947894283804,33.433901174265294
851,-41.5957379481264,-49.84776196294354,-4.765125839321766,-0.9049538521161418,-15.584460566678997,-40.17956344466667,-7.784872416028972,-19.941789105538902,-7.010550614291902,-2.564237930896682,37.06563470040423,27.021776404187445,31.205308614517,33.831095745357544
852,-48.858723509730844,-67.08292588642547,-18.86265368055795,-16.03997361461918,-20.9786011440706,-41.257519740395374,-21.53314629242543,-38.832933369379035,-13.603759802200194,0.9088593753560232,13.10427309132924,29.392353214760387,25.691002422812815,45.35977936193893
853,-57.0973174046661,-72.44639050308628,-50.61238932084736,-44.37905898606378,-40.40138568818882,-42.64864012341195,-26.821706726804315,-48.1462778933827,-4.030379125172748,-0.07281620662267496,-1.4736182479778601,6.568173318452422,16.098029263778532,27.63154990035407
854,-42.99605207044483,-75.70288319623668,-57.53631420459619,-51.54999365640708,-39.10281227088327,-61.84023410950321,-34.563131839859736,-58.3621942767691,12.188252926824282,14.20716435622359,3.827096279323746,12.647627237543908,22.864382451223015,27.63042607804421
855,-24.644607714558312,-55.55283123487432,-45.51814715700337,-37.0664779177943,-25.535419755890608,-55.21195981600007,-6.090339084544196,-44.35924083793954,-11.744611922544914,-3.552413523626372,32.74991104774202,19.579314564137405,21.404882846543373,35.93416989414675
856,-29.751664693775492,-48.58253825371123,-49.35658694069786,-53.293388712856135,-26.765258275732045,-49.8076240821821,-28.104540015548878,-44.88740147528334,-9.737662689040093,3.4778987747706775,36.77108635266136,27.456743445977477,16.28528566753077,35.83634651460463
857,-24.898666348904793,-41.83446076916314,-52.296584463268395,-57.081186420850074,-32.33256671876941,-54.724437833755566,-31.586477632608418,-44.42880331992566,13.144268834640272,-3.0671950254437315,42.592348665757335,26.58264147721706,17.283582903886575,35.210205911418456
858,-5.0469987561190175,-20.63825584221264,-40.99684061657504,-34.10194050972508,-21.414444790483046,-29.311792216090844,-11.503692976257641,-33.225240755034164,-5.547725998574269,16.88826549468296,27.35280968320223,34.78583827154026,30.175465469836276,49.79437633513242
859,8.520949851908586,-10.19536468060877,-24.48850620916677,-22.701436759889212,-0.48686289585883635,-8.165885606999877,-7.9621264954139646,-17.582241104209245,-0.4354711408403216,0.48523205327430174,66.27719444847526,46.85868191798828,40.4746019930279,38.56698019354521
860,-11.037578237382897,-13.537529364778342,-56.77367498814621,-30.909161979961837,-0.22080483150177077,-11.82125537357213,-10.440318101689657,-34.53028027576391,-8.606915976282894,-5.919460525975531,20.613720166751005,12.64782741630951,21.243174344389544,16.17849987145111
861,-37.229001213956856,-41.93588719169434,-29.853206241214433,-44.972011362997506,-14.030454661256847,-41.180873392818334,-2.0493960266420594,-34.79272568851546,12.187248729580263,-11.82113719554086,25.61537003849928,17.238851897305594,16.120143241105993,-3.666009382367986
862,-56.72382419070743,-49.87611340429975,-40.62858892417852,-54.60192934810454,-28.916759768338583,-41.624736055521,-14.047101969752854,-30.644762987823253,-1.8782446318428823,-7.687299572341013,-13.727456407512992,2.4276442807593632,-13.074901107554659,-24.26371609691885
863,-68.96932579734658,-40.150156045584914,-27.541392839671147,-28.22268408149848,-29.67421663383447,-37.101351178995834,-22.506456769517406,-31.542272290132736,-4.408457428435011,14.339819938462487,-47.40270253866036,-32.797724810014365,-19.12841752824664,-31.30506234696364
864,-76.07781965530494,-59.13213299098355,-32.41473482116253,-40.87775874732241,-25.211087821831992,-44.29293028556093,-26.970547815755264,-23.541649884508086,-11.903680632108362,-5.468582092386146,-65.26838116544197,-55.93179964774738,-23.576751892390444,-41.85207888977996
865,-60.25018688427018,-43.53389790329707,-1.4050630456473059,-4.77563293581644,-21.98797079034956,-31.807547418486255,-6.3305467696553155,-17.941867625162494,0.5145626732391856,0.9480428334773183,-63.31273659493778,-50.75664232582918,-24.98432703557177,-39.670819231261675
866,-22.073794458157725,-3.765179248998807,15.40076363087003,17.567355856857596,1.7917540959940266,-10.742059409624611,5.985119263366519,-3.9367498473319413,9.008520497794024,13.034756878561847,-30.221851602461324,-35.77727874684873,-3.816725432701553,-16.291675054838148
867,-5.75194639421011,20.996378633544317,30.342449103521783,24.548373926626443,17.950023254877454,15.969935783939095,-5.47087323962035,4.207102190851183,-1.8207833440286556,20.0700631135904,-17.227569757183396,-34.29641213143008,-5.243356231302637,-17.84893565171815
868,-27.518156515418514,-4.713270045205052,50.001486321827265,37.416979525346186,-0.5480159627225332,7.416365477178955,-0.9801987946287767,10.266826141097571,3.5589982199043937,-10.20970073927322,-46.08584312617877,-40.1357811580298,-18.09209742917617,-40.289355211678426
869,22.315071201290777,45.9531533489578,60.468710357374704,60.02249153988229,25.541800938603977,49.435744694742205,18.297411552222325,26.031585000386052,5.599343557965805,-7.09338394459502,-4.075435553437022,-18.70820799017401,-12.138893315653,-34.23787306853064
870,3.3077577648770355,50.63605943210894,59.20275588772184,53.0415649799353,30.072194596753487,49.78204788432636,-7.226483024785556,16.01603076745584,10.29619760266642,-12.590418192406634,-40.360891468596826,-32.88473703364701,-12.196539763328833,-14.861889082905929
871,36.05114455768568,74.07279517276459,66.10796186338796,72.94102423581049,46.42688651286411,72.34124335434299,13.200306056666912,29.51441905985368,1.251930637989543,-8.23465932587648,-37.19057837700372,-34.58838240232785,-15.533410293890562,-28.143495065934932
872,56.041151340843896,83.00933799681457,63.63860412177172,79.85265345565179,38.48482000229528,56.17411235542665,19.357428499794114,37.64999841519575,4.486452956155563,-6.916588462822016,-45.72322671701751,-33.79844111958173,-18.283003452801967,-35.8849679185121
873,97.69006403220459,126.14838603110384,73.06110662312282,94.56051873550197,68.19007874171773,86.93661523591037,45.08274167985087,65.4272339363097,13.879385959602507,3.191239900161377,6.405057221809313,-0.039942866524615143,6.233679182301996,-16.664822092802535
874,89.01188954970085,113.56899059355626,45.36907753184951,62.48059822160062,47.811296330985144,67.93516690137697,30.74746798698319,54.55642430301644,8.467888693707154,-8.873452883859368,7.622371664472946,-12.496032058687303,1.4075719888491658,-9.322910178690545
875,55.22438926835357,69.89976873607637,35.507613055610655,36.85229336529878,37.749955544538615,59.289622910077455,48.586736176436546,57.99343488487167,9.443081731357644,-5.788201074972517,21.776682849101768,-1.4408714528004833,-14.195072810990386,-26.46312124626156
876,68.14541154383984,72.49356121940613,37.15007622000986,43.56218408665802,50.056615670415404,64.60955279114329,41.55866908236003,54.113331518548804,12.287269968732057,8.330789718045489,26.98294993374775,15.52312725898934,-18.403838757282415,-24.169931196702972
877,-3.4977553369219367,10.320625043290878,13.572259401048166,4.104263683234992,3.890848410844413,30.53318443262134,20.131800458018155,32.31975105299878,-11.42115331632138,8.018607245690854,-16.546137783842525,-9.047515910835713,-30.840809513052744,-33.60532720706083
878,2.05944828793645,12.649260592543165,-0.22493062198655345,7.756799680522613,10.582019559353355,19.637646701424185,3.193014223751254,15.895908427243516,10.564467705458487,-3.5293225728785442,-66.62962727377808,-40.48446810391795,-25.179646200977764,-32.24127693698851
879,-16.861348157387848,-15.456698843754792,19.75606968276441,26.06317533280796,4.927924328718204,9.482736408474087,4.285011052250129,17.26607672353464,12.991235190295583,-7.631188745607206,-81.14160845363908,-60.93649754477287,-35.70470816465359,-51.36503707333299
880,-11.343591530094695,-8.097738247164576,11.660002756122664,18.891952918526417,-3.7394475545893835,18.921249485096773,4.664524153603864,23.150411102182005,-0.5536133046000581,4.331744794046127,-44.73045947714354,-55.14855474232529,-32.147443631912566,-45.26672901552127
881,-9.799101206193482,-13.35756771999979,29.06472101747529,21.36299155316298,8.201084762505005,1.5951336769088447,14.730998046953898,16.613274706310442,2.773689335974342,1.0125184435292545,-26.5340447079436,-21.059780801864388,-2.068775274921992,-14.749187634463715
882,8.938460811625612,5.686885161457763,9.659910202282033,6.489528978365861,-0.0866819382081423,14.686960592310513,18.102928672676736,12.693971807718599,-1.1524658685654277,12.296268776964379,-45.43039260223958,-14.529880985957423,-15.777429360413306,-9.697860596063602
883,-0.9680882867621156,6.1845263755842605,-3.7718962329770442,-0.07139529427874192,-7.5991131359680235,6.058557783722528,-6.968418173952082,12.663273203999642,16.934856115013215,-8.378593612267439,-73.81950916073855,-33.43294997742656,-15.823539939199492,-8.602284890920776
884,-7.490699816190234,3.6431336204751728,6.137119023770036,-2.546614139477026,-5.421061480818899,2.19829323094756,-5.466089037044557,11.145632040273146,-21.80606760209612,-9.195045489887919,-64.37032245002595,-38.34133505137346,-13.834378162533357,-21.69257924498158
885,15.90285078649224,20.59752856679076,24.55073296221195,21.39525208866218,1.040235263804286,13.035193270728618,27.530980190782838,40.16573448440771,-15.525768982960344,-1.8587269088269736,-28.468894574943583,-28.683163182281785,-16.748378753214574,-17.114520923492847
886,4.449994835390395,13.281644468102755,17.941923273721358,17.29022708813335,4.9537786966448785,7.4401393972450105,11.128041397400102,21.749213372872873,-11.040838722296266,-9.542120960789386,-20.513914619901197,-23.728903031823293,-23.655174444048466,-31.266928143289707
887,-42.796061450481176,-45.97718018125123,-4.334105271425794,-21.53636035485753,-35.244044982471415,-47.805181372559105,21.30371505787403,11.831590487506203,-2.551455236828018,-8.724502382035725,-37.88922972667628,-31.330352848352618,-59.305048975561206,-56.164709742762696
888,-68.17250380977447,-65.20750291343181,-29.081590407583708,-50.61558084348904,-48.518284242398884,-62.00719237222436,2.024275085817646,-26.76634545793778,-26.64041824780117,-13.147240865634906,-20.298513419750975,-46.22920356845363,-61.94007704265832,-51.28174521964611
889,-46.96555585999737,-54.17362196613217,5.124571778295208,-1.3598186731642325,-33.2795426353122,-39.21308605621492,29.36232148453547,0.25592786035120946,7.097874628054599,-11.147251805733362,61.41729175037865,0.8230675790003161,-33.43585792210065,-25.32195098044829
890,-6.153602650727007,-2.894984731681085,26.178330456126265,30.441759105151277,-3.80586546273502,-3.80017510249482,21.961393482799725,30.286290578504328,-6.544483988855181,10.375761477854601,43.26211483338587,27.695367672700794,-5.012323608984878,-2.891905049031252
891,5.844102304003027,12.487707319174428,11.633240249417069,27.176809461507734,14.322758748863707,7.360538625926162,24.425194214550647,24.55252832877815,-1.3820351636751804,-6.201200205452135,50.893674220430135,28.51264598326573,6.828319878963299,16.686030656660662
892,0.029132293585088103,17.387494442797582,1.75788849666219,0.358576301981802,3.4153934751657724,7.736209111784755,16.423119484800083,13.99941874887241,0.827142180790433,-5.449516256901001,79.99055877568236,46.491035877693356,29.21851184058103,22.866076245912367
893,15.209341135266321,28.201317555868783,0.5867618680750969,-11.706396536413953,14.605721553954453,9.758092827380535,10.775481112497797,10.327030273040721,-5.747773576049444,-7.497537825831785,65.24332259706834,39.72674992966305,17.427182875407333,18.753914286293124
894,-2.443254082401288,18.04020741355685,-35.400814997209956,-30.938183627253753,-6.8113608352707455,-9.491618438974372,4.086777443529571,-3.2619297544571055,-4.724000408730675,-4.262197784893677,25.079990651351583,14.630331958295942,4.565487015962383,-9.574441927650875
895,-25.469185212099323,-16.48932934620062,-25.369465080033123,-39.58359776586905,-16.56515693385565,-15.620152238912818,0.7336320404883054,-2.3941277654844972,22.018194919425692,4.6108903573706375,30.39117589719116,25.888025383851623,-0.537901695718181,-0.17814470077872716
896,-39.40653357264139,-36.07697994578328,-50.87820966798683,-44.19808083426286,-23.74544706158267,-17.819517301009967,-19.590085589601227,-22.056932902259945,12.503891314553664,-6.141014964790094,-29.000657493481537,-4.607555699557096,-10.951110919464016,-13.917593231678739
897,-27.572761955368904,-33.23778063175862,-38.65423689043404,-46.81393753496908,-16.46763940030808,-19.94858802139586,-11.594325141129824,-17.613629864098225,19.598329602263675,-5.4163647578995,-33.35095019490911,-5.52370766813367,-17.749984833254977,-18.17062823339472
898,-43.28860699759122,-35.56559149613359,-32.981913487520316,-43.79797107841738,-32.49976950133145,-39.40147660236476,-24.977033119970336,-28.593591829279468,-0.8916219961791961,-2.74944459343775,-83.37790064843718,-46.400841112370166,-34.21291634580751,-26.491251756316764
899,-55.39976923455442,-47.87392949658978,-38.42876598568187,-42.15579346938249,-28.322327034498084,-40.5372244226785,-16.75231947350456,-15.702907466360793,-15.037959840826673,7.2591453560823584,-76.2164916516255,-34.233618331370415,-12.210042789732928,-10.618241990211375
900,17.97897699178487,19.96648014927357,-2.8723482584936675,14.994520545254238,17.55496091023538,18.39181017658938,-6.198666058487939,-17.621901444159114,6.843937498617692,20.358416966494126,77.77014849612576,14.654186314730664,15.193871025658138,7.585163464100393
901,-34.10193967783743,-31.472563720254715,-59.81868828515589,-47.66082571769736,-29.532481868922094,-47.608515940647685,-38.107857489383925,-57.90249520315406,1.4011253614302213,4.665518313243433,-8.912129142606585,-24.338235201520163,-23.674889794128077,-36.81457952908086
902,-41.6434503690202,-45.540232374067735,-74.37144015526947,-60.77143155713283,-50.44450136667886,-46.0802110646214,-44.85023175320784,-47.78859573193754,-21.00452014592298,-23.845113619568423,-36.3420171178429,-36.96474957083622,-48.14519256996222,-47.18252264924143
903,-7.366337062339956,0.526159971434148,-28.801337826497903,-1.3690143403306978,1.0594451737495008,4.1413966552560755,-31.07926000844125,-14.628886457748251,-12.62214456030496,11.218922509745608,33.74282979798982,-1.0517503297996411,-29.379609839810907,-28.544462878748178
904,-5.173464565530011,0.9369961298347742,-20.80346919047092,-7.581289601969489,14.23404385018219,7.924517321053764,-2.5840427242506223,-5.6608406307196955,-8.251404438665254,-13.891180335027283,43.82723508884578,17.35471069747756,-17.725897273917237,-9.425366900521789
905,-13.643595792873239,-22.399032150570598,-28.770518478548023,-25.78702111843809,-1.2775893837858794,-5.208028108964546,12.187115211573857,-4.967339117909158,4.569681261486142,-2.6829858690590034,22.921728170134067,13.50808482540307,-13.164662151667592,-11.509495910607052
906,-0.7438017835498637,-2.8504692967237792,-15.432960332838109,-19.10641607487381,15.6629107742251,15.739816536772944,8.387614403995904,10.522227405623525,4.948490883027996,0.1346807241104897,54.452182131821786,33.34821069608782,-8.090121533891793,-1.9511323469855306
907,13.63693051166113,20.315942010287035,3.7896400739989917,10.633441890665612,49.63864793055211,60.429710404701076,13.520860041308326,14.580621615736117,-12.168282301577024,22.958154495924262,114.43705458040543,54.93196201990087,3.557479120828224,9.32541726030204
908,-7.725909194042044,-0.2922572211757375,-10.054382423090075,-16.969928078232797,22.208385628812085,35.41740412035439,5.564577837335563,-4.362876796457918,9.718313114364785,13.69538793953392,85.72964725463842,51.20227837630397,13.719274176481132,20.583365514089795
909,-32.72551518139372,-28.439582381388252,-43.574916907379134,-30.66554838745164,-25.04325994721357,-15.638564024627698,-9.433426769061521,-20.435446175324724,3.813175839650928,5.0395798582655695,-9.309827782505812,-3.1262234079644804,-10.82247161760475,-14.971494871758146
910,-31.025550784377565,-31.61819582118143,-24.900019199744957,-6.113713663630559,-25.633670438788847,-16.98290769482665,-32.401737144157494,-16.368446675657196,-5.533634460617499,-15.354273485010825,-39.07974107009731,-38.27070551506717,-16.848943884773263,-39.43616666534543
911,-23.458883832944007,-17.294555269075445,-15.920061575096165,-2.0519378915347923,-11.209359383827346,-2.8821496985488047,-19.366874409264984,-5.007318515047923,-6.287318473061895,-0.7094758125268488,-19.819215022771644,-22.59961334379757,-5.973132561114666,-27.891788058558287
912,-90.94302541359171,-87.8783160470588,-73.89802079396001,-68.77860431972879,-86.25837752797112,-85.04493394617063,-47.451136199343075,-50.80775259163056,-2.554653860988108,-8.022898555663218,-139.55127690823008,-82.04658830106733,-57.879341452194744,-63.61574949887297
913,-76.88077350885386,-84.81553548991579,-57.75221553718573,-50.08728828002873,-94.75315431924474,-102.223183133831,-43.51300515912586,-47.253657621376426,-6.9036949137646495,-15.613618284617957,-145.25939218774892,-91.69776956946906,-85.59432998677454,-80.17478127942518
914,23.896335360981052,30.763729211491327,29.50070617042273,33.034399123197346,10.639562294432972,17.795388147156753,7.875619562125631,30.356231410765567,2.4830692043499902,10.137058602264734,17.557067659646425,-8.102728896013225,-18.39067292151779,-20.683775654809438
915,38.54753756916092,36.6775621763001,31.863463787709424,16.7354801753469,34.84081827538085,45.79842405626997,41.801861013292175,28.06552104080156,10.241199017256351,4.468526724166075,61.07343118402134,41.85552283957932,32.93375797588172,24.601334355521576
916,47.07391810040471,41.40905105909776,13.182705620451783,17.063145794895377,39.28772108039097,61.4605655010505,45.98147574413597,34.18941388867276,35.74962585298787,26.333098632732494,57.82392978964555,49.409491398591925,40.08216181140494,22.887838555253392
917,70.61951599735234,86.28430733305397,44.59938158536412,38.09246852527221,88.0186156683136,104.10579930707017,43.029230291966655,35.435091389507434,16.086151278643527,17.691735554137537,90.31695204150667,63.78931114734634,52.24182264242388,50.947962818317755
918,55.97745809593651,80.07533023877326,42.316729007479296,47.17237570824248,82.607540786257,97.16292543461724,29.146167983885622,46.41145759656398,1.614816242566678,20.96288114748473,66.54459074674826,48.31554638982135,28.966431211892484,29.930812893037228
919,26.0298077058877,36.057911856946724,5.093438713900882,-14.89717004209772,28.047630864494295,43.30752536049366,14.564693866416862,16.174313569188246,-2.530313710447823,-9.360968475898678,-6.943945009683308,23.395211973964777,1.03452738980688,-5.715660169505465
920,-11.048455678938204,11.350865440555062,-25.048376723982113,-23.162863007714463,-1.845357552984558,7.75204951202243,2.939769372197207,0.7667427382709606,-6.19300510421844,-22.08402541862405,-47.576981953279535,-1.982821733614583,-32.79975332403752,-28.30557153891514
921,21.601981947620725,29.443578832155357,2.075370860214312,-1.0996459337745947,29.288116357156426,43.48305586782042,12.269158366145295,13.245196216697991,-5.89795802279821,-6.478765979665138,10.754248896011,24.398507846296116,-20.903312658216034,-13.145914882104938
922,-3.3244263043164475,-3.246062611852829,12.124679713177002,8.991771379283573,14.2658132218747,22.781380686065173,13.004718543901745,25.709752929122327,-3.3128827492784008,-5.213159142212068,2.8959695026608125,28.50927137775961,-25.411458077219415,-15.970757728675215
923,-8.878319967901426,-13.019199488747196,1.2751824480690337,-1.453324168237976,5.457314891338664,9.369705964173834,19.640394759304126,14.818065549013454,8.313023202012204,-7.5317703315074045,10.54051936819495,19.06040019479544,-15.878196584079868,-3.585881528428745
924,-20.05584261362819,-10.259165457028784,-9.609253965514315,-19.188041872433317,-4.004882526545609,2.280987602336889,12.882527609100984,22.215073028810146,10.61104780827371,-0.5096377026904522,-14.912508605086595,10.976352304095393,-24.75492275073888,-2.1977460643187148
925,15.20299967995775,22.45662742284141,14.696691001997342,16.714627162457404,31.06223261746525,46.045289304432565,15.455663706553597,18.353752311274885,-0.6010039050699646,18.18937655099857,57.65925135411735,25.319339655760853,-1.2320141342688307,12.60366646469896
926,7.161722703242377,6.604203252860483,11.645756446162437,11.164063687848166,18.45171833386137,19.02291778069539,21.913638682585113,27.631461085855808,8.813737459198057,9.405668943689532,7.992815396860675,6.039421002293534,5.074424117069399,6.536389398118405
927,0.16776881344585468,-3.159597391718676,17.830528634630138,11.785369684480372,6.764496461142388,-4.6218633138530665,17.124371807402756,19.137552100587307,12.301453046542333,-3.6979695386596365,-32.194397164396214,-36.03274126918474,8.288423243786404,-7.859105566125209
928,-10.135251021538373,-5.293068629768089,5.8218029891422,-13.501801873984359,-10.26381540454743,-12.932322941664031,-4.606697073663631,-13.658848477072786,8.566205495925741,1.3723719412010196,-55.3655229756632,-55.629214541089134,12.21747176189766,-7.992530137186182
929,-15.131879353777748,-12.55977571580339,2.7611394636706943,-6.952574929045992,-5.763152763533398,-24.848139590053467,-38.4413844918932,-30.507677826781656,5.695895600915563,-3.0925624538897885,-35.63418932603504,-78.87904465547761,7.86796790121098,-12.860492443044073
930,5.576873388514499,-1.9336816736611961,10.334353230695868,13.249424146862342,-7.682774495281587,-8.658202451933787,3.9180564099795903,7.451292243916503,13.052744369702397,3.5414553527744084,1.7584137755990117,-41.394101434134875,46.63551859622151,29.857775591561484
931,7.94220754984389,4.39903312533353,3.9738020722480027,9.437116018955578,11.712145763497894,-3.572256725121246,-0.6483174827182434,8.566395143085794,15.276287537066432,11.696443237188015,42.1169739514811,-17.258084367042724,65.5243287698959,42.53776689755202
932,19.875314852894174,19.24687640855795,17.14716516429058,21.80739574645039,32.52031687677407,22.73410803207984,9.088975562543018,11.66770038426932,4.899482708710338,-2.2613467848768067,73.4446569182788,-8.82819080039662,77.57390941708566,60.710442336755655
933,35.52674584196697,41.81840731117007,36.43572712600949,39.32104338855784,54.462704252456305,32.61424460770189,20.262140617875218,8.63940407128396,1.0589914574346282,11.840873485607206,97.96975103927745,8.221070817785078,94.47876774824122,58.1324288832406
934,32.601749192476696,23.145865240096303,16.74251578765153,20.772271218522246,29.704061641568195,13.473410528742116,21.25106940946431,9.455329642127728,6.389459618898285,19.583847775069483,50.02907642291346,4.144191347443439,88.39510745804006,53.60555395103665
935,34.73569449051938,36.436749017213245,3.785357873807318,12.989619506061018,17.43505207018458,15.055502940147482,-0.23581139570405643,-9.571699830741144,13.871428861442505,11.101749113447582,21.778161044983246,-22.09673987876708,78.16291446880422,29.587052652869684
936,51.741228315437155,54.42505454636822,25.96188390047834,22.948771489849033,46.89886777843296,49.981540010921755,14.73895953009204,16.3865282871425,-8.88335054421704,17.24182709354548,7.131955929820798,-19.74832511092722,65.64846276543621,22.06298217789341
937,28.260062426876868,41.09617590145294,16.028686786584363,11.219211918511053,32.19394302240151,28.181141364237018,22.831686093504167,12.918620969645266,-2.6242609713624483,8.411803711978795,-18.436656194686666,-13.93060523206633,41.80495664077733,9.373101877248674
938,33.58640824451092,42.68489772536152,1.5839921979536227,-6.524743524375058,20.798400813596082,32.31578487508849,14.25771492967281,10.978370582916043,-6.00558610363101,4.012749834357667,-20.013614724885684,-10.254710471278152,8.919448550235895,-6.027027331867401
939,13.592211563081014,25.137678651600154,-6.283059514142558,-17.65931256261011,-0.6905019770357328,5.965191481512471,1.8746837067309396,-6.024478126677005,-1.2436092451604435,-1.1455493965860923,-23.125675849092566,-16.563398314788927,-19.88355653863561,-20.20763466447357
940,27.994738589910135,26.89968119922004,19.187631017981968,19.279343246748013,10.362259482149694,12.205722230217118,1.2904516234385424,1.2483940835138376,-11.74909557681248,-0.5054152441347857,7.665392821482479,-3.305591297152297,-30.30386973554958,-21.342994348880147
941,21.855166790921366,23.54167232692656,28.676603649991595,21.561363283764145,-8.976973268940977,1.4095522785712329,10.874924467679069,14.31610065770099,-1.9316628870564416,-6.8468489850411185,4.446758451455813,11.901136432738372,-17.034673529961644,-3.769726778150384
942,3.1761245617131633,5.897990860809697,41.898625718125395,30.77213886822268,-17.315582739103288,-13.797477976901988,6.674340860756524,25.33291178064221,-2.77041614361564,-4.577339032067029,2.038283414116786,6.38524575779836,-32.68332676536904,-18.431884557293554
943,1.5230443688082305,10.639213984215054,38.08462962008671,37.00470065537338,3.31157985215295,12.442198567184379,18.564676508134237,18.45199889876646,-11.05112454121452,-13.027597236425596,22.029092394868282,9.415562306919927,-32.19618139061396,-25.490089942437894
944,-59.08344589413629,-61.606043866874046,-26.696116222104497,-8.077010217789981,-71.94810967403458,-75.06949949782161,-39.8379433849587,-44.05685435884068,-15.661190958242392,-17.713492664705115,-77.12091134483013,-71.9632034759944,-89.14969788471845,-80.78879775150314
945,2.1771027548886415,-1.4320018570607873,26.184970169933013,31.72970506027064,-32.66859379573012,-39.8640242955908,2.4115683862619965,-0.47727121561905506,-8.0053957359958,-4.72216878995722,-7.526341021413332,-62.2361226872461,-59.767664287522045,-67.41025165939446
946,16.750933147366695,2.9842215104490486,48.654251828450356,55.447372284554284,-10.359601454039957,-16.709068699660133,34.10479619203037,38.68903301086581,-10.110820629785236,-0.8044582412444583,6.456875345544633,-16.603018046414135,-29.012330552244713,-38.30407380685357
947,61.661143254190634,37.8578366608558,58.062119436415,51.912785661708114,26.41590558117664,22.07136769507974,37.841929472208726,47.83400395099978,0.7440409536968057,10.0190478990705,65.94627576519147,29.430124506954833,-0.04707681549952625,6.55265306026295
948,34.26376620444331,25.98143263164911,45.995693976009704,32.83169226560211,25.592167699894,17.851902913100016,31.356030049571565,35.96775010740116,4.089640627508,-8.787453603142676,50.358339667932505,47.03808478916557,4.605410387741528,22.92259297809776
949,36.6480851997166,24.96664497074307,50.9893957098384,46.38620973784171,27.388297877866243,14.542069838264227,17.78571112300163,18.002072536272774,-0.7063069067789326,4.71672291785293,17.36820843142915,39.773270661957795,1.6612746842129908,16.917322129771534
950,9.713952984205457,2.791660593514068,18.5765202609948,6.29799455031538,-8.70858940486371,-14.239295677204456,11.782317524768226,-2.7037902829316964,0.02402201911621645,-8.066271646444758,-34.61316500738657,28.084333181152605,15.361834455508411,22.499629107679148
951,21.3458667706103,8.933309370403363,-7.743231652541954,-9.216728453813666,3.2914356994529594,-0.04623479665343666,-2.535956962510647,-17.74366471528439,-16.4814803350798,0.13101789735167557,28.15632238172317,26.319173461524702,23.423405411411416,18.20663952705057
952,-7.314952316631933,-6.69918695955065,-31.279152860544045,-23.44561768985472,-28.054849254269072,-22.51180267756293,-24.00831034443286,-24.72304524630689,-13.937053570033612,8.741924513203548,-9.719370715683965,10.89982465570196,9.951803043469479,19.18093983405755
953,-33.13956223458087,-41.82018136426596,-37.12385436946791,-22.403800080656783,-41.37502163960783,-44.57778834890285,-38.48080114273961,-49.79183449486328,-2.12940121702402,-1.9140746681915535,-56.45401642796057,-32.216009206280255,-16.42194718725934,-3.6130619424677644
954,-47.14283589746221,-71.46510819071186,-29.521972009243655,-11.395581068540388,-76.3334897669978,-83.75891481665609,-45.14764014187518,-47.16035317498411,-15.643235683703182,-2.318573121615529,-81.06559193721404,-51.57616606299062,-28.777135836148187,-12.512511859982355
955,-28.38436872633649,-39.35595478402004,2.528105581567812,9.34593203574304,-45.97819541827938,-50.43419723713271,-11.971907584057178,-7.379203058432205,7.88833593900382,-19.67724419727109,-31.15713590060402,-14.440041368785867,8.81176397804969,23.40578960091967
956,-28.92323997444007,-37.74427947966738,5.8286205126001,8.111644289867536,-24.63410844748239,-49.318886724876165,-2.573444725000147,-10.501157085641543,-2.6137079778118997,-8.446101506226663,-13.70746664117592,1.1458857251529737,32.682057839571264,36.50226914667731
957,0.11144291684000567,-1.2099913843120602,27.860983203236483,22.547912733198014,9.658123931005075,-6.8133602664459385,-0.3375091440940149,8.147571175585963,0.7895852888625745,-12.232740425220472,15.28023685387959,33.46562373157558,41.95723648002293,50.08638160560691
958,-11.151096843403089,-3.934636571238497,38.10054031068157,20.7392098801307,11.1084848446862,-6.610120489824723,9.494464717698614,-0.04088489984238262,3.014514613809297,12.566242463220892,11.464805447077866,45.705433108305186,51.7941742767933,60.9044494272609
959,25.128200430954795,29.999935371620452,45.51067288742036,35.72609067657054,24.951976487389025,15.640005069367902,10.25144933952976,14.79798272316936,1.3382786513979852,-1.0182524486164959,28.644613114420107,31.565564134499628,49.49528051799851,38.34169312792874
960,25.418314273783462,34.202227898783875,28.354716167003712,20.267554419987153,16.101480684159498,23.11416538015362,12.826608128128507,15.832541980376757,-1.606568595300848,7.720647167312126,29.96180051009447,43.536316763337496,26.379702901296152,32.45695618941841
961,-27.532286956235883,-10.546569224578246,-7.686235339793175,13.69062118065161,-26.42096917224456,-24.563865165113473,-27.859142620411273,-18.936617469797078,-10.59854037786011,-3.112451399501388,-47.207052549189804,-22.231327165300222,-41.30689990534041,-32.930926589124425
962,-11.806896198751167,-11.476089555378458,-10.269363071078262,-8.155223986808968,-33.25444559053419,-30.318142717117535,-8.729315152042522,-13.46330661653144,-10.443075900519801,-17.415927827675112,-52.91983643513083,-37.324829909869266,-52.57592845647733,-51.1904007322217
963,9.504925616200707,5.615287227775795,15.46447472431469,7.639673504754993,-21.018866105489476,-18.290954887609324,4.72895070989535,14.508750007593136,-7.953121662473102,-4.541919662354147,-52.293917481171746,-35.35873563942199,-45.71588361407306,-48.1125051624636
964,2.4545182545204844,5.890381944957884,2.2497842519664357,4.421425383980837,-2.04017968162752,-0.5191046436894707,5.473723205732709,16.021453632064457,3.1343245710018977,-15.663963821017205,-42.938390731936295,-28.765956897662875,-50.44997202381096,-56.19737113072806
965,2.2919007809974854,-1.9913207665397694,4.07677773245702,0.1236851198188883,-3.840825813065709,9.331194950151971,18.248740450682597,31.781795703081976,4.554433377742034,-13.147510922919437,-49.23239197936935,-8.359880649796576,-27.049374301138126,-39.64773184456015
966,23.80809318948844,19.05127617317832,21.895138567372754,12.12828310710157,15.660050674588206,21.191873756072994,34.07413033703514,39.85974141785401,5.1745788307237826,6.259393587339657,-20.193194365347424,0.9950134536932003,-7.324753988863171,-11.266835595123165
967,22.773704744607862,16.249456958355243,-5.153726942364952,-2.181710003714278,17.42740652490527,31.248474394900903,16.575317369508696,15.166944540398143,12.852525519972774,-1.622335535510023,-25.604184348822493,10.922829337473027,-2.1666411310451283,-3.345875261107194
968,-9.59329699791789,-8.34043751416642,-17.25404431722903,-21.724786248261395,3.0925037381302847,12.232088803486821,-9.881761033602455,-13.773810360080327,10.835541251896016,-2.4697094736813257,-86.68319191539283,-12.2581502881152,-29.820634030734304,-33.46204656842631
969,-30.027242577410497,-23.6405240631394,-43.20395781535285,-42.38951026334309,-14.95585327962985,-14.69844149257979,-18.509575223646383,-35.92716825579875,-2.1192417497681624,-7.261420340790612,-82.9940476687558,-23.610254208521738,-51.18504040268055,-35.906199466039624
970,4.804155637100269,2.9889820977736994,1.6045290069725986,-9.238406573759015,19.566323709695016,34.322809952135785,20.156161076295138,13.027029257250309,-14.216972775939581,-6.207698974353317,-27.469391006929218,4.678659950217247,-31.365711863902806,-21.373758147984145
971,11.753169308275764,15.250830802832425,-3.3945765759309974,-7.994861935733698,24.253216152371472,32.726486267260974,22.300333935563806,15.032673410360568,1.929627243872605,-9.822953991436624,-7.3222331859577015,9.005368041477501,-26.356018613565766,-19.645668800610085
972,7.9020356156080975,9.871297320478032,-7.484923994029514,-11.954523934400822,12.77844797928165,21.078533058233035,16.68868663748181,26.017413531390115,-11.895920211194694,-6.6748547602534085,3.3095558717765505,17.050938397891514,-21.506069849215365,-21.822670876178744
973,-0.0957399061565127,-1.1390158764348608,-11.963138174230949,-23.718701790815246,1.3928506653736872,-5.056385341534171,10.14714462053135,18.89972380723764,-4.833375267637815,8.738287135794778,3.0608917828567863,15.758282586753378,-4.10459890851333,3.724126982062417
974,-13.634589630876457,-9.16442939037066,-15.59127038081762,-17.779854816209582,-1.8041352191642432,-10.934331888936631,-14.238696316397029,8.28431230712219,-4.058484784277533,-0.2981855910903306,-8.176957150534111,-4.63702414651773,4.767007999935476,6.883514027897758
975,-15.498152434412662,-23.210680226035418,-27.593155078855343,-35.144160830090335,-18.456134592870097,-27.922420723215428,-17.87743801374195,-15.849113107574913,2.859069494796538,12.014043427611789,-3.909246717066317,-18.73842344785798,18.456056836497133,17.67434780108198
976,-24.25980117544664,-27.07311035311035,-42.766695796411234,-36.279866976436935,-21.73171975710765,-22.412357823549037,-11.228793505281674,-9.189781722209661,1.0969926554612044,-1.4980640853813565,-15.007254297534969,-19.565666758432457,8.688955194222173,6.3211548531247
977,-48.26637883926355,-44.75094849133638,-30.437007708778392,-21.98280440540312,-21.03383284388981,-34.01318823823146,-1.3360721926866599,11.106281733955395,3.8760261208652147,-0.8311825059219833,-36.212607601095634,-17.461681486503185,-1.706167882100703,4.722322883046595
978,-34.53518911343895,-27.55482586308464,-19.311585651930287,-2.950857718030462,-13.933785653107037,-17.31576458142605,2.2762806560842717,13.37757888595024,-8.944973003875136,2.4481152249898677,-10.495635313687846,-18.933110616367895,-3.1255180491013994,-20.938728863943762
979,-26.742353366422677,-29.819901186723367,-19.19339647614457,-10.785063578319804,-15.380930547686432,-19.26444359467563,-0.8522177826864201,0.743798275037911,4.391080543302665,5.248700805344665,3.4075767050581875,-21.579357047357696,-10.187305165309565,-21.665957799142507
980,-18.669338001816165,-16.916550532364777,-18.964244439230825,-8.936275362693024,1.6836512604507488,0.09936035393534352,13.322443946348344,6.9614523511762965,5.8134820901839666,-5.24207533246446,18.557202598687052,-5.251698007198836,-19.55921275916011,-20.73162062172577
981,-52.11768139971135,-49.24689289044181,-27.11448135826309,-32.42024245973612,-14.168324459786938,-26.170325597285448,2.4780484708146853,-2.319178934373476,5.039615645641815,-9.690177428854248,-4.965786132285457,14.049574064445299,-17.938397290998406,-19.76481468684415
982,-51.92825321930371,-37.92583926258811,-22.009845439793967,-19.060455024828617,-3.248162950532486,-12.593889292259378,12.237135342988458,-1.4199691347651506,-2.690706530413889,8.607775527466599,41.59932461810634,22.11645802656186,-15.223397425105876,8.710873746712027
983,-42.490646316170974,-36.23740033324204,-26.565186136150135,-26.025254905144028,-4.020867881233372,-24.838841955782307,-0.9667469186526851,-15.343940600311328,-7.703490166484869,1.4332441762253103,28.669710963411468,23.03921363977143,-10.9168298964166,10.246551950368293
984,-26.01448845623914,-28.125992157646383,-26.68329914276801,-28.161379924348207,-12.901363799920308,-18.11854415961816,-19.760466489778285,-27.923122207268527,-15.495014309237845,6.954113519032312,29.96206013476963,28.976135998014545,-11.411086228088834,11.342477435485046
985,-31.87006134823773,-31.133786302161038,-20.132188362115308,-31.19034823057865,-19.72442987832104,-25.812700865227175,-25.661063741058467,-32.16685461852215,0.8187073884539013,-2.1089121040807965,22.597262091208833,38.75549820161825,-5.464182859044649,27.48070877794171
986,-34.04506675629759,-21.446747233838693,-14.849191042360133,-17.504434235887967,-17.572031943855997,-5.0885050497832225,-25.733311238448415,-24.93838931746344,2.1209327409351886,-8.692442276726062,35.8507489017139,38.26436341156216,0.7840156758595567,33.70577703313843
987,-16.000493553107972,-15.029921689996405,-7.950746090560472,-13.120662712006325,-4.874575735261933,9.642106176042288,-13.292958815514453,-25.649245603496006,5.970513903490367,2.249493064814949,29.00066978753464,32.29209973329439,17.31369274026344,27.784684789558572
988,-20.87469853026625,-16.294444846810034,-1.2462113772914707,-22.255035208419574,0.770461800081018,3.0542312189414806,-11.21382484303218,-31.129320843902196,6.216928022253342,-1.4353641747447425,15.190791299959699,29.076543504793676,-0.12693526505524952,12.474291269820554
989,-19.405055831618185,-17.378296139260044,-8.41514725669787,-26.607597410646257,-6.680840166421928,1.5075274601125215,-19.34509038960511,-24.518721434536978,3.6086656067217753,3.7936272055944524,-7.6885740743644195,30.745363584335962,5.829418873071528,21.55483468484773
990,1.8651823661353752,1.4940605311461006,14.836458624753242,3.0110932737394878,11.226116522050425,13.499347198331554,-9.92095998660796,-13.982856105456715,3.989981002430205,-11.843595061312637,20.1242204498802,18.4207493491593,13.514910361662418,20.55624125485912
991,3.4727810744612198,0.6728792969888279,-2.8484635641190295,-25.636108222585364,-4.582543317233889,0.25463901524793514,-21.0139459391776,-24.01392239565933,3.5405362108724403,-3.5325567394247734,-4.820728617007222,28.42178804303847,-3.970651114846741,13.806509285157665
992,-48.13082037382706,-62.98064828167735,-28.282587963607252,-46.950013441054224,-48.78688738690842,-51.735502951610734,-54.143981046910035,-58.07125632418784,-11.433111535269994,-23.04429908301206,-46.99110107036329,-3.5302417153700136,-46.7296811043731,-19.861767860273176
993,-10.481055469915802,-33.467450927721416,7.396572764066907,-7.583099199758398,-23.431780329346072,-16.245306880014297,-19.643381977316864,-5.686019558791286,-0.23331012955692643,-20.83189863492578,11.137672787404043,34.76576231976201,-10.21509838774977,28.515229755189168
994,-0.11766853459501626,-16.40279637648621,23.358330131281637,7.939162923945748,3.030833431145588,6.4337603464829956,10.924586024681085,12.812512015252782,-0.8203306469149787,-2.2717368711842374,45.60892858843935,58.08019956333828,15.024993818271152,41.76690366782319
995,28.404748547285063,11.54395605159558,34.71506518376781,23.936717982132144,33.57915057821454,44.4188207325954,18.605290104334617,22.130337909910498,4.8342869866277765,13.025049954149699,84.05414826878709,83.3166619281846,44.84576817277264,71.66764047243257
996,28.730041088125613,27.504187782444685,31.277392101826866,29.0200736499299,34.92829132069076,56.848526347680384,15.440795804704475,23.73367799766384,2.0027034954550067,6.456377237995223,92.21555372006449,99.99337948284715,59.19599216323361,73.69394952966367
997,56.010177864395445,36.818992826636745,38.03789474345745,30.8233590106507,51.35954758329254,59.27375843903887,24.190976680546274,32.08699245154605,7.54235084474049,18.64276013111021,110.46587423906081,88.90130273959223,84.22493456674763,101.78360386805251
998,36.47545069353033,39.494265163625826,28.068986450438725,13.973559250866728,45.798540244287125,49.99973546226943,1.9289484323015142,11.931750376924867,-2.745956947307823,7.9483754005834735,83.65095063837809,66.97326168586142,61.18514181887992,66.44979876600058
999,59.591508183036936,56.42156363112838,22.46122996393316,30.040358138085768,34.501010152783785,48.29754318096808,-4.09459039582229,3.554757387308142,-1.0744607201038356,9.424558875315002,84.83578671989426,57.8102350605005,46.40530407373144,56.77555620446285
1000,52.64991561890687,37.74672707741597,22.138324232329257,34.97382100592206,17.944906060417686,24.07657411503166,-11.844680271595083,-3.4805802052224024,2.444950003149046,9.71106460191793,59.1755080581147,30.222483713604635,50.543157382777494,51.98190346347205
1001,47.372560334517104,39.50808187913941,38.0440850868191,32.97501745891803,20.792132032745613,28.272435578700602,-1.568884238418915,11.22560387600594,10.657722923799252,17.05079685853302,18.50359482606845,22.37513099334201,38.62782183218506,27.46585972345683
1002,3.578472539016021,3.6342231563951124,14.31329436848287,20.689992187642986,-4.22457961044012,-9.173988601813218,6.042635169776086,8.618904058142348,7.4501494354543425,-15.839331225947616,-12.543316302353453,10.532494538468459,6.293329159505537,13.869791715466704
1003,12.464825893770048,11.48569509460785,-4.7672659692891015,1.0669469569550285,-6.99000731449589,-5.76830311282849,-9.90359868750963,-7.216556862918495,0.8975481996773996,-10.130685883690516,-9.858970892595782,-2.5941233937494226,-3.852613467486253,0.08971810747871184
1004,13.567833809322446,5.093283842806907,-6.862941758372038,0.9411144114400818,-6.193177944380797,-1.8784113989753497,-8.355596223687252,-12.010825344103848,-7.681445068204681,-8.46052371308784,-9.303120381757598,-6.049056544040564,-0.9619128227977403,5.43054973148266
1005,36.402368117639256,28.609594821077803,-0.5865886770445234,3.5174970942350527,6.963388923440028,9.373996399537122,-7.188282859229582,0.8123538739397921,-10.979441404005017,4.7049283204610965,8.190120634909643,15.261855573391314,6.503890902285647,22.013194325206996
1006,33.37971333790949,32.283281373371686,10.760873041835888,19.89366791152508,18.921572969085314,27.81118147617128,10.684638675537228,12.00988745865555,-5.65536552828202,16.03675142122114,0.11825473299237199,26.086387139368995,13.068322832687274,31.879298043926585
1007,24.228187808880218,40.43096527377219,15.229032663817728,13.154062180599471,23.049878467759655,21.494921537463068,7.940943580994403,1.7450244629866147,2.046165375148229,13.283146805320996,-4.367432817537235,19.59303639021461,21.13560858158356,30.623367505727355
1008,33.08228413619794,34.57855412221235,-0.46961901183303006,-4.284757921035371,19.30732162114242,24.24303394762735,10.30755218720457,3.0007691456113768,2.2886532927114986,22.494993502692605,9.331267888060898,16.697955028549625,30.037895152734446,29.45748447070268
1009,38.81638761594161,40.64435738752122,-2.4522854077445624,5.359527363764993,9.873992519328047,21.93062261467142,0.46560576138188026,7.124790672941532,-11.640393336893846,-12.170710819302386,-9.27159208045399,-4.107782173830564,20.061013026192647,5.7433213512206125
1010,50.73246888519063,48.64544542137534,6.05105621809842,3.836088886780579,2.392122473607677,18.0763557901906,21.06330069710061,17.84145766954671,-1.2516586754523547,-1.6980281864536844,-27.852301485779503,2.804586508627129,23.824464087223934,16.34325990241133
1011,61.207114825723956,64.84702774327032,6.946065957089256,12.719538166319344,5.137390981821466,17.973356597520784,18.491309440163175,11.308082731991984,0.24812451193318186,0.24542103535166593,-2.094000621828701,-1.2884570357690872,19.18391494817781,0.8627362158813121
1012,57.66383516577199,60.32630139262486,7.078476558724355,2.9433857265892645,25.64539350531506,17.13208902110325,23.656143235653676,12.08081116172263,-9.841450570979802,12.153908610914057,22.53252417954539,-5.121952316684893,35.83989153573938,6.022515274103315
1013,35.34437572535026,41.02146887119951,-12.448611498578032,-1.6574282872847197,8.344672283840785,5.190080917429689,-2.2800767470267935,-6.175925635593112,0.7816610198457852,-7.955305004352217,-14.544617126889436,-21.606409561603975,20.01752211204117,2.4823122714083468
1014,-36.1417440895764,-37.472377845253284,-60.03539357931263,-39.84417466457484,-48.242256655546974,-76.61691256983944,-52.14790855028112,-62.34817889027571,6.990788625122552,-8.458829696267816,-106.78417051960348,-78.85843297211224,-27.69492039911741,-35.54190631919116
1015,-2.701263212125409,-3.811287221697945,-23.642219040654513,-14.113662383522819,-26.123010524736767,-29.94850196273185,-31.911989694264953,-23.048806847035245,-1.8902893278454886,0.577098898116478,-76.90203445728467,-67.0839492840874,-14.789358032681925,-23.095245478818857
1016,9.075892887480709,-4.389203057738177,-20.04310310172555,-17.144953313500434,-24.939389995821923,-29.558349923596342,-25.532953850359718,-30.0836217340394,3.402607496274998,-0.5093026744073537,-61.9695324111103,-56.69247648819818,-3.9607501879562133,-3.631461385798505
1017,24.046981936911763,16.69439253326122,16.129687058834175,18.88278287456983,-4.495008071281804,-15.432739382119523,-14.249849387653564,-1.1494581259902346,3.813782340696316,7.835162337273765,-39.42852543571073,-42.18108456262389,10.066083284198259,9.307970656029282
1018,24.6338551658275,16.78155539657924,36.865432797477375,20.89702056969385,-4.916992526551597,-10.130921862903536,-8.297185469410541,6.902096897884533,5.019851480414682,21.17249980276535,-24.39093718090306,-16.96910557693789,31.330355732534557,34.71295791464343
1019,32.4486158145685,26.910622098930332,35.89096494069363,32.335905965382054,20.0098069328411,6.055638962374059,-2.082818971276032,3.7462108339084943,5.4908985028898245,23.074889442248583,-1.4757042018487998,-20.823152154147564,30.375570970318922,27.237540793531046
1020,25.644720366113305,19.719512249006776,6.342199772552132,0.3537913713720484,14.860458355072536,-8.328577919453611,-30.320644079622493,-11.533911027931378,-6.903756647713027,22.79839105818666,3.884436794259943,-26.382248853357027,36.866458324753026,17.410160112289585
1021,13.689594001136165,17.030369407436687,-7.427615651336352,-4.390977629835554,-0.3726785123063383,-11.368995632325554,-42.09722368563581,-17.46875906634317,9.717880375880773,-0.32013960756865023,-9.23629760207433,-47.289409903915015,12.453660913202288,6.609734193275279
1022,2.9379413873103615,-0.18752881224236917,4.77700195561379,-1.6623139284740884,-2.7329966138275514,-20.52568859506535,-32.50465892961266,-29.5499020037302,13.786918076340074,-7.857489639377794,-11.809946606056997,-47.070448198800314,34.49575136265846,8.708016863400784
1023,-25.34811408015572,-17.84768900287274,-8.97931395218933,7.169415993744811,-14.089714379450452,-31.1385008132527,-29.392105217056212,-45.85555924692485,12.263657545949743,-9.29165248960602,-15.51805255188807,-69.7008407308902,7.483061551870516,-26.212670949667924
1024,-39.82247552042168,-35.93991228131839,-14.07751260199523,-6.142254847542008,-23.105410062922427,-40.87213063103528,-12.785980259904347,-23.15758852276943,-3.4951077639378076,-7.34908953631324,-42.0348933874757,-83.56983780012709,-16.674713483122385,-51.9808450752703
1025,-39.14136388241554,-29.623273594850676,-6.005899187973232,-0.942953124297804,-15.787800213702603,-33.23133172230885,-16.762179838368088,-7.485418787616817,2.848999017006291,-7.947383410048488,-49.38318038844858,-78.89042446199154,-8.413295338609794,-35.52804332188813
1026,-42.13967044156473,-31.983961947571387,7.125837642723962,-1.5626047292541612,-13.160304784008709,-38.757418495030095,-10.535621071043495,-11.43264304261903,1.0894319455259083,-18.739162319034577,-43.95196825341433,-75.89770450654336,-15.499045314847898,-37.92403026939353
1027,-36.01684855797764,-30.182517412298594,1.9526373268714847,1.684646513254093,-13.392735712429776,-28.031231074142944,-12.06623100888542,-1.138851965943839,6.49368214233257,-0.1491249187747199,-45.69157407263032,-62.55180322083748,-10.277358749453079,-21.177783825739223
1028,-15.306854971212026,-13.698726315579776,-3.516976913132284,-3.883500461078127,-8.002938528467018,-19.978776317633614,-21.02740111963781,-13.608496445108528,4.4699762187169645,-4.208223405920527,-18.183915717619296,-50.525481334460515,-9.42126924134525,-16.633058457368318
1029,-36.15842116806737,-19.54274783373994,4.055913443425747,4.332006588761381,-11.307001077687843,-14.083332795497737,-17.002291125861735,4.29699804252433,12.725321415889285,4.892501947220084,-46.89033928484551,-55.12834398280285,-16.459044657552724,-10.841709343549498
1030,-27.185977648722062,-30.922944676053636,-7.904579872978377,-13.511687684611294,-23.46207505660219,-22.123675863367882,-23.179657546420597,-7.345729531122396,-6.916028008968808,-4.781261915035629,-56.21509264503082,-62.74053474659794,-22.149971976893344,-27.041337072747616
1031,-35.75908197452364,-22.5979079746095,-0.6094657050254959,-9.939296484496161,-25.276197854541504,-10.423083277400481,2.7389478956191757,-8.251435728799757,0.22180159436749639,7.740764032031047,-29.092882070057115,-40.08614227586906,-11.120668412536945,-12.088593074223626
1032,-11.190631710279739,1.8987607066617962,-6.211148481271125,-7.43669600057464,-1.2094345796707462,0.7545557164293208,1.6847868382655202,-4.56516803147628,5.285951922841594,12.653476798608073,-24.320293067869052,-37.13842536221602,-11.009705737786867,-15.769475736573309
1033,-22.575539959331618,-8.865905292056919,-1.2177455704312308,-7.934784389458778,-6.496774497310896,3.5938852100949368,-0.7073510990113022,3.8196705774251214,10.42223183382013,9.915779569737122,-62.11396732714921,-43.051905013413624,-19.869601528852954,-34.566989101879614
1034,-29.00143858728221,-15.620727686686164,3.588612626673683,11.577413339880438,-3.968628999878198,2.8017757644091015,7.439644697087161,10.30987255389163,-0.4877911364658587,-12.628830974436886,-29.893199277505573,-35.83387611315538,-26.076290324793106,-30.307425838591076
1035,-30.809247858127613,-17.682546643389795,10.303808464430956,31.50710437069912,3.8498562819845867,-1.2181741748828014,17.299498388345025,8.986061845012083,6.314161287439927,-9.693987826667975,-25.124284983810306,-19.182223983633715,-12.398037523241369,-32.13486343468847
1036,-11.615694738524137,-2.5934274676044566,-2.2218901249354968,13.532242981287364,4.965488942496931,-8.132281445952346,11.030858093788426,-2.699701955721792,-3.180702195270482,7.83678595607411,1.0764398782629763,-18.849217080671437,-27.205784867928188,-46.85183600060927
1037,-3.2708851201149023,-0.6064737017846975,-12.476774308208496,8.002062790987557,2.7837911163673645,-10.01603292820658,-2.721163548583248,-17.41073925513831,-11.086892342718626,-9.621809314681652,17.091972338831095,-9.193765782862782,-14.819221919709953,-16.97063823036314
1038,-21.775903712389216,-29.25990508414343,-8.584723719461552,-2.6518041622243844,-24.690091839087977,-38.05763847248555,-12.129569836718476,-13.607995890352322,6.322675512761655,1.5733239387311402,-32.17844876840229,-30.415439471983095,-40.59657272071989,-25.102620038450016
1039,-65.37472757174545,-71.31028274171386,-58.84991177460601,-43.96110179784574,-79.98592454069222,-99.67122554477156,-63.240613708356086,-75.46764734429568,1.6864155786029607,-21.24665176662826,-99.77733981151788,-89.6155833745721,-69.6302466874612,-66.43696549427445
1040,-23.261024491916714,-27.777416702813433,-32.333667194718124,-30.386082266298867,-50.39775267803238,-51.632330856380996,-39.63224021387888,-26.253641241343665,-10.619570094988488,-20.171022154394436,-38.70285152316005,-48.57047577033629,-37.022532254648304,-30.899242346353006
1041,-14.761608499532024,-19.11353890121385,-24.218891806693303,-29.24790974998384,-28.677489741482084,-42.752344169365394,-26.186790696995537,-23.446781876430702,7.345555893375292,-8.231031495767292,2.281845065668332,-25.37312996190679,-11.44481840691892,-5.717426344834371
1042,20.768141721759818,10.996890124457074,3.037320418784416,4.685307717053537,-3.1524324062671836,2.959157210980718,-8.087101161465043,11.960626574152489,3.748245194796453,8.666911944078283,52.505804504556664,4.669319854160628,2.766108777757483,17.45050231068601
1043,28.12891064927908,18.108800632765547,13.47483194917132,7.771209477819736,9.941948176080757,17.614391809996132,10.37286460988454,24.86797249902846,8.717920075553195,-4.561260498466334,49.21636219231245,40.45672255975512,26.517026699611396,39.62726115232836
1044,30.027951627221867,41.274021876826716,10.879912725452007,23.4726412382468,24.042566172713485,31.145180695654325,1.2419365025798843,17.77419346727043,-2.2538706058567874,13.449877404705887,67.10482126139362,56.9267944217526,19.448270471371977,31.06673733189275
1045,22.854080863319574,21.742353790568213,-11.543701729798386,-9.203183906643309,15.856308629538594,21.400996128367925,-15.828729994070644,-8.611918345702703,5.097391023026007,6.871243231576824,85.60898833522526,53.52646644474791,29.4900651948386,30.036646770434785
1046,-14.943663703451525,-6.431186140816017,-19.402544652887002,-21.366905587449843,-11.730369451738486,-12.03964735744788,-27.121101144550597,-34.740646366184244,-0.9511263571339131,4.543642390088265,28.992941543102063,18.949436447844615,14.291910286220286,18.948013398825896
1047,-45.68787705746686,-43.37514359585042,-50.06985078687904,-43.22318554528176,-47.662055810387606,-55.0542375408084,-44.13558974723914,-56.58276588982382,-5.447585010578202,-0.704399431139958,-0.9184608994394257,-10.461451165995415,-3.1163309703759317,0.1738469149980225
1048,-23.635111636107712,-19.72459880303506,-37.09403710671791,-23.94787649917202,-25.506133577038074,-31.21270069559159,-33.05151880694334,-37.598283005820264,7.665089291677293,10.25991320439855,56.812294941145495,9.139693771844362,12.069268462935316,10.21783508428233
1049,-23.44143443836312,-30.849913270958012,-38.33190814510771,-28.438645352749507,-24.637627525647677,-31.50864293652172,-24.855343941128528,-36.84950721129065,15.615426502756494,2.1602558083271033,28.857673461895956,-3.0295715298140733,14.38304600623263,0.4808242468115535
1050,-4.669478494146935,-13.44458578509565,-39.209888765488756,-27.666662130237313,-11.715721124279032,-17.695646531269333,-19.165859867645,-30.389129695744696,10.937781677203143,9.464230386689378,15.688304322380093,1.2709425731272461,31.63887977060436,3.7276322453436523
1051,8.625849117693084,-1.9192245315412513,0.06185367798141517,0.8228893742757126,-9.30890812387237,-2.789504127868981,2.2611520631037494,-19.220930324230636,3.1977648769455165,-6.605005611675426,13.717238137527254,27.02442835123759,31.453720575720276,31.10720545624232
1052,0.5743898360788509,-18.02402559467586,-8.121195377273857,-19.82338254452507,7.301911048534827,9.196899753640498,13.172738673165169,0.4045816157903177,1.9404844219867323,3.807135993257029,20.380682191345855,28.43198103399384,24.80580725899081,26.243918453708364
1053,1.2493309542259894,-19.127435221198198,-20.14479792301754,-20.436534434118393,5.434544326678544,-1.4161379297376766,-2.5808027224459074,-24.534093617842508,6.691576397754164,10.714591278193568,25.961533167092444,27.99461903225359,12.034446503831349,2.535681257442182
1054,-18.97568821652814,-23.345578112596034,-33.417536730757774,-22.650448906504764,-20.31403229845643,-16.328892989311864,-17.061977866855738,-40.29280576640266,-12.130510953169162,-16.229455182239832,-28.643323378717497,-1.1587694638806525,-7.677177556471883,-4.410184692210015
1055,-6.589839676202293,-16.413586356802202,-28.145412769682363,-23.255141986585645,-33.64320097904457,-35.18615215093806,-14.970876428773238,-15.742809883570818,2.412841744803378,-11.814211045223239,-20.03092068144991,-4.985071860502935,-10.379476017163087,-0.32228064666505957
1056,-7.9679031793852335,-16.70053528374378,-10.843888817979968,-12.993158778247475,-14.009845205277877,-15.409187185392659,12.284756564135089,-5.877039866004907,-4.23765628057135,-11.769202727709496,13.667571026599633,17.669761802141768,8.276703447029435,14.632642571922368
1057,-0.19545177571670339,-10.417999048196364,-15.023344682916623,-26.492903346258302,-18.180092233383878,-15.775312529197125,-10.207006816293076,-19.904550940372683,-2.8557818659511915,-6.219161245059074,18.164685763547684,17.417793737345086,-2.5991540157253064,5.00304970778731
1058,6.217037016031696,-7.782963638109058,-21.015340071669172,-23.49068341759431,-3.340238439839099,-1.8760670551552177,-16.502486157891518,-28.241084810838515,5.8187004125622055,0.7921300416783514,19.399859637461145,20.340850880274413,0.6990878046678664,-5.891833775667831
1059,10.335825573844417,1.4060970343229409,-19.367590674138675,-20.093750977181212,-0.5258038605816564,11.72512756510985,0.02970769337152035,-15.703065038204931,-6.3213075451237275,25.204093434225907,19.32518785851953,41.307529397316976,-3.9671885458525504,13.790632215334186
1060,1.3987220243940026,-5.450645789584575,-14.622639851458016,-34.51991768903586,-9.257289436086651,-15.183933565692547,-0.15304229016266543,-0.049108008892823206,-12.247516499353225,-3.1673534659208604,-11.927907649703181,38.19261576987596,13.6732299833522,42.013115291577776
1061,4.617266931649599,-5.290561012301521,-0.9259384796974146,-16.08898157287644,-18.458788491799815,-21.356007070567845,-11.10324857028067,-9.069771048815758,-22.187364120000666,-10.055476784646036,-18.423313327566667,25.711240427774808,3.3289333286966647,25.19012631305865
1062,-3.9522855455820536,-21.83449192556822,8.19148744080384,-18.55231634110253,-14.29272298433914,-14.441410494399024,-4.087280077394435,-10.56651087983268,-3.9716436584067814,-3.9270549062096336,-54.39970186300655,28.914314302299577,-6.516611983855805,9.168232058101704
1063,-5.578571699451455,-12.08190586407737,-1.7532541856903696,-11.152239783233494,-18.026003466667696,-20.876817976538835,-14.148347487078633,-12.790183630001785,-0.09964313387774186,1.6934151422586399,-65.1758802949956,2.411365050279131,-0.6776912500301516,5.870449029008773
1064,3.5951401096420557,-4.118499307757993,29.528166851066796,22.08641199767517,-0.4643719952386094,3.1625995011799426,11.98593467324997,22.825556483003442,-9.258903971571526,13.68602248302173,-57.41439276512675,6.3884400690620105,-6.91720217725296,-2.96364943455643
1065,-2.448704910053353,-10.509134912189282,32.012471874516166,17.226398787946916,-9.669598452970208,2.668382296904788,24.572417812671922,30.489541448360523,8.868746779187147,11.99304878341621,-43.17340541878374,7.477491457377585,-0.34130726111638954,16.025553056947732
1066,-4.095447664331237,-6.068480733912588,15.88289477515591,14.835798391486605,7.015796808904785,18.91762219316902,6.633698016640878,14.681190413056772,-4.541592108371931,5.747189874820502,-0.9883623951979956,25.893279936075523,-0.412417952897741,14.530451257042523
1067,5.460524325379895,-2.861451563601366,1.5413235595039156,4.637190456161276,9.86032681780836,24.40393857222624,2.2857593563017176,-4.61073843753667,-2.3916066505095124,1.4181802799341328,33.81361329040818,40.691379916829455,22.389369227330572,26.11015077785022
1068,-15.522473023733745,-7.69247146520832,-11.569423244790118,-4.7908701707386365,2.053918425469634,14.750873720666732,5.865222255550317,-3.172092337576145,-3.9800019831440525,10.654459315877201,27.138249733054316,34.21025819651583,10.947982340722417,9.540956972563263
1069,-16.37641841570852,-24.823438546707738,-42.7476899346075,-23.634811141205695,-12.531449597530907,5.120805752931714,6.346126657192852,-5.017705390390043,6.182989924075684,2.392746715981934,28.79233800453862,40.27838616271362,13.749055882890634,21.257805583335156
1070,-3.834081205824672,-10.295174880653748,-19.137803333184653,-29.62022924252443,1.0393006633657014,7.926316742650335,1.3045504648414454,-4.251283670577336,-2.258812399877324,-9.201149675996806,52.78818850913082,26.9754655394904,12.027590856118632,5.053158580063495
1071,-5.315049567093118,-9.540745996942197,-12.780016419456821,-17.339951334662395,4.370212552452229,10.887961986697189,6.097292726536836,7.6813747149645435,-5.835817274040035,-6.614439617805658,52.85487856267304,36.244947012943186,27.554950295663943,26.993259288179548
1072,-4.444795562520625,-5.494906992062398,-2.2774208761049533,-17.52888680841215,10.479783334137402,8.854578037653154,9.480414177984542,18.212252324716463,7.055596004427265,4.151440581109503,40.01308939659695,40.79427184457189,27.34744046767167,22.123640877480547
1073,12.719077388611444,10.565316308662545,-1.0509268770142526,11.9316438063576,23.40429094659492,31.716482416936376,21.38967216147583,45.57728199917263,3.7565938280863764,4.605408225226084,46.06781663200415,46.82354457070596,15.939876292897146,11.055401362002698
1074,14.215306731174511,13.540113629698032,0.012481015126715844,-11.310575843111643,23.249469629099558,25.331674781304425,14.52808263678355,20.04645711037398,6.103007543919674,-11.877658541373295,44.17302120644746,47.01817052424623,13.314519485637922,15.001825821515768
1075,17.475722024019277,17.14296743984997,15.079386906714255,8.070362996031715,22.564466021297353,33.10970459874183,9.790401460949868,15.418908894402966,-7.64388714037345,2.4169203097701155,40.41531040496063,41.93302456965477,10.472186181534038,25.006112726159657
1076,8.474598216442885,7.937325327341378,6.393722286401865,3.356648235341993,16.82259462208532,36.33907535142724,17.488390193877287,10.149108599588335,-0.09405051696958289,3.2987721041559532,30.406575156841953,47.86322180858386,9.240148069074293,33.28505926659249
1077,-0.40026648941154097,-3.0587598582573987,-4.279404618701864,-12.119945598920825,12.928979765273583,30.707931109377462,-2.047742771309275,0.4901431044936366,-12.61696490837871,6.539570964080566,5.48226158481662,37.58062126782156,-2.3123770357292144,15.112634283655511
1078,3.184433039252855,10.584434635035343,-17.07560244003624,-9.446003622148565,2.9197835420614355,23.455977400765303,-7.210895399690897,-8.840619871543314,-1.8627922967855974,-5.4186971026945585,-24.960211340703047,11.028219256823784,1.4105727741125946,15.25763003767135
1079,13.33966278569753,9.759962561721544,-3.7869303694065866,-2.994638219888804,2.579452874564045,17.910477553777056,-5.583408790444404,-4.7865833968749545,-3.011815936255274,3.3118515497851213,-39.44966182750315,-3.8093110243952344,11.993510375059028,20.704735954804203
1080,16.04260581588439,11.863213217821665,-0.47080634135920735,1.0088648431600618,-7.51547180699844,-2.6755191652789496,-12.297736223396905,-12.723431298391382,-2.642543294948304,19.417988591520178,-81.35667987301225,-21.739282759537332,7.045748640102359,22.402535146007985
1081,22.056367156104763,23.337683714607124,-7.323934008096619,6.033427328669801,-8.245767359524569,-7.717754917207212,-15.529427665564855,-6.768570273336034,2.5616449802795813,6.4146620796740015,-61.03058193403113,-18.379968757444132,20.105228550509644,25.17241197861243
1082,2.4467938269478444,6.645887761001406,-12.632668647296194,4.735141811754578,-8.352856913886502,-1.9851435898373873,0.10841905854168184,1.7997484400214945,-0.4432726387642057,3.6014233883193603,-29.78193395568798,-19.604883595942205,11.782873835932152,8.700276686336565
1083,-9.858169627979427,-6.124745072745863,-6.504710111305162,16.46138810022738,-0.17697971314215022,-2.9868495893149176,5.456332883531798,5.590456436387233,9.930139770520642,4.868991527183926,-32.55740877583796,-20.503570238731037,-8.693753145971186,6.154266719262558
1084,-37.58497466756486,-42.36650975013901,-7.722765458230076,-6.480510578529835,-28.044178490162842,-32.96177929287855,-13.582784065716627,-10.136080143849643,-14.754127349291084,-2.1639597079491617,-100.19338991041701,-67.34042693591407,-54.2172033101806,-60.76750134851636
1085,-14.655863302124025,-14.068436912580879,-9.878304360762014,9.205339338517925,-21.260189979645027,-33.20579452129709,-1.9978673504366893,-3.2906640257653352,2.9792012735976257,-1.7075546719205654,-75.35374832216448,-71.7171927532674,-42.79965594212369,-57.71262540765192
1086,-5.508460121081017,-12.726524116960924,-7.9297719638917314,5.463365879734534,-0.5313041507457914,-4.3504860993768615,30.877915524778643,37.63221179309975,-11.98754080143923,4.647868863447931,-43.76335804882784,-60.08378181320773,-36.51064202625899,-58.873355776163926
1087,-12.070165483697146,-2.7147813098433202,8.483045641079753,7.69505177931158,9.655842410032935,3.2660612654455545,50.02245171606895,48.62902279831576,7.0231483550108464,0.6075115567187471,-29.230196272496542,-38.78193760816813,-32.14612621123442,-49.313120500092126
1088,20.441565621042823,21.79364976956202,37.30235607254553,38.54101916820576,38.40513298516431,22.182269175752644,65.49552349362393,67.32181267014506,8.687396979830543,-16.607766854047803,20.35027981959981,-3.4654429515038676,-24.29353661213427,-40.00730508555685
1089,42.30199388490256,48.65523779323806,39.23920455167008,37.750065099710596,44.33267062141961,46.19247577912644,46.53744688824467,47.96461763218869,10.544568100843266,4.5227752290851235,52.63120234906289,9.49120691142314,-17.078444854837457,-18.245461631642016
1090,51.815948460978646,62.471688479666796,46.856395274791254,27.36841900940494,52.47651524692151,53.08662954549839,29.309854554507474,37.56128048523498,-13.02398643766503,-18.09194294222776,39.69535526309053,16.182578416059897,-28.041037562843947,-41.46994541248243
1091,16.936996049758136,33.99759038172536,32.46599529756872,28.972337897298825,26.322242054943704,36.459086524162956,29.259057667560196,40.63180725342202,-3.2070615158685083,-16.916045934006508,0.8401984601703364,-3.5349123971252436,-66.54238325056676,-62.94241240498184
1092,1.722715073519459,17.70412158785495,14.8709803253418,12.557846486699653,10.825079653169055,26.45489694638631,21.998206956840086,28.765917810635756,-5.510598954724947,-12.188200065237847,-31.211651621235973,-12.469073343162243,-70.76268399671319,-68.16185568132259
1093,-36.94408646638048,-28.542148029724256,-27.34721345114728,-9.907872380625207,-33.901707360530544,-19.08610000623101,-17.75415085722377,-14.726652611951938,-14.817930229843627,-19.874166761418856,-76.16059018258005,-56.7991267898184,-117.07317773795302,-105.21358183687781
1094,-5.737668666894826,3.7449688281062663,3.641393731437271,12.511246614605245,-21.41765815072712,-1.1019064095541826,6.750780272038591,20.295715069174133,-4.006623693748367,-15.23339254788608,-30.184261767817553,-21.040307915867995,-84.79076288472433,-67.26013432929568
1095,-2.6370941218073276,-0.5039445566167879,18.48387143707475,2.512119980823212,-4.387690451204627,1.3989210726062278,14.328288693961268,27.978652795919174,-10.78848410397414,-10.939003595923916,-6.541320737166817,-14.483516874770535,-65.83975471056786,-52.949734988415145
1096,-11.467476492529011,-14.383568450819054,4.845144214818045,2.773677241136423,-5.636723189416622,-9.383114610477678,27.168956584380084,35.24400635719904,5.897062888091978,-8.078565237592615,19.2603797590206,14.150641317535838,-35.83311319910599,-25.674765298781434
1097,-6.736760101084143,1.7947342896571428,24.588975840315015,18.46181914329826,14.529759145867445,24.355905173384492,46.26401041912544,41.24673786359692,7.106861904507544,-9.72108542732491,56.26993791247884,44.65170413294409,-9.86260671329737,-9.899447746593934
1098,-5.53997472746109,14.038083339565437,12.919348316019684,-0.542156667363356,22.68300172900872,30.08208773309021,41.6038852780269,33.191630847051144,10.128149910589608,11.300376710850099,56.10706962281062,50.50431436490175,-3.1627973454087734,-2.950581889718183
1099,-2.7894142006178164,14.796042980057813,18.585361869709146,13.170686406279163,29.42271494069317,33.21055670575591,27.06513924281098,31.684660769605735,9.726768121585291,9.678876427541367,32.22141106108968,31.601999637302228,-8.167578255641214,-14.001985435110111
1100,-12.068753221519193,0.3635495140778384,5.912730323571561,-1.2248666460609485,7.7534046541192,7.182254681637611,24.474293664045554,17.409611445106055,3.5322092999664094,5.00586116867713,4.535201377700648,17.961723840740927,-12.68998892216455,-9.939028554695934
1101,8.690979174982866,16.207240381965242,35.17848549136,27.421195107701955,13.701318083546836,14.7234454564832,27.59569773724414,39.32517779734097,7.354610879868061,-5.21944155477444,8.765295948249804,21.567716690144564,-4.975361653583979,3.598404029945766
1102,21.911139390582157,46.832510196047984,53.46859255267534,37.43838895244433,26.5419634776109,22.13199383748856,6.901417642332423,27.437838864648107,-1.116653766292015,12.723505571611305,-37.274657619328416,-30.61840980069216,-18.830422717410613,-34.01129053219003
1103,-17.524789674938848,-8.683932591202634,27.48513027476643,17.393161867836664,-16.42543192994436,-16.63554871474741,15.869478883083643,14.094324486026617,-4.349438291711139,-12.751906521836263,-29.380375627706574,-27.028778626970357,-49.626164624369466,-40.12606560421799
1104,-5.018389626274247,-11.690094839343162,27.126704565639937,25.36024682868194,-10.70313151032645,-11.216434778163476,23.859736526849897,28.399705162024816,-2.326404783897477,-3.7132576521139824,-25.12769384549536,-39.42847245518516,-52.228688999039214,-56.36587832759722
1105,-14.339977300036285,-20.487605587197244,18.676035655898904,10.701084870471675,-20.65997199501217,-23.704112730239096,24.426535428417385,32.15841091712764,-16.69117154324204,-20.882096401479078,-18.7518592515067,-34.03713411919077,-63.75890493608228,-64.67017951317338
1106,-2.636161986508087,-2.9973146469721765,27.82136279457723,36.04393663783199,-6.262239429080835,-20.776023168971886,33.740321196837684,32.85238211840415,-4.7165545165464815,-11.107347279137553,-21.792745225634228,-33.64704225037702,-35.813045661242946,-38.012748210138824
1107,-18.749479016003747,-27.112867966598944,19.0569044388311,12.87325141954493,-12.808329911871141,-28.25993817442953,32.04308540471767,8.523700303243213,-7.989251794656613,-11.281491154748785,-23.005812533343374,-31.081134654342407,-31.74830052766596,-37.16754292158219
1108,-34.72778155416403,-39.83130187197807,-0.4045885130668487,-6.000744511055898,-21.816982118997963,-40.5049694575364,2.263066393604099,-3.261630130769967,0.8425948552011734,-15.9192110345002,-32.545715259065545,-46.0019344871918,-44.5628243532377,-55.54408107216252
1109,-47.6071101027272,-55.270432999490616,-12.954379273296425,-6.48663048922221,-14.890758807045739,-40.654793352118304,8.657857968517787,1.4637321525643767,-3.348528227615112,-6.833021952910333,-6.462641615338298,-47.38967506305092,-35.08681221360662,-46.53299745125375
1110,-33.182471385921694,-37.23086728424439,-4.082053287182014,-3.715205660730697,-1.3900878893880757,-19.60265771759973,24.14432740847374,18.16410089136118,-11.07941755546616,-18.0598019928336,-21.133796036676486,-36.433021591812775,-22.522674152242583,-38.13802603661855
1111,-40.816891154539206,-41.57417673367306,-10.08751203996758,-3.358802555820497,0.9526257938243479,-6.622858368773136,14.004775287775747,16.11539666962565,0.27997997583383505,-7.518357210132791,8.050702416158586,-9.974295289505262,-18.84720673254051,-29.86883071404006
1112,-14.531355206083715,-15.355842675197593,-9.916016245646095,-2.4979455399924437,13.449838012347966,12.944723514974722,16.774169106286422,21.067314427979255,1.6008330552198895,-6.817155846403474,20.16416157464726,-6.104711027401536,-7.392861967634472,-20.419444301083256
1113,-13.439779151362423,-3.557697171458874,5.313493635842428,9.276675096746136,33.52914112514888,30.45366078517541,23.894871588469936,12.132238916558306,4.462768596564316,1.4706225978905103,39.42602814658825,19.20745895177823,13.900397963068448,-4.588647124953152
1114,0.8067432782073598,1.9440491824199606,9.17473029874329,11.69307509936834,33.05619705363807,35.66271359642473,33.081105262733175,14.261769770112043,6.50092225427759,11.9761115654238,41.460891268293295,30.233520128797434,27.364625029990783,11.9832569596879
1115,-21.192614424120034,-12.152343552145865,-14.756530354469993,-5.645394897598866,29.23225800766142,33.687181674151944,33.35411358429868,8.990882797066948,9.339265438589493,9.44442124621525,62.8274664522502,42.36008378499116,33.23111366227933,19.335406298244706
1116,-19.855869683344846,-18.450328432221617,-31.237901984237144,-20.727996553671005,10.297078115192248,17.97819401003299,-6.957542040671569,-17.449998601057874,-2.807951032530713,13.192693562577645,54.26258394961719,20.957794544233447,35.616692823973494,29.402023912564175
1117,-25.278208876274558,-29.52740536366773,-20.07326940377474,-15.208882050327839,18.04633585977723,11.117057348375097,-6.048479470082962,-7.047816272232732,7.227530227265196,11.78449296103644,44.145158116960474,18.006299100444576,29.551957886478455,17.02704216448575
1118,-8.61356821645645,-0.4078890568744655,4.394548594896904,11.27524742031531,34.70620372936833,28.870288814380682,9.00070627371711,6.460097131767154,10.362977478619824,13.44793945196843,23.78031187197845,3.898382894413071,48.12787374178014,29.620365039583223
1119,-41.86594343349461,-38.36791231204144,-7.726549131755994,-18.250226461006942,22.6933700531433,14.272637332878833,-6.130254396213691,2.7967783173175134,11.587683157717388,15.443486778116384,25.481180608739223,10.423928459171245,13.306645380436956,8.175237087392025
1120,-23.589363514663813,-29.54530368689744,-15.095123519310114,-17.565578546174727,20.563061185119093,7.223411619175882,3.876929150559897,-7.1617873242714225,7.553939847141706,10.004508561149418,36.10119547853203,5.080312161614963,11.896696579080443,10.035578080119251
1121,-22.651151684343716,-23.036734207101347,-15.823920594671465,-6.6914705260924014,16.89429208112635,5.520331814757242,4.382767539508284,9.504635792033081,-2.664959076093689,-4.416109694681038,23.75474499388536,8.524629814791366,5.2786507669834615,18.97250686791553
1122,-8.846474925190075,-10.732446454885846,-9.18278804067968,0.30672414529836056,18.127361039187416,8.718320952707094,0.04401359318421072,1.6938616055728233,1.5348346597714986,9.12271860482669,19.234744464524844,9.605517194805403,21.45753307146383,17.828574493670732
1123,-12.174812921893123,-19.084001217416034,-4.4576476691163345,11.525473018105718,12.235901936647569,5.068026072229942,3.2658802585130116,11.040443102874889,6.601028608529222,6.850412532482354,54.77140146138025,25.465206963869345,21.815250261087463,25.594460290299097
1124,-19.08229756516782,-25.27428926864728,-15.981023234620409,-1.4278745946198426,6.8380806633393805,-11.794342931031348,-0.6659434091760811,8.540510721868852,6.370768655075616,-3.775619155956893,40.50475285662331,17.777165849183355,22.944279159581267,29.189986396124503
1125,-28.143249286643982,-17.655478252227358,-7.407491065206311,10.77666172169712,-13.95000876710848,-21.343592123926744,-8.281278595144814,-1.5568515593529348,5.782891218130934,8.517820514115897,21.395593526943546,0.7805669177847457,2.616229133702888,7.195398482938658
1126,-20.208348234858278,-20.46411833674324,-13.22846701887987,-10.850981163390578,-28.336226150879266,-35.18880260188589,-18.69833235798068,-17.599360732437425,12.027229071297603,2.0770194946025207,31.042406987366352,16.644047330838333,14.794697907790502,20.66855279293967
1127,-46.05404595317703,-41.446579616014006,-20.65162255251473,9.849486280024767,-55.33672640841402,-62.51019164551995,-44.07901683523894,-42.81954030750788,2.6909029336933536,-18.292305084361956,-82.759719776625,-48.87766659067946,-20.92955727944188,-12.574481437872526
1128,-25.033952900640685,-27.59813655211774,-40.16452700509487,-27.202196991230178,-64.9778349248298,-63.85152130373395,-30.80575852231786,-23.653631819009117,6.440245480327181,-7.715969275774113,-57.02673041391327,-41.89084247237146,-18.737265589455276,-25.41908440963946
1129,15.975266723070114,34.4378873894527,9.674080879206882,12.85922046899356,-11.540741762578989,-3.790915844337103,-2.196414992402562,-2.1315347455760127,0.8790663048736734,3.5188478941627452,-23.284789241538533,-14.18995336310121,23.855728449092503,9.571414783306693
1130,42.79017863306711,57.226793023881015,36.320938112012385,26.157227122719753,15.914561284579868,24.495554848188675,21.087189176226836,14.210617755483455,6.310723169657311,0.46913920985829133,-17.068709445761307,2.7340632126281497,46.02739131812358,29.460002597204287
1131,57.36707423107063,81.74410999777757,62.76803490808616,51.83290207153865,49.323230268713694,47.849121327292906,22.881545343348353,16.347647959188635,15.70095797300528,16.610240796340854,6.488868970213043,15.120065105267258,76.56905976862716,50.45482657364782
1132,56.48892790153574,63.82008935174822,30.036530367568513,16.197744472685198,29.233848577849813,23.80797884837993,6.870996573730045,-1.7992461663449943,19.883107951666403,-7.011014169255608,-24.22057354593747,2.2843802051631252,64.36820250517279,44.71979204318672
1133,45.013376508439904,55.28810523176226,25.644286689323124,20.62220049753793,27.1633838771643,12.315954377734537,10.813673723514913,13.919928113347305,13.276368166635265,24.0108663506904,-9.004658619354817,2.4954959291484062,49.71308222291035,30.007902302606816
1134,27.055511773761793,31.339771048131162,-13.603003127216446,-1.2292595857390336,-5.007539139507529,-7.141455827596419,-4.827094980379833,-16.89449530059789,8.194646443067352,-8.060962307213277,-20.772380101196006,3.44583861331418,39.084232782937946,22.47668931192013
1135,-30.81145806485182,-18.880465374464624,-26.630501548533914,-9.182037647328084,-35.88778641860548,-56.656063032322244,-50.995687289693805,-50.51747311920746,-5.7040341319373455,-10.308042714008083,-105.71028817217207,-53.86509323150993,-22.773395183712882,-26.673233541730703
1136,-20.23728054812001,-20.171869814656308,-31.95352236226743,-21.4311713064001,-41.66590106539325,-49.085749651760224,-17.34923210531624,-24.28295642674629,11.417225099714756,-4.209070170113199,-103.18033866742128,-56.534541371075,-25.547619795076262,-31.269236259201875
1137,-3.471455325498147,-13.002723647380895,-7.542837739693764,-0.5418596027225577,-26.11566597875493,-23.34489388395454,-20.46555676488529,-16.589397202549442,5.025484642744131,-5.305499359233135,-85.73333582916835,-38.13167962412332,-18.27619450729383,-24.3153984105022
1138,-9.60762454764483,-6.3226132486065465,-14.94292108688932,-9.199029776466588,-32.37818409423465,-22.741233213591773,-28.688546836829495,-17.293308000196014,-9.851041533433614,2.9791803914182355,-106.16896485462946,-48.954082071936554,-22.027746799288625,-23.30333947082603
1139,1.2024136456691248,0.5709455874403795,-1.3377125286617126,19.681545191793607,-15.431272401261635,-15.54315742490002,-9.698119418232864,-8.3891420145421,4.055921539733475,-9.137671394133294,-51.6746823313529,-34.17805081088888,-1.8249408213015512,-14.184427060875022
1140,13.2751143808407,9.591579813198752,12.643410414592005,15.750195793125677,-18.130489893318813,-19.295018647474258,-9.352977404842814,-6.136468597631868,5.825159283040409,0.782205407616035,-65.8965564002396,-52.57007916456131,-2.213886249778887,-21.582834448025945
1141,15.96279350990594,25.91344528655643,9.271217840027855,22.21168183058527,-21.48604931196018,-16.575904145995256,-6.122714923623856,-14.371188045224216,7.797449603750157,5.450541148678642,-78.0333552697432,-37.06675489604734,11.49945674058968,-4.702960093821698
1142,-18.479700464052243,-12.821075760858438,-7.421480254037623,-6.911058552272842,-43.140907287203326,-58.01301543819755,-46.4177199981421,-40.54843318627892,-9.462013467202532,-13.783765274365104,-116.54851845974571,-79.88098483335739,-36.43634350725159,-57.47179958165364
1143,13.58123539588111,17.363579957327776,16.905766837385702,8.525100214107317,-27.55466356493284,-22.42321129061509,-8.249347849519385,-1.9950091031808923,-4.8786206955971,-0.34187385498394196,-62.06082494302978,-45.5851861209558,-25.0394139887631,-28.335478193757726
1144,13.53929147252034,22.258282876775773,17.62230987722653,12.570557057774591,-16.341158650310295,-23.080655975410213,-4.579787854492928,-1.179493769234974,-3.4114173690015854,2.990655291313209,-88.99866370669625,-43.64451402145091,-17.839980172143456,-16.281069328217008
1145,3.020926528947152,14.79342478725342,24.430740301199013,5.9020474185464336,-9.019439343192795,-11.41848308489617,-6.509646292903328,-10.722773056029379,4.5234635772967655,10.595456017285294,-91.28839549493749,-23.33757219959834,1.6328689788632393,-3.6391248004840477
1146,15.593921926884134,25.285765490324522,7.536035610983734,8.724039505682516,-15.614805571269798,-5.863664617932093,-5.227374171975248,-9.607101038160026,-3.2223013037945805,14.554539904777647,-79.45429644941194,-31.299886252157975,2.464764930545026,-1.6173897446027
1147,14.485359719761224,22.757181307978687,19.34352482104916,19.108276064771914,2.9672396353506,2.7694184095414287,0.22689459675732795,-15.456048673366826,6.400537808405026,11.975330733750697,-63.09760748842178,-25.340040851625538,6.797886124847316,-8.427967816873188
1148,34.22155280603012,49.68566440080194,19.87980109397296,22.39907109499779,8.086257918189418,11.701333304248413,3.360855452600179,-2.0493437687258576,-6.630158249973017,0.2658123798801153,-58.224421298560145,-22.02536539280712,-4.6302544757732935,-1.0548038118596261
1149,16.333648014632757,17.376466904029282,0.8840570048994909,6.779160698137086,-8.682598404592973,-11.768067694999205,-16.28023516991701,-22.689646939180538,-6.776226640297467,6.006269109598281,-73.16030390834409,-35.6164816438253,-24.724382765677962,-30.707375875926836
1150,-19.393478155490026,-15.295495537074181,-37.99446374225314,-20.79515032081802,-58.663925571660286,-61.566689082858424,-46.2007766101713,-51.778983441346234,13.273147366278849,-6.982188397091523,-143.56993192617898,-87.54630474610447,-70.71143696431766,-78.8554880638162
1151,26.74118733085497,28.445036213748676,3.323276848044356,1.8667927058366782,-20.65220236034173,-12.613633782025989,-1.5983564485099768,-8.843244673596681,-14.451890609065165,-0.9210748384458379,-60.91568452068108,-55.70433405947214,-26.835847696072452,-43.490771674615736
1152,44.7766272489566,44.8490695194736,13.381868431843612,15.938404608221337,1.292143970097146,-1.1447360885822222,-0.8688370062226193,-8.635910495852599,9.978793340459054,-2.0930278946615246,7.4804750592058395,-25.826442508996145,-6.475718321788756,-13.554670335492771
1153,55.921962844991036,46.99143455881932,44.59681189540024,32.59718515971188,20.801121155932393,23.219097043304142,26.416731004583067,19.993288637724163,2.0456416128967283,4.060188164274784,74.37134260285825,30.710499932645902,21.076388484422125,33.19083525527224
1154,64.75963611221725,60.18835631609887,22.361310213537575,23.324941091056157,20.082548419145674,26.00530411706556,10.202148140079442,13.024936270950855,-4.563836619367203,10.287959203296923,63.28771996896948,58.5148270195958,42.38130804240476,59.89246918949333
1155,56.154796306360566,48.39616140479638,29.393130539740778,23.50618306180944,23.65811492366479,30.091911542118762,16.883079896890937,22.91317831281762,2.773627549956114,7.005681258756513,110.48473687389088,111.99664745737475,69.84692271721232,114.66077299874657
1156,23.507175592871768,20.354686867440023,17.095232452192832,36.79720589728788,9.721976003250239,17.83142899837609,4.973286331889957,7.855548485413361,-8.082257618398105,8.971809081003604,59.54582526963172,69.54082197652332,47.630118655332474,81.24927660102674
1157,5.942252348606726,1.885947970273493,18.02080438793846,16.53677315190113,-5.582921725104543,0.01790165366456861,-12.172543782399705,-5.487373025361878,-3.659082066065791,-0.36953659255954463,29.415773662049816,53.73703672324658,30.26932166698757,74.5730139029296
1158,4.997869105200526,-0.08615271503009625,43.16838371505625,29.205329210371755,-2.1298292602856854,1.7545689481207136,-24.543759102013897,-4.07672127481486,-10.675561637780525,4.756430033729355,21.333480416500137,43.21019862978775,29.002020912683545,65.26206082493728
1159,-16.57748763938761,-9.023575699536003,27.283955593296454,23.610959701004848,-2.104918667261564,-5.5885603052387225,-26.470924581451815,-11.898633112925008,-11.005006735414625,3.174841706821447,30.02675800345739,47.755158153575955,21.8520762077822,52.081804373216485
1160,-30.424398051872338,-39.43677139878057,12.60229279663245,9.507932537815368,-24.68621200904269,-15.557603002461383,-17.733918248344505,-13.360158023224363,-6.827150903553471,2.504853514923535,-4.701055895144274,44.616819634041775,-0.2790897621807788,47.81322447626708
1161,-15.91093579344699,-27.90612355389849,0.7925158653046868,15.094072675620577,-14.666000346296508,-2.3675182317012227,-18.085709711424105,4.33568510698665,0.539163409394004,14.879743708878792,-33.33635843033181,10.46589810236197,-14.219206337787105,17.44966529925948
1162,-40.66027221022841,-46.433069915397596,2.372503565892677,1.6986212313440197,-15.98727913714622,-10.544831775699588,-9.526680905183385,5.589748531869901,-20.477647798981153,-6.05603789691634,-26.506087598559922,20.734125830795044,-34.99159260692123,11.911465468917413
1163,-46.95908100871062,-59.175610608251745,-24.111561926929948,-8.062032057393782,-13.67208128459156,-17.60630820511116,-1.32784693642506,2.638245251915663,-11.4661134733114,-7.984998081799506,-28.35295713161196,1.3853908277392923,-45.02491140493041,-17.195072569913687
1164,-53.643755645781106,-68.60186764816933,-33.94727708905781,-31.911576955918196,-10.310651081960943,-10.577976585660185,-3.414496228932412,4.307982610591694,-18.93085956664603,-14.842703816184828,-22.972473049131143,-3.1481937136525633,-51.10959373165361,-34.69386100201713
1165,-48.78434156086024,-56.48400327678925,-22.071150828921372,-25.430730622157892,3.140507795721165,-3.244674413980977,11.134639653650565,20.881795034955736,-14.093607843138527,-9.931889290289478,9.594801815246097,12.15146913048275,-26.766302881851633,-14.129235617970311
1166,-69.8529567488204,-71.1486454037374,-60.09915965930585,-52.40334013382387,-21.502577843649142,-15.872344824340098,1.9251481077975379,6.520177148382932,-4.121488429387203,-13.003516382640672,-23.61217116675268,0.10701845223025014,-43.53792086660162,-13.155367503525365
1167,-99.66661750073445,-113.73501904585063,-88.2832242738781,-67.34178089525719,-61.51954370979563,-59.306430779076415,-41.95242920127737,-37.10748022467291,-21.234150895524916,-20.40118500397861,-86.65478839876982,-51.253693100550045,-75.9379954420403,-65.30977023717455
1168,-95.110331769835,-100.52896616289313,-76.21846778044592,-57.77134313440147,-46.98730339072033,-44.57390525172587,-18.07011816644079,-20.35360326238073,-7.835534624789808,-28.993414269634282,-29.291236265039018,-35.09961888188746,-63.03752656657495,-58.3362618754254
1169,-76.68760572186054,-77.42733368664442,-50.29200761996509,-41.52868204051979,-26.282864647499864,-16.193902238281343,1.6801550371117717,11.240459555694063,-20.295948844162726,-16.59925220133309,-49.31676425329878,-28.229194382745817,-46.119762579306,-35.408491968393946
1170,-52.673837425087115,-50.45634880243048,-23.89075652408863,-23.853884148955235,2.365826337768971,8.228748715901256,15.514191933675326,12.471863723031708,-9.308093801381547,-6.336630093533783,-11.087815426822837,6.519694365342682,-33.4470823069681,-28.56373107847725
1171,-18.803534752577118,-24.450155310496793,2.075998626982408,-1.9981584968526793,26.140634708918768,32.318654559158325,27.38112769161301,37.84227989298888,3.206978579560713,-3.226245248674168,7.2082951413145535,13.775609708458079,-8.27114169332958,-5.701028952925454
1172,-1.1448707642104594,-6.112155380229165,12.404131521514186,-6.006332909343849,36.600650918203826,48.40686702724123,41.45666490700793,37.2719488079559,-18.905840185201242,10.675493450978793,46.292260341655854,42.29005947785464,-7.578935124502313,-9.98396841127851
1173,8.567270623436691,12.085607082574988,8.226524224950557,11.903037140936965,41.00741795922611,50.62270936289983,23.18007776121567,31.56411281060911,-11.35956895581507,-8.562472309196476,51.63856569972235,48.98043219123653,-14.778320511473218,-5.999771532881746
1174,11.216415069114776,16.166964533816582,0.9386372709689228,2.9127278244171673,38.051703637568274,47.4335072802416,22.000462776740655,22.28555268318617,-25.71703149267019,-14.553417763026356,63.105403038618945,58.65491281576149,-10.629470690869475,-0.2843306321153504
1175,18.880555204248335,15.656670044967836,12.77145891779893,18.92983942384969,32.70027318707483,35.67235673852842,32.115352953523235,18.550604021351525,-16.218782223780437,0.22442010255845313,56.60508353484644,56.29891151413734,0.8803716082008576,2.631781170402562
1176,-6.14965741583219,-6.984547460044263,-3.3244299233894234,-7.141944200731663,30.74370760336224,24.745866273946508,23.882301152217142,7.7606853128478575,0.4087523993627351,-10.40161457547101,44.17314454897034,34.40778701572551,-15.606996188630898,-13.000924922088904
1177,-17.83187490012173,-15.880361019344276,-2.394933836156437,-0.9917743079373216,13.961135982096287,-3.1272064585297517,11.442559448949636,6.673084582914841,11.89999454874623,-17.45996293872147,-12.952196067296775,0.9533494482614585,-29.816751683403506,-43.21884470089634
1178,-7.125076530268185,-21.13908337341087,-6.797069075264868,-3.4298590595551612,-0.9603999846668163,-2.477178251631518,16.040032207087197,11.046065539964715,-8.365126390132119,-17.10148129134884,-14.126055584754688,-7.521983761391494,-26.97437979121278,-31.209873630746277
1179,-16.649483115416142,-25.342372224291427,-15.993742848941565,-20.66645308754704,0.7689281717704765,-4.418873307969053,7.881495735044018,-11.245227842948868,3.644351059237293,-11.430207672897183,-37.81199997025919,-4.899402174075096,-17.415577126161885,-23.002489428615984
1180,-28.534195106972522,-43.69403257039221,-6.632154773696819,-15.797169039575046,7.800444068268706,-4.87902354826321,7.835289063046621,7.251291097262749,-0.21938300747991116,-11.051699339745094,-11.137050187999314,-6.715498130611206,-27.26836854603222,-30.30082016024822
1181,-21.01735194549833,-31.734082454435416,-8.732536005516,-2.435497898651902,9.794057152846724,10.519662006831398,6.1814552378670475,15.691509929805665,-6.140094225842823,6.430685252689271,25.670246675133154,21.735280680396627,-19.401549482991545,-16.130846924975913
1182,-2.8512959087678,-5.348124877190122,-17.66443077544656,-16.339459600518307,6.206445297501325,14.16497486146488,13.332513243181207,17.63097418765316,-18.33150775818645,-9.869362216822278,25.583097927566126,25.173613220436053,-32.555933433532566,-18.935462550891575
1183,12.51854922213086,13.203748621121537,-3.6874595126814818,-12.707151626413179,12.577770243071498,27.926051922317026,18.83678105651716,24.925951945453757,-11.474018304243558,7.801241649539734,49.5955513709369,32.93028374074122,-17.63225203684725,-12.642806868232288
1184,8.646595446317813,11.020112193632905,-20.581489287553183,-18.440787736836867,19.517844847494946,23.643928812260675,14.409374220025558,20.808314631746324,-5.388179275484134,3.5629626668324397,67.50696267120175,41.97844566503497,-11.656214689222804,-9.537063679554075
1185,17.56183425186161,14.79828232024532,-9.03350922345917,-4.640757590166112,15.971080256385175,20.146343909533375,16.598293153485816,25.313281652300414,-2.660796734967732,12.406971819671934,61.54960879717463,48.255173941142694,-11.188888170438632,-0.36102706961284575
1186,-8.576292053192585,-4.253550958969646,2.9256751736592927,2.4763799518091583,7.051021098821907,8.599150390577785,8.436148976264688,3.3187404127410325,1.3729727982457895,-2.3297892738464827,85.16660174239884,52.783379532415324,-10.907947743985991,6.9408592852059545
1187,-12.044655224668064,-6.037478512020876,-12.507315461518367,-1.718710282553236,-5.954237115723579,3.7574523914528,-17.036203974193615,-5.552340662381697,13.097949503267692,-10.123754163006128,44.81654430892468,32.52672531003347,0.4676691835125564,19.561522004565486
1188,-14.840605146210683,-9.802487284090535,3.6556008936940927,14.397626247389978,-4.350619790906565,10.884098956088662,-6.837801822768232,-19.54035324704119,-4.969826749313172,16.516330551618974,57.56251062891242,41.78162933920309,-1.5275580902169266,29.41075121918751
1189,-14.419082676132966,-11.383199900443708,3.685749339001712,20.235651291940826,-1.6038676086262529,10.459709138708646,-12.504033913246653,1.1132666730124143,3.370514830027284,4.418124739700669,53.903298384380385,34.23431354039312,-9.27096461304768,9.854201185147536
1190,-11.027112104730902,-8.736166846392694,8.285422561388597,2.5704367519703357,-4.952727746735503,6.718863622243798,2.045132467019289,-0.3768549256244893,-6.711567655232269,8.294709364896127,44.41060952811567,36.19742361081639,-21.11438360177089,-9.614570852391195
1191,-5.587593885452254,-6.24216979985335,26.825951385979952,16.0729253192444,6.620893424763979,29.77117400661623,17.319201427339326,18.49971318979911,-6.995566709143859,10.1986096590435,41.554963800295496,41.304833745157275,-10.916270456942042,1.3607414781458025
1192,-8.331095832600603,-9.353720311601334,35.923704353331146,18.053014678098002,14.002147840613805,35.037054473789006,36.89498528793051,35.960799125786544,-12.04824299488744,-2.010962748775316,34.10355832956127,41.43208373233958,-14.489224025473842,-14.548251791890754
1193,-1.4988951752661603,-7.979984859244384,16.49500651683557,8.64500426970116,20.36203529834262,29.49358584499408,25.685596149898345,39.13273659316067,-8.82283749698942,-6.657107739984718,35.295162764726015,43.7131070553806,-12.935275645367682,-5.408473557121335
1194,-4.5169434850250445,-15.745542673935972,26.520971238011967,19.29436043355434,19.362527128916202,37.882012038479466,30.332309692321754,37.80993339659612,7.271192719813507,4.018687977500572,19.84417613101998,47.61355519336789,3.3886988837353877,9.566458326618282
1195,-2.399007745144125,-8.104967181182115,19.83122363308463,24.587814871646792,23.8328059584161,23.14456246508923,18.74771936404101,34.54649810912094,2.805689235244584,-7.853049374353008,-8.495264564908496,27.436621853207637,9.433263391092902,17.43245900388808
1196,-11.651877124151277,-8.779343805043066,5.767317289543274,6.4439063276884045,28.887858222289825,16.653989285670118,-1.9110091615652993,24.02501575611003,2.928982858871764,1.9674493015088061,7.485847290699583,16.2133683778808,3.962638341013682,10.961719324789277
1197,-29.829615731944696,-28.351205741691675,-10.086193488743861,-9.174656494796047,2.9674015471467303,-2.372038512370355,-9.826374453433711,1.775289895945146,-6.841658394686938,-2.0078215993693407,-15.548212786041939,-4.070606214507544,9.751285877274736,15.758436185438349
1198,-46.86932416323455,-57.929679288262115,-20.90655644320451,-11.291152678631578,-9.716802783833186,-19.478329349936548,-1.6345409528767172,6.675720476320469,0.9901292727454513,-3.951735669783843,-18.535584646393133,-15.829367466327206,4.598917473421745,0.7581017619500326
1199,-40.75596615492199,-48.66937388040729,-17.038033729232776,-25.121008655217544,-18.286228935475748,-30.592166028683298,-14.621629738756761,-2.118062138099186,1.4703521096489596,-5.529005126876601,-31.012327924762804,-24.09961971973677,18.24078663632753,25.697617825706235
1200,-29.3013891421798,-32.907942300949934,20.491022837248096,20.356036802857723,0.49495176272666325,-10.281159140210937,-5.454229253877671,9.143482703858993,-4.808139606211447,17.68840673372879,6.480606599584377,-1.3563329893559979,21.588226264338438,33.31716039300434
1201,-2.912460298938296,0.9106171605719775,34.64585404327468,23.976533753564972,5.83133594777773,3.25071736346734,5.174860281728006,6.473567606188887,-11.331196667076448,4.86932615237681,42.331506021819976,6.290973079267309,38.05646984316244,28.24891948588677
1202,26.059562164323374,24.243556080851782,57.949546105899685,45.44203568307334,15.55886371445399,18.35561792905876,8.259923366693226,30.039117913566788,1.547216104688128,5.299189128547838,44.932736982480435,6.5103727459143,39.43931843244639,26.69946048854573
1203,39.81202010848495,43.33002540702101,65.40660389604957,59.38221691211224,25.69657310045732,21.194210467604115,8.217864412169385,20.114679794213114,14.189722615603388,12.332867463840467,40.386029973441126,-0.990160726346455,39.95889336503165,14.994286903474528
1204,47.153117036343936,47.515690159512566,48.938996334351735,52.9538695153575,22.368202832629017,17.30151376403963,24.655827114363746,15.376364504880112,15.761950532181025,14.421571692516705,58.432278268141815,9.769251529728864,33.96507426107023,17.061586574433388
1205,34.36980722822268,36.876815079117705,37.75086450203654,29.705723398050665,13.773211908074098,9.335543536326977,18.042468731012892,7.83144584461658,12.983276234095285,4.068171885541676,39.499256719541876,-5.9217660605771805,32.350926125999344,9.3006384788913
1206,17.825336276166475,28.30996381663585,23.083854555539492,12.475359907692608,5.1376216468875775,-11.155319812631962,4.01216557085619,-5.053516694101557,13.969183729691288,5.432777523364008,17.261492980874785,-12.35757510636842,29.570408722719932,1.1624206223821323
1207,17.593793635111503,22.864626653732806,-2.709588340801117,-11.262686785153662,-1.9818679224527642,-1.3030914116287615,-10.889759388510237,-27.473364944280224,7.92816412424051,-1.0509033936660988,15.8142163335961,-14.293099995418977,35.49487872464712,13.79806630614789
1208,-3.4334389621322865,-5.479381796838192,-27.9631640742333,-20.15096903529523,-28.96756194166234,-46.07076868941864,-31.480017386836835,-50.027078275783374,-4.165672131533983,-22.98778086662277,-22.72788352924492,-48.74285176800484,-1.7050199125463243,-28.245827089462228
1209,-2.23675145681327,3.248895406378961,-22.61207195769212,-9.051363596684464,-34.96121155745376,-46.41646861010067,-20.16635712152252,-34.04792011808293,-4.407247503449908,-5.476205422733213,-35.80974972529937,-46.23547518341914,-10.129717006375593,-19.906846501746017
1210,33.96073848043307,34.469474118825545,5.346806712757996,6.21575966506601,-7.593545372773545,-8.923225700048812,-0.1334408745289173,-9.7402653207488,-7.275021185280859,2.3404816702871893,10.519896623749961,-4.053777609790282,25.3358263980748,16.370977733082217
1211,52.1625072826021,51.90610630163629,26.63014504100713,7.698274310541005,6.569228993949405,11.409194914571433,8.211931161452513,-11.056849405851553,-1.9614748032521379,-8.527802358034775,18.250939147024646,10.008920833353008,33.154501794987716,25.554390760310568
1212,69.76886877185389,70.9765298549007,23.538951462845286,14.553668039681478,29.070998513817194,21.921061056860008,19.544803519135847,11.146969320871142,2.4846213990885846,-1.7898970949647826,54.52832395798574,38.32031183900517,51.5022999043809,41.92908470435825
1213,63.95761818487964,64.7577367635058,26.57498814548875,15.367078287686208,32.516573690853086,32.300920780814614,14.79926007705542,1.534269903882008,1.6366199515841322,-3.5491995351548384,34.494789854578926,31.421468042691686,35.17021365374326,23.831016944798115
1214,76.60881441767935,76.73505129729439,39.37730221855851,30.74553988956288,41.71126770035603,32.94662859437504,24.316963962217535,9.317913556735313,4.698951253305676,-4.702789655520482,43.431945676336326,28.55770903520752,38.93492150905469,20.589145677542373
1215,45.989105044695776,54.40877419986572,1.3169189137126611,0.687470007056608,16.783996614041182,11.684605446558068,-12.809565335380938,-16.533878388220877,-2.412785459300658,-3.043001988019586,16.58142915253225,-1.079177323314087,20.70523017450565,6.044451305645163
1216,-7.370579870291258,-4.503798923013401,-29.306732076757054,-28.041195361971212,-31.049875708079142,-52.82292541456983,-37.71703103017869,-53.642332293392904,1.4177327537900604,-11.074353694375644,-47.543817732899825,-60.49887801533727,-23.041207573946597,-37.51986289616867
1217,-8.274058181815242,-6.877241739044378,-18.32373569937455,-18.482887758572748,-33.663760230285085,-44.2210366098838,-24.501614433279055,-23.147543455905378,-3.877582097364203,-5.183928654210319,-30.82548697356104,-54.286100570230076,-8.88156386422044,-21.585253739702114
1218,-14.71996619854039,-15.673571216513107,-28.822863596668608,-25.60377949826524,-33.53747636509592,-54.162464335146964,-27.1166308571384,-24.34846143753152,8.067576383235787,0.033539414356149155,-52.4811692696688,-59.92093963340632,3.750731885940437,-12.979453848738023
1219,-8.800560705004191,4.811052461665568,0.9893107015667417,3.0277470111455873,-23.44179265848628,-34.894649867534575,-22.261694634327455,-3.942324920694918,3.7554062521494664,6.961192427301094,-77.64423195747435,-61.56629235903305,23.11453295314741,-1.279310774500651
1220,27.336077299840557,33.8040342075579,18.986555184447045,-9.436334939196882,0.4388009887987643,-6.278926054903968,-0.9663705373911006,9.487963482515875,-0.1421886283967364,7.833095245831366,-61.718413980230984,-56.504404916403296,39.33224958447153,-1.6034890429094943
1221,13.959486459054652,30.530384817466206,12.204466560893287,-13.024059213702538,-10.239462091496792,-7.119004777721587,-1.1949107138575392,-0.9313136290499081,0.8169797273992909,8.518387711435418,-37.75738578364805,-37.42296719656545,31.244982050191847,1.7872790913057783
1222,32.68332083168589,40.28793125337952,13.953517043393708,5.733857662791361,-8.023505207698737,7.133496925373643,-1.2639247822283945,-3.001429069636898,-1.1037264397636473,2.077895593150448,-16.49916315520527,-7.1349810691563915,46.25802826914681,29.09299723361761
1223,39.28701347039566,45.75328807474043,19.879568303241026,12.140054532783937,-2.4079698674397423,16.007725460993377,1.867047659038082,-1.6535823606308646,3.1823209659923393,9.546533771913433,0.8242536932377117,-2.621364594745773,40.82165002339513,24.099667878607445
1224,37.48400560515847,28.986796203993556,8.201675322078337,-2.9520881090985602,-3.756215390846506,-3.1864443999230097,-0.977223211927417,-5.21375210071379,-3.5283796156396647,-1.64019274308209,-6.14051431945168,-22.011125545691122,35.95999465110466,12.454060308521827
1225,16.952643682867386,11.043757386504726,-4.205565226029791,-10.459200792691819,-22.385460527560888,-19.941344673708947,-24.88266800893498,-45.41170028834971,-3.776251872574098,2.1801482408180775,-42.896475057688605,-44.89641894593384,12.996032725897622,-12.004933182123024
1226,13.038471558107126,16.21738326939055,-6.497962572592461,11.376715646869721,-20.90805760021081,-13.599672456082844,-25.36758971255631,-33.63779841473691,2.7799117788766563,-0.28888487943372976,-31.97987661342986,-36.0539617619044,0.987673685497807,-16.549214509938874
1227,22.276293610017568,9.456326787579595,-6.0879915713091775,-10.217931400439848,-23.36719997998684,-24.2688381358463,-23.478395303979394,-39.501429645324535,1.354176727724952,4.4946160227595335,-53.921162539874786,-61.50326640465775,-18.623383857385022,-39.467593290880274
1228,10.513539834905533,1.4054036254756503,-19.017217100830468,-14.626360152098258,-33.265304313061996,-31.875168332907602,-21.774073494909885,-35.1010709110048,-4.719595687454537,-19.276498786877955,-64.91685462860319,-86.24645562443276,-31.439578300288808,-54.144313354158044
1229,6.00198681826119,-0.8154592223772581,-11.170055470707164,-15.789125367950454,-35.875678015297446,-41.66848548538444,-15.869954340203476,-20.105783880257007,4.39850573745903,-12.688375209294797,-72.62559595270791,-85.37196726623812,-34.348600619006646,-48.20975756599719
1230,23.986355542005583,23.13399425011916,17.67401429065352,8.621950344242448,-7.924827263448225,-15.434169475461626,-7.431692775782257,-15.835843807405174,-4.510467157570289,-12.618589823651456,-19.229385139818238,-44.901640661236556,-7.739710084481857,-19.341589197548284
1231,5.349528597979527,6.090030509644318,3.0751875101017583,11.334727524283482,-17.23414196843153,-26.84089353698145,-20.380293748936104,-24.035254570904904,10.651185806057962,-4.084246946172814,-38.38424066030405,-56.684008087956954,-12.832700520418463,-29.28052660141246
1232,-27.405599220405787,-28.995006328681324,-29.46377672095817,-19.83439710203637,-53.051915689912846,-65.54728619569532,-41.99850401099566,-47.976664708791176,-2.4351400713966393,-18.38701981810093,-56.14961387260805,-71.74309272254862,-21.806419675246687,-33.92444759824666
1233,9.295103729617516,6.556529270554534,-0.49453178590955477,-4.057881992443207,-18.773685081665324,-20.199518750312098,4.007470288129547,2.931463130669716,-1.9148216363024382,-5.383822623926544,-10.70703192372481,-27.63031341721252,0.030367913472959394,-12.671805097175717
1234,36.81443508476918,22.226807974998557,20.82016495793494,25.28626626591998,9.227717565441672,4.8524125910939135,17.482128655894755,21.902616372448488,-0.7609631198095501,-10.204551335974417,32.50312915641218,-2.4060812713888513,16.139840622546178,-2.3135177616888534
1235,57.56412126731399,62.575955858912465,53.4068281759234,58.61322432938985,39.65846156184031,36.77465206790661,38.717456376384796,35.20049168645918,-1.5445152536870352,-0.6927827161835607,79.03892106677812,19.56358472097002,29.326462542609924,5.990122343240322
1236,55.56608081055772,49.58730650803611,46.50516585656286,27.862917977914496,46.55396805978869,23.540940894419798,14.878041026041856,3.7326819672378875,2.640034646381961,6.32026412577837,75.24780251029148,14.64738524833398,33.85562951488246,7.60555558203599
1237,47.97757523955295,42.28435672321401,37.201719631514315,42.497400477152155,42.413287099977794,13.726483159183648,16.648762903014678,4.031845249256289,-3.3314836017019402,-7.766226844797199,47.50420795597444,9.77262167682684,22.07959007556309,2.754982452642541
1238,9.590511980327474,14.89297479085858,31.17880350199953,28.47156567839463,23.262064606278063,13.721995476454394,20.792371382812554,21.218149432793354,0.20176606956914464,-5.08834763564849,34.48111189744236,-12.481302387146124,6.739138143755255,-11.094659604092417
1239,-23.298110771186842,-28.56530946266769,-13.90274043720765,-5.345689894777498,-32.10573324365417,-49.56070346249301,-26.600802537776495,-33.6250422031202,9.439314269084482,4.654094283604112,-41.83014664248025,-52.030325463879386,-6.872150335233264,-17.087884847449935
1240,4.675652794293453,5.304391287098092,29.918802407057715,40.35379858725239,19.990204228857962,-5.8431438169437495,-0.863334298596799,0.6601247703005388,-11.658324960859332,0.42309455680274644,-8.24219549030089,-38.38581201060444,18.7377744081801,-10.218332376192647
1241,-0.03742020087270781,5.3014883371737085,19.681094412908916,16.324174558804707,-1.2256145579228774,-16.968769382185936,-2.1058674222031972,-2.1027023597223753,2.5609860485035245,7.290971527045562,-55.69490328910176,-71.55825199177164,-9.303593258456743,-39.54090100583241
1242,-37.55243015741065,-44.60424385756576,-8.129788437250657,-1.0124558074363694,-28.366318204916098,-49.72284219430701,-5.817569591021169,-1.9110535992223077,-1.1559964849745963,0.6818973551779042,-50.30561313639787,-56.94768483786098,-38.77703249591867,-43.69671000085068
1243,-21.24195602902332,-24.06260588036397,14.91027330363949,20.767085080010222,-20.20436835668947,-25.927924579630684,6.141944497131315,33.24055831361872,-5.153464971586768,-19.454524640326962,-75.81440626896214,-48.30936979054466,-48.23033231989893,-46.39817391006429
1244,-39.84878769212515,-39.78121727273871,10.84384641081884,15.606805828266076,-16.24641281080709,-32.55865235703017,22.593639094633637,17.606338185117956,-10.37140256708295,-13.135705431835273,-25.29109862644698,-35.20883427656485,-37.02540541847685,-36.86159592745647
1245,-14.862617882277261,-20.59125582387921,14.545647687934634,5.921440931369331,-10.204738394034996,-18.259231360896425,30.812467708712255,24.073352166608544,-3.3722839175834056,-12.107422430825796,-22.140325037102407,-21.88037848449112,-13.663341587887414,-20.18973082636352
1246,-22.371553622009515,-25.94888666535992,-1.0642922006147935,-3.5626157674516206,-3.2582759345143213,-14.261779809826006,21.961490679908206,31.328722481164032,-3.747021070428142,11.485165813935296,-27.43334509351313,-15.69716294462542,-10.80184459521884,-20.0179719511368
1247,-19.059475166400404,-26.387722006484005,-9.676294511566141,-21.28032187463761,-0.7253821640391069,-23.618412632792563,10.296251763700267,12.310353507545011,-1.924065307190592,-6.14709608980554,-33.72023573126254,-33.48581217235997,-8.062734808270104,-18.12926718925807
1248,-22.552201406540572,-40.703482112440135,-26.791260275698388,-21.4495388082904,4.329883480755793,-14.95344130936542,12.32438177263694,32.14363369426978,-1.3453736651592336,-20.525744959782003,14.745641617865665,8.881761462216023,6.223203987908765,7.356730665377154
1249,-9.91940234778584,-30.126044049319272,-23.313687021628095,-38.50629884937555,1.7146037224781252,-3.126254934724293,26.058413188438227,19.284789012598313,-2.292585940276064,-0.48620367437689005,2.001905595392765,2.7195504683332,6.803433128997345,3.4219266114384
1250,-31.869981028555117,-37.27532044494002,-14.19915285516658,-33.471518369285675,4.346080619213431,-15.161532331629143,13.728072364401555,6.756582636182377,2.180436222331276,-1.6119839151933004,16.44036062706398,25.05668495073856,1.4979676735724685,3.4806738302156672
1251,-47.407680008414545,-52.496431795291514,-40.13605175031987,-37.28191781779089,-20.82045468918788,-34.66966994413641,-14.855531853281692,-18.646558924739303,-9.137822438300374,-8.274895331729606,-44.46219702270422,-35.881398784589514,-26.474292633454095,-32.56464491448889
1252,-17.2291343420612,-30.69947389935747,-14.197105069548456,-22.93902766998037,-0.5436849803237682,-2.673948605310684,15.47801410991236,10.1432030752673,1.8661000512924437,0.996529894220471,10.718025278035176,13.103726088713127,-2.1659200995439307,-3.6097219553615503
1253,7.213188832006509,0.3639914878907996,-7.515218757859728,-16.278242417320094,24.246564661080235,23.322104523438902,27.36950910425849,19.470023500074408,-4.557453175554575,-4.7398361582222535,52.58024662099469,25.258926374795504,13.039604131717764,8.477299960916877
1254,3.232593460469433,4.880943974931537,1.488646459934461,7.523299047695572,37.710641079795764,45.03244731142639,35.85016185515668,38.868735890446445,1.5021700311016855,2.141099344202898,65.42065504183013,57.38358898094403,20.26075814984134,27.846860043018992
1255,13.254072496284945,13.038153712861055,-1.954164491326537,-8.856167754356381,46.095031345669575,46.11063172158623,38.56143759276863,25.60311204082101,-3.2018776190133877,10.452840491346414,63.109486147110545,54.76061565991453,22.055278803041844,37.85106823457925
1256,-1.1390064098941306,-1.3571462925017548,1.1451050885961562,-16.31440580536489,49.790480140476504,54.38208987953755,19.48661172964535,29.478381043810675,1.8236749742468203,13.727949138212216,44.922352720089755,66.68082973696606,31.259462204177673,40.21505286471569
1257,-25.909213731965814,-17.48258980286674,-27.077695487481467,-18.02135536568028,9.58180812763752,16.9887918492442,-20.34991314744609,3.7429498052233283,-0.7608131296668083,15.118272010593811,-39.120849082676564,-2.6118303112546553,-10.051320751099695,4.300666237358346
1258,-13.882514978970548,-18.491657581111603,-22.743346908461206,-7.367364535225093,-6.136258314324467,1.6364859224888266,-25.737189842810633,5.297605370251203,-3.8724594283145266,5.4134990694391,3.16577376551351,19.44396466473681,-7.0932412668948315,17.213346707266666
1259,-8.415391737450598,-3.39797692670898,-18.32180735983228,0.24039301158791493,-7.013101870760511,7.374398943880158,-10.209826728512462,6.65066601084151,10.363145791826168,-2.4045562553395357,-0.22204234704082548,8.131767841732968,1.5068085243234135,13.968904186174786
1260,7.832269269656986,4.7769015441540255,4.341908005371913,9.467248824582915,16.19013606247983,33.787471536181435,20.521524568203283,38.60768841245242,-4.249743540255765,16.708103723873233,46.81823012002859,51.249404681972436,13.519209095130147,36.079382199903314
1261,29.689844114363982,29.306509316161534,25.333272242280913,16.26816687785665,30.291937866525686,54.29877432930611,38.733730693750026,51.43510071058381,-2.4937530313632927,11.02338043099405,87.92143443278745,66.28279712054018,27.79742060468937,41.87810816517326
1262,47.38143776839448,52.918376524864755,24.302584084326146,35.52919995889011,41.43211177820692,66.04159186010425,36.144720066931775,46.35148477539388,-2.3690236019146305,22.62501582838872,100.86557644997784,94.09617837960887,52.350954415808104,59.50965855664425
1263,42.03076453151638,41.230571417813884,7.270829219853503,6.7318304724936,22.015844595297818,35.18613139956024,16.847364447841837,10.134664264871066,3.641942714750975,18.906205252280397,57.801397131140874,52.00107231424475,28.205378182617718,31.388381603773595
1264,65.70141734221838,51.53996533175802,10.083497877279436,10.293129937125205,28.710128540745362,49.05166776305367,10.03796838077687,9.858331644418897,-1.3261856979205753,16.710339084602452,79.5661071235525,72.67467616405878,22.17331817953766,40.228204940833145
1265,37.033253929043475,35.25169233727019,-2.870191965353534,-3.99150591084398,10.315070110960278,28.825986239688746,-0.22874918454283996,-13.970077681636294,4.937536103582381,1.0772058149058563,73.27423747257609,70.48798700497133,12.962945564393298,37.00681158459457
1266,26.450073693564647,11.894833988262816,-7.179641265242071,-13.620394060937784,-8.06372081770314,13.277134954278997,-23.735798744409493,-25.711880678559755,-3.6762370875436816,-9.297455609880192,10.852573774014981,41.68729853332022,5.364459069943164,33.17436093702262
1267,-2.3145627251766236,1.6445924737793112,-19.601541212426852,-32.56774091879703,-20.748565694225604,-6.662610200779375,-32.09570726474681,-38.0528829434888,-3.0920416894320453,-9.14461911979919,-33.46397046790687,31.487548745991894,-4.417529000957985,26.690981461143746
1268,-6.704836073155175,-13.12429696069027,-25.85883570999891,-28.823220663784667,-22.809812407501834,-5.6969850079085225,-34.126217039000714,-38.14545943740919,-9.92458891248161,1.5098489205162258,0.5465598242710623,43.858991560557605,-10.632397081130202,31.61419593473165
1269,-32.33782346114619,-31.351343876975232,-23.62005237496498,-35.09475542162077,-39.91999255438336,-21.680246879077043,-32.82211747521242,-39.513786627304434,3.128910701267369,6.1833569151985905,9.718578824858497,31.88589250604832,-12.406446190428376,21.591626405105437
1270,9.20995093608935,23.14568752351949,-14.59108991852937,-21.369631677683778,0.9156090767858664,12.42689393688058,-24.75729574652052,-30.296987492489553,14.880876472777956,2.3767984248842624,-8.11739221273091,11.710245445192047,14.708005768928144,24.23219291094149
1271,-33.53232852993324,-23.632112119728856,-34.66864461651505,-35.11304750027391,-29.34829534248371,-10.940861187973836,-29.921300142310482,-37.872789882110204,8.767413333397307,-5.698864085364884,-15.303926293849976,13.64145286459591,-12.041955097971327,1.8442043099672796
1272,-34.25063414248708,-32.885215454312814,-30.7254340400695,-27.02276573898508,-20.651961721351416,-12.286649376434198,-23.980744710133177,-17.527855768321448,-3.8924805252754453,0.9815374938389634,4.0815433282735905,34.58970450362719,-16.846875551847294,8.861037643545167
1273,-33.43518812685748,-19.891548215579533,-30.244709809632052,-39.362954816777574,-11.124403249838867,-3.2822151968400894,-26.228148712466815,-34.53107331243207,-2.093699568171519,2.024583337006828,-11.065384354297471,11.504860230016286,-25.57939232487297,-8.450200682443
1274,-51.79839884519497,-53.148613006989436,-52.93366546461027,-37.44983800616239,-43.76698457822449,-40.55388858100402,-58.54511779380009,-47.31271599800814,-3.187339559801913,1.7572451387220358,-5.863137513274795,-3.8411375221240514,-50.77228411319985,-22.381217896888167
1275,-39.82568333202414,-24.686655244546387,-25.627337024613805,-19.87394436591095,-27.87378645712745,-21.303043537127945,-29.628796311520244,-23.793378392172627,8.409925832101235,-20.575668678006046,24.354764508759526,9.285979411795559,-19.36085335874422,-0.5028090178308754
1276,-17.21770280581175,-12.013574027845463,-3.1160652509259954,-9.48708134238565,0.7061892029034049,-8.430221639861236,-4.069214963592411,-12.088380625968103,12.077608561986688,0.3232351868902468,16.588207155595338,23.76763631944184,-9.25596043168803,4.4622715281130985
1277,-3.633767781216811,-4.348147511834634,3.4279605435468574,-2.502317109944154,6.702788143337962,9.131187298947525,10.808494878818314,-2.273087747571767,17.48692122028452,-7.7057341442126726,38.93302845889715,26.52278976749084,-2.448950055882246,-5.322905006614665
1278,3.256991651292134,16.44635449839425,14.503798834524341,4.245193457448584,26.99519342020404,25.98017089565534,6.340340382193736,-2.482426773833798,7.6424511992721404,12.033570202195083,41.53148559514043,29.16682252020955,13.743668543031852,12.132694925915029
1279,-0.4970877547126516,19.78003471459577,9.349271910149033,6.488005894935945,27.086274347620307,18.417890298044767,-10.477701907505713,-14.423540435615624,7.150812543128578,4.2005967832608775,37.12158813991376,19.406415782305103,14.159739225400036,19.099501380658506
1280,-3.7285129345910946,1.7819188878123065,-0.6152354265048662,5.039570159327392,6.614946490848351,17.46349586474437,-5.498048417108781,-17.454183589842447,11.038317182546754,7.317949261120527,42.64396368697885,32.20652606343842,9.194358219925453,26.503256912270682
1281,-12.192053541489198,-13.754659928418059,-6.417155422552464,-2.563281352647503,7.913354051746519,10.225105558301873,-9.144564800232617,-15.823135306552967,8.082889933398025,-10.504812493789018,51.07870096870782,20.815021654599107,9.426923384958208,19.03820102315318
1282,-16.630592846994585,-4.199211307382231,-1.9988548998819826,3.464105748735162,11.945733769825253,16.742576853595757,-10.185468202074679,-7.812579440128813,0.2808725091897344,11.342986107123151,59.37371107357278,23.764720556168633,8.683469980082346,22.32830500666187
1283,-7.636719907850499,-12.731449386604027,16.35359377185778,33.09804708474927,7.316028012874168,19.88947758371068,-6.073677995788395,-2.4286796370066086,8.604181624927143,-6.757589176800476,37.975015553134035,29.06919137188835,2.6641714303170128,32.51286498374848
1284,-1.0347777453449665,-13.734401208808054,8.695825264013568,7.720088653083343,10.845950284713204,12.524704398824312,-17.56925650167199,-2.42510444914112,-0.7365594900827155,-8.7768573855552,32.80596673685991,25.6017657713231,-0.9148760369785082,26.11267339020194
1285,-7.204631955309097,-5.970548211737851,15.885896512765745,7.9026752753614025,10.448915370748264,11.432156145223185,-20.015429893099626,-7.465205164058169,-0.33105719599257394,14.411264481042988,40.7498553123748,24.518396759878254,18.92387870414091,39.247472670445624
1286,-7.5499421153100155,-4.717799087112246,10.303850643830904,18.04489093194723,18.96075104960548,29.297975999854973,-20.136598868339952,0.6658198328613152,4.751699783730817,17.137670379872663,40.511250006020774,18.198270537175613,6.171249245972225,22.405343439337965
1287,7.973850172034592,15.54707556552453,16.5667788618016,21.801342789803165,21.34651553082932,23.35927802770679,-18.50622545472023,4.875275112169002,0.7667203526558003,11.87881334448182,9.851062016943919,18.535532269174645,20.68907225056097,29.930970780012867
1288,22.118286374791538,23.309223635381596,9.512456380520407,11.752247827725705,11.547653624824028,23.005792180232998,-19.409108737048353,-3.631606917863113,2.094841403654471,12.06900838298348,-14.227632576207768,-20.01825080293459,6.57627688931099,8.767623707707662
1289,5.079747580087756,14.174657199194625,-5.3124414200117975,6.66602260857489,5.5996587124111485,2.764957209751792,-21.130299796882685,-12.207713593561424,3.049669653090419,2.997573203194361,-6.695467442544727,-33.84849324861831,9.009035128225383,-1.3529744627962934
1290,24.926714503243247,25.088708584407,16.941044281193584,21.63235447143441,9.116406604579984,7.283295884581292,-26.48695408047351,-16.646989909033344,-1.4898562692988755,21.90316789037017,-3.5016861028918345,-42.50105487327191,12.46038703151347,-0.7429031627141943
1291,16.490920274950973,19.70558452977623,31.654791322902156,35.978757808524925,9.769402213624462,22.845707990759696,-17.00692892567522,-8.159624957906274,8.75248534857244,10.212591744840104,9.400450292198702,-20.544787176098016,20.029734191206963,16.04971130544609
1292,1.785991925427682,8.998716252238612,29.957248383632678,24.863414768707756,-8.357391038455944,-6.809021041440586,-22.081940990970327,-16.165146300396284,10.341978065768314,21.390972120136116,-11.326266247330413,-30.7651284725314,-3.524713315538517,-4.005216634806928
1293,13.606922422619578,18.193573283263312,29.556144542401526,27.456115454378544,9.577549877334688,-10.827469249918876,-18.67512189047338,-8.823933674876512,15.883754059571794,13.125701874258223,15.736108908771847,-19.068332822819446,1.9050135174175542,6.855736924792848
1294,19.319380647479974,28.057633401777966,35.818349984186625,35.31929108120948,21.11856465383996,12.641400534021718,-4.533354831840379,4.1595584724329395,5.772719343569032,12.91288263851148,19.458653515909415,-0.4802115536411347,19.51558865184268,12.224404326353731
1295,3.259705093843687,18.97274819312492,31.626779080225347,27.42680182976527,21.296273000735834,6.9241382587157805,-6.763466940227381,-8.936978039677252,19.561394859611564,10.329638195653533,-23.377149767340274,-5.19804599446825,22.919631351148066,24.839539619872667
1296,-9.05037986852647,7.81994167215522,19.95751347801798,14.004154388595087,2.760977437817081,-5.565221366178139,-7.455676340989347,-13.43036445060583,8.774478598083428,5.345390723096037,-66.14741568162627,-25.31982684096662,11.128211258841587,11.981536762943769
1297,-17.368417887903124,6.974237721737569,26.32936212185668,27.09003008724378,9.091669573380294,2.2079057539277165,-4.323153031353127,-5.612844580965992,3.162718692918714,4.233311691083308,-66.3960668502776,-26.635214885028745,12.136260361657905,11.32514706854007
1298,-0.8419729768272661,6.018798723326323,22.377070851534516,6.21062801451062,-2.254297444555135,4.560357117604936,-7.885044941972495,-4.3621282986391074,4.083047738383691,16.139724882570366,-55.94522007118661,-11.764891210414781,18.777438518478476,22.89786236509032
1299,-1.659973682270461,0.5571148045579701,2.648040955503109,-0.4915761890317021,-8.50229030800143,2.0804480764731887,8.163541553832008,20.49939267734962,12.621477207269328,9.146221210521393,-33.133224202574226,-5.177140942222916,12.515778205994916,12.387698798095839
1300,-21.086804593254502,-38.81757126355289,-17.935130983145363,-18.363022928852224,-29.347346917031068,-32.858712215508945,-26.551804927525968,-19.471935050622044,-2.1823271789916245,2.5188852330570577,-19.590327792984898,-6.9156006982447185,-1.1574702342279055,-1.639004409884324
1301,20.26257790390156,13.47888490780845,-6.487149989127015,-15.972292687517424,-14.881686318377355,-4.429911266448479,-21.089937099257234,-14.522292650507584,4.772334144966547,-5.950990233851368,-35.30901560616414,-8.23331010540132,4.890661481209931,8.035606915151668
1302,17.855859995917417,20.86041662254967,-0.64258434743669,8.46218129551245,-4.768994203476532,22.104961501797572,-7.293925196005145,3.107771035743516,-13.922210225963845,-2.5455152921641817,-9.508389693233529,-0.4290584708358646,-25.342572621147955,-22.472958274520998
1303,35.400502734568555,29.35100301957351,34.853860342257065,33.640831307846994,8.19440533625977,36.55581646308734,26.825739530207933,31.734335958581177,-11.896214320070134,-11.999784749105405,34.03551504904435,36.16158298126378,-40.22614635184907,-11.303856745939619
1304,16.55077757917705,25.015331301989825,45.07537051881261,54.35716986571159,15.239619219150285,50.55422732242049,30.09384314228698,45.51364347443884,-12.633632141862778,-21.940501838593352,19.828539183086928,31.545483933022226,-52.37412819636896,-23.986696675808513
1305,13.546850476847425,6.510038947865391,18.442287188581904,19.617123719880222,12.829565815194883,33.19541441829609,25.058890322874532,35.83092509241133,-3.227464785952686,-2.688944850286647,49.685339765581915,37.7306639438586,-43.77376311067128,-24.553382004446345
1306,21.50977535162381,11.301813470780418,40.22294186866085,36.150663229779994,37.314130128533336,44.97383024701926,38.282479376622824,53.802117980857716,1.7924642505342148,-16.338015578866553,58.08441282031768,61.93258933487407,-21.96529377375551,-5.781608117412992
1307,15.73778723700465,7.671512972993561,24.40847504510687,21.813728282212388,31.823535457075096,22.43467258146838,24.370343970719244,28.602324507358436,-9.97106985499647,-13.236991966688667,30.647950702697642,34.55246480054176,-22.247801723012575,-6.824721211570588
1308,9.109234636052102,2.6152310292140815,18.122579312765,5.479545296911217,17.52299939308711,11.891939903309872,13.857664614888558,22.437358704499772,-5.048444444514406,-9.482503596580223,38.16857502762277,39.683596198621856,-1.5234086421562247,6.806031102954307
1309,5.160824449495777,-3.2401557351429418,-20.423257343739184,-21.581407604299983,12.821266319967323,8.842401719970434,-4.212711531229757,1.0741011149201554,6.430282786845944,-1.0384312895682788,45.91002321937992,23.852267601511617,3.8507750949446735,7.745133959777471
1310,1.5294511589662652,-10.976392077714339,-18.374173764295787,-28.97090047373702,11.508028685939763,5.118205255410738,8.844298067657506,2.4709790899651822,-11.946426267662035,6.322434902671036,53.56063995600236,43.34996767110475,2.014171937471673,9.113351593745243
1311,12.596204128537273,10.37778222168208,-18.26934110224644,-21.734482814292925,19.945373571037102,21.399368231843194,10.728054508384288,12.192744830017629,-3.5602341977345175,-7.791152044907433,24.705915206455547,27.66067818390365,0.38020192968530553,4.969957834077201
1312,26.84963432354317,14.869940884358149,-34.5264360618044,-43.11558253560028,21.040135079374366,21.3739103032367,5.945089667262813,10.274647078142277,-1.961527767507486,-4.953784734923096,52.847564701537806,51.9210729413578,-6.103048671545222,6.15381015696193
1313,43.51634023966028,43.542157142715844,-35.01828383987388,-28.526361546669392,33.08893577210346,48.36103939911686,22.249816440830696,28.076041930568074,-3.975602008053043,-2.4726826358574865,65.58042920565275,54.058291106153064,0.658523128313438,7.831057656973981
1314,31.854315457296863,36.10191854811836,-5.911628043177829,-22.043797772003046,43.583219320611654,62.34245454311442,38.92845944729786,41.22485353581523,-12.009059243181861,1.979368629839704,61.94885609265552,63.295645398020255,-16.13569720771323,1.9723471575543419
1315,57.107051189512134,55.72242285922866,17.706878811364582,12.06202394580075,57.32883259822727,84.53053207684971,35.963645023090216,54.427034834213245,-5.141384321621106,5.444571996668588,62.82767834785258,74.08590613639777,-9.28647731368157,12.357807298229766
1316,44.49328144013349,45.162051137552005,-8.862014543882214,-17.051813921874906,34.034666342176216,59.16958694212553,26.379520377651406,22.03611545214425,-7.93043641097676,-19.751163421389865,42.198856237585915,59.28979497426374,-20.59678721371856,-1.8675434285392525
1317,-5.2552250965430085,-10.436098961224234,-67.07616759694872,-43.75649952793185,-30.80263583864128,-13.218813263752152,-21.71182231790956,-36.49235589689249,-9.50951596851217,-21.28377116974598,-36.80306612784453,-17.459513124284747,-60.5996582067924,-57.14750443144022
1318,30.90269115671537,31.613614136958134,-3.3783382196690828,-10.721720394467107,0.533642736890461,17.894192686642814,-0.048495735954068565,5.2488946091472695,-5.191350731522383,-10.035978097324799,33.707865132708925,25.758504833695724,-13.274263267661258,-16.810205410636854
1319,36.09282307683761,33.79507316158991,6.099476070324748,-13.418861637921987,10.188043903368479,16.518784115675057,3.189540552584126,-2.8189720498247555,-4.059765094344543,6.333454954790904,60.893558026831144,13.795916707672943,13.584375241059558,4.9926585714862375
1320,42.203926901913654,42.48754945028938,4.48538659207642,0.4740506493935446,26.410878920714477,28.281986153735467,4.701682282899426,-2.9189979189500797,-0.07255192551338752,15.44039380591571,77.73124410186357,19.04631994408315,32.22129974374814,20.697414430094415
1321,70.39350354928678,76.92026990737067,34.3208967972138,34.142949151253475,55.046864388433406,54.381607583918786,15.54464698571557,7.915768809213182,0.09906121121236862,8.892617203206036,117.17160809388092,26.899623349794947,55.64566804007545,39.271431349256346
1322,69.98184084285117,70.47061502572915,46.394151873621475,39.004503929656906,53.73946683810319,36.827715453002824,12.366059553063021,16.814953796186643,3.593906984487813,4.302230213041126,54.70973525750453,2.435593126812223,37.266751419117426,24.76131036342231
1323,61.737627591993004,65.41305634883282,24.01362163217064,24.259040105906628,39.3178419609466,30.76052275044379,3.440040907899689,-10.482264014496378,11.89597399606773,-5.829751030415605,13.056206024867999,-13.494939976444861,31.671593132320425,17.374331202602306
1324,36.17166138681083,41.25798741860406,7.022296532632802,14.37238794745239,13.72323426166743,6.555957730349505,4.387360829456508,-13.616273567168673,3.8475597038755383,1.3495350184780899,-20.431876111326964,-26.840728644827802,23.554932178303122,3.2840315057891503
1325,20.897446594863496,33.41342123187536,16.365862955933647,16.806809865419748,12.05167056497581,6.111706733121766,6.382023162511591,-5.6899103690945365,0.36158793890552293,0.2373239716485811,-78.36180252003416,-47.71102499008404,-4.691807588415408,-23.526579407649002
1326,-4.373045920152254,21.33029710916591,2.891291444285064,7.329488480797551,-9.083627904269333,-16.790706394483227,-6.7661879396316795,-17.770393837859682,-1.4344497570530474,-12.72221096812359,-84.37696827702007,-61.731611726939235,-24.780999986778422,-43.47781169047369
1327,-3.1026372078837343,0.24709644245795204,2.9368787815229545,0.9270451217806629,-11.402862515821594,-19.5188008001825,-2.305455878327931,-7.446187976887309,6.609654801917318,4.193447904426761,-43.081541534328466,-37.595387940166134,-15.755861269606234,-28.240981439189305
1328,-11.438045223406212,-11.137858610127417,0.7241553789578324,-8.524635603920723,-17.971420616461913,-21.78070819741972,12.95349680034032,-5.369184116249617,2.438383907211104,-6.9555777770727065,-14.507361689908103,-22.912319765738683,0.5252899279834968,-17.013787908725963
1329,-16.348067288774324,-17.10806608452208,11.004616276614016,3.3153038306142,-2.2332224089007715,-7.8637582697302575,2.453390507793588,-4.152772592321329,9.020648605258971,-1.779998985381536,3.9930641004971834,-17.371541436820664,-6.393405640664325,-16.39909663011827
1330,-15.676096210811133,-15.715561624875688,5.907854288413095,6.0807258767405035,-1.6761937756228862,0.4660113423930647,3.211208009112901,1.8374363227432,8.717140625446506,3.7623992406148488,7.503229755147123,7.623372338065599,-2.740541017394541,-5.918093644037569
1331,-29.092560411802,-18.114801850540697,-10.004106321037142,-21.513793545030147,-0.28087467861204973,4.484868659777641,-4.068570976249477,-5.209530494854708,-8.516129863267336,12.537040271916087,7.050405697633339,2.286322590530312,-13.517695663652177,-7.436616274296765
1332,-1.2769801607282796,6.727365593517137,3.7281891348164806,-10.830132487724143,9.076595688879358,32.95373229698193,-8.093815500639202,12.187103429535389,-0.12279033436441662,-0.8912327225310157,-5.371764378322474,10.36589350476731,-6.309444493391785,2.754551386113857
1333,-4.586110237655883,-4.536126061722601,5.991160856213849,-7.215325843633018,1.6585970148611682,22.030751784979977,-10.448407951153584,-6.111192343173576,6.476165667301895,1.2723712427270661,-33.204733813786135,4.095920300175534,-23.282135974048227,-1.4610410809606749
1334,-13.64283587499642,-12.794749732333557,-18.46278075518189,-14.372847155283077,-13.404212900212084,4.201733243363566,-15.828786630988626,-3.4900816968334403,-1.4754823076353254,0.39805886413295966,-41.03234801208285,-12.618958776916223,-32.670671658887166,-1.8941757762539895
1335,-18.750178960729436,-23.61388982569223,-25.77539566749338,-26.326815680750407,-29.895576299901503,-2.7028570303326647,-8.514847646272116,6.341677361378388,10.434228306111818,4.570381825962658,-43.802357894204526,-12.792951920272053,-33.351531744481676,-18.72774746604514
1336,-4.479364978053902,-7.56849127258447,-3.4203397183050988,-13.530217432711778,-4.1899632779264415,14.201800676369698,4.732180109234294,17.94756677365887,-7.215081957470644,-8.390100745888503,-23.46073990300928,-10.935090319325646,-36.971397195498895,-26.53041775314316
1337,0.5262844493572706,-5.051107839988847,-4.49917590247738,-10.591994459892847,13.308618864706428,8.47560326271933,7.714229833425528,28.139748536509313,-2.7013842788440905,-11.160841319416214,-33.160748634261836,-17.033860963015094,-43.84545517421931,-35.504254145200896
1338,-7.850409134314601,-0.28769311087093813,-7.67975011623211,-11.498452563375,8.320416132670964,12.014722738704192,15.819927142743767,19.489676133501035,-3.936798547637387,3.1881342041305887,-52.782985888911924,-26.4028336232134,-41.83550250972895,-53.18825316374523
1339,-5.643129561440748,-13.937674664673278,-14.573316698417662,-19.792311268028,-1.086206318442243,7.968034898094479,5.3090097549538795,16.92293059859849,4.158455891139557,-17.1669421373389,-63.10763570342484,-33.53209069581535,-49.397145292460124,-63.75071187984324
1340,-1.4625833100175,3.7877233645811215,0.02998582370710216,0.10630624741299943,18.34875620074614,22.534003038329928,4.986705827125239,34.257317364982725,3.942842155539191,17.071075776029186,-59.13526696822326,-25.164754793336808,-43.28572200787298,-45.80468253906568
1341,-2.070764835325762,-11.229888989134015,-3.8412029808757175,-10.85475436387436,17.042785596272843,20.84947902170902,15.848375950308617,24.186957337916716,2.931071798433329,-6.194151882811969,-53.703362055290576,-9.084851549248715,-31.54061014618957,-28.569242330225485
1342,-14.836818204787496,-20.751849114612835,-30.203338442159474,-39.36913254772402,2.276928429981059,-3.1693076331064285,8.382244160639418,16.591966862175855,-7.370326859133346,-19.2102180050265,-40.3874531562948,-5.611910996502236,-23.970512734275346,-24.249897495110915
1343,-25.04765424109991,-29.204071629394107,-11.754484513430157,-28.449248047927846,-11.735601729508382,-12.323951973747254,31.120243700566135,13.863307009193452,0.22583129136113556,-7.843720094470415,-29.422817163459598,5.735532381311813,-4.71902432321319,-8.396138064391625
1344,-34.436985061306856,-20.56857220438561,1.9083014657629738,-16.046122567476058,-1.46438943728339,-3.4612953904670527,27.932853577606938,21.98815596351612,5.672573331852455,3.056296944694946,-56.84964852887428,-16.7975311782076,-7.3540561573864744,-9.812721130998039
1345,-16.390280979793335,-16.83476585675151,-1.3275068878927063,-3.518002465914729,-14.702474343594242,-14.274617281707618,12.986969669278315,16.95980769916192,-0.028170615790994447,-24.93386559812609,-83.49198631650393,-27.066775445459555,-10.215510077461103,-11.748274408603681
1346,-16.50822108601492,-12.000761168732726,-24.396042324700414,-15.57672257397234,-27.75884796802524,-26.768508408537286,3.584102893367494,0.4954887215168419,5.167686532120598,-5.970085630745025,-106.29406439675421,-45.56845247937427,-9.064571016568909,-21.505946394629202
1347,-41.20096716762627,-34.993059461368105,-42.526349119310915,-30.336021670172123,-49.040220530513835,-56.9757207120888,-32.50791167223708,-25.48078927671382,6.144810623762964,-9.698011706402255,-129.1450418582661,-76.90233741467543,-43.30623296341457,-45.05338876226397
1348,-2.6168806584618984,6.097418328508939,4.83376321123538,-10.976762100711928,-22.645780461868583,-32.82817982776745,7.517014103619246,8.914952249650788,5.809265743774493,6.729990801366667,-53.38365663371299,-29.711912935139292,-0.057730171723468206,-8.555704518702612
1349,18.51415634999774,22.909182487958013,5.360606682117478,17.22860395732357,4.856174772565652,-5.502724406673583,6.5288986372794415,2.1503502659310043,0.41227722006243067,0.8969357185358393,11.265979096614265,-0.5809740636568712,29.318788681700955,28.438472049160758
1350,43.5836610115023,46.08948669923717,9.439785021631776,21.444023359059603,20.72335635642076,13.271608481519182,15.01050426084233,5.060453182132237,7.858346962503053,11.755593853997208,75.21853690869023,30.02864053959583,70.9278646776163,54.351643895056675
1351,68.17294866918341,67.93177191834121,22.581450883187117,27.22906375628449,32.908485115961135,35.888413179360235,12.424009501611286,14.214106478831033,5.127470149809795,10.689093742399248,117.8695161545497,65.72674421035161,83.64932842140985,83.13377646679673
1352,56.4327900067497,61.52642482583664,32.22917786747299,37.659237765170396,40.05847067595269,33.870413932718016,7.290152133965486,6.509763744218479,2.2001071992134436,9.43900104988288,109.18412499634225,51.57738321508041,68.38878351327655,66.34345896779752
1353,44.01056221908782,44.68297589338274,21.345564078422868,18.14031560400076,33.631384683644136,25.1520083283269,-2.2467878573436058,0.4689892359042947,3.007246084379034,14.901567948772593,106.05035836551474,40.30833974510051,57.58917281031886,50.957777324763875
1354,24.123326799080104,20.891054908262532,4.669835617867199,15.510092262556409,25.393372001627206,7.871095744816147,7.633608464734141,-1.039268288529403,19.263742157267135,0.4514220983606938,95.79712372703908,23.269911054050652,49.62117389377909,29.522097476500903
1355,13.447086735315796,0.9028372608345111,20.425375287698238,7.630054673808137,27.67812829812288,8.061887794099672,-8.330783493168187,-7.7178573340390155,11.305934193006763,3.7817324864762765,67.87832628247638,16.251116279944554,40.87396952739909,31.29385942989045
1356,14.60017962988291,12.11608685540551,21.34997145465741,27.875001850530793,33.90890084928115,5.98413175051279,4.522865491336164,-3.282242832610644,4.200645911689704,18.65030410481465,76.29720076413116,18.627186773036225,37.558715283818906,38.022299660894625
1357,-14.532969861195394,-9.056606129728461,-12.97940225366323,-17.318806735747923,0.47349132477458244,-16.637748654737624,-25.09310341086064,-31.293606863444626,9.634789044516266,-0.4796077568345529,33.52906625473591,4.0862711925804565,26.65153088289709,19.799846257202148
1358,-41.27635890299612,-53.429378626818384,-64.25804801405012,-52.41859951659337,-50.675325764105274,-75.57217717648244,-60.227568127295676,-70.78022239498196,-4.957804734540269,-9.699961028553611,-2.5562226718259664,-38.47853680532682,-3.631581143253444,-8.299295623139464
1359,16.173076316271064,11.988061562813265,7.996395341973425,8.043954813432096,-2.0032991296461784,-22.176328014109608,-9.573205171443464,-0.7395436126928479,11.630646946105019,11.03398961327654,69.80449552007128,4.171252101739262,46.04557091202922,41.87924657081444
1360,34.095486426340585,27.371788869945583,23.634396040317103,23.425304503159037,23.23321330071498,8.166121384648557,13.333967412443938,2.949466429001756,0.6479017497177418,-1.1682269092175552,83.7858917995096,23.843620742254707,58.06846877444892,45.07609955022494
1361,36.93037387870967,41.594458228537405,26.71230929929772,30.655393013997333,40.241407656296744,23.467885710105538,19.56974530119461,-5.621421322370271,0.17357575496157965,27.275603934016992,89.51012082924504,8.555616205594081,65.46543072791208,39.91372153939118
1362,68.73005851375332,73.75215348042947,30.396529029585384,33.59299122545588,40.02811670953998,25.823198683316175,12.517472639315562,-17.273603563316982,18.334217363499903,4.453356995184281,77.35246108608575,13.494772038753243,88.58149066372029,44.33741196699327
1363,42.87014418613083,48.354241460781004,44.275808704615834,48.123156035017104,29.545980124954475,32.12879145481974,7.362936052230917,-6.846593812555005,0.8658502229486137,24.04519770983572,37.04187700767738,21.084240169612865,81.5345260242401,61.56338222660839
1364,27.08307612238284,36.07247409561847,37.40979860454487,32.242468084819905,25.614542532719888,16.312687153604433,0.351554893203376,-21.98510858799832,4.255148933745882,19.324307581941085,16.32385355678623,-18.304218884095732,61.84914536588905,28.700218775273367
1365,43.80895651625844,42.01297720561771,55.96295452618307,47.04558016129356,27.145936625946568,8.678492262316484,8.867995522326886,5.563547724785808,-10.480600230696687,12.794489279418979,10.159335296623523,-9.934632025492991,58.23514746805401,32.86998381078857
1366,27.960598877912997,27.041824821758283,78.4364679131879,78.3580183503914,25.007948035229504,9.231536334777019,4.07446974016083,21.87931408750352,2.7840422842010697,17.413218434189236,-22.949549476723988,-33.09437122198459,44.72042231128265,24.40188215959598
1367,9.373001175268127,6.506491395129286,28.591820729704708,31.601706556142243,-10.371648098220351,-14.861391047840018,0.8393904557497395,-5.533797289202596,-4.682347602451639,3.356898162866534,-25.501111934469865,-30.317240716269403,28.744330037766414,6.215835691875069
1368,3.961496831890079,-4.3199692127143985,28.418309079828337,20.5038659908424,-9.604424674249143,-22.49486802670022,-8.98848561575,-10.003976974642889,-0.9535386916035161,-11.943472602795461,-27.81986392863791,-39.874087626366176,32.97605289136885,0.5503803238909903
1369,-15.651564686581745,-14.532472800779418,13.89770322874113,5.453283157687343,-25.576434554981073,-26.845914881805935,-12.03942139399489,-26.297297315467926,1.8215169840198582,-0.11489747185694021,-30.844023021245228,-41.05208861148927,27.780797687434138,5.897197614793618
1370,-9.288315745844272,-13.94795872366042,-13.913218160984853,-16.448260407249375,-43.544014673854285,-52.65233997301864,-18.50861115100747,-40.689115301721074,12.41160661101715,8.602742610622576,-37.27464826211117,-42.228913624217064,19.866921040778873,7.037562947519478
1371,-13.506070816767284,-6.706545870264505,-32.16543750335202,-18.241944730837833,-45.24140547318998,-40.75716931953415,-22.720859943133426,-47.75643816218089,14.622687484578742,-8.959865156728544,-13.538260593070826,-48.95086306957732,26.50828063776356,-0.47676324586960045
1372,-5.635097617223526,-5.94333540758424,-19.27359276756629,-20.835650837335297,-40.426107680535544,-33.149942646784545,-25.115712124015943,-34.02856141794715,-1.0912985129417612,-11.988604240923545,-28.165169462969313,-36.09315417744877,12.885091165847449,9.855892575536261
1373,-4.989595229174826,-12.275165545861377,-17.13106692506586,-19.55041207381838,-28.723160771522213,-32.433770535313435,-30.834189989780295,-30.23770499628456,12.939560424379136,-18.538192596180703,-48.51170928175584,-54.86856256079937,1.8123656313879193,-4.308822805180184
1374,3.2373029649110094,3.0878282888483586,-10.24755831125594,-4.773903421463127,-26.768151741513975,-22.15217796763417,-25.59323958510092,-24.552018688785086,-0.14485706172518853,14.618152126988448,-36.4031879776826,-46.0727180363683,6.763503907183298,-6.078540643989289
1375,12.129580843328432,5.866160600384027,-28.19203408600461,-15.126437030825713,-29.87977399758818,-27.16422536866693,-27.47484562618613,-36.79888145733714,0.6979526417319951,3.4973506828141296,-28.737187744902222,-45.64994553025625,21.298330584033376,-0.39114872230674874
1376,27.85549652475552,27.346242065205505,-3.130528290447397,1.9628333263139435,-6.333114288742985,-2.022389706346003,-7.713482889177088,-18.766067790877262,9.26124654939123,10.7179583077781,-26.921630653172834,-32.70400046268576,24.620123774762973,10.858669858355267
1377,21.010130893126483,23.427063443830832,-0.12904466814376456,-11.847767297330996,3.8242931493332186,-13.151517231233457,-1.8731333888479864,-7.6482975875458745,-4.993142986702799,3.45994235275475,-53.783127601972254,-33.003701685007954,14.559056508910839,-2.006074999806992
1378,1.810139338719062,13.62942340650286,-1.911744998049313,-17.277056047687022,6.007902516114519,-16.003679302771964,-2.034734151824201,-22.855289780132956,-0.04859634027091945,4.861964028352212,-61.1657840615391,-34.60138491345592,14.250204084268054,-1.285803223517709
1379,16.749128158555934,13.162714488361768,-18.83728643657742,-27.59249777659701,0.04065002714575883,-25.844244937587494,2.0282343544476373,-18.04715468028144,1.7417809921190817,10.837842902646237,-64.24794640935286,-36.45189131538886,21.467957780459226,-4.072334766103643
1380,12.713015020751165,10.332676678088337,-15.659614845908061,-31.08441715092932,-14.236093561211822,-34.57279822737921,-19.11936064271166,-39.807884169218504,-1.189023498299457,5.287073418314879,-90.20018970419895,-47.02510485125303,24.23997362106585,10.141514279642514
1381,16.195863281648897,5.302579539713594,-7.777147371648835,-16.535242213154042,-12.248121578631395,-27.003201636519794,-18.368432488917716,-31.154069666920556,5.122106011355947,-1.9656171680504482,-94.43865668799256,-40.575556249087946,22.477432958338152,5.48453792084415
1382,2.0673647301409783,-3.211588389726005,-21.61412364384393,-29.516344190196538,-23.84715672737409,-42.53529053000309,-18.029321686145725,-38.256306766148754,-2.4112341087487796,-3.4287374982081626,-75.98699736793101,-41.495681686001404,20.020608581998093,-1.260293251960016
1383,-16.093103126761743,-21.82196108039772,-42.2504507410767,-32.77434999770021,-47.170555150730415,-48.96420456422951,-18.015944863091836,-33.328558326458754,-5.9205682653647465,6.022840887004778,-45.919652446543616,-34.14460319722005,9.057129320688071,8.768063058789432
1384,12.143081672146023,4.269233342348855,-23.372286967018297,-8.916237466813893,-20.813823929638623,-20.165904068242146,-7.1274998111438865,-9.141904220145602,0.13512537592358834,-2.4570122768219855,-53.5084111617825,-23.003281187372394,25.011445158537793,16.386996521032064
1385,4.973149275770792,-11.221840488730997,-21.894224616648884,-23.121130187422718,-28.56916391044806,-42.49954938201214,-15.96541931177204,-20.52147442779778,-12.652173105914466,-13.046448963036541,-66.5112457043337,-31.31274264484928,1.7019169284852989,-0.9008899596103458
1386,-20.864109264951,-16.56793039067744,-14.298667639157786,-15.946399153719739,-27.7497577833445,-35.254484533805396,-21.5466329998114,-22.437126427728842,-1.1551319525345487,10.284843805997918,-70.39226549018957,-33.582058442935434,-1.578084708655849,-1.5806973239394997
1387,-32.278753300279895,-41.83234267125626,-24.750995000928743,-28.151422600975852,-36.07120286523367,-33.29957244391503,-22.43193472388776,-25.44617346774695,-3.7571904726512932,5.262064397441474,-61.46928106268022,-25.71219983875905,-9.906393512148698,-9.511975620720936
1388,-30.892604227418516,-37.92191083269925,-14.7158331921415,-19.141510688225534,-16.52965534104406,-19.82226184320063,-15.743297206237951,-16.66826819101203,4.326411248015961,2.4757450627710686,-71.9317613670359,-20.90354371363791,-12.140409027633343,0.9856924282920997
1389,-38.55466352408338,-26.435177638743767,-14.36257226840521,-20.86571832929656,-21.14544776571302,-23.773386038678918,-35.96872247717882,-37.76771774302672,-4.470363862328081,24.79563006429121,-57.964702389783824,-30.214894351568336,-4.698271576107961,12.188674239994782
1390,-36.50419703681128,-37.99134422321451,-30.197351277910446,-31.782861705586903,-43.81818436436104,-31.197789290426464,-33.35328945287319,-41.58631726781199,-0.44375427950231544,11.44955178558124,-48.81961292849081,-18.659526470786243,6.102299372619622,14.242448515612095
1391,-65.629629665967,-59.17281043510398,-28.91827866774767,-20.706199674073808,-50.21823111170747,-44.47372888000878,-65.76811092173054,-72.550174202648,-3.5743070190232014,5.055833415062589,-89.29751539861296,-60.040011545536196,-11.686170280918008,-3.8564440842347367
1392,-64.96927588900957,-53.659149238959465,-34.3223585325115,-13.245855927095633,-67.3924011655346,-45.955657315281606,-77.282051530992,-53.77650815485812,-4.780244429125872,15.328114552062104,-96.79748912251893,-67.39320814206621,-28.27417913846445,-16.84670940625308
1393,-29.698187643212066,-27.319449491937135,3.877629761179991,15.672520975992851,-40.113642645312034,-22.558546513202128,-29.50435053970711,-12.227859481736806,0.48923630274518953,2.8697145893755436,-62.13847004191688,-34.80344329524516,-10.133458334643475,-1.101669772995981
1394,-7.896647532293676,-6.6268850283334615,15.534125125832787,14.83610476105953,-21.309989602661368,-5.312591104864113,5.16110202742134,9.51421904952856,-6.877468986821017,11.225587402799498,-17.61967688140875,-7.965329172682901,-4.44570779947392,-3.1565391558274745
1395,28.025783092132592,37.40511077731948,43.718859277569344,37.92889899098448,22.937471108727316,40.23387125251328,34.11924430198632,58.73632784855165,-9.307932779481536,1.304068276506679,35.87311996675557,32.519731089473865,-4.783771602764335,4.77313268110173
1396,36.95558787821977,34.156408879217906,50.310533274779026,48.474745770718236,44.261660428534014,49.764262613623316,44.43976909282514,68.07638155584922,-5.612169037865951,4.454274209354207,40.53224090683803,42.7306639403061,-21.13686568591657,-10.936572274033487
1397,14.327340680791533,17.58534292559017,14.721600311664917,14.461670316178227,26.36589086017988,35.900509971017925,38.293560361881994,39.171051955337,-10.586728014159943,-4.113577590615017,4.964211726781578,12.269325673473176,-29.40595440392585,-20.70424117525191
1398,-8.022485567007939,2.1048146133400913,-9.893796079442252,5.517382993148267,17.313747751912622,12.254165648708296,22.990902008920393,16.902598806176957,-9.054621977340213,-16.162312234905745,-14.034166411381499,-7.518705637032775,-38.521861087588704,-36.259713677053064
1399,-26.28623254955756,-9.484188437745042,-5.187348815629533,-5.929074968392815,16.928436394173932,0.4376984847027425,20.2864389034911,16.898758712339436,-8.148114180483566,-0.02764968539604773,-50.15537524668213,-30.222172126501125,-52.30509524572396,-56.21462484382807
1400,-32.058541187103415,-16.74975116590964,-8.902197252945177,-1.8085079839856304,-3.8724688199383115,-17.856986843501268,14.277471826642909,4.653616075201514,0.6576582902474986,-20.880759745250515,-86.55093456665332,-55.26897297343979,-73.51094814615313,-82.32405973785174
1401,-50.993565528364826,-44.42765274583783,-31.509105202755293,-33.30690103808622,-37.369620780595895,-49.588294777933115,13.133099093186587,0.4301908876133112,-13.729468896685626,-20.726980970549064,-132.56856067628243,-78.92936121142458,-81.80126301190911,-92.72622746915648
1402,-49.889052690445226,-44.77982964175877,-25.69177113407,-12.445047850668814,-39.87106965865279,-53.239903669100556,7.4489323854185345,-1.9039648717155928,-3.6234667527235636,6.565957856420475,-118.68006370398321,-86.64458388917964,-81.30770603522993,-78.43302622884157
1403,-19.631536001156228,-31.546711780116055,-11.903282603900335,-6.977980162418614,-15.152094449057234,-35.413419838640415,8.959222327335526,14.674872893956072,-2.2428379163540257,-9.077766062782262,-105.55675186294587,-73.12220328525228,-67.31189524427124,-73.65391579095593
1404,-32.33237556351329,-25.903101716763373,-18.931543569576018,-15.27926012759883,-25.274417665574852,-44.3144721150228,-8.43579267505885,-6.865366750363701,1.5382001289169873,-13.32673676416192,-82.88280188375263,-79.68321743981822,-57.128077999757245,-69.60446520337258
1405,-25.761648316763534,-26.14955267286049,-19.113621685921636,-22.221351191084505,-26.451443806784496,-39.07371734704095,2.1125556121312252,5.530548730301665,11.843501751723387,-10.740037520248332,-62.13072176397374,-61.71663916396668,-35.62069044124558,-55.87832506201648
1406,-12.06404343308481,-16.080472990661825,-16.288230321715464,-12.15153390735642,-20.95560422190649,-33.67581148047123,6.422650962220129,1.77651508057165,-7.706004778411251,-16.408475078705884,-58.75790812005856,-52.95220040397479,-20.54734020766665,-45.10904125371395
1407,4.859512729400669,-1.5235295083381142,-5.559005409301048,-18.665225156442457,-16.410422455000102,-29.04686221638206,2.629017035725987,2.049909686010012,6.3551013769739795,-7.586495507586223,-48.93012133513162,-54.74427304879567,6.806701954003168,-28.54323495354072
1408,11.454148807115445,11.114073434922624,11.308447578586375,-2.117058769985586,-4.514845843430016,-9.537076591633484,4.3669555118031855,5.572605867020503,-9.55721086363422,-1.1885237141127982,-18.24936416379018,-28.613557823690662,-11.201971984555245,-32.089636875665796
1409,28.337021006694044,16.066809703613945,5.637616684166969,-7.0455401104109905,-3.8897843684400835,4.530805701399337,2.1591107062756683,7.0185194893571206,-6.670845798061571,2.4235550957472127,-6.184667788360778,-7.897000182461296,-13.769644258327931,-30.09230815960049
1410,17.524075403674992,26.10939473712488,13.703330988836981,14.022705364152761,12.670708327824181,16.445001890214822,3.7379944671976313,13.218151195986602,0.643497166809222,-5.418911580618844,7.916778746550806,-13.388260775377855,-30.89371000651932,-34.58026044807857
1411,24.942782513853306,26.46699763705481,1.5365593202999144,3.949799111981451,16.263294421327018,16.075828143818633,1.7098251484254519,1.9490853270582096,-0.8519838803316883,-6.155993847105837,32.95039542252586,20.80074493480446,-10.503912715757327,-11.937982727647027
1412,-5.573375271613191,-0.8975571028658509,-32.66012303684701,-30.218845659916678,-7.248361028296425,10.728285218138181,-13.354113335249847,-9.218229544516308,-6.216695041832161,-11.243748846741331,28.027057356239258,23.55947801826395,-18.922770197624335,-20.976159467508413
1413,-13.33697376141891,-19.22904443708921,-26.719963884300356,-27.46827540946156,-16.931572658118448,-5.766343367592646,-20.713267808350654,-17.06236935859007,6.801328636940982,12.6226250490325,19.037243902756025,23.683076345898968,-2.986796429319504,-2.2345073474116
1414,-19.20044745236817,-18.01951725450805,-17.378884618414663,-24.91375690839542,-16.006122077339484,-2.239761463296079,-19.40388985794322,-18.944405761252668,7.784259633147356,7.7649402067257345,49.53514210689208,29.268134613934123,1.5261645653691345,14.440583662319796
1415,-19.75852290177285,-21.508137796392493,-26.146548543343837,-13.480653966473604,-17.83557671026087,-11.505926041969031,-19.893818645933614,-8.860411414568754,-1.585333528679594,6.411181728550452,51.182054011862846,25.803965121244637,-10.600709757136118,4.7077831419128815
1416,-23.33846813006085,-35.2811708006482,-29.22071726648547,-37.48089685217488,-36.88251051007636,-29.3476840414227,-27.51639535837592,-25.393423273616932,-6.537989098934268,6.610353741652165,49.71274447861562,27.22570250304038,-9.25052673529156,26.1990201624872
1417,-63.94043713440245,-58.37653050717495,-45.40019637963709,-52.209738424132325,-56.66556124377716,-54.94455517483211,-46.74522369092906,-58.7165930382792,-3.678115096276008,-24.772845817717727,29.69954114198662,8.106021968534247,-36.56869965102224,-14.382594579562662
1418,-31.504690622832932,-47.28588608308025,-42.026494941015386,-47.254121439353085,-49.8086064698182,-50.05606005207916,-35.0210685031734,-39.30711517370777,-6.704062201315058,-10.976827190658597,52.318744875484825,24.618266990776295,-6.820929082746523,4.3624160406794905
1419,-12.619821601940647,-18.63819361196637,1.2599773773746317,4.815765155045354,-0.3694071519805835,15.427644590602016,9.683098313730103,6.43827977294256,-9.481057750683126,2.21062853694309,125.3759662151776,73.8414723047585,21.54880267815001,47.82417194353006
1420,11.828963950438116,9.793219472377821,17.843474050974738,12.84279946853658,26.116151428158442,29.804308044713064,29.362277895643302,13.91012813177773,14.352942269567436,25.923262504452868,132.01483282035167,90.84175007689856,38.16051457622457,51.83381979805526
1421,52.880349937243984,47.36672835493197,59.751951307804006,52.79373746777018,49.24555601916772,59.58536348494773,23.57792650459487,37.137566061817,9.098206295116007,6.284944236892252,142.0067523833064,82.591422693279,67.10492005744089,66.8790673690844
1422,32.980887700935426,26.287201715889008,74.4630033275205,66.83045278049805,47.511113631128566,52.98932266589653,34.00668418632158,34.61129710279189,-8.257352374644988,-3.1384796941169113,140.85715914503137,99.24410174175247,46.74199933594253,60.57426725000093
1423,20.777043423715806,25.77459507832046,50.57649870253258,45.105039840838565,35.242010804767226,46.3613355236053,28.50111624643973,34.991381585875764,8.250827375125427,0.02459356475840857,122.31041058335919,103.72593225362857,24.866643994164477,45.454880583969825
1424,10.10521470814571,17.85563435903176,64.1076317443886,75.65558732197022,22.342050375266254,29.355162146404332,33.33678872656322,35.17575848621368,2.503131529655209,-11.65409560094615,34.97337837515368,23.481181793499292,-7.767175274012342,-5.462576160674282
1425,12.243792372893346,9.710457899521863,60.57832558656033,56.98895166852245,31.201088657787274,25.68167437862723,38.78397998702891,48.96214064922141,-16.57525859939372,2.0016300734384074,2.485128374491815,10.87216638224778,-28.312673718310897,-21.98478061010252
1426,-10.018748745176689,-15.728785545633654,21.85116770747698,23.00322420283163,-10.100669236542045,-17.78786464263403,23.548886203988665,7.983694584870237,-10.97680189689246,-2.7747236782887232,-56.04448498441741,-19.524982512731825,-38.5577013954281,-37.012036753316686
1427,-12.734855918753864,-21.202132137139827,-1.5367747772336078,1.7352063370139024,-23.5713737110605,-33.586649476907425,14.816044822439114,-5.877794975092051,-5.160051255195806,-9.102693616401266,-59.583899625359734,-33.654716161256914,-45.47124749080095,-40.11118340413414
1428,-23.144897219241827,-36.49550253306456,-27.046306399776395,-18.102262335846298,-25.738913337172743,-35.354420450117416,10.738755060993872,-14.725521357398668,-14.776764194742995,-21.044921586712306,-36.217773694716044,-19.59872294657166,-35.295428735519515,-32.63096710621701
1429,-56.22393071025708,-58.08680580563439,-56.04041278797231,-50.749489679398195,-29.370884862889543,-42.37753056842289,4.423073707903282,-23.033098491366594,-3.047704535451601,-3.5378056239863156,-42.7999914321656,-21.609384390327655,-29.601087939393814,-28.703690050527484
1430,-49.557675654471346,-51.51268194791795,-44.785750556404885,-28.658424984184894,-23.34593246462014,-26.983264789715708,11.777885472230922,-5.10612462377974,-6.520974835215024,6.785285728333282,-59.66499596943596,-36.28664351951422,-33.486854593719585,-30.469889225442856
1431,-50.70238530734485,-52.7686454691156,-49.80390499547454,-56.72436248015554,-24.958095013914022,-27.600352674558206,2.9462625813906627,-5.891203246064737,-2.190339076680932,-7.539843449700754,-72.93348241520366,-32.43426451494078,-31.920098289956393,-25.726618228612985
1432,-51.51715592304137,-43.072522939589504,-56.83367350734721,-40.24514519279976,-18.88674513797526,-23.301890020972476,9.39702595032303,-9.81465851138022,-11.811288042795935,0.15895979662699644,-57.566632764308835,-27.981939868172564,-24.790507083037582,-20.649352054277067
1433,-47.57725024157311,-46.846984665501985,-76.67973905736389,-64.5058664084997,-37.13310877467643,-31.854424452620183,-11.796203825607753,-41.206625093946045,1.346654862301057,-5.0818018045277045,-47.24942668499615,-23.52943231273895,-6.244102372141209,-7.313045292907696
1434,-89.07208752733895,-83.05060150789065,-98.28575234107593,-78.75188152222603,-70.83895404424665,-83.97604464773227,-73.87204904576947,-79.72244179947158,7.745685136817393,9.555922292295474,-112.17385997867038,-69.34150330079645,-64.16206130049517,-47.50859056665925
1435,-58.704476166614,-46.8343985045658,-61.54808642695093,-45.68102720704585,-50.11381348162872,-47.19590228402618,-41.482624524901944,-35.16291196320387,1.923176764749437,4.304277709711227,-71.81157819990972,-41.777828268723184,-31.55033833558966,-17.554542091688607
1436,-17.756827448094977,-11.305074806690193,-6.397950433215992,-16.354508019185136,-20.088986138488004,-15.121298603462431,-4.568429499147561,-6.07949172401364,9.067665773843055,-0.4175229132473506,-28.15950622367902,-2.818906137462639,14.202293978364086,20.2464618048855
1437,19.33469359320921,22.89932049711802,17.399237829214588,21.10883238969171,11.542797190966244,16.582991878534568,19.909746998761584,21.145577651176076,9.752923873741912,23.181918823465928,17.76786229129601,18.30759725838765,34.654994018941565,39.64080710963301
1438,54.50987712692497,53.82116935216526,33.699398874696804,32.695596377648286,31.795400046015107,45.25321746177845,50.870552980434795,58.3870578131464,9.481617562213138,16.79044131574871,66.8371327182414,55.38094370857072,56.04847077102506,53.86499188443663
1439,70.42512032319821,68.80177819391453,46.42258798597816,46.602475903837735,45.94730340680081,58.369661712050615,55.421746847087356,66.3938172366949,-5.049069334240656,-15.184824393404137,55.13341328302516,62.10526882229288,44.39361152766413,47.693369119060364
1440,81.46134536412632,69.57196126498567,53.22049985958907,42.98354339276228,62.057420083256304,73.61124410401466,58.33948910864239,52.13242404888207,-1.9365594616877304,4.152240225006933,76.73876709029729,60.77928471991777,41.90195013531963,34.70151619825264
1441,55.45250795019237,47.518255293687055,34.56433502572717,30.42884049648687,45.26340705353009,36.35683591465956,27.09254580532907,23.771884174821814,6.215161876814733,-8.097173170039945,75.48087053535671,44.58948972449367,22.148890268322685,5.518444106057117
1442,33.10987478849288,22.890048360409,29.484380390974664,38.35918599100424,21.423281103075286,16.225086472626725,-5.04639420841725,2.089021430028093,-12.102582221858496,-12.001231508213156,50.64262867737497,25.13060713965013,-3.9974029990621673,-3.44191255741513
1443,-5.957488753391733,-2.9356151168156517,-1.002958480750145,6.433749439698779,-15.752796177272026,1.1492574003292835,-12.851083653683835,-6.077999242759394,4.2801866612199575,-1.0280226811732938,40.97181891399187,6.153387484479146,-13.850563894529008,-8.360427478344047
1444,2.212729313508599,10.071746569901865,19.619159045536566,12.223653657588388,3.815966014357679,5.767933837579373,-3.0078424691724166,-2.3626829582095983,-6.445857777113126,-7.29160192669703,52.79353942473388,20.636296175739552,-21.761685762955242,-15.415197911579355
1445,-0.2708463554500894,2.4267202414774,34.45947429997057,28.229758503969983,7.711226810230922,16.24420002573209,1.415202965678843,12.169822640454333,-8.821873363584272,-1.6101553439053549,59.55667831269656,11.785219921242629,-22.842265417696318,-15.581514784463327
1446,-16.51031463788926,-10.715249815048828,7.699982257184556,8.873444944824293,6.419634972753485,9.617112307926377,0.4007630503822749,0.19646397574754104,-1.606892296651173,-3.114064094118293,49.691793419519,10.660509341972746,-25.51604412580275,-17.48120890051404
1447,-27.920017032723642,-22.16901837306146,-0.3160448070968898,-10.956910880471263,-2.742521118888622,-7.368495303925942,-2.8823298349454496,-1.2179529818598944,-5.785141446677276,-9.426504526169744,-4.5539652013029315,-6.439710907799832,-37.53491413756748,-30.85238003788005
1448,-40.490716821928515,-34.2608603077293,-7.19627573875524,-5.252177618532043,0.3879311830762302,-4.809748381476974,18.560374246298657,9.598604724464463,-5.104071696037866,-6.037654624789739,-17.32706230463589,-20.956584850692934,-50.758981815273245,-46.41809926788274
1449,-46.07122138846838,-51.66023228094176,-17.885225458973125,-26.23444266272507,3.1104640069490763,-11.211840887478074,6.482821074066256,16.26720248943026,2.9077262810071853,16.401943616398164,-5.766842276126075,-3.453140799950131,-38.0729388564947,-41.18458866698143
1450,-62.150025720537755,-61.103159066560416,-35.506791288495045,-42.918712411460156,-7.81010182498407,-12.13830156734653,10.819064860777521,11.921579375456682,-8.90079333427233,5.778331109998464,-37.83179691951588,-12.661917168655874,-41.017431139069686,-38.790942659900786
1451,-86.4959312472345,-83.55673515557294,-66.44033088484517,-55.67709307325845,-47.09357873691957,-52.33020270957166,-38.29490789102599,-32.0972889514472,-13.002097060323228,-18.68685301430655,-82.7353326948502,-51.037190780815834,-83.01324344941801,-76.3298178870146
1452,-36.098336853685545,-35.07360713208434,-27.852676744200142,-37.394323734812744,-22.629283706104705,-12.56417788270252,-3.501365030499591,10.243706805585566,-21.101317652806674,-0.9859550426804482,0.3318086592949534,-17.501073444167865,-43.74587967107862,-45.01160492246084
1453,-12.395249768181307,-8.677789037971849,-28.939108317842265,-10.650573014955814,2.8948270838665042,21.26022851090311,18.969811658718864,23.50807257053788,12.598609628689351,-5.894417429586664,30.81751810254629,6.545845003757738,-22.12544764348708,-15.662680672769067
1454,21.557284236449494,20.05390122670057,-6.840346700125444,-4.709622110685123,28.674581798640702,43.230990413329906,36.23712794799883,43.5951245819881,-2.247310240222879,1.2820365428644243,61.628737538333205,36.741841526020785,4.997744057011891,-6.111795919562039
1455,80.38642947951578,69.71841331901452,45.58265171667306,33.876669846713064,63.76204391609501,75.11874912901781,38.6232279934324,56.25675208158467,8.841966333628307,10.135966869065776,80.94044642586066,44.307194160064405,31.104815386692078,21.26649831419004
1456,83.57762339982384,86.45861518437182,65.70509368777432,32.51013777621091,69.19325443032841,85.19990426846549,45.798415270114,64.67481434086535,4.674261908403927,9.786733183056874,44.69032964010054,24.99324206844635,47.017383770015265,20.94354353415275
1457,74.77877826605067,78.29310970805,47.652565804919895,30.335771286923357,65.5506505456148,82.38916997810738,16.945826122501014,44.14373776846719,10.64550732912645,14.143004782256108,23.958593028348428,30.483438825876046,42.495903549387485,27.459610753622925
1458,59.05364739456219,65.6810412303215,44.58645729508865,35.735432506503734,50.83386879738306,67.90556783450788,8.414574351808197,32.9038592167273,-4.223117816795039,13.228954739074478,44.04076846188976,31.78916974850459,22.676066611897504,15.683710744616002
1459,46.84311833495185,48.70282713025695,31.856075920431834,31.280332175309656,49.00814876912214,53.44119393279065,9.779002227108114,25.018106303180794,1.1193439665101348,14.333005649500773,27.871993681880436,19.734382236786367,8.010780928054373,-5.940444224264283
1460,20.411441703310242,32.77144814111228,22.006619196442156,27.92246515041287,24.383783684447113,34.207498484289474,13.173994313780051,9.670804394785167,-0.8339121523284314,0.8138085517050626,10.249322872197975,9.752761425266485,-23.73144148020859,-19.709723425283208
1461,-2.717614714057552,8.938025334818377,3.6256098645471972,-0.5484267474639044,2.788450290682875,4.164851752034326,0.4542651493097191,-7.832995128493193,-1.5369521538775315,-10.207729935643695,6.50850113730618,6.251238758919045,-33.66820899200143,-26.2991815773902
1462,-3.832166531017706,7.329920664360829,15.207006888386074,1.411522509332966,-8.735877604503049,-0.17731163178882653,-6.027107800609234,-1.597512731891469,13.265287192801894,-21.495717353029534,1.2313518407269317,5.844480749241281,-42.84275431736008,-17.977275833712067
1463,-4.8522632236305485,1.2638504964159143,8.688759978589466,11.437451617651176,-4.073572875230694,8.182580615229341,6.324190071669333,9.551666109009819,1.4260988024833008,1.0783484570502586,17.44110838574751,20.83853920759516,-22.35597173771898,-1.5956907150445019
1464,-15.61284440369733,-12.771946151636543,3.097747198334966,8.743262417386987,-8.105487888929828,-10.62356165086766,0.9169748802173981,1.406888472588673,3.1228431704947766,2.060182630589506,14.022615591932109,12.983736072529865,-16.18367620905274,0.861854927129161
1465,-22.10974874535763,-27.72246079615794,-8.125140738364037,-10.916819813043046,-10.806313666950212,-13.660044206302482,3.7045061069114396,2.6140765587593333,-1.4192645123500307,4.5573851126203,27.49581120021535,23.730965266711863,-10.441486649188533,8.336280197890355
1466,-33.76579221261703,-31.995095603273008,-14.515243211277804,-7.510408546261614,-12.471588910830562,-17.583578443343576,6.168334066379708,-5.8846873955470995,-1.3651785969888044,-18.555439724395946,43.97043683477737,33.61094598922459,-5.2372526887377076,17.63774502554131
1467,-32.76707491895709,-31.423389988024887,-10.916600892964652,-5.21741293159339,2.1974780562193352,2.1024866815162144,9.332195105365773,5.264354373667483,6.596972357469568,-0.8305589873142285,34.84767086159954,26.445240172183972,9.305578995401126,11.010090603567857
1468,-28.434414217361077,-25.456232940122785,3.9801763412326365,18.818378033110513,6.853327135655899,13.693621331162612,9.054670469117882,7.528838012652798,0.9967454460360656,5.0959878285912605,10.14048629561178,17.67593538105895,5.630446289504973,11.278052225159142
1469,-29.334929128744776,-44.145193006859756,-5.511254564890256,0.11108220883174491,-0.5191049962708589,8.592425911325382,7.924051826397389,10.637682536245752,-12.091805304301134,3.323382873378601,-3.3745055489002977,4.577974369721099,-16.097900022478775,2.97531731967771
1470,-55.009588459788105,-46.552548731554424,2.1867794653911807,-1.569087517007691,-3.0651951258274943,0.5887184842614561,2.420656544885674,13.552401049420842,-3.4303907012072656,-7.798160406914567,-60.00850943083717,-14.42447237404149,-29.114829518998672,-16.34633301538388
1471,-51.44639997300153,-36.556965735374504,-0.7595519398500917,1.5903330419968378,-5.487662235656069,-3.3687039919565636,-2.9435668365514513,5.4814476077299314,-12.60840448609602,2.718047681246716,-84.17060150907986,-31.131596316795026,-22.60132633887862,-16.983349598985715
1472,-46.539918769904645,-40.24431385050699,-10.379056064410038,2.922933314550521,-16.35139300413719,-16.411268843367743,-14.713143591889137,0.5138543367781111,-9.009269985639238,7.532515746157278,-66.24648065452948,-25.750216047451413,-33.83650843715347,-17.214488997679396
1473,-30.31382094548509,-30.28805722134811,5.577001884398007,-8.930012959542722,-8.617943924309872,-11.511111015900408,7.1198788701512,12.527129521511048,1.9352108031945292,-4.617595072321064,-60.41115603230427,-12.685035033608473,-33.51761907770705,-22.672187997256287
1474,3.218360277734359,-6.834778975684084,22.306097331079766,14.543453856342333,18.089046078699443,17.356869983762476,30.346172625062113,43.39230655538865,-9.184289323580163,9.374365424431778,-29.49318995826789,2.024772130600606,-23.964629951365257,-17.72862571856195
1475,22.24962885454113,8.776140906280208,-6.56594747535194,-1.3976838019222222,6.374335982708554,13.175944413993042,27.002265888003787,36.15431984000814,-12.485625480306254,-6.877347386879304,-17.156940422821354,-1.5191221442937715,-17.762548556072698,-8.729860634064245
1476,44.572351594977526,22.57608432544013,-0.5820368334453132,-3.026080598927325,24.752344765210776,22.183389100719598,19.196115550287523,27.434775445239133,0.4577017139498241,-16.072125927087527,-6.3344374098490395,17.427827917983663,-9.287276211346027,-12.754867997485682
1477,49.331354197006526,34.49640092390519,6.083974788345452,24.517924636035385,38.27829970457582,37.719252074468784,10.493684545693082,33.334837185147784,-1.4507971876192738,0.4917499268253174,-2.413715615291948,0.9956546041209514,-1.4338070498556872,-5.803434485322903
1478,54.404372770850784,35.098340668811524,32.84735693815498,26.511028218755612,41.09645325378464,51.865312070974845,18.415778342958426,37.22107179428844,-6.184781751627412,-4.295476081792527,-7.009609202020384,-9.569337470134037,9.536687604832036,-6.099450618372845
1479,20.119644809615252,19.075910456924753,-7.780140857279927,-7.5285721402219,10.365528104923136,16.34972464348274,-7.316858088364446,2.394148007785092,4.2910541019129775,-7.6439709523580195,-31.90351702778004,-30.542865977928987,8.38675993821322,-8.310112279484182
1480,20.309875256135555,27.206837575451264,-13.96947015705171,-15.655122606015492,5.256295703838558,2.885561437379773,-8.773707999014286,-5.577446944023903,7.4582286459404825,-2.2851866434340113,-15.100932770440803,-38.36653770884344,3.4894898740609626,-13.273946096761101
1481,25.959188793131464,37.488236258353155,14.298143181343015,-4.048830890980421,17.004167419566215,13.381325617604402,6.76178980319755,13.711299753821304,-6.813764657529968,-4.3657030367756136,-17.960208946795376,-31.169473786124026,16.83940277567619,2.9779797518631947
1482,21.280913910883847,35.078161372390596,9.335638841303199,-0.1869196584029138,6.8678905144469065,4.428173879569869,-4.684040764123843,8.371973944458489,3.4831526726295667,6.646764372535248,-35.06483826057721,-43.14003269026488,11.056454251290997,1.3284945139531545
1483,21.718707604309884,32.02689579381426,4.631244267480912,-14.689493223291416,2.827482979058633,-0.5583049466015473,-16.696687411563932,-12.482425073805924,1.521148962708007,1.2492812694051585,-22.737979503379393,-45.6285811192091,-1.5310517441363543,-7.766645430178523
1484,30.471460809079083,43.88981231143884,12.30419238977467,14.871398124138056,20.377799434784755,28.331784060709033,-16.16537661607161,-2.9196937759163952,-4.144252065755556,11.196062492345508,0.18189535806676033,-27.438262168781357,8.026537941193629,8.878658466329894
1485,51.17429561571617,66.81817202443608,43.224938461556356,27.567220746209877,46.75172399233599,46.272973516417075,6.875467569487323,20.244244946618206,8.280752432915186,25.819056298542726,25.419726673335433,1.7797334132693676,22.147363141889063,28.362334222776635
1486,91.56323216556615,97.81375780152501,59.61692882662979,37.6060140675676,62.11277360023952,70.67105940454948,1.0088232047345447,14.481560125190345,15.482983991192208,19.09216859535588,62.43136320417979,29.654374075583153,52.721670715909354,52.83589729593112
1487,95.329619389946,100.39911469251149,42.70018019941748,33.476554500048465,57.81670916326652,62.01202637822088,-5.110229627558067,-0.5572112994047309,26.6560786001413,13.874328136128181,113.05184309528488,58.5037754417554,56.84722824333349,66.93253319734794
1488,88.81872039115211,89.5493148721319,33.939343426371,32.93607854808673,54.97977989455482,68.75717533170729,-4.158176570986638,-4.839141594078201,3.8433282970547995,4.402458078213823,105.26072194794985,55.61668263074604,47.07895441874927,68.85902147108536
1489,64.89151604348633,69.02659716354054,19.544582538455657,25.949544255676283,36.317581639977526,49.113907671418914,0.5112389030304966,-8.192534017591552,7.043782564495153,25.521562576365017,70.54061272639143,49.39045557134153,51.281756965131684,57.33633762658363
1490,54.117966507650856,51.593691761362564,1.215005581748171,15.377357808753517,16.2201700403434,28.819917564405166,-23.65176246556585,-30.027774227440677,10.955661680986386,27.936260862873503,61.76564910533517,40.871240457868026,44.87792720289322,67.74981828363602
1491,20.873622856658546,13.330354507318617,-25.60150251103215,-11.477222339432227,-12.363277998057672,-10.365423291065186,-14.558724644651738,-38.02428624528323,0.6472460091693524,15.372134552901276,72.61507441877924,49.12490652193883,42.49712989993464,54.902005808969655
1492,10.32452413170003,3.381121743906335,-19.315294137298398,-0.8552744972907367,-13.84076381437245,-6.644339336188615,-30.0841227440929,-42.36782384964915,3.9753791622450456,23.140091560692806,51.79619595206783,44.44102315250542,38.056203335735574,62.58570300716141
1493,-19.216402720630168,-20.808228629408223,-23.649195916445617,-15.582006620244334,-17.74491565312235,-26.24270752579265,-18.60389529144899,-27.487619360256996,8.752455407170281,1.3495288080747967,63.099442410598286,45.62791249982685,29.0322354669154,39.23943713652418
1494,-21.9618349039501,-33.96312036374697,-10.803338194003663,-9.437334729339497,-20.306577836047445,-24.275313787090727,-18.91180814080343,-30.167203142431447,4.6303672009550905,-2.658451428046911,45.31465126156661,43.46071553638767,30.428397087054293,38.54857513664239
1495,-15.577263577991204,-29.435898240875108,-8.894416902757682,-14.415585909929655,-17.837933653934073,-15.604486297901923,-4.828929907599401,-24.150976418815176,-5.722610602280106,-9.48130249879096,77.33935500969459,54.2433455613116,28.305902554651336,31.26391507400523
1496,-8.676922105817331,-32.831190995200565,1.740213910821204,-9.907957244831186,-5.4588730069447635,-11.20781857521996,0.7325332117951575,-25.495505663624062,-11.859272791055409,-0.1525827772270647,87.2442057988126,70.0375450050361,25.961689404815242,39.94132873774708
1497,-1.653260501476741,-17.351777238750135,3.912562251872268,-0.18311273104349546,-4.679390075534704,-5.45838659814355,13.488535062893124,-7.8853761715990505,-3.5760995374325275,-17.71886006435222,83.43313741775114,64.85441286290808,17.216587250561318,23.49554414054627
1498,13.615465453908044,1.183227936930642,6.066198218305058,6.222834757133906,7.117697245484332,3.661932745129836,11.321000978673736,-21.33282370151477,7.598115993161245,4.672911187940706,98.10570604357999,71.67124080728927,38.59819131918569,36.12958030324766
1499,31.40545916424435,13.281979982713239,15.419288856685071,-1.027252103108502,16.956083607961105,20.217041009961665,5.712256644156383,-4.492810554413603,-2.532688655834935,-3.5138544297142014,95.30326671112203,80.13665922065404,39.76358498153315,44.73838372850409
1500,36.99800562373469,12.457640242815298,-20.759141083424996,-32.240512566425444,2.556410146513654,10.583732437007852,-7.629540428476695,-30.87474893127554,3.510865969142715,1.0744643772373954,84.51307707401492,80.09528898589527,46.326842006343675,60.515604573992164
1501,6.27672068835248,3.5704724312650242,-29.695741277148972,-29.01621272261261,-12.431822397926693,7.229613402105026,-25.766501741102008,-32.998463304163934,-0.5461599402883438,10.247948420147445,29.417766436083273,40.47412860716108,31.399460537187057,42.27361523675034
1502,36.20414479777381,10.261876485905857,-14.957215559654204,-13.249545445271348,-6.70253112380281,12.893746600598627,-13.505314523689899,-21.412305256947928,6.589158901280283,-7.813420918628882,62.75036492692509,75.11154410645268,46.04305395861696,55.77309937563594
1503,34.93476919095872,13.4037358899463,0.7932214694444152,4.615472775841511,-2.153310843742821,-6.987410788710307,-18.149485534472188,-28.516296318020313,0.4590917021830041,-1.466649293269028,60.69670254617913,53.473921307247736,54.08616404190768,59.641527790303826
1504,26.504082109510485,3.4668064660152034,-11.481124423161802,-3.779175758581291,-6.682101487475663,-13.797516623242075,-15.748118804477205,-20.499836222873054,1.9002852553309904,0.3732772877778672,55.870148450542715,62.28401975460603,61.40026126640383,65.89156781274106
1505,17.68535401665434,4.145512404784614,-4.351899481722479,-15.030039061802421,0.6861804903641495,-12.329074430386214,-16.86079306137454,-25.96954425228065,12.644040715690535,-2.36254131098994,57.9601045368194,66.33011146274562,53.09107378235899,69.69335629577292
1506,18.222290399342015,-2.216345703637928,-12.369837379492383,-20.80806590569666,-18.203714485024754,-18.377484294974277,-16.2441142699324,-17.282104522625414,-0.044641032881096145,-13.638278838836788,16.014730427556525,37.07560864059208,35.51761146126538,46.18360866897724
1507,5.720835255576132,-9.09791219839379,-14.730228234741197,-25.04694326134134,-20.950581227609412,-30.52397862314283,-23.70147981591213,-29.147778783234592,-7.207528542745084,-3.254861775940832,11.139369995803264,22.406428163102003,27.993414209877546,37.435403881036535
1508,3.966389116899959,-20.939368552211604,-22.442044675855996,-37.24936753769072,-38.790251931449866,-41.24059178346288,-9.124463112021312,-16.75087039408611,-1.4551566410038514,-19.552147923948887,1.5887149889788095,24.692237664108465,16.766586187107627,29.533687843668552
1509,27.331016808243945,1.4147149381775042,-20.307788193281592,-22.949708359341336,-32.89539327978582,-27.851633141681372,-12.840340927501012,-13.224691824373533,-4.118871926729627,-1.4084006018694026,4.61236786052327,33.34893758656325,5.356326087532991,26.19590951046258
1510,17.385590602380965,0.0018333957310767701,-23.32922564659192,-27.94776355234399,-22.101262389808696,-30.96880019902846,-9.689991863842554,-14.664645311161873,-21.39590388887562,-23.569980705705483,5.095660647086266,26.07040037498485,7.7409734036050395,17.772091614285465
1511,21.378689785625724,2.1891269039053545,-8.050090389021102,-21.259983313880113,-15.263736323319582,-23.87876341952532,-14.790108308186928,-8.307474494901168,-6.902421961053335,-21.11935048747945,28.64917791435136,31.53657300733776,22.512765465277656,35.27839835937394
1512,10.986656119661445,-7.5915168559206645,-27.237904378085727,-33.071086848864084,-25.941578349616268,-30.79932392340993,-20.024184974804257,-33.13128770034207,-0.2760677913268535,-20.50612651339416,25.410436470835585,28.67470553353523,25.249498708389766,32.15638139880561
1513,29.70916319583645,20.210658611077022,-15.32376324354239,-4.444062796477956,-5.424877162751011,-3.795960589471132,-10.160688683793532,-10.536326120767091,0.33863909276012044,-6.832997023159393,50.13259628276577,44.686099915456175,38.78986456574,51.0951675237631
1514,26.117849551390016,25.664944234028816,-7.068852101788823,10.026752959784485,-6.940495584699637,-0.09626945053439938,9.229266928131167,1.863910793839144,4.227665005001556,14.407206373629617,56.363137780812714,56.543528744324355,33.71531317506082,42.957269990049106
1515,18.527966584317902,7.4681447403582695,5.252710675437732,29.55975862261192,-4.844736878952133,6.524154789672719,-1.9269582537418035,0.4840498533539851,-5.168943897076718,-4.588287143726719,59.22172397844466,44.780678094699255,27.44745773102554,29.78399173199215
1516,-1.2262188715548443,-7.589637783791552,-15.236757278162237,4.838952105405792,-14.315402116100493,-21.079509368195822,-10.150346016143475,-22.809112593289974,-1.7965941861248176,-8.495642625345937,44.069704025324214,34.42268009738719,11.854343346360402,13.04913322909547
1517,3.7612605309724167,1.8398965240374103,-0.5582262624455107,23.306790202044294,-0.8016735421510301,1.3771353035951068,-7.84078369108056,-9.720229885818618,2.5503895320534684,0.5773222221055521,32.27206076494635,10.931091658008405,11.617048617225208,16.9812119995254
1518,-13.105134001810567,-22.22807441418013,-9.061570608505336,-1.1022962241261909,-7.277868470379883,-28.368282405770305,-11.428984158357292,-21.781558073599644,-6.82839867673201,-10.41247519068264,5.163521203922128,-21.509098606866317,-8.147095142791423,-9.110335421642741
1519,-23.91622545736269,-26.574266156146745,-7.361780402247337,8.403175348407153,-13.304488356952413,-27.10688314237774,-11.136843653206046,-17.520386643709497,-9.498814009922379,-3.9168749328650962,12.161891474012247,-30.085944767285305,-1.666552847759529,-8.073164722162652
1520,-41.885665810289424,-44.20165703533091,-23.445294077372193,-20.413806937435062,-20.482764958722747,-36.6754701391198,-2.6291684535710944,-4.538106616678715,1.4456417467569913,-0.8753781553166311,19.880588675487708,-14.342142503349542,-8.386548436248047,-6.202361682005801
1521,-31.54551869100489,-29.80707008269848,-11.398953134889119,-7.479117812458071,-4.8747342926809445,-11.052130104993646,3.1805999409132526,-1.1096674326923597,1.297519690953127,-3.8933647692242563,11.032538128306424,-6.7355274629727235,-1.6737061927693397,-10.99085022464307
1522,-27.58040600358417,-32.21965784876434,-9.727075684118503,-13.165501973306307,7.765209263800446,-6.162725507039727,13.728734164212925,6.9280566858568715,0.8064852019208989,7.565505146145229,6.234362794429979,-7.345005831734028,-4.993483200073468,-20.14484683346171
1523,-32.67831914446024,-27.756318700357298,-0.18901327520223946,1.7645471440458196,3.4843470750322174,2.1295638872407627,8.983595389071121,21.132864087587254,-7.47571490275386,13.7293656279677,-14.004904286924331,-10.623665670497168,-4.828757467261665,-24.145402318395533
1524,-17.81742892596209,-28.901075057746347,-22.485978888870957,-16.172686896804592,-2.659200741594847,0.6226939249307684,1.2540982467961013,6.678994411876438,-2.765931927559825,8.34326217913929,10.630876175835098,2.9348089311130017,9.463418755819347,-0.903869285828316
1525,-29.362943840046317,-32.49252709552955,-0.42226967374806507,6.313875277218401,13.292428340311623,15.857094933158182,7.306618927384818,16.196973604680675,-0.45482580421366353,-7.956869738733541,46.814685612975,19.188304042453073,10.008614681232492,2.774147270898404
1526,-30.46209574049316,-27.70841460806624,5.813165970887788,-2.3407028804234593,20.191358537045822,16.580330310956032,-0.46670475597065725,0.7642703405040352,-9.662709550132318,11.447559274165112,58.10476510076683,22.629093143641725,-4.036438066326594,-5.655466196383572
1527,-39.506783362320846,-23.51305445607541,5.591483302143744,6.14991941747647,16.883359327818503,19.730555302857613,-9.74999794796464,-9.297854335071033,0.4961526110733249,0.07710885089983333,41.11931951302383,15.180461847708878,1.7137354415944783,-9.952094052902664
1528,-42.72402023243032,-31.453308748522037,-18.559674148303,-11.817224622739346,-2.2943716429956806,-8.985279967701693,5.862196257351862,-17.234942452739677,13.685841104402572,4.790181610448535,36.759729725271285,7.921508397171501,3.6881749320789705,-14.37787122012612
1529,-24.331166640892064,-4.550070301623409,3.273187283522127,14.674003214712686,8.860877986410028,16.042389999333775,-5.117217171878926,-2.3604036790250182,3.9227412319201704,-14.194466287539347,41.038579356751285,3.5719790398735713,-2.645651535755941,-16.94394939601236
1530,-28.619765409553004,-9.80509232414024,10.68807430995328,13.245868604293417,0.6730928776425782,-3.2331103494611293,-5.774946926033603,-7.76066665183553,1.845977397046821,3.0615290020410617,23.7796984461842,-33.76881894479768,-21.45495474212344,-38.8758180674941
1531,-32.17661266006962,-11.15081427014487,32.56477555271632,33.63862250888229,-1.9324173293108144,-2.305926405324208,-5.239025734483106,10.003968740449968,-8.962829331904963,13.33032640751078,-48.36023692069328,-59.523615779745484,-31.017898344699766,-50.77729524968936
1532,-30.77915992391565,-12.216050484853369,27.87543156890982,19.87892369702117,-2.370981938863343,-3.9409416125160694,-1.4882798069462102,10.468019007979782,-4.657173053054433,-7.097392652834768,-37.103582588495314,-61.9581259658288,-32.33686228562552,-49.49900654565365
1533,2.687584693550697,16.524784329057354,44.424025265790185,39.39663191332713,31.57211660202092,24.353666194227152,-0.02423956847863768,21.348441905587,-3.424408653492423,14.329585544496464,-17.483387905873382,-37.26037851279605,-17.426276707280707,-26.508475299186433
1534,10.321686021309704,34.67425276532034,76.01797720525231,64.43109449938999,38.810139000977415,43.29623636671483,19.28070815454128,49.07898438952154,-15.020724331087502,2.0030519336327868,-33.945289026663275,-37.07830599836843,-16.813415632486326,-26.007537796547727
1535,32.922928629982245,57.62895265193349,87.65586686121429,81.47288450530124,61.29949996306235,54.88420108304856,33.403344832968195,48.89356952707817,2.9111377568595618,10.142550368784264,-1.5715810983679401,-19.985756015986297,14.754654574427384,0.06460175368175282
1536,50.68256377040242,75.72234310761142,71.00811072190177,61.81705969043985,62.84706139543832,63.477243923127496,34.182020982617196,51.62866688238349,10.071770737367894,-1.0086120618762902,9.170393197583907,-15.560747757654472,7.864645185519764,-8.87768757247694
1537,44.82180318248806,86.01967695435965,59.962611604834365,59.54643734790488,64.44359507815949,63.093749566522646,37.61649114412353,57.4956624511417,7.364089782710703,8.785103908785826,9.084663398118998,-13.48081077319798,-7.627515729354577,-34.26153712967163
1538,53.906427474443184,65.70146210680272,21.906880349080676,31.82246288270189,55.15826717752951,59.21465857557239,39.637937235828126,41.525611780437956,1.3415377344254977,-7.795157332353574,15.921315909768055,-9.479228729995178,-19.527465382415738,-45.126710222603656
1539,4.097600364030152,24.84321490793178,-6.267187278967351,5.4715348970350375,25.323038060883853,32.15421078386486,12.117810857033362,30.224756845719888,0.04485242373355902,-10.361153664368533,8.25750258799643,-24.679581378188793,-18.619774887853033,-46.516778374680484
1540,-17.30667888722189,1.4333726591019484,-2.4425371941446894,9.716284644113578,15.365572127257458,24.03097419211276,12.954916177906812,21.033903877501626,9.448087069497921,2.226353054363866,18.33960378518077,-23.80181654403768,-25.418637586218228,-40.698928067093476
1541,-13.314903801858286,-9.585841376110007,-5.080628650637108,-1.7513584097744332,9.33394591832571,5.44622698735598,-4.770746748398514,-4.592472673009047,17.036314391256344,4.716386848757326,-14.386689273689989,-35.35540216252321,-14.072510995364247,-37.16825231455164
1542,-15.583058164581685,-16.008392732148703,-1.648977609008585,4.300664265638804,9.787831032886054,3.757243805288138,-0.16003505437449078,8.649300593354116,2.2617174627325753,8.683770908507537,-1.7272286680100182,-27.083513156336707,-17.881520041389706,-15.971058914779611
1543,-17.41439535400935,-16.657090369027124,-7.536382383945892,-1.6199658098266485,-5.150520549007999,-6.349617042619458,2.06125134987913,15.075634984607765,-0.19152686255281637,-3.57737783268749,-15.22362569947731,-30.736595206092733,-21.02184325865403,-28.760762101351794
1544,-28.098288300750575,-25.41145757813905,-26.015622783899303,-19.144349260990623,-39.11362664763158,-38.497656870752635,-24.849937151139432,-19.48502489934618,10.370342885742259,-5.676064315656681,-40.09143685357157,-34.67432494782402,-44.39253868651126,-21.246411264409616
1545,13.052117950108011,12.83513063413931,16.906866265869418,7.161882535329215,12.377890076068725,22.046371671882714,36.18448537521883,34.24056240864938,-0.63667028346705,1.701787374635245,57.833784955327445,27.744857245032,9.432864464715106,18.718416680120654
1546,42.35644321350553,40.3163367055255,38.833856445745205,29.267732760488,49.357992512921044,44.20066840528075,37.41869263364363,30.459360486775967,6.388290732301281,15.03638676070545,90.5519838741113,58.43965063547434,49.370464040665425,50.625765517122844
1547,70.43019558799125,60.34360628586853,48.33936259461293,29.338725220298898,58.55872116600645,64.89461665683571,33.782803965907014,50.41913694117013,6.03536164301127,24.238463254056605,109.06182222346698,101.36344761789229,72.79334004944528,99.32326373832285
1548,36.443734306664254,30.069835164864507,10.436341143913408,14.52196610797924,48.05320930149803,52.60747514666529,5.963935694566926,34.52307538433122,6.893264003349866,19.55770635295647,51.20160195195177,56.479017656900155,41.165218261550585,51.684680624545926
1549,41.92639435279938,46.39780015460895,45.87615918835701,26.84248245424693,70.60110677561926,70.60365535624871,36.722644763325036,38.03153241835092,12.773249359512596,19.033312892778397,49.37470195236412,71.69283775388152,24.974803553717077,39.01096555378337
1550,31.497931330708386,31.21695094882324,27.542718287950166,24.57003694324173,39.88916840122498,48.987198816096885,25.06580904460463,28.41787120175959,2.9775315482917564,4.204450666569791,14.484261776479952,49.77026786074159,10.77171246542319,24.82056859427396
1551,-46.53348942698273,-32.81841944456554,-40.67540569610594,-33.4370070424377,-20.966405971784283,-13.745877565940622,-36.064633790150715,-46.31877458338913,-4.944417229199138,-8.128551719149106,-72.05988846778544,-17.11347685191369,-59.23412742985355,-50.99820461009203
1552,-45.50058940848227,-42.37854173096694,-59.84917527797737,-65.30667603535124,-50.46469688431596,-53.88939024071308,-25.82630310043408,-39.61458089147283,-11.13520099366327,-12.437364189960286,-89.91713310869521,-47.03769178545701,-78.59919662986248,-61.26763020329931
1553,-11.762197577936208,-22.37701840286733,-48.194193691084905,-38.062503985948375,-21.864364392752638,-23.490136892782765,1.6132568340252307,-26.03019508521344,-2.491919501880168,-18.81970377151393,-70.00994639190554,-43.044501972300594,-58.00154270443303,-53.549231332717866
1554,-18.502423797144644,-34.019414122693135,-60.80159940205624,-59.9541679815876,-19.89425894401299,-28.252509821976503,-7.463663958735444,-26.405642538035572,-3.879316127879854,-20.811391896709207,-55.53160177053337,-22.962577981664317,-34.59909892266761,-34.6763739246281
1555,-8.824390709790775,-23.206781549848497,-62.14661330112788,-51.17324665052013,-15.160636510720684,-22.58310130232626,-14.094128460282397,-29.935859615398336,0.320042760521375,3.6143816261770816,-3.9659689886226053,2.103502253735373,-4.885662078195766,3.432432138180395
1556,-15.23326317857451,-27.553122237289273,-61.3388399995847,-53.46587567215706,2.7187010409978685,-22.83359034518016,-4.016742730430408,-12.525637661247192,10.852737296917475,4.381200061782483,20.761829856375876,14.463990605347407,9.713883714301677,26.284841794176273
1557,-17.58312456043003,-26.744229650748395,-50.60685141196688,-57.06368315715053,-10.86137918569285,-36.96009338414347,-9.207757362729968,-21.449715381233982,2.2734710310507125,-7.188316576157879,1.3984075988091664,10.246080298465541,20.310135554166113,16.225934792252257
1558,-16.44091652136198,-24.5975535271428,-64.7748937719005,-71.66499929981384,-30.141664575188294,-45.54198013448994,-22.314411587164738,-35.34772081079975,7.463475340975571,11.263571266205915,-4.5513517163331185,8.764968743978098,25.0841283983425,36.71996742157237
1559,-7.423050971042782,-6.444455080559934,-55.50827984729136,-56.46334910913369,-29.360197987329308,-33.89318328699947,-25.8518158573736,-34.13696099055299,2.4869971622084797,9.259510073531944,-5.991573920653639,16.40173592839326,34.20675502880044,34.00490613570709
1560,0.17362745437319896,-12.933024667771683,-55.616141322339786,-54.2478928449261,-35.23941611309324,-37.95820971890258,-33.78466376370056,-36.20871482812714,23.177229021369204,10.116394040649519,19.20437800630346,17.91325796260638,39.36040986787567,40.25795178719012
1561,-28.086534338461522,-29.12535769672001,-59.10683127145882,-62.75832729333272,-47.49676355195211,-38.104400480024914,-38.85946309570308,-43.89850324889868,7.014558431312243,4.250387035022264,-14.0090319397249,8.45141692759222,11.188707256488032,24.99995683445638
1562,-39.13968677368652,-44.43965716427815,-78.44819261483225,-77.7528720312253,-57.50761148562753,-58.07282587162876,-51.603881174464064,-56.50438341472341,-1.7913956211582234,11.614492073690307,-40.98244609337208,-0.5564417381024946,6.134695028634825,15.953538527060442
1563,-46.541127541777534,-48.3383914959044,-67.2592871975915,-69.3495978262241,-55.15474119789168,-51.7769958207078,-47.74811124376561,-56.83006538726632,-9.474663130201124,-10.399361236012751,-48.79216579811534,-12.322243966166717,-7.571886859641756,12.819367764129339
1564,-42.69287203151879,-51.34900174977983,-61.162225941007954,-57.53771740228996,-55.69290846369712,-54.798434508541035,-37.05168787383797,-44.17298012644902,2.958973214232478,9.227762801528248,-63.109690432703914,-24.63930947711899,-10.179607686471739,-3.9054928818129366
1565,-48.870029939922546,-50.878275424089736,-59.76790761840112,-47.97134128626885,-51.00105030508683,-44.776683825410636,-36.563044114235545,-44.65632722449376,-1.807138444267667,16.27900216562597,-32.70553069532689,-12.692583572613023,-4.597572827620566,0.28872293807719596
1566,-39.472016184062575,-47.92321070073506,-48.984277329166254,-44.33586810287876,-54.057254271701794,-45.58694233889041,-36.96485660395217,-56.44253120320345,9.053706945636462,12.031339495620282,-13.889288341799675,-6.550128538089769,7.979065383493984,12.808967450023726
1567,-36.072049307695096,-34.1424540323495,-43.628194691840356,-48.08804277389963,-39.1033694663913,-38.02075819922406,-21.516849373493177,-47.38880023760149,-2.8202701804533525,2.095014388598522,4.0633031710838345,10.289762176863565,17.12198000373994,12.581427348982373
1568,-40.90096206193524,-35.074341363910555,-42.54938251818695,-48.43970507383288,-46.61884664066005,-35.20489693857253,-26.250673459937037,-38.212083056021534,-7.3939389904316615,4.5672834117110535,-12.440655074591714,2.151367023168178,-0.43236038761937234,2.4104809696332214
1569,-41.00982978302759,-47.23748200905718,-53.965588667452586,-38.87121196781953,-60.32533311005322,-39.76764711911883,-42.45291811786668,-46.90848164080229,-6.408213458666441,-10.377859247959089,-36.040417261291346,-19.492453673658265,-11.158010949097434,-14.198672670019446
1570,-12.8602190838882,-16.44618908584207,-32.88775779792096,-10.006220365687309,-36.29155135721644,-16.986499152279,-41.249890770343974,-24.54923255973066,-9.583673053806642,-7.029926408688947,-24.052873123457214,-23.946638683779103,3.511193064049039,2.5090474128711913
1571,-10.626812380818533,-20.586456321497323,-29.079603804795827,-16.510956988140997,-35.172842477169986,-28.943738597613567,-29.47629795061379,-20.548675519426933,-2.977352661093237,-9.983646206407307,-33.87381186106476,-40.337973051731446,-1.3116492034323224,-4.815093743915764
1572,-12.555907703745284,-22.321386087546898,-18.729741133743087,-12.218004374038346,-35.02474613069385,-32.387240525429185,-19.73577948310421,-7.22401510237097,-13.413893366877593,-20.32795282265009,-59.22486236889489,-48.32968783021638,-13.373463692849121,-12.492025296852084
1573,-11.891063885309256,-28.315756006887458,-13.945329543261975,-9.330539684802208,-39.37218419357321,-37.53839173001016,-12.470757443923288,-8.159851444113466,-8.933567221188033,-14.570647265574312,-37.98856301470901,-38.196526140146446,-7.781639273307428,-6.091790682073673
1574,5.01731625056877,-5.049168348473454,5.486824104091402,18.58633164568826,-3.304293342654833,-0.14272905266989103,10.835801213359217,21.983684119272418,13.41831122783658,12.099523344822087,3.5038799274664676,-16.523517389861457,13.110599189562858,1.0632842839601597
1575,6.996794836297747,3.47910670339394,4.540362356051699,4.91715476599831,6.946303307933977,10.36823542290318,16.13513167465871,19.86124177040411,-2.9063694032353866,-4.8707254432711835,-15.925137984070835,-2.809699521286403,1.9621872698584135,0.5170586118411987
1576,14.981776290045904,15.911209065736463,8.162714964801301,6.042133512533523,17.71438549817381,21.77889440149943,17.911998217155375,12.902284672116554,3.165345832320721,10.709298332605321,-22.216164294457258,-0.6008211683929964,0.24101855751991755,4.376217456399422
1577,3.525381788867452,-4.012642517762958,-16.604890376369028,-19.52836401130994,1.5218862645163211,15.4939587868315,-0.22943892202596824,-9.318728680167423,-2.2393186875680313,13.275164731327184,-23.030855341588598,3.09511339175455,0.8912252435113032,-3.8121976792292656
1578,-6.202570302934383,5.319782002742677,-14.129806558711424,-11.588504672178235,-2.01903254567509,18.465048406861843,-11.778362140638393,-19.886066133708447,11.307839073602317,14.305854809577518,-23.935202114390016,1.6905552547676213,-2.200375717878516,-10.096655664104883
1579,-16.779440701898082,2.1796819889618906,-25.106834152503996,-14.217415041582978,-19.181679603842845,-10.668892253247472,-20.455504769103523,-20.642739010510084,7.689832534435591,4.152277945733883,-28.37568537890569,-4.0503412791049005,1.417668187862641,-2.901156003948192
1580,-30.651383744821047,-25.648953476279427,-28.54761447307033,-21.833340864094932,-48.39089584527416,-30.450019494545412,-41.523093817736886,-31.865642436161448,-3.2264847585251535,-0.6457785323249747,-88.94423721969746,-41.6047507610243,-7.456292093542264,-17.34821556961895
1581,-39.81779381595038,-40.07335289266757,-45.353357981946026,-32.80869465817263,-60.83436498934126,-54.89919921930012,-40.072261829236176,-40.615148527188715,1.4968568271026392,19.526858164351815,-73.23556018185161,-39.56609729207662,-7.657551621057023,-2.304745477650798
1582,-36.8710690071658,-32.99402059805451,-33.2818401640152,-28.36131580680251,-55.85776195096366,-49.24967087173519,-41.532312061924486,-49.35682850166587,10.0374755022365,0.6047223740147061,-73.9235294486655,-34.338555872922,-5.001742886012858,-1.7764906446820719
1583,-42.15252825558936,-41.906746638706664,-18.340524557148267,-19.304557190196046,-41.4258091808941,-40.54423922115218,-31.83342628175913,-32.15977244847311,-6.289315552735142,7.600530470023406,-31.61730354375637,-30.101987916247886,5.397535438407591,10.459143305997362
1584,-48.0986138430457,-41.21633216490207,-20.034552198001453,-9.231124835761301,-40.99161973668125,-41.35539988270134,-36.79398904644768,-19.994838036750888,-4.782912327298965,-19.484332069608588,-33.41735887740203,-24.245970489338635,-9.320462140661334,9.746000110578334
1585,-50.37627959599311,-45.1142011800776,-22.971119503812357,-14.910707921191847,-39.92183077315445,-53.32082875711712,-25.072810038972026,-17.788969906287253,-1.969752208958365,-13.239448117603313,-41.67486525173195,-31.20498886303018,-11.377632581602992,2.6966365764643316
1586,-23.12540695966863,-14.138205201125718,2.6570538897598657,-3.192423292468512,-37.61028259736209,-22.928775018873193,-43.7837027135002,-15.470464496579151,-11.371169776731387,6.0495771324486896,-49.873348369151614,-27.61980218131506,-2.2275931772294704,5.097406778038098
1587,-21.575709735628593,-10.612614522513589,-0.38240661351097166,4.443706178134951,-20.277149066980822,-21.7805732091661,-16.356056077318406,-4.648275087451156,-2.0456890669919723,-12.520126996284821,-51.2035730013816,-26.702827915007294,-16.63030684811204,-12.734653185468936
1588,-17.518045659402343,-7.506467993120931,15.41182204454706,17.15189512484026,-26.732916659114583,-11.723360346554603,-15.34303785821371,-12.894170987584847,3.2399803597724683,5.050288382873524,-40.50866816545093,-38.63365038299847,-23.00677572346148,-18.364939833111748
1589,19.742701222474807,19.528769394207302,28.265431439476643,34.856390529215375,-11.771344673383183,-1.9893205416043627,-12.249932822916621,14.712155629774026,-1.57391591951872,11.475391088811625,-20.307785300242852,-19.031030526141844,-9.44657387671799,-19.858288698720855
1590,15.353079687165815,30.379992095043594,47.61221843636176,55.95889185365294,16.61692098468775,20.267085408217728,10.914143373319302,18.658673471754103,-13.879583832600147,1.2932587197037018,0.5387141263778412,-3.1564282801435257,-6.8289731119574535,1.7128081889382487
1591,28.25878955466491,36.461443794310476,71.82437290841142,80.92596946820949,36.802054636113795,50.19762998562104,32.76258631925867,41.68954438584884,2.4189010144124437,1.850796523267335,10.946366273013375,14.26930638539998,-21.36398879385924,-7.652607847103783
1592,26.995783882790914,29.168344827870683,65.12714533055775,73.06286798977914,39.54715911308026,43.13735927997995,34.165259012181245,26.888273009374565,-3.5661775708561017,-0.8207270329826821,-3.9402816059818266,3.198111354699245,-23.5158459952739,-15.109309483577
1593,44.63860301640753,59.54596025286872,102.62248434451675,101.39968151543714,59.790663847966016,72.39040267594137,28.720350649783835,64.45738108891796,-29.532765620605414,-14.36442417842365,-5.438577444542574,5.894074494814526,-20.310442790844945,-9.220344201357516
1594,30.00738973175516,37.23618555859548,100.6872554488682,81.31871076456723,55.73891044957856,56.876476212562565,48.15166188388878,60.806161437482366,1.4910873285797404,-2.6385622289479116,-4.493478883094877,-1.825267150312457,2.0810439689384728,6.827208306340483
1595,27.56461641462768,51.04379536272844,82.08818965507191,81.34199245771376,51.9608802613663,46.84945625417382,34.800117150544075,49.513001596145706,2.331423971894563,-9.187754809766076,4.990910159309828,-1.7898297629414688,8.53390233014211,-1.253571524248567
1596,37.23592237637715,44.08608981371388,72.89196473066201,56.61859194880988,51.57922392282087,49.117702592193275,32.74144773708162,49.14540067071139,-3.455825221476493,4.978584409522545,22.982616548341873,13.52610348485066,12.663941103912236,12.69555843689456
1597,24.44518084667333,39.662782428826496,46.994809111081736,39.82376520301333,34.60437060061386,31.89382874884917,40.92680696635188,45.95962042693087,15.287026886455891,5.258873115559675,32.01964143658698,22.65263346389495,-0.6861012726390031,-10.555834917841368
1598,28.69935463947748,33.195764457235626,24.298713462171282,20.588591037919578,25.8274191750479,18.99362293735873,44.079149730713915,35.77709007749595,-2.8349036555599376,-13.62882544896534,33.22591065956491,9.599822715465978,-12.16183811337827,-16.95191643883121
1599,45.52958495628547,52.101588041074834,28.16628450641804,20.245776134885798,36.9816294528563,41.772358961726816,54.84326080977145,54.541533628658144,4.945092482303111,-7.372618917810167,47.14950573796563,21.750634106462016,-7.002065714116201,-18.41725318536293
1600,27.495080849041145,27.569915291276633,8.919765736951913,0.2994148014287419,24.57692762838853,27.026621491776755,37.17373198753727,28.78770714337374,5.688347570048934,2.73958582134323,43.79843177841478,16.57851726224074,-7.564444356124663,-25.72190050973999
1601,5.5836820161903145,-5.265993359680402,-9.14400584440454,-7.496290688760213,17.026018928850277,10.098710208066047,20.438960958521033,22.69891617441753,5.017359516795697,-1.7901805236367245,48.788963262818385,23.942839847144615,1.0003620477534936,-13.767528585708568
1602,-13.941223321248083,-12.602951871018696,-18.545252054704548,-9.348823499394372,8.15323518199527,2.499806843452029,14.277310656097171,-2.1204279757339135,9.901005893903038,-11.06511826000142,48.021322292075865,18.621703306352916,16.357021485124697,-14.867902129626874
1603,-22.449798384767064,-30.92010422176267,-33.464878698298826,-25.798526569309036,-7.004172613637619,-16.99686149748409,17.06337527904776,-15.316172232743856,3.0069086466549972,-11.254426859292419,22.165516961711006,7.05561738247699,8.522123407944425,-20.980450212996836
1604,-57.53045139566708,-63.7764624769519,-25.597618418336094,-35.536591714780705,-29.179745770938982,-38.648351089970994,1.4846771503674658,-20.618073658682427,1.462386949524678,5.521194374059074,6.063462841683052,11.970098665833035,-17.8719689211584,-28.611439608776028
1605,-20.863791534708824,-22.722592635034452,-11.842752210384122,-22.287739299600002,6.627556178856691,2.028232308084969,6.763283043217805,-10.903424925715765,6.908202991014597,19.912281515998842,32.139242140323525,24.123701699856447,39.30907687584999,22.02718304050689
1606,-44.520146260544195,-41.755022688380656,-41.67731862578617,-50.38567692731718,-18.523626989683777,-6.16023322697149,1.3917001547805437,-13.99630667764966,-4.564937322778166,-10.926802806393779,-26.397593810515104,-3.3816256736536414,-34.437701597828216,-33.89186778988872
1607,-34.4787062178354,-26.647543669452364,-29.626294636332705,-42.13270305534808,-24.34018054397054,-26.299726747752548,5.768013384371024,-3.741071064015814,-6.012254097454677,-30.715304709792893,-45.68738492703458,-12.466709073575995,-27.98801656070816,-42.816483617958376
1608,-22.179331080460578,-19.425351273994444,-10.365575350268125,-19.464870654512648,-23.177115424030212,-29.381638393685098,-2.682375788835202,-12.739796065523425,-2.910118934232946,-9.82587266397117,-24.88093516267154,-36.07979118989616,-25.07008302766367,-53.26351679132467
1609,2.392399871945029,5.415220052065201,5.490744904177397,2.8321595186156823,1.203139815628965,2.179555108622586,5.556613650229722,7.761457572746704,-4.277859719309162,-2.2100599976797577,-14.899154938727603,-8.817470899601343,-12.959517779007557,-24.180192416379157
1610,-17.392843996033477,-25.196034743094316,-25.908131171383406,-28.1539513762626,-23.891855678411854,-36.927485434481106,-7.927729434068174,-22.746432902463205,11.854532079650719,-7.948331421201381,-39.726769321043086,-20.198387320525494,-9.49124771840593,-26.635647764427723
1611,-29.16972777265644,-38.343932663092126,-37.88183150164941,-36.63888434368542,-19.986586543639568,-28.057110275813162,-1.6869545696879977,-6.975192183732193,-10.161343038813067,-5.098415350289324,-20.053807747777626,-6.795594554364301,-29.587531942036495,-25.251046354908382
1612,-33.24698830119107,-37.954153928838544,-36.87873658739944,-46.484003484883665,-17.303515905739754,-17.656347596923673,5.369484544824559,2.3057373498573983,10.376650001854191,-0.4131805320873472,-16.33410980727495,6.380596393975162,-23.04656267297586,-16.510398982142767
1613,-94.80314708915728,-98.30002061913234,-103.37717648807507,-88.50659099630101,-65.60098565339449,-67.14340744505814,-41.16927822007907,-47.8582239833229,-17.12798643791856,-23.73425004118518,-102.12945511480488,-54.71313779061568,-75.57276477450394,-73.33394096126723
1614,-81.31480776181644,-74.86051017166287,-90.11094495167129,-84.63917900931908,-53.058504757607835,-48.05923877476851,-7.911001236635862,-20.878451864552886,4.525434470791141,-10.390440652641345,-70.38228214434304,-34.9397525244354,-55.389800796800166,-45.45658060566007
1615,-68.29819543952352,-58.84871407185082,-48.502928723623164,-41.843739209572874,-27.970081330923204,-18.013116825219708,8.042896376862824,5.096624931048424,-1.7535424131659536,-15.843489154590642,-34.563440584965306,-17.471219542367596,-40.254215823267174,-32.42271629381045
1616,-12.97224727722382,-11.793859833604373,11.480581734461097,2.725178108460468,23.949506274229204,30.43589126305221,49.76115500426247,43.13594807942705,9.222635881673925,10.724678111665959,59.86854878336974,34.45007698163349,-12.895857226982304,3.6782321769199444
1617,37.89836618012232,38.86234261968572,37.174569055119434,28.81585972906947,38.86331797448061,41.43216155111825,25.306366581166213,26.98040289201695,3.6517038773072668,0.7229604938563909,19.238310429144796,14.346889726749602,30.824094313583583,21.17585807596214
1618,4.777562228557562,13.654868413417137,34.375819474452484,21.8232333573533,35.15740806041141,31.029769709753005,6.292444866415106,10.820189065111544,5.987373977057415,-1.618407509677779,3.320132885604531,-7.846640036803338,34.34773171349537,19.967272361428886
1619,-19.384925021877326,-4.379057711784975,-5.267169584631615,-5.529836628648005,6.186375187893339,2.324783472768594,4.824392887606142,-3.18011415651299,3.0186517585420236,4.745182654779664,-11.41486417889162,-8.745494913462592,-5.634407498898964,-3.6678676000349313
1620,-9.141414732162433,-17.75920679874478,-4.623397930161015,-10.278941797714925,-8.745790174860003,-18.104288255955993,7.144773914459698,3.330215776453135,-1.0480511339843137,-10.926461125392251,-43.43855893370802,-30.42957720753149,-46.05714702502556,-52.64333037375656
1621,20.726436116846273,26.43819350834346,52.036516088528685,49.455221553942344,32.19500117336648,27.419667101470047,39.93082958515062,32.43647058791318,6.184058655515362,7.590258919781901,-11.143890538505659,11.895795108352331,-17.58213844797622,-8.139886022050723
1622,-24.515868407820406,-16.689605681756042,60.16293223151242,54.85261456264474,-4.690631467673468,-12.855905273121374,31.754720231307484,33.97569980885609,9.70226024462447,-19.480959996823188,-36.614908737536155,-17.80593247796589,-53.14611120897438,-39.29247079223603
1623,-15.275487688848777,-16.248227336252327,78.45003537432235,68.59241506045235,6.362192042943511,12.408079352010523,44.38650244913908,43.518734240309655,13.925087227241447,-11.87319723907642,-12.837030509003032,4.54570333099005,-36.58845417639956,-33.56965581040273
1624,-7.69502537272828,-6.091786836691449,74.316431179887,53.70528859629566,19.800875169595113,5.135028057669179,40.195875975636866,50.05200189332874,0.8666256820169261,-10.927053225812905,-11.69551285367269,-15.346153130845456,-36.984746364403456,-31.618826410776784
1625,-18.381057647031746,-39.36499824679219,49.668129792538444,29.730724566667682,-3.5760715716707407,-16.12282303056959,25.40097407868568,29.143117427855096,-10.72391659166251,-26.52845478969608,-36.276996260454915,-27.18196627420527,-42.44369720349626,-36.5406466305002
1626,-39.31520200515192,-52.21082068927254,9.442870230022054,7.044617525264563,-19.31132430228392,-25.01313280268763,31.880777635726528,32.347582819627824,-14.159281230774736,-20.312103377495458,-46.5902865408232,-11.701960241985546,-47.29483392017224,-46.02116192235988
1627,-50.809745380048554,-51.66352525557065,3.6741334784438453,2.371098436753835,-15.088033756532734,-32.230511944279456,24.85780237607351,21.220022548074734,1.242038758008656,-19.202870871477487,-22.206112061321328,-5.194332367684747,-35.85166399682334,-26.650808918810654
1628,-18.242788963182786,-36.50590003284652,1.371879592646289,0.34127155745941373,-0.13365621908281858,-8.227711879667108,29.646780163962767,26.56131450628278,-6.3370714019382675,-15.423650108644813,21.111779841405856,23.712373657050723,-10.567703454317874,4.3693299108974175
1629,20.461495680243313,5.853171271976928,21.081454787657567,13.654802731668918,42.46915016910918,33.56972012879428,56.400935091096805,54.928509034879326,1.4780527696615684,-2.035870303303372,106.29065247228856,65.47454251524222,29.07033436034953,41.9706387730754
1630,15.855718859683426,16.409991934893306,2.070489177857626,9.373311413448228,46.39404684801611,35.84857214685396,38.11174193967974,38.45152853125197,16.31376510760454,3.3650352108932378,108.7622472719381,73.71664025760958,47.20096943473148,45.26048699509354
1631,20.370199192159003,5.966457687597807,-21.7879958459455,-11.868194602306165,46.35379188164493,43.271795782943244,24.18561624367573,16.40051420806508,22.318567046360485,-0.014061025551097783,99.08807282625625,71.25431010648721,63.44873416857123,57.73176783237441
1632,17.58842155815242,12.787646937217119,-21.772727202350012,-5.717561808548756,42.41441455945882,50.40116123687933,17.208565786473297,8.654882637323526,23.030843996519764,10.714707665273377,80.88901203102296,52.19579138256055,52.49081182573746,44.732187187815946
1633,3.6873907331314815,7.89438367114697,-37.42169865225424,-9.429656939759571,25.132253161183947,37.37057313345967,6.708035095532459,-8.26718216081078,27.805858847712653,20.02020938745883,66.29021031829363,39.39982057155185,58.68841513649733,51.43647899678992
1634,-13.803990670631816,-7.237448520171155,-36.078766786382246,-32.420567289923106,16.1376868976107,11.49775770470944,-11.711746736264192,-13.98857123404429,31.204605797159193,22.9664222359673,40.81890791863411,9.321834877406733,60.43334250424945,39.85502016903934
1635,-35.92630609322735,-23.116112159534232,-41.9260359544539,-28.039989582276764,-0.7997229290109545,-10.615405771473847,-23.714239431588044,-18.130948097767575,4.7886243484416795,2.203367459852622,40.48817104378063,14.030629008816968,58.452605842869794,45.83096111972646
1636,-10.478711385192554,-18.813156240165572,-53.01096790803049,-40.99980953023263,-31.1473296203712,-29.250310643774316,-29.898270821244562,-40.26132493848109,9.551453862093007,21.930387674974522,21.98000887643479,12.72094211162194,62.90962308400719,49.71812375427248
1637,-24.961354189514154,-20.7686731606047,-60.29540495771415,-46.23141594730616,-47.703460961821754,-49.35720258214034,-34.465156520964186,-43.697241583655185,8.10589258241186,18.717126107820782,-24.660630691152903,2.934362051336914,46.52715546646945,41.03281944702241
1638,1.7791042320896935,-4.531186080881508,-12.670624923688356,-7.1218525369573396,-7.7219311933673085,-11.106760260036367,-16.06619127617196,-15.845340636680927,3.353524884498802,28.659790079645603,-31.611247527047375,-2.1904502282259712,52.54345386058186,44.73961954258395
1639,-1.439801473478249,-13.799558435647366,-4.970578404310909,-6.391006594093976,-16.223119013371406,-17.977840272770116,-23.336677148230887,-8.111280591294166,-11.302667189062069,4.830022915944258,-35.76224834691283,-20.826581096612223,37.498100491804514,25.106221042957568
1640,34.27329043908199,34.860896073360024,7.0704111750745255,17.94334017003817,-1.7730741621494293,-4.521760713981041,-17.984258017573485,4.997079172115635,-13.217713769833521,16.891183080606037,-21.34342265005277,-5.066763334895913,59.32609576582232,50.22186996792489
1641,37.80728664905142,37.30846269049376,5.214015947736235,4.7063210021207755,2.911975752192801,1.7400031327202843,-12.14991325849455,0.4248154125147202,3.0109569281786257,-13.821427073933076,-25.5199234189728,10.019214860977764,38.68154449626258,34.53342664505982
1642,44.266362751077246,47.70517491991815,-3.8073746391987506,-7.050344286535077,3.917125475833781,7.575769770573737,-6.237600025298931,2.9482128760948214,-12.470371896580113,1.1409534485579762,10.062636621285197,14.572827588990322,17.31729767265926,22.5588820251817
1643,51.58954164207522,59.633756630916864,8.155414475593929,11.647257442869249,14.895994840088488,24.56822322574208,11.737543146365883,25.32199463709617,-10.871842023158104,-6.142794807271333,40.88733445311131,39.02261909404022,9.968075844222202,18.85396804511332
1644,32.52240698789206,31.938043052825037,-22.157972108720283,-10.505703896936682,-4.82921258408889,6.524677185399741,2.296707271059113,-4.356437657010056,-1.8317239892453465,-21.34865986501432,12.282651340041465,28.13366396517545,0.2740629383755219,7.232736441667966
1645,7.821157055469125,11.377153568241539,-28.349069324662736,-17.309790679425753,-8.650382989560061,-8.350276449947854,-8.555855599203943,-23.244986730681422,11.470950197116395,-5.724195093074813,4.605184764428716,9.194117386958473,1.462480213892167,12.824991763142133
1646,4.896889126458399,1.9773578811242865,-21.76024471399434,-25.688781813552986,10.403902710482505,1.7655823718378538,-15.65817960334422,-19.060815517179883,-0.3413868992292605,-10.55452141150469,7.798705672002589,13.099901190137386,14.837837394445442,11.813002920080937
1647,-5.113736962141074,-1.7023104724589144,-18.917647937869077,-6.011936818379379,-0.2941108192789095,-0.45523601039289374,-13.521087152681703,-23.51379245847017,-0.30891795153092555,9.061513219172394,-27.663526197996376,3.6783822842912812,12.369077176757573,5.220203388972319
1648,-15.615627524491916,-11.358244044354699,-21.526149198236592,-4.851998428915146,-7.856666458870361,-6.1029003406749025,-17.983381053926113,-13.55674042628288,-1.4448296208254854,8.548671751657164,-28.57206587497617,-17.918798106947143,-15.248841402662375,-13.58596879595325
1649,-11.96494321149639,-15.297976224196209,-17.796300538072746,-15.3829194595182,-5.484944357651539,-4.321940636338397,-20.88859169536771,-17.200439940162806,-0.4637927156746458,-21.90606860233186,-9.810044242295907,3.198108765493643,-16.548818230574096,-14.88508580725152
1650,5.758114543054999,5.143832245007734,-3.7711459301741055,-2.9368053982916775,5.388275643977293,20.517671393215075,-15.483488731007585,-5.765903933001844,-2.910850619990953,-0.37628042776766435,23.948062419321012,12.765033305803334,-8.719247578608819,-4.464703885801594
1651,-16.10698192250786,-10.473664773389855,-16.06908426859017,-2.3134081763079477,-14.786402020818425,-5.445555440662767,-12.813920846869065,-7.150183030244818,4.204382839880805,-2.364865446470157,6.660395842757605,6.400276935811279,-16.270428103210424,-16.526935851670054
1652,6.282018444283568,7.131175791242731,-7.964308331303066,-5.924939352963772,-8.528192264300245,-9.198706273865042,-28.76076055176843,-20.852067148741547,9.997930096666407,-1.9460441389340364,42.832753005137214,15.802474512269672,0.4199356209328503,11.58412718941821
1653,0.270704517089028,-1.8073977421359222,-5.225718135486418,-11.465722292945328,-16.954892623655155,-23.848577183417557,-21.15650229592639,-34.59338087682098,5.536067067839318,-5.343778534615618,39.318934260587056,8.164673468162029,9.720599909449602,24.011285717553765
1654,6.4450769247633035,7.312908239211363,18.247415382360945,15.310178880489273,7.399293835440943,4.6620507771548105,10.120611470764445,6.008026177828313,12.44907748743843,1.0581157432158244,81.73556718181285,56.11072025411957,24.113644882819695,43.935601664440696
1655,-19.272366111623374,-14.160600423682057,12.18350559603716,1.6592959498105904,-8.636883734878342,-9.036518850082496,14.270182908493597,10.067264542603857,-0.0038175325678979632,12.290080675119171,35.778664689078795,31.36421528110172,-6.907018779739139,15.771237191213002
1656,-34.299290615263246,-36.50256311717956,-4.275444669019691,-12.717798116886078,-15.121849891899153,-17.890052460289972,20.102745407047994,-5.362846356961031,-11.728098195859443,2.554667156970722,9.113377380675306,13.222416901468746,-38.932850354883605,-16.03801701079235
1657,-59.75874955075067,-58.32375694165417,-7.003730204154035,-8.915145063534515,-20.158944959798152,-16.811069617894947,9.833557379830214,4.415940931486221,-12.530485976993754,-18.200443068472925,-26.82976541353578,-2.420103059796457,-56.70772300612952,-41.36065355237384
1658,-47.526656513087374,-34.43113176064303,-9.285099657728432,6.930322129034672,-9.538824010965676,-9.624550879013226,13.555898544562071,-0.4172904522330313,-12.454312877958474,-9.619538065587562,-58.03524029224954,-25.6800774330282,-56.793212710108456,-48.91114314403681
1659,-31.66061790277146,-30.95909838876744,-10.320660774073568,-23.42386249585518,-15.3803037618792,-27.1894398566275,11.511281506511478,-5.972728751848976,-12.664672634467188,-12.050071916413668,-91.62789609773563,-53.71029979750497,-48.88146531101513,-43.138106170631815
1660,-20.350904153070935,-10.114846489810796,3.7874263067454463,16.854144278017948,-19.61351528352146,-17.9394937052857,3.0784475035079817,8.524424089959387,-6.098343713734813,-1.2164059898582085,-91.17911665038548,-40.09326119772257,-40.801197348535915,-37.04529475207955
1661,-5.3548034441809085,-1.9084659471658387,41.94276428735174,35.087104903796146,-7.7792770860450915,-10.115333241915335,-1.4290158546011011,9.5407490472171,-17.550037411457964,-14.686550769239494,-52.72220870918596,-46.838535857866994,-35.896427666491206,-31.81743309873598
1662,9.06600753145664,12.886171352215115,45.136637601358196,43.86095226530293,-6.213254587681887,-15.05044954516994,-19.06718275478587,10.340063073596056,-12.70232574671823,-5.0828676938301465,-31.43063713489415,-49.88618682557639,-9.080143806322095,-10.926893786111684
1663,-8.026721667407438,0.5241424255293108,65.08595540810789,60.08918486354757,-7.6142037367096504,0.4709884921833269,-29.425451729836333,5.8450141653257806,-1.489182099801725,3.716934016194222,-69.055178599254,-53.553488232398465,-16.44593417893313,-4.342914695964029
1664,-4.277501808654871,-4.70304682863758,50.587054678498795,53.60303473386614,-35.09739141701614,-21.73630897448332,-26.45630471835599,-3.41306132546245,-5.151297927698109,18.072588731328807,-60.034342322649294,-27.791587897059422,-6.486167334008673,18.62951666033952
1665,19.393766111481952,14.55891897630873,76.19121163446358,74.48813683890847,-22.340885194774483,-20.34911220539022,-11.809008042661473,8.318066672311508,-6.067272973764328,23.619741019429462,-47.16649795995709,-35.484914408417666,1.3996709645744043,16.285145335903078
1666,12.739629956165594,7.664687960573312,65.81395302045892,72.53401361010759,-16.902170114109115,-18.766208767644574,-12.859278433187345,6.688432943313205,3.5210713697767275,3.196713522480935,-16.911182334432652,-15.552040782969568,23.497788753179915,35.709192498108905
1667,8.613085214076074,-16.760669316381076,16.630412530221946,28.446892946670776,-28.51312504444041,-34.29213073358491,-34.46007185735686,-9.788445467087763,6.128135701017604,13.792982758994523,-14.220668147846807,-18.055206100324785,31.631734450120543,35.913734407289624
1668,-26.57659412958358,-41.625783403825345,-22.17390741495313,-16.906896918020273,-50.021947435695864,-45.208110483963885,-24.0096496031372,-41.800936817244924,10.437608419176385,-1.4659680701921889,3.0475603222817167,-10.031361433464737,19.056944846365646,21.083980597623007
1669,-18.026457819575544,-27.055862967831647,-45.095190053031764,-24.066660032683462,-29.262502129973598,-22.180582205948195,-22.44916083092325,-25.721777800929924,9.550229877209835,7.121517227576038,60.1266034631412,29.819246492549293,33.92102118552228,29.91823195434949
1670,-34.83667725461841,-55.33084893503844,-58.66062773723072,-60.62759670042482,-30.586450772636816,-31.017043210590774,-23.008030870695197,-46.34407751823473,7.662630478013891,5.140942254763521,54.80209274819916,26.817911355399087,8.455781966609804,9.514693864114454
1671,-44.93528572240423,-68.14802678010135,-63.574546151339234,-66.04674963970538,-29.98488696892459,-38.007212484221974,-16.173774128230637,-31.61977424602778,-0.6319575692741655,-0.8867291026534796,38.013369909268675,3.9940768793401813,-4.8894238836781,-21.287417657534004
1672,-44.232636241871866,-54.66522322724016,-75.29293077174881,-59.384756753684684,-34.163486152575715,-37.85866122750748,2.7588480140734886,-10.304093030140994,14.29871156058357,3.9320665480186734,52.32831767458079,18.450465315733638,-10.365364448104401,-6.154577961029247
1673,-42.49060514032093,-56.758020451650665,-48.398793539957474,-34.43938314880879,-13.4672328146687,-28.223312060818778,2.5539333314988077,-2.2353582128557514,8.870860904276107,-3.0884071192527642,60.4303836257995,17.70300198861988,-10.85063169624382,-11.769805451992431
1674,-19.055205507848505,-40.79598005162509,-31.36582902977504,-27.103308211065503,-7.6001251456145065,-27.33072748347646,40.67894841964511,24.22150874043766,2.1845353243010694,-14.714034732750463,91.3980270718587,45.55272115545121,4.853339047916146,4.349524803415443
1675,16.85916545687523,12.889495494024398,1.9540334321126192,19.579208033714508,36.91696573441393,29.635738966424274,40.02704256947323,33.46498170029754,-9.208334788129173,9.303170335113906,108.54788724275616,48.384792810633805,26.810060892232535,19.967585094459114
1676,-1.1606022796840618,-8.061213415748934,-5.796578446416162,4.032355132669426,9.026110598889463,-6.817712957203857,40.713653256149435,8.933417746810447,-5.049304594669345,-7.311160013441006,28.107632316077748,19.95385039041948,-0.30659064109700596,-6.371100344582839
1677,1.4786590405114273,2.894204540279333,2.0525588820137006,3.6754195448486975,15.96352579036273,6.601747314181092,6.907999601811832,9.721367649616122,-11.722794967519883,5.923024775213268,23.017379770012234,7.030321756534421,15.262704303336855,24.04656655810911
1678,6.099801767449749,10.098527794499507,10.648054503264289,21.843600035764897,21.089942783001135,6.405819714457451,-0.5915366957763337,-3.9138041764343305,-12.531267286382343,-8.776577839817548,97.0267430008839,34.798624579339645,24.748880968602172,26.01355630336635
1679,-6.54716853996181,4.85814659637918,18.16844975154461,19.325093932173143,8.311388162162112,4.381256615465983,-7.364083997029238,-11.604506102150209,9.584841234241498,24.977945432250458,90.1984964918228,39.48438833021332,47.55009027707317,44.225970704225965
1680,-4.088224820111581,4.673469038141449,8.626549166325356,12.359634415576561,7.310552684361194,0.6744353787555321,-17.100017706238653,-23.633388728557676,4.900853418928398,12.279186284479117,82.49949599387158,39.96457112230629,66.02414766542951,54.217119972536764
1681,-3.7430831560933515,-9.99539247247036,-18.0303075871527,-10.797243589457619,-7.139424258776094,-6.849035119248762,-17.68900723492251,-39.52236660707655,18.707607308723748,16.192490144563187,58.538108685242776,36.28101934547261,55.03672340384201,55.362390106812285
1682,-24.255007620237787,-22.113958607802967,-50.962143113659685,-50.02454811416014,-40.50239294698001,-40.859449038015875,-37.80689582013897,-62.742747585779135,-0.15624931631626224,5.804416361472434,23.700611469103645,7.4189736376665865,38.36920952748224,35.93459884357561
1683,-41.71525829282146,-54.706215306497086,-81.11966236033923,-60.60620833994573,-65.76162650770726,-66.31458060198705,-49.99927492601978,-75.62503132121711,7.946581939539496,-7.6765564579190375,-7.712006093756191,-3.314222001583604,31.16310398825585,16.416325384816563
1684,-40.50360343345176,-48.29709138295199,-44.88758903654844,-24.98321696569596,-50.621413914218074,-49.696691328448246,-27.109068124324164,-43.88078566919267,-5.532304024753107,9.307510531703345,25.024669758748406,9.749402846021201,31.65163614349099,36.79324196575042
1685,-39.24047438739021,-46.27940144625832,-39.95639537983808,-33.91446009370792,-52.886144489290594,-41.41629749304477,-37.873652691736545,-49.25053115201087,0.5064614850135358,2.6350862617734245,-9.540790478680629,3.161902629661542,15.543119933139204,21.419076089794114
1686,-52.24191616509424,-50.00058934714214,-49.112361377320276,-33.297403238592516,-58.79745161798255,-51.22856673757529,-39.27708260289199,-40.57787007256419,-2.8498018319109417,-1.8041810479119098,-56.19050959578309,-19.558077482061762,-3.8712977736096588,-1.6600276543529526
1687,-37.3089633022752,-22.805541026609504,-13.636138040849183,-9.401290473145485,-38.698824411609316,-31.88486432959878,-44.415218908611436,-35.28837117702331,1.0847891739287665,8.325285762637732,-49.369830550645524,-27.181842686192628,-9.482335224878367,8.47532362998521
1688,1.7652803954771106,-0.46073254303044486,9.166171166829502,6.04771389184067,-15.359457025647647,-14.810658207099673,-7.661717507582445,7.037672242492083,1.3128530878663895,-2.5593399362914853,-17.54501362484544,3.820532887794174,10.194173131963321,19.751224634135305
1689,19.293319728539075,9.50291033918945,28.13018117730854,37.11955867071756,5.140711530175914,6.762580806803022,4.855531608252728,14.83318625988942,-18.750503661127038,-2.3401240602516897,-10.724361159610194,5.983284416574905,3.0714785811390524,14.424258359878314
1690,33.48047849421347,26.34043408311941,38.85020769464905,24.52353865187984,1.505777184737572,11.168142987068013,9.054113294804647,33.22821055588616,0.5379969675270632,-1.9499675435462538,4.947710556607743,23.136088722355836,-3.297959154478458,5.178806275876249
1691,46.508193056797126,39.55685042865277,36.55683650685976,34.02899405602013,8.041565526778692,20.10657179548764,12.369545224127549,18.23062375047569,5.178897042032612,-4.683382091620125,40.032322265975345,40.27408081594748,7.670062995407424,16.863561265544988
1692,67.88710746577314,61.17470494212657,48.04506306600465,31.81122016140031,24.641640059575312,39.30248453102591,36.27360262526562,34.121473278052314,-3.8831350294451923,-6.905460203426955,44.22372035589564,56.87798125446149,2.461344910115432,14.129163106625889
1693,24.172679698206004,22.421893325751924,13.3188969694542,3.7260753488245872,8.924110524557744,11.046907400669705,31.959734776628885,3.5246599797810574,-5.5392896063846875,-18.64413304124273,18.551114365121485,37.68692418607461,-14.781857662091598,-22.947828234337578
1694,5.0943683199285825,-0.09799203853948568,4.8263855869548635,3.24407040250033,4.594223570955323,0.5385831629157869,33.1958362186745,9.378294536730975,-8.23284189907558,-18.726305871222632,9.217517608754285,23.852005491325414,-29.843809530255268,-33.170259159140954
1695,-14.37034695695306,-26.181269966062104,-10.818251073494702,3.3573578108996225,-13.079788723851935,-9.01995507778448,30.009975951734614,28.06946134200056,-9.771585475749468,-30.48505267644612,1.9755971127901706,13.021760744817936,-43.96180192769141,-42.811751883823014
1696,-3.051303542790345,-12.853840235877728,5.171042037147495,17.01466714548284,13.044394145531946,4.381363378625003,34.87718559203399,39.67218625541837,-11.544777219095478,-9.457387707940915,31.11645283156017,23.82220297681746,-30.875784904990887,-21.86279991293202
1697,-29.934764599044783,-42.10136217006192,-9.526182243465545,-1.1822835530216538,-3.3056768754782655,-15.246396951118333,38.931761466282765,34.686641486202035,-6.3571914816596555,-3.0126370695286244,-13.921093182066345,3.7933056704214874,-48.95656466512013,-51.305884003726625
1698,-29.456517841605937,-64.73204804456232,-22.485988232223978,-13.671817523082186,-16.22114682127964,-31.867600351659934,23.429713575657384,11.445937127212805,-14.01348556433262,-10.921441953981617,-23.893735214602977,-6.439826147747862,-58.835302207185535,-47.76577070526819
1699,-40.55365049921804,-57.84281014463212,-26.552239785568872,-25.234299718139077,-19.68879070370741,-45.296952623971094,6.172452601420166,0.4198160658501381,-12.943256933477159,-9.917035374312832,-31.632765344926902,-15.857005654411628,-47.078036357341276,-49.54335194027803
1700,-43.31469339455465,-44.490777827834535,-6.897475408019756,-4.049348208650936,-15.457844725975315,-24.4777628997231,16.046832168423503,3.7860774799138097,-8.723612952873824,-21.00627582388764,-10.501775690091215,1.6545527332516856,-37.44684533762678,-36.74519481852318
1701,-31.349260917350605,-36.47128625124934,-50.72147581103655,-24.04270201856728,-18.929952603874806,-17.28387401513099,-3.3818251352291324,0.7179911733537508,-3.867892078600599,2.9316424836646098,-31.713700463354115,-24.784640849633394,-27.65327794205315,-29.68166610368311
1702,-55.09379680363624,-40.730129327743924,-54.954759489339125,-36.98638072664592,-50.13264941863959,-43.50587729112546,-28.745272439141754,-20.70476592920088,-14.538357116479363,11.182615359826606,-85.15907381204984,-55.143151662404094,-47.17036128424415,-34.98800734081436
1703,-3.492656980503021,11.279343283535805,-25.877685618973587,-6.088998773527679,-0.6717519304200756,-1.3400403384408228,10.14533957884491,14.97636146156662,-3.7199337747778167,-0.7908373827034128,-28.050697727076336,-26.38750624267729,-35.5077939039995,-33.475672882128016
1704,-3.1584016341745733,11.56574906776348,18.5497250494602,10.559470158605798,13.81077490471815,19.053710404107992,18.041835304611595,24.887874006571934,-6.212368499266532,0.08590649282700591,-21.451330328397678,-12.08034493546684,-52.57471480648224,-34.947182172936316
1705,-2.444991200005056,5.729993890492011,11.237814318712504,17.462461202898314,3.757920775150676,0.8226555735918265,18.697073708217562,0.09361205514135058,-12.669441483513822,-17.845587293910448,-44.99778753163195,-31.488879973425796,-46.1035897931296,-51.61464798364836
1706,-16.483562942885463,-4.398134518843252,26.82624920495104,37.232106934429346,4.2595415038956945,-9.381730231849255,30.862279828578323,22.169000738404367,-10.333912269471286,-19.870938639777904,-25.469531009188614,-23.556583724782637,-38.11271844399936,-37.95619044458585
1707,-11.182010121759768,-5.657261207294827,13.477163716517454,23.93898312682072,-2.953822749949618,-2.80085805717637,33.945090439382945,26.841093864284726,-3.8265116889633326,-7.03002461149169,-4.720177392335686,-16.607384906152927,-12.714166216568243,-20.741886181691605
1708,-16.558170813012342,-18.988237065332424,3.384844317197414,-8.019935489690187,-18.743150382747825,-35.11483696268657,23.900951629479028,13.414633666315092,4.022281885242204,-9.585675004178093,-15.320839432810228,-31.223327380660407,-22.404180137618845,-44.443557767062764
1709,-26.14349920686212,-27.16659960897673,-19.328207015160746,-17.092758634857972,-26.836885174333208,-39.70149280251055,5.223769613453797,-9.385115845811399,-3.2257589062343848,-26.60060466756145,-26.727706257871557,-27.918041170984257,-28.969111072423793,-40.72623931196619
1710,-23.171722491486307,-28.12752171900732,-16.745301312337038,-31.20081062094678,-37.99423486522154,-43.457502224141685,-9.898078084850152,-21.632202860450587,0.04045595093736054,1.3992873494625038,-63.785686222851155,-36.68798872687167,-40.5127321962572,-39.19690823377287
1711,5.505804719346202,0.1617578252463907,-5.5481163684203105,-9.224250167741925,-23.4422820161846,-22.607641053935225,-2.566472911117763,-3.007919504285893,-8.892164377124633,-20.912697624125286,-35.524737381086155,-12.962379938247414,-14.321967172069938,-11.245970254707645
1712,7.742782588864183,14.365233803652483,11.230455988868238,7.309807529502507,-1.7605059143023205,-11.783618677136843,-31.6819437280957,-9.869808938008417,3.6391854763500504,8.57640361641207,-71.96613548491418,-20.05356585305777,-19.355534253576057,-10.213724827616147
1713,1.1000552821757266,-3.086126299349541,-10.539162052572928,-18.558798965921426,-14.279868562907772,-28.519988078531316,-20.431991844589778,-19.555345608815905,3.4746514444641172,3.0257252099857546,-138.96654409928607,-50.20502668291822,5.20503059854603,3.2035690056339274
1714,2.503271412735342,4.3956657560247265,7.292185679895339,2.8606618403562196,-6.747953592935693,-15.04117496083076,-4.561852159900688,12.573782113243668,8.839475572547355,17.50180265989041,-141.2460286924716,-60.675695395886706,-7.358418333863354,-4.084508774727933
1715,32.33327783761918,23.065452570326045,45.99371108779539,34.21772102695549,30.209820721589985,6.435527731316163,2.288218786278304,27.358344400248672,-7.503756643141139,7.161585789602948,-59.16888683017196,-27.40424511945403,14.295092864339049,14.956656844080738
1716,60.30407874660216,49.61467211988769,60.56203542565921,57.94689290105415,61.29876944428237,57.96537322411801,1.5327475932913666,31.424562255147983,-0.9104633425173617,20.636639722350044,-58.42300902058797,-35.13719677921427,22.400641788090017,11.00961474267274
1717,62.110317370577455,54.0193876071872,39.825319929267174,39.375953407537295,56.14021256819502,51.814716481047135,17.37224070000485,32.418452526653596,3.083807056542387,9.207624375173674,-44.40138164786443,-20.876543693012845,36.36775126586225,19.114593074110175
1718,50.91161286664654,49.9751623483318,52.01672618650522,42.297907388207264,77.09537725169191,71.48779976025652,27.925535981416648,47.035306366942564,3.3014904777463943,8.627020590452195,-76.9448956583667,-27.002643717889296,23.039114323550166,-0.2612019701790864
1719,41.33009859107319,45.62117489468301,66.86860164799123,57.7187490180785,86.49240995173281,67.39499624190294,4.819887568383497,40.30449145488297,-10.153057981807118,14.48348420180284,-74.04071880193202,-32.01422336997121,15.96271311647418,12.852709657083805
1720,49.82737745786801,63.3804352390496,64.30229538455576,47.4730693625333,84.29444917221205,81.85975792847402,16.11243033950611,41.91166707361733,-1.1304265970414233,12.461856678455863,-83.56752609074368,-31.866370273107194,30.77794356256213,1.1937003862167919
1721,49.4572874181794,66.07547088488955,60.001042914970064,32.78172242254949,103.99197607410794,97.60258255134876,14.721341041940418,28.35213191678365,-11.433003482121016,23.58122937716906,-100.43797697763148,-41.522846622909526,21.122923618181794,-10.538704804360322
1722,70.36262654646326,99.0172749436765,71.46770000196577,30.050892215972603,109.81981562750475,108.60417203908749,9.730081348993737,37.096606444684646,3.188200252291318,9.430926582637714,-67.29410197186465,-32.7143928650377,23.804163998491443,3.527765138634535
1723,90.08243162616807,114.38632988643218,67.60169920516815,39.158504611919675,119.98434271848998,121.11716173272056,14.865894651728652,37.93851602195007,3.969543847588922,21.15170330185704,-23.565868532242874,-4.170261685226894,32.2702490451442,27.475798000215025
1724,93.55305186812562,110.84445574777658,44.29236142093037,32.60844674103463,110.12542063103386,115.13504816909972,32.54139003716465,39.84570509931602,8.281836245288623,25.727875710979383,-13.73244726933131,-4.062192149031094,36.76087390305488,26.399072407551124
1725,66.34419261219392,92.37554606076182,23.828099897252283,37.05189922512674,80.32610726381516,98.98011471200333,28.007304765805454,25.229053495859933,7.54806655528166,11.962639354439226,14.308351332388401,1.3713281346328858,36.07073954672845,10.739106391463535
1726,67.60298415178083,87.82435320907916,12.63005661967001,13.179917063660318,57.295487089937545,82.99910632867446,28.477213741652065,23.94441406856128,4.235904773537443,12.677205757592082,61.44493561503023,15.83629840747942,45.66333393412214,29.875150081544064
1727,70.8513310609232,85.64816482412246,26.550758118216446,37.919049734249974,50.983029783250515,74.08923522925836,23.57981410178403,28.083215941141088,14.973049679897123,10.849382660355769,115.33496362947695,40.86818896624176,57.78740876397073,44.85268539193849
1728,63.065011410932684,75.53986842852025,6.970455407941231,14.358885984460276,34.06502675337208,52.18449916977804,7.156922511405748,14.449691798901757,10.435470391313833,10.055918533623828,91.23690587490594,34.160701181964164,53.412347338074525,37.76014722943028
1729,40.007056790760586,53.31966890868232,-12.824337373093904,0.8731816528603462,16.859926986716182,39.13474037524065,1.0618896816694428,3.5881449051922076,13.310591914611024,27.939688495328113,58.45726546463814,22.74859778260837,26.60480523996977,15.103703327638522
1730,27.292811308079706,33.167098100299114,-14.009673354286617,-12.965251012658104,7.972011214869127,22.479503702666864,-13.013494442504564,-7.23164747392417,-1.1728377820477103,14.53043369603537,17.937565162501386,-20.023993466095746,26.761386267394798,6.913763744774786
1731,14.061847570110535,30.78459197351807,6.4072484048748715,8.753534306225863,17.99449394512439,33.85507556153177,-3.4024290777469033,-10.132011610286181,1.7319400476409257,9.597330185598464,-26.0819229256944,-13.451931218389644,15.642512830812509,0.7308506252648873
1732,1.9265483426491272,19.96304774849385,-14.995828402829323,-12.48073830886467,-12.188192032245748,-6.336300502952022,-9.988877213654868,-30.145110367362076,9.06298951601457,0.9618428961589021,-55.74435004007199,-51.571134975297525,11.219021278925341,-13.50583972012265
1733,6.661998465147809,19.331131336187962,-25.01236726923837,-19.25576938719036,-23.416218306205014,-19.13766687494822,-30.24586267310182,-26.991895912713638,4.725689702328732,13.285529494905955,-49.80377385860181,-43.871399237874726,-10.378327408701526,-10.551747185848319
1734,10.880532810435973,13.007644587127254,-26.74153149247572,-26.147578692548468,-37.04822821113267,-39.26514181851415,-33.031781678687864,-48.004510592189646,-2.035909713262343,7.670641998929355,-19.707171537315755,-37.797262014376145,2.0998913162617843,6.029095694106653
1735,15.346827007644473,21.467617528927246,-8.497747183808405,-6.178192625352432,-33.027484653599565,-27.60776287105769,-30.952940643213772,-32.7659436313914,1.7710345855964256,-1.0156155283116592,0.2815857976673727,1.225286212945581,10.405257053507578,20.047850971827565
1736,8.9156819562975,11.18072904312076,-13.206210896482448,-13.153826403734618,-37.88502905970234,-31.586672083993513,-17.14963558119401,-29.591704278851957,-9.580817759065997,4.566732792642822,13.307838087266557,11.472205030576136,23.329493118350097,30.623243184711843
1737,-12.265746347674856,-16.69881604861875,-32.00319152687694,-29.566387948965314,-60.42355822223995,-49.19455834427024,-40.35972538144018,-50.874635366486785,1.3597369585874801,-1.0866809022895407,-13.336136767925474,-16.185775183751023,8.847553621711572,12.733053963117202
1738,-2.9942022303117573,-12.575370773053162,0.8064606617800143,-10.76157606087158,-32.557653035752836,-32.821274713482396,-39.173576049705375,-23.96856175004728,-15.200550942259575,10.14171372500979,-9.889893331235484,-14.462702234356593,-0.20312862088699837,12.057862542931337
1739,-8.873648033917018,-20.679789647650814,8.65014288458932,-3.7239635529662456,-23.21570835667662,-23.110343840070037,-30.124693476918164,-26.79957568040161,0.23869393758639865,-3.373342212909241,-24.68091326520351,-29.805429082783405,-0.03222943453414965,-2.750415772057145
1740,-39.811785128683255,-39.901623049804556,1.014589818858698,-14.8555991431361,-40.40948177573916,-33.714028989584435,-33.50990282431789,-8.071778024115744,1.162152757365581,-4.4966530348438045,-50.234187381190864,-49.7692720114689,-28.195728356482707,-16.610090901362625
1741,-15.879977717227941,-2.787978837117333,16.110173922815218,6.346681911075818,-30.633376144328565,-29.93606130354662,-20.859130781023413,-4.240090373595038,-0.6618171761893189,-17.753303303595793,-49.84489699235799,-46.55689948563656,-44.48235743749652,-22.869335093149633
1742,24.3410815612404,38.92545960643181,36.8344280420829,18.98294031698325,6.718841980842681,18.546036662407165,11.2185082787824,28.96776490324645,1.351951414614127,-23.82313275271699,13.468512581855537,-0.013930562755634115,-36.21809658535437,-13.515816164351447
1743,45.337683109685806,43.62821070706611,28.149108264667813,12.390902797805179,25.781658585561495,31.507632860580696,32.47931546059361,28.178197903237407,-4.246614225851321,-5.654391009814945,60.87198968952018,25.425443833491798,-16.097021814513365,-12.116325365212894
1744,22.44071087930647,22.317118486999874,-5.111426530543591,-22.041238749638275,1.533504814547733,11.96083436678316,6.517178688069722,11.241092856099735,2.5399083981919017,-22.254605883086203,35.76672806606586,16.12449136180469,-22.605070368752482,-13.978146663390174
1745,27.46368688587971,36.64886350738347,-6.318881756420388,-13.444117100714449,23.620405833012853,43.109966562792636,20.15491120558311,28.1387805998239,9.573148195790976,-10.258638276329629,36.23027660280653,28.61849433391924,-30.424337876165353,-15.37459344886738
1746,16.579657625449517,26.639259476919005,4.872956099901283,-4.819253160940177,16.311878137953343,41.15627492577338,21.969876426690742,29.58650056899454,5.636644075305902,-5.78035959741252,34.20411338792077,24.494809859967386,-40.951885519933846,-39.981591880272646
1747,-5.960003345790668,1.5138307743326722,-26.37500061249804,-33.97416351145671,-9.28392765286915,19.3336268671818,24.531531255646872,-2.2906933778141707,7.925589430118293,-25.334905018585623,-11.098209823819559,9.855540529842047,-48.97224282737802,-54.9050394134887
1748,15.843166735425447,28.088440804249085,18.413673845376263,12.853014272130299,36.43406287943616,54.32308917533306,31.403755427201236,20.625537622843524,8.932086579059378,-8.900180738622321,40.43920162692044,34.66839038278567,-17.947353437154554,-28.869774150070395
1749,24.537731560178276,26.009457617173336,26.226021869029967,17.66980766649437,13.967348925914845,16.988584467078102,35.045872506840716,22.032192520211872,12.226730621686988,7.237060309610666,8.145786785939169,-4.8562868784761,-21.176413690885088,-35.02312290936323
1750,4.441367079598412,17.942340189063973,40.03085822059241,48.50990330097939,15.105920719160066,27.78263531386751,36.333055374095345,41.69402531584493,-4.6140002506180195,-11.518773192913565,8.112392102100486,19.464476294470753,-25.447100278342166,-16.73584253081281
1751,1.411101598276133,-11.293471016701488,8.421116392263995,-2.600505070836228,-25.55613275793833,-15.993963580812151,20.391753654675746,10.876483154430066,-4.6588641607831285,-6.337018516061849,17.062859763499446,26.504261849103116,-16.453614534803155,-14.97378652636997
1752,-22.7898086504519,-30.12398426444863,16.346883062318735,12.838797853278429,-29.91839263544733,-14.637994849066155,26.597808540235086,20.81977505997107,-10.749179356601383,-14.079397074063012,5.919205963951269,-6.699496622104988,-34.27616221170614,-38.059145004487995
1753,-24.552799931383372,-38.187273313956325,10.792059674665119,18.92115804310033,-20.710732336699827,-14.002172232092873,23.545099703753348,21.38920057461094,-1.6536484147161488,-28.248393639682078,25.595458270960748,7.888432233631546,-31.31753159499863,-27.58989782049214
1754,-34.147610079160636,-42.25976589618308,11.437808418050265,19.34177045274026,-4.009600945454992,-9.928909182338032,15.34031342211746,30.595790984971423,-8.206506683924333,-13.844554770134978,15.474654779879462,8.010315547575042,-31.323531134462506,-41.09521526082453
1755,-20.29702119671271,-33.62476655839006,-29.90184257117046,-4.151887440343272,-29.165306498402167,-27.35860148956638,-13.222653523356273,-2.484983073475789,4.2225012774591315,-16.29340339245087,-4.977459978267332,-15.508789002490298,-19.32924524287751,-40.635895700617
1756,-36.57304810081286,-47.807501547512665,-31.51265751058388,-17.186196451253814,-33.2147168348168,-48.62058647186867,-15.380550652665518,-20.623324354432903,-10.106906697947322,-10.060221859152424,-12.6928935236492,-16.386105116554432,-35.856468500649015,-38.380950699206025
1757,-16.09824537591186,-31.35622323357726,-26.084744441596,-25.143185287791695,-29.14030409729753,-30.32527266193401,1.553692286262334,-4.1394582309520755,-8.295239666410998,1.3239671438672689,18.041583940161036,20.47083252056269,-37.036680546766895,-24.593827056195746
1758,-27.60833694799311,-36.12497197995508,-53.90469089165121,-51.90794119939357,-56.72622472554738,-47.13337490118323,-24.612657971436565,-30.85596978784405,-4.929352668428354,-2.90973553363667,-21.356469835471373,-2.281281885304282,-41.191620593245915,-28.346967762054394
1759,-41.40319257024913,-60.50971668624508,-70.62184145857616,-65.49744948381904,-66.82796351514205,-69.44335947759552,-31.23397515383244,-37.87621599302707,-6.433488014096454,12.085780952694257,6.4454580167859055,4.235405059350128,-41.65180990328189,-25.089519959261953
1760,-30.674272077693054,-50.00360433471167,-51.299202436251335,-39.064579077660255,-56.207482968743236,-60.584986111342864,-39.145271263776245,-45.127234213224874,3.1804052105088374,8.808050510521355,26.101174272387425,14.931746150828612,-25.714459981317393,-7.242352774132397
1761,-36.55930311826864,-34.211727371531886,-31.027517106212514,-22.06624612131733,-36.51425393643951,-31.826417336047054,-25.29867292310524,-26.74447322209435,-5.030796039921415,1.6308553236899348,62.124218541025826,38.0777657638031,-3.4677997617188816,18.931309714291782
1762,-26.151408712107536,-25.452080324514842,-49.74303812448227,-37.81268526445829,-38.55658407827772,-46.573275219379134,-31.700105904359873,-65.35578391575896,11.970043152802559,17.11056207408376,43.057336657656236,7.114601953079139,25.136076667252723,21.151992589038606
1763,-28.661168832679373,-24.54399286522758,-38.07044884091672,-16.7578257459148,-28.962767638950808,-35.18150216525204,-25.457977234079145,-32.217436029956495,6.5353230394641955,2.065066811932942,34.872726507989505,12.811954627559983,6.764046732199379,14.559663088534553
1764,-6.776357413372326,-7.250896173111147,-9.983489435316072,-6.922874453340792,-10.458983911796023,-8.983656263159597,-22.138036997398576,-15.696564054373885,-1.7875697477533494,3.1540491320977435,48.340420719724825,20.4849122099824,13.347545360667157,23.88639028606245
1765,-7.44654470727438,-1.4156575297785428,-28.56490090537248,-33.54912464137802,-24.279956775499635,-14.997534270337495,-22.64978579253695,-22.13328101209491,-1.9391754928792704,-0.4150306124665335,48.24396773251975,12.748753879324052,17.295259390617364,21.322382712242703
1766,10.652447125181302,9.233557770603834,-24.983536382998295,-26.725995867876403,-21.415907343047635,-10.512523489131967,-19.19093423193767,-17.824689428833334,-6.499156341814235,-2.315712408518399,26.96568412650386,20.524347178699333,-13.766628919932316,10.729900053911368
1767,-6.813430199422278,10.719960038408999,-1.504689515183325,3.811262250869602,-19.322671957644825,3.013394717473521,-15.510593020217941,-8.059451892955874,-10.295595293078412,-6.0280667730060715,8.308174801353307,5.482345186054598,-18.25570403194266,-13.828792202285301
1768,-41.22138735987201,-44.45682820568258,-43.79159023289594,-25.57637506292899,-57.23596298393783,-46.94166198230486,-49.93589129680725,-46.99674975046911,-31.959725329596342,-15.73753846966776,-24.321620043852118,-23.53457093505965,-77.6196609436299,-49.20335504331654
1769,-10.813547094834298,-18.533976938648642,-18.98407814733889,-13.902439352634318,-36.047873711106035,-28.150488260388986,4.106781510340687,-4.98586794719067,-1.3101440448513924,-4.205313496995695,21.422841669865743,3.665627750078324,-26.7313321299837,-7.604070985798028
1770,3.9527447079040576,-1.2355934037415865,-5.893754701327129,-8.523722840589182,-27.88411773857772,-29.246447089088782,-2.2941188980332834,-8.755367524146262,-5.1090991250018005,-0.1804963295474673,4.628426912606093,1.335036579619668,-24.567517710338567,-19.593165626182266
1771,64.33086108121454,58.98315869327597,55.37004564866692,46.658051365226264,43.2884984731893,41.562421267461914,14.546462600241354,32.73888456143975,-1.1713786608227519,8.530029602066056,78.55106157500246,28.402299832599436,23.047550284575888,14.874093103179069
1772,71.33844495892708,82.42494801610748,62.74204624500859,53.251299757515284,56.74057507599266,50.77813581523924,5.772142981459561,32.20706258347313,-4.5393677419434235,18.184691004890183,56.92997157526764,20.692079926484507,45.82706487736162,44.235348421000815
1773,66.08756099252213,72.44672060157187,65.97729408929159,72.19919945852712,61.57885281888564,52.6827944058157,43.729359119848034,53.15440957931908,15.419510759946652,-11.495020066149404,43.37535692406427,22.222324668160873,46.155933948755546,53.1491466208076
1774,71.69641905873716,70.09538257132057,67.97416085716709,58.12182327494668,62.623100419150084,37.43286537709777,21.32954694032457,43.84290067041776,6.649745315070923,17.609022369963462,-6.663636893663568,2.1449649972594553,37.42664790024314,33.85685880026053
1775,52.71721855453537,63.76726970783153,59.331553468860555,52.81413318273452,53.7065873588916,39.602993503696396,19.331738646701133,30.056077993106335,3.9115896054962014,2.581023547710302,2.616110354191033,8.936950871095945,21.174945601502998,19.02248990386335
1776,26.240776755479928,20.121162196639634,18.36799281295042,22.990839027123776,32.2650436109817,6.926475090054325,0.5704058779605106,-17.878543134693288,-2.3066595752925303,8.122475597421367,-24.09400950251127,-9.501728832136513,13.079902166282087,-7.144265858561368
1777,-20.59280407488681,-27.390228365458533,-12.993422358005509,-17.778739103574587,-2.1132737784223083,-38.85673594054121,-7.652388033898313,-31.684135723506863,5.585916715785662,-8.320870320046179,-63.13624240948198,-36.42512816691875,-0.8426970123320076,-27.038604547209967
1778,-36.70434293893302,-40.08356759169853,-16.323051486855668,-23.09372231394163,-19.184046951250643,-51.24373590268046,-3.3864920685323594,-27.49775840569672,11.463960029125367,-13.450806111800002,-94.00887839207752,-62.165864956473605,-9.126479130451411,-32.687306341363346
1779,-45.33273453773191,-46.91272023314097,-11.911348558044077,-8.569160972916968,-19.394256398807943,-41.3315337730445,-18.93529723230152,-26.075636378722614,-3.146051507602863,-5.132441427973949,-115.54248187258642,-72.64631659690917,-30.091382669675735,-30.58565770252917
1780,-58.07890752974879,-55.57285935250833,-13.6816035224236,-10.431403746776397,-33.356111980333274,-49.054077219730644,-27.745140705410858,-28.66905138021054,-0.6874802919161466,-12.223040377979672,-94.05359734617625,-75.72415779705683,-13.84399291709008,-22.21052819801889
1781,-51.04292665967468,-48.63254203349183,3.1313177376206753,-5.095372970211043,-36.33501325352866,-48.76491408530147,-26.547104191917747,-20.464826896490035,6.2857265516904945,-0.8388439475792135,-114.41750312286001,-85.48874718832992,-23.469512865762155,-31.3439073198294
1782,-35.75482482198971,-33.02840264000047,3.0722550241635074,-4.78601296857053,-18.62634003210522,-37.899887023318406,-26.727473528544216,-24.520775519640818,0.13592788853136537,-2.3378335948651827,-90.5001003594499,-65.60613517516404,-14.939614871281325,-24.19982868315461
1783,-23.66232814801359,-28.012152745680037,9.222843184284724,0.4219227459585988,-9.755544911696957,-16.13955015556167,-25.28837289930994,-20.161067472369503,-14.479341928213946,-14.546151484930355,-58.870864242249176,-64.5117376525638,-20.700996509724266,-25.329642464661166
1784,-28.579559723031714,-27.192877870104887,-13.016989737392022,-15.689811065947165,-7.957152241112149,-21.717597817332052,-31.20127174362292,-32.427748123887355,-1.2676583161761354,-6.572541197606256,-44.679490262202094,-27.780715234836048,4.524644675734384,5.792246281171737
1785,-37.90639420552887,-30.158688403897248,2.9005555359730977,-15.455948519876705,-4.9485030421487695,-8.361633090873934,-18.39061269371493,-7.44332862595203,-1.438903761113903,-3.7378560492779336,-73.57783713342326,-44.82563364821769,-2.5140283290798022,-8.980464892073751
1786,-25.57505611541221,-14.836426820591111,21.660723540847524,5.72315123024088,17.362143803267394,2.97423454680571,-18.936011529059044,8.541152586206064,-3.356348089487138,8.479174866959575,-58.03220402403189,-45.29715100316945,9.767045488230131,7.7170722571431725
1787,-9.624317877476981,8.765676380226155,38.17008428263079,22.3391281551769,39.095611937639546,33.10049279852387,-13.961558531353106,11.457262400426945,-2.4469692641110132,19.9232190118596,-51.26335425013315,-43.516526693176594,13.951888197551215,12.02423139704942
1788,11.931829999032356,17.363184174142038,21.428324906131817,3.69721232553509,43.588668238614055,27.1355352833478,-14.458945106461481,3.1190009842837023,10.177324418986702,12.808548616440593,-48.71498507965576,-22.983561696182115,37.441611720431226,30.04614285608488
1789,1.8395015198280014,8.081388236068813,15.768855269921863,6.607509744687746,33.49536263502463,23.894752969763868,-6.0244127193449595,0.7323423400513921,9.49376320976454,30.418371295002757,-74.91152845694435,-49.81838136077103,16.772566932702922,13.046795987854345
1790,18.78687052618793,23.31185606370167,24.665901913255766,17.428678955368856,29.318250347723428,9.67701611769985,-13.720349793949108,3.670109377078835,-6.00085293629747,15.007052311428897,-80.81261840077886,-61.219946798011634,12.757073618007327,3.301124481938316
1791,64.0572596536668,74.14406823890064,66.60596646724484,56.10850130387503,68.21971183427726,62.75139530771124,27.50031074782098,38.91293735124038,4.034169176041501,14.505167916645542,24.497312270575943,10.958747658625391,19.555790792403972,22.17369092868092
1792,68.39735128113058,51.56291103074199,10.019109191947825,19.355865571089016,42.126389910748514,48.22631652475288,30.21113257015835,36.136799225720004,1.156415348446098,0.8634037198045774,50.33676403937754,33.47230208094455,19.488731584075474,29.309585576211237
1793,56.05403109212667,48.46374034518518,-13.775374630541267,-6.504860131125497,23.77572000158136,33.18320759315845,13.56436982503283,10.309276233385905,3.930792905486248,-5.330427449471631,23.26918776074274,14.865174984771304,11.536352787456902,11.007146228723883
1794,31.49619074572388,18.399929045906745,-8.517141913814054,-15.13905341924665,9.34864465513521,25.275473781615887,26.574785311790695,13.967939167797038,-1.3352167355764386,-0.5042383395445447,53.13970267348606,30.81066401391633,6.667270177941777,-1.5017772534126963
1795,26.92990406096868,21.475627899637285,12.944932755375719,13.910995546663809,29.0080191698179,45.96843596687113,40.37793909165855,25.045922440010933,21.352581558566367,4.728426160579274,101.62367512710078,65.23287821681664,20.56214330017665,23.04397243997482
1796,12.051769142535315,44.29175255593495,42.541276819717346,37.13711313917957,58.344953779513915,76.11603363506114,32.35159073998739,45.318999975809724,-0.3723004480676219,17.498668176078848,106.96453856109508,81.14403006265066,29.549082438408252,39.16030804018913
1797,12.185931158111053,7.61573526749876,7.43912766906741,-2.90697142101966,18.850384514727764,28.740583442676073,22.73651619943868,13.349930486428025,-3.34470721629666,9.64242890695358,93.18605571699058,83.840423390555,52.88061279006719,46.791539447574834
1798,-4.698034914761227,-9.121042073717692,22.53659775152741,25.392557380786712,3.294777515139454,19.373261864189566,12.90776141225315,9.556692641602718,-2.1659381284889654,-17.46481862410941,48.307257273545545,40.55977804475461,16.051859271525753,7.558107023116395
1799,10.946967860183761,-2.3456353692171112,20.900976704755085,26.473884719718093,6.066467214411565,13.278767343603088,33.43801150113577,18.39147281250607,-7.100269700301285,-12.893074832659376,74.97775708827018,65.08738778185688,24.46468616647039,15.43606178487874
1800,-104.76089275381757,-106.33107756215165,-118.79479339739413,-153.25497759934422,-78.66904655363334,-97.57992829788044,-84.62498878062588,-106.52038768392988,-11.760310376909525,-2.264479366037964,-69.91295704005704,-89.89720531928923,-108.38722846389966,-94.70237440235714
1801,-21.04408483159641,-38.54945508665314,-56.56146495489941,-76.8353618195029,-63.582068833437965,-67.1523566613134,-43.70933165457488,-50.15237147009407,5.223936093670571,-2.1445588313868975,-45.7221901206473,-36.97528718137949,-49.2375171498984,-32.51382866400706
1802,23.705375818960533,4.738581145978426,-12.614844396538883,-8.988011925631884,-9.350208537556085,-10.481180518343368,2.8528962236933006,0.13556950710056048,-0.68203568721763,10.122181343716075,18.5978236656048,20.773963314360653,-5.93970203801949,11.026213554882572
1803,74.0932961102486,61.71645015265773,24.41982687586574,9.611462360455503,32.27252737856042,47.719620216186975,47.49916444810501,50.286746266312356,2.519052670323901,20.152631241093392,61.2076240160588,60.2771350689891,9.001553733170645,43.796186622147246
1804,97.61351617383983,86.50220964015699,49.09624769842069,39.41821611952435,64.66023003166667,79.97711525041902,74.39677446475847,86.96449878125826,14.363450375616518,23.272388744128563,82.68519332694876,91.6819368602246,12.379525836556304,39.239385963989854
1805,67.11987044932414,83.68988243182892,51.79770665769089,35.818306497516765,67.16818681041322,71.26174551263225,70.14104008500523,79.37406470127267,9.484660972065454,24.730538486136364,59.695742065792764,84.49798063557425,-7.998122036599971,19.881320769619915
1806,52.05497171724917,70.24040332073928,46.519140669746754,36.80526456141637,54.459681468026325,63.6799095028398,51.97869972685305,60.687249554674715,-10.705425878134323,-0.969320965576578,53.053258615564886,64.6010199176043,-30.360112051187762,-15.769087537126914
1807,7.78474998989431,34.10229057531013,25.66645903479498,17.627458391310746,22.379662682777234,30.313062974915702,21.384694143270746,27.9122169619853,-30.539964703983525,0.7153021916749908,-15.934101680235383,-1.5603315225882806,-66.7395073350914,-61.622570879264714
1808,-15.888027313717553,-4.050318537256837,7.834348340841224,-3.9336218826537728,0.7367968569507468,-11.890650543872662,17.520265351012636,2.715930847574616,6.046807082709141,4.699100579895766,-11.069892067665172,-19.201026242372627,-36.98134884961156,-50.306715583026154
1809,-16.98642872279739,10.60985407379189,19.0065059795221,12.615117285154946,-2.7791841519332494,-11.47854452936012,17.97407354429607,24.826406319023764,2.19101868006713,7.564862625519627,-28.980926702390743,-43.41552270899673,-17.73373226973191,-34.87672206333064
1810,-42.61983831293183,-19.236972195354106,6.6518171969377775,22.950941022245097,-10.960528448646535,-23.9352552118193,-5.757164491009346,14.119525962254723,1.2967077018870412,-12.555658016939958,-38.42136509129355,-64.16661984090598,-30.44506901591058,-48.830114100471405
1811,-50.540157031776744,-43.87627220108217,13.338246499115796,27.809422833508147,-22.938576853001095,-41.56826396483488,-39.14241187400088,-7.264022583703839,-12.289847530746359,-11.402722746257913,-65.83463583033995,-87.82713132536978,-40.599899721303366,-58.90823062621684
1812,-42.72151093343834,-36.026242913927405,16.011864387524444,16.591916494080944,-38.20157645573155,-36.942663511059706,-40.09628568639763,-14.063718718526832,-19.087558264652092,-0.6079962227508418,-56.07407766380788,-74.20488978752286,-38.90756257133447,-36.407357828126806
1813,-29.529966751160273,-29.116150466810083,23.95710412197077,11.286670127644914,-34.972528203787036,-35.145596679900876,-28.085235135833592,-6.962190935198114,-6.950672893329659,11.57277540751615,-32.585564302413076,-37.19896803427353,-6.1973772813715335,-2.9760027643159934
1814,-8.857988591249162,-9.505943553579154,30.237183832402835,24.51565817424321,-19.193873989754216,-22.334789814978414,2.3494906118231147,-4.629320199233151,13.251470857062804,-3.7946041743281764,3.8548695749329767,-2.2371904115455066,13.525662040946836,16.90003917703689
1815,-4.777579633356579,-7.364550154074077,26.9945968668907,22.824765174781152,-11.380333114668039,2.302181992962754,-0.3360687647168995,-16.728709841853153,11.458359571552137,4.100699258183368,17.38122132778806,-8.785695155780708,18.52653892471309,12.76365738737133
1816,15.852118192776569,4.0732218807665195,2.0622780849906976,-14.530893317618663,0.3816363309132398,4.670616949564221,8.725625258088487,-9.168791736920321,14.268029800742815,14.669130424907081,30.793019266739343,24.62617943537717,49.98298780194572,43.839739693602375
1817,-27.5365041662762,-23.328318402410392,-14.17671955813186,-21.439811556777904,-17.805515902227942,-13.604602726977918,-10.690835783052085,-30.48056230330901,-2.7048978999853728,10.10787077850023,7.671056932112454,11.969240382093838,28.248852464676553,27.031903855246515
1818,-35.87560679017272,-18.71311265329222,-22.356504208587747,-14.315219569569255,-13.6238478075829,-8.491047599230322,-10.131592990567071,-20.928094671844228,-3.0651441030858497,2.790662121081776,-2.3432832329878375,6.55313410468316,20.13426726807057,16.84812288841154
1819,-38.171960069095306,-29.078477149304074,-19.387757455991906,-15.017353461059695,-15.585418950688409,-8.993855871043637,-10.286083583718687,0.4726083079672133,-7.925897163319623,-9.199799958615888,17.454861988577772,-2.9029258076512083,1.9822157166666619,4.236549227370369
1820,-19.39781907384075,-17.332266188321356,-9.224482513712887,-14.246456587677045,-5.3864099254768565,-0.0057842519767051315,0.35726890474326406,-7.009238808405013,7.142337165141381,-8.02691475457899,23.745706793209994,16.209452718246684,31.00486659374154,9.753764969240299
1821,-12.500329772176318,-25.51673006290324,-0.9340638002470995,-14.553912855685432,-4.268137587642328,-9.267540376653036,-13.08415460353285,-18.35931668468826,14.389081923381946,-2.069709745647363,7.94231537751887,17.60665516406927,40.04334517130373,13.552744183821865
1822,22.209788080372938,7.583452327521522,-0.2016420078151769,20.86235118185825,12.904309494082305,34.8801157352419,3.919632427924132,12.996169137394043,-7.624064580898836,1.8875374118554469,1.5965745571821595,26.925236634950167,33.620013723565116,18.24135612274643
1823,28.53494742324406,18.667838030742544,12.00466678034455,22.85733803512885,31.55811330899405,38.7622285691486,16.753652163793806,12.382083696156347,10.19493428928706,11.14184066656668,-25.140713475802436,36.629188834380756,41.984304635995045,32.369485459657
1824,33.95913726905505,24.684442594611397,11.229681716248095,9.166827479489292,27.354969060770387,35.09169340426494,16.465340038779242,0.6663097705134995,22.001899209736422,-6.498013931401608,-28.811942526189142,35.7911455054804,52.70648792890245,42.75999507211912
1825,24.96289164061533,19.295983618456553,8.893412576176855,14.472180890458613,21.034816480229477,23.68921042113177,16.994856947567012,-18.968447517820117,0.49393267424093246,-15.289816560298142,9.961622844666799,25.442571389891597,59.084387192054606,38.973421270791206
1826,41.373362851642206,31.266577468877724,12.1070754558913,19.443452376590187,29.9377182607393,34.974102911309224,4.264037262385542,-3.7453851913149796,11.242950137570832,1.405306605137749,3.5270978715040116,26.764638098648522,46.226323710446486,51.56972153410001
1827,27.81424641617358,10.383399806845548,8.370730610606428,13.934666428951148,13.944796377920849,17.05814462080844,-1.8513126795633466,-15.342308436638039,17.24384076658629,-2.4897818685294473,2.689777369035415,21.031768309507587,53.92972918616886,42.72664473434748
1828,10.015935831123944,11.55172934463156,12.959850112188152,1.6602714329201054,8.43972362116919,0.5186844397512844,7.514951525504682,-10.679792959626116,5.534156060110526,2.5691243545869584,25.211086047352794,27.94769178050918,58.79296024992883,49.373082349170915
1829,11.686988493717026,14.326943678476761,19.834370618358353,22.242033204515977,17.625192200937835,5.903896318294988,12.612351460309865,4.180170093782755,2.0131266778708956,-11.36895594872288,27.492663452642024,32.16308632585545,59.64320707899743,48.98388730487082
1830,3.8530274202584858,6.386796937762848,9.373659622833108,31.578674332699098,12.64633636342267,4.5025335892436855,3.7785664171947673,16.1614515317897,-4.866836108710953,1.7797526236175312,24.068665373927367,14.56376162887847,36.795717167146236,24.61343886301236
1831,1.1017124008333166,3.4960855953417433,2.067435877750754,6.888304653651218,5.363279010031171,-7.429828127382926,4.738852884995503,3.544198820839185,12.56451780255852,-4.546916605647394,22.745106243072804,7.6742041984553016,28.197750515363968,11.742748639534684
1832,-7.189819643313923,-7.9823398365455684,10.01174950519542,3.258576581590059,-5.023742461045751,-18.781028664403202,8.410862009464527,1.060625923883455,-7.172342813464192,-12.131622898443062,22.240864319617202,-0.9173241713134952,35.83879818561864,2.9315077682441175
1833,-15.77757304286659,-11.692362811659427,8.776957751933374,14.657608360676022,10.459033996847847,-18.096201836904978,15.954090658050413,-0.6194402585245189,20.515544745850043,2.3990164811105714,12.16377384578017,2.0334541338134016,39.07854173650468,9.781315018686842
1834,17.979495532323245,27.47928848931051,22.180824399719743,19.595840132592812,8.944093203546272,-0.4102562534724287,12.441689258530946,15.148515750815283,19.640497929790456,-7.300790229822991,4.112210033447306,13.127249593747747,40.231810542131136,24.293988544864586
1835,15.679389688421212,25.485134032581428,8.29540756197351,7.465378722803889,14.792275284326255,4.741456542372821,-3.249101775607199,-3.2621466695881067,6.488420856531008,-9.27293083418163,2.2970838953438557,-0.799456163595373,8.528447662938655,4.646720384642907
1836,0.5917278666573681,25.60128572075156,18.44134660740035,33.174533446981215,5.523259346045895,8.398745422498802,-15.859327370377061,-2.6466065719542344,6.878045162696956,-4.298280580900234,-21.736724933404137,-0.17380886748506688,20.36251055372241,6.232541141822131
1837,14.163025555496601,26.03247119671243,39.94250465685549,53.183873597666626,13.306228288099092,28.993256441040906,-3.7743373960932254,16.4378157084169,-5.180027635900943,9.21472716691747,-26.18020325255865,-0.37624126219476,-1.7950575077572049,16.18425646790052
1838,1.121720231706509,6.476752126129184,36.587954912647966,35.345562848128154,6.5954742424827,6.630024116220449,-12.610295924384136,5.727158227548367,-7.561377737271641,-4.383289410161298,-27.84973137478717,-1.5615111114808873,3.9730836008068855,13.054221863682152
1839,13.851873402466278,15.42984510622058,12.234737508957991,21.360259273534687,12.31578707163368,5.174767206396392,8.498683359260143,4.2606392037844865,11.9635267770219,3.956332410062274,-24.657432857251592,9.79490337684306,10.871025355270339,25.796728026181675
1840,11.457736519010012,16.061900211931754,4.506909536710867,16.75162266419742,4.138461616164142,6.7424764554347885,3.0829492862806993,5.7461409955072345,0.8548401445010102,5.765828225971025,-25.57203756048699,-11.555456585201213,13.000144600488246,2.171045424980681
1841,0.6035070306871857,11.101399413812652,-5.689177693271613,22.22895011107455,-3.6440746908662764,2.0362624126797124,-28.26407588286418,-17.463007000531526,-24.70612650241813,-16.20638854074853,-29.86551453727889,-20.158178823926523,7.477369130572833,5.827551459497122
1842,15.175033245776579,6.229692444263215,-24.707131209488654,-10.313142562884348,-11.235262597086914,-10.897140399944044,-25.897938790523224,-35.4667775484417,-5.909409754345325,-8.14679065846597,-56.30608260297539,-29.295058142272126,5.3960716819988175,-3.142260040737284
1843,23.27939086570333,2.963012885692857,3.888629182530083,-4.210417926320945,-16.58505615466946,-17.23794225086395,-25.17990979306249,-29.719666954705485,7.911487991836741,-0.5371794893944148,-28.277651333564066,-14.501573170526667,12.514248738635546,17.363025287280376
1844,20.99276010159668,-6.099176347240161,-9.517128159033772,0.5723937747667649,-33.96488526128374,-23.030522980057707,-12.07198703395168,-31.653873749460303,-1.9621912404195048,-1.8096232351726818,-34.48015196213986,-7.452111373517787,15.20902007872619,14.150342510944084
1845,3.3840987331007963,-1.644973244321374,-18.135800811043964,-4.247869514763879,-32.69996411953573,-9.877939033668955,-28.25952232255272,-8.003523613210133,-9.067464995965054,-20.23571886292227,-61.15718540061043,-36.30341566865488,4.561225556998705,-8.166692948172228
1846,-18.959731671417,-12.872399023597051,-25.227591107213403,-19.219907237791016,-40.55101632190312,-36.68080621000104,-38.99802927770567,-20.457489651650928,-3.621925867502911,-4.0608570961061705,-97.51167869755041,-52.692924835746595,-6.966333758176164,-11.31009786750905
1847,-1.9136705819046318,-17.10967318301012,-35.1449828073656,-32.75473853261275,-28.027149108127936,-38.954151369234175,-15.273370580848832,-7.629053207008349,-6.2089961332704,9.033340521837937,-61.46004906478153,-40.51225072645993,14.606561253118166,6.567900125112064
1848,-21.164313789407675,-28.54130082805076,-26.466334197171093,-41.88203606866445,-28.407854719200138,-42.284253049625924,-20.553850005338603,-19.891168155186655,11.233560730559388,-2.9947407642549675,-40.41671772965991,-29.267742960734935,14.273290462319112,9.803005500255262
1849,-13.628040673558761,-17.892064201504635,-15.152609523469328,-25.33747033128232,-19.429544886681903,-22.443311723597965,-14.287830159830309,-9.884062419552944,-5.4617981787542265,-0.15212228635285885,-17.588499124907116,-25.14311829583906,21.751122141209752,2.425972642127435
1850,5.705734342437814,2.7674386709798924,-5.921099217994917,-4.3733650260312755,-0.3042881864244834,-14.122657101440064,-23.30800567206197,-15.655381768048088,13.332930494496965,9.836886773118156,-18.998461015054907,-21.576258054926257,27.659010181190588,7.295474643365647
1851,21.60295718977124,7.318129847586148,-18.560134481841917,-17.119910151567094,1.9466579576072034,-22.25478540886615,-19.541921006778978,-36.01969082926335,-0.1950731048511957,-18.34665196440323,18.431278677790047,-0.4250624574961495,48.062896958958895,34.651566507702505
1852,10.731587719982151,-3.316075748988633,-14.524168772766496,-16.934066279596003,-7.295852665228347,-21.40586777527951,-22.675639616078964,-32.84032275282035,6.861889558985333,-5.267379726259433,9.07193069499679,-2.280753893317889,30.96374316344369,19.210802867783933
1853,21.141622922705686,15.276179695565837,-5.851704686829774,-9.9848429775679,5.637031436772377,-12.838804586665557,-0.4064010421483348,-19.75476167995165,-2.6549457898257245,-5.882398132255767,16.642313000336326,-8.015693717293502,15.160417406522463,-4.2240077278390995
1854,28.94944618457147,23.643094301891264,-18.939327993826364,-5.146683310767246,0.3634458440965725,-3.3867102747609343,-2.022473000189993,-8.681011118173842,-9.666892730524156,-6.068910177221624,16.82079241779819,-11.201967573617019,-14.871683558992878,-44.6026745971131
1855,12.100594452617067,9.089331281472724,-16.78438074650782,-9.820401753765537,-11.384813118834245,-9.259956558662962,-8.989992157050725,-14.668167450517998,-15.239375348527817,-15.053728178186851,1.790910152124319,-18.144328267860388,-51.78912627875778,-63.75401080182398
1856,9.890771101864722,22.409891793264848,-5.455048604042751,-13.567810166362632,-4.531187367083572,-16.98666859236867,-3.199931093984342,-1.0410189012327045,4.293747972692554,-14.83572788898443,-0.8554628455799365,-32.94868198438834,-66.39191185517872,-79.30396202260994
1857,24.716714435027175,8.26376202018758,-8.26514890487063,-24.25695888559627,-2.43113885140086,-10.040949448021795,5.536734821825201,3.8742545324686994,-3.1588976894573277,-13.32399257267289,42.59688378972484,-30.173295989294964,-61.23089713235512,-72.32942357807559
1858,-13.648387975765331,-21.438526614711275,-20.92934319201767,-46.07803725866576,-7.324775918019479,-27.783703892770472,-9.452669034955358,8.70932131652008,-6.084037949280945,-6.144861621775312,10.521675604111342,-41.8621823752272,-63.287439338331836,-63.81817285289722
1859,-24.71222816366269,-34.42202651517777,-15.589457176870056,-32.978451865795954,-10.05892672335562,-26.897614058243455,-15.802710231851943,6.199917185791369,3.097026000265411,-15.710798819907872,15.540299203381327,-15.867030770800746,-54.332563197846156,-35.62326840291781
1860,-18.2876263258837,-34.212755764069065,-6.749250988861228,-31.936395855956835,-3.7642840301074623,-10.183171851036617,-14.360525681129312,-3.551818740462661,-11.34459071156291,-1.1755773648946493,42.266094791145086,2.8271093486714687,-42.91425134328665,-13.147937087302525
1861,-9.09574215117535,-23.81447276006926,-9.158598063546444,-21.3083643780495,2.1510072924978205,-6.328209891921085,-3.756777866926864,-3.1476660934782634,-1.3968830528844656,10.787174779969884,41.01961915449847,21.161099827025016,-29.148201466418975,-7.392559556809103
1862,-17.7262437418954,-30.897116942994376,-16.169123422092458,-21.19369367353571,-8.689636395737416,-15.339189780358847,10.843182882809078,-10.449104615111159,3.380741838060313,-0.8487793267705184,13.69582245517039,9.107169608565531,-25.466368541787908,-4.001595690583204
1863,-32.59213867323926,-34.730306159329565,-22.20065206193452,-28.671569886389864,-10.53814774405901,-9.88460111038433,7.086667817835427,-2.7360818087301686,-10.20230519319275,-9.748304482149795,-6.217267709982875,8.75601543140231,-44.09760881286651,-19.791093655706014
1864,-10.754048593523425,-22.48299311746199,-8.053686638024445,-8.260614983299753,-1.6273093286901323,-4.6255680426407055,28.880889945062687,22.52818232951846,-7.682410758298839,8.1013480580182,11.935845029279028,9.934987140694298,-37.73265302906915,-16.663462397402128
1865,6.031173737872812,2.955669516414974,-0.6197675617313179,4.4046564951357166,8.360587381131621,23.576104171920655,32.51889068379092,44.24936787754176,-10.99384103708127,15.969347883204472,7.394066060695893,15.571999203073043,-37.98765965985923,-27.843477763836248
1866,-20.128795494137453,-20.773030783894328,-13.999408909309336,-12.463521105640528,9.386971834911362,24.969329397392237,20.1984182806495,25.457660040001265,16.18948722825895,-10.468814580399435,-6.621697253279499,9.299783716433357,-47.81637268898076,-28.4848821202077
1867,-35.63387066188537,-32.71489130989703,-18.50937879599061,-21.403642639946543,10.074890570364056,30.99505157496094,16.96221241541181,18.01019954021449,-21.937305109072216,-13.419145792201835,0.32802486302242073,13.810421915110126,-28.750922785331795,-10.86103181993319
1868,-26.749173296900853,-26.640324260867605,-16.74982007059041,-17.58877813311283,27.918144624715236,37.56027387357641,24.374427004241106,26.460218536994983,4.871644089285988,2.849802112152722,30.756181212757376,27.20586379847674,-13.610694685808587,1.6930181735300949
1869,-10.52882313295661,-18.019296874616174,-27.398831335069048,-33.04263973996935,18.233604705995745,30.180582813004325,14.476967385640348,4.328522832951128,17.266982177045758,-3.516641495396099,27.619695316053296,16.969135131001696,-10.319291975073357,13.555530366872677
1870,-24.296038478293234,-24.313904096820565,-29.077932066951004,-26.969802476325913,23.091742001190195,41.83295623601891,8.303923305626423,-3.484552920102975,-0.10965386179494867,7.205012556784153,6.657624649357734,21.66814763595128,-11.65073151005915,-8.162699850412121
1871,-9.415887180061722,-10.499778103783692,-25.51882828480142,-25.02202842912029,35.69564652417759,41.48429273396453,22.561229286241364,13.891143202208067,16.989561382337282,1.7342138168785581,17.025728977990173,17.7500890856799,-5.141594624006332,-7.619202672675066
1872,4.189346938586464,-0.9173652040532967,-10.790503551757249,-17.7081586474946,39.21366206450223,50.8221775316258,8.33919933653779,2.4497749306025147,0.5106687813535871,0.35430779902251364,7.90508664007406,25.44297510967149,-0.08711377746919265,-8.973347410221454
1873,-2.217809425150263,4.82753182546095,-23.497389672585214,-24.147133217294147,38.513140125094424,50.00325441665302,0.8750484903919159,-11.392397328976978,7.118800473563625,-14.800994798051992,12.594241772768541,27.648977798489906,9.331247076868939,2.9926542961265032
1874,-7.945104081308571,-4.7518915901522565,-27.294950535861542,-1.4270623361364951,35.481613918959525,46.11246961359891,8.790429733730898,11.464052961593376,-10.112610895763915,-2.734903488574104,24.23634374695289,47.14798442090008,18.694340004276288,12.299946172959107
1875,21.363657083003176,8.516882669850226,-1.3089450643949512,-6.167484633030171,56.33669712781203,60.83890805944285,30.093596401603666,13.36855105714937,11.840054209751118,14.113945654444958,56.28023693854953,68.38917081320614,26.344104179661088,36.06447216603341
1876,0.09101085522557442,-3.3323084560953324,-8.268170392674785,-6.526873476358923,40.59414710072649,49.116839705896766,5.089484152104831,21.091915820608094,14.420931895911878,9.945378689283514,52.12619723909659,66.6641213472398,32.672133623967575,30.146324837056547
1877,-9.147993955011325,-5.307307792893413,-17.351498131283513,-23.492564595140443,9.09935883668902,22.49886248296091,-8.868495152367144,9.219027778444863,5.932809887458922,-10.74461032904111,41.909147977455675,39.83774208913326,14.274915701021307,18.760147916013914
1878,12.033606950441403,-3.756091107370742,-6.548037676868739,-9.503681175572837,6.7868492145706725,11.693338987850337,16.719535338560718,32.940460340752125,5.341961640845636,0.8115864135454989,40.474360343985516,43.08483442097385,-2.6371663097557247,16.773356356155556
1879,50.319551309302625,39.89230151948804,9.30069497726045,6.47786317862712,1.9384872590280189,22.442691876936895,28.301562637446363,29.974738457829158,-12.558208935335358,7.283682700880114,43.83669760061848,39.32621477890022,-9.431882677731691,14.216071047315893
1880,71.2363639701069,62.683280963181055,4.8625865547424665,8.836904896544091,0.4703393501388129,20.384207257429455,33.593132530275696,35.89475826111089,6.930059633385903,-11.29866384884675,51.95041990195887,61.70885316444588,10.024764205517954,31.66299359183442
1881,40.20786032498906,47.54101858037342,14.926226459167843,3.3482235119987673,3.021771599165071,11.106474315769896,10.56126963368481,-8.13044924516888,-6.258925360301048,10.003196593931804,46.809490670556976,51.153492243250206,-14.685338791119468,14.907647986235906
1882,44.719327290584474,53.81825885464975,6.274493356867377,10.095079722522884,-7.148744755829606,4.360508880184198,11.462758881359244,-12.586814786077507,5.6309156755932195,18.029948421510248,58.903673100088504,77.0551082436973,15.472913317019351,45.84937376725455
1883,18.71172570065382,25.257049620645372,-6.619793233036293,18.35437358800554,-17.91222076253095,-6.819933259027775,-24.832143268867473,-12.171365605051381,-5.4766079886931065,4.806591091416174,35.76030617784379,15.967108821939128,7.177577249017244,15.91159606399092
1884,-3.9140334264504966,12.203500422401728,5.374095112480731,16.11171970150172,-33.472554011424236,-22.872673484410647,-39.293020587952405,-16.237668828544262,-3.4577490920572047,8.439898064005721,4.111966862129899,-33.47099867591854,-10.224445542660185,-11.73280313661278
1885,5.661278169978001,24.67089578186507,18.04828389690088,22.79953621023667,-19.455850606023628,-35.88520899949809,-19.052256056766605,-16.870254869113012,-4.277091119406126,29.30733631787585,-4.866986758941691,-44.8613601219116,4.748927107843742,3.491616066876524
1886,-5.444955150041507,-0.4869948771027221,4.5729390400491,12.278075945502446,-18.336569852801926,-34.404215462586635,-14.923494010545445,-13.088383753205383,-0.18592803629392782,27.247677225806598,-8.814559099670744,-62.22014713935088,12.788283981565586,2.173536981168593
1887,-15.108233942026082,-4.9520074698795895,-5.881339891891828,1.235616940670548,-23.69780030404626,-38.00140936126132,-16.44465263721833,-14.604117232717494,12.767932251041046,8.108715592312382,-25.750585338005756,-79.33196963110987,26.35198356198749,-1.1127125357706624
1888,-12.384662427962297,-9.786584717197066,-7.210629108752104,1.3818549813900054,-25.643496116134838,-46.28810299708472,-23.26709093211387,-37.96075405374564,13.076889732689246,13.803841880850086,-35.84824520981766,-77.42210826608321,25.525914599250708,-0.44062027176109875
1889,-20.32995236171784,-22.142737593189352,-22.35495576474212,-7.5996164430592055,-25.90185524778153,-47.13842153515965,-21.78431340395168,-36.31488027246432,1.51185130315843,11.587704773792836,-39.15442922236963,-71.53165640096789,18.014223647555056,-10.450822890924185
1890,-17.317554834435214,-28.033154328295574,-26.887802746512282,-23.25908599209335,-25.479243064664857,-51.10456637114027,-0.5531905149106932,-39.104871300629505,11.733627492583695,16.537709009493902,-39.767603810722505,-65.46777598869926,4.92866831361951,-24.527406826511363
1891,-11.313522438447357,-20.911584717202576,-24.6137036495395,-27.949937278327994,-28.29000099922381,-50.25047382360557,-1.8751163025508382,-39.63342591337728,2.8319747971730855,14.05451458083642,-39.822503210102546,-74.09242630226137,-12.53364228375671,-46.4966434669964
1892,-27.649905820042306,-34.58721028756075,-15.425207945555867,-29.02478552011129,-21.993603244230613,-33.781316902806125,-17.819203450698744,-47.253921364546564,8.299487268571038,8.131921666373728,-35.972168334691304,-71.24888808968508,-23.87161520141411,-38.371723369206876
1893,-21.02883983677105,-23.146760458037527,2.3158663329537816,-29.70440382027342,-20.155596465647832,-24.470073139659043,-10.90000184028103,-34.28043216163334,1.1094742765324697,-7.099686702500828,-8.117870079305392,-69.40821757845396,-9.864281396808922,-30.661866686086523
1894,10.016773820421172,11.068950374925915,9.803938497251508,7.628604186134845,-4.290002035253553,2.6295784830611404,-2.764331304552886,-1.3416121779913872,-2.2901102673922233,-5.249274534523506,-0.12143312114242377,-32.04078822028454,-0.5776983583171776,-4.117286430673058
1895,37.90716971361342,30.468885807995857,22.00124677961257,25.367691924476127,5.966615226656982,19.947858064765118,8.32341794460991,18.411339183210075,-1.6449408022207,8.398103190391438,15.442086313272448,8.248186835758355,13.372218673372153,19.35052664163087
1896,33.83067433556899,24.102156410079857,20.694732891386913,26.560436639970234,13.677711664165102,15.181184294052589,13.33762078078794,24.093576086206753,4.804455820958986,2.0539457298288513,50.81796260127443,18.78878520521259,15.184626373056354,30.26851073177915
1897,59.46018611722109,55.46758909689103,40.77567073091452,45.93799097118346,41.2996760314267,35.13168355975079,18.33050414988699,41.64716142635365,1.5040742525174597,-0.6009509364869237,56.55825484312979,54.99007160799946,36.31645407703726,58.438158187959104
1898,54.33372730067113,55.1938381947677,22.07319433969413,46.530422260040275,38.56342457455241,34.037150382845994,10.660251958633364,27.519875001486792,-2.6705092462133435,-7.232377798302925,44.94605714051509,60.337479614467775,27.340654849238998,43.91947447607359
1899,47.666550247695056,68.90256541124684,20.315897266858098,42.544471278767936,47.49163290263052,50.61452840310305,5.194045841825049,28.440145329080877,3.623644553455939,17.730468836330633,39.16818920914043,81.01468563721508,32.26031736721878,55.83008313682647
1900,0.16154848536197422,32.84961585329475,-8.774609475585514,14.950196577629294,15.461265808141725,17.906171084267235,-19.98158785172993,-5.421883553382093,11.731026596388219,6.347887542357185,3.0680535050003175,53.22853143966878,7.093793119244629,35.26891752439241
1901,-9.235877598033202,28.826953890527065,-18.25293059167822,16.541280639283137,-11.555527607715238,11.061768046636931,-33.93954491601797,-14.919625702403204,-17.937807907587924,-7.101216997884778,-31.251798214874917,9.627078287872388,-4.187028876949774,31.371430190373648
1902,-21.71032423908692,-6.378649020442942,-15.167793700378937,-8.478309310170742,-27.456082083521668,-24.554458558579075,-21.659911745422715,-25.70196332058461,4.406108172141061,10.09480256443752,-33.05470204446375,4.724304286291016,2.796242249384816,17.290105811118245
1903,-62.61202326202311,-41.758337761665395,-13.603779213396825,9.233638154064463,-27.85728670670051,-28.954878227053054,-12.000871994693863,-9.354308572206836,0.38174320404423057,-8.041372047550695,-3.9379476080578906,12.459844898448475,-14.663806224996042,-3.1926380538055734
1904,-51.66088205869084,-42.14618040893812,5.6883042273657045,-4.774817284019169,-12.489993420462913,-17.64826964096714,-13.076170069519785,-12.381794931542464,-3.682807434017166,-1.8803197648053995,15.771827127335241,15.730595356107841,4.059294647339742,15.783445145790033
1905,-30.422392632016642,-16.121933645031397,-2.7831787531634826,12.447615693099946,-6.953107343108633,-12.310293893520678,-11.420055668736326,-4.461132348112398,-9.738148736015008,8.654671219682703,-7.205502918562733,12.029378632144857,1.9032272218886028,3.499194088144927
1906,-25.64000380074465,-12.430232470361867,8.03118780564003,15.730112525560484,-19.03632164916703,-11.740758145143692,-25.00703280775309,-20.978779615850755,-0.9594501456952234,12.93542088460614,-6.8969397342011725,2.8748556370617635,3.6876424778723207,-0.17462428246861664
1907,-8.627424095096634,9.885476645696514,6.72285040575725,22.81200467344301,10.799367144613386,22.928529011691776,2.8469826724393945,15.785452409731127,-12.116939224727892,-2.8297718897301882,15.096749145503846,35.31655220715934,14.138241030975358,4.236464685208836
1908,-41.33523665220126,-8.506810452833333,-22.80208233091911,-1.4021381883421762,-8.023522286417778,-0.2309426750600707,-40.51536325394051,-29.962056082294385,-17.019573227685143,-6.9111623903045984,-20.48347547532012,1.400993258819829,-18.62012103594296,-16.925921837745303
1909,-68.1502207939974,-45.900069674311005,-3.7491693113345796,-8.492149224813565,-18.39724042625734,-13.304320323496565,-60.19700712944977,-50.64852181992973,-39.808991245954026,-21.463817191406967,-43.40680223728866,-13.62073146381605,-28.252606037069256,-22.537998863617396
1910,-29.50840473630491,-15.037511685318986,-2.9836920029108156,14.926551866031987,-18.432305355829673,-8.865620111466159,-30.226596598107733,-26.50872282915654,-3.797190053491075,-11.391031144365662,-15.358567903208172,-1.1036699757218698,-20.456041282959763,-18.14426660461109
1911,-27.417759345301697,-29.675101480499325,29.73815545569062,19.7148712901311,-11.640081986230863,-6.864213298082341,-11.503772717190161,-13.210018099014786,5.001969269719848,-14.929234926914996,-10.078667167147707,4.970196201868088,-17.285408207203087,-11.309660276057599
1912,-28.711220203299845,-31.895198471501885,12.653510371104277,19.758278884520823,-6.422432670296799,4.786723332452833,-8.35904080927757,-6.34440716950826,3.547403302252802,-5.369042265612637,-15.080812941305261,16.260796842324094,0.044126426118648525,0.9595585721107653
1913,-49.594234940391146,-33.29957253029246,-12.402542746937584,3.710115348176301,-20.932882229814243,-10.516499058952974,-24.52836292922987,-11.145539500612538,-11.33527975991174,-11.22209476814385,-35.66120024782097,-6.103368166846991,-12.613224932475871,-9.947715777343127
1914,-50.38774631550946,-47.95728065611394,-6.924253505011694,-11.2944566281289,-25.40293824563504,-20.16221939887412,-15.794718886559298,-25.828810046381637,4.188695667115341,-10.20227860833736,-46.94352254148941,-14.117184806230458,4.3088600098069945,-10.483764456894441
1915,-57.4470164673915,-48.980401888366636,-13.252530587494697,-14.937589838258557,-28.287945567100277,-26.385842394668714,-8.423363516408681,-15.222845679988627,-17.727763037766355,-23.412111770770323,-45.1921076276919,-22.296364802681847,-15.12675901725795,-21.690907782146233
1916,-50.935330477472924,-29.623985813510558,-8.327367987746177,-26.35824611353657,-22.269173470423997,-30.469159084017708,-8.363546715188978,5.031560207038174,-4.300720900907091,-3.392823846701676,-37.39137723328871,-19.43439345702541,-0.9785138065096842,-16.00259904345313
1917,-22.8696187840418,-20.271913307581208,-7.9447864867606235,-4.846529136094363,-17.400890270208365,-11.143135180448558,3.7347413304008232,3.8960233679412424,-10.20784443643113,-15.796767951807327,-22.88240171207499,-17.153799398890254,-8.493016571857654,-18.961336147265758
1918,-38.892439724941234,-31.51995793482139,-11.41893758161784,-21.20437974469778,-11.580849906616187,-7.3376056338445945,2.1297187404545577,10.182576549264553,7.98360938730534,9.05921070641476,0.27354985700016243,-13.184848290342156,0.2512330611071349,-16.13999004637175
1919,-45.55877480235995,-26.46781864207129,-1.3246599140319457,-12.177279576472088,-11.783369022943155,-9.631486445789855,7.595135766365162,11.977462823944787,-0.5766658271630097,-9.07500658605243,11.894905172824402,-7.462971336088888,-12.575734274517714,-10.459005071862281
1920,-23.46896984337957,-9.973075856587833,-2.5681737201143453,6.121886725979544,4.519135293401602,15.848404637924615,6.733954725823943,23.837129553961404,11.922130045152661,5.405077502872544,17.319083833276014,9.946164907036302,2.47673776010478,0.3265887146739343
1921,-36.67349667681071,-25.778211001235753,-1.9702969612873436,3.216837215616361,-9.737277776478647,-0.03950695694175315,-9.567120890592276,18.45076032315971,-8.762445332899713,5.627234010804317,3.8114389098259,-14.911712912181502,-22.832097132635006,-35.290879290035406
1922,-20.44707582698592,-18.344569195960744,-5.119603727957991,-1.5815478124612448,-14.929862532700593,-1.5838590930491787,-11.073845142676605,-17.44069932054971,0.5146366422099821,8.273233171227865,-20.02418642943492,-19.281904799607574,-15.200081380470753,-19.213823551999187
1923,-24.411234853347707,-18.788919838165118,3.4471732729802675,-14.94752464376798,-19.315505868222015,-11.338260186034736,-7.272869646915935,-28.071973136167884,6.339561473350362,-10.24017452091783,-25.620935969534685,-24.74463492593334,-17.72653296160636,-28.225866082391214
1924,-99.9567263207314,-99.27641213079404,-40.20145076341833,-45.14219411214786,-69.0491547673347,-65.86934051483595,-54.109834001771354,-56.694512589494636,-22.07271426449267,-36.946679319982785,-85.22759189972754,-86.47467662421249,-74.61541823817842,-90.22741437041414
1925,-95.21204004778413,-88.43610692368571,-54.17414348457637,-71.69327541066193,-74.00383268916939,-79.77336688946751,-43.045019669493634,-58.54913920471315,-25.785748229968906,-24.960541615717915,-79.76352935152443,-96.14348274373441,-99.31044119271789,-93.4843305482223
1926,-10.438095441109539,-23.174781538723458,17.34938157013586,-3.380373510330125,-27.76501672930694,-29.340137808254184,13.572976655978177,4.847683080013046,-16.311910951854006,-24.7954521784445,-1.7672582341113614,-23.460951677139974,-38.45670727385105,-42.257618573042095
1927,30.56164322391107,9.519191629658724,36.37762257257095,30.621275573938842,20.70680665332354,15.940201757310604,50.633892874554704,39.4881933520625,-1.7344830974583871,-18.21039040644979,24.4014996567664,-7.955368549844575,-4.826973309875852,-21.063917342905654
1928,62.957778715501185,60.36847067123589,59.80069539910107,31.328381641569162,50.803666184805216,54.032722029122944,65.0133419281885,68.62132009708745,10.615175846427626,-16.144131740118038,63.875210374257534,34.907421552014824,4.824417106705197,-3.0053578411966866
1929,90.24682360356489,90.0917942383606,51.6375560851563,48.782176079887385,60.077740648902726,61.259811769386424,58.99472676103846,59.92009381372102,-17.899018350450337,-5.6548862013755565,59.1868419846164,52.091095768774686,6.243801785389503,13.37410445460253
1930,56.364430904506484,60.8804410800866,42.56786651103729,34.27171095035016,46.915800678397154,45.371974491967684,25.81088216533872,44.341240817297965,-13.451230658952682,-7.766736861516888,52.13196837455537,39.960119153530584,-7.848315301863017,14.178426651618832
1931,26.534786782128087,19.45272882000102,11.537631064429547,-0.6848595145315278,19.25282469581946,11.489728571622889,8.978800546267388,5.443875038323262,2.173948069016403,-8.46398956552812,41.626738645901696,12.241188965870329,2.5293453091500657,12.568554426581029
1932,-12.007207754136651,-20.267266042166156,-13.465704481994825,-26.743331393833564,-15.815435381738208,-34.21813409909421,-10.916657981595666,-8.693901460356328,9.359492909754284,0.9785103609259572,-2.8057560449890406,-32.66687686314478,-10.78461955939209,-11.693047040067126
1933,-43.095090421880954,-44.96398697182285,-28.11163105899837,-47.2374877320105,-36.80502507638281,-56.769408383546384,-25.670942444241437,-26.60097995398909,3.745568296426978,-0.3428170487608373,-7.693991925606331,-77.96869271878028,-7.928304124397434,-34.340574972860935
1934,-33.045883851494274,-35.906050651271904,-28.84858424178282,-30.31466116427329,-40.466563839371105,-51.86472411608901,-17.80094276215103,-20.69834191920014,-2.640432308041291,-7.366210336556816,-4.355097872216592,-60.602183943617696,-31.46611891581144,-47.64068819562005
1935,-61.11311194558248,-74.98033471396216,-27.82725038645155,-20.326742745795652,-43.05471910558618,-66.88904544252804,-38.196095871209934,-44.56969353156652,-23.215826231174844,-21.000301587730256,-17.192089072598872,-91.4596662876694,-26.849376737480288,-47.22374151985761
1936,-44.39853458219313,-55.53796875914047,-12.040980247420421,0.5179802983381725,-36.83052841529436,-47.86841297629854,-24.724538666365962,-22.39232402830372,-24.58892228663016,-15.934776415869726,-16.604798956635534,-69.95653598958378,-13.962830752499773,-24.56347597186597
1937,-20.924593341316168,-45.45247978393452,6.016824522814869,16.72473334045306,-34.0424347287195,-37.429411951854874,-15.928520400052964,-9.511667236085527,16.310484453610183,-12.97516221366182,12.744870403912563,-43.896243854236495,11.360940652469662,-6.287005358151661
1938,8.390816039885852,-3.27571985339674,37.61731667508328,34.480042430325994,4.487064077725219,-17.250900884854154,11.353418250963214,-0.8150475102391361,10.34045388024642,3.7962301841965607,37.63306082864266,-21.655677443419922,32.20706282680978,4.220795427106396
1939,42.145511641669245,20.422206070945744,37.99050545990513,21.90112502408434,20.387568134857613,6.764015339544477,22.633078100033856,15.473497677913318,19.60500711903609,3.9449690744621666,61.12397639599489,15.572776220558422,40.93992251193351,18.242545198147436
1940,27.18928857230289,14.674844502898491,16.777934003869355,-8.237425226248723,-1.6115500136958163,-13.82908047742674,-13.420025226399046,-32.317723789089776,4.781090875594983,-3.2442017461214725,41.092579701175126,7.650831912963367,5.831716037571895,-4.710101950695204
1941,-5.021334467600457,-12.337859979322674,-14.99455765174354,-27.850973242534153,-23.09226650828038,-38.436021607662035,-24.224831132987507,-50.944546084321374,-9.897817276688325,-2.0993306041324558,41.68495267474374,-3.937653317867735,-15.51322925927652,-13.63179378595734
1942,8.816188737271554,-8.445505883423694,-21.64196078788098,-24.27540869169521,-30.721336320407577,-45.51859436193222,-22.038472129211645,-35.38598272346427,-10.426057014782488,-22.099321391254914,17.760083751469455,-0.25400470435171285,-18.151352940119708,-20.868080371677312
1943,7.452331421726762,-11.321644562714082,-16.770665383113947,-25.87081588679447,-28.032033298907855,-45.56543968203365,-19.62660922559178,-47.028295106002496,-6.996048070083021,-22.742618988847276,-23.99620661629605,-6.616911774903585,-23.627832504338922,-20.733268325416486
1944,40.804089352449914,9.017693144709003,-11.331353251455182,-28.713506837121287,-25.602340360192315,-36.712870523066165,-9.895750225846475,-40.51412803589925,2.890781865278233,3.719013017545806,-9.883426144211162,-9.747024759121794,-10.303720936492946,-2.1335395452804935
1945,21.617814419804773,4.893545036247889,-3.352269726559704,-10.31490643288354,-27.343746105661474,-33.969512283371344,-21.267549304438564,-27.428359142573395,8.007593546992837,-6.334897443104018,-13.441628781911216,4.47263389728508,0.4884812807987641,8.930589477418968
1946,29.24624045157521,8.353435859296747,7.3713108025102585,-6.527149490330584,-10.402637316092159,-4.53590310903625,4.099578598414939,-14.718090687583734,8.367701741220657,-14.109535218464337,14.565692271810754,22.772055928497863,15.769464009795492,32.79573149919836
1947,38.008444646587726,23.152351621811498,4.889474398353664,2.992599656077015,-0.17875833158499344,9.083696099733396,-3.621629918924175,-9.359350694175738,-12.024116378606953,-1.435622628662719,-1.3095097922630226,20.801827094878483,17.319631789796954,31.430635420883394
1948,51.08159706723711,33.01009546527663,4.019745382824649,0.5361922771493677,2.7489672297676813,8.475670160094149,-14.733551878750303,-16.89697369447856,2.329952490219197,-4.552638460507204,13.161445346166337,20.04566809445829,14.066454406681679,24.478103939846207
1949,43.21953767046106,43.587016282977395,-4.059846580343693,-4.188814609952441,-7.471079675235209,11.303699253917062,-14.940596566781826,-26.797011493700136,-1.9140102060669435,-7.974943337301102,7.0818068566470895,25.626510603238643,13.929445796274914,24.92458303519418
1950,53.588914339542505,41.60886371039269,-8.316016370263206,8.155052934088543,-5.822670692261209,14.214860775867724,-25.952772173713566,-16.836623575109574,14.64180687924471,0.22580643692664215,1.051091789015684,27.298293774019786,16.729251827127836,32.26580536856819
1951,69.95598951405734,42.83495824620431,6.686772901944756,17.82680024951381,8.014954187241212,17.645966702910357,-15.701294560632505,0.762195185092138,0.9667237706678514,4.699347456669135,13.641302644092145,36.602779673950266,20.98552635989411,42.144363286475595
1952,56.852089897888874,48.67615256870623,-13.627447881416623,18.636856669894225,-5.849174177176588,12.075025154602583,-23.89341672382996,-9.523944218380937,-8.900305886792616,-14.24724794067634,-2.6612850765688796,27.620811296299358,17.082786099363155,36.238251746792216
1953,47.43233639266918,40.640476523064756,1.7670382514545553,0.19353750766149425,-7.041211395872513,4.751064902816877,-11.36422384263928,-8.894884842741178,5.640834149406888,3.944626964503228,4.3579826388465275,29.133735258721895,17.653543705054503,50.851653613819785
1954,15.561519288580188,-1.938538517338434,-5.885738020223649,1.0260711546961534,-6.578705225612715,6.318449284675856,-32.16472609609881,-24.632548204416732,-4.764118538151995,-5.905577136393605,-0.3325321250804425,12.514124623395908,2.325450419767988,37.10837448797145
1955,-8.910985006453725,-10.812620786758318,-4.292085865377254,5.963387658866364,-8.750491423089361,4.128948763115909,-25.055850509767954,-23.811233473636225,-6.34947734164406,5.158835948052144,-35.320266829851974,-14.604821597022989,-10.05348583087829,30.208291995188905
1956,-14.800608523650705,-16.488406013400386,4.2414753098677815,9.62649967090272,-10.002316767680503,12.366258662702196,-23.9412020198772,7.29779549403858,-3.848421365224228,-11.836345999928833,-56.7216027874306,-12.911379723706679,-16.407248565663117,15.800028452213764
1957,-25.898471909090844,-9.967575591987181,-13.990988820425413,0.9001325051543363,-20.049549101499544,-4.4227101636650135,-36.15605119305462,-13.498609819893005,-26.88608070610655,-4.142143066294094,-62.91173030446176,-37.019789509057574,-27.4622633907303,-9.824310094877596
1958,-18.617958986863748,-7.921030373928479,-15.359956775762425,-6.5100321653304905,-24.71413905301592,-11.90582865662419,-37.85397995489724,-23.011588345400806,-2.3072984164464465,-17.768214157740672,-107.33560261942495,-57.387821850648116,-13.139046466134277,-7.2098883037012005
1959,1.6283738171629625,-0.5164795729913552,-10.63172145553843,-7.735381088431455,-12.137173843816068,-8.672506836350584,-13.081334750077021,-0.7282806487195221,5.100564534997308,-6.777165844774399,-65.6173298984032,-54.93317715358616,-4.35942557168486,-8.063236712604713
1960,4.358447306754993,4.866474173738091,-7.2970389783497565,-8.515390545501003,-1.3716265956027143,-13.59542776491619,12.228049639223396,15.449350665182553,8.200970529529647,-7.671419971509318,-22.52110532606473,-40.92514608597124,3.9720737127538692,-15.032021913509242
1961,-7.427425974746274,-15.28125957825053,-5.241183226514631,7.951033034489314,1.0423320927174595,-19.831432756567065,33.29501177948335,35.524362338310816,-5.99297668606999,-2.1263699439087924,-8.667561828936552,-31.15590813889777,-18.895101546708986,-38.65575808289413
1962,-21.202497015609296,-28.770441380925597,12.628658441470556,-7.780759408861056,3.6018933419248924,-19.53243607919354,41.34058306311398,25.019390023342595,11.956845627762654,4.2957890278496595,13.795317482047434,-42.31294939711413,-24.91839860564799,-44.449256266162635
1963,-27.077588936694227,-39.02056882459908,2.066267561610228,-14.804607988331107,16.8185291257001,-26.162322612802164,40.71796144736009,4.382246034922325,-1.8864569384829035,-3.9986513659409972,6.5203984685039815,-51.94768627805055,-20.28424963673638,-51.84167417315141
1964,-37.994577512202966,-52.95298332383287,-6.089855964531146,-15.141691282939695,13.691956159786464,-28.348672430068607,14.876693126681472,-15.103951718058472,3.887439007839621,-2.208056060476824,-24.22135429870537,-64.65925034583283,-30.636066318430263,-57.59763350337346
1965,-21.12854604973626,-28.271692168148668,-12.165943391580514,-32.56904573722676,13.643179855709354,-15.44779789451026,11.940421928974976,-15.328108549635312,6.610424964277779,3.0919092124320136,-34.358980486903334,-56.89891167195031,-28.16131735568213,-54.8065212323929
1966,-5.5180936762772905,-16.879777007459676,-11.309002234901312,-17.816801919722792,13.000012281451141,-10.52254169661698,20.68750202275415,-8.625032020215958,12.603948917111552,-9.321038441028255,-43.04953647810475,-50.28931243972444,-12.893932507608799,-42.69668965989235
1967,18.93978324576328,5.872546632813011,4.2112692257324555,-0.1715001557399366,34.03643312730222,17.258250111368106,43.04985542628999,13.447752572556615,16.318926014899876,7.067815509061305,-37.18366352755239,-32.49912019244934,-9.384884108745862,-42.29946299411638
1968,10.553305962028581,15.657843592577729,-6.030648965042008,1.2980304201712183,49.37726702118497,43.474868038886214,36.8685525345323,28.08426983415357,8.765492531839968,3.965474886514407,-32.38450748059145,-17.007403440536784,-27.03523108513245,-32.571512690883694
1969,24.62915460839579,17.94666619179815,4.211172354910647,-15.684783465942559,61.35599451384472,49.809803847128805,50.737154400985084,32.3630326020154,15.342878733346554,2.2686310786405426,-12.465425498689498,-14.478109417782308,-14.522553891734695,-45.0373857902002
1970,22.478340196231855,19.27602812672369,8.444718778004088,7.184462016959275,60.152887854693894,39.66594266730767,39.838915586200585,34.71455181406334,-0.24069629758183808,-1.9075442044452342,-10.867127210792308,-10.663480954147689,-45.24618518354532,-62.0024020759453
1971,13.846614754982095,22.315849560584173,11.979122399661684,0.8926624977559622,40.33448532801471,40.08063113456654,38.900999324371774,57.45476482727612,-2.744979473607131,-9.22144567590249,-10.406065085151441,1.2367815706528829,-53.15440505571023,-50.69588397350096
1972,24.880935052341574,18.11724871290877,31.542329595998634,-1.157044063088263,33.59633846689878,47.60770240289869,48.08829166770283,46.56352325206215,-12.383809894979152,-0.038684678418460905,-12.38860113793227,7.373248636238563,-51.94336478662011,-44.55705767624976
1973,23.41727306118093,16.407615011669947,22.356558818439463,2.739638269894353,24.55128298710521,29.82684892663926,45.35577114437766,59.95696942586558,-13.941319635185033,-17.05023047299765,-66.09312217480081,2.8066216024587365,-65.59838848824658,-43.38837773938624
1974,15.231777632213863,7.559222295361149,24.385392174331542,4.976966968485154,21.11800694127054,26.392330384155965,53.65261900203997,57.876353582254396,-12.066301940466156,-13.398664719221454,-72.75905577675363,-3.515898378522994,-69.88338877176128,-37.89867462570234
1975,-15.100351572021205,-9.038230013926214,23.404908406264266,-8.975830418531253,3.7814823702197815,10.844000384631036,37.1114706253063,49.08684989034863,-14.264471274547239,-14.768946958641445,-91.66673185921458,-8.036418998859254,-82.66681774026432,-51.63894984319597
1976,3.054465059020983,-3.970687044271787,27.623767806343622,10.767951185634956,26.832265986620744,31.10719386139175,51.87578110709679,56.752582772243066,-2.0075281888815426,-4.086763228521949,-52.952591570156386,8.329157228027594,-68.37475519912422,-54.379375549210565
1977,23.199401604076055,11.029257014010232,32.63333269195208,12.092937520217713,19.75109698253914,35.66411615611792,45.585344430965684,61.703860067180855,-6.4113175651403855,-11.8391453251624,-8.501890393601624,18.616339156737805,-62.80022068355459,-47.210614487087085
1978,22.99975692221341,15.002194729886323,10.679071741089459,12.036077044959022,18.701436356130095,21.967203767398352,25.110115775613057,26.790322844758826,-25.59925401978607,-13.14911833374134,15.6378298775645,17.253389824281314,-63.12053781520413,-34.83250104666441
1979,32.425605044323284,20.512714085899603,4.200421991120956,9.280483291530432,17.589766520293544,27.611518559565887,14.500823499582998,35.26295125890043,-5.4503852651698,-20.27472713523266,19.904708018887042,29.815429537988052,-48.807870410508016,-36.294788088260255
1980,30.196933371725564,40.992621166596294,-6.774057352641454,-16.708937196068614,4.8850744944701345,29.733150908244827,21.067027146860116,27.37566509274341,-14.775889247595133,-3.4076153535536675,9.027321082032776,20.620753447240133,-39.56006023527622,-29.00269781320617
1981,45.39921407295249,40.683572175541116,-4.96628997753032,-24.868884572147937,19.704715083436117,15.195697244039815,5.219772218311577,-10.928263735082172,-5.801479280237384,-0.16950007160581526,38.78702409691374,7.680135287842589,-17.579882914184548,-27.950658824187716
1982,29.020254054068086,33.86524207244746,-18.846912453585176,-21.115341510038725,30.692627002594605,24.920301602366017,-7.120971110211878,-2.98979366039391,10.117484948638443,1.8991355360986235,57.39804338084522,0.16950643890530456,-13.699430952450996,-25.74013509742673
1983,23.50439243451047,29.486083096526972,-19.34025400724558,-25.122343521350068,19.360219674448143,14.805489095481347,-4.650797305181307,-24.320661994868242,15.48420593965853,9.234798718424756,19.798578693303675,-2.731524971937136,-11.713052135275502,-22.59122057451255
1984,12.725243706510913,18.18771549887976,-23.892215954668192,-26.634795957127444,1.0125999271020891,-1.755168464995854,-4.045266107777611,-23.032524126781393,-5.277795035019936,6.6384262721099745,-7.401553824213283,-26.202090041461403,-6.531953115287091,-25.254147153887413
1985,1.9694410984385189,5.377593494824188,-24.285631974655615,-24.20049420924189,-3.229608648983226,-10.612691207562287,-12.047352600452472,-18.192531777148382,1.6424493805721834,3.936440981071468,-5.696307476296965,-39.9446200969391,0.05348752577499683,-18.705720603721254
1986,16.398781245787692,21.65662224073044,-2.7943486256540773,-0.653856903321616,4.086133932982531,3.4434916127777875,7.39681024109442,-5.749233617384381,-4.908265342611176,6.573209052315042,-9.221080027929865,-32.023028713378345,32.32672510374572,-0.2346936412737396
1987,17.671110458734205,33.620827201056336,-0.3180627021604255,2.0827318924555227,7.043864679471362,10.729720628304987,12.049197622852517,12.04500759708827,-6.130774267845401,10.666525405011301,0.09931668394683602,-16.476041564399125,42.136753019067115,15.8485427623825
1988,7.04539881057683,19.610385227441142,5.417382957723237,6.339842892180716,12.82568943426191,7.787912543328393,-0.2087967950034328,9.26831754575537,-10.59996268806302,16.483350723291345,19.96184865245229,0.02162283519283016,48.77936580719285,30.416350861199362
1989,5.091753094104931,20.39352264286614,11.945428652440476,1.0148413660168742,28.879204334211124,15.835948759576743,9.130966886723392,16.763701709066694,10.93894157369916,5.548524370428799,60.055523242559545,9.9246598968243,60.70846512816789,41.934141304564015
1990,-4.19907682115565,14.438843073762401,0.14837621994465122,-8.352131152729607,16.1326179588599,11.38666708693053,14.894353297560448,15.455137392003374,3.8230978605160213,2.7711414676425976,41.955476665245875,21.703320383874782,51.22564296691314,42.870562886173325
1991,-4.349156483133823,7.822446763759913,-7.098285008477455,-5.280352306916639,21.53043739494614,9.589044093257357,15.935931007130065,10.382066459915443,3.1487346844624207,8.75836288217189,53.446400391799514,16.4956031456354,55.650561917208655,39.96800793681427
1992,-5.825360699175453,5.527662804279936,-11.065208369570257,-13.082506385381615,6.350513502379233,-3.2762122423257947,12.46097602108143,11.214378972710874,3.9635584327992714,5.81083413733371,43.499755618723555,-0.09896767393357209,44.6664625021442,35.531174381516806
1993,-0.035865525869118876,-6.380668914722572,0.05698276307527195,1.1909015338856865,11.689921001799004,-5.475753216647647,15.175183094824522,21.30350174472559,7.846203028909858,9.789654594619577,15.090668370804693,-9.405961554173675,35.51217014756767,40.261318425899724
1994,-20.00151964886709,-18.964716288568656,-21.340414331407842,-16.93702244741299,-11.4272437309258,-25.985808936003707,-2.328389418134887,-0.728650132981764,13.243980351514717,-2.292507013649751,-16.775099201659728,-25.43769427433111,26.049711997872016,28.617366362698984
1995,-26.124862742199127,-39.58409949548594,-18.063252888218177,-21.567656112227763,-27.871662190711156,-52.91314747182713,-24.664583682167397,-27.735767638488294,10.757665746396865,17.841568501731565,-42.58774543341045,-44.41044266729874,6.437916139773008,16.037897533286557
1996,-29.273090180809707,-31.199892174565775,-42.012958790349934,-36.50409888422155,-40.896516669273026,-56.30792129311781,-42.06440833791136,-38.91235413671696,-0.757162437885636,7.811316066767712,-37.983093096891324,-28.322254714841296,29.029703487836514,27.87099223260478
1997,-12.442626178940943,-22.731291593510253,-20.484894371328622,-22.972035817811772,-34.157337072691014,-48.14534343281157,-16.38299527360964,-9.12037933952142,33.1950771482334,14.062451312462436,5.936704299603509,-4.034786261204502,29.12176323124609,48.03291490765027
1998,-39.61166287628844,-45.70610283587078,-7.291169954207238,-21.47291735272839,-39.22770098577374,-51.13062007387767,-22.271292964486936,-21.01794865188994,-25.49172378764399,0.8069837548417098,38.817981592961914,-29.108619131830455,5.295649032585488,9.524303144955553
1999,-11.774850689273253,-26.178827677878928,12.061328768038868,16.881490506903678,-19.164231019898708,-33.15092418750133,-9.284187623278351,-15.308808691777225,-0.7509569306013356,3.6532510208394675,30.85291158094542,2.5713145305381016,36.439477568039415,34.16351736640432
2000,-12.7684959433335,-28.13803437772066,38.19140651150552,13.460435864809433,-13.23606976323488,-25.70229990157871,-10.960681984801555,-14.608119262004953,-4.3990473743922385,4.880823831272422,34.30921113452158,11.182291853124585,40.01127634283386,38.397575479479634
2001,5.785356576508776,-15.341477290607259,31.692981424051442,25.746018880271663,6.248019621534878,-9.190710576366744,0.20958776911592938,6.589745161239286,-1.241387000323498,-4.503350559423328,69.55952494411267,39.27265124528276,53.168374813475786,47.797781268608134
2002,-5.799773153341069,-16.674120496898716,14.468064563141036,17.067383427475427,4.642959903673383,1.1354468157292283,3.0857755668753777,-13.267817437165538,-13.82457556025904,-8.991892814341211,68.2224167146113,30.77457586882795,46.09295870794253,40.50577586015104
2003,-19.66485751149494,-28.326078046674393,3.872173140181262,-1.4819710104993578,6.571782998412639,-7.342400992117834,9.865258811753614,-14.795732152150384,5.621226921050886,-2.572178764541447,54.869728409301274,16.052766905757974,44.02109587699813,18.636300257418064
2004,-7.470117006929438,-18.83728821660129,-14.426913740292107,-3.716413727990118,-5.7968610481215315,-25.2280162437014,-4.491162043807663,-23.487703141600523,-13.786394975671895,2.690366287106017,45.03891536220789,13.437752595106078,48.73060404378652,22.94239719634572
2005,-11.147624542353837,-3.5816615037129393,-21.8748639274727,-14.635478486910896,-13.744312996513086,-10.890396176537513,-4.897942407457726,-24.81647574595954,9.060040252931712,-4.916055455641147,41.289187292638616,17.14815205540025,44.57229021512266,28.940049560411513
2006,-13.51415927651737,-5.9402237278252485,-37.72516686624521,-21.30442353469928,-8.57702038911468,-12.907373436036352,-0.8098635343950359,-25.76983277678073,1.8698731646249378,-15.281243164830052,39.987911323889215,14.747905878453146,33.65263937744758,25.601463530474028
2007,3.177300039585693,2.1836552594061365,-4.561410536069322,-9.390003348771495,2.3330272455601206,-4.781855439537119,-21.069973590291934,-26.89622192184609,-3.7985991829567247,-0.035044369275687826,17.738038608743317,6.398152496840729,24.69081002693459,13.102081673263994
2008,-2.2855252398692074,8.589814653043996,-3.4965383694853873,-7.797386777901417,-7.5567545640041605,-4.876573335721233,-12.989627014701679,-17.460567583449226,10.494199055126478,13.112696205835977,-1.5397562193245031,-1.1934850795386034,29.833498161221858,19.677648793347267
2009,-1.2820077365929583,3.6449763033866445,-17.74066492316981,4.053828801770678,-5.050220283047441,-0.8972724143970291,-16.71734426077602,-19.192167559127437,8.24704959515036,3.837725459827043,-19.046992466699372,-4.8800988378469174,33.31841177640747,23.693566543258132
2010,-11.30637833295301,-5.342396126014225,-13.986619660575075,4.339134429698069,-8.591775650436592,-3.9675150398623606,-20.204219436969765,-14.094985054892579,-6.190153657603541,1.8734937111838732,-6.008542554470343,1.9867070300880232,21.848974162686797,12.85727408007211
2011,-5.855990241766104,2.96300070703965,-0.6827292508123738,2.206909576347779,-13.221375582230085,-5.7630033690393265,-35.29625851401712,-34.8337511331536,3.243433294704625,10.957046463486899,-35.63762939338601,5.727746601956369,24.717434865942852,28.899504097055843
2012,-7.923584759785181,-11.92636214100018,7.95588033990794,9.038834920484833,-8.347851839734874,-16.995904746782063,-13.94665372645525,-12.778997354421943,3.5788852158476083,2.3773768316590287,-21.52458849367089,17.81685168078745,18.58585162674024,22.631373926880727
2013,-25.06656285191266,-20.528895914476237,4.357290912731645,-2.2429610524552706,-15.736873897622191,-8.233604440919,-1.6097970247171165,4.116022421723208,-10.377606607312748,-1.1927336378769573,-18.24433396885522,2.813582805114769,-0.6711898363727732,-6.854834007555734
2014,-28.135291790415277,-29.380208038843513,8.189977222882527,-5.903570220219673,-8.593003327480968,-9.317551062771072,1.561819229407677,21.454593095205826,-4.751046609322968,10.044929531568986,-2.404789977641948,7.393622712811609,-32.053764491648785,-23.217468671318894
2015,-29.518716427744707,-38.87577131558787,22.248498711707885,-2.139426570425849,8.683919813027288,-2.9902711180312345,14.968758687693489,19.016505664300787,10.399636506073263,-6.010563776565981,-1.814750643008674,-5.133827646721029,-51.20772608667259,-32.95715569156863
2016,-38.488841022061585,-48.12282003431865,12.399113361501676,-8.02527755068181,8.249862802713785,-4.07147442314935,9.266917581853201,20.28265963338446,4.196166272763306,-0.7155350278946191,6.572008258990912,-1.3549995898167566,-52.68789512287305,-26.913917958270677
2017,-41.614601812959194,-51.86523078279796,-2.598725561010536,-3.784808641757029,8.206109271277015,-10.980081342025073,-6.039538074285263,5.603530255954384,3.3840884404666363,1.6874796878313667,-1.3057419989776209,-16.319237860935758,-34.28462723901318,-8.87563906452293
2018,-24.029260557657,-36.841798516456095,-15.362537113430797,-13.285435328995257,-8.166424936485294,-10.45451520129357,-23.151522737533462,-17.3994818111483,6.814208547470891,13.852490365887938,-4.680264880736992,-0.7117794133036289,-11.807282592594259,21.203026371756877
2019,-23.306009513845545,-26.181231613002474,-6.277516882101037,-12.00039670752297,-6.153713678377704,-16.93821699051968,-7.309076260292907,-7.230709584153724,11.938018695056277,1.611095986234284,17.369169665511915,34.487916613061266,-3.843667922323726,42.86804865084989
2020,-8.5159298211194,-18.703689101889797,5.520891600943766,-2.3117872337229497,-16.20949641355165,-2.6161972668501083,-17.993761909976897,1.7922421338205141,3.064887436990857,2.0405250073676786,10.946308717686083,47.286410098708316,16.972044431620347,45.95755141566778
2021,-1.658048039527783,-19.158932208560177,-3.632278573594542,5.534944178711725,-3.2697672352876026,7.561493308342587,-18.50697224841465,-14.330448189598386,-9.016787149850979,3.870621641877853,-0.40648667223995805,43.48448551241486,22.026519762204654,52.842301297676975
2022,-6.520819627720484,-16.02391256892249,0.7089250549817807,-3.6335058800541606,-17.116699248613454,-0.7072396596892447,-15.025615917471239,-14.396451497282376,-3.5597781482798396,1.59738580807055,-2.266443150773183,35.43270685375068,3.61485018845779,38.67801244770762
2023,-5.099622212038369,-5.361466557134776,9.496430603947616,8.296856394731687,-11.112538797039253,-2.5085939302882503,-12.638311046683883,-7.61391072155647,-4.832985902705644,4.966418136086403,-4.046477022711902,41.40241659153398,-0.6893173248157533,50.374986173639236
2024,-15.464339893103187,-19.37065496595182,5.457679594864381,1.0310414192028379,4.058308903549651,1.4236687295831811,-22.767331213308093,-5.849641945615948,6.468080640432542,28.403421341737513,-1.595280813823368,57.61474706428502,16.06389414274187,60.273422393982244
2025,-20.1564058375255,-21.004906652754233,-9.880417900967585,-0.5922470866291203,-8.941308041514416,-9.19090568044068,-13.639652126281899,-0.07863251283010655,9.760904613006062,9.878927585819916,-17.585262097080726,39.263626390642166,7.618699775867409,43.89824012535724
2026,-39.8668160023644,-39.852843769476905,-5.663522252515752,1.7038908168847968,-13.820924801246818,-3.916908176849631,-9.04452575788624,-0.37026271465020316,-14.190014050921382,-12.687912402265521,-8.540906331434405,42.02149838906256,-6.33040922892968,21.461816642461972
2027,-24.925497763642657,-28.382697310526034,15.207913002115873,4.667602358694606,-8.600770732259411,3.829114506447954,6.043148836200527,-16.546952675251095,-3.2353775663889794,-10.330070592866416,-2.613343959070834,31.73734880193697,1.5313251792903295,11.613960642096421
2028,-15.045576288704446,-14.525752925846442,13.498716701064973,11.280408704369787,-3.499503164588767,16.240453836374353,12.201272947405611,16.613308594996365,-13.70397837140994,-7.465180031461573,13.425239855972642,47.87149308503384,5.2673659898356195,6.851565217915421
2029,-8.414240828987118,-6.73020709170663,6.256044391082088,7.271957964277192,-4.03058188866686,14.13824866043332,10.064630044155548,14.1071575069632,-2.7026084648061843,-7.981604315154655,14.623172764064632,45.36276661431072,-5.224196849900155,3.475307535900046
2030,-5.609780415842331,4.661343010997932,-1.9291272330101261,12.615542951566189,-10.208773040637135,-6.152843988885862,2.750815873644766,-13.820863919344117,-5.773327146700699,-17.079687724756166,6.072855189750648,35.22175125006343,-14.751442449833961,-10.001646102866477
2031,9.069634123954106,1.9881182284500054,14.93787711851627,17.835703564816065,-2.0885750081303276,8.790425482053477,14.085767237044413,4.750203560498477,-6.565302049052492,-3.4403687535790963,17.38324281587813,40.827055764543445,-23.594524493075347,-1.6550088164034262
2032,-4.0049754828632835,-4.0763874990706,-0.7897505483497346,20.230556440975096,-15.212637228503194,-8.957328074922135,-4.949180508865945,-11.030931175727503,-6.216936310333982,-7.88669921942716,9.664233629818453,33.716880200977926,-37.56643920514959,-12.856358110448696
2033,-25.36154522257071,-22.475349723548444,-14.393515776264614,1.215477383705905,-17.519123352686606,-19.51654846709472,-16.015801847730735,-5.6353764595176585,-29.49913027027493,-18.227886263710545,-10.569373288837633,9.428880569600178,-29.618900530027297,-10.908040291161003
2034,-31.024948607021518,-33.05036205778153,-8.33072285316778,4.311702307755192,-20.775803010591044,-20.147441988835983,-5.623631426432204,8.1709853391177,-1.3634921022395339,1.3954978670505667,-22.340454212259544,9.91589561245718,-25.008576720898855,-5.028009889002249
2035,-16.81801718489589,-31.84514033875009,-16.499511181879637,6.327876695542167,-8.473826083474373,-5.9416667227106315,6.6834933794957365,26.904492602394406,2.408128679275148,14.300510980275806,-19.94651150145683,-1.0790127962909932,-5.169214521958798,11.97524246568667
2036,-23.77487329286806,-32.364024657602535,-30.549450841212263,3.86811606337938,-13.572317807468849,-3.4465012476369976,4.997267896990964,23.300886815669543,-2.1457117814272415,-6.055023766280155,-35.69878990839292,-12.249583256055978,1.9219211050390135,12.415300660889864
2037,-35.67083925289734,-40.158890195692955,-16.424163254106222,28.913918623040797,-14.630365127501548,-3.7011611219719427,-0.8688916784732135,20.915863331103086,-4.736673942551252,7.345742060136033,-29.899268147173377,-5.1376042807021465,3.8073779276265887,24.863681651734097
2038,-7.63243956943661,-23.845935765320164,10.724809635237513,32.06116727542671,-0.3365482062226475,20.091158829515024,10.366209275125012,27.17101322757,-7.561920467001383,14.784352895775955,-1.8502167927911453,18.44257052574376,33.340710817873735,47.88168425030074
2039,2.435787350859886,-15.268617135828798,2.340183555761112,23.673513797258366,-5.17201967627473,14.271832348753831,-17.210486501943926,-5.276140679882696,-2.2964239519521694,5.236302770991526,-15.11878664767718,25.22805791054236,40.68482424478349,48.46360757070806
2040,4.345582291325035,1.3916918481262204,-3.9461710103115677,13.568195267995538,-20.801866583858462,19.255342320967404,-22.509745180853695,-2.531636472682596,-5.34754579142346,4.005361924783854,-0.4780037866042077,41.07542785586041,16.611457161562406,46.930844414020065
2041,-7.390666545636697,-9.52861061594334,-20.976433480802445,-14.561041943910741,-24.125754497645048,5.482994481504458,-34.25936582759638,-23.966122101986958,-12.348004104886249,-18.179572149591632,-0.4842092793719086,46.50485162855384,-1.4393842331127593,28.971223047638944
2042,3.2215144490612566,-1.3391574308873941,-21.212057547068607,-10.700481025194705,-21.582379174297447,12.171446244582688,-39.63193107189092,-29.348350610909364,-4.166302262885434,-0.48411370540586773,18.764561724124135,27.79462408691596,-2.0632658728510695,35.50354104201195
2043,1.3482873628752812,-2.418762905464324,-16.452320181845327,-4.5415743278671385,-21.855353750967513,12.849638494125221,-27.930863664011333,-22.77324989681814,1.0369149830358595,7.8498186311879214,0.4836453220027157,39.02413427364022,-13.94725068767664,34.76966245683109
2044,-15.269040404795655,-11.733973190667003,-14.990864114058745,-15.177060808825669,-26.961875151986114,2.0717041368214892,-35.77951564802531,-22.535002952395445,-11.339311119893575,-4.004750876547075,-25.474549347690058,18.17916217405141,-22.990978927636373,9.75864161043459
2045,-13.504110586281763,-32.28699120733568,-12.033752909928438,-24.21910345119416,-28.715023585577853,-3.8694628634909845,-30.15630629132666,-23.74941195680342,-12.855641626602766,-19.858862512781343,-47.46022627436804,-3.8984681313155067,-32.26341028499056,-12.638807772352106
2046,18.50313349244399,1.7261071912555739,2.444368173075526,16.92846158327664,-15.55656583044315,22.79155488773847,-25.142146914157372,6.776056619311802,2.9515604044909054,-4.642245402013386,-10.109676276020606,24.78692311761739,-27.04715911993456,8.498917475851648
2047,14.347839415718205,12.261466980714978,9.188702691424307,16.592044970692413,4.372720831130735,24.613527027634994,-6.357154020201015,18.3691232667068,6.048367683468122,15.99387347443771,19.23615014505789,46.21044415901069,6.2563792075616735,23.603690015728315
2048,5.161856948218386,-9.138506909568761,3.9952846315622534,5.125095159739185,-8.810908809809833,24.070560500821106,-16.94911838943154,3.686529791160234,-19.508177118204433,1.206844567944744,2.1826722401197145,22.54825432870249,-14.725493111564298,10.679752019015186
2049,-6.03065922705274,-9.643006213554559,6.313675011067903,2.3185963532479605,-15.403657587378994,-0.6560152435507908,-35.97110014148429,-7.022339421737376,-11.673229193999026,13.742618502761173,1.662975663036942,9.26365956869851,-8.067894665170655,15.845598242776504
2050,5.900023150674354,9.550752726563324,-3.871637453171432,10.335607464878889,0.4072840276156544,16.71965940987804,-17.395974644937162,-4.782766705150601,-10.801335996244118,2.7073459517790113,16.38304571165258,5.65114218439727,7.2963373108914515,19.992502849667417
2051,-2.95091294117165,-4.992513963320255,-11.022479016718739,-1.8461619716492073,-10.111252627046914,11.056239125893246,-7.102245386886479,-6.245495538947134,-0.5201859081600663,20.480963609345796,-1.5369433973577293,7.977582180113998,16.411751980690333,29.3674728942598
2052,3.6771066361397065,-10.71477648853856,-5.698488984595642,-11.008416614184375,-10.939946895799018,12.897830231586697,-7.834982331814312,-6.523600413063032,0.8164303861206393,-3.7942584393802115,-6.9482333768610145,-13.743236171188187,9.658205068465422,19.926424199884675
2053,-0.4610505800697589,-4.956609083257705,-11.53470767960419,-16.94652683649122,-9.802570828256792,-5.22185277822029,8.845744425999413,3.6075536892200275,-10.94809782395395,-1.6442380376039218,-10.071311351074776,-21.690060621011465,10.612148310204436,11.048869538969026
2054,2.5064402281484996,3.3120438931681475,-10.996727729911457,-14.758927145001802,2.4073332387653283,7.385254508867648,18.656561504430393,6.942106125347884,-0.11654483284924355,-1.2317343925520645,-3.773007252068931,-3.918773806971512,25.84928067013207,6.956765536434919
2055,2.0228322307418463,5.34972341878362,-15.968578254244555,-20.470399245271295,2.991481944985928,3.648362045005668,-1.273086962850083,-2.720972730053407,8.327872741638663,6.149356701021165,-3.4815528220637644,-21.063837125123637,13.55473157639205,4.475433946373319
2056,15.50439622659344,11.473799465946833,-4.424618157113055,-19.21646623974,5.800031369583557,-0.15672541234377516,2.752859291572706,-5.014930392011908,2.317757056696465,8.508413330226517,-0.8509345340408032,-8.296453401906124,9.567702101730216,-1.317802608924051
2057,18.06468733675759,20.94720941759474,10.494156394852702,-12.999022882876694,2.3958159859097465,-8.27317257455636,5.6773909769003845,-10.623945347614981,9.454839809908062,11.170383677908472,-1.0793752399143826,-22.314480480514707,9.009831042898902,3.2560080050144817
2058,14.619673985396389,28.530995962680308,11.245683248578045,-6.133816767236205,-2.0053454860380224,-2.0464828893706257,16.121076677669503,20.380471655449533,0.45699785017263633,5.160080390380991,-10.618525874954003,-9.188042005055403,17.054815187803005,6.265981970786695
2059,23.292236948594862,23.863049130625896,10.480477760232864,-12.856441966236465,-3.4483790935040934,-8.041539508535521,1.1245036622386206,-0.796412321876895,1.507297985697721,5.143289369995444,-21.544182997451536,-19.12807561101986,6.81942710249855,-9.742674530840985
2060,20.863392200434802,33.96413756718529,-5.985254172407376,-6.0521064031293506,-3.2219684141092175,-24.509782354931534,9.59972398409973,2.5805837078332687,-2.6046839335484955,-1.0596257707592525,2.3369768521981182,-14.67234854588154,11.13436084216774,-9.083631116402273
2061,45.8359974589282,52.773074980242725,15.706454159974037,19.09754617997559,11.227750184464085,1.197846605715911,15.242742397587794,12.48877486502723,27.29713473724871,13.857936944856972,5.405496476301161,-7.690498488028534,21.119144285799774,3.1873580000815496
2062,61.686330527485744,65.4070396668926,14.771278974962833,6.492272425334826,18.40129979578169,6.90620668962504,16.864120515012495,-0.025297368555296275,3.0107095867984044,12.545209254788993,-5.546400631919944,-3.9457220303502103,28.971244004326266,3.86251191724167
2063,35.12820203109692,51.65098450933948,14.130667413703728,0.3767697946176737,20.81718915936939,12.109865361694643,15.394080818160111,12.463320524787337,11.581777863440616,13.067716428567607,5.840667624697584,-2.087565654509236,19.11874563876159,9.462275327876506
2064,20.30354627018356,58.033383324687186,-6.174206589841958,-36.28978265040717,12.829835742834064,16.236557384241106,13.77252235863965,-1.020268758493227,12.679379717438819,4.254965813465261,12.190676913677486,10.545816170575243,26.57114921304018,12.799497332062437
2065,-3.9637051376642174,27.198189271442804,-15.652994143234936,-37.77018482767006,20.45915983635254,1.5610296912761275,0.23879902766023772,3.0652633681185115,3.735952970754369,-11.42642585219602,15.756822044425295,-3.811977616576237,15.89907483388412,15.69787810811794
2066,5.014177407472639,31.05596597962298,14.617920615695583,16.421898648627078,12.066595501308797,6.979998406776723,16.36268714666147,33.24097945390245,-4.29840201208844,4.7212485637354895,24.441995057276745,-10.462046264534854,8.465786978031828,-5.157316560498332
2067,11.496823180365887,32.778017436959914,18.902209048194067,21.095562954929605,17.58661716280198,5.894011650399591,28.146019068077553,21.19922752032097,1.7912743234360782,10.812409873273284,31.035673469998894,-1.4255429027201372,20.38951325741823,-5.660602950498065
2068,31.734623734724167,39.89618030645417,38.44552770632704,30.828744109868005,27.661820052626933,14.406953219430745,27.812531311395055,30.452984838129215,7.36970814728398,15.906995196922873,34.4248944654131,14.470423995123927,31.522158465959805,20.233147611446434
2069,33.94734153499652,44.983778525571495,23.835592344101084,29.571349718094517,28.957233390673863,20.038016126700906,28.660561588014833,26.890957835343375,12.742472840936117,17.973237065571308,19.262782029893103,2.4711826093630944,44.4251350514321,33.569060158235146
2070,21.06899657693348,36.87679195025516,13.029455803909423,2.958436654731605,22.89899165994562,17.70472803238997,10.872113057332712,23.39454451068932,11.081780929258985,23.23760760421407,-1.7046585907653533,-17.92415130679034,33.12772668046779,22.31999410243967
2071,4.870956956660523,21.378282017035314,-33.16373748936975,-29.151756147346738,11.361459710526683,10.332291090008145,-1.7690518083411964,5.1754280266940675,-1.390293920479894,6.169665069410893,-13.591031250831666,-37.85033523114901,19.095082991900195,0.31372672750149566
2072,5.173593532956523,7.38917877086372,-17.76903604766422,-13.534851211496076,7.354169205945233,12.798226773434948,9.268934531892233,27.960113723024477,-7.465614596534085,12.05528172543644,-4.700578618543418,-21.513661585591475,12.142724021394086,1.5670035221364884
2073,5.1930154930188275,13.374389420074444,-22.375594912586706,-16.76818414605866,11.559201454873856,-1.8518051976602248,16.950784050442337,20.035583184852637,-1.9098286782672957,7.03413962772291,-7.546302171556766,-25.935469802512536,24.031674165464022,6.074992695234932
2074,1.6798262108880957,12.986696179944056,-11.582419506601047,-24.492531873459733,20.8059229998901,-1.7579592457174154,10.410353864805879,7.74640266315853,0.8857727544059996,7.095300627985484,9.609711567196602,-18.27013533625272,34.10766478467379,7.766174762176816
2075,7.9909537932175105,2.790551717189499,-14.063636567644481,-6.3875158554677105,12.9761129800603,-11.099822229680383,12.93491027918762,1.6802627659161729,9.28513644164053,13.81645249179664,12.28646473759443,-12.903570891474786,29.929855960455708,8.67566361580806
2076,27.108590563044785,33.48786196735847,-12.473664160980553,-1.5612954296948995,9.882291357917502,-11.427926323183085,12.155296503796464,1.5277560802379284,38.56527986386909,14.641610553212075,15.985451540558508,-3.4777135222985898,46.126839255615224,17.049149592386637
2077,30.827866741112203,28.123993210862395,8.062277187572064,3.233946564614355,7.694531517648758,-1.7055156581003084,6.193764214866881,3.4464777959449457,26.52038230531146,22.11743435748793,1.7224881745658305,-1.215531344684597,31.391780646362726,8.405747837257701
2078,21.281840705360608,28.47944851745624,18.074517902507083,5.332467123338915,3.7040084387669605,-15.428680077530066,7.261162591174495,0.3722155756202021,11.508581563958721,20.288143178270822,-18.05137703438992,-23.506187376409997,27.055157200316234,-0.6215778850160253
2079,28.879817947623103,32.18408139030357,33.84362168694192,27.071097670897938,3.6687109426095694,-3.4358651191990743,13.872614789371235,9.346658130183442,-3.5535281655633297,19.905659605396817,-31.229182929455295,-13.519702720933546,20.54485911260013,0.8809121089594059
2080,27.195735123674783,37.67606565716125,26.22687312353278,8.261756829677202,8.090834562518014,10.532882275275483,25.922905818662144,17.18664681864205,17.67639715947136,19.272869540741972,-45.42513744327696,-14.754008151994292,34.232840561181405,-1.0165810828239434
2081,2.108233653041888,25.459600359581483,13.245829929220081,14.921231488515756,2.5807032194036625,6.1778946470485945,-4.197507076042187,-15.826864293063313,17.365096048078808,15.45029944468385,-55.89056056995281,-26.890561876583313,16.904608932641967,-3.2505446739059947
2082,-24.59503987635908,-0.2349796502832513,-5.582029971096727,-5.91179480801273,-9.148071267138727,-11.763234894204952,-9.870408425370579,-21.563111279556505,3.911099829229011,-0.7101793630102797,-54.48953817512119,-47.96495838433585,7.373280188202604,-16.3456331251767
2083,-26.391822010570568,-5.617705456834596,0.07143776347737862,-2.886648728725413,-5.663988830437251,-10.678674001675816,-5.697964614726978,-10.312466366738638,18.278471285069298,14.99711705510077,-34.669579800533356,-34.143434929499456,7.300572326377024,-14.93556327899571
2084,-11.938897384196496,-17.870645506674677,1.1683981942589352,11.118295562443793,10.368720928904368,-10.01593121260529,1.4839062968713321,-12.740722528022303,19.92651006292792,11.498683724772683,-32.52370912346146,-23.413549118121537,12.168951153665445,-0.94906312842644
2085,-25.051600362038258,-8.699931861547928,-6.537437334472593,-2.49301622968009,-6.8156825760749244,-8.360416023658967,-2.6663636912045683,-17.88503812911396,-4.14693904469108,7.925045094005451,-50.46344014824942,-44.89271619172703,-15.79520225407389,-33.91682468894712
2086,-7.899956589482187,-6.099376348241932,-7.859227254186357,-8.004965489740757,-2.405699816693077,-25.812563062254647,-0.168308391690034,-16.039621133864877,-17.97971836521076,-14.866163575504652,-64.23941853378268,-55.18106283796492,-17.033094828253596,-53.18982290387221
2087,7.114006637585001,-1.216395281163651,12.934638960037494,-11.922939970861648,-6.050154265718981,-15.84119525102787,9.213966843128176,2.189991079939461,6.922591017424353,0.6057170244190584,-54.224745982271486,-37.98170765165677,-2.13687998229934,-29.211151538802895
2088,-13.430698369565867,-9.134835587920664,-8.02175033905729,-16.78825728193521,-8.513677061884373,-11.032032370006783,4.046956285832041,0.3616417075108352,2.3062907045863783,8.977044497577214,-42.17722303514446,-22.308628447224745,6.568827075532649,-25.248493153870278
2089,-8.195707923083699,-11.748428209310608,-19.849670336160607,-14.96638576294115,-18.504154338909068,-27.476128605458065,-0.34169312477805897,-9.528115888908305,3.7853758641595263,0.963471265692089,-21.90123280741684,-26.92149202843689,19.37533449062697,-3.0672702968743906
2090,-1.3697127146068622,-6.279826397147423,-17.08314895358941,-21.285943507183394,-20.550397509211464,-25.69364531094347,-9.398129675231969,-9.879572563996156,-15.556825387250134,12.79022795193775,6.2066682617775655,-29.20370758180381,15.503932898729907,-6.434099504173772
2091,8.255593340962614,0.5168069666302362,0.7401251405475969,-6.423597797139174,-20.752529736890573,-30.98965570524292,-0.32599188168246535,-3.893675245243813,0.6755504922257739,3.582786747185216,-26.650268995226348,-34.12963860647139,14.70171335669776,-6.968447581388378
2092,-7.560438243945031,-14.487332484479463,-19.749960798840444,0.7673832932808191,-21.382368200849818,-34.631035452435206,-13.355750927260065,-14.886354091323216,-2.1555296514862903,3.3147510067891943,-12.06062346261161,-50.56828760946662,-4.61324183648179,-21.32629648656084
2093,-11.697123189602378,-9.49586375101158,-13.514200525119866,-16.542536397180445,-34.650187709860866,-46.393898051214286,-22.60961532685074,-32.100091343855524,-7.381339468183562,8.363580154055612,-63.8005283646834,-51.825703114690285,-16.241823500047722,-35.60286041434761
2094,6.391419249191208,-0.8149062943664134,-11.249348522935769,-3.6976758296425567,-23.744356131054207,-39.81196898071901,-16.870262347360406,-21.657435911241425,8.600253152754116,-0.838491291867058,-38.05469239832367,-35.68212305863419,-12.920913151920708,-20.58568164949298
2095,19.30529745315264,13.340443233589937,9.871303882493867,1.862562442348027,-13.790381581812138,-19.568081139246896,9.038275666420173,3.897269662361448,3.94544040493872,11.164817756621845,-31.785348941903216,-15.874847893061578,-8.955221477728536,-6.971184979165802
2096,10.921568671619479,-4.724660514939224,-8.64668950446216,-4.962399822504412,-11.717721252311444,-14.389319039175948,-8.962044053369672,4.226520842336264,-8.6609417500559,7.164327066761005,-26.391150197902036,-18.904055147483543,-0.6972484415376812,-9.763666513312954
2097,-4.905007444409252,-15.799755370289242,-4.0777340334107235,-7.84121438781759,-11.107189653204731,-3.184717986900533,0.41181977202938114,18.314585443540572,4.967344765019207,17.768545361544646,2.2606734957021395,21.908511229215954,-8.764425086840657,6.790875211923993
2098,9.157585650408164,6.6810606701443795,25.171641149470705,3.164250058849495,23.788313867915047,9.012653770672932,35.01284112793632,52.44042116423992,9.228785930820278,22.19935107878241,38.6023021465882,48.585114557942674,7.291147764323442,31.696338116665938
2099,6.091383965421855,17.50327562051145,20.243343581800016,10.963419861365324,17.74119854938684,24.64386589559785,28.088375847085917,42.210085218992575,9.407207120280054,-6.17931245391501,58.84239717949173,58.38823627529338,0.5824380888652582,22.2106970089278
2100,-5.660494456969707,8.765302565040964,-2.5975651308105303,4.247530081995689,32.33348213935405,30.35837090186009,23.295717440308923,25.042141730929874,3.679008833207677,16.258868754189525,88.12954843275872,59.73183231868087,-0.840861330679491,4.507308996798926
2101,-0.7730145240398199,15.35922329156482,1.023424891799305,10.526371742204272,34.026861575857666,31.035631188040945,25.801772436590657,17.8806239673482,3.5134266619608696,-0.9747453268250155,79.45970761430144,44.925543302108174,11.554174726117367,0.4329897547175973
2102,-8.0292921807999,10.807274012699686,2.027989653545434,12.674037834253214,31.870154770674414,16.979973573930817,20.874221516399878,20.523372724906075,10.546542751954036,2.503458268454154,65.13612182785236,27.117482770001377,2.7300659834987075,-7.813365159550574
2103,-4.7660125504047395,8.616742412296471,0.2191576339597081,-0.37837177276467415,17.63099074409382,14.807436545852326,-5.422763555145116,1.518699018673388,6.446580578906506,-3.3509633209993916,35.77187064958158,-1.3733799341356843,-10.373739152089605,-17.35423250025582
2104,-22.133092882065785,0.6910186730697365,-1.2030134492557856,-1.336955818348319,19.23237401633638,19.919672140315207,0.3279650623820548,-6.869985486605847,9.258732499594021,2.0201877511386823,32.58864305405176,2.629980412124338,-34.11918321947159,-32.29202725865733
2105,-9.732449530599716,7.612529781975711,15.190359555444658,-4.893851692636665,33.556581988396104,32.729592756560564,27.08089381049086,28.445689889576748,-9.965513681628007,-0.7778365445381823,44.24510779205974,24.29064488461582,-28.645589591946983,-16.574208061757094
2106,2.2836553403422912,10.496065756864882,4.721980538550809,3.6203408203923924,24.52422453280179,34.793730325735226,27.94877482261313,38.41155676431622,2.007449714809422,-3.20084260080157,17.149029474696054,23.915968020757987,-31.33550522676447,-11.646631122523775
2107,3.4286362014894207,10.508326542602706,10.160531067341248,-10.953449634717654,20.89700852688515,41.34791677147611,25.646717772043864,32.577235755291234,-11.062014352453573,-7.8920535515942465,-1.8072478291424297,14.671938659508877,-44.783719514073745,-28.147588503400822
2108,14.675441903339625,18.483677272115195,19.642355567392887,17.685213509086793,40.106811999754555,56.625140464270714,39.317293459468054,48.48982680555319,-21.416391864539303,0.37337248197643547,-25.023748954197085,28.109396162028727,-32.81091669568968,-15.090408923880329
2109,37.51862739754472,38.23357315200492,26.052159268714636,21.493669844540648,41.150407932609525,70.74028630667092,46.12435874650222,54.982318733019426,-7.959624079076339,5.717606215572994,-28.59733667600451,31.232381226090144,-34.19211321011123,-15.717718538298625
2110,34.01969305822869,44.373385611631576,35.368617512812655,28.474570136609636,32.05413562843004,64.66489424907043,41.33312533083561,58.077932027574434,-19.890466518200995,-6.951180608009297,-20.98492071331745,33.07666303134701,-38.5391868504787,-21.692168840806357
2111,40.79173616100863,52.341988460760646,31.79164986441201,10.674104719588389,28.371459851096056,67.9974163939705,21.269499196593554,42.831152908679236,-9.36853284178977,1.0237296429529388,-34.45572011197264,34.37797871595574,-50.64627943705641,-17.313893892949636
2112,44.539984495087154,51.99466803750899,33.45295332001731,24.097158279954964,23.571655972561544,46.03089129224633,26.75075029011661,49.28498351087866,7.897410251689145,-5.442764087896796,-22.17198070306776,37.426380801617555,-52.365163325905506,-24.027527806505454
2113,43.169318348577896,45.54396687328884,38.99065822627499,37.52809516118135,29.567949687032833,49.95992352201871,49.395664172351644,54.68497884966418,-10.71837762531071,-10.012017420244032,1.9347285978499311,34.36199977288751,-49.156580250000665,-24.838129204720076
2114,42.306059978140425,44.225715957983745,32.28071566801295,26.508884248869983,28.36551652795312,48.47399334445621,43.53934404663989,62.404183334077956,-22.37456294090627,-3.651115184378705,11.597761688283226,33.55194243486869,-39.38741748124307,-4.779340099867461
2115,0.2110690685217074,4.706211858783691,25.617372009850527,9.30752084670662,23.18143158453853,37.3349741205335,41.71886175321598,60.20129304439096,-10.773103582104769,-1.9042968577433668,-8.732720528528091,20.892382203543285,-56.08991472058777,-22.295895361493336
2116,14.68636768814454,6.448779293899469,22.64320733733412,22.263719800783154,31.190465210773926,46.3240770799462,50.6488925463645,81.4985378344214,-22.406737598119022,-6.5456748473215605,1.649790087548647,35.59903181117997,-47.17490688844906,-17.462712853709945
2117,22.562412732538526,14.999948938539731,56.8032383109624,42.53903786741887,53.73677530759148,58.839415246503684,79.2766861977508,75.81006795634562,-6.517925292781057,6.89774989602305,23.334900908208077,47.69060090713268,-28.06541956312466,-17.3589488858518
2118,13.466624706501097,-7.0956745915753165,31.60946656614762,37.67238243999217,28.065133882138447,25.321697991523965,45.14633062024872,46.49086756748302,-11.8304937128663,-9.988399072681787,7.215409918318848,34.127710381948724,-44.5977136062179,-16.28047265429786
2119,25.113475562841302,18.89358943252453,61.235699317415914,59.73011335238027,40.12544501279862,41.07349146846352,46.59479741241143,62.96731632755228,-0.4925561763390647,-7.054146307003286,25.230437719258912,19.863310178715224,-39.714635385044666,-28.478042843080313
2120,53.81171666504801,55.46751215170292,81.35481171072456,90.61347982947169,34.08997526670291,54.7898951242409,60.011338476984456,87.6472541013019,-1.5491722527081127,0.44676970538848426,24.730547336636256,25.12419798378701,-11.318653236882351,-5.721481859424233
2121,34.40493148244838,39.651330718909904,57.063114633053004,65.56102864605117,19.700486796138502,27.74496618775479,42.04836668901521,46.64310236806375,7.805803424365152,-1.0588224258553653,19.934507562705605,22.722824351037325,-11.423204215297547,-7.440445134642783
2122,30.654605318716968,33.8423444415772,39.5493960210485,39.47431830705662,8.489215828572709,7.262096496652594,24.306827603464164,27.040188632424012,-13.51846194172216,-1.6392889039623006,26.41712418320264,18.091422329616606,18.143284154560714,16.402440729147916
2123,44.130256949653564,35.15470842068268,22.57093519883499,36.50943298231384,11.457643837254155,13.190014858536712,6.025368499455986,14.780319441486634,13.564748326275947,16.20961160930295,25.214983157523015,20.13252756202746,37.40878424398161,44.79829125355512
2124,23.722306982623234,24.07751405105095,19.11690097340097,17.533018863444852,6.373160691456636,-0.5452633398976818,10.64138979207647,11.347229301834014,-10.507280598212853,15.48035058839083,9.663931200542912,3.336025927943228,36.04000647329936,50.69920186167112
2125,11.538990673399079,23.971477269391027,-8.18312339055298,2.4036907526596516,-4.531980821828839,-7.528832192325327,-13.653085319275005,-13.684518527315799,-6.717124723382617,7.255211803398965,14.503611710559884,-8.92489008788911,30.431939612764147,34.62213595005408
2126,4.403675214314415,1.412555669698202,-38.17344175340293,-21.523161499596625,-15.712699600367648,-15.63341252142538,-29.52133083884261,-25.915413591960522,1.0145264809533414,13.922781995731913,30.29560790972085,-9.404238748138319,25.438314128373175,23.734340930446397
2127,6.279671264648204,6.938437764019816,-15.298633722007482,-2.157756355678319,-6.465432481040353,-9.356334252509507,-4.704883339952504,-3.2066666786128786,31.872711986536398,31.241202600910324,34.326337846966965,12.90295496558103,29.540313373094136,25.700337429457104
2128,11.124508964652847,-0.4080805908048051,-1.4838093948683515,6.105476620216422,2.7865453936048747,6.453931222979377,1.2093503903576885,2.1974616524246477,24.80517708761394,23.27229005702488,31.66596191124539,17.980868422575302,22.625769613348236,24.03286896451891
2129,7.019109497955565,3.4860899232775795,-2.985997856223646,6.652090776452265,3.8238331557946346,10.48079834618011,4.736078118989046,16.270704400911917,12.712315177332101,13.108305327432703,67.53269427008165,29.994093308024656,26.714981531968228,13.928692513555694
2130,9.449191910059966,12.374693269182444,11.488739031454458,-3.5781101926462364,27.137620299987272,28.748073509275578,13.39251595958407,12.724124412265258,32.93194043054048,13.056118507681862,93.58111661373162,39.61684618816711,35.092244170983584,19.81039038402216
2131,-3.396293534705153,11.987325645507635,-1.8743453756412543,8.460483916469157,33.4304040956368,29.503712159502644,23.012580181992536,14.962751867592436,3.281173015419506,1.5988917622594592,93.7970568926064,40.92528063478279,29.229854325379044,14.005826929337486
2132,-23.33316989540789,2.082330084650996,-7.000563080063691,0.7071237113771506,37.765439672482465,34.483197852578535,21.744102169184202,9.581323435801355,-14.418137053708904,-17.289103408793927,61.057009436179705,26.470381497021258,-13.380454799685564,-21.017012649346228
2133,-10.484476788803413,-1.2484387866555093,-4.178046931981259,2.1789866958489226,39.22368183634754,61.04873739633063,26.747430334383363,40.92529519788526,6.653440952031747,-17.747778728148646,29.917063681333925,22.826698507919744,-18.14038965574844,-17.52558147819984
2134,-18.535240313113174,-15.025552893905461,-3.5749434061031358,25.807601584712533,37.26815894386328,55.883564262391985,28.620473886046046,31.12646314785543,-9.987168979757746,-10.213160351522443,-2.3378166935241547,14.816209446777172,-25.32069803550454,-20.395347541003947
2135,-21.9025780268447,-15.797282909843796,3.3176525424983816,8.781537755434666,32.855457741683594,57.50704922575556,16.20319711546201,6.8589072391022725,-14.20803374591348,-5.932174209906885,1.8659883551135406,28.320605148779517,-30.95049182987907,-24.140969229604718
2136,-29.670612142992965,-32.17076227893292,1.3711399565210372,10.853044551867722,12.370632402620549,26.346729035805904,5.807412097277255,4.992039188418604,-6.668941005858322,2.4044693844999134,12.815142975414295,20.128922364647632,-21.624022663645714,-2.8453225039702548
2137,-25.475025449240622,-19.616394410480186,-5.481715686344324,7.2925337005802575,-2.230060072474423,14.471790503815248,-20.497571767358398,-19.90901794168031,-5.3868874488901275,-6.882730736474303,-0.2658223886610407,17.77348453884235,-11.131489300726134,-9.901787218234672
2138,-15.524348067931271,-10.415666917674137,-1.1394964972974007,8.10907178745292,-12.522128631039454,9.750929046251366,-31.854517557016123,-30.905051255594277,10.259261871151319,-4.639167010222183,-12.588999480581695,8.0214551955587,-12.722366024990391,-5.993579755577071
2139,-24.444091012496145,-18.782130422396513,-8.235779934777502,-10.005696314820597,-37.91091694463758,-9.977657670514736,-54.774992321662474,-39.967995614988,-29.827741690809074,-16.863668924142132,-22.77217899975435,-14.098176390977368,-30.821638058419897,-23.480938870348066
2140,-20.030963534548334,-8.800243202687684,-5.32566951443975,-14.379526600012664,-29.026670357188888,-25.915122496476126,-48.863140161146426,-34.88270381115513,-9.720770513580506,-3.265854809730894,9.15949292043293,-10.461729777064008,-24.184820764509375,-16.125540697246702
2141,2.0384175497855903,13.666418224125396,7.891808231665254,1.7621646819134071,-9.26090186710283,-0.1765257670123727,-23.186317695775053,-29.109968882669286,-7.920369428148973,-1.2378255218241918,46.03958206737148,14.607226013227695,-1.7829008559977213,10.039706213896544
2142,6.405402415063346,0.6653076809157353,-0.608116512373203,3.956049589062051,13.280928500632081,14.033538722932404,-20.87734054096001,-27.952859045980652,-3.371157635481031,-2.4300955313726456,45.10518617181749,28.87710811207903,-3.340209813944973,3.336782453877296
2143,-33.83580598810883,-22.183220970267612,-14.01713490580962,-6.022116287961774,8.429378162096345,1.6103855264742748,-38.49963886464413,-26.327969604957655,-6.867327125890696,3.614597354939286,51.4371576745551,27.438651436991176,0.17903036097350458,5.110492574057354
2144,-14.97520631366079,-11.132557833659252,-12.304967434123327,2.457796055179477,9.438374475413209,1.1368671166408286,-7.776440887211509,-14.932166071524213,1.5724812900504557,-18.456101536771207,47.10302258844976,26.801155311302907,17.910205937499423,4.823094282822941
2145,-10.851289692913333,-12.36416081570083,-8.636250645516325,-4.911460365909839,-1.869432028440351,9.547340191517574,-5.724746174882773,-20.10414575217861,22.503479043871607,6.0294306483456195,54.5024043906762,49.07689230901851,11.448612434892624,18.860406858170048
2146,-24.22796887084722,-16.29181704982671,-17.582937864388516,-16.920871039175296,2.9402103910556483,6.82301221026798,-18.198931137387515,-17.47389904091228,3.136871694703347,9.303247173532233,6.785693528076151,2.193850281156383,6.309049476715486,0.806106577216213
2147,-23.841662900194812,-23.09502815061959,1.3368322434460722,-15.108478473706587,-15.850132598207615,-14.504491151300268,-8.876561472546461,-2.5962364730069383,4.762310802637237,11.137783003730876,1.9539255545991971,-16.23314302752413,-9.964669869643707,-23.18271309087759
2148,-4.284654337688703,-3.9084653572616093,16.132868480362806,4.311475892682436,2.6319420819822597,1.0778367756718212,2.2968860177933332,13.028953006502647,6.642406561660944,-4.505530580157899,-19.3124108639835,-9.853613814040214,7.4279082375855126,-12.410008282865988
2149,-18.10333244346385,-15.52825019297867,4.299638389059948,7.9004753175404945,-12.542044519258091,-10.574409891054245,0.3297283105664595,3.2493663658596725,-21.612343487623956,-12.52762006322341,-38.25327822125947,-27.599026096145128,-15.810340470401181,-28.738225173971774
2150,-5.1949756603684545,-8.358847489283312,-2.8177839074797464,1.5107014474607816,-17.969187053048607,-22.252690585988443,-4.036473035889747,-3.789018652714539,-8.844054485414519,7.144048253530352,-4.306667204214733,-17.640340136290767,-10.246409002419218,-20.67830888563146
2151,-8.168814371510726,-2.943978043325959,-11.03797228551028,2.152251438792523,-14.16365272941821,-9.43023772230885,10.369080233012031,26.807110637710633,-13.048920899552465,-17.371738421752028,10.946141336582368,7.17844504389003,-2.475489650838251,-4.042481676606493
2152,-8.831572484616244,-6.938025443474387,-26.021671438356083,-9.758973893455646,-17.13875826309059,-20.13925991693068,-24.81176569446196,-31.411489462908605,-15.490369477901758,1.038892865326492,-10.527698408594857,-14.729473558675643,-25.70549986039346,-31.410070807671367
2153,4.208583053730634,14.409159543735903,-0.09906190852652881,3.165835270796626,-4.636335580583546,-12.954565388594274,-16.800318246226244,-21.460111480282713,-4.175496253402432,-16.976907249132253,-16.06412220509916,-6.017032364472728,-15.59885168219299,-19.87152297073122
2154,5.48481907227553,1.7893935628610347,14.328989492860538,12.672169019393582,-0.3397456138656959,-13.822791333416033,-5.0600872818177995,-0.8848247271424533,-15.099011448738047,-5.350465023981783,-18.527562726754816,-2.1195161226604697,-26.18276018265154,-19.928635980384197
2155,0.6974574268673503,5.880474741092102,48.204582237234554,43.52395950210594,18.519613447585165,0.24958258705559086,22.50265065658728,18.93091635897995,-4.420650593540245,3.512335025283298,-10.61137477031789,11.155109996252003,-17.106191794916533,-15.824761106647106
2156,76.78601429507606,67.54219289377455,30.71400754140498,28.54438317911474,41.89736551040966,29.861447084620675,43.80233845754458,28.20669662856644,8.974242697721557,12.464059476966654,60.41027884207726,52.702077605230514,40.85478704163696,36.39889500860809
2157,31.012914557541407,24.766019788226732,35.16893308526827,45.19837302193993,24.22018728818669,19.401893909744526,14.403313189997997,25.772352617384115,12.589141028820771,9.130482749072169,18.56365291368361,25.39781100083957,10.964151269624002,4.509545766922959
2158,36.24706354817534,42.44801906367093,46.71731652759874,29.4944388880345,15.812912553907905,16.607111982229593,33.6235272619797,33.33381839314806,7.769358196815169,3.4077279726394356,-12.533918801717649,21.572450130597886,9.654050299508864,6.752231951065658
2159,7.840002022837662,10.474675863203524,49.875548331946625,41.28385129530643,6.735310574663728,5.09139744827882,47.687214851063835,46.611745019405156,-1.933780792925263,-8.139054837539826,-13.440315080844824,-3.8130681527329435,-25.191153037337678,-23.749639526409716
2160,1.1148458053460244,4.765329456160327,48.24353247951709,31.672662118016415,8.754990924834702,5.939257888463865,47.17545546620697,53.03651379298683,-0.41316122295067775,-17.16784568165315,-39.760208929113716,-8.955457179021884,-33.228233630501954,-34.07324059806206
2161,-4.206991578108865,0.992172195544478,3.4061375186301155,2.805339002362521,-13.15125270259431,-5.80657485010218,19.992767252255288,33.13039496913672,-12.446485284949693,-12.098844298192105,-45.147166750527965,-25.369419918667298,-48.00045246280467,-38.46744024326097
2162,14.953686743298896,13.201464870220372,9.648075639840288,1.196448993626747,-10.300370248427406,-12.692618008923727,19.62733509408464,17.931815433418272,-5.467955844673587,11.812843825704062,7.316565449996887,-9.976129541563381,-8.78741796047538,-2.1960149939461053
2163,23.658175887376856,6.253732074750429,24.704944910943297,11.405402015598032,27.328379727639934,22.792578364534045,37.243711849362064,27.461826374040406,31.397925991686055,14.262881244222637,34.49856099222417,45.661767204170694,32.74217121536723,41.59984336657541
2164,31.547642863999645,11.113069183872831,21.58136668241788,16.84239529914015,25.62743221161452,27.428674914605445,35.869634612545894,19.177062110235333,34.10632885943076,13.075358534633525,34.309134407284056,54.23816562510811,29.711928569098834,39.61187730519558
2165,19.94691312332877,20.548198247327363,10.655430311988788,5.808752389155252,19.24616997274059,27.30311845322297,24.564304721138196,11.619770911683492,12.007867296460399,-15.062552553673001,-6.81167090232935,34.29241976185239,-18.2598566651362,-10.780920164505998
2166,12.196457863095496,25.722035416446566,-30.651138464608948,16.31084595172188,-1.3703678902454253,19.553266224326,-11.738685957633368,13.69812473997914,-8.385970410511334,5.5016140707076815,-33.76050846274984,-20.18721054789422,-20.03357381747716,-30.919615826822398
2167,-1.8788221348304424,0.44698638832322324,-5.962903725814091,28.08127929583937,6.496694076405103,35.06940364642727,-0.2510382367817487,20.211616345206277,-43.55959692970712,-22.145987534198806,-12.622729031404834,-12.285963070080918,-53.99068240187528,-54.3548201282827
2168,-45.49849764799813,-30.014423272538533,-25.48538045854268,-12.963951117070557,-23.21294101874126,-15.234265812724445,-45.64155643737887,-29.570012748708468,-11.7585588105888,5.866489743388968,-53.20601762131828,-41.18591863659977,-17.327874673251085,-13.466168325418609
2169,-64.73007490651783,-46.556708104840155,17.347913180934714,33.11162739572387,0.4315239678828098,-4.605840839594593,6.073620364183877,38.948135271628466,-25.270921960041118,-15.839260543873305,-41.1063417664253,-36.7043740042031,-46.06821389149562,-40.667632706853276
2170,-48.25386894746216,-42.65787062444577,55.243721641484626,51.44981293762473,20.97948649331086,19.21309121951361,47.871092175344735,57.7351000436699,3.615822086214164,-7.867675301813063,-15.689386252547417,-8.76754746709079,-34.172544585749016,-13.311655009542948
2171,-38.621823474142374,-24.165567499033266,37.01235185155635,43.89498892170031,31.553900840864063,35.312685556141304,45.16461842516175,51.91790650949217,-2.4881007832559194,4.781351344653951,-41.20650924495925,-6.731571941794217,-20.916950406690226,-14.18413983861086
2172,-29.812512582940006,-28.195190574168528,39.55859405188301,27.053505063569094,39.3328838688987,31.252486561558097,42.27627327346558,55.04390564728085,-4.715561188192511,7.138498294222938,-12.890936831643623,17.58289302888019,-11.538263332913036,13.009464728624579
2173,-21.010720154483995,-13.935201699195119,14.392109451858841,24.826129262949188,31.990522764583798,25.18237483696277,21.546960919047883,41.18204672176355,2.719757440363793,0.9701029042027958,-9.98658646675244,19.583090493758874,9.609371799816504,21.605112824038216
2174,-15.097657863553088,-2.172461103184384,16.230347196946763,10.574431775043022,22.630478695387602,19.785835182834422,38.72628910551018,42.070566337880535,-3.5356222059734304,8.17671394333822,-17.188521058130945,29.018970164806586,12.897894088964591,29.212833586973876
2175,-5.604482340924826,-8.063998525460617,-0.42519703348899246,-7.5184211726890915,40.819884295182234,13.536879280061964,33.71589982104631,22.30098585168598,15.994635181184782,1.446295714726706,-0.8234725302026611,27.973379736804528,9.981198917281727,16.64587878641623
2176,13.653950278549575,7.941970082376696,-2.247468300441253,-15.03284195892211,26.504506353987402,18.04811878907387,50.56945320903678,37.2169227945508,22.121463061630937,4.5240492302626105,4.524931594282627,33.804790669939116,10.320319269494169,12.589794726773976
2177,16.57660040755724,-1.865089318656716,-9.623547624587212,-22.86536115045892,31.710574638937512,5.562001931278609,37.79111468442769,25.695910236388222,-0.4418591077999316,6.960049151234037,3.8782679257048303,22.285095788886892,5.106735082577227,-2.7696790834239935
2178,36.73353295108733,16.928774933962572,-3.521871740999367,-19.312604067779983,19.27844612056989,14.57452237944967,40.72874205476473,14.771289198995664,6.08962618213855,4.599983653365469,7.040315210434201,12.385210912796705,13.496474267902194,-4.238010508869741
2179,53.22835109383996,60.30554576235712,-6.908918741925679,-1.3071548134389095,42.27562408638537,43.29040861679133,58.576632272410485,32.78262901845493,7.919360236059748,7.706281006893642,19.42875531279946,19.057496407254995,16.478119357376038,-1.1160745617320011
2180,85.8063602333615,82.37723428418468,-2.5447393803643314,5.762672800133589,48.00501768996444,64.15871409306699,48.098887420126836,54.7717682081208,19.318191759740987,15.856970809557941,48.566189596244875,50.466561312261746,26.85590027439168,20.59063419365984
2181,56.45129467674604,65.93894493449966,-8.240267978045852,3.1603149842471323,25.30370080153486,56.19292334062169,20.713365402042893,27.1195132247742,5.875408748258075,7.8583554496064,39.37529363753457,39.25908495249075,28.751174866788954,19.66748484167115
2182,34.72107013755315,52.22242194039907,4.4551969081320255,-0.22501121492615317,22.2792003618,42.35270602553256,20.213245006938134,30.474810491104165,9.389755784246862,-11.122306090885102,24.486377953985897,42.06192367725911,16.818470609650713,6.208397219158235
2183,24.00030907323049,60.76505410257443,-6.583541211525509,-3.8539695238143925,24.466776591858917,48.02186660586218,35.1767746562975,26.399638490748078,11.988476473082082,1.5353819587412931,25.512793239190167,44.8055084397231,12.086950907974083,11.235315816329239
2184,12.20366578798855,38.99371356919746,1.849722533145728,13.088417147252025,26.345120572538963,39.442346260943616,46.386733580362495,36.86329937568187,5.143480175813903,5.6477394954059195,16.785331911431758,39.757189309825335,12.926542362371219,6.43891122369026
2185,20.100615199368658,41.20017104422957,13.355713722305344,8.404157141373261,36.19547172424311,25.306893013094314,41.40861724709673,33.58063537429983,15.259290098502811,10.522896163531751,-11.103175582274897,11.402976442882599,11.953547820139697,-3.435305479572928
2186,22.365249187026738,33.06475546872689,11.631827828240903,6.805891560369519,13.857610967388256,29.865708433108384,32.07082383630057,22.95640942640483,2.3890430425079523,-4.065809169169521,-17.838865083653438,16.03206146100598,-6.036244006666729,-7.446776625288343
2187,28.716452924993852,41.18570886244224,24.80315792348436,21.46847535362322,17.254536634860457,41.01329920599653,26.389703569600584,45.449993132343174,-0.023132707855544037,-8.920504277247918,-2.9185302245952878,22.40655389474112,-1.042118066914846,-0.530246716049011
2188,27.137762024979416,17.49449310215965,26.77020778581353,10.083938554606435,20.899805852395282,32.43251311825244,21.650473145171613,34.04021261275896,9.573321695527623,8.97687962855539,29.404985683332782,44.81877795336985,10.661764450470123,26.62425863193108
2189,12.923973253287565,26.758125024367956,17.415388768465682,24.2940276120561,23.597119010519503,36.3493244338335,15.007174944111352,29.15398059165104,9.330638581946854,19.902595384337857,60.245312767593035,52.97235967813726,30.25302704396856,48.02631915250101
2190,-33.304334819481,-30.037502983366803,-50.97636668819879,-40.373524881685064,-16.095571670560037,-8.468575100286289,-50.665342671423,-43.956676304580164,-18.033304743323125,9.398022570466681,33.81997063930113,4.8659197685605795,26.92137312875389,30.139655137190505
2191,-45.22510670142205,-23.126204820010486,-29.195681969308577,-11.883872251938413,-13.624238061559101,1.323245891762889,-18.65060737842987,-5.257822408090127,2.824337370039647,5.363011328808169,41.30196057273609,42.67294021552756,-1.4749947421818292,33.92872588691633
2192,-23.745937868043107,-13.274775534662979,-5.940041204542635,5.5558654745650315,-21.060057208800835,-1.1653686015771476,-16.195614157885625,-10.362697176151599,-8.63716846644097,12.39424337316462,42.44564028040307,29.480810340507844,5.624991811647395,34.209961017472914
2193,9.331686843279293,6.653567054225696,17.03681493703547,20.738063638347036,10.230408827778712,6.222161796003052,23.596196570524548,-2.2981025450909525,4.554734107956754,1.7227293120673073,28.234188516918326,39.7865986936062,4.460782245400915,21.766358967286987
2194,-12.996526158297971,-19.736304395050382,-4.629613192034755,-3.0163324303856163,-6.355289396894638,-1.3171322836720019,-8.952544273357947,-15.833170517804225,16.815185635735535,0.6865269234347124,1.5315290148092733,24.99804300825292,-15.585558203688656,2.7260820227509206
2195,1.7877309679372348,9.836037768042036,2.9735000995458543,20.10248110596851,-6.08106797090929,7.643423745374155,17.039052347957494,7.324598083648823,1.478139261972202,-8.301270085524939,11.21257262403186,39.51513836452315,-7.259764688348069,15.74814244023246
2196,5.683162290055195,-7.365328717734878,-32.447267301038984,-32.47891407493358,-15.347415182451858,-13.921625557214005,-25.348290666561052,-24.892564104686848,-5.28337403428665,4.387345159463853,-0.7778629531015033,-0.14357568743637275,-11.545776584524855,-17.180763107335853
2197,-26.397871569800806,-22.992616237726452,-21.305588195866495,-23.862917025195454,-28.408493092928534,-38.4306924533599,-19.782089521631654,-44.675721416479554,-2.5195195579863534,-4.692796658819562,-25.495516152682175,-14.436782169577043,-32.78357236919119,-14.340068770351468
2198,-18.35555783606864,-18.707568806296003,-9.48071431809437,-21.358867378064677,-35.22212902333764,-42.48568943761039,-15.653866292142327,-33.49771053455558,9.77464823155386,1.3025696475666018,-34.78117329649134,-9.388844925805573,-17.951358504048848,-5.395017437372432
2199,-5.038760391031783,-7.904043554172592,8.539376349250409,6.195317005364334,-24.799269571556373,-26.438957663565123,1.1557559625688736,9.357405652040786,1.1458487871584555,-12.536712970606628,-7.0233176309489345,2.8736192605642668,-12.689885542488614,4.423191593672093
2200,-16.166773226890502,-18.820671775578916,-12.716490130050625,-36.26666367095216,-38.99866136563829,-50.27481994928497,4.595675288648673,-14.88360437325078,12.546261968566034,-9.248269888401541,14.90587637960678,-11.868121250676637,-0.7852463416992624,-2.9033467692283796
2201,13.690454324717145,14.249197074544616,-28.346128653192526,-42.05027448726028,-13.697850340661887,-18.359056795155215,-14.251025921066931,-29.898648681751986,-0.17096144420728243,0.5098395247538108,89.81940140113467,40.52039808040068,31.85658089388972,30.824744077739936
2202,-10.788000836829042,-8.36694038670711,-3.2974116289873563,-3.3006313132958156,-7.534044449206572,-20.78772400802641,-8.119253002477448,-19.305410554437145,9.105134328920913,-0.5625589684938826,19.746293831936484,-0.14457890048233513,19.41017204858507,5.779720286761251
2203,5.240490463343656,-7.448362863178649,17.344738371373335,18.845954382829017,-11.647582525142159,-23.27767350884194,-16.829311436412837,-32.04985796817129,-4.321184253914164,-11.949376071805386,12.603685077777893,-31.050526762071563,24.09180629540848,-6.47452977442589
2204,19.859631974240713,7.6295183210446975,24.845107070056756,8.664099581803974,6.989622264035557,-19.583902643746537,-5.575626434562559,-23.47352331380122,7.675411237797665,13.153004330307938,27.880949342130144,-33.619309720119865,32.351932704725904,-4.401838017250252
2205,3.5837784855383035,-4.844715477308883,4.497863635409011,0.4987836392211896,-8.54808538872648,-37.43652398644156,-24.62653072461381,-33.0243825670712,13.595513083205736,2.7346589878422343,-31.814337711692303,-47.959907221253495,30.584598968983748,-12.737056593114442
2206,-11.632615679492583,-30.868245491941607,-7.332497708518921,-27.375432735205173,-39.2948331222851,-67.17853211847853,-41.40681769725512,-61.605233955001495,9.05552027923583,7.092211150207228,-51.911674993246855,-79.72821280151462,16.276329274799966,-21.32465615617117
2207,-22.569664765556485,-29.13861536359394,-4.920916600178241,-22.025193553727167,-40.156219430046654,-68.23743892679393,-44.67146579550248,-61.74037519043905,9.885011045298965,4.2314003305442585,-64.32074856372162,-62.94050203896953,20.02872677428899,-9.63537908420904
2208,-21.12651175238507,-32.61856092644304,-19.629057952164104,-34.83950577243065,-35.59885255984989,-63.68945220979374,-30.979406828522908,-59.977787185808765,5.193605200507432,7.829862363857968,-52.93012387378536,-56.7051988760655,18.796231096394514,-6.294387031971766
2209,-15.576238882571646,-6.946590556042835,-24.776073870629876,-27.69005666730513,-21.156751940781103,-40.369902755060316,-27.301952988202313,-42.1670573617275,13.803713744047052,-6.969884126265476,-16.174672298749446,-55.902370899245,17.889632770952215,-20.114746765434397
2210,-16.333227737799106,-3.2042053956389283,-27.752081426371728,-30.892191269588807,-23.970395581988868,-35.02680385774427,-26.804546159400758,-30.104903790175456,-10.401379012980366,-4.820629540563326,-23.907489719058606,-62.318255714750094,-5.341513960043823,-32.89604486064014
2211,14.816957498200932,7.201410150194533,-20.08320256279532,-37.310982334174206,-2.3939370608005017,-27.18631500266891,-12.352996030576383,-19.831983823643835,3.9772389359383347,-19.274282836272068,-37.044280265261214,-61.282122748306115,-17.81267954750757,-55.663210570107864
2212,19.191918995381876,22.881898569824873,-23.36957880887844,-26.32062672351955,0.4559296080859325,1.5358551040215702,-12.683251503165357,-15.337368288071824,-14.728699859414498,-0.8855983932375644,-23.528470134429504,-28.816497544543374,-39.61492574277053,-46.07813131582434
2213,19.57105834035262,15.059407474584013,-21.350595847977036,-36.201248978521356,7.513650024446418,9.509582149157735,-12.571260304300896,-16.4698621897041,-13.915408946959454,-10.092053016769244,-37.562252179535534,-27.478610497852536,-56.83886062025784,-53.34197069067079
2214,9.594062465499938,5.868739435645578,-17.216197221835348,-20.08421634764843,19.464317310669706,16.637366081304616,-13.46969598095961,-4.679053335908345,-4.7286420672893,-24.160263122215206,-34.17930928139024,-26.481092881252007,-59.770307926499406,-72.30688216289417
2215,22.49934153202834,16.271892573615954,-12.426588504743291,-14.0883241882304,17.601450763209105,31.24501568670264,-15.036916106974392,-11.130943919125166,-8.947406146680118,-19.64220993383666,-34.397241620009794,-24.654475930791776,-63.438449347378345,-78.36671182241179
2216,11.646707077269953,14.835589198294592,-6.532487665870247,-4.043516774102048,21.064624862076275,29.68057990699086,-17.863161308865457,-5.461487520919235,-1.4091253006746207,-4.890299364472447,-40.0802319343823,-12.452380394909918,-61.949593915544924,-53.785196578687945
2217,9.767606026224502,13.265692707880044,-6.231492083255937,7.866028706261346,11.636513642556972,8.375091543906256,-23.931339499960696,-10.194426076155604,2.2429447144017303,-7.9042326087135955,-18.569909870980815,-15.244848320237104,-39.83127260649687,-28.825455397454515
2218,-3.0972205998409845,-4.625378636796269,-3.574576036838002,-1.1330360033640063,-1.885247612331567,6.015835616529323,-16.31032911278112,13.80070769908373,1.9445738869587574,6.23819873085011,-4.5474687787260555,-13.179372566179424,-22.529861491932675,-14.981970852968395
2219,-3.491512519421205,-3.987158252422659,12.601998543971646,6.39809392999666,-4.574534994190735,-14.224421069680927,-5.20421789238459,-5.83827122101375,-5.725224457414228,-4.0829076865201115,24.57654728418629,-14.724821103247614,-0.6576787544939908,-10.65352497795957
2220,-9.93346764834667,-25.81380867078106,3.0161048651032556,-2.1999581339784373,-12.54383098981478,-23.03605383106495,-30.242332317547486,-26.04811135080468,0.5320446841195773,15.29974656127781,-2.9445812279294374,-52.80988780063809,-10.308379452900292,-10.554208582012993
2221,10.41323369156154,3.2385388473927468,27.024547286846047,10.536492691958074,-2.1162495618464527,5.003180686321462,-18.479488709602652,-0.9189459921132539,-2.861325241763715,11.053761285987981,9.03630124038949,-28.590872167820653,-4.9432613020194,7.9014964090424655
2222,29.426932465036845,22.775788226923805,10.366544418586448,2.8769435674930883,1.710461280669164,14.495056550319811,-19.92134679244891,1.3544763865012475,3.437913803289348,11.778811793283232,-0.1016275387679837,-2.755615648050574,18.24211000449179,35.177379882579345
2223,6.275058505231687,18.887433640425737,-6.288485516744096,-0.09762301926524133,-1.448150026184976,15.8759734513621,-44.62441954594998,-23.70299288689838,9.28237852707913,15.219006939069615,-4.178583342375974,-3.261395049335459,20.227802211160785,29.90119672805431
2224,-3.02288616547827,-7.97734708688992,-12.923900160453103,-14.008052002205421,-4.572782373055532,6.019167248295473,-38.758115076893695,-36.48506050619606,15.83553269604434,3.3442668386910275,-30.48362141500501,-7.189228043040032,19.21851638959199,34.27131197827296
2225,-18.846624813901027,-8.140294891303405,-30.73501527071055,-29.89929695057762,-10.516933434659547,-1.7462076652854637,-40.481220271112726,-46.427029209285145,-0.5358079954746057,8.802928500099176,-18.700398833977946,-6.858449675964619,18.160602547337206,34.59403993953425
2226,-3.1577012805623124,-0.0360214849315148,-35.97449525157469,-25.329923383090623,-15.963965765986595,-14.428793281961687,-49.61094039551086,-53.43581708951316,20.058029153486057,11.440069061731457,-18.498270710946997,9.84223725307789,14.765672169687134,35.18027125341107
2227,-47.399612877709835,-36.63968766946869,-27.13589175351365,-47.19396652877593,-46.15670591326698,-45.191098785878474,-52.87175816801556,-55.38508812494989,-3.402127271926801,7.2642644114337465,-19.88973615735397,-5.64186663836064,-17.886456117850926,8.348446882455548
2228,-47.19077388092163,-54.22691447777737,-22.257874598141907,-40.39399766571147,-50.414557430802205,-53.26710556979736,-41.82996212060262,-51.815169546729024,-5.132746953662085,-1.1604558462454175,-5.331601926605929,6.953308538007054,-0.22575520550462122,9.768532715640543
2229,-38.392430219184675,-46.47900789272569,-20.892540442572752,-20.50626993629551,-31.75378521538927,-42.66533268983426,-28.37441903995168,-33.734900572368815,0.7131514119598589,5.796739603633615,3.81006881839194,8.785243457769674,5.366375165204291,32.24943097164797
2230,-34.77931310959765,-25.492204960524198,-3.8084730074270348,-21.382688543293618,-21.935029998812663,-23.82765759979899,-25.175622054083316,-28.38946016710873,6.728227157897275,-7.075500545523258,4.969719030219929,16.466937265170593,19.219026746500692,37.428216521764796
2231,3.8575151954726445,18.57131489646491,0.46516692620164335,-3.1469565532180397,-1.6174933167054575,9.831000926316223,-20.130980426801905,-8.921633944321561,9.66141895777188,8.781698610342426,20.995401313523615,33.389959339011135,51.22608035890677,63.396065034334654
2232,18.294670518204985,10.536234104021267,22.64737645628215,10.977298995733682,16.90965918427978,23.63729211125709,1.4138857232039197,24.24540782526369,20.603401171797742,8.894061363223706,24.932216918523377,30.29101657131291,55.25376839870887,54.43209450131439
2233,9.63670304954307,21.351918361054796,-16.064180879552016,-4.446025434733279,6.175447459128316,31.986794400873315,-19.71921980361344,-5.849205392738656,9.461790250256218,-2.1487192220025153,25.666447510701452,33.39217965182607,51.8513596667667,46.37531953841886
2234,14.531411589341454,21.951379567745096,-12.692155248009207,-4.667918510400668,-0.04210171281528907,12.38977756409838,-22.333240343164388,-8.424494539072555,5.84883242323776,22.267346929086386,16.91336877431029,21.671244541708315,43.443593276069194,44.25199201545927
2235,-7.5975259037063125,1.5059321288352132,-9.982191747149177,-0.20408890209473357,-12.170782243134095,5.281171455018793,-32.70750504278171,-14.73302575160334,-3.049830932147002,-9.657460186521014,22.17155859670079,6.605912379294309,23.557310153181852,33.1381590959392
2236,-6.893210655099594,0.19728984761603208,3.5621469080381285,0.12360125313305054,-7.675624553228065,-5.451582705550264,-21.678599038229347,1.1091707689786414,-10.708321508596361,-1.5131026924802746,31.324955075700263,13.998473013804764,28.688833229909918,35.495561662097984
2237,0.6374086986748284,2.748605944893387,-1.0031995569542003,4.432635464631746,0.3716425685629785,-7.433192027897524,-10.657878908226307,-3.2786083373551334,8.535070038981068,-0.88323172010384,21.93343481403244,13.270977655939184,31.97063771843491,33.560167945886036
2238,-15.311339762746368,-17.273602759091588,-20.092921116101703,-9.386546362739065,-16.20478646069915,-23.399047950751935,-36.79901635531333,-26.86157086697212,8.638796728354698,-2.333813777530719,-24.02493182982958,-8.833797958113085,16.8665996785226,21.166699512056848
2239,-15.743082338030213,-10.479896693726275,1.9811362772645065,-2.98447606039441,-16.327149464480488,-16.57204472781364,-5.616064820498765,-19.278629095514734,-6.66961675455439,-1.7579820603061513,-32.90378615042686,-11.248323765718819,17.421707740061017,18.52770156255335
2240,0.8928438619692748,-5.747286510343919,8.897309640136204,3.622160795196777,0.19151028154897975,-9.43570467943327,-4.361450989876288,-18.206594799907275,-6.718992652047178,7.901467657487529,0.05054264661944918,14.261477979483395,14.03979477952861,14.485628351895532
2241,23.678279613695164,21.96594100317204,1.6791136210337854,11.982604297773953,4.588973672505097,3.635832232871684,0.9860947544584592,-15.95768443672138,20.03090644922003,4.496345287158929,29.125468830036134,32.9398996896983,30.30208918866119,24.281217315848668
2242,-12.929190636408963,-7.6052347771570465,-22.20622657864992,-9.021749644537188,-14.160907961252953,-5.0286235636637695,-20.31480959998034,-23.7218988768979,2.131591356976197,15.574306346120618,-1.3944078332893497,24.103000887530868,23.25621356408498,33.09876266515339
2243,-22.762976839685315,-34.33705810154419,-19.57756318190276,-16.06536022322079,-11.389235438103798,-24.179254457926646,-34.93446266636384,-21.00048611962262,13.871078380196934,6.476679509873965,-17.16897654707144,8.699422934656294,15.335159005838644,37.943089648924015
2244,-46.87953673050467,-44.28666596034492,-14.774086736483264,-9.108429693959659,-16.428960312177416,-24.76718770567226,-17.43857279225509,-11.780011871724685,-4.752674215690052,-11.306698763291218,1.5130643535914134,14.442277416813697,17.403739310321804,34.388176999358116
2245,-19.50512677553271,-19.191282685250755,-3.125670658830862,8.37136518155292,1.8824435103101478,-9.07442924587418,-10.683512957329993,-1.3054830223671665,1.3141003792898303,16.941585152517746,-18.74366924883672,22.17980240066761,24.82381954023152,49.84028691687767
2246,-34.7634672465625,-26.833793811129848,-0.12962614414075357,8.65332181958697,-7.225251222158315,-20.55137806836521,-11.919664892617115,-8.345914050275308,-10.369427248294242,3.428721829256208,-26.27417291439849,-11.026419408813577,16.918957601255098,19.087007173761833
2247,-11.845973718858394,-4.677278215381327,19.4995895269107,25.004894539274286,-0.8735519225297259,3.765088256991168,1.018634153565108,5.020324931098811,-6.314974548092841,-7.747503648427879,-10.822480642408658,-2.708109151044922,27.648902618878974,31.10981993275755
2248,8.950208231321378,28.562630212108687,15.84288522480488,24.282285696893094,8.904497491374963,27.607464270450855,-5.5457618751056925,9.485154145827323,-16.037250829466668,2.847772515596227,12.909269561670529,14.792708239682817,31.06701342875637,38.75669517983975
2249,-4.92970133973752,11.957188198383122,11.462362828624059,20.864523789686345,13.313772144082309,32.80397349631228,-16.23431558913756,-1.1338245519632817,-6.333633923284959,-3.8048284952175084,-2.7411948919853337,-0.9879636543471414,32.99625933499363,20.943573537036965
2250,-4.491446965579095,4.590441302507102,33.98228017795506,44.5645135836171,18.98064611914355,20.719295530446345,1.4521562998649686,11.899106668385707,-14.076943025391472,0.773370742453662,-15.235016562665882,-16.347364658011337,28.417911917468377,0.46908414674583554
2251,-0.0965332587896975,5.561420765698603,33.83591496061226,38.203271830119,21.46440909412501,12.721522137727291,-2.083778015181418,8.974154479040086,10.751850261027359,0.34569518773051744,3.8850260819496967,-14.651800434608894,24.334171489724685,12.584669856964569
2252,-12.045096105838107,-14.954945754394714,34.10734803779821,32.195601723793125,6.837494715678831,7.737001277907331,-7.338945151779817,8.053423023197883,-8.78976796646784,3.8534316974020157,24.84204605185458,-25.70196067139703,19.94230202323648,-1.0643882999891332
2253,-32.031976644991055,-29.400343682818143,14.98785446116077,16.966776486810325,-4.960374899883994,-21.852455233974986,-3.945252128948815,-11.822818515322936,9.36726799611675,2.5956968881198774,18.661255240059795,-49.457262824181676,6.078619390635669,-17.411701035016197
2254,-44.27122146672255,-44.19290586371041,8.03247184329797,3.9204470819550123,-6.751279529961094,-26.879642393762943,-1.9242314400129419,-7.494547489850686,7.703202109176131,-0.6706977197864479,28.831094775767884,-48.914356500147875,-2.043535919567634,-23.3224606596454
2255,-25.58913314393963,-27.35977215542342,-8.737461700556585,3.5486438054627136,3.3267797065777103,-31.20097833105893,-0.7874401493639921,2.2331482643417413,3.0580704969101618,10.309888158138255,45.435080358794146,-27.342447141852308,-1.8739956042868373,-12.891810594818953
2256,-36.63861801016158,-38.5722755995971,10.469094222089248,-4.666425986865741,-5.729612077243132,-38.307896996172936,7.698076896766598,-8.593606239095998,-3.3140017121684515,1.5522867055660576,46.13871687360809,-18.35479378262986,8.564806498196278,-5.01066942665748
2257,-17.46347478020288,-15.580337004139034,-1.8749962206934843,3.934949411957693,-0.36060199595389353,-19.090912959678324,2.7097143841535143,-19.20401785816735,10.252658212189873,22.27331481669338,28.75342310241845,-29.675917083026945,32.41646009783729,0.06351130282467662
2258,-42.18045347855413,-52.52814514055193,-4.644442025911347,-4.962285807413832,3.8035927660273323,-44.383048763448635,15.838510880868055,-28.901494224571707,20.475964158824386,-11.76150778098933,15.441373417694143,-36.13125109259679,0.5417582367578586,-32.749883731100546
2259,-29.679631588532043,-44.58457432726705,-18.045765749374787,-17.516409206695148,-19.983959307859294,-45.656907755740804,-9.068901014274664,-27.07251121226493,-11.281313688829366,-2.3934291396079974,-37.39257072764317,-60.102770788212815,-1.227295383620695,-37.447650285854884
2260,-3.5224350880250923,-2.905571733179693,30.32178253023122,33.90372727558351,0.8870543556757902,-7.931865729337113,35.898472977112256,28.811028489414685,27.122138106321074,-1.5997346774023633,21.236919817110593,-16.33600983478287,-5.641076859495519,-30.86165577014772
2261,14.427964602280383,15.297294398829376,37.82789053031424,41.61591059156836,8.682441619553623,7.8368702589409756,41.25804624890569,27.95045124338368,2.553456684050227,-4.282200914397281,24.962790382491217,-5.890834591411139,11.438311084309515,-15.30208553132643
2262,21.91800740188978,22.819610091106618,34.40976997378982,31.803425454287428,14.288738447672099,5.165373395026402,20.897387461101353,12.149323262956568,19.108524424909252,7.539124093474781,32.59898051884664,-5.251566990309768,28.209016427701325,8.605362356767648
2263,16.412847754232935,24.638451374211478,3.919675244719393,18.544228386519816,6.984376226530089,0.7296627060690309,-1.8565236471231117,-8.524584513370765,13.838222133879711,11.995173217859708,31.780968778862487,-2.4558609497685007,30.57059532947491,12.260212996077998
2264,0.6959662163511806,9.85973912704668,-6.126598244622706,11.321636942585236,-7.806377805477666,-16.635365040648335,-10.03655160942777,-34.585250534725525,4.119689127510146,-5.333685178033178,25.336590986669954,-9.930320163770801,25.926859129614595,1.7795042562287096
2265,-23.972319943024907,-23.369081000926503,-21.731569459888494,-2.77046851599847,-33.04058200753526,-39.62758296312327,-24.14421607976224,-29.619522362753578,-9.261608307695392,-9.551466383719111,-1.5608904757077569,-19.373136035730184,1.0165167890945805,-12.075501380079691
2266,-25.368390678832583,-28.21783475163139,-28.10235584328132,-17.332455076930945,-29.38668874235563,-40.98970692606083,-16.69710903764601,-24.11981595753381,3.647746697343764,7.321423438825379,20.39553649790856,-7.226320081529794,11.625671735552753,-5.232618077087808
2267,-8.970888570416383,-2.8686710072818147,-18.712554399185873,3.3125832705607023,-20.323380852817905,-24.80868665917822,-6.803258629533988,-11.735914467236215,-7.732267960428556,4.835434841683812,13.471297161286149,-1.1019744220638732,19.52717758513416,17.150256400921094
2268,-7.395486499389804,-12.731042722477103,-19.6146006455683,-3.8542503788411606,-25.298813018729287,-22.856769734899764,-12.867214758362469,-21.82676710259823,-2.63379313245053,-3.09249700600287,17.246363561932142,-10.333958436336797,17.605978557585725,3.650164150189286
2269,0.33798287043258846,-4.245067488070044,-12.175593815188954,2.0441864709667414,-13.7888463652548,-11.04383289653323,3.336068672602038,2.6814676219964166,-1.3407633761657751,-8.119708512494437,23.51530829654419,14.407094761684906,23.717991642997955,18.76399117567885
2270,34.59873038634723,35.75836337488292,1.741495913067399,9.162938933220193,10.43501067055794,19.587312601851014,7.871445888786768,17.411471833333035,15.58491357574461,5.424595641735798,39.96681461283085,45.75231423815054,56.065619007860974,55.14074871679259
2271,44.42178484860662,38.55407740261154,14.322626017681229,13.997041304160359,11.778858753460025,25.800444400668813,7.134344300382063,11.685629642248092,14.945170631026997,7.615011933907709,76.35574493109334,56.38800547571249,54.27998560721142,48.53730011608192
2272,33.847154255997125,28.23632339841366,14.257011069916034,13.582243857089514,10.047017363267365,16.284349354407432,0.7052445596137592,-4.2100914416240816,11.172073744460322,0.9141170209718874,70.64397212830903,63.08362155626183,60.557157297929834,63.5557558779142
2273,14.982556586612503,7.077105544926052,5.706001038488818,15.60155416920984,10.836210986265277,4.3416551203869505,8.569992470647257,7.398316976207468,16.642941199560287,7.91731252195823,73.338227983499,54.043158175098995,54.821539068996465,47.83725194742529
2274,17.297975529314094,27.91419826870404,-0.2611356530312374,7.276707428363908,15.889667240040414,12.398595868907574,12.548214889534751,-3.69013961183711,3.201959658049453,18.329592340706768,61.59072229491325,43.48752703801448,58.61863676249291,28.109823072237283
2275,-12.20159921387987,1.4558059561040673,-4.748308747291949,6.441429469377815,10.053357637035784,-1.7654253672670024,2.0053307644811094,-5.738693225331303,4.216530125718514,4.949135607277009,52.587886694825926,21.602596909392965,13.838347294949537,9.37178303242973
2276,-32.49763288239074,-28.023606061663372,1.7286426680377656,23.654498642093987,6.49946178653504,-7.767720365663488,1.9745820604993491,-2.753726794105231,-10.13585054787411,1.2207830186287687,39.31791919418752,12.97004808356764,2.054849339192185,-19.23784125090686
2277,-30.663235754849705,-31.41360562622478,-23.551638608475447,10.645929208436463,9.227516908054758,-4.719713464542595,1.5336318400168818,-5.524529372572424,5.410488393047736,-2.018536096357468,36.960691782414514,10.488157708758719,-2.5040520934881636,-16.936014418573777
2278,-44.38950261127212,-33.705944626885305,-21.70705770155561,-0.0013783000359028907,10.59381220517383,0.7319598494619406,11.54151488183848,-9.805128649345466,-5.184652362584549,-6.086761468793547,21.881778150202575,13.779113494519713,-1.5500768811483059,-20.46567669485187
2279,-63.14307938607419,-59.211073029688876,-20.754606830636238,-4.264627829408164,-0.8214958942429043,-10.949000639943964,-2.5455426621250323,-16.29379548379874,4.64342021230033,-8.928597967841602,22.498203958941446,9.602084189852865,-16.446969535711737,-22.100196516489532
2280,-44.25764042512599,-46.588154904702215,-25.776253167151012,3.108821041940164,3.9610504936290853,-1.8832085250035138,10.982122826491858,-10.388605188714626,-7.356566739021506,-7.181487238852636,21.08923045733741,29.434381057810306,0.7890126482878586,-2.372487862725701
2281,-16.08371976869665,-19.76736678116255,-13.931850016979867,7.235541614935424,0.6464694849131662,6.594898145076121,23.353508302444734,0.8948791059880801,3.6143808076088995,-9.341134540362487,32.15059705604429,46.71113854264501,10.267739193006161,10.786538625397883
2282,-24.136448403814583,-31.174732112196935,-11.670349318114722,7.4480933763235075,2.717299065646417,0.9970094819263837,5.922817628869354,-6.330520235184504,-7.9414535883869775,-21.792393272632086,37.13080497958024,50.468428992706585,-7.500386523404472,-5.162706148477167
2283,-17.139978689949416,-29.429594519383055,-2.9128800137404425,0.025811901736111142,1.153110880348613,15.013770293181611,6.0974317529911914,2.6435262222226834,-5.458268858688149,-16.074805428361422,53.7246338233824,58.71318314012913,-12.577079700897265,-0.013659911393443348
2284,1.2927437320872401,-13.953341889611666,-6.006705022596528,6.43826620968397,18.201396058788113,17.029486441517257,20.41781751469676,-4.8119502931403115,2.0479670867061066,-9.677056266013526,70.36155707862065,53.811965355486876,-14.274937912116416,-15.10924025521245
2285,-10.4411271298601,-9.923255767887541,0.588658555807382,14.913663558735937,10.317909461079829,21.730277989245142,9.235764641692413,1.9097652524308608,-7.195524574584057,-6.236024825316747,37.03777373900748,46.18490854759503,-18.064588032432802,-14.864890705533996
2286,-12.382833947183498,-16.565815974190585,20.630138304178953,21.05845704758889,5.855875083065015,25.488533308062607,15.56233097474191,0.8686253561607685,4.546282027033562,0.29221897356339555,36.54715361343432,51.667603547584676,-11.10152066718963,-6.632218565730354
2287,-16.776696004991695,-21.418312634715207,19.062777061887722,20.968173570235468,-1.7758709973546938,21.345021805370425,22.074146849880755,9.154290056355446,-13.983978348914327,-15.975887908574869,42.44574984160437,42.906905390885456,1.4943546264729455,0.8601323142845313
2288,3.4299451761150204,-5.494740205312755,16.38145844813948,15.314933607968639,8.648337418705088,17.486022716316604,14.563553884515224,14.774620853884826,-5.927099467446396,7.511518670212366,28.57835987393034,39.38254448155908,14.826703052051961,20.086345922172193
2289,9.1130391801507,-1.1462595128108901,15.287125279137333,14.396003680833969,0.33212753646903037,5.8038121233194735,18.952966941121343,31.881841866696316,-15.722525757237074,-1.2295778891397844,-1.0154583313283814,29.32559553630446,-1.4058191541270229,8.689598175501741
2290,20.505469134182732,20.41954176895894,23.9138944274645,25.004209354198093,3.480156499997899,9.656659770098285,34.314666797807085,34.74135694690021,-14.472927874392425,-5.51733901182103,17.998430980379098,26.10248351309659,-10.544958794240271,7.670769314188397
2291,44.44543610845057,35.07687997789216,12.851618229305108,12.154286570162041,13.12771592397349,17.194081855805468,27.33718497401473,31.01388219512638,-18.555764419065834,-8.927536921908713,17.037037393389088,33.1142809194487,-21.533208448478135,-4.165111495947797
2292,28.044201892036092,15.62872242636149,16.600436237239496,9.399198624406067,10.719561002979601,19.41060717654745,12.341437439844086,29.235820506082426,-15.123726878206213,-19.880999395387633,25.04869509732869,17.847421323616917,-33.50510490749536,-16.247345279464945
2293,9.92596756306109,2.522131100026091,3.66550179962707,-3.6173302014808946,2.5404854747728933,7.347562016488285,-7.686689522712128,12.694787608056032,-11.799424439462891,4.582103632257271,18.853230340728224,26.251212568367876,-32.71362356539569,-7.107565907817306
2294,9.433646176058362,8.862336994626212,14.86590708560279,12.036189146216241,11.136148821630806,5.4738307368803,13.157695327390355,15.676026996214148,-2.97123038115971,-2.6574905987999013,28.05595990998102,24.174516614086617,-14.193134785414792,1.3643203404954773
2295,-6.578552333731391,-10.39911919370081,1.2511401853335073,-9.719165708804786,-2.8104245398042274,3.697371309648335,-2.5321445972794883,5.914727153540265,-5.587790154979612,0.31914385875974205,7.0422168881065055,9.746135205055348,-24.22888356208238,-18.46900251268352
2296,-11.10675474165058,-13.179904793129449,-0.14602989676231962,-2.570759830195887,-10.212770117482272,-7.4743027927827175,-0.6493828088175805,1.6408114287948805,-8.852292095357281,-2.9706577818379762,-31.40174705111878,-5.053238643220942,-19.525250937181376,-8.241268110019247
2297,-9.084580449886175,-11.514153533896176,11.289803954605693,10.14360781850406,-11.34726057084949,-14.287087025303071,5.131699175557474,11.750290881182973,-5.372698522417774,-3.587125533559642,-31.288158263879463,-16.79037192364843,-21.310640126523978,-12.322876305159241
2298,15.855974341656482,13.257844388456085,9.429260705527783,19.374503700886194,-6.435235776256967,-7.695327907007085,1.9042898018168855,1.157906387526006,-1.4968218740471666,-3.6005319608430906,-52.60158089906549,-21.74464013354557,-13.730681926746994,-7.473700204829568
2299,21.25963635657663,9.971860094838153,1.27870477884954,20.65963061845043,-11.223897818544353,0.13934858462104202,-14.156387657560032,2.0076418241721914,0.24736531135594872,-7.240347152637105,-40.42683373789144,-9.590643504917386,-9.792783135089916,12.448949031199088
2300,39.49537082008705,17.187607413403697,11.77028533615191,0.21875052493994368,-3.4980221407100096,2.147549768684492,-3.209855469903359,15.556305009822319,19.777769441594902,14.671652776306859,-10.558002791875605,2.9717664882034156,9.439887775572583,28.21536479586103
2301,15.116947604196266,6.877049103673523,-1.8450488855043323,-3.8444444164963025,-7.241602810729199,2.6872400151639697,-7.550091301303527,8.605926508989532,3.294963416123196,19.140702483047583,-17.388253066954967,-3.1132482535844606,19.13593108599243,42.2160363395663
2302,-2.838725698674082,1.4807467829334109,-22.27907843168349,-26.657620754500954,-16.64593146830525,-17.35843891266084,-36.85757123832825,-17.228885997317132,4.3777796973054235,3.996390880316028,-53.28343315816278,-15.968880055408711,-1.345260161192398,19.136719966533832
2303,-11.823449861729626,-9.17402375118182,-10.374949731029355,-24.464033440800026,-27.710708516365333,-24.570024682075776,-16.447474454017275,-4.763699076640182,9.094892837802664,18.53638701641421,-58.7102262585949,-38.07107213810366,-5.138114289225209,3.053478832907283
2304,-3.9574576369640573,1.8314260409490644,-21.572942441174344,-4.918377607349686,-35.516497913326326,-25.479672151745053,-25.938978003962156,-12.97616397523593,4.669368736028612,16.4695927175321,-53.82638748411118,-55.69277273746454,-16.340922694349942,-19.5662984283451
2305,-0.7974827922230541,0.04162730700300399,-13.169067786084758,-3.576095602269463,-21.417447427724156,-18.039346531095045,-32.718091922478486,-7.6075976379984835,-18.34948898138761,-1.8934798403617368,-47.406371809717854,-54.71429118603552,-6.069712750705179,-13.935166003344598
2306,-2.098979166626088,-0.5544865508410866,4.272563735912577,-3.479345896564835,-18.67912014605739,-29.522281503251634,-26.34588976157739,-13.291594206969938,2.282182788363946,7.802714209889464,-15.429133859929008,-57.04265306305053,-14.581907288306514,-17.970505502059197
2307,27.229285633278437,30.50613799906782,27.025961136143447,13.745549629352938,-3.9163062933178328,-3.9282371375151794,-0.5331056174185055,0.2486455582616524,-7.493153519457287,2.094458955588328,5.876116339092922,-27.86853535735307,15.71382107123757,7.830882705174488
2308,52.33623641578484,44.195755294260394,34.0815051118415,38.273682218820326,6.569046377553587,-1.27401694616932,16.467057335341558,12.627064758411873,2.802505886704747,14.744116176728317,-17.04556059923527,-30.139624050441412,22.740603864458453,8.678330977789642
2309,38.8718696631255,44.21824795384836,46.85516145966243,43.9878436009698,6.721071421172124,2.296172658062809,18.794315402578402,12.478659221788808,-3.27453932406999,-11.471069975903117,-37.66247169347082,-24.388663954729726,20.554869343900933,1.4193870929106505
2310,40.5840712062984,42.60561546952653,30.387239184056032,35.55771794352393,10.038683260788982,9.97641845370161,13.480670679830288,7.281142192801769,-2.9920448349036857,-4.70931210011656,-16.499656372329817,-24.06109039677572,13.552642417593264,-3.726158558416506
2311,22.014993872984462,26.87374598098176,7.1236968975621195,9.805165684176515,1.8955009825213005,-8.101223050697437,1.8841732183920397,-11.762672984222624,-11.168889630966591,-15.56521167242511,-35.180428455350764,-25.562380366875953,6.791379437575953,-12.301249792127694
2312,-20.486164694895436,-19.867126885928094,-8.572210004749152,-6.186759079126185,-16.66653818740859,-34.47791717192667,-21.253322224515074,-30.315376755832137,-4.965025138832759,-19.239078555964266,-34.46271278549307,-47.346439313210766,-26.98032717558978,-26.61173247397405
2313,-30.983870619540628,-37.92319629147135,-15.289852771641877,-13.377000395054576,-14.995024103005356,-39.386084972123875,-28.20998271549583,-30.81938519702597,-7.883340114470241,-3.369406105555229,-54.20887008596692,-51.59829238720761,-26.385809737416448,-38.744565119692496
2314,-17.95196533134343,-25.160208292494687,-24.067670803649737,-32.510962661522704,-19.477861678976694,-26.905180925407247,-5.351211913610016,-33.0434901065711,-18.705008741269683,-10.573160397265848,-55.75156383221048,-29.675863000157975,-16.442606190337163,-25.5526925242575
2315,-42.26638096027328,-59.21833626926153,-30.85795891807491,-35.35704040669958,-31.77982833381776,-48.9022399342465,-14.66828749774714,-36.86822470318907,-3.212677439785376,-6.783015342648087,-84.96591146936223,-49.46651586658467,-14.25186499024085,-22.211908525336145
2316,-31.969527160897655,-51.42064242154348,-16.358564389231393,-29.600784322592045,-32.00419152957771,-43.9954007881337,-10.526159198510792,-25.838607226145815,-8.383978925733784,-16.111595050004475,-80.36501767558921,-43.52540967700656,-16.084231207635714,-26.7922256599143
2317,5.026324216405816,-10.214645679010793,-13.79124223354963,3.45579440314945,-6.415714899914256,-8.526104340290418,8.562365065115898,4.426364706541037,-1.4030886800445115,-3.8125214807870913,-16.182543484838117,-5.794878166302492,19.470487714267758,3.564934397656795
2318,5.080470292128367,-7.209743358308118,8.148049383780581,1.0536021547542953,0.2752437783912236,-2.773728665199013,4.417677697482552,7.469943011686732,-0.36330901536147336,-14.387052604093036,-11.0366200604413,-4.274457093709545,13.54725808918735,2.631773709941297
2319,12.362691081582268,-0.23557909676537747,0.45641782399556635,-11.469516308360532,2.4237997398402635,-17.72717438260796,11.746942281030343,4.989223002673867,2.512762640632046,-30.50899274697047,5.5492535459241585,-20.842583732454106,6.5498458209798205,-12.965758222508065
2320,36.65411977478401,20.373923932833215,-0.9052070605734008,-10.691682805075613,7.1313138672953995,6.718973525392465,4.924287480377644,8.105661678369847,5.788879596737246,-11.72019701313431,12.70161413644885,-18.116546755144324,10.315372252668617,-10.94468456422415
2321,32.13567849395781,26.23235172590763,-24.415030206486705,-20.71636888634923,11.960056545671629,-5.011463018574288,6.83772855222014,-6.206456341022092,-13.888135902355918,-25.006696125981595,-9.82578926238452,-31.906314463197557,-6.944840906701089,-32.06743397845111
2322,28.057728865758957,18.82265271248687,-12.80949422810952,-19.397250094015355,-5.72611140408277,-12.480405236735635,3.149925617325199,-11.884706352100935,-6.074905414405314,-8.620202044488684,-51.78347263054787,-59.86333248327747,-20.95669018064658,-35.00713439343686
2323,26.966448656606257,30.61918002387377,-2.9106951632051596,-14.128374925477708,-6.695405661881276,-7.498962273636541,8.271733485996835,-7.3255526520086205,-11.02630279692571,1.0837355648546239,-36.149088305871025,-51.36989420969915,-13.873670182305448,-21.309814553327865
2324,24.127668768251205,36.36969931262522,-19.72080051664016,-15.947061463003694,5.387001944340836,-7.946681679675627,5.810481190708793,-10.006264044219254,15.041303679365683,2.0765929725019134,-23.78555737584017,-32.06408550718494,1.5380256929148914,-21.108141481451245
2325,18.978312869196216,23.404499194443282,-6.014578478507189,-28.368948887298185,2.0562630638320702,-13.667018422772864,4.6513299767608425,-21.716387226517337,11.124350166722664,-17.96629055510538,-8.301331327856046,-40.06712939870725,-2.103795712045736,-23.04205923792898
2326,18.518279265993666,7.581268852090373,-10.07006368969063,-9.843471440336174,-10.000034044900607,-12.278560668588042,2.3046059625033473,-14.07612603721412,2.547632816117624,-18.061364975658538,-22.136069970991137,-38.2257881252422,-5.596731391962077,-23.41800706633935
2327,-9.539006207779913,-4.269827383098343,-26.186623742728077,-19.266018157218962,-8.811608570338738,-7.90855534529787,-4.213708913339977,-18.31334956178615,0.41706859010604685,-21.577402342191235,-15.624009103779372,-40.1027488012321,-15.76224506074206,-37.6105379100683
2328,3.516219461942702,9.284720650216261,2.360189692283449,3.6070874399321444,-8.253384532957476,-7.671810199516398,-3.482695906644953,-15.71572543358065,6.70683622581127,-8.96124506200184,-19.02291086506942,-44.63244929092631,-1.6140821584511968,-39.71128147662003
2329,-24.115345141245193,-11.593840517495714,-0.2257869893902651,7.628051502491204,-0.5890560719676005,-15.838967407040785,5.232244655219445,-5.04575172231903,-14.27279528497558,-25.77600838139029,-38.844128341680545,-63.76363732327203,-10.699075859402392,-53.12726504334057
2330,-13.006831568200754,-24.759223897503944,15.85243182156229,13.299280909531456,-6.920217493560441,-10.878986315991002,2.912030442739976,-8.566556342867866,12.487094697609997,-13.794704624565501,-48.68145580019944,-65.26276071593993,-27.20392637381872,-55.36205896991314
2331,9.826500402758107,-5.084203200580088,17.622250503654396,22.652942917497846,6.370968532980894,2.0745003514151708,12.302685133935892,10.835839166556976,-0.5257059361991795,8.110601614423267,-40.35721749554039,-52.73796127710976,-38.43632350784047,-49.98753417384242
2332,0.7032988850659814,-8.185178817054567,21.047198128242307,23.227337128370603,5.474522397751425,6.0620251323117955,-6.217535525494624,-9.99599537008758,-21.106118745091813,-17.064224389356877,-35.11754613098418,-49.09691089692953,-33.00856230050344,-54.80225903221424
2333,6.619432040461822,-11.986958602618415,2.3704407258357825,27.180085228697607,-2.123927410915866,0.25308319244901156,-21.77337570382351,-11.566803125925382,-24.06880822405832,-12.182545139078874,-22.44971391162438,-37.85688861636115,-34.01689941489637,-57.22671547463708
2334,7.302311860232091,-4.017064804616634,6.882864494743999,29.676445397194207,6.275201121971081,20.273574452052006,-4.729801914276278,0.3610593408075159,-2.1341741695292598,-13.994057139694041,-23.390735512760955,-37.677742428471554,-34.21112737239979,-56.27599799641614
2335,48.33138034891303,39.18445174586134,24.380420207676668,33.48695705035057,28.122021211953943,33.585203824802896,11.728328460682109,16.898171107742254,1.2429611400772866,-13.282153158228898,-13.2589928697128,-28.351028007281744,-8.297342469536853,-47.64574263340117
2336,21.769246552322144,36.77285553291051,23.176040762666332,33.4108793967168,24.081346625396097,26.68301257777635,27.1602013546661,25.17270962383473,-5.401901516981138,-13.476034082860505,-19.793074367503863,-35.69519886050755,9.709846212615211,-31.224086813984574
2337,4.174249891899197,20.50686870677151,20.96287495654391,29.612192704177957,20.22614358440819,26.702528026188155,1.2976037967555303,2.722221146431902,2.0486837232810373,4.177934631813901,-36.54205892504682,-40.39381926013955,2.951418943039052,-29.906081873312406
2338,-9.475555552981945,4.287099187880218,5.489660451527228,22.471053256099612,13.277837109388464,19.288031147251527,-6.432020535543172,-11.80012881314057,-11.742838951440953,-1.1559897685643301,-40.649917805893836,-42.7848783928165,1.6195909394426273,-38.519283988428406
2339,-11.356274456680943,1.9676992530267428,3.3701224340299585,20.929615041981318,3.6463637822716546,-3.433203660774402,-9.798550530677158,-21.262870016934933,-12.115522872766078,-16.360283283494386,-42.587188826318794,-54.36697605657853,4.083804699769415,-41.15501174952661
2340,-51.41376485721821,-33.97493731457497,-16.095523398158928,0.1886956396250472,-18.443763357693513,-18.879324619767203,-21.487047783180508,-32.466284271277026,-10.596984013879569,-8.720811335710028,-24.432837944550187,-37.022803196683824,-10.920238343778145,-24.43469032165202
2341,-59.9850398879926,-44.74373325963301,-26.517399178382632,-22.43411912069452,-34.30735964824505,-24.98711530622228,-40.72990858370382,-47.14488319150737,-15.867422486179352,-0.2685420507396844,-36.74445172187494,-37.11182617670751,-14.949812369640748,-12.783842677396494
2342,-43.60781634229927,-48.88029313469449,-17.578015868826697,-11.824846031311129,-19.051190727264636,-18.970880060899734,-25.481647129039676,-29.92593643990647,-0.27881164798064634,1.2933651402269537,-1.5252302383465306,-13.66305630901085,1.1129452827090525,2.1643205751628467
2343,-36.83587044766713,-33.36065650286113,-17.24440806939167,-5.765553468615047,-12.724213921389238,-14.805293816615306,-17.38830481500197,-24.769367786288566,2.8255081465831373,5.3107711486248075,7.272151035749304,8.456561199612246,2.713447497163955,17.258123832984406
2344,-45.38766060341753,-34.57999751186587,-22.917668721994033,-27.85483116208185,-23.294903172625865,-20.165475359430385,-22.66902073481523,-24.124878366885934,8.23955635270511,8.36156402138764,-13.73147587665293,5.050993198144304,-4.450638003265594,19.000484718598592
2345,-3.2468229351226072,-17.53181246894615,-2.009809641314298,19.613052126518866,-9.95564860326745,1.7347772339076895,0.83000367190527,-3.187126163610375,5.8552104948602794,13.195638788048726,-19.118304517632325,16.168981499659658,20.93406887867537,28.18787327246441
2346,-42.376006620080595,-57.947968449953656,-10.089956673101991,-28.84231157939438,-30.42797516841871,-48.003727261410326,-21.333912148247183,-33.03182997207011,-23.558137262393064,-3.3769571669062928,-20.077884476454532,-4.670865180959378,-18.066919569252413,11.741899259119629
2347,-44.85294735551973,-50.666866288250965,-15.292900150410711,-27.72056675792643,-34.71981363876625,-29.268740381502045,-35.11660940835179,-32.55265002692177,3.641807067163668,6.3544554242090525,-24.227535566120935,12.215501854809693,-4.645217467915256,30.553191748394877
2348,-18.400936455533557,-34.827165057610436,13.14685226329177,21.2078739204249,-23.182690213418407,2.045588018016069,-23.26818448570014,-15.299368539732239,-2.01092824693531,9.866532103041633,-23.322870810012624,23.463859597131876,-2.893878811392611,38.519978736683896
2349,-4.095733734637778,-24.27979198824299,35.34740568391445,31.175334741702905,-16.413958707290423,-4.769426119060133,-19.329373423135824,3.9469358807252464,6.293653121724716,-2.2553886325788173,-48.24355129401472,24.829480687609944,-0.29183935787799364,49.259186024309635
2350,8.728021460235901,-5.202023718405553,18.579030950879332,23.667620802125583,-10.415373629327368,6.108568345679866,-28.053078934073174,-3.6098130144985854,13.157361173294086,15.268297645874455,-31.0965768714202,31.322119759805634,12.129536505856269,63.26235325632798
2351,11.882396711131282,6.1421682805596305,-25.672906113882505,-7.585208206390776,-19.293660941288323,-2.335238588098108,-23.08214155863615,-21.064506054790503,-9.81858407020203,10.936706694112779,10.207278108295503,50.07563742449856,5.380823066561315,56.19048348396486
2352,13.26747807167006,11.773380232966296,-18.562195017210936,-4.5973912808462645,-17.580202002530477,5.754448041927291,-25.56046727619943,-15.810499587058269,8.32219844389254,15.807611846078368,13.242393024298437,54.21127996473572,8.024502409812602,57.087286265793615
2353,-5.160135836410224,-13.163656410256104,-23.440090105347874,-34.29615349666635,-29.966491932176908,-6.586722801869274,-35.7434358378652,-29.309858602016043,6.916588795283775,8.08655048916202,11.5782858946008,47.17660942722597,1.4467968765962946,43.76454215334761
2354,-16.768785442761143,-23.765521130428162,-35.71705907426462,-30.409562984332297,-19.638844635647118,-12.374320925331888,-43.4476903413609,-47.44314263612704,-12.03536062853391,6.878626013020055,3.9147995378406746,43.878169250153135,-14.767955751242955,29.86221903564109
2355,-12.141293285402293,-31.671392455354272,-28.6935355167914,-25.370508859906103,-19.684524889471312,-5.9579166203105745,-45.46740389827641,-26.659080868765557,11.908349167979608,-0.9125121838202057,-13.057465003613247,21.583427508404018,-11.126256221668864,30.341803402745928
2356,-15.920653294270702,-28.028009675719524,-23.133822354237036,-28.39322968408534,-21.993317618273316,-20.734479205755793,-50.12829395705297,-31.490045419999017,2.510374008913157,-14.238725865834628,-51.56936972652448,-0.35954090992536436,-18.94211535162166,29.17316217459717
2357,-16.215440418530275,-24.672150322554682,-23.057356134404515,-10.592147866642371,-25.418265561705375,-13.313582436417517,-35.8104944134526,-15.446140728397939,-5.744957541145999,7.366298777367534,-70.09573060723761,-15.344018647424273,-22.79533186954259,11.711280706739752
2358,5.442491376903304,-1.8447621748491545,6.269347451540352,5.366104287464677,-9.526397092817003,15.225535647768163,-8.057171996081344,2.902413591654311,-4.8514518650666885,-6.776383680109241,-24.041829192322965,0.33403289730165714,-10.68228095193648,11.444653947013137
2359,18.217071499938022,18.825899283542576,2.456251793241115,12.378442040773443,-5.918865807191243,15.524626707715584,-3.6823294995159666,8.654276135890457,-4.856691204106954,-9.275062170072637,-4.918059176937514,18.47692048869549,-10.220355025253845,14.155763732337102
2360,23.50190685380827,26.32313264522373,-0.1486702844727814,20.529338783474362,-15.582962621212513,14.824141124246596,-14.964984847675614,-1.740690127259651,-9.293749763221024,3.151147867464369,-6.749704640450924,15.452740526894713,-3.1205147320435183,-0.5116795537661389
2361,26.3887189382843,36.027275613560036,15.155990724201317,31.50857059720654,-0.4328322631287653,17.771723543972364,-23.18506713464789,-0.00155624369730063,3.6187809086116354,10.293150333522451,-1.0798574146360558,8.149368591941494,-1.4806325708164196,0.9939013339339254
2362,47.36201781840519,54.014262599773474,0.7791035166451105,32.976953690359025,-1.135145444439702,4.500518356542165,-4.174486789218842,-6.677032934788679,-0.05997998133721483,-9.537331475354735,27.256026870550713,-5.254464870038773,3.187980184502706,-11.031775597073496
2363,28.526283598815226,44.46917714428134,8.35958895454481,34.792739028731546,-6.527910348304439,2.0041393128053744,-6.331549122653249,0.027139322231912823,12.99997205949749,-6.897772905724583,40.293841672063024,-22.684674880745685,11.179195225145556,-19.539847659542215
2364,18.35325513094938,29.49907693303915,24.026372336033756,32.20407429958037,-3.484053503814359,-6.361042364947662,-6.552509300852976,0.543881429526356,3.791998023993306,9.859737892659776,40.17337539137392,-15.978741374722139,20.76825671581652,-17.758540182126072
2365,36.867108660118475,34.43701812526159,15.407805967291942,25.032671251715712,5.812585761984843,-4.554599187613143,4.997166181140067,4.0350019752771535,1.6881178305578057,6.01849611792861,55.31676187786469,4.684473542726014,36.969309847088205,0.7542710514236962
2366,50.48305764966437,54.02958922686011,13.144909027925982,33.708742553934016,22.151409006552278,10.693589634100514,22.423844927980582,21.557193229428396,19.231975993074162,10.856769888304045,80.50448806205338,1.817338324967202,40.01414505884447,33.31948937712062
2367,24.098211930367874,25.92420478170436,12.528335016217556,5.606779092552633,7.385637361895313,-16.20487392090476,0.5949182466782352,-6.610815972363701,10.976377941082887,9.953706773941363,24.560624734624746,-16.46424704489158,26.031525758815675,16.64405502672738
2368,6.767470630044091,4.1784846926291,4.904667830438043,-3.079398697332072,-4.9949182675709345,-10.299127007416578,-4.100612177355688,1.4806832229973594,-12.274475920267392,11.39550325502071,0.6776194263687199,-8.584029115447287,17.394761829100148,20.410661960989092
2369,19.89990556182981,23.27036466576269,-0.5396825906572306,2.895298357157932,-1.6039937226034329,3.08601703290199,2.594706295438758,4.300623706237199,20.178178300531467,6.412684102279951,-8.509804704729325,-6.8108643700619345,27.446127712622197,13.447600716059076
2370,2.362968340377776,18.078761422025565,-16.505745339760864,-20.90699669375653,-11.79615452801255,3.746434419496627,-15.458947899009615,-4.934657671882293,-1.9423659902554569,4.483374996234028,-43.000292982273926,-22.47432332967135,5.764385979647907,4.99102767830075
2371,-10.084160719309617,-2.0469197381371917,-30.61851423827504,-24.410180039444477,-30.07948566051708,-12.144090839281047,-36.49299692604817,-20.191297426402265,-4.864134568704193,-5.093155049274787,-78.83756121217156,-47.37159418098699,-13.953071316184387,-19.17107511164452
2372,12.557436499340625,-0.16782694292497835,-17.398839753742326,-25.97162251197637,-17.812700170871086,-13.381108304051322,-14.92120078683314,-26.629218925269793,14.917200315577285,-7.654331124191072,-42.15247409790427,-36.0752353344241,-8.31115915423323,-14.04126668865777
2373,0.429144470483781,7.8611020685841595,-23.6778271366681,-18.15166426283028,-19.895772113950393,-11.935049573965495,-10.69033249573016,-8.188688634202121,12.436300942386003,11.867101273762284,-20.201706182141407,-30.00289531027839,-9.121376977134164,-17.174701596650735
2374,10.382324683143231,0.38469145696267343,-20.124272125468245,-10.331868673784452,-12.190598909841231,-8.392830545205653,-6.7931088764218055,-11.95476316495408,2.458798385858127,8.595472600119,-24.040461339038846,-31.3477990414224,-14.670437121048753,-26.057580687392456
2375,27.416999513893902,12.359421127214103,-22.077673478698213,-11.529280888483035,-18.81398771479623,-22.714662078354213,-6.534900310856356,-11.808396589322964,4.10541724985495,8.24386243639418,-18.367378505181975,-20.25702199434667,-16.074597127188955,-22.39179365460608
2376,53.985105071264144,37.320158054096666,-7.440022742162107,-3.8797688183623094,-2.9479599507088774,-3.6669761736988957,14.103942227740315,-18.646234946172136,2.552174952321541,10.364340454082704,-25.002544150291115,-19.395748081702383,-0.6284927333704174,-19.403209544887588
2377,51.427641997714844,42.689310408204854,3.9446224888097654,-2.1667223054634155,4.123293234521418,3.2530470061777876,3.7468616525385934,-9.384856075319783,7.562077853309062,12.521255438983072,-25.489938499919273,-9.931421186913285,2.758499553574916,-18.15940837294503
2378,37.52544840066689,35.979650661765106,-9.263497654844631,-6.5818121934233655,-6.508676214429363,-1.5678534736650849,-12.581409107422571,-17.54074200096247,-5.583112647789073,15.415773870072634,-34.79048677870568,-20.262655576393918,1.8505644038764022,-8.234283928607084
2379,26.888987468228617,26.73030742091558,2.788389004833467,-26.182854510644507,-2.783043844967043,-5.778320777979175,0.9023605892239738,-16.627339552122425,4.037348359561435,5.241910295058539,-28.315372105091395,-19.30964422568317,3.8963485521796333,-11.464641998196134
2380,46.05137549101411,32.52425419739849,-11.95778648602212,-16.26375387064232,-5.749310302517363,-8.107180949248738,-15.42826036989681,-29.22048649965177,5.477728151367466,7.924320489188495,-26.651146077320316,-5.881731504124705,21.5943258116949,-0.14122151299191738
2381,24.321736596194068,17.672254051094136,-21.285510508816582,-21.436508153867873,-15.748562103239264,-21.501381990645907,-18.37046885405582,-38.605978206542396,7.930394088568477,4.86360672478566,-29.84892968872183,-18.591648131971503,12.07803523717008,-9.088631275606591
2382,21.08739247735699,23.080313540514936,-25.37532011858465,-9.40151769187299,-16.705712380660906,-18.39257542184044,-20.92392145935503,-30.388441813071932,26.082431879305997,15.875640442386036,-47.050873940520866,-19.235513990765664,22.017238886769032,-1.2049635346576288
2383,1.017526116770676,-12.65137760310106,-39.14252097264676,-54.04800948488861,-2.0684956867409503,-24.436213919037034,10.714552514603866,-28.119872496760273,1.2457047145535085,-1.9257618462296806,-12.842217468649505,-28.450319415973087,-10.432985171578908,-41.67568078143181
2384,29.788288524120585,15.996841554486064,-24.45970530698123,-18.373566305332762,-9.876082085476991,-11.503156607806932,-9.607019317896503,-37.383762578760454,1.717600345779698,8.758345968652465,-17.201889981930016,-12.060954750769945,16.932883883857407,4.153833488846076
2385,38.88982987709291,35.24927418106206,-1.9145933821960792,-9.523521290410422,-1.49438576725088,-8.665205973024669,3.5528342002165374,-1.8761686206399575,4.177182164266779,15.79380259759252,-19.441219824388543,-6.072920671273436,9.087639553806044,-5.3112809112633235
2386,41.57811133682152,37.765759778856186,12.571252504952191,10.887170716393832,0.6396586687205392,3.504310144331286,8.827766909981428,17.07838877653059,7.802353583344266,0.06588174179740647,-29.773631116747517,-1.3246157070704017,27.914198328386178,13.348341362343444
2387,78.3312696751278,53.23682419634223,11.479159385502037,12.427996539464372,23.29110449051336,21.880347793642724,21.66017547726617,9.882398227970702,6.09429835024408,8.528702640313636,-2.506938503479371,5.29703983661094,40.95365564674024,26.43710383721606
2388,67.30712931606399,61.17442367990847,8.55702573080808,8.262247444719005,27.66047108809529,17.86393864656889,17.412967843221896,-5.701441860139669,8.636330143570149,-13.880379855299141,-7.861601660532242,2.7590271160609428,28.736816961851158,3.1094590395756616
2389,43.92412187678394,37.474772649112985,-0.7080119262568841,-10.245159053707185,1.9407555819771014,5.722267743168424,-7.47930897409207,-21.47121813349517,-0.8105019973078349,-11.68304169235098,-24.642873687946913,-9.769952481561345,2.8557056758424517,-0.815099482285316
2390,42.85382290987574,27.332590454908285,-26.718864005631072,-17.659608406678373,-6.26227306995436,-4.784169350052239,-37.74430675251433,-47.46367084028865,-5.3239311140134715,-0.057357153153764884,-10.778977852087085,-14.977027101852011,-11.874926660559327,-6.232924123475013
2391,11.312892623186734,-1.119087378465213,-40.34357551175682,-30.299712228195762,-28.29243200192405,-31.90874571275822,-48.4058147372916,-61.23043157392268,0.3104418234590581,0.1272232288290191,-41.83404317781101,-34.796322824784056,-18.089110181553153,-20.011745879284877
2392,3.2272192906522283,-13.898400789495298,-46.42938813291159,-42.56108200773292,-38.11831933344944,-44.66498741946829,-42.2434154855426,-52.75371361251204,11.15642874840504,0.9630156699395496,-40.643727062138105,-34.970635839085766,-22.340279867160323,-18.80466426126667
2393,1.6136085037364722,-14.782822113874225,-46.446677995111706,-48.22233460239674,-27.844520740289163,-36.734448969197175,-26.123733016062488,-48.37331192345561,0.508306269202833,1.0669862184617007,-17.446875499426643,-33.867947606601554,-24.37001796477658,-23.444144244457387
2394,4.690179236910128,-18.38062235405076,-32.39397858782587,-41.54809572993882,-29.77173378236028,-35.161372463650146,-26.92907886079488,-36.27210663571304,-0.3578888848560209,-8.823825957182121,-20.935977922043506,-31.90589201577725,-22.596344980753365,-25.45623260354897
2395,4.580273329072031,-5.917280812564696,-6.426829121032253,-13.27619800806293,-6.428517638604376,-19.04226776995794,-7.785266792749908,-4.833151331351549,2.501867907087561,-8.672500263720295,-15.812676804890405,-13.706356501853097,-13.329772281623027,-3.1550384444839903
2396,32.30939358227955,14.610312957760197,13.64026355381664,20.0491567932748,16.02350179088505,2.8921460787687354,9.670874825613046,13.558994144425728,2.037430386722584,-8.805868146092937,-12.355069392511393,15.619315031110018,7.615539369193237,8.553400513297513
2397,18.262930251584216,18.105811189355748,22.35635449867217,15.82218951562971,19.630721352453236,28.630187120274027,23.90572106870059,16.449359892411685,-4.537959949110519,-8.363767373861354,17.968936893452895,30.98277267135075,6.280026632489825,0.1311668284509528
2398,17.015198078240875,23.376640699703703,1.199391740236743,18.410580952579878,20.811472975517752,28.27022680145459,13.712737301805685,20.37408762582495,-10.510579172721394,-0.42051526383187454,-4.612001038547898,24.114854775181954,-5.832652389693683,-0.7065700741727041
2399,19.367762430612583,17.097599482545178,9.668267839761373,15.747013837850613,21.053815755846514,37.0320700094685,2.3120655385054873,15.889422444270167,-7.072251453847833,-19.221832541946366,8.12119091324813,32.47303094695001,5.4979719575236405,-1.8585150766605911
2400,-1.3391545023210742,10.165871765869571,4.039746254528169,12.791866448999667,22.02409962476597,37.09307341220846,11.933958418014813,8.257169586576397,1.4765654746375727,-17.82597228520347,23.720607391327704,39.25490325383357,16.795903152140284,7.011796094595528
2401,-16.355566136772474,-15.71528804782423,-5.908336721871781,-8.56353573546396,4.82820346646599,26.779573282255917,7.754732660119942,-3.8541120293728808,-2.5556555709890545,-8.297545292733902,14.260526733439772,29.0910956370182,-0.13790597888159795,-1.976669136486825
2402,-21.340244983525476,-22.72822519760358,-15.491628447827056,-10.25139557319891,-9.150335626495545,16.21965266074009,-5.399922925553535,-12.51739547002975,13.434768140126812,-13.60747459519437,7.139963117231693,21.369353397935626,-0.7765208738106574,-3.5560298317697145
2403,-29.464302335960983,-34.93643765289505,-21.289842206877456,-18.766714962299883,-10.869167328864192,2.8936899999119987,-0.8405234801001019,-4.391252479776389,-1.9278992887658706,-8.632285890920224,15.905355784805145,16.124139003807677,-4.2380898909460765,-1.5268935721658854
2404,-49.65912343951317,-49.60995372467383,-21.334237486322447,-28.791750496331662,-10.39609555486459,-5.92672000845461,-7.598191427999244,-23.326077373308475,-18.74208917408924,-7.956233481747618,4.59924107671868,8.166393055127564,-3.6266028466844253,-13.841495181524207
2405,-49.30282472824061,-49.29419303643901,-14.52922262788895,-19.147771550669734,-15.0827052521934,4.588784770272087,-12.717502562158032,-24.29693321870575,-6.201925080212465,-2.429660201935965,2.180278840349475,5.785207457865769,-13.101310766316992,-16.764190511151657
2406,-35.39580263668615,-38.32122402944814,-14.056435769765393,-19.622367856908898,-11.020219027400293,5.598095593964827,-17.618245748978545,-22.61706342456255,-7.084780090306848,2.3586335579118813,-18.455621368299013,16.813779304325024,-19.58883968429885,-17.275820399458883
2407,-40.054038317310386,-43.331169286734614,-12.380337946079905,-30.81339690297811,-13.463510125157175,-3.1163272677525393,-10.122443184260419,-16.972465062026124,-24.339153133276103,-10.128382929150698,-40.55436970622526,4.900482730245082,-29.768517115396598,-14.787306467572016
2408,-16.878691607734,-18.52803637155294,2.0856708733002622,-9.05104981225074,-16.341605768997287,-5.284008819306243,-0.733708021021623,-5.6309910628053546,-1.8805406748383104,8.065447629716026,-29.287453252227646,5.71949142449424,-8.607720797360791,4.844967388849756
2409,20.103380277971105,10.683981122138237,22.797727671790692,36.740154769410886,10.46286695143133,21.340988940423642,16.873956054819747,37.59325561912441,3.130123758061295,-6.676937006072501,3.2482820837194337,26.687270055670222,5.0972854574881215,16.789790070861983
2410,16.888991144765313,14.044213643773421,20.254695184092213,47.65644131110624,16.76808905993691,22.87190705164854,9.383167410678283,31.30390843467601,9.65101464090535,-8.915508842851203,30.48858757838939,29.284402626797,-1.4226196592793272,7.926118454994661
2411,-11.455778359528889,-16.546541511826096,4.868566277321641,47.48102905476785,-1.2430625702479503,12.440236259234,1.8964710274914345,29.9792920163624,-0.20908874678954023,12.018765162860795,-25.489416695491567,-8.033556651334187,-15.141130065774243,-13.087505426386587
2412,-26.261721461611486,-11.274416696118289,-9.456818533339392,26.702404753627807,-8.087223087044705,7.635176752891078,-12.850149740833471,12.12324540971429,7.22410850098354,5.319384944133917,-22.11796386824396,-10.56619955455319,-13.317424943814503,-7.828767722925557
2413,-43.64778532102387,-28.9312142432514,-23.388581610914404,-0.7898240969919996,-32.16549021127847,-19.597924557651613,-32.32739607101981,-12.882616545765575,-20.24111032201326,-7.469065581256894,-46.530030601408654,-31.133090674954953,-26.498109045801943,-18.825252221782947
2414,-38.10116446429003,-34.59463471728777,-24.30970227852156,-14.409348098926515,-37.53848185456182,-32.61646441204622,-43.768709150677715,-29.475473762665036,3.598050571801014,14.553916462336408,-64.01140099485576,-25.468723425426226,-18.981311203621065,-23.790335048060868
2415,-62.295530788022766,-51.50429461861362,-43.39177392688422,-54.846869086712175,-50.29869728046856,-43.132220713393714,-44.3599260767566,-27.615079189589864,-9.237767043111582,-21.197644678619668,-54.10128874344198,-41.687895848152465,-38.33208609442294,-32.543893694785226
2416,-49.43100987953483,-37.08882567698859,-43.7584670693632,-65.7000010251929,-38.46504305166667,-34.97853731208987,-30.685793792989614,-5.27327925116631,-2.806892502934548,-6.324323707224471,-37.0122054774769,-25.514221624102635,-42.3403195766139,-30.5970180573582
2417,-39.37872508468941,-44.070090091109066,-41.139688207628005,-44.50136338538594,-19.617519414243638,-13.275135454018011,2.2127578177505205,24.51540191319284,-10.378051648706672,6.875200634311621,1.5939698503859145,-11.132632588775769,-38.57440180922452,-16.997533776615402
2418,-52.377116538679616,-53.652937707821174,-31.709696663272684,-61.64378752923515,-2.1151547513604765,-10.381377210020657,19.179801292995656,25.81457884294506,-15.637655538495268,-5.586673278968305,16.669305540226972,5.915478575507135,-28.752924013054983,-12.22303080501156
2419,-43.545305896049875,-67.71920842855518,-25.778134608591312,-51.288855881580936,12.227903189758143,3.2248551153797402,34.19292745674447,18.471809210310475,-11.19165176171746,-6.215170176587259,52.77539871029871,16.43113027377114,-14.887529852532074,1.1956576158698957
2420,-53.13051450046524,-54.805886019232005,-41.4651899506296,-51.08251691138347,25.305887251001984,2.9880299151279996,38.63753247098545,21.787684225935838,-5.90319086975191,0.02478046896311814,53.707100728642004,30.99003887893913,-6.58083186442307,1.7295966226994375
2421,-54.12355043616472,-58.88834995668978,-33.20106376124277,-60.353089782258984,12.701812521540758,-4.445816970925485,24.181661807605984,15.223017044268351,-8.484406105125668,8.874304670125067,24.35543521241145,10.304984477422192,-21.69756324565864,-23.865694223125114
2422,-50.17100676228026,-61.10636297145156,-39.24864977299044,-63.61499847716099,10.814844147553583,-24.18593565033022,23.701845064162693,3.6998975611618787,19.485545256074243,2.0714818325760573,-0.7348152805956847,-14.641865003455608,-26.540664546932053,-36.868029790642424
2423,-52.47450820329727,-52.261559422382746,-19.58937174639075,-48.63234397876526,6.81740927247475,-16.687464808434207,8.672600723016718,5.328066070473645,-11.770309715684602,-6.071083884570878,-1.5683098541925995,-3.460764253517032,-31.315193986452606,-36.861807598394925
2424,-19.209406328450175,-29.870776670185702,-6.690150468350796,-32.69198709571914,22.90479727851837,-1.3122639021505145,23.512536295842114,24.32992507778882,8.628576052993541,10.81330817249448,45.741652418784454,14.193692728202032,-15.477773914933424,-18.88215592333157
2425,-32.74552901850681,-40.3367801348811,-9.477746714514309,-29.867062366471618,19.20034877951374,-6.913778856004074,9.942464703256247,6.343896248587955,-8.688865561349209,-5.964729401004145,3.6496101336218905,-3.079267440486793,-27.974742711500976,-28.59513458442184
2426,-36.76620555640065,-39.688575675839196,6.839564376346508,-25.184895296045323,13.75762903221684,-8.522947822769622,15.715973540242402,15.050299570169054,-4.6090719153716515,-9.736057017394632,14.144142660959027,-8.72750196238237,-26.36732532132094,-31.813913979955952
2427,-45.2126925659622,-66.5674757412948,4.520972643159075,-22.205494898947293,7.516307752775305,-15.266837588242373,25.231365548240273,13.013521949162927,-4.7536787600021855,-8.024392927060926,-26.54022619821201,-27.467066075852568,-26.90122869295298,-39.58833282942467
2428,-10.57815517955389,-24.45333746958333,10.320625814648045,-5.041313565388744,21.87855331363983,8.215688032082078,25.308550422207826,32.0699788243438,-8.017111433375199,-8.82100702722296,1.7208422565302277,-16.126326444662226,-6.487700691090477,-16.87326511009867
2429,-13.445082181956657,-26.52963668510153,6.367556182068557,9.840433217725678,37.65436259052918,14.325974648633451,32.576980015780656,21.22580591107606,-1.8741607108952063,-3.528282202420937,16.161121881084558,-7.437983863526706,7.09207033720623,-15.432141104738294
2430,13.401090732356282,-1.7102450809687832,24.931491357740438,23.58155386104211,51.00808060668394,37.23952442563484,26.71120198418397,30.092987848431996,8.113105188480393,1.206983083517187,30.422602026595428,11.938873907195232,-3.7955405233176815,-8.15519115010789
2431,-3.1506015249537223,2.0823968617938293,22.696921754442553,34.934178949860616,41.99872979443109,30.30324848868751,20.082747240678497,32.63655351210578,-18.207740438606155,-4.452936714766966,7.718359880577255,7.843584434323061,-31.373758354193576,-38.77665618447952
2432,-0.6796687362523223,-8.840582781246566,29.361614800001718,28.82522016707619,27.94183587817765,28.875507143364928,33.98395086235586,36.680739865967695,-14.448787313150419,-19.96741685635963,4.081740053483445,-10.12390002843268,-32.24740326049681,-39.643478007385944
2433,-15.474087488821207,-16.002573043378213,17.596245836797497,22.31637937280071,22.32929176445106,33.172923796987774,39.35884649688329,41.70180176882356,-7.089396144968021,-15.257533597303023,15.815737939139387,4.70204523370941,-44.21313807630059,-43.7967033798051
2434,-15.363512739233093,-26.45631129777895,10.183313462133242,4.03579267177224,22.77673348766155,36.3869495746548,31.868706643380772,36.804299525712636,7.055822062702945,-10.03947227924348,-7.65948851466803,-3.3716978322227282,-60.4636750943858,-63.29867206287716
2435,-38.58462258355426,-45.585962433150485,4.603955703784872,1.3029322036542679,6.489584419752661,28.507938670132773,16.435542308406603,18.118745049042676,-4.9563602629999925,-18.128644402978896,-24.433537913536078,-11.505904774871327,-73.18086537773728,-59.38539061352381
2436,-61.95684596259652,-69.13535780610037,3.6182855910617007,-29.28071906649423,1.3244785845620264,0.330579387464035,16.82814300138609,11.227504484269089,-4.649933075344903,-12.259169897082913,-22.506730805838888,-29.673492477880856,-67.20216885024364,-62.24725391296957
2437,-48.75311959813121,-65.42686024151944,2.7933750617156696,-15.441425330415871,3.5645031297735583,7.646315069081944,13.713564970387925,3.16955136645572,-20.72083632021729,-8.581340905811082,-48.75045962667391,-36.46779231441817,-46.06941759709226,-44.92324899281752
2438,-37.38514501602183,-47.286473954552484,-2.165355165353629,-2.484722270179422,12.436741312680613,5.520799565628542,8.792490026948345,8.892169209253838,9.664924230116627,-3.7143113280408615,-2.13119051119949,-24.971945770938973,-20.273176674804116,-20.165980828767964
2439,-22.339036846823163,-20.152009638541063,8.485164624539122,11.150280934795731,9.926081348920016,1.138125360554103,-4.048708358271455,3.2087039413200573,7.130877885709299,-10.125644314736856,-5.91980295398737,-21.647002198684696,-11.638824972524334,-6.048526995751742
2440,-23.687807213010114,-27.76367911319649,6.280176131303602,3.1541962087086364,3.765522260486861,-13.493377247468752,-9.20961174107275,-2.3115331836004587,-8.160745709257457,-17.245323596619116,-34.76466295096559,-25.371476179976344,-3.5398034619001466,-8.422729297118234
2441,-23.5830836401018,-29.99200784092098,3.7560831086278434,12.116347348802847,-3.0924941303356497,-9.216835479213245,0.04116217555855022,2.0544927363020165,-6.538647043020614,-5.260415487484193,-40.94525911272199,-33.47394623993614,-0.11367982276075686,1.760427550264698
2442,10.828808364773128,17.466818760432968,36.26217266615712,35.121978434698285,13.314503237512072,8.70927575556181,2.4508543156039413,16.89566963805213,4.925179972233521,-6.255747304755579,-54.02903329237236,-36.231089149877015,3.8955825474440116,-3.6622641001936334
2443,12.590878818160004,9.023150603312224,47.51961000869179,38.648357257466145,4.482023016285731,10.0392018371235,-9.315997548457963,16.4155619342236,-20.641090202620052,6.9306194513150485,-90.46990962235604,-59.50195339547449,2.966154734891933,-8.592297477224314
2444,17.987500076396586,29.184421647612186,52.599216320654925,54.8745211000952,9.368791783298887,19.395740319851832,0.4993561176612616,36.59575386014684,11.637137816602483,7.055974397564231,-72.2879712573559,-49.82870720117009,18.502019301948994,10.153872707491153
2445,49.94119152579996,62.49180026222508,60.22197884832638,51.742966176711846,35.010305882368144,41.80069985471421,-6.3924337240353335,40.94688699104345,9.96765347273267,5.200486097053414,-7.612226434372191,-8.615771705162409,43.17111325069685,52.60094852771263
2446,54.34487519386736,72.17242184851551,39.669322886939575,31.55024683194008,34.834920905855306,38.59424563252186,-13.434914154848538,11.730402094020164,11.802196950204333,-0.33628612029667737,11.264198704992188,0.7195155189398884,51.78757262764093,59.41079326889669
2447,57.652113560551534,62.785041981809215,23.298646359945767,41.67651519743994,14.269735947484955,42.468774066524155,-8.459472049550142,13.540629112540264,1.5918384589490648,17.666411384142563,31.933540771691053,30.011292835460203,63.16452227375775,90.03640444427718
2448,32.78050547853606,48.42412497175627,8.339362409676566,19.91418707350788,-3.3644150464169478,21.675347388121377,-23.84522880742647,-6.46603066344488,-7.6122544985310086,18.390371161891956,69.99924284868543,47.2420540149271,49.0389674641882,61.578615557135294
2449,17.843527622558327,42.616977637926226,18.541278856947056,28.16617290172576,-3.8540579124148686,11.342273170520363,-15.860861192533122,-5.782548104942686,3.7561954383629623,22.31906300087224,53.16353865273622,34.61093232401109,51.53561944417383,66.0267729520968
2450,13.184503553943179,39.83149027511985,16.57073830935557,15.077052691110513,-6.204967086584518,5.325056613722696,-9.812646024332164,1.3970306317246313,2.9861187831079707,-5.208559518606391,40.836511174491434,23.821447351008654,42.97252952450707,41.85694528688294
2451,15.607068648010145,33.61337112924985,11.146196551314254,16.590008702817094,-7.945819534760945,0.9441506352510253,-19.807523683349494,15.161393706191763,-0.9453754692067324,7.47586277532166,37.40140359593764,17.36636454271853,26.664236491181,49.946904017702145
2452,10.032939441113605,34.23103738750565,1.8443419657547462,10.22200404336173,-6.9958355183024965,-7.447233226133845,-11.458742042845651,-5.812636327982078,-8.25846949710546,26.985197915141995,-1.354141490698371,13.770660111452777,36.88157554757014,56.70513089909613
2453,-17.069239911843574,-19.250361934626362,-18.49141849286259,-14.224570953438487,-24.36243715557354,-29.51791826028728,-35.53220263673626,-19.063309775425118,-1.2865549011541226,13.786244067288038,-28.769059456974723,-5.480983621035944,15.13532474351132,48.36957182035062
2454,-12.664064239273527,2.1903366871035486,-4.485764292229449,-15.850047220947518,-22.526980414005802,-27.79965559271155,-17.77254717336487,-8.360152483789346,-2.4634182071222104,30.526795033781102,-23.28002342189434,9.241478758120548,24.27407985797066,57.47531557149175
2455,-29.22897486182975,-8.553255909098242,-20.94632439544571,-23.881483504573925,-49.1855494814866,-50.86037436848905,-36.86369482432826,-25.291586217230467,-16.83121688070465,26.210009231998136,-50.14286282681598,-7.730248942603398,10.008838150493927,55.53860322445414
2456,-20.30928997038086,-15.709609018028662,-25.004026176694257,-7.922818700358519,-44.68875303953736,-43.921419863125195,-40.07161681037759,-31.26374416343997,-10.170132059528916,17.36612386039433,-60.93004696186185,-4.401759231791668,12.612824267935373,51.73755122526386
2457,-23.532936550964603,-24.381379148548515,-18.386584934919487,-13.843184847327185,-35.653736887828444,-37.164208389126244,-33.56583680231898,-26.556269073027597,-1.6848500659878065,12.555349814229336,-55.33722241035823,8.862904458530567,9.757207274846097,51.129666880232215
2458,-13.205610016715825,-17.47738916848382,-28.982663200137306,-5.910550835702278,-24.979855046430288,-17.25926453788441,-23.99329082076991,-21.320078234520754,-1.8774664370766256,7.905553562722917,-41.15957836567779,14.088723344871989,-2.7197383079048896,39.865391245796445
2459,-13.21166900926473,-27.079930634726832,-23.973105627432364,-30.43130136163192,-26.844007747211876,-10.688635511770306,-18.50808507983691,-24.672455684982747,2.270057647517092,17.40714853067486,-37.594816353012476,15.087156820756869,-10.219432022885151,33.68120967460349
2460,-9.491366080568083,-13.401210067335619,-19.22759992868532,-17.734355177043028,-18.93236599676794,-0.018272300593158115,-18.566530173513367,-13.767185606394463,-3.201126345320709,8.441969435429113,-61.07476491619363,22.76975739595522,5.45135135258705,44.41272346965416
2461,18.887898720801008,-10.133119396513713,-8.686094646668986,-9.476255764012537,-0.5265695588818251,16.255429373451737,-11.017316411175711,-3.00219915786261,3.6722451590282366,-1.1857994913397705,-19.966033538196527,30.365472499945188,25.2201117490017,49.69334628221795
2462,9.856160797306522,13.696743611782697,0.8105687493387972,11.272736238837243,0.10072457858458013,15.141208470676471,-1.7793659557192323,6.983754607328793,14.855060593885254,19.9367550020635,-23.123007958008102,22.083696028118247,43.381080968420065,66.82029560934309
2463,-9.3641777785646,-11.290856228304087,-11.211014004922552,-15.068746663485589,-10.46552409336463,-6.910357183525287,-30.061085986642183,-8.359031730349045,1.605761242327354,5.136516720300488,-22.637048997379786,-6.4509105070947275,20.41521150203588,36.77101579793575
2464,-19.02645414187591,-21.307200048272346,-3.6879956452950267,-0.1408635011076662,-18.026329804180598,-17.379595739992343,-15.929393373321513,-0.955827729150348,3.1872656708075766,1.199684808187758,-25.36529070255291,-22.45434490723539,-0.6791227753525445,1.3282438709875537
2465,-35.09371118967526,-28.579364364703178,-14.530374396304879,-9.830053237271578,-18.941487362150074,-18.895866351313295,-5.854031416080933,5.496727621484128,11.419155549709169,-0.7082745179582988,-27.64613410733449,-21.60139014803972,-35.05256275154115,-29.299344884013966
2466,-7.771119236987305,-16.643887390808008,-0.27996452857237075,2.5236106238030094,-21.182188616565405,-12.233464195440481,19.160123134850014,28.75221140365782,-6.400506934286614,-24.610188728650705,2.614814103571801,-10.981140719315926,-47.170529150547466,-28.402244157762983
2467,-5.920892786906504,-16.622121437086264,8.396949328262378,0.24195562684744698,-17.213019840772844,-15.92142780775198,20.653614406494263,35.35605259522979,-13.167584132442782,-22.0642806206569,1.4000303666782976,8.317443514450297,-61.16550997475382,-24.49699440233279
2468,8.409427467087527,7.457051196894627,7.012893402323505,2.750080123171896,0.20093179027123798,8.676534266702221,21.855610419364826,23.92456712618032,-16.566164551817064,-9.142215484721365,39.922780512004366,26.195212310163885,-37.472882427819435,-13.465822607713825
2469,19.392362557561057,22.364566681492803,15.27913518058485,21.855840696936657,15.966117035578012,19.2660987852783,34.74572467026958,41.99449767505723,6.942872041932065,5.513392063328699,58.06746092473872,41.88882619176323,-23.071254857555022,-12.791498928242975
2470,31.865125494625595,32.813479359761224,6.7415343471858264,10.822694734329659,12.644603413471472,19.31853634499191,11.702845132138757,27.35937265123598,-2.006917722266877,-8.23253238178191,55.35979503852069,26.18475227913359,4.064985856081207,-9.86266557794825
2471,21.00438872864612,34.59805155702422,5.886433025096712,9.280654521926495,6.23067831699101,18.45673363243163,-13.500756729086206,4.358221512767279,16.564159346709417,-0.6898117636305212,63.0249231620762,12.83431843464321,10.960033538402122,-8.78329556812855
2472,-1.3657115022924353,10.238081036824006,7.22674950805177,10.472535328725261,19.95426616822824,16.170257935987646,-9.273299816406668,4.667537235413145,19.21474998020534,15.8455167350351,60.74204359647118,18.726534890415827,8.568265941249631,1.285032497261141
2473,1.7059021885974057,5.199393298032465,4.411116284008716,11.36331825095801,3.547295641178844,10.721605909375338,-6.404026786067602,7.860039056822333,8.428671950661359,9.718706445539983,62.88187450845006,18.282356830817157,24.270355405305835,11.939129599197257
2474,-0.7336746033461353,9.00447642330073,-0.9701674841633258,-11.556018756920205,1.0643537351897128,12.364297810027951,-11.70099428560309,-7.8914410681874445,9.633046376463875,1.850767104051498,55.71756256607214,22.78333247424888,14.839321350266657,11.8240900396644
2475,-13.909503576083493,-9.432256416819953,5.237786518926003,7.2164560792341685,6.962473754570382,1.925691577930125,8.607909493553963,-7.452794892269685,15.958758916551695,5.41380404198385,71.91102769739106,27.46434921188738,14.05035140077529,13.327238629170694
2476,-13.539641259720975,-2.2502199095424866,10.467178531225189,17.957298186971475,12.108807223345,-3.1172847761366596,14.700896453018578,-4.153872492278588,6.092081603495042,2.3944549200395113,104.12386735268662,45.41399958167815,22.26564731162553,21.538207537129836
2477,-19.93305250071598,-3.5406893402360593,-0.47437967332871683,7.067821452759787,5.545047900151452,-4.535122579695519,-5.963736491554429,-17.519634754705248,1.5206632990568754,2.0887617395245526,92.37031227524909,44.60135828302425,11.67664405803464,14.021189434875158
2478,-14.910727536812162,-15.524208405175031,-11.737023690066785,-4.649496139332065,-0.7528592193891077,8.023009383836868,-15.82224979457995,-22.987948402715656,4.0226474671377765,3.0215839521084136,69.59659532746385,40.46534646908347,3.377788842787964,4.3535260002039715
2479,-48.728040944847535,-51.59550836902445,-10.692464134935596,-23.168893634327326,-3.3540228762326185,-12.011802414720481,-14.834224157732818,-30.20494240500227,1.55324080757138,9.786988528774675,84.86672148308635,36.58072679571165,-3.6632725931959977,-1.8730140098125154
2480,-41.30230246899363,-37.803777090737995,-19.760919955596428,-3.278772995402373,-13.179561353767323,-6.294645738814353,-17.85925326634582,-24.692891769742772,-8.419952958644695,-0.1984042899075389,89.94203879216231,44.65480581157487,-3.789767943245295,4.776099725116399
2481,-33.44613734180909,-26.502367977679604,-16.49242242406058,-19.90155095549632,-19.08509865573823,-6.752312296036126,-15.723746726412228,-24.436394014025378,-5.028056325290611,9.481273320342906,66.59357923364655,41.29002595201856,-15.812976032095028,3.4309718213566827
2482,-17.1997353981801,-33.889836736831185,-20.492600749907925,-21.447268436660792,-10.241420052124177,-3.4013653574581917,-13.055054160969108,-10.301050900483341,2.0643436257320165,-4.228305227194554,68.28739014561103,40.800763885918315,-9.90258349554721,10.09597731098701
2483,-12.133888271257396,-16.80120234870494,-2.7810368739370617,-1.5361869064211744,-5.738064842142746,7.364045394352817,-11.176520953530131,-10.757790828087902,-5.221095679517817,-7.2469068292695855,44.304684395999814,21.11236205529132,-18.06433834143927,-3.212077137082149
2484,-9.431834610209187,-3.655991815939267,-15.90558310661924,-16.615013191040166,-6.679700132272844,6.165446935176702,-2.603622521392771,-8.923139994797856,-15.077513739807364,-14.669710362629345,-0.07221093544954726,-1.5686190817774757,-47.82743020341549,-38.670904076192684
2485,13.565090343539246,10.2747761510268,-3.8128711086590523,-10.847784747558112,-11.773632940122203,-0.05138705883257444,-0.3630098502947042,4.748237802779906,-16.337699309349016,-20.776872584940854,-8.342426350700348,-12.890077309887545,-63.631240152459604,-73.05063235891038
2486,35.03683264641822,39.459859369615714,2.189454670281353,10.763668192266286,3.319925945571664,13.09264211252733,22.92929464188565,31.100187618398298,-9.32473684253336,-15.77943901953627,-4.658356074701635,-7.3427650733824885,-66.56249626396324,-59.83217231820872
2487,42.71553702751055,49.20683501234115,24.826578053733638,17.56118950702009,18.72554730447193,26.37671514433035,63.327188281328404,37.74746710055775,-11.2330899647419,-12.652419325545136,6.648807687509062,1.0460967505368355,-46.525523794796385,-40.14149786971323
2488,58.26613964038212,52.631736519115876,44.539333120780306,45.428679074372354,26.491919885777712,43.19134815671749,58.536009770331056,74.00345587017937,-1.1108826543537766,-16.444877090517906,25.36275128170251,24.022757518756475,-39.768628561506986,-27.952943624070496
2489,29.884457195752944,37.095405473304716,44.15678381734458,44.23832080720937,23.40640892420114,22.53705106619098,49.096816612932756,52.69375208931611,-17.47794411018391,-27.32429403720501,26.346991873216126,0.8501961925903063,-25.370323971576568,-36.541698793175186
2490,40.90699003392553,59.82767496172124,57.61168474457548,68.51301679621629,34.17423721702916,35.38758438881935,78.07712102450874,73.97304041174777,3.5805633322552093,-13.240916809237767,36.90663872651464,29.408078862459472,-35.63841119397007,-37.291790370139736
2491,76.42660262172359,85.312259022902,66.64987289295155,71.1190803214543,40.839382598135,40.39969117438947,72.66554514577506,72.62230551498108,-0.1419603333976136,-21.114914221147874,34.93675905586242,43.48511822268946,-24.160618109856866,-22.30655895675676
2492,58.583908103849,72.65098391484977,57.33729104213176,66.37833854620006,31.311904860003743,40.186483500436076,46.09060738257403,67.08653985553015,-12.112398079282409,-4.906951765546813,29.136708671770208,42.45297604016069,-26.245021611592595,2.0061768464886915
2493,53.80717755997975,65.3798024209891,40.59899747660771,33.37176452861381,31.101536042043403,40.26630101136451,41.55412522683031,53.20115267492971,-4.223675703577365,-5.4391382038780876,38.294766248529726,59.734628572595255,-8.057913827748918,29.651568046895864
2494,33.98967987572493,52.43179611210171,-2.608243544048831,7.232157299889657,12.435510650293027,24.383560928881717,17.820581345914917,30.68092522432728,6.253229090196957,10.527310978267618,38.408807326364546,48.80337425760885,4.51224163446333,41.22707926488591
2495,18.185400697124734,29.377871997058016,-27.818846538021337,-26.20324859744177,-9.626877110203917,-5.137964486164847,-11.324143470214207,0.2464101929849484,12.329704089025347,6.069445006259323,32.63262548375708,36.6954716022991,10.783532807255638,37.62169735994996
2496,-10.968940310421548,-9.724280902754632,-42.97108935347371,-47.57090317557521,-25.615420368333798,-25.45602041955735,-26.14633616031602,-16.995911677284187,14.863399469960605,9.848023344500763,19.586099596777792,11.958256991972263,5.29640779852549,27.567718544141883
2497,-12.609223526170886,-2.7650085266449214,-34.358843555597694,-42.594182524963024,-22.397384037029518,-18.560281810095205,-14.86352517410449,-19.49059743727591,22.657097001184393,27.207930393628317,18.401916507803158,11.670126364066817,11.222217417557594,31.200024745411785
2498,-18.16731619875661,-13.113816873027309,-71.8953625667943,-62.83081090465996,-41.078345046136214,-41.10862090782034,-55.35396538255874,-58.52719269735017,-0.24880046606625209,-17.788587894416956,5.697320717617029,-13.188841370792343,-3.725922701535123,0.0006047090367489586
2499,-83.1215576350664,-67.08334062955257,-80.6876144836696,-87.18257398086736,-90.77664846549547,-98.26303924202504,-84.24040705057072,-98.31264612174684,-7.44287961707117,-17.54637389424172,-67.98377768353572,-68.96776853493338,-46.030612789676304,-46.55994770584975
2500,-40.068804867051234,-46.4335126284473,-73.71915020725358,-71.28176865839717,-69.68180484536957,-82.02086314990277,-45.32691595432028,-70.63069638999666,-6.740889235690918,-1.7857731188055113,-24.212358570736004,-49.99246883265078,-9.872913022123896,-17.165479670259188
2501,-6.8592972642038275,-25.588963382578488,-37.52549513174511,-27.500711677734365,-34.358498161270006,-44.85500026393867,-2.730844201487417,-48.41545540779193,8.625640786942345,9.360010126357869,16.289288247909624,-4.760597608408564,21.72587098709207,18.33509601106931
2502,44.0795218073565,29.91179758605844,-22.030022248982807,-14.58835618503143,6.898709638324522,-9.46233906893572,13.17512044082453,-11.568874202442235,0.8018449280119088,20.90034339999111,40.08074054018559,21.13119146971222,59.326594990485326,55.12679068739232
2503,57.02453004121706,40.908529260921014,5.040354266126175,9.485909843472701,35.96148281067974,18.688880201231076,40.299600270006195,9.717722419175098,27.082871597799866,14.796663965839437,36.130468934129226,49.019498106617604,72.89256578706059,61.48375411809461
2504,63.48965370810455,54.62882157431746,11.513453503409783,19.599259377553533,56.53518239599342,49.525961859263695,43.33672692154115,13.59480003676234,26.486735130182392,20.44364556057716,61.33644387495627,67.96990676519373,99.56630867488158,66.74721400739716
2505,58.554401103903906,51.506963788427484,5.5251535191833545,12.634564911057645,50.73342696653405,34.88983390413379,33.370161765222804,13.488904758264155,25.429358103040425,22.660724449620375,30.819727907347943,48.71736319702117,73.75143623553546,43.04855299005837
2506,35.97482638153256,19.824131428948572,-13.077410534253135,3.1728013038746794,31.976357764255297,14.560762286372603,11.73942982798454,-6.263143582308581,16.475792888378873,18.29052158684716,22.625760391148344,16.15457961894343,54.640953623000236,26.941146056176606
2507,11.410001378967758,22.24249119534426,-20.25025367988373,2.1801200206395666,11.144813773107167,9.321021867568204,-6.188208596333049,-9.75566508638758,10.341132385700169,18.710067597148925,1.2633767723792608,-4.841889045680509,38.0672561036523,12.326067050074322
2508,10.18096503322857,-1.0094548725461499,-33.26965621551529,-21.65913500665357,14.29494442253869,-7.462058355424851,-22.472213551811745,-21.236144319723362,9.828516177997981,10.328100869741883,-0.4568494988496026,-19.451870505795583,19.971528609025622,15.546457223648956
2509,-7.923415315853902,-11.755128229802233,-32.54799163106433,-17.63624685383331,2.7753212472770414,-0.3551019503136291,-36.591263062957225,-26.078582612582057,-8.33223413878603,19.796042639158223,-28.420796757611754,-41.64165388199328,-2.604025796827815,11.42560275847119
2510,-0.09445672314451453,5.555173404685043,-3.7009902989073495,-10.214555166235462,6.431364385125523,-8.319616333264415,-13.55238042738162,-12.916413567610524,-12.132204987587585,1.8683364599900925,-5.474464258321644,-23.665635978239543,17.611745531620958,6.035242379535945
2511,-5.8166829748409725,2.2810703298551376,-14.757809849093308,-32.77248954498089,9.853920984856199,-18.50659102082829,-3.8293419098205796,-8.527291898174145,-5.5603065238896185,5.723817127892408,-2.938019779084816,-12.439494457626106,14.440619476023745,7.467337545521258
2512,7.809652878588057,9.726272468794166,-6.706300534028149,-11.748897415264649,9.403068273660296,-10.640167740279114,-10.78879302205702,-0.5805161690746743,12.461392495023581,9.712768568669215,32.95200827977884,3.9807804270245595,22.06539401815305,12.929044666424344
2513,-10.322303381125689,-8.984021128567626,2.0137157638476673,-15.377968424230712,16.579652083844948,-3.7613258299453407,-0.21724422788416067,0.6042999788874625,-7.176149313597704,17.099001445911476,38.919313227597776,18.00274767671879,30.23173514725814,24.6545800414415
2514,-2.284289391230587,-15.063402666464718,6.0568182023086266,2.951555088211235,18.92203560598731,6.382338679341871,-3.621246601274247,15.279846029920122,20.40225608313448,9.984927270110077,50.75542832542403,21.377331444452167,43.16727793398658,28.55285034923834
2515,-16.358853846260516,-12.138291348464318,0.38680563481413327,0.17725740551092484,7.0821721099135715,-3.497624233020317,-5.386835688420683,-17.68892251210708,23.40759439262621,8.782441662653106,51.86785871330072,24.96630016329199,34.761689339816265,17.64402407503537
2516,-25.698396387505326,-15.874078998147274,3.016281994254649,8.511375335297233,9.042294427991198,9.534643046923785,-10.115766741929397,-16.51382212656899,11.002971392744556,-0.6418855659002727,60.37374391857904,27.845214773769143,29.009644435093872,5.967164721199655
2517,-47.813835328447844,-32.50109192557254,15.54782758976645,15.964613664499014,8.000221192881964,7.825915010041872,1.9180326880669099,-8.262603791441157,1.3919189996967052,-1.5390409735234876,50.98517557448502,32.291769471790225,13.282823815970561,-2.967981254631203
2518,-33.73314597046501,-21.17545262239742,12.807385112799622,6.992873947683604,4.854096639994938,11.180833085952125,-7.063069094342466,-15.643925278987197,-14.943993136785956,-1.5335173741525026,54.13323881323083,33.780610734852836,6.171467456071168,-3.666876934115819
2519,-38.262953177579725,-29.451819015339503,-4.657546371909874,1.3277557148294579,-2.530010675828491,3.5127571726285494,-18.193172831437185,-37.170016470201205,-4.206583255127078,-6.60266078827581,47.420653661619724,19.521817944040507,-20.95290149085773,-4.596833997633033
2520,-30.79864336461788,-34.199547872297394,6.56131880954979,12.509229130898714,10.782804705424288,7.361466050416518,-11.35583471390456,-8.803794098042166,-5.340455919241573,-13.743304764432894,36.22296790111978,16.11719137082714,-6.5001900594382676,-1.3659579345948698
2521,-29.93776360164241,-16.786909521071962,2.2260584761704862,4.771216765762966,5.767131335823119,15.029792535730268,-0.9865587500316663,0.9328187042358536,-1.6304448102954658,-16.55600979381143,2.2689460857539157,-2.404739669627707,-11.208002810020039,-5.531962203824682
2522,-17.227568358512453,-4.693247428623648,-4.451905382099511,10.415261205567983,0.5384488157553688,-5.187915254164248,-7.255718969118065,12.86968517562642,-2.4253956608189244,-9.106489540064755,-20.384755423630615,-36.80638928222547,-19.857848374900662,-15.94219337227367
2523,4.8403498154217885,17.70750099547702,21.564539875421957,19.026019304096792,5.366526343504277,3.458655784837188,14.676687650053724,22.30730431808841,-14.734074134521272,-8.53414540758132,-29.882444751198797,-25.639185339674174,-3.6286275878079497,-10.525063251501994
2524,41.631435520053046,51.015242152534256,24.344377857749482,30.76324115103075,27.56252635202638,21.307529674842247,7.685457165038244,38.39606192121262,-3.724732713925757,11.703294057013194,-8.660451863182114,-11.626168797105224,22.75238492516148,11.034379108021344
2525,50.30527758112211,65.82311095916359,21.47702425571066,33.665337864762805,15.621543658728495,20.67110466034523,14.647366051386964,19.035667250536797,2.725830875403472,-4.804826474546893,-2.421585507667965,-7.346730729282506,35.084317026934016,26.350612309381084
2526,46.31840137621928,56.59684372378701,21.362193656977514,20.138200448813723,3.965307424842204,15.722616281133188,2.308289036325182,17.036949963981805,-1.4846237085191831,15.48578795003264,-12.800055978890182,-1.6699814494817906,46.97822339142362,53.12769676244511
2527,31.67818419458801,49.77841212848832,18.17674488388602,10.879383131058944,8.682128605802756,5.019281326813496,0.5190964939101365,-9.527790460111934,18.89699194462774,14.204136748345903,-14.43034543989236,4.0521416452021635,60.87580573965355,60.781278270157664
2528,37.93080533906896,56.699819626316234,5.893000226394793,-1.073835905160783,-2.1326581873118586,2.1289918319896417,4.197517016906242,-12.720381143855496,11.93765751636667,10.51518143072046,-14.395179910154697,-5.399717452901474,55.11423843581789,38.550026852755394
2529,-2.3248362298233816,7.216526079584527,-17.841946906803752,-31.205055852649483,-31.86366898729311,-51.82772057071554,-6.217363643040416,-36.58077777884153,-12.638445868847592,3.2402836056459616,-5.051750820174643,-34.560484601885406,17.075060326891105,4.366284525360243
2530,-8.611319154342478,-9.840655683562703,-3.600384401419486,-23.99707152592504,-30.89838208262536,-47.71319405251448,9.491900693149935,-18.878879153654875,8.348161809915185,-6.0020398814693845,-35.57532530636898,-29.513983196490415,24.891995542435794,2.7709974309950054
2531,-21.63915354586718,-17.608753618544245,18.33818877767281,-12.79201441526212,-23.912990258163425,-50.96905404989117,15.653191354656911,-19.74371005614752,14.111554495362164,-19.514128877817853,-45.507696615218954,-43.56850519042174,7.536914126653285,-20.144210797881126
2532,-15.905932916113645,-5.43668075874148,5.148612987818292,-2.6657290664090767,-26.478013807904386,-44.29464862212759,21.247931969656406,-2.5517947666679603,-8.974599477997298,-9.300263516703646,-35.00951765697803,-35.73602144846518,0.9730766338323035,-18.593488375184588
2533,-28.596736274134294,-17.49404357375546,19.21090136356471,-5.551791243492023,-16.09817033648529,-33.24686078891018,7.677925467645323,-10.257908916139725,-1.980601150850519,-13.814690130871572,-35.50416757566567,-33.34914498002124,-0.4712884678553743,-15.901368213581941
2534,-25.31663961561135,-9.134610170084098,7.371665954497508,-12.903304989169882,-5.851954001656751,-15.46483574721181,-2.64095426918419,-9.965382430902858,1.5787706887492579,-14.14636133542654,-18.94472049845812,-35.82938628995104,14.575691566522753,-15.831957718463237
2535,-34.78113766441882,-14.094723015312308,-19.791394083210495,-18.29635039035364,6.69373117366211,-10.102544546971682,-15.775971047520487,-37.457117767789796,-10.857814431063568,-14.004092129158488,-38.05335405067134,-55.964441325059845,7.624352375269181,-23.53105579591761
2536,-24.09438525791191,-10.875630090282169,-35.76692209707651,-31.676464776693372,-5.053198805906746,-11.162822121555223,-13.339849154600525,-32.528063454654635,9.162356637972934,-5.85377599882634,4.845342700840184,-45.05522736150042,14.657923859801185,-11.459905357857625
2537,-3.572188372406486,-12.314742459841803,-7.826893603856894,-12.881591262456785,10.042383642722307,12.79405733802545,3.1557401733107184,-14.474879505059016,-11.564386277001908,-16.401908020333554,-5.21303447277947,-19.233684485263485,-1.7654768452353786,-27.184489500860874
2538,-44.194912577155115,-44.838926147039714,-43.09031202353096,-24.493241072147,-29.93697581966333,-35.66930354071174,-21.733575651589558,-29.98507812639134,-11.678186216197409,-19.192715639453684,-75.21563285051353,-60.35804506568066,-11.12221631043609,-40.124455071023334
2539,-53.807088893231686,-43.71048442486927,-50.52446354247693,-44.25404672245522,-45.369644868177346,-56.512369044948294,-38.49920787575059,-54.8064781245272,-1.217115923991015,-7.626731561767112,-66.82274251050599,-81.82755944535239,-0.42823265726708293,-30.82735095715714
2540,-23.265735616908348,-30.0606827700634,-22.643508484920954,-32.21445087891236,-45.42046006770285,-46.87643310016208,-6.527044091167058,-29.04706404304917,-1.2318046671682834,5.242905422821067,-46.38943879888733,-47.31962101617123,5.191003534758891,-12.333909091512243
2541,7.82219602280381,-2.4660330946025892,-13.26583994251373,-17.577436611644558,-15.713651965787996,-20.268274488389974,3.0509087659213443,-21.670869858076436,-15.592781581365287,-1.625728495578743,-18.936793405708624,-28.01673473599489,9.570402485876514,-9.395678126455762
2542,19.759967207034403,5.27687975074439,0.7811274839672566,-23.92914842425913,-20.880312874138863,-25.51680793525973,-8.000233923491775,-27.313873974515808,-4.779512566589617,-1.0994148310015053,-14.579486845951394,-26.488401518680924,9.635157271173174,-17.924795334805005
2543,36.12563595020066,24.45115917725614,-15.08594960228636,-32.64082531244885,-4.266033656413665,-11.66959925737184,-11.10607262515998,-21.208265149413467,2.7660779553476993,-14.103032310732319,-4.612047057130763,-33.98601653433247,-9.4436336751524,-38.38730341437158
2544,53.07936141971853,47.01726923634286,0.27174260543350376,-22.607470133939835,5.48912511355668,-2.396122679989407,-8.337459973799936,-28.2608363358866,20.564841551704863,-5.074006562428534,-9.81121598574181,-35.824863810772804,9.326161461218408,-21.074279835295435
2545,8.529440819143465,20.36608454205234,-23.27514398406574,-27.02539937665594,-2.8641205314761775,-14.78662649931333,-19.847797437329344,-45.25865234650196,17.80326587299905,7.043931908820386,-24.258469156952405,-50.04522198006061,-4.605803533629027,-23.635772032536316
2546,-17.41432410431416,-2.8439173878500217,-21.224640895792366,-29.517353823321496,-9.675437824246295,-11.73080740001075,-35.18578560919508,-47.68968810462103,-1.6620209380508644,-0.8717368270265418,-47.55657348935077,-57.06250290693874,-19.88219510451896,-14.23006658334627
2547,-43.91687753502522,-35.79296694820623,-47.389067041287774,-37.39416796691095,-21.43327115093285,-24.845413138171075,-47.452226626994275,-52.12969365299489,-4.039761808014936,5.934144394667821,-80.84236354885269,-62.10412851122344,-26.40614398178025,-17.221507501985954
2548,-30.914350718569136,-27.693426444306873,-27.959811485268514,-31.391609112272267,-29.545022218866567,-36.62287651076347,-32.49684047693433,-37.09016646397579,-6.951915339682752,3.5638033269038143,-73.47262988466032,-64.69597347218024,-25.40998103332943,-21.69302143193396
2549,-36.87045864169112,-36.00290328366275,-41.541873493599404,-42.14847892715311,-37.22702396930349,-41.483302176766536,-34.39470529787382,-44.220876407107966,-8.276885513247281,3.6700109536239403,-56.0726260570664,-50.38651275104836,-21.275195641358508,-20.400994957323906
2550,-27.37026088753891,-20.979984440125715,-24.26391588873736,-16.603188456924382,-16.779163421667967,-26.239719813659725,-30.59422364164603,-20.7325808816421,-4.341403697423577,1.0114717344575974,-31.917227545824844,-36.261396093247214,-12.45708339741495,-10.900998343027508
2551,8.048429675846755,-1.2984065456892537,-7.278133961787593,-6.235600153149765,-5.919438644242826,-8.941639279612422,-2.3187042508864373,-10.366450707406884,5.193323742585055,-10.077864516093285,-5.935359344795234,4.680512522827073,-2.1663844199856905,5.936657297765065
2552,19.631698880737645,-1.2261232343120347,4.08290185058759,8.628042810440963,-1.6752314706782343,-4.156055458189052,-8.02588734074325,-1.8928760250996581,8.37500430527873,-1.0517693764390321,22.054703268638704,31.057337243182076,14.503715149265625,28.387116991992777
2553,23.580208360870735,17.335583251410892,7.797637282593512,7.248983459972299,5.981758649961098,3.709247170249335,3.474345646908332,2.7065837218105067,-5.431801306099456,-11.08538034850659,38.17914438060728,43.724400259897976,16.792409321800424,37.38682237770411
2554,17.043155906435626,0.6224504479461932,0.4129036045685117,11.193404458483014,-5.4993165746773505,2.5911319760530667,-18.85644607740957,-7.192233457336911,2.1362317144057275,-7.809873617930223,-6.655312332136921,38.00712383998888,12.938143330171432,21.434979286948206
2555,11.303946837947144,4.061501329803673,8.422713876855257,4.938850112433832,-2.5297057886257965,-10.611324852359257,-14.596115998377558,-17.178714928784842,-0.3106052890596362,-4.41672640533363,-12.094612326433603,21.340437843896986,4.661697237842374,26.716646228494515
2556,8.397695774968,-12.594591690584327,13.367001601061071,-5.883106001959646,-12.172723343698182,-13.08939419587489,-22.075353705655207,-10.988697968785708,17.06270076728922,8.152485027482557,-9.705935115333109,17.65241447468601,1.9103868456223267,18.63851538065772
2557,-20.133311218476305,-16.537663735725026,-9.250319711442796,-11.639182934444513,-32.85397905989193,-32.98303747712155,-25.638272615132333,-28.223698559135517,-5.734953529509945,10.225152156038748,-20.304186272057102,-15.197760668810721,-22.94377908922881,6.117157109254379
2558,-38.4524080231858,-34.89824900172992,-14.96104122640484,-15.36074423817169,-27.361919596920966,-26.650577806626092,-12.75221719162216,-18.053894992756007,10.999518686806132,9.142905690846973,-51.52877033868784,-33.240602946674066,-20.5969170655985,-11.835912221753398
2559,-25.62967004520613,-26.94943001863082,-25.766302747291423,-33.2164034303141,-26.265610785727368,-32.72516586189065,-4.823711216676441,-17.508739844623236,4.28705415175666,14.96498476779514,-53.03070787285491,-36.922688590777376,-5.760284012524156,-0.019472110502870264
2560,-30.104883432206666,-33.56614545570977,-48.58235117393381,-42.20294181068606,-27.387136122513443,-26.921277429171116,-32.91856584579879,-35.89978225728767,-1.6167703310406374,0.2436514647682485,-48.97734612167953,-45.27340210172766,-10.680208323156485,-8.083951201996898
2561,-104.15468056097897,-104.1814139444321,-72.91852077307168,-73.3659400573301,-67.75416862137844,-76.8346621468961,-72.77712827509835,-71.19403265452684,-27.90967710640446,-30.996298325380806,-123.60556462959327,-115.7687338264697,-75.17410901502568,-87.0365194868404
2562,-104.21364553654684,-124.88692610727873,-73.85318486154915,-92.65151436353727,-102.9926044830485,-119.7024288339961,-74.30644308839275,-78.49834565855521,-19.17033586649498,-25.566805045400024,-109.87427550086369,-100.9314898418864,-86.05624244418915,-75.65292255032297
2563,-15.655684688056917,-34.900244340531074,0.7866922613410926,-0.09828806131449097,-40.79258253197882,-46.739733167209316,4.79731948879495,-12.353537023466988,-9.671600388476948,-3.544470223496102,-21.05480415638069,-22.752190100100265,-26.25933689062763,-14.418991588483733
2564,53.41427468813634,30.37158243088846,45.06614637877684,41.15559999062458,25.68175225983036,18.29213931085997,49.48466621100294,48.484947943270235,-7.692781345699243,2.5151581727296257,16.18007201231468,20.120313803822384,24.787559427476612,20.90675372887026
2565,101.48105846027687,81.48537313374739,69.79864602129233,83.09725018448655,63.082047853749174,74.18384071330716,80.31849357690338,81.98585395484835,21.00302451817021,25.450191107078375,45.683801559569915,54.141211582664624,69.09866237928188,57.84379146737486
2566,112.70043244077338,122.10506889916613,51.779264100266936,62.13990894785973,81.82048989904858,84.84756663258722,62.243568034126405,57.03197595833605,20.88326007099919,26.245825264725156,98.28809593718283,69.29846572895899,87.20488387258946,68.15518349301543
2567,99.1269383604831,115.36686861833745,29.029030910409443,42.842636651140545,67.58632921426387,83.2331486220454,17.07611842410228,35.573108221342196,9.407414706639125,-2.6022928846858644,61.37911304877085,61.01822707463589,55.61567840113097,59.96979177788815
2568,60.227848609116386,59.66267073690453,-6.782523057817073,36.701442048482534,30.06343356792275,50.956778425685364,-0.1985922206968687,7.748220358529809,4.141466844503022,-0.989660468540986,16.681969862211492,42.26102731539824,20.38792782462565,34.54596258654689
2569,22.724796556328126,27.280763678621547,-12.853443860319606,-9.409376107373996,1.2811182173492948,4.6718281996999975,-14.451723993236032,-9.790405070224812,3.284212629328259,19.90991551381193,-14.874881358783751,27.338071426642436,11.008449603507213,16.25427707721096
2570,-27.617068878038076,-23.1915663448655,-15.765745026523783,-19.52341299273621,-24.14576912271835,-32.566856855825634,-19.628295444574455,-20.50419219821608,6.858303875192636,-12.594305581306454,-52.85442782766377,-5.913086308600239,-4.272146179236555,-7.6298042612872505
2571,-42.96186829745425,-45.21826462198191,-16.75492425531615,-20.732719367231738,-29.678711073455297,-32.69126980974832,-19.23958415988724,-14.397799581171247,-9.05328804127138,-18.40457117117392,-84.74492624833914,-33.503393044296544,-25.930669670462063,-37.05644246512509
2572,-32.15193561958257,-49.47463243224907,0.12975458709556756,-17.09257652863807,-19.669221512217465,-39.30712951459504,1.180721124925286,5.295767540884308,-12.354109232227367,-12.951831815129722,-84.37891053157722,-46.04828689863167,-28.86770110153659,-44.51762143072131
2573,-26.886969232307667,-44.47092325971057,24.133709700814464,-8.330289210923535,-10.991704502736944,-37.94631212020886,5.996816972837331,24.903475887586957,3.5996442481886604,-11.860265463152974,-104.9178492221252,-54.84711143413489,-40.22064778825741,-40.55803844881162
2574,3.527326826525735,-12.405815611488656,60.84817825024982,42.18486066008066,7.236605944390485,-0.36684815456617653,10.579237972684455,48.37840640744245,-8.80683587738527,-15.99068493890696,-66.44289189048389,-44.315851328120985,-23.33290005658823,-31.002310502688363
2575,39.76182175636706,16.0743369806421,85.08793153085769,70.29683002819672,28.86359329601385,34.26708332558468,38.96911413339924,87.34120064755871,-5.73276017897906,3.600916685518219,-31.084464022090867,-4.17663612634791,-2.084176756737218,-1.5154946429237761
2576,25.108832620782884,20.814138241955682,76.00995517109122,58.981942711259045,46.79329439232101,51.37923831306765,49.66729742608975,86.16269433546945,-3.6799478764750746,-6.742144891862459,10.536348773508736,13.682697313638336,-17.232606903260514,-6.528970252586513
2577,67.87025095783942,64.03414283316455,108.48400794992642,102.59733554210307,69.64058688102854,75.59998203777192,100.00186046889301,119.31944175833853,1.2512538850249182,-11.668015529362151,49.20318693897349,57.0999927341377,-5.322966806251652,4.149736287190354
2578,83.92562270446393,83.13208351018291,95.06804310680468,95.79683500881978,79.64262769813817,83.97683030913909,104.12569923232977,109.43550408732347,16.07190504929388,-5.127339419980537,86.62465130569038,71.13153429190126,-4.800131019814302,-2.7354837831919965
2579,70.22514015201305,69.35220236198901,69.97374763788669,76.46665259352176,67.61988754121668,76.82716240947518,83.83167974663937,100.3151881976886,11.187136416097653,-4.090352785584512,90.30965126591366,66.67020801057657,9.201981221959084,-5.200961942298412
2580,33.39816218018018,52.43050779099751,24.64537056160197,28.51698472898808,35.92097639266817,32.21482578495965,37.1474974287704,43.39456810043758,-7.577704903204577,0.9416239158777289,80.0581432300757,53.17361223563119,6.421244063418708,9.391913607917576
2581,41.849971577426395,46.87784414625359,34.95950671116545,42.42055058345359,32.991576269740094,36.2891276079548,31.199488879049195,24.454063623026464,-2.288852713655546,22.34939930418126,71.89996965372019,56.051077598563424,42.38031737413152,33.31508000663595
2582,-12.271846464618276,-8.296398575800293,-11.997830559751316,-20.30590076848385,-25.655960036485155,-27.37006739033834,-39.73975125898875,-41.24378119301868,-15.638043202840075,-2.7998866288205377,17.048725103605364,-11.131969154359176,18.696513275841426,18.631901576005216
2583,-22.32293497712114,-5.6743919243700915,0.6024414233058852,9.484037982788564,-23.268144775840558,-20.762162929530625,-12.223978365261976,-24.280291030945897,-6.9722807328865315,-0.7213553015367089,18.26628576363715,-7.46619827262197,18.435511510997515,22.598147189145642
2584,-6.724048208554775,4.270412189815098,-1.3602818244666988,0.6677402749777519,-0.4151835303532585,7.304326739035601,-14.092945608473432,-7.598751801667989,10.396699395420924,-3.157136121449877,41.754683124868585,19.492106541807896,22.755937285317106,6.360440857523514
2585,31.857537182025947,47.9884423637884,17.594266336989374,7.047262586809546,16.67288515732788,15.032674266884777,22.821420870721763,11.502214628102783,11.255479397530463,0.0517781304133651,85.77595906987253,45.79956365872094,26.19560622479711,8.047848467733367
2586,46.07593647595037,57.01874594854554,5.809750770966784,0.583403903392737,41.15950100894659,61.959799543093496,17.04488265567909,21.562313591936807,3.033072583503335,6.568141837166719,78.4419037105553,55.838913139658224,3.1836670122878483,-9.87631931610272
2587,59.63799788938919,69.6529316146512,-1.6833181200481313,-5.140855518179336,57.46660008775319,72.17036052530429,19.65963724588997,13.372477849429663,-0.9110866410873135,-12.502297971006795,71.91313706486764,58.577163342608955,1.3052137787208322,-15.86543685494752
2588,55.979744967031664,78.74353462375062,-29.9269693046278,-38.14687522339409,52.924164690661364,78.92127250880206,14.44052440518119,11.163924177166326,5.821823634933067,15.285619156960404,92.4227285308761,63.60508445090103,-22.899457722768,-17.830130621888806
2589,22.865789302371216,46.12224986821024,-63.5895577584651,-56.11625836559848,30.835339755631125,48.33365704718636,-29.232209241981188,-24.800104157160256,-20.25707642145107,-1.1871922907320354,41.15587620377717,41.26754325506502,-40.93090578371768,-32.478019658043394
2590,0.4354594850900864,20.393429933121816,-53.06805214376724,-59.159661332893165,28.158735905119855,35.37275369152244,-22.431780993559453,-40.44032180302695,-4.371283159429696,11.38177862546689,26.550735630823393,24.707329545566274,-43.40078237571067,-38.46812043917324
2591,-21.705017920542158,-7.942210941951122,-44.96002689171919,-49.737994390981505,15.267099763130513,34.409754538332145,-7.354826209089438,-26.754334611500873,1.2575415260138627,-2.773860596910472,22.25503850065586,22.773932389322695,-36.702705085180725,-38.348828702809286
2592,-1.5358082910983197,11.787962733738443,-33.22210849014231,-12.278376949493136,13.09453970795399,26.027667416762444,8.547605926384518,0.6499592322671891,5.467076437228118,-3.0585382272188424,24.70828832127743,3.5247613618928755,-13.13371424412759,-29.35303935682102
2593,20.548032553887225,7.060611564413012,-1.734352463559607,7.49699529710966,25.311445064241664,43.507843816737925,34.314598003126626,27.89046743652658,1.9912818545518556,13.75740890466076,29.924637250499842,7.68380685077209,17.705334401116577,4.738650167996065
2594,22.11043615672952,6.738809064215726,1.1750725657448566,12.839449033491343,31.032379768661386,29.150169196991865,31.617803912412445,26.090256859326587,-1.0742843459572533,1.5681736580718173,19.983773481407983,8.205480157767207,44.00035232850392,17.375659770171946
2595,28.853886373935747,34.66895376552269,-3.7551981479703405,0.20503743433889288,29.749341495617983,36.468933962656436,34.36535463825989,23.727974588644535,-2.1364045083562755,13.284612402588904,72.06081517284085,53.37542276850655,66.02346569316069,73.2202006309224
2596,17.157195971567383,19.155090951825493,1.352252967018618,3.153872029753267,8.207823189261271,6.297548087668679,13.33642922635723,10.5676543849046,-13.936500474201514,7.992127669022723,34.87074694249673,41.59933089416342,51.99398183810338,44.70151898428958
2597,-9.248460568368243,-8.360040769751436,-13.884719609004721,10.61398873508158,-5.8711295194321504,6.3751859799861075,-6.279970842121664,-2.9122383170824375,-16.11975712617138,4.5948682385407436,-9.901475722002019,17.528714362462146,26.170109885886475,18.318548828425616
2598,-23.58317898723636,-25.40789657544905,-15.002928036059496,8.74251660240195,2.7210566740867304,-6.108387075166341,-4.908030203608403,-10.70518934513834,-6.452314239877279,-14.966875613176873,-3.567865361622653,18.261561660741965,17.92292356660147,16.549619287766827
2599,-47.20879404968843,-38.45158813172204,-23.252562780790203,7.6864857101821915,-4.068948620471714,-19.011778734188187,-10.275674734188497,-6.705589952537819,3.022011916634181,-20.82382799834017,-11.96208969397519,0.7887273460778693,1.6523671607953259,-8.058622324085489
2600,-51.996705244288606,-56.83448156415712,-17.112790496128493,13.65465118870528,-2.6429003772738593,-14.399436222211225,-6.178568373167525,-9.783081659149289,3.4955331206327735,5.173679051783242,-24.518690672205267,-9.941696164510953,-6.283485818250335,-19.115990650671787
2601,-54.55560863108994,-70.07186193214369,-27.770422467537966,-10.613488535626406,-11.207847777006231,-28.507666353647654,-7.673807994121652,-24.497221007108514,-20.211302653326033,-15.751377219542324,-39.54037262591535,-45.52913940900141,-28.242287336394654,-37.07709902394553
2602,-52.66101156780313,-59.531082525046976,-25.738328028449924,-8.620943459525162,-21.04767080361284,-35.04785821132607,-21.871955563151353,-37.53491634159509,2.3316185071352353,2.45848510940288,-38.4719389144961,-52.89747368656887,-31.191996319010862,-43.788763015924296
2603,-51.4822196312758,-64.86606185895229,-34.16908552770155,-15.98690330582736,-32.95777931628394,-42.136662051890816,-41.63057141479535,-51.797895150053975,-14.06794211018802,-0.645987306049773,-49.04476878737755,-70.19982224473853,-39.77645608181817,-52.254077097964256
2604,-37.614762198557656,-58.45500850854261,-33.811772896671116,-19.156551947006474,-30.56004728000956,-36.718623973185096,-24.5517408102801,-18.836800348401333,-2.867855931532331,3.4210941882670287,-40.12529171385356,-58.558320033592395,-27.73497716238526,-24.392068895300323
2605,-55.487543128358865,-60.16622754523286,-36.39631779673967,-38.4047505134914,-25.909374986293443,-33.20644993715377,-22.517919838814787,-25.983937952681025,-1.8829940750412912,5.738577603278154,-11.077092491882985,-32.436674646724846,-11.965480656613144,-13.964091862997485
2606,-50.67552437138722,-42.96295178849299,-37.44663399553601,-26.64489027641046,-24.35336495205716,-29.2170880073484,-7.907345320645321,-24.292734285960154,18.134673409379555,19.388372966906907,-2.1557872716372186,-15.523284577642313,-14.26641699519058,-7.4133394530364685
2607,-49.621101780167734,-47.14623163300252,-25.776233664179106,-22.3386977948709,-21.077138422242307,-25.534359095828602,-13.436049012406547,-4.198766443382029,1.0643781855688095,18.861336739389237,11.449961285671037,7.774079013052652,-9.338945376992102,13.98885620474481
2608,-37.61586314591395,-52.6193706808793,-17.71495098918588,-31.1676066007901,-16.67487084659969,-13.18543677666115,-1.3229634952735734,4.879991847911365,12.497277976714239,10.251316195540873,40.070246006889334,29.175979463257672,-2.4423792876025106,30.424429221350657
2609,-46.266410453618505,-57.784426255281666,-17.496949336653053,-25.240461658782948,-34.44902735587233,-32.0000534450521,-34.409773994556176,-28.987763761966033,-13.552133396732998,-3.3995880081469663,7.239143695068494,4.606483249189526,-16.320126369641663,4.214421510861998
2610,-39.55443330820848,-39.226267292250576,-5.1920153067885275,-13.774155188199154,-20.60340074263323,-22.497603850203777,-37.1902481783127,-19.37623386307233,2.894570912592071,-6.406716937272828,-27.774653657976465,-8.756786687294467,-36.32389124950911,-11.274520176188474
2611,-38.298945590593995,-46.41584481487041,1.41967553823761,-5.344668087329033,-25.061008393489466,-26.205300692144363,-24.418807522746373,-20.125515356783076,-19.736397984738634,-13.048694169598607,-49.43781009011519,-32.860879590540435,-38.31847390949436,-28.07752918743155
2612,-25.558533977184407,-33.95620903747827,27.89982470681653,6.693131733924855,-6.015846963925103,-13.412630633164285,1.7589465348646935,3.985366909525129,-8.227649799372221,-3.651312179069933,-56.20253882606068,-48.29652269347233,-34.43988159182599,-25.515632533573545
2613,-21.056254807183798,-20.825867645148122,39.36807326509248,24.0550399734529,-10.50016507401712,-0.10777612355595119,-6.452006374421801,27.580411554699538,-2.3866487036673667,-10.01017680458748,-75.3633946386175,-31.540615288722645,-47.088525441766166,-37.85953552504615
2614,31.389840268207838,22.506817354388854,60.99061376177898,44.852925597963534,23.953935820845846,26.364443419662656,9.728005810932684,42.04696795674668,-2.6657725379165966,1.623973782568215,-22.47958058952053,-9.590680239226607,-17.063694608499382,-11.483971601418425
2615,55.45197551010503,52.56506535449566,39.26607336472529,37.64800731753576,22.086224581680533,47.518377486271525,17.7554412526895,51.26021829913905,19.467051285619316,18.6742671760967,5.90733670706627,29.125036197182325,14.89199431707064,28.352145058694067
2616,59.77270709637379,67.4742151096631,38.88531007660708,30.244983552949055,6.922853279940934,33.21010581890756,22.25772540309126,34.75162540780293,14.189324338011644,-5.3761179251905435,18.760237586399903,40.24117472382774,24.325383701183902,36.722611752264385
2617,58.313351577410785,69.03918274282914,36.84325128115024,14.96256171353178,9.113586721278018,31.607717303896802,19.61952093994097,12.184798477319601,16.443473826678204,4.655672345820381,26.017552214304846,49.755713307208474,17.715931115467995,42.340202859609185
2618,73.64619843469663,79.82895452246805,23.27822619982321,24.01353677929756,40.64270404058043,46.21925757848836,40.37501347930101,15.304147442895296,0.4166918749462217,5.309201407930167,81.488335956525,68.45150991904977,61.7262447794539,66.16831401777891
2619,-7.692997621615305,-15.21928916565328,5.207150369933776,23.204585701698303,6.6364894578304225,28.13256413795241,-14.643146186106074,6.478093084087774,15.368415785415822,10.616263850888636,15.56397430096093,42.52529284107216,8.46546751047888,46.35946127160276
2620,-26.568717676522663,-30.03182679776614,-31.2247840804458,-32.54048666937475,-36.26031467554868,-46.56054722424477,-60.96491953839524,-81.89828932379687,-30.872325448856504,-54.18075099100556,20.855031221753137,-17.494980953286767,5.456150581272884,2.88160844575127
2621,-19.937297041011334,-5.335267390636633,44.28873276786759,50.27107815974292,3.0081094191405757,0.5767986641051834,-15.464404379751553,22.660717914086057,-24.250425310308376,-4.5566958237061606,-13.855584380100424,-33.568161451474296,-0.16881034661689917,-10.524954870373573
2622,-42.321439738140896,-17.19694512461239,19.723664049867573,1.159621264253028,-23.516618113169727,-42.03279107610906,-12.608281880972884,4.275345918477247,-27.140615987600768,-19.29506743990912,-25.187267157474004,-17.51216409203183,-44.039662813962984,-25.509673062391915
2623,-37.673330852531976,-45.58370533591927,78.73091510093757,59.7682159253972,1.1763991994134502,-8.895358539116955,26.813903609242537,58.33563438515364,-5.790546881432138,-10.76354463515123,-22.699981930468994,-11.676440747092906,-51.36263854074506,-32.872709194433455
2624,-22.207186446872992,-30.04062722152012,117.83011504673556,64.65264639866791,-3.8550817627525915,-21.99091378029826,50.078894714600395,70.60044388691223,-6.635654528203095,-8.833312241447109,-37.90779043160104,-14.881015500187251,-53.916070401526106,-28.867891411700953
2625,10.468555349352524,-20.57781199645935,133.57943192240515,81.56880436744902,19.27803792630916,6.977105880289665,75.69444454350095,104.44714749195752,7.745971797305121,-2.7198652068338482,-2.998332092356293,14.348016806506624,-44.57582909686467,-26.577976142291597
2626,31.346308403036076,18.253465369845557,115.77263605047949,90.86552602945125,24.086740792930403,35.60006950001071,69.47481230105697,92.99876718936461,7.49006080562831,4.725167297234435,-8.508159386085275,27.933617769067908,-30.793600290843617,-3.3070804989853912
2627,20.784167978266343,6.637178652833513,90.52878849793093,68.17689415983347,13.616270466338536,27.563457865311744,70.98695872808456,92.36647756058746,2.397925528647947,-12.13155314259473,5.724180120349105,33.80640069867716,-46.81066630336288,-27.019758975380103
2628,10.514659698116892,8.6129622137731,68.75030230292074,43.77309919110403,7.612239235169921,25.902984471974328,47.086948559716404,45.59331642909731,-1.2597758636855225,-1.798691182088838,8.105079801518478,18.781140325964675,-0.7023154698113057,-9.104480532018302
2629,5.928058329824262,11.05310811462957,74.18056396990974,52.02855330415583,33.293587731356844,37.85949254662855,57.370881583237235,71.81445081967739,4.639361025879008,0.8647696420920941,13.533063830260293,36.785932364038494,-28.085854818674143,-8.967854690125773
2630,-9.7430738892458,-9.169145835847708,23.52466035112369,-13.239402976277438,1.5034588996315694,8.686198374812285,27.71862181210648,23.305814736072392,-12.126906090865468,-20.249434337296478,3.4251955426011564,20.337193227488974,-50.7774958225154,-37.65787826681085
2631,-75.56734421290362,-62.618486419043826,-33.68947863044323,-56.38835938388229,-54.20176845633641,-43.603640988313636,-37.64498443533427,-37.64304026126838,-16.196544860569322,-25.611800617715247,-67.6017824887601,-39.044145173472685,-82.03479570377493,-61.30647552861685
2632,-58.3207573414848,-57.14282286039812,-27.447998910805556,-55.872605822940876,-39.76550205985782,-37.61965279064788,-22.821295414443984,-27.47242446059035,-22.831093322908583,-23.22742961083555,-40.440101534548326,-7.3171348940465855,-57.06897394245899,-21.760421475012894
2633,-18.432047332551377,-27.743932197496513,3.8751143123939014,-29.732344045365835,-35.48026275659182,-21.69533521344035,-2.0955355261642596,-0.510833375121426,-12.08776308473191,-3.730090508650468,4.166945106220279,5.76996582581783,-42.971358492201325,-3.7165987325796865
2634,6.923105843376141,-0.5906295488729811,17.49348340324359,7.142828818234188,-1.8047052219599347,3.7618063723878916,18.613545772840954,18.88563615113666,3.7096147826144192,-13.325253147690885,31.79048066858575,38.24019462420825,-18.532872296742394,15.767984880158924
2635,50.956126955529676,30.982639234969074,19.537058898558744,24.08600618785892,27.837916274597205,42.630315103838804,27.518975112646356,28.790272635793805,9.327682548369381,-1.4572580416528575,49.847609635383996,51.58162338326761,20.679956771499786,31.48874693007774
2636,58.459461749447186,57.83090066302675,17.70329847035468,30.815005124811645,45.07119657583349,64.9251725764177,40.43346145702391,46.555378856892034,2.4655020673632686,-8.586547341202314,89.24997882716772,80.55904094492962,20.678089698016702,25.478944081233468
2637,71.62087160821258,80.03116684447598,9.073282099429333,8.849257425635948,45.46986939534534,69.57903277632279,20.76234506820491,26.725300968417173,18.275562547633783,7.236633294818729,95.94141165263659,78.7493134647207,32.50901751304804,19.408523240095157
2638,79.84130627523791,65.38971722073676,7.87023543729497,0.46307684753444533,43.3241691091141,54.32272597929653,15.407184895124814,7.183732700792255,4.484308094246571,13.106557478336557,96.80498350496084,64.22368376027279,41.9049535880157,34.231737590041284
2639,25.554317318381074,20.62962374684785,-26.0337286096094,-30.701956472991228,8.553687200380743,6.22137857739106,-7.057829950413683,-46.46841954689315,22.80726026760055,-1.8162278407139452,80.6746814046634,34.354757912486235,15.167334592023106,9.805976132190864
2640,0.7123355299941407,19.073062687467008,-40.656965595377876,-40.75258143788473,-6.238396300250672,-25.040017098539632,-29.466780261560537,-57.939038825796366,2.9375459384318234,13.536936720893035,65.61446492650978,1.840791625561158,18.333320598745363,0.03731116249833894
2641,-31.262903210403344,-4.84733341816057,-32.7229982701644,-32.52585765675639,-9.081471588546734,-33.829573578328045,-23.929185789206986,-47.430196650709355,12.717829965673554,-2.6589269428676703,47.48126444895497,4.32880688125277,15.628143898737708,-1.275775930825177
2642,-30.11187200013171,-31.37680850216593,-23.165165253642176,-44.79901624251751,-13.82346533208799,-42.129715590197385,-42.243965316808946,-66.03067418920158,-2.400140579668492,-11.637863836090744,56.92527958560075,-20.047003220563287,11.115633555037848,-9.238562051816414
2643,-44.18332492525499,-28.38117859306106,-15.047983658970052,-18.309414846071263,-28.732795409571352,-38.08020351129809,-34.761978142662876,-45.04111781388233,-17.1061479671382,-6.488437215681179,43.90799504393373,-13.045861860330733,-16.057675127329468,-10.228740646153762
2644,-39.42133560197674,-29.977007888945742,-26.19989509172341,-21.01550998607741,-18.818721307371636,-13.345676120625082,-28.4864291227588,-29.92034385797901,17.44936923115675,13.968406518674191,35.238684021007245,4.0107909157248915,11.001876044172981,7.41637732053863
2645,-38.52960832724167,-37.997657883716215,-22.162486186224626,-26.900701404591697,-12.811619705229631,-18.814418897326238,-48.953624003324876,-49.338332988562556,18.031996408989936,6.001436603041912,38.71544091311398,-7.172144117204919,16.668966710262644,21.704608124197197
2646,-40.40402034812547,-54.312184690562276,-19.271450747077722,-8.391541007278128,-23.148962635079602,-32.59660185822582,-29.628322736758633,-26.139493540487855,-2.0257242185969626,-9.306217668040496,24.98084208683173,-13.578404375409434,-16.332048441056994,-3.7531981705477153
2647,-25.232293703353733,-27.72033203192452,-2.5824208161941438,7.825896881981226,-7.291674785059059,-15.369625604816774,-21.556830659465902,-10.531120259573106,1.5278007381588516,-1.58458042308586,20.668569308414387,-6.4788678521014775,-6.324724989748524,-1.7799966107891492
2648,-11.811819997898263,-17.362185775267438,13.65131457677545,10.552562552683321,-4.508706006714005,-10.636319429310204,-5.1869287275038305,14.612861788132694,-5.422801181575835,-3.9342723888448567,11.466648063402994,-8.032070281305202,-5.401501617527011,-4.643815709093382
2649,9.500160335615279,11.972234913848027,34.55774391864288,19.801428398598944,-8.261151382626165,-4.224984301456629,-3.998264170394316,14.32881890035593,-14.309982494969823,-18.54747406177907,27.242300412191643,-10.253404048758942,-36.145367418311956,-45.08400168407837
2650,11.861163845427974,21.961691312642564,31.820926472768324,29.388300595240757,-5.891611074521673,12.064705604608047,-8.141578480672186,15.26050912676566,-3.637627051429339,-15.541279072357877,-23.571396784303985,-18.35827889321799,-38.98615298460317,-40.351845562109695
2651,42.97107322420087,47.69698788634272,38.86855204840597,46.12860676704417,14.012988331461305,27.011163996509453,12.76842556142707,38.47821755722553,19.119714361369315,-19.778143991835996,-18.839469042179513,-2.487822322266313,-20.869368932591325,-33.28949105185223
2652,44.43980868936264,44.808695777239144,37.93360069897584,39.75090443707764,14.118562388576933,25.598196560268207,5.599384523018307,21.30565426511111,-26.081660532624653,-10.783427923606908,12.871317371174943,1.4550522197215292,-15.022713743989549,-21.770638407647937
2653,25.309959211995817,26.551859033496804,-1.6006828056745241,6.054218066943581,5.125310506049031,19.769270887684876,11.470821548372125,8.262018988089965,13.313024869491494,-14.109133120957281,-13.90316748795133,20.24633886952241,-18.738175408764274,-11.34861852477002
2654,7.985651618822159,15.341998610249231,-5.952657976129117,-13.738030851631912,13.673161888819191,18.655863429894996,12.26737488434261,10.465400075151587,3.6228972312966428,-3.3766682879424805,-22.46978011195878,12.948354030714182,-12.685874094524017,-10.011238941795884
2655,-11.21233633358061,-0.15363143013790648,-5.620425157602782,-9.788894034011555,13.634209487771278,14.378413471873618,15.298049395484599,-0.7755546755073841,-13.141201730929994,2.3801465096205305,-32.06808574588898,-1.9106154425477808,-13.581373986638608,-21.11092899267696
2656,-7.968725046007762,16.245465858258118,15.831904957286397,20.01709325555132,16.127691269007503,18.72712625604871,12.241874438949592,17.780323531784592,-4.793786638063718,-22.586955711778145,-50.91724216707722,-25.09444523996505,-19.689028864884087,-33.883623627291485
2657,-4.975991168372198,11.074114268029636,32.44061131769073,31.934320681745437,21.89969630288263,22.480924428924336,5.040787197807584,27.1800399414469,-22.448048478894606,-15.358282819267162,-55.76648836725481,-55.983651657622346,-24.4206744760318,-58.5088133148922
2658,-11.259435489357214,10.868203019640157,34.429452706675285,50.905162855275506,27.68836058546239,18.62110051883499,16.28567141669185,20.62743350110255,4.6321136896063155,-15.607758702587045,-69.59926698649804,-63.906497894563536,-22.27982663643847,-56.60655239747633
2659,22.99144139725453,24.885982883191097,43.44548620381096,70.47591706280923,40.28382505003226,49.39264256018987,-4.7732174597422015,13.59219169805703,-3.504971800896973,-8.225710287064738,-62.25716918229109,-46.48447698534239,-28.519798105120813,-52.088096588904506
2660,7.415427766796297,33.63292158265129,17.23072369705316,46.25945207316477,29.86950686279983,20.26428753087757,-10.200017455303449,-0.08939073672838731,4.907154616202159,-13.090864741037267,-11.133161698430573,-27.535787459535406,-18.636262757795816,-35.26580934264775
2661,13.052696212559523,23.35304272228588,6.047969121044453,32.521174243095054,43.948543232818096,35.945721881188014,-11.126011771537653,-18.954812777933938,8.275200017618102,8.12731164633253,-1.607218501437501,-8.259987571585766,-4.792262559379288,-9.387881673960278
2662,28.818204295825346,23.44694899182439,16.905094825855443,34.40149971970283,48.83626166831753,46.604102468132886,24.664870080656417,22.158756355590786,10.373845536599317,18.933859495000306,19.5043317450832,0.579821052103977,17.909794212802556,-1.0892743877738456
2663,44.26540669174238,38.05905565826995,5.23815062543012,31.51667130138467,38.00026378723149,41.75375358920639,21.732590822330394,32.91242366869562,2.1249058763473374,12.558811256344008,21.224106948346233,25.277631745015125,37.88126569940909,22.19684195786334
2664,35.993396129448755,29.749509476851912,2.9141762961570916,6.289018335321295,40.29891119801983,29.484056169953853,31.62467407025428,27.373228170505264,12.735416445846473,1.7369775969730823,11.230505423813105,16.20263097427437,38.178354305392666,27.78524668798914
2665,27.804754339807847,19.611322033752693,-45.09898737542458,-32.41333097940487,16.831322069535528,11.277359476705348,14.301778904065568,-5.841169179896864,22.30086130662041,15.262673004506492,10.19012605454952,19.003436791531858,55.19451803667157,37.3750443967951
2666,5.298188682109704,-6.564922945514971,-68.0686865870401,-48.4849303791701,0.6700452000174124,-26.133785659039603,-3.136194635704956,-26.511897389528837,11.101164889826066,4.777751618355805,-5.45255045026188,6.007309456976876,56.25154307987278,36.64375615317688
2667,-25.50139266756291,-26.135563605027222,-67.14888149496952,-80.0741256773271,-21.50960809190406,-58.52257892297685,7.839826227883483,-32.02748915703067,2.5834893436324484,-7.481602098748409,-17.77859080574472,-9.129666269913377,25.87534215021389,16.00463645803702
2668,-46.29663554716917,-46.30390558423776,-94.20779027203243,-93.5322722819535,-40.58655446645042,-66.77505548188573,-7.541653548373989,-64.20355931368894,-7.350224581684119,5.715683940330889,-46.595228625324054,-24.816339304673775,3.2786462233292926,14.649937305374635
2669,-69.26654867262108,-65.95021579347909,-80.26113440474474,-86.84759086271083,-45.25924811671128,-71.83651135531605,-33.94135701045816,-59.55846572217623,1.986946093798661,7.101312515887155,-53.73688613565707,-31.52365219281257,-8.14167996688938,-11.350466358959022
2670,-62.636728739782306,-68.44337017061576,-64.73502570799228,-77.35406709064443,-53.217085618393995,-75.13308762895333,-20.684502270967727,-63.62184254982496,5.32532044635761,8.948477947405184,-54.10080123644758,-29.39546283581938,-19.466877660176745,-7.911004191444837
2671,-55.95481866171045,-66.89002483639078,-73.9652887430295,-66.8427437680287,-51.49656993701739,-67.29581727757098,-35.64732067369751,-70.07548834577395,-9.788336340867016,10.765654736080291,-52.30934969047028,-34.14107965610898,-20.01379969851076,-11.97355160786687
2672,-39.70045895869518,-59.53521232296495,-53.61471474294917,-78.07677557472299,-35.20128765419761,-63.27389763548895,-25.274244540627592,-59.81611225231065,-3.9299652160916345,-4.0819222192411395,-61.3683139169058,-32.10871148716045,-6.150030047511582,-3.5772719869396137
2673,-43.01656755727762,-55.010483873400936,-46.20491608196011,-71.03984241574618,-35.13097821985492,-41.11778623084715,-21.80562896563995,-45.85728043456662,-1.3783338748385543,6.668856468497057,-36.19030415785352,-21.062442549957574,-10.309680701273615,3.179769376713686
2674,-28.51235426338887,-26.630842483228133,-20.553035404474993,-33.77021372598213,-21.25195144323111,-24.70680148906369,-12.829700976199097,0.7351033331459128,-16.697979754468875,-3.9300001527823136,-17.02592236682893,-4.018776711652072,3.8115938430680694,15.695870030179584
2675,-8.912340312190906,-12.130695642287789,-26.2071272693796,-6.66324428752276,-6.167305248488147,-2.2281328700158243,-19.654860014975448,-8.674129961027367,-12.891907881986198,3.0524884699612906,3.2203890284335297,4.889363467655053,26.80969003795233,40.486461582241084
2676,-4.861021446733815,-4.4132272660057605,-0.3065573246554621,7.015247204743387,-1.2003756018997525,10.053928441505747,-12.993879454133147,-5.4003130973336715,14.991848663924415,4.623960939894593,29.767627176682137,32.83101930682054,33.19000297683318,55.46590248082175
2677,-13.417938320472055,-6.877542136480831,1.6467765618579424,0.9827894272571025,-13.055754079663966,-0.23566818618999466,-33.34642548087286,-18.804865212525762,13.226252926847843,14.061472015443009,38.42057265861581,31.431003225000886,15.914942412127917,59.22276342445839
2678,-24.38065479203426,-6.674038105029741,-21.445758170231233,-7.650413704078689,-28.020434755841748,-9.740919520145875,-51.33441187797575,-52.62990565095837,1.741484611378296,6.781613798104694,2.2738247707920074,16.63926874178569,8.18841968138131,58.67190275924852
2679,-14.811553883407665,-18.536107821390054,-16.605424411665286,-5.987078416997386,-23.406807367386566,-18.872854716632528,-43.00215391249935,-32.42119464788292,-2.770067498006792,14.724313237377514,-0.5281757908346976,19.939892873841952,10.175574462873179,57.10464869048122
2680,-15.019288311763884,-15.26628036320226,-15.509263225785526,-3.434898796966149,-35.25386163116834,-17.13883339464603,-43.2333439595793,-39.92603291998671,-14.888908223095072,6.549827889656358,4.340929593977284,30.485582411047503,14.993654977151888,59.75933736108991
2681,-11.72298973760331,-14.731528124991142,1.9136764926733063,20.114302777777112,-31.059136732858335,-17.41010705510978,-32.18707904238654,-12.739033177229107,-1.5843869889041653,-0.5450237037845127,-9.436698555613287,13.725000333741653,-1.345002213605112,37.32216918666125
2682,11.863681602705567,4.395162021149886,33.49703092298729,55.470960513095356,-12.573631029049674,8.026757740596702,-7.142456764680729,18.68735705645889,-7.577581633642079,11.358735539614893,-41.26894957453909,-2.005915760121252,4.706920171638976,36.67828570701929
2683,23.109434246322824,23.982212882962585,67.27037173942227,81.37132586682554,7.140667032458329,23.533175687329877,-6.185055565266174,52.74524510485585,-5.896310450200757,-0.8071624896252585,-55.464860332997986,-18.355028236443292,10.06376622332992,35.073534176336494
2684,72.08806788489046,79.00885635404062,73.8758163023977,100.17575413353488,35.15652389614288,57.926018772407375,18.807151345481543,72.38314823619267,-7.428816430704881,-0.9168460995281289,2.04522521797688,1.2973831015791812,32.5065890651587,34.171938691017665
2685,113.72234041138518,108.86998003939334,68.74751857049604,81.89952966647064,59.55214225710203,87.19105897935019,35.469713993426524,86.11652267127606,-9.305936277360862,6.541646126871002,31.64552092460148,30.18899799448373,49.89205970109747,41.76430598897363
2686,112.05742824481298,111.41295439645968,59.83367313679008,88.50280828498127,74.14336119112943,92.64485711931043,55.49907117634986,69.27595042607696,25.800985124443304,33.75203994926518,49.64315987545524,61.85849519616256,77.89439058264966,64.0294505695796
2687,91.72539430555754,99.23214722071677,28.51765658171405,49.124666229968845,76.46153071567245,89.71474405716822,59.36955280738372,68.09643483970389,4.105427051667998,11.154892206334353,85.86202011144721,79.17493077565945,74.13677164760814,65.27756931801629
2688,63.271022043349504,79.7929174669751,10.385576682105738,20.068366629999865,60.131413090449115,64.55813598380487,43.791378793670376,45.798567938861325,7.8081957087807465,8.528829562116007,68.9007302278118,72.15783777788046,56.205760036690855,33.29830693829962
2689,33.22587567552101,38.018876402406605,-9.344129366989495,-6.697057997509072,41.64328208209723,46.163120704355315,40.82849077993707,31.75137944579085,-1.7908141052327302,13.574720978148193,46.25529633705757,54.63740595717704,47.069445266197405,19.465403219783617
2690,-11.652528203437116,-0.6929952392913714,-26.147651791199806,-9.42381177410548,19.223408146921823,32.47909119680126,23.948878906072313,12.789727275378482,7.944801195464126,2.1515264794699447,28.290139195099062,37.73421777273614,15.913750475107353,12.036693698569616
2691,-21.13226062729057,-24.479659842172158,-25.59245876007186,-36.94792851911223,1.157318726278005,12.63698123051493,16.69181368915708,19.45740458692645,-6.2948987586449014,19.289639433917003,-7.270134239768357,7.494149517816159,-2.065740409040513,-13.433025211165722
2692,-18.95864651159449,-7.062087100438545,-6.841072502383263,-32.26585002748677,1.3661442782192168,13.32145837985554,25.18504202533749,30.788826932480003,-10.228781123220694,-4.443697710201194,-12.305254179706676,-5.9467427145104255,-13.560124121089505,-26.624144013170017
2693,-10.529490498437859,-8.501485948571215,-18.14975723950504,-34.73504353414713,2.247230775132631,6.855138210699432,31.42390462199466,36.08035743258539,-11.785403801316376,4.236110096107828,-1.556925632052426,-7.426177186437353,-14.275096527475627,-33.947021485220525
2694,-10.779535063672178,-27.59726506764144,-0.13538504200252902,-29.04810930288492,-11.42241900024315,-14.303474967029278,36.12883520632534,29.170889244880566,-2.2993034552076765,6.829598664147007,-21.93336825921366,-31.818000440350993,-21.441718764914487,-34.13080975529075
2695,-22.600241028075736,-31.306062210268472,4.583678645416574,-25.945945688018533,-8.888513224817899,-36.22349455306016,36.37436650723236,16.73004613619431,-1.6442857682036163,5.905707774688988,-31.650579230352403,-33.39320661998834,-25.9773435776821,-34.511229926469255
2696,-20.574550270234724,-31.91751703867193,6.899339213183591,-9.80515379342183,-24.824729996292806,-31.38974403659706,23.935977535846543,19.23603269085658,-3.816993765290579,15.062009902608665,-27.312355135985925,-28.890689181556883,-23.321248373209457,-39.13026300513568
2697,-12.709756164429852,-24.461502026100437,-11.878878874403066,-21.24281436771047,-30.27050748007815,-49.7239378794466,-6.627672588286537,-25.001103525090166,13.615190393680452,14.630986327692666,-54.28119220054122,-46.54247771772906,-1.7257091605924506,-39.430074400928454
2698,-16.137054330300064,-42.07343660426753,-17.908765085316812,-39.595674343977194,-46.214737068632296,-69.71387049237788,-7.125518878062654,-44.943983783082814,11.569469150800026,7.448304650071356,-55.55974474294936,-67.75963115441799,-13.403575612576386,-49.37125690902696
2699,-17.47598460237649,-29.581783077981633,-17.797724992035217,-42.61139551825921,-60.97783712994154,-92.82175310033904,-21.272754106596604,-42.45348710946876,12.062587777877061,13.479315981300774,-49.257831389835445,-83.7414489540187,-30.039829321121935,-69.00182776623222
2700,-11.668929066065129,-22.7114281588399,-7.964054702522784,-2.412253379595478,-18.321707580746907,-21.22508698425708,-48.97631679802028,-37.70726186219137,21.958536421551752,17.75758134911568,-46.12508527488821,-53.70402128831302,-24.01350184149973,-39.482753509672655
2701,-9.257791695445711,-16.123391502690325,3.7232564689937244,2.3756897209313896,-12.587701706527515,-4.337949008437545,-35.25409981657203,-47.34152268661362,15.809850718046855,27.14706015721986,-47.50343471211308,-54.50644438163913,-18.58471108297584,-31.247986958049673
2702,29.850641267933586,25.518894329189468,10.559738560053573,3.657062390349354,14.56016913737704,22.833784124103214,-18.721333405266456,-15.457737775115913,38.23199469932238,25.63930934815896,-12.533510447311984,-34.45765427083862,-8.058018560260212,-29.859055977841216
2703,44.50382164994602,42.24717162715068,28.886947821530764,38.17943241195457,33.61142977811173,48.09552048017206,24.30913312798508,28.002917107737932,24.19739614255317,23.478316559548464,28.006963881636967,12.498116050588973,14.398051952072008,5.6058136646717545
2704,58.30587993210881,62.63549415967653,29.954019609809503,55.74144373139081,36.34952845420947,63.08196732240064,43.80778086061311,57.31993885332173,18.16227820146605,20.619798876686293,20.636304434270443,26.139716366441863,-3.1005704960652447,11.917879080882114
2705,49.91901743546953,55.274241403307144,36.47540577563156,46.57859840544875,68.20996364053948,71.13801351827951,26.01326357774544,44.5452011266846,16.942032260950935,17.94886114801664,22.483566250071714,29.887478042421826,-19.875520847213085,-16.342891182126305
2706,-17.898986575485775,-10.8923287492526,-19.138147468821938,-28.216143091279143,-15.589182699673206,-3.383799886433191,-1.107541198851795,1.385582082229472,-7.869632621612507,11.163024608380965,-48.20374697562965,-22.069609299217444,-76.99169907614022,-59.20632659688633
2707,15.187126541056948,19.566751840640983,-8.324944153415304,-5.006227385003372,5.093319082506273,32.21203593353358,9.023235174895351,11.72442165875034,-11.508049159984097,12.847718949021619,-6.538375674420254,1.3656945839191386,-50.269476371056825,-32.36203243530252
2708,33.314092768664985,35.88727409098374,-0.6667921915735397,2.056773921020181,41.64195945189771,65.39393804549488,10.408535120412045,17.77138252569504,11.711330736946701,2.199738397059809,28.238347734896838,12.619074417529895,-40.401429656419324,-45.115097837459686
2709,8.202187091971455,20.934893850489274,-13.011864070658909,-20.60216053366783,31.766223033019187,56.65398687148041,10.815172471980523,15.706459891073498,-0.23316993111518483,-4.269331851948511,29.9104554767373,19.42317520000607,-28.49960221793604,-28.744004865890247
2710,2.03232788050991,13.09532829946166,-6.5732655002667535,12.756446317419934,38.28109686467221,80.8908641095691,32.579287772775224,30.915645333069115,13.981114670438577,2.9989786911600054,26.774243315863465,27.386700294624433,-23.67832048506229,-23.838187193031896
2711,26.10428625560702,45.94066597933772,2.7576098919459646,-6.6590703770122985,49.42218521303408,80.39906051334482,20.746068734248556,21.782070682889852,16.892002245605116,5.097704107225236,36.838707626790935,16.458177394391512,-26.71105279667677,-36.13797991400806
2712,9.582433395916704,34.7841012856123,-2.3167326281853584,-0.41670550136775086,56.345982633012206,77.88785072437193,5.003642005205191,18.891316821209895,4.8607044500272805,-7.89817086254561,-2.7049353328823926,-8.18375476334145,-38.17030218431168,-54.69039608620976
2713,-40.129017071257806,-17.749291334812366,-32.20691640796007,-36.114748456288176,-8.856873277686423,6.297034402725568,-9.295325471750484,-24.992482799819832,-12.50554694622213,-30.42197382885556,-74.97519899849854,-71.43082547030424,-82.74988285148824,-102.04829332555691
2714,-0.6961923371535358,23.537584174409076,1.7317103813493866,1.420698850774679,5.0804298793294755,35.54366176980066,16.928846933053805,9.188112182873022,-18.646705655333907,-5.981972255117628,-56.349678499821984,-33.45154155774671,-71.49930020575675,-60.8014729348718
2715,17.93314543178245,30.06253088522804,3.8064751681072746,8.947565198771574,31.51942370716615,58.660603582057504,29.22402477343549,32.45657933987481,5.105082466572758,2.072088269898229,0.21178698334484736,-13.21322858299309,-34.990437242444415,-32.654571101983684
2716,17.116698306135024,7.471615512015347,4.193213546053945,-2.785919672328588,35.67259950949693,54.46436960122565,48.65259604226846,44.963712761254655,1.6857629848568667,5.3204612184706,32.98527921088452,17.1279177886508,-5.079319672906343,-3.190703069584042
2717,24.06639105894431,11.681541166063354,-4.592824488429545,6.140964035347995,53.05209805118553,63.66330432691662,33.66110530274832,41.64222019301765,11.856230097266803,-5.879086511771524,43.357163718597796,38.42844798860154,7.478577158020684,11.303293865551327
2718,45.32612012345478,39.764799550275015,10.478338912554518,10.066533175539995,61.87002676061616,77.6376080202842,12.792756687155622,19.090001084446566,8.696894359331369,2.9995004617770893,27.894985803076384,34.107245310575856,18.57345012835268,8.774154650992363
2719,-5.9992502111885075,-9.274383641971255,-30.549473843013743,-28.15739503909649,19.3367030789818,20.80023421602981,-22.17652238574447,-13.261038457921007,3.59244856277205,-6.440507661636797,-60.743307943507986,-24.264854777486065,-11.749285269899026,-20.103774977194178
2720,-63.890360750115065,-44.40040551700777,-52.61147234606285,-49.746408472329335,-50.54144328695944,-50.15140438607973,-70.13286552327926,-65.33328759239036,-3.5276958301379437,-4.692608616852898,-155.6697784133882,-99.92260921384097,-37.77561883512389,-56.50217420247895
2721,-12.792804610529336,9.470601011264822,-22.28508474382255,-9.470827784334244,-27.33286603264809,-25.60796215114218,-46.01178587696556,-39.177791966338326,0.7561076766237674,-21.008343914622024,-111.70348597271422,-83.56836520639578,-13.381455955033186,-30.39436393061634
2722,-10.721903574034638,-10.002123246452012,-16.922207670013503,-8.717319378285136,-34.50750524497736,-37.77627308994529,-32.520899224413995,-30.086053807395473,4.942683363267739,-0.5900557946225046,-89.48079133609905,-87.63523709338406,5.43406883231773,-34.927608515006256
2723,5.769433524996365,14.959877397349977,22.598196364168803,34.646080948882485,-10.927126384120237,-3.774071788821287,-4.651778590815106,-14.022875523208345,15.187409150339235,2.9431178853615583,-44.53095576847131,-57.2008527161774,26.924538889366886,-8.287613651473162
2724,18.889950840771313,27.804214348531648,32.32622720585105,29.799549816281928,5.0803538470404135,10.822576197208276,6.060491583386219,17.95982805875922,10.096250852620175,0.3482521625881756,-14.371160750344448,-28.776990629522263,25.343518668285775,8.340463261204313
2725,20.362306437148,22.112325518437864,9.630200006432666,8.95256636016054,-7.641704154892569,-10.313084063504395,-8.04209030878222,-1.722775616453685,-5.906679600453522,0.8702985923358115,-8.102813861728027,-39.47691585530449,-1.330410533144565,-12.949206468830395
2726,53.870663193903326,54.02766900145268,48.586855974491364,40.3758558835836,11.755902407859274,18.940009338588727,19.80767978139681,29.38717901927655,3.546103894816213,-0.08212504335831561,7.74710668148436,5.8978702631542035,20.871117262218284,24.56585308772162
2727,25.33415032699262,21.57562225226864,29.313553173879466,27.31358794432676,1.1832422405767855,-9.412343186093505,24.511680728959174,36.021810982678765,0.6966709843255705,-2.237011659317365,-1.3022984831605182,12.324196962798034,12.523226375328035,23.71144988498494
2728,-1.110049165759222,2.3691896002433124,24.070652668475294,34.16107710840697,-10.698494790752868,3.61107432153522,30.274272554099134,27.19414935725134,-15.961210612131888,-3.4951209906286995,-21.29355967677288,8.807337999236143,-15.262841026823482,8.574006882284772
2729,-8.444120636034944,-3.9121520863596384,9.008381510547633,17.117310741361162,-18.74010665741541,-16.44617274479864,33.54777953018595,32.504253301055655,-9.351615257759795,-3.293873737968862,-12.445108992563203,18.383771242711045,-34.04213299703413,-3.6434633573268584
2730,-29.89524669839241,-25.152693419435355,-7.6098009609069415,-14.79285428560567,-29.97182107820729,-34.36541754991828,0.2538700691505816,-13.50121836959392,-9.349284094185961,-20.686941548601382,-30.04744082280818,-7.295022197092393,-56.60155635846123,-29.403866257484786
2731,-32.73309888212076,-36.447123639624365,23.460955392724454,22.629074191297512,-15.643642879866517,-38.39452311926414,34.99494007848594,23.911685995602618,-13.833192445282563,1.857805472624801,42.61349747600223,19.969342411581394,-33.348636613127226,8.307323843542484
2732,-15.963514342531328,-24.383826728408508,32.83199184464109,18.913219821999842,-9.345172419880178,-18.655890017350096,54.65623491394586,37.55766612195593,-0.6124808941030668,-12.258110244794972,37.651532204152076,40.763919424452894,-2.460435282073874,23.37299263885304
2733,-15.181683315242307,-27.714363436921843,57.108677003858226,35.601991746713644,-3.148247028893554,-16.120055002788042,54.447408476583135,41.607784410178645,-4.776755825100038,-0.7889362070443866,51.077515690147465,28.83705027472249,-10.276241619083773,3.778339605908989
2734,12.61044852977344,-8.101604302101592,66.69936868237336,44.8109389950187,15.900632239695444,-0.8781852716347244,49.469470075697856,41.65690184656476,-9.128553859570486,8.084797803948877,46.80734593580754,27.783430187979143,-9.483727896652901,-13.433532396940302
2735,16.98462272048222,-3.4147739763856757,81.26551348518684,52.98082649251703,23.522705688918347,10.889398581941716,68.7378864781203,64.69055763342567,-3.862487650119011,4.698263420740812,31.871505680629248,28.047610758549396,-0.33192414635451767,3.077623933597006
2736,14.054634090690278,-5.136275219284508,103.2510957676789,100.48360646913932,48.53806994043454,58.59480715048444,99.86092168666686,108.62804816126479,-10.314130588289123,-14.07161832828972,51.05659775609155,59.973389703667394,6.622334570980991,16.561128453002855
2737,17.110157724514934,16.479085276290903,83.89108444456515,71.99918180010182,44.27187000571373,49.22422671573637,75.04502928331432,83.41032062248,2.1626027548734847,8.07966995821665,37.619478160398195,44.17099949912404,2.303027882628237,5.085050354948345
2738,7.332732670615233,-4.753752519129971,58.526218292647826,50.05890864093921,28.70027453550854,24.971933590182044,31.09813021902634,39.633839975625584,4.680028364240913,3.09542477395517,-5.063029467191159,1.8728910539202923,-28.0101465485662,-27.987285983296772
2739,-65.64083962641887,-63.03073891750563,-16.73909417977485,-7.961808542574948,-49.46393660728114,-71.29510914557747,-24.243112387988493,-25.187099935577265,-5.128119122490214,-19.392704586678583,-113.6554060595886,-86.76513109482629,-64.64605416522718,-84.77204840690035
2740,-43.301890919413275,-46.42471966159847,11.51899262230233,12.268558772892671,-47.06669798644671,-69.11888021662303,5.752753130743232,-13.006121895338449,-11.710700177206002,-24.787427044319326,-107.102273547464,-80.01960052349588,-32.54255904917058,-67.81420374568434
2741,-31.745851437301692,-49.1221878691242,-0.7516338672204187,-3.215098011241655,-30.815070297135097,-69.96680983735247,21.623800435224126,-10.20612115785082,-6.897130094790616,-22.893881938308937,-72.72217697825809,-64.04602062665279,-31.70274056147031,-63.44147910891363
2742,11.47649564184151,-14.693263986723188,1.1006139925114506,12.341150596574685,7.0775239612492005,-27.595280514834833,19.990601941091345,4.623336681310287,-2.878508325114815,1.0874241980581152,8.981957080093482,-35.20413836416836,-3.859896861274859,-34.93784263821523
2743,19.577993747212666,-4.372372338770917,14.989943931442369,7.919145652416923,18.233627530112763,-18.527833303104252,39.25779689257259,25.67581663032531,3.233647405777555,-14.927024931093273,33.30922764575153,5.202718243602778,10.756497197578565,-8.32747408528104
2744,25.88520862264811,5.450272405400511,26.8760340118863,20.010766456257407,40.52236459614943,14.016508222945289,23.997353089391936,25.610683799676757,4.796955263600593,1.4960452869371865,51.1753666900122,41.64065269654807,22.53393284566366,29.00312647742931
2745,35.63031078367396,12.685895155967826,-8.518733282721657,-10.151916221513726,30.36500339728616,14.187762842475689,-11.806350004447978,-11.357967860039869,7.369739516966496,-10.705800143081674,58.43319430108625,36.01394176116909,19.260204545768925,23.938312667745667
2746,39.77408898146937,19.544227361014773,-3.7941225872192437,-7.210899868210854,27.011874186576946,20.891370660907253,-8.112500012509336,6.759599201924931,-10.24300797966933,3.193123771023539,60.660706500159385,57.61243705615868,27.085503863191864,42.60714498611649
2747,0.23395256885011012,-11.661456430378557,-17.18569533514167,-9.937711192485647,13.934436846511073,4.422477056729101,8.096485495346952,7.392705948626658,-2.517662379593165,0.4076852243897262,29.75256610590919,49.295375214318966,12.432294627019377,36.25024569383547
2748,-24.68768168780132,-29.496690550490328,-14.796253050636473,-12.01604379372464,14.859525090316218,-1.4558264950931366,12.897698337164915,4.701600781202279,-17.27847627457279,-7.056596061570131,5.397233546742061,36.91303204705452,-1.3782517226640083,17.35336156295025
2749,-20.254874535319267,-25.856065841577006,-11.937334932329103,-12.330026774117243,16.395031306022222,-1.957873556555968,2.3665328870082543,5.40283403582886,-6.943829141857949,3.267691239226745,20.57426136983375,18.077457891631617,-3.1900022428957437,9.286102132160169
2750,-44.38198231653056,-35.43564384576887,-37.837104126027505,-39.344813221275444,-29.38321934640298,-40.317846721048454,-23.680442682871586,-26.080708912103994,-18.712812316352952,4.039174918877053,-0.8972850607612557,14.56846877626411,3.529481829096404,26.752817406577208
2751,-41.90648135896356,-44.686191253711215,-38.31810747919278,-32.30061409898557,-53.12429143741444,-44.31909169469928,-46.94303083121739,-38.1238394103709,-3.2300175239226534,0.4111345303396051,-34.56458250700164,-3.751840984392277,7.24535958937747,29.394241268165832
2752,-26.30889848223643,-31.476605359755318,-53.71025621228455,-42.67620710977279,-52.30521248001934,-52.29010720782717,-58.0002022773558,-35.865752240585174,-17.487342732109795,-1.72853564602953,-50.55595946219608,-21.824165650881866,2.1051935486376183,25.16427275385414
2753,-58.87583842150236,-56.10933185784256,-61.17034534839765,-58.73502341463229,-88.05592416690465,-92.2807838517922,-84.14841171249721,-73.91666808291798,-9.77802796505751,0.1250769384490782,-64.6199263468552,-47.15271835173681,-30.666131883290113,-7.235233942317584
2754,-7.137717467306252,-12.87634454078442,-24.457490742062536,-17.10512342300452,-45.293478586352315,-55.75482065244758,-30.14054530397337,-37.14319045000412,3.5924788107524672,-1.2127330179736155,-19.34227570067802,-32.48697417757822,12.61444174894578,27.263067101174155
2755,8.298251541030806,4.6382678062649845,-4.979790363638999,1.615935515062346,-23.025146392234028,-33.56444329357843,-10.477129367344245,-14.038391899629454,8.14322653967522,-1.0781670276725865,-6.047401364503587,-5.945210145582671,23.302947478068553,28.14661777699962
2756,56.338780254321684,58.796303071866475,31.52927440032161,40.468717343538465,15.611627526762845,7.903291860480041,8.522519612715437,9.038564757623991,10.684535920350461,13.309883783596034,63.49339805200798,9.299543914267561,37.22012602454772,34.53243943490937
2757,75.76361848629863,70.50938130321389,30.20139185688484,28.056101389368763,27.84935734799921,26.81923112299169,4.752124969061474,17.047526369101394,9.285707861748493,5.965930948915503,65.29557724015001,37.70703050736856,50.05904953317292,39.97803869300621
2758,53.61686013207824,70.33607709273383,10.17785995320507,31.116872472124747,30.465902508125165,43.2338437495004,-7.040207488680777,-9.435733726345886,6.35717910333305,11.676268703216667,28.41744002224219,27.734733193457565,31.811815914888598,38.6219032476167
2759,21.155700989798945,39.44289952756609,-12.881982240139616,-7.710285428263165,-18.554636743588073,2.9182268967685103,-60.997404729105725,-46.14262221232855,-1.5629482062910742,5.209066120405077,5.283201168575472,4.455822958551719,-5.656981607161841,14.223912481450766
2760,26.02329942958945,39.226958201876876,6.19877091561204,26.115673458067747,-8.420565722170558,29.333128027002942,-43.34430654140952,-32.23581251922329,-3.6995603487515787,13.847507589790018,23.23414806361292,22.18950509226313,1.9406772316862013,39.005209133514995
2761,-2.4378686361988278,4.176342808071025,-1.7019733301603133,10.679106587097989,-17.643191000046823,17.88505713383557,-36.71035392044054,-34.57737877637801,-2.728137498292206,8.454196566762867,35.781942256524495,30.19514738632813,13.692035776711197,44.70399414875855
2762,-8.951010075529545,-3.2984267012637796,7.57940446346466,30.55347659997748,-3.6548202063145085,27.06703799441169,-15.497150139959853,-11.07851440492892,-1.2339550576565894,18.69215085995899,48.8604110642877,44.44397607444753,27.460928511093414,55.40954420693374
2763,6.276422969313998,4.862218500231529,2.1030231825924854,30.800337735919555,5.098091457492568,31.179635422666642,-24.98607616997069,-16.364097216705446,-1.93750909195194,12.652746797597535,63.927711370102905,54.63876173676245,45.327775895027955,56.399685750445286
2764,-20.228052719306692,-20.848946178520976,-2.931589046268236,5.92105971739716,-15.266487884534675,5.477039112861304,-34.38436304918128,-27.936106809259478,-5.3010929630698,1.5714714280998379,42.111020541268104,37.61427873776287,26.246157197283562,43.64150637717378
2765,-58.585854924890704,-43.982276730057755,-20.09518975727558,4.97691686103026,-35.571968061627736,-18.894704131019274,-44.067237717695996,-63.16323892840279,-0.7187590453041016,7.422525377790692,23.836900358216603,13.308771985581224,6.152963156745685,23.371479339222297
2766,-35.12108880433094,-39.579913650563356,-12.798315618012715,15.458713500752824,-17.630526648676344,-0.8123892859658489,-31.43936153802236,-42.40190062605429,1.5494856168324456,5.081228207640499,51.7305383046083,24.927387146524993,6.391265109471828,23.15921164247473
2767,-32.735735864375386,-33.84631378940544,-25.80851911399253,-5.6841595157160025,-11.388649681908728,-1.9683590503000234,-36.43230043418579,-45.58783540761616,19.928957113827558,24.129263495918902,58.32033615767215,27.096322307246062,10.34655708028279,18.757134762714784
2768,-49.02521268850986,-38.71620763283234,-17.098442113265325,-4.388288147382888,-13.318543063980808,-9.267150585647292,-9.975122651896303,-21.88650137698377,2.6752404704943022,9.926884028695216,49.202468596869565,32.95255169761372,31.558138342789622,33.903985059463174
2769,-31.909770252962247,-30.91642563803562,-5.379986097428994,4.62131939619306,7.022857567254607,6.532306978411825,-14.75347923308477,-17.069899298478138,14.70794223659992,1.3261505629644397,49.95541914546035,28.0699320719528,26.41964334776803,26.97160215748647
2770,-15.307464276614692,-16.927995272106724,-5.508147791699149,4.1796253378681465,9.690454232962406,10.999336535367982,-6.739387103594283,-16.086715115119727,3.9535887782224246,9.61137994243002,59.81533706252063,25.07532807234293,12.95654833421434,30.24366111519564
2771,-54.30240975778572,-57.074327743411295,-21.029781248912,-19.943123863877748,-21.367034821710856,-38.13946303618123,-46.57904059629009,-50.547645629633664,-7.585661744467193,0.26883678566822056,-43.440801624566454,-35.61962922139671,-25.454748170049356,-29.171809118766657
2772,-57.96457546224772,-56.35460405952272,-35.158640223595675,-34.802898608575816,-49.02718884361751,-59.71919892812508,-41.82402957834528,-59.551768136316376,-1.9841467085114484,12.314358960148594,-54.51431677710616,-57.61718041629998,-16.292291949873707,-26.50463968458898
2773,-7.404496211143581,-9.951761496448556,-4.474932662350804,-21.40711356484488,-20.242611229725284,-26.744701979738114,-15.569867940521712,-24.00332098562776,-4.046183796381364,-11.888296799144822,-27.458563703941127,-18.587115356133193,11.457860832165553,3.4752323458798826
2774,10.553087113445592,11.290632505107885,-6.967587268815912,-17.11353405652509,-3.5449318168191204,8.203277461917546,-19.97916457471039,-16.66858879121094,5.634425960225532,15.231244428933604,4.304423760016352,-4.422078388684412,40.162432255839,37.0192357246974
2775,20.69706441276701,23.201011488114037,-8.1219036483449,-21.668215585609857,6.5276439688890395,16.828961572662426,-3.649237655515915,-0.19678341048224865,7.737974200215035,15.282517172695929,8.318848479059884,20.79557774082732,67.66419996174322,79.6773845409571
2776,22.95701278297602,47.649138172363244,10.261941961226933,3.0319820427546746,32.40731515394631,42.32351451383421,9.237008007958575,24.708454635645875,6.703060141155009,16.726630668308406,47.92801759884876,46.472167478171016,102.14657783023328,96.3317052187633
2777,33.06285667979712,45.56098376929791,-9.107065799155276,-19.5035041823899,38.20798209008273,35.35088481349946,1.647380360747362,1.481344006914611,16.16968722719847,14.454307241481192,68.22935946863217,58.34655973750747,99.55002745265756,85.0509735887013
2778,23.87804394228317,33.02758426958649,-18.599174295183577,-21.572155340185564,51.70138084557501,43.85047546106845,-17.124607997364294,-16.28986880390582,1.5606549188168402,17.515516729375136,82.57862331014435,71.9312099825043,73.82456227880077,63.61268473627501
2779,-4.423390639849724,3.262572533473934,-42.747153755869455,-47.1067628290794,3.851049864348415,6.158173872431403,-19.520629328170806,-25.485457198314958,0.6556745960171568,4.61038980878639,25.894343852404027,49.84300359215374,42.77616749970536,38.22937631640683
2780,-12.618020569931717,-9.055047241976885,-19.896341726775788,-24.978099964122954,2.965646222796601,2.468221821338822,-10.091374953849138,-31.419734840174918,7.499750646096523,-6.472247259091562,11.33071971784406,33.803171028837575,19.81092992081743,11.440088047160272
2781,-5.98360410452466,-11.743103388414326,-28.55040811773924,-33.74596364695335,-9.319737385091633,-8.606628612159428,-17.040890016978995,-37.065087347178924,1.490261745138562,19.666736861964075,-22.055229071903852,15.355692723130122,0.4277481974558768,-0.5651533087199393
2782,-22.101981951868545,-35.522670704004966,-27.819650777714546,-40.44315429079627,-17.433868751261123,-17.552016358460207,-16.07502535230542,-40.116305538016405,-4.889372053025789,6.734887565281957,0.992843660188969,22.921964843019275,9.498892660207787,10.481488935739494
2783,-59.98483489194761,-57.208222890750434,-40.16605929217401,-44.6491354838891,-42.25841006971003,-34.488052663059975,-34.79546662676283,-56.590186068680644,4.240727158457745,7.062040963998852,3.509105608278851,8.992712647809643,9.68161343730675,13.793712128554626
2784,-58.875141198324954,-58.73954365509522,-36.13171812917576,-47.83583420193693,-56.63569240725397,-50.71704052631154,-42.09550800728534,-56.479898115073276,1.3015118539276826,-2.9591611854594944,-19.585662460463652,-2.4215661837746234,3.926112957472036,14.716215249542431
2785,-51.214095451008866,-49.25600609456644,-70.80651032397326,-70.73374713317723,-56.822276060531316,-51.161912497211446,-57.577827633403295,-78.22797875484234,-10.126443849375924,6.680862050720456,-40.44696361858161,-26.681814422792122,-11.514955246629663,-11.237220135632361
2786,-83.55116077012013,-87.53172475726839,-85.99919504377976,-87.62779365647029,-91.04552994325415,-98.9490173740032,-73.25867250480307,-78.93459826516803,-14.594654170785214,-0.9023132095848307,-63.24457568623299,-63.02405427377083,-27.302659955316408,-42.25919645648107
2787,-42.853424370191924,-50.90097408231085,-37.685166671626796,-34.080179196951605,-55.76439232614889,-47.51738934362817,-10.905796801311565,-19.670658923682147,-10.303809089941984,6.329530868810124,-26.289625325840543,-17.138590222446688,11.907719809160456,9.846696763976045
2788,-5.061063595058299,-19.151493516405246,-15.542944741984783,-13.169864494463905,-18.00042278727185,-10.22715718270419,29.041717920926125,26.48643388341811,3.2159383475808405,8.113783902706082,10.807460436747668,26.132301566128408,12.867567359285024,10.727137607433734
2789,44.44811991194253,30.875238834910405,11.871998937513387,4.92523340188175,20.68505196348622,23.680590190527386,40.09397743039646,55.848138107438544,8.970171441625483,-4.802095262099483,39.055739167482564,42.90677309138652,12.468763158967713,5.85567791375943
2790,63.27771756845594,49.57675027753,9.818090645174458,3.245467940306758,26.329750217659402,39.45494696387505,56.98968385427765,63.378708936916794,5.917922823656269,-11.216244262310036,20.80184622319309,34.46692593741537,12.159486316738269,12.842014519414061
2791,81.26982010127541,76.39612459552563,35.63494359646716,29.05182648975409,41.08815984727188,54.089857142147174,41.90986001476788,61.043626634065674,-7.713402302838678,7.9130407637827,14.937538348745086,22.764154158725326,23.46888439980186,16.942583635310864
2792,88.75368325551295,91.96172277146742,18.35796678430027,28.580601679167724,62.23539067755127,60.77454659354631,13.11913169822591,34.78848176761599,-8.343746512824971,-2.7563453085667176,48.538045658693164,23.423215587432395,34.01168085570626,13.091713247210912
2793,-11.162288751928745,2.7434259176189246,-49.44514830613455,-33.88351919483044,-17.007797211692456,-34.221966991411804,-32.08909581487719,-36.49597490971432,-16.483284022331617,-11.011991680306142,-31.67654839930754,-39.02268106759567,-18.01446036812005,-18.095790910178533
2794,-5.546125533339164,11.955938043437595,-30.132073582674895,-3.9085360645776275,-16.865943449824083,-25.50250636961172,-24.128549794956733,-31.619603537041023,10.422882626606972,3.1146336050394314,-4.044387875997684,-33.39481358622101,1.0962156969222705,6.854562587024263
2795,17.92959516798068,26.434977287557395,-9.86462688208908,8.735928612202859,7.6624972786105445,-5.614137071391129,-10.634294106673744,-22.706566203920012,-3.121451697875859,-11.60424918577973,17.595595270883308,-16.607498321814816,1.2698076614558884,-2.957416806525337
2796,6.494425865604862,14.13058080347508,-4.0153901120818025,4.688496657852353,5.078406867080519,1.7814680692810245,-2.5301921128330997,-1.9637641264434085,-5.800287016484411,-6.5913257917579635,34.286169391653715,-16.85796301994031,-2.4593726137398777,-18.13988587435402
2797,34.35759057849383,33.05252465387276,39.37244310382544,47.500785621372984,30.892805368774088,27.791546539993686,37.72064906451481,32.19122429864808,4.9404981707476034,-4.516447771867375,40.38338398462611,8.083698638634877,25.90152282145686,9.978592547799966
2798,66.87538798465744,72.11224970532994,40.088338909242545,36.79363603615607,39.81371143729618,36.605170594209504,5.750363917859327,10.276410175036887,-10.642989883456709,-6.988329758018741,25.444311510470275,14.251143419969496,24.70808048625649,14.06043007525177
2799,19.150207689701446,42.20611021617174,8.871816341245571,15.075651188554517,1.6502682087801266,-1.5770658809273304,-21.391042672343072,-13.205790863660335,7.384820265284844,0.1992178161044952,13.399724833626152,-4.941782565341887,1.7345426316775663,-3.7071467281790675
2800,36.23651799507282,60.39453628536811,37.0000148496319,37.645208983214005,19.34857961869328,21.90349768469705,7.88632702400969,14.282844840077974,1.3874409555415366,4.973463028238945,9.957323194829513,18.78725489621847,29.670702502271936,43.913002601659336
2801,28.69862980248907,43.37172095449028,16.618349507594477,24.575328695398085,23.506899910543375,23.802831532763587,0.14649050661749893,5.665143330953393,-0.7689643317731824,0.2559347781879959,31.847213207697983,32.47021956980004,37.114151439784536,41.919760580734525
2802,26.72718435983564,25.220859330107583,7.560840235627151,10.703297816053027,7.836346564338751,9.54020253987331,-8.600851317853834,-9.428323801783426,15.144856642272748,11.25370362816637,-19.855056710933958,11.890847219456585,38.911823259814156,29.719771654842372
2803,11.419543665659063,0.5148003641669048,-1.8655926631121946,8.213055265154113,7.238913507975556,-3.057531489683311,10.396493632495597,10.389388302117059,3.8892804079205714,-2.0964074525887115,-15.345192505379503,0.4547474659695136,40.67288406970302,15.193160697098023
2804,3.18808091697907,11.781748831483537,11.097511442641748,45.174911033751826,18.459210626232938,15.661359502520511,18.556948655711892,12.350816407272339,12.598054891279498,-10.083148635868513,-53.0299374757614,5.297724687061652,46.08995715849532,19.00509124005919
2805,3.680165433807497,9.01993185677918,14.39949729798361,19.85877151048273,4.537585757247374,7.0250903308773145,8.723534777341618,-0.22000685977095275,16.794258383182434,-0.005720889573422205,-73.79343449647385,-27.17561551223636,24.64033281431053,-18.15183220619595
2806,5.28005005501817,7.135356504746374,22.63021533205385,29.671093354708592,17.51546384848269,5.213556201080921,6.787363047314626,-1.4094279139066728,20.45821647855754,2.804519502720595,-59.238683363006146,-40.51568656424538,18.26774433997967,-27.19181718434163
2807,-2.859071814363141,8.127193720417223,25.77123735103474,29.894878576922743,14.883477121874046,-1.3479371608680637,-1.9127449883215124,-8.609713297601516,6.517558145797413,-10.19295201044434,-78.60513615711011,-32.81317555953639,7.917676479673911,-16.883050081659167
2808,-6.56162037996447,8.207351630928642,17.755992236834675,28.588278731112034,0.11560002233721556,-8.07006830683277,-13.838227531453516,-9.594418168049017,-3.33161192314912,-4.562996821277682,-75.34552705859488,-45.98775985841716,4.087931647166895,-10.588613080547358
2809,10.921896685273468,22.01991952974607,10.313624453192327,3.595249524075729,1.2164777431386333,-12.269339852719458,-15.747807561995435,-15.28637393674027,3.5657647087889432,-7.044312334131445,-66.97380342674748,-54.31610422977566,9.942233436197954,-14.255798515792572
2810,13.261968003687262,18.16410453892921,13.731778913662852,5.281157330914615,-2.4862273590962034,-23.432113046748164,-1.1094299738198967,5.773475786711069,2.5653294783563076,-1.2475008002518875,-75.19437581354774,-56.46790501254554,21.1891159196257,-2.672624060553765
2811,8.230519717344595,17.580317774765902,15.834729807967129,28.826198464867534,-1.7628047490951244,-13.96115837179516,-2.6097786652739976,-3.5987087693011164,15.358262963527311,25.863373253592684,-70.97739492578597,-48.46004706604094,34.572156501553955,3.4783351606521715
2812,-29.807216147061823,-22.80278759970441,-21.89657016866396,-13.935872772896474,-37.10916703748866,-52.917350627155336,-25.71529692808577,-36.91879471016297,-0.34033265225796194,-28.109425837886178,-87.7289031626362,-72.80561262751809,-15.137647593475906,-47.132045096513885
2813,-16.56024803545816,-12.851224677585522,-9.011998731978856,-12.160340928779132,-41.34469663424412,-46.779301780640594,-1.6314582537358544,-17.06969118854599,7.667292807237799,-8.230100674090624,-66.96561835965493,-46.72200964589421,-22.89275232859105,-41.327570680612496
2814,8.586617302751351,9.976013743095864,-1.5517105765345454,-25.75375458230385,-5.152480249367926,-12.536604740669096,24.429612235783996,-7.199438018884369,7.594738607172232,-1.5427921669259772,6.659973515481439,-29.213366417988677,4.359051303597673,-29.70656583444835
2815,-3.1862784563762854,19.564460132548103,-73.18057014125775,-60.91538962129775,-41.55042270024315,-17.487279541543103,-51.19543931898869,-51.35099258715634,-16.724300558662247,-16.72150686344663,-18.245613254369452,-32.34348064679245,-38.795395039925,-33.70706146078463
2816,49.716603014846044,41.73081612418207,30.539557747826723,6.723975190414814,38.35397038327546,37.14156868433697,28.824785885593087,37.57186529658287,-0.6642007715650319,-13.191314624683104,36.47284169189339,15.94936272283808,-22.590701068097154,-24.752124030742777
2817,74.55684927616517,61.71141275245253,60.05542671071572,41.403830730485964,88.09081963432007,71.65175903380619,65.47327501226914,77.12700804405381,0.1881324530951424,4.993289053980872,96.8559862625003,65.40935208016415,-0.7528344571193327,7.492284784590347
2818,67.52244106861016,58.95329743074547,66.08835484374812,47.852696220601096,96.66871056290609,88.73890848912504,78.77818430487751,94.25509937035108,-3.695222286738764,-29.796388217381757,76.06743163664171,80.03281482188127,-2.3937682315026936,22.574418947962638
2819,14.094157147294682,11.761140562475212,36.32601876456565,7.5089025575033705,62.74644308677849,42.82656722926895,34.95106179643319,71.30172008956308,-14.256167214293095,-1.2143340441405863,37.5540688616779,40.60986505835479,-29.232755846995452,-13.993642444184934
2820,-55.95169132587367,-63.64288306080095,-30.670647851978288,-47.76416092772054,-15.656019201861024,-28.3659822101587,16.453257227142544,15.79638170969983,-16.29338345860451,-8.966622369457966,-33.56985309280065,-17.663075002702815,-61.007621127301746,-50.27540745662848
2821,-25.472811600993825,-24.977601536451647,-5.1566295546353205,-8.609175449825429,3.3117540892137693,2.3017494698706105,30.013282388772463,51.11212882716596,3.1172350026454225,2.417093837119475,-17.905384023799876,4.284708663882847,-31.784979734026976,-17.34115583481452
2822,-5.702545085653215,-17.741781677060516,28.269380132087345,5.00124025851211,18.678810913516973,12.018312179100109,60.31170667007579,61.98018996757406,3.2063088807912337,-2.223531369933263,2.85317907727849,13.010250740557588,-2.6162091314601144,-9.48671671803421
2823,-15.32827546085528,-32.753452354904894,18.066294071355056,-22.020372893732585,-1.3096863910927352,-13.991666522518987,19.271292484436042,21.817358374374955,-9.477847168616968,-7.788799344549452,3.669035731416427,28.446210730590362,-15.217421519439002,5.806379945497525
2824,-14.159260824729236,-29.75725573648964,11.761338273175832,-4.5157686384686535,-8.042951707950744,-21.81725516350119,10.536103400857504,2.2755819333165936,-24.84415300717046,0.5898347451844304,14.14866275899147,34.03717144139875,-6.588862439007628,16.699341619471568
2825,49.21266254486732,36.737040468349285,69.54589016678618,52.75280725552879,32.111433642812294,39.3272726075142,33.028061363883914,35.95780457855646,-3.9726054255622802,-15.22200412316213,88.11917142065484,76.82977947572577,31.964418670101608,62.95931248237289
2826,25.291991480844743,20.575054092080386,53.736450538206185,41.560776886714315,19.74058889460112,21.321844895369555,42.45705771745706,44.919190801580456,3.630972755633351,-2.902074053030188,82.47900076012421,83.72155426437718,32.76868431315449,63.49385823220072
2827,36.51118007838631,36.57481337571754,58.28112229442746,40.49241469905589,33.40716565783862,44.58292916633818,51.02063074069542,64.88103645388287,-10.979700702022056,-13.925802655950433,96.99658525482249,84.51037289772665,20.45605735022141,59.02455185265339
2828,51.05204989538958,29.43886080846179,60.92457130666349,52.389741858907,50.22926135415614,51.22437211619577,42.078306630277005,67.13060654274773,-10.542168837220693,-11.142830471997652,87.24358147284073,78.93121300770554,0.5550964873830466,31.12288989494426
2829,8.96015859649864,1.2313410061400543,10.148886923425563,1.4675671818401392,8.921567909102924,12.600164795362447,3.6674884417621536,15.656481956154607,-22.916629646146998,-28.3269472638461,60.654373426139806,47.728595214046486,-19.28717245331027,-5.057259272331984
2830,-29.29211882705371,-32.56346624399917,-37.71173683253128,-38.64572463606819,-10.706179209599135,-21.554338165643852,-20.056253969421626,-16.104595520604438,-8.611289597692135,-12.29989076342769,16.623184303692973,21.272941160359537,-20.9856384375673,-11.009133454075545
2831,-74.1949042552523,-71.43489722356071,-84.91124817567571,-92.0910427914056,-60.29818392940428,-86.27106522188235,-62.55905835195182,-77.7784646104118,2.8616673008529223,-15.598881764489974,5.262479793666674,-30.17913492162399,-17.975049869283822,-10.266046771212887
2832,-57.94793946030071,-48.05970755328641,-65.70432193527441,-78.43050029647131,-47.816164124093106,-63.66334175595726,-52.95216183674351,-62.72360275561139,-10.962236009643311,-9.128643522949263,-7.253057868829137,-17.588563517905975,-0.5970454620109347,11.431178470257857
2833,-67.45603365351438,-74.04124705096194,-70.43447288285834,-58.87225628899908,-56.96822617591565,-60.549912200248706,-40.7304961080332,-47.02641369689093,-4.295263094522742,-16.339358341246637,-0.5920798046422469,-23.422343403358145,-11.65564395396001,-2.3319460999615838
2834,-97.30649784449378,-99.85142965609423,-97.06714574448625,-90.87152801014975,-97.134103551386,-121.14487490438826,-63.85587499406922,-81.99120878027946,-20.063167647883784,-13.468470650205667,-51.76511475297929,-73.21681278489567,-52.44319217844779,-49.16535989991285
2835,-14.473206661634455,-20.89682026451964,-20.623166099714215,-19.260055414212957,-32.92476706832426,-48.136520005402005,-5.427206393205553,-25.503775226480286,-2.8718933883452387,-3.878593569906849,19.546105084110845,-17.11307998621702,10.713088112820751,8.148207960576588
2836,34.998562148887046,13.733072520533508,12.079623206015926,15.476737036101566,9.232830558384531,-1.4818713694821137,24.272955158182672,14.621560517363003,-3.993442698805881,7.824335716265847,60.397652167844456,23.72673483298284,40.43370561098398,37.26940324563918
2837,63.98047604456318,60.12752817141046,13.201684588967787,23.31906058698669,39.5745000471342,38.2382308450413,29.2890453368769,8.094586764882436,9.767839532267615,1.046069085810668,91.06250876684231,49.05361867415546,58.35205158409062,56.98640101617948
2838,100.07808011294468,86.68457048208299,41.271998936259926,39.11327098681606,76.24993647015192,68.72195057709149,24.639879611670665,30.67542264221391,-1.630821858330761,12.174628589916525,93.01903622712253,65.97239180859248,71.26453233426957,73.16195778643454
2839,96.12844804039516,87.69530874219272,19.220246653424965,10.552526178533025,58.89985932323992,65.07797656827212,1.2357895216547676,9.481591629032314,-3.9577277623576674,12.657106216710915,80.53236590431638,48.50628491603282,68.5903799703253,79.90682905649709
2840,60.80498300611819,55.7111189932953,7.490305120558273,11.007530997063515,45.61251841320443,52.915427731513695,-2.0579551830879383,18.2303227311147,8.326831586717352,11.51014216231617,61.31731350984734,49.616660377788776,69.90715349127723,105.67528612882785
2841,46.231788020893845,45.60269528763955,6.661474835501148,14.867487543349444,30.186782849831214,39.73672869901888,-26.999382688115144,13.246417774690016,-0.9233186775425525,18.89671559997245,22.14089202262013,44.253195203369714,59.681826906148316,88.80865081109563
2842,18.61140395010925,18.810869668118244,9.409767694146797,19.34859741397225,10.445279407824419,26.511893961965814,-25.028529681008745,24.232961777986816,-7.366021474015514,12.8270850962462,6.812630955361056,28.139627853466934,45.24813972071165,74.49376835834879
2843,-43.91086448034488,-41.927530129561376,-25.705244033417483,-29.12247324748701,-41.406970147818285,-25.459004188826075,-39.621488216722476,-20.39465925011267,-21.82990757836271,-4.201712031393848,-88.99177053102053,-25.358330279647372,-29.431372203881782,0.3223331113943392
2844,-51.565370941304636,-48.64660022890786,-21.941333662808656,-17.91963202213603,-52.66914954658803,-45.24448709773403,-27.918419146816095,-23.681557198013177,-12.325706079733324,-14.766667972785026,-86.2856221060658,-41.8878053364714,-43.510657775130056,-24.09029803784173
2845,-13.109287107101837,-16.300449532855293,20.70890933200943,27.7166158379888,-29.55385015922041,-13.859192835859076,-11.586612942652343,0.5974643116478967,-11.311507898941587,4.983799817698828,-70.93997388543468,-17.487594018001047,-20.661752995181363,0.8687095409203487
2846,-8.764731735270617,-16.63405923527757,12.532769563337988,6.5661852618181005,-28.708673008173477,-16.18308521663452,-18.622288371799975,1.929439092408969,-15.030031347148194,10.33723800729743,2.322433322378407,-11.681293742760671,-7.619527312221597,4.69675090595291
2847,9.54476078412312,1.9265872525289027,16.464459788674045,15.815783922015624,-4.194470554049413,3.215218222901035,19.273790358754127,20.227684063804773,-0.9486253377585362,-8.543736741551804,57.717679154388904,45.850028875494814,6.0688199204763205,32.47092686004088
2848,37.17415749240064,39.92651413915385,28.970027433399963,34.793172563697006,35.130766000306174,55.33425151830534,32.760686822698865,41.64537214756412,0.43761814021884415,2.5701492034292404,72.75007737507552,68.34878348699006,25.078420906320318,54.01751410077565
2849,47.32586377484702,64.28321769270633,29.411235191203758,27.37340069800513,66.86525391880957,80.75277942616266,37.63863331567129,50.0885238615928,18.136790274416068,26.803176990235972,75.39735466689191,86.9504172055669,17.917669462064136,42.96406721527367
2850,30.85370990561593,41.28066701916956,27.052982352323568,21.501164427031522,44.90946565349206,80.39990682431765,41.97100251333325,35.83704912655715,4.0408881967734755,-2.702221859382984,41.882465396453775,59.54575564609172,17.250096660845855,22.23789269158093
2851,3.5965918468632765,16.643581745051176,19.08962557501071,10.771129809934907,35.07425411884295,45.08566394136708,8.074854255569756,6.475219732131196,-13.320724781387284,-8.315046356719213,-6.292320386084912,17.491880866045513,7.166295609212688,-6.806449596088134
2852,-14.434355667777323,2.6500471572314757,1.984082284015166,11.67704519669936,26.132380485770984,26.921711753349417,1.7443718050199268,-1.4927219084881742,3.6764110856505323,5.750483676311528,-29.759692723166093,-26.76625567541783,-17.715042145359316,-34.24472048988082
2853,-37.26268834945028,-22.7176470116858,-6.584564713200059,-11.485768486013377,1.6767269987958295,-1.1223007715134585,-10.980928671035885,-26.320847031381163,-0.2761451211048298,-8.872754108416165,-57.876487395987894,-65.84816346420855,-13.989792054244818,-66.28091826647103
2854,-46.78779667100668,-32.13368230051897,-1.1587520609732394,8.0259134522278,1.1462467996253882,7.484248361173855,-8.248507671388335,-24.390554022879837,5.7101975645217,13.694809400848502,-93.36738344230777,-90.12424887651908,-22.888548550567073,-68.53260999877321
2855,-40.57672669769213,-32.24849823402446,9.230428781876222,7.8746692438790316,3.6813896188701865,6.257260255959482,6.814544680905016,-14.65108133637482,-7.541481827141044,-10.615419148228394,-101.46131543028747,-79.0107231802842,-29.899397327919228,-62.66255087037052
2856,-36.83869244215555,-29.361891543347035,2.9000939385974416,5.41998747470865,12.18614083215568,6.231523033302236,-1.2052493381657345,-37.70721340779231,7.9046226162181625,10.056264929618505,-87.38341322927263,-90.30646170285338,-24.218788122613418,-76.86078649753568
2857,-90.20147575201807,-71.58884386108176,-22.21186832045061,-26.872396426698025,-39.75684627290179,-41.173670035450826,-31.704406088206415,-48.91299422029497,0.07580306909265684,2.9789942252736967,-113.20059033197771,-122.31992309002872,-68.39126794389539,-107.19126069454687
2858,-65.61671281356718,-49.1420709105348,-2.0896884940257414,-3.8001735758483175,-13.417235583676504,-26.228402214932935,-15.845988912118942,-30.701042024371247,3.6579305297087443,5.436643883375007,-60.006001798957136,-110.91577755440237,-39.472283836115885,-65.21297217439401
2859,-35.272396323481885,-25.094125449835992,12.4319810870373,7.5171006483615495,-11.135274130074095,-18.672005218949234,3.138186636123117,-19.061273194542345,8.136662890306402,5.482232969084261,-68.99623927904223,-110.41247538900683,-34.61715999362147,-81.08866773040786
2860,0.5876950053855955,8.222780054857116,35.639990532927875,28.80989619253403,14.900419502731069,-0.8222855284246565,22.589342210284006,13.122507081145258,22.619148697222297,-1.6322849529600614,-26.361430814366315,-83.9627284881264,-27.946301153489237,-72.14115922415581
2861,25.802105749047925,39.275827614293036,48.445558282987925,59.42454504724493,31.834729888182345,27.887394028106833,49.31822691983767,31.042877732285376,-7.556981504847108,-0.3679905961110176,12.837889938399105,-49.70588510216696,-13.63518559340648,-50.951778037026195
2862,33.93450194747061,47.84803114075059,51.46611557956374,69.14399727353639,38.10378688148489,37.420255556326616,29.099135674551544,13.289266426421614,2.4474916645227736,2.7498038307745265,0.9786349576437239,-46.255727055232086,3.928910253991828,-26.944654629966337
2863,43.35304870474269,54.18251993082025,51.184114685600804,49.374278194975595,31.45628175498417,27.607418613610115,13.67374113748592,5.307911229331857,5.4254801377955095,1.6194030709316567,-24.66436935974101,-61.371940744536914,-1.8076087822610702,-27.16071895062221
2864,27.75858140988619,27.972242351925754,42.71114234450376,52.84982931409341,19.92777900499373,16.66477733422514,13.295645028798498,14.771898521927199,7.3509778847148075,9.230295423208199,-27.891372768592063,-61.95006907669286,-6.985077295777336,-40.99321655021542
2865,-0.9316773710833404,-2.0486780021602544,29.203692564286495,24.502689391800818,-9.851466894446347,-22.355852772760464,23.68503872153918,22.25646020279955,1.2723115800330254,0.6686596902844508,-32.95393838049728,-68.00295239061735,-31.198616587627743,-43.13220282267865
2866,0.6207664879863164,-2.75156343030581,36.81968240577263,45.7725735619199,6.432434314737263,-7.39065664560936,42.48806513665228,57.98664050136411,-3.2575330804939284,6.610335908284217,-27.145376652786428,-32.13393016222526,-17.575612519636,-22.737034311862935
2867,25.00443514562637,24.1950502607281,31.844426128931076,46.14531574516937,13.368458216787952,8.367769375218241,41.72869419285768,62.05090375420046,1.20668253047038,0.7479652886883449,13.151706849110074,-14.32560678435352,-26.585938491091586,-25.814804779206586
2868,40.165771835521355,36.15112335978271,45.56629079762888,59.6658457470158,32.30229306583885,14.595346924268089,74.02952314845558,67.88190746410058,0.7035592337234728,0.9574989374491576,74.15460411884254,25.539550508621097,-13.758291593537724,-7.781047397342206
2869,46.48067500531758,50.45859579206793,53.306246659739635,59.07543488484011,35.39997718183173,34.55449763497669,72.98452975232878,85.24735485312723,-7.49289218989004,-6.996053629369288,66.86203154348084,46.75371567218945,15.75189918193461,13.930076977908586
2870,50.9213166693373,43.22119573734636,57.21989800879977,48.61003664306593,44.677949139595086,37.046719014504006,49.397108485131675,50.9667290048353,-1.9695090561295145,4.763179590871616,67.9997180799016,51.179252502023814,19.825608380846273,15.442688551661776
2871,27.14738780104192,17.898126206173238,23.778248855614603,10.10045486600939,26.614465775014175,15.334767584021378,9.290411286020186,12.359027613008097,-9.253087357108287,-12.488239003116345,26.834847769868887,23.9799300388084,0.5884965332408575,2.176408394938317
2872,-10.40175647404967,-17.590324287768084,12.651687380276561,7.570569129646595,-19.510373473454976,-32.81889781758537,-22.45970597646488,-22.268862900564393,-13.562245511199778,8.428133712289247,39.147988023069665,-19.550448314248996,-23.872905267438284,-32.458935368476325
2873,36.75400417153609,43.663284718845524,25.97068174662225,34.097564511611964,16.312572538597887,34.778552617909654,4.665873335903604,11.469092018956704,16.642699105021467,28.97911897786234,91.70438696122626,38.73385455220634,52.07714810294498,40.66116743018758
2874,18.798733378003963,14.997400464972372,30.932211014330008,32.36466611789544,7.654049448946305,13.0485083914544,8.65797960778948,11.466410109768201,0.10064334022382582,-33.24444302128233,49.558808814747664,15.303349740766615,33.748298797813746,21.04555237913316
2875,21.01564865752024,10.79376289980917,29.978159908185052,23.98682084104016,-6.706514696251259,-2.3547751957478265,5.452008822182064,15.376131218463229,2.510033175117161,-13.709271209386394,54.21832064614476,38.423825118413184,33.906356106821775,24.292684830571943
2876,-12.285270682189237,-7.325491298903879,12.038708778904942,11.782337576918456,-19.905705968948656,-12.742558686738638,-5.71218745590461,0.02396872433110673,5.100081760778682,0.28961305872800036,32.44753835166265,22.3936759405351,15.859240548302505,15.869283901374656
2877,0.8558709354344516,-6.150878160304004,29.71446553700375,17.27187895785974,-8.28197232265663,-20.058288843988112,19.917100030634113,6.915962142848147,2.841005183448049,17.833596498186726,28.89487773797651,40.965815833573885,22.05027787633397,17.950264804310148
2878,10.250337807022705,11.91450204796576,25.802179571271893,37.14911884782066,7.381888908004234,-2.917128188712509,28.101911572470055,22.18085727669763,3.1173694052725316,-9.487270335389207,51.713882264346694,44.937891577380526,33.430816369386164,37.19395176399867
2879,-14.300809445561747,-14.627396285375328,-4.787692216138549,-10.209625773093276,6.4890579626038845,-16.18580111513771,1.107791215689545,-22.77527934111855,3.6244287044175416,-14.215220564701335,38.860657696925855,34.55456204345981,20.22425286097373,15.733070538661854
2880,-24.665387550049395,-24.6280554203902,-25.520636411560375,-25.893495503592366,3.662420626868344,-34.55810348660553,14.238172007688432,-14.802072960797133,-6.704303434226155,-15.297176317144318,20.46889850615537,13.710928108457178,3.766870304533041,-1.0666818569569425
2881,-27.023446525992526,-37.11866919721419,-21.989301676585203,-23.811700684405732,-7.178378705183239,-31.133212614210343,9.604246779537558,-20.785248345882685,-0.7266587524259727,5.1599000599262,-25.242692683786256,-6.431504846789193,7.117398226121386,3.7155210615542784
2882,-17.980455150728865,-15.386465827290621,-38.587602330287446,-35.24992469607608,-15.73443717991266,-43.50345988337417,-22.112294395996333,-38.99017453016622,9.202303392012041,-5.300714666598331,-61.86428857455793,-38.48274531905296,-8.579584280513258,0.8558552532433623
2883,-11.994333051411504,-19.87356586813259,-32.193471624510835,-30.399277095606344,-33.3837895010216,-53.07863454096959,-30.952874678814787,-45.74205049161551,5.528933543679128,4.833953939116447,-77.56639606811162,-61.86071362232648,-13.551750570891837,-21.21833088563379
2884,0.37675718560190047,1.1691472807585765,-14.226786081808457,-16.584670686494302,-36.25939534812353,-43.21581687917457,-24.800826584423483,-23.849608238792207,1.2280611407110014,-8.258324159362417,-69.10003751004545,-54.83582244812803,-19.856937023487134,-25.392726858624656
2885,11.384630436713651,-2.1528639326949848,-22.598788007163282,-11.852903455638668,-31.52208663136869,-34.785401503413325,-31.418041623641134,-23.124413554807898,-4.478252349613879,-1.0972662935355815,-61.74863204899741,-52.534430605033734,-30.542188033583713,-40.601654463804316
2886,39.15636535113849,21.758204542129445,-12.959390976538316,-17.236371758944426,-20.0567690669955,-23.704938815239764,-18.681566741558218,-7.593439452625162,-19.166817133296906,-6.016283770045698,-51.55545081789608,-36.15109129610658,-48.565464443768256,-47.22395368592186
2887,27.803700599821823,25.16033962421251,-2.424430910698067,-4.221227079927586,-9.02318790145332,-9.458558678697807,20.315109415084162,22.170217271316833,1.266458326514088,-6.67806645453697,3.423807984964631,-5.082570557616102,-44.86551564148504,-28.58811551495346
2888,30.859084125375812,24.083889889026512,-0.6327800143183758,-6.205727882387496,3.594661384185139,12.041002510906036,13.101779154155448,23.71771373629333,-4.645861350217859,-5.774697918926057,18.800080155765073,21.3958701132947,-32.35109513699137,-7.599221169896098
2889,21.41250154320623,20.30346805953279,-5.958880256792657,-5.929736774237347,-10.311832811282857,7.967067784235487,-8.256736282387054,1.405189446787174,-16.896683836995326,-3.2673796366626133,35.056731346359705,38.65921226453107,-20.551092655181662,13.51171652216875
2890,-11.880208933390211,0.3715374900088868,-36.48770827271116,-28.003859481462385,-21.080152313048814,-10.245071434554287,-45.942672057843126,-36.24744817807508,-6.985919450995968,-6.846603971612053,-3.4897821630358536,20.139902240756232,-28.509422604520754,-2.191827439746847
2891,-87.42198348864379,-70.39344727807566,-86.92312735323155,-76.7547828702736,-87.90979877501987,-83.746316089216,-82.81362383900039,-90.33609233381614,-10.375072481423127,-11.389013142915655,-30.023413344805753,-35.607481166669054,-63.704339675692864,-39.95410273176307
2892,-36.13111421448274,-30.368367655036764,-40.010475808519345,-33.89903103518918,-48.472263801620194,-35.26703236244496,-49.561315943835424,-51.89362036578931,-13.68311199756066,1.3128945385840574,29.27939173303899,-2.5704962964285634,-14.998278713225762,4.263482001758197
2893,-25.330483131747577,-16.948570874412113,-11.889005877538892,-14.16433131742471,-5.3009351620637135,4.5757972650404986,-4.546938364381452,-13.644044449410723,9.797602931984171,-1.2170069025669559,42.28244994222291,32.00847388923417,-1.8617737162794523,23.638782496071
2894,-9.123113048737483,-6.942975011521339,17.117517767037846,6.200885974169275,18.91246439064878,14.672091781786914,33.948338785399706,28.923868295141904,-10.477531729219857,-2.892603856117943,51.13427583779226,30.82855944524923,-0.8235076721967107,10.812540923966305
2895,11.360738612611753,9.445633885955989,45.724257021983895,33.26495989125506,51.534159241850794,46.49922531609882,52.493887709018836,39.138075268220675,-0.9721985716415856,16.805448790597353,16.549216457671854,22.670345884835022,0.1617172769693149,-8.873722287431148
2896,40.6535040071074,28.978768614608263,66.12675827661026,53.723090955917534,62.67028752504986,60.86475855282639,46.79684298199423,34.36396061732906,1.199404006853306,-5.617581689342347,8.084861190595406,6.016214739949325,-1.6417771170738336,-10.687509561579477
2897,55.47271516407626,48.760463265456266,44.598792783497295,42.12564870625857,50.789511821851974,46.45523786345222,21.467937194746778,33.46057066723552,-6.755492070924647,-5.46471879648518,-1.7991719756994797,7.455176427509719,0.10869245011367266,0.6643795625016654
2898,1.7887483225703984,-6.707922122253456,4.698114128598462,-1.2638725730247657,5.185440886793579,-11.363698490318454,-24.69682546045365,-12.047610651561927,-4.849763748140109,-6.122880882827346,-36.80295856873272,-23.72389005101214,-12.544137454361165,-10.713141527456559
2899,-10.547923734938625,-18.650594078522936,-6.208048093814733,-17.131986466323077,-19.242788422500265,-25.1906272129718,-34.70790161083093,-24.596422505626624,8.176411522469598,21.33519937366199,-48.51411277124532,-24.288248995218787,16.624905162978916,19.16463525670824
2900,-2.695654017039463,-10.415733021395456,-4.049456504212323,-2.3506683519594067,-18.032989240034556,-12.524319619713484,-21.8451177090467,-12.940545478551295,12.84041109029729,13.360490986309381,-39.87963660256397,-0.8710903669077358,26.0558023420888,31.733590606047986
2901,-1.2960547096965742,-13.03776332202294,-16.207273800049414,-26.47466272021117,-18.24779595190946,-19.31059670646896,-35.55109239024203,-24.896280500953765,10.55056722442879,4.307358637642355,-13.517688959886078,-9.295954568979182,26.462940726879182,32.47792787271799
2902,18.650125671702913,1.1180406188350793,9.757825038050832,-1.3687555555572772,-0.4203616864788313,-0.9322016075544498,-5.508132336311506,-8.604888078420675,5.865900971879434,12.97088732934411,11.818381972293933,2.296184534278677,50.3382806585975,42.03646063540895
2903,16.868883987934947,9.354528894048434,13.653372725782155,26.734796816053723,5.398295089449666,10.794377289257179,-10.050518523066406,-1.9531391549791788,18.06070070827029,9.291422390154779,21.33268321830902,16.627620261158885,69.34890769425944,64.4676917619597
2904,31.578864536493402,19.207272969974404,-1.5700086899078907,4.711528166268964,3.758327299369024,13.718265740916138,-20.472429905662928,-5.448496521295382,17.5668868720016,12.836784485978217,4.390569022473244,2.7953508234334743,61.41515966682372,47.269568037649236
2905,-13.506971382962664,-16.71313177028043,-23.63434243690592,-16.85775409282882,-40.774166629103846,-26.13580130074319,-30.28253447066061,-13.422749689419984,4.272263727936408,6.927134264934385,-42.42685489712981,-37.75719884270544,10.122716005396075,9.030665476221357
2906,2.3339255525064786,1.9762369793707801,-8.585622844603941,-8.56078155763998,-26.435180575543463,-14.373670449496716,-20.161365450129892,-10.814169520179751,2.5627851927846534,19.882161295172047,-38.31745720436657,-43.70875886792704,21.929372828062476,29.12475485138244
2907,8.528735410274594,7.238819429958543,12.224459704850316,31.942286767179727,12.023143076831458,21.067499385456593,7.321365073338763,25.768779489125347,-0.8756890958082385,9.258323781400051,-6.217499062502281,-6.034483126947567,35.534949879900864,45.21990612801315
2908,29.61248974322096,19.850030789144856,12.4812095521046,6.4343814004313655,35.84986537999367,35.3446948283256,11.757115752004092,31.43074944770897,6.277956131658421,37.412119115270855,34.792194207638325,3.7876794156641345,60.02694375752074,67.5670324045473
2909,37.624699585922386,25.08984737623962,19.450309872423755,26.64631477950954,50.36246478311328,51.01379003442544,10.774015322396428,32.97821875807616,7.941739446450581,11.184170861845308,50.51102609865625,17.61985919659092,70.31989488617049,67.19557301586345
2910,27.04205670134239,24.769582443900575,28.42674880481896,22.475327755254977,60.09084063400091,61.83722604941938,9.6842994905102,27.590577672662885,4.045303179000933,14.15783494044424,49.57226923506585,12.756440922561298,77.19894369872392,50.62314679810899
2911,18.95315688130209,27.001135753686526,22.59678489700273,25.969719732891274,53.36975763455664,53.240195436731874,20.539203225711308,40.852404424119115,0.42625802400669305,0.907187264406089,33.3634217560697,10.87837913432086,57.66095710137237,29.02175064128282
2912,8.868744318920202,9.213039612707638,1.603173899764191,17.810787493506098,45.01833613101388,29.284534660845193,-3.562422722503915,17.68332559991713,2.0853432204624958,3.831937662415557,60.67931380987296,5.413609793441022,48.90987925338532,13.112727455225995
2913,-62.79593887683146,-45.74357575635197,-47.04455131551,-32.185381021362524,-41.89447781342846,-42.7793756708859,-32.31469762535208,-27.314787879127124,9.813793785890665,3.6485118646075807,-5.0664759955487195,-27.281160868002623,-15.178319664494959,-40.164618233123974
2914,-32.24185447920024,-23.938866640084356,-44.18575764684598,-30.791435223394593,-51.43853033867548,-45.44565938103238,-23.927970469833888,-36.489085450082136,-0.8011966469225508,-0.24508742285137908,23.96027878007221,-11.091083180552026,-10.621954429834629,-12.393221902436727
2915,-13.353275009334688,-15.013617342512823,-41.665524204081684,-30.804357623760616,-40.21773836290521,-48.10276237714415,-23.968674787914114,-23.09439400214895,11.601653166107235,-7.420093040970345,23.578154236686103,-0.051305661091546995,-7.226785117613202,-17.84267484815071
2916,-18.158535789693033,-11.966161286525033,-39.50989586131053,-40.726253060195695,-43.49891573464968,-38.51496436708279,2.418873445675518,-3.304168599117071,-7.94542041795011,-12.859272976076028,-1.3782003035321573,6.34048267133574,-20.033527756878392,-21.529578127669723
2917,-3.200713274114038,11.140894476689233,-5.288877074544454,-13.634866151960251,-18.17887340770612,-7.235535607098556,13.846901430397072,19.422115200158228,-7.312113778878114,-7.530088536700185,4.117787566921781,26.2251847495927,-25.033633650768287,-5.172348788074728
2918,-10.231277430131152,7.009323811348964,-20.020281316096977,-10.789267304637939,6.607749431415993,10.136285418209782,33.394210935368854,34.73330079119303,-10.378616656958206,-2.049535111032566,51.718052628352524,52.050548258954535,-32.022996149538635,-5.988971943696987
2919,-26.802169204021702,-28.879170807466075,-20.835210067624054,-10.327546578805082,-8.79284216087138,-9.746134168925355,21.896629535511238,17.098054912947127,-16.62253054306095,-7.457569574328539,1.5271211491862555,23.659880164823385,-49.580920891128194,-39.24266404974231
2920,-77.36335962695597,-73.23495545900059,-25.117300211639208,-12.266191208627404,-50.58382264399023,-61.13931873499565,7.482082189406664,-0.8730321144616887,-11.946812091393971,-20.358712425849028,-42.242563689389186,-28.87170430141528,-86.94280709345966,-63.101285900720136
2921,-53.914739677396334,-51.038823186417076,17.24301078637735,15.825061642106444,-20.90845250924961,-29.49546273216677,55.28860492857052,51.459653575610886,-16.702185122193885,-19.252383287090737,-10.604669141983926,-2.202375541478866,-66.34203986589566,-41.59437551878654
2922,-25.12623981093899,-36.03848922578624,36.58996155124904,25.63454303221488,7.95464986986636,-6.151877084177369,75.15874347182674,65.79771730294883,-4.127069130756927,-21.45354074766656,43.559922394996384,33.37091142283262,-33.871149844812734,-14.33582541092307
2923,-15.77701602400165,-19.701493074332085,31.114820149730793,24.615419951257753,6.922503808492512,6.189654932201496,60.541136479827394,65.82418145204858,-25.137759667590345,-7.072621462870828,37.98996011298016,35.25687472488523,-17.524494953577786,-2.3613518748537894
2924,12.913976997452544,2.452407239015134,2.741342054222659,10.748242688865151,31.710362936852757,26.397380227386627,49.26023529157852,56.847124244222925,5.055224716645902,-1.4439605587150361,96.49256711938644,63.99402790214049,13.870691533201843,16.724493941818835
2925,-12.451606500126246,-15.599621936160355,1.1875145716559352,-2.898239376069694,24.329475106411973,11.700201060680683,25.22932177666474,36.77694198323287,-6.1471703311825365,-13.009397876051445,59.74090082843007,45.841466234325736,0.5133902357581918,-3.802436811200907
2926,-35.85756026808849,-38.85522917747407,-19.6317681989177,-22.13317957094531,3.8079442476559584,-1.7441486507960509,6.057218594027587,1.2504077827303604,-3.564480204309557,-5.1296404216266085,-1.081380554815194,12.175599667988386,-18.233627815092042,-27.86667602534503
2927,-53.288103729371166,-52.923020146001534,-33.8290557632854,-44.58235993333599,-9.854963688814465,-28.63823600688436,-9.170926742843408,-7.29773696142976,-5.973166894520126,-7.082245411703601,-31.872225864979164,-7.288394866474799,-53.54274420033362,-58.56217584820026
2928,-57.78342823612132,-59.73683647468514,-51.9217138378718,-49.41012150284082,-32.887684420214796,-46.64782417743452,-20.177474777202487,-22.110531326300624,-18.596295451447848,-32.15575843172748,-59.59952728161001,-21.93794255694121,-91.84629811848782,-68.7891646834818
2929,-69.24780505438885,-60.83193495465326,-60.47678916787851,-66.85626521805757,-77.29694373475753,-66.69083601865178,-44.51125882076282,-50.02779464790518,-24.270357363859308,-7.278723062156214,-105.8940511180222,-27.15834535844145,-104.27621585610679,-60.9405761207692
2930,-91.83885646287759,-93.10420194728007,-84.64575016830412,-80.06393068025423,-100.66924460663851,-88.49803377077903,-81.42385635479027,-89.67266622127406,-7.716322052005842,-7.88937407773537,-135.67116281087357,-51.01550154430234,-103.07197977210295,-68.25010278909012
2931,-101.08512580198398,-113.65573732664086,-92.25461065637093,-98.05934591825473,-109.55207337710925,-99.88016104279929,-75.75785622793576,-92.65789323499976,-10.111931687335545,1.3049074777333174,-153.36034997071908,-78.76687299710844,-95.99483786046454,-81.15075569580337
2932,-107.5830818789826,-102.11603109426282,-75.64262413560202,-76.26071346141367,-105.49084389629152,-85.27582825835997,-61.00135272342209,-66.31084809848883,-9.67589379191008,-9.525394493471055,-146.29765265546993,-81.50449317410185,-80.54368563698716,-70.09364813092303
2933,-80.00449228313472,-80.44860072176434,-45.03153896418511,-35.074740979419225,-73.4078575709075,-65.49083749883778,-50.2796002760535,-44.18076337371443,-0.7649115457127742,-0.10952639782736107,-114.69508812049608,-65.46955611762554,-60.475641966028356,-50.29582131287725
2934,-52.56104739299915,-59.237712088142914,-12.449103853751533,-26.684341533041852,-53.93349503360292,-45.67411241344556,-26.264004829271073,-21.137342312999003,-9.030753640378721,-15.983415829686002,-86.16044897048627,-43.096687978323416,-44.49976275135993,-37.442702795581994
2935,-80.23409792160102,-83.90557546166919,-38.971294554639876,-56.41054207232616,-66.10047581600786,-64.00697399072455,-48.722332815477884,-39.6191332770896,-6.724211706812924,-3.073996719518378,-105.9153613905706,-65.66137480507048,-71.32761014811251,-63.58245018257258
2936,-60.71011240472025,-74.9519577933821,-24.54700207303935,-33.80303728652774,-64.66359854384038,-77.69952683037955,-50.811917707751086,-32.97216062165107,-10.520634953848047,-16.996953108498335,-117.23823687208899,-74.44625550511311,-75.0142181621359,-60.66055614844965
2937,-14.241768022382635,-32.91967852303747,38.37592844774085,31.96296672070287,-25.848390191061316,-23.71188897304611,7.427932081021987,20.990057735614215,-1.7566582626940555,-19.049212233807584,-60.55078853322878,-36.838764258169086,-34.772812869505145,-16.572542779361136
2938,36.795171722905515,30.954247959966622,94.0181386297304,86.76093057714199,20.026697841703363,36.933368193320916,29.710756884096895,61.43847546078941,4.052646914030919,-4.783851403657605,-49.32027570324058,-1.1670720880644712,3.6996676860760123,17.28480650247381
2939,79.6626738102976,74.22837364187055,108.96072621993513,86.5071210752627,46.440091648729705,60.20325535825362,36.55557821412247,71.15656880817002,11.847768367159716,-7.051692799984317,-2.9939378048756335,21.425418187464984,16.765383230272832,31.634489553707738
2940,117.51468861212796,123.08328571900111,127.19846521035082,119.51366948531864,111.42449783020744,115.72858747319648,68.14482305595446,111.50495450586413,7.771170435717299,16.94968648732685,65.56107003232884,76.0074408827672,34.54559957095009,50.69584028755633
2941,124.56650936866984,137.1185088905447,116.2594700609012,112.81051547480186,110.15465857142142,133.37634534678028,68.14088605041238,93.92910474191879,2.836551278513491,7.606527165718941,87.0069699853091,96.2854246689014,36.52335547414973,42.21934924975656
2942,113.8272522262923,108.06053373076269,81.30789831378613,79.33382947389649,118.62755516398839,119.80978897935391,70.1133885344818,77.71973621270814,7.68109533014061,-4.931934431698372,113.44270943841278,102.3604110329104,23.130065256128937,42.469608305937136
2943,75.46938306172393,63.63374003208048,42.20415739824283,37.67212326028404,98.06297023313842,104.00061271813718,50.94658357403056,61.16093878461099,1.4974647702247006,4.252016678214137,94.22351327620386,85.95262465815543,16.22857411466996,17.76017516226457
2944,1.680144327889951,-1.3941996159863108,1.1546979673621969,-7.629214860402874,32.49956154476496,29.40540417751019,27.672195171899013,33.035095542994526,-6.931868462608972,-17.013776113054895,56.67519560805887,40.268969254364734,-13.924586726191782,1.367207529980804
2945,25.566946043482062,8.792915028055507,38.50147707312933,36.20880891479362,48.26469977805151,50.2922119660127,79.0790351451908,78.82799368054293,-9.17853312785879,-6.562578485800942,84.95259232022396,74.62142292881326,18.985705215042856,25.915964865084167
2946,60.15506580759341,42.609688113044754,58.113625550427194,36.75793902073331,74.07359089610036,58.86245315945197,87.07378256051638,80.48293107155818,2.6561487361030545,3.977141901781172,97.44474267102333,79.4735445537399,65.62785152858903,44.86345529747212
2947,39.102695695666526,18.29406413325914,47.05945208827787,40.637125118169266,59.484525561180746,44.615346427469795,57.70963341668783,65.99100624403033,6.1498520870677735,1.4338954440438307,55.88539972319839,39.783973566559375,47.62519260109215,23.56911529606682
2948,114.8163566691995,105.29461004495144,84.90324341003172,56.5468867629269,124.67418584891573,116.65651057644519,82.98220794808516,75.71485461649173,9.633166696787164,4.344219036522482,145.42213452742226,92.85514942209926,70.31522347619452,45.67090046826509
2949,99.89812420587995,101.39768905746868,84.70318036707032,61.99672938591314,112.57563997142296,112.36253224508788,65.44273553764766,64.35956836447882,-1.2883329346080579,12.74087394524274,132.1010273806498,108.67091679188981,50.52124781367125,53.401603545126065
2950,77.48409506463697,69.80424086539765,37.53238531780535,20.12495353030629,78.48642509098207,75.8420490564121,41.76867844007707,53.58875583121369,7.127313797243613,-1.109612151050936,119.19354299325774,93.72565503745946,27.421389767799518,32.093669879398284
2951,96.57268082714819,84.51682036392548,22.75706225805587,20.388904994549357,85.58753019757702,87.14778055841448,58.58966029625656,54.82985661892692,11.012382868910656,0.06590340648961401,136.76371485926626,106.2361246585595,48.47729712287411,63.71701646492294
2952,54.951555886344025,40.95952825114305,13.060537814562771,5.505536308500718,68.56526633928677,64.48901630878315,22.26287084200865,26.178621379004863,0.8854449022459653,-14.966364099250772,114.78157287468545,92.78042991625163,48.929852851721535,59.248212200033954
2953,3.2517982895252993,-16.5034830748854,-20.409927399968886,-30.508026972769166,26.91062686060191,17.33773198517432,9.84140904471467,6.262015777359172,14.541589656552146,-1.5716156633535159,82.92254330228091,56.38546534498077,42.572052227191094,43.077799693311626
2954,-22.579986395014036,-29.188055335082588,-20.634949224806885,-25.90998671442091,9.793506382334245,-17.60816579779986,13.243632379719243,7.737619485678019,-0.8724814886253469,-0.4024168077897315,35.637922781196295,26.959258419925515,25.696157602495916,14.231820109491407
2955,-34.477883405402935,-40.47005977571705,-35.65120652975708,-31.63537970553236,-14.704147288369807,-32.77293984961448,-16.52191070530533,-24.373401520431493,12.591532790763816,1.3562129307448458,-7.876058253581348,8.108887700267946,15.163473617300987,-4.27620994770244
2956,-31.176990547899365,-38.09156590419042,-38.91743565012832,-44.73316910265555,-15.873081544596241,-37.48125876741858,-19.452943726777583,-30.664405514529033,2.888196046880965,-2.0578307194414736,-13.397041483547254,-12.524040973641526,5.447918451249535,-15.97814911954913
2957,-22.01257150033039,-37.335355423036134,-42.06392128700046,-49.31385724595682,-13.7286063613263,-36.84546597009224,-23.956970515644294,-33.70625762548814,10.097142744199122,-6.819710463858968,-27.133755007295626,-34.50119728823981,-9.317728014338169,-24.308420044354182
2958,-17.623466305439237,-18.624330965813062,-48.484224060122216,-39.06592593187975,-12.808778324932153,-34.377378925282294,-22.984589298002295,-37.71997446420303,9.29145873536128,4.119454442556598,-9.290628865322912,-31.16253838024326,-1.1200114979406637,-14.787232189509815
2959,-28.17392898657121,-25.83625759670274,-44.02045212371766,-30.787951821455977,-22.76936993075637,-36.659855792413374,-28.65111706281408,-36.83440712847211,8.867248273219435,1.2169178722433194,1.1204955550376834,-26.139141769657435,9.018431373239348,-4.450740166678551
2960,-29.354498345235488,-22.116116248311396,-42.97823617095556,-38.68517786112277,-24.249390701082394,-41.75428321634225,-20.487770826581535,-29.42963276200187,12.478091664681239,2.0768729387661744,21.42898252879553,-22.847881064012434,16.343617804688616,9.727036962950693
2961,3.684406355909525,-5.2542995199943245,-25.456533244019933,-15.814565883123045,-19.049822211483356,-23.908224826937378,6.440093511520551,-6.97999874323543,5.737618183400713,-11.333549478208012,38.93616967997985,13.88430000893881,19.87025087884407,16.788972407483303
2962,-11.865673272998226,-2.948562886439765,-12.804896152984403,-0.29894475939195475,-31.194769731317347,-31.89774946647691,-14.856436118053022,-13.024402306068385,-2.452222758055333,6.0631786042973195,62.0672544366237,20.479497274131045,23.00008925455921,30.120124536737084
2963,20.133176278985736,21.756483075166567,13.162545993825917,20.03938214187478,-10.446400867202607,-13.495438573253024,-4.148067477204004,-7.841269265910148,-1.741114834574291,4.453938236197194,46.502692096256524,21.12804554846968,31.471387369652096,25.725470673189566
2964,19.497170663870623,29.38447858573673,8.722733051035211,11.608740681627475,-8.141704053035985,-6.5282423910234915,-19.611269697614578,-18.140962469109475,-3.0090626514139114,-4.724473415628236,56.83548656980245,15.383133697873326,15.004052948258325,18.83309697698076
2965,48.576346497519836,56.66487920205898,21.559945267216563,33.58249458150797,19.619094693609597,25.385216756879366,6.261225290212692,5.603696582311004,1.918814036958015,9.655451647234553,87.88481450509728,41.06033190284993,34.683839805301126,39.43435884159698
2966,49.24268100181485,64.99195233851076,27.263578564847666,39.59016511603763,28.627379850696734,40.409344127879805,9.991048912511717,17.3595510114508,-3.581201007613167,10.869771225072551,96.25319628114636,61.69531775136607,37.848117368416894,47.22976919442697
2967,45.5909425232634,54.13584184987017,24.27571984248635,28.854944038997655,24.407671744974536,26.484993787783143,12.554082117779403,6.426053745472585,-1.4326319701845083,-3.4311874828091256,66.82202786275391,33.434308748017656,44.40972337964067,38.82571072351124
2968,54.85858400966937,64.97864584704992,27.427814448294853,44.49855818541433,20.86343573041546,52.352838234377806,5.076317310963252,11.48197197950708,-4.05321322848329,-10.307100408868042,41.138868742761744,20.201820730198268,60.94298992979531,41.76741826636199
2969,58.87784607227905,59.24442964567853,44.08120536395773,53.907953412588256,23.32648083516515,46.508234828252135,7.258288003477996,16.317167957854572,8.893112650521237,12.226755937611191,27.80497995950025,7.013912287996757,38.912934837879796,24.161952550456547
2970,67.91360839383334,75.65046296386278,43.309302944352204,62.69638693971632,29.804836396053425,46.53085630182445,21.344976716919092,31.19916033434891,6.677463944027926,10.774574130418703,10.464359660647789,3.8968400549573365,17.522647997674824,4.8638971263950745
2971,70.99238076583137,74.37985653339118,44.48516486068359,49.153656829166756,25.611836951527522,34.79221578779622,23.190112364584564,41.70799573670286,0.6836447562515021,2.569689520885027,27.85558681296489,10.576652724022491,2.7911219566859247,2.5610300741266387
2972,57.04059780268355,70.19326116745695,43.06068808264906,49.55864095787813,29.854565682732986,33.405224459382616,23.902023015448965,18.80307656594099,8.936804302098677,2.0076007813279135,32.39225779999343,4.1851408272239965,7.637540780984972,-6.13305473803689
2973,34.859154574549926,58.43507806935214,34.78608502528249,37.24011022032194,28.299002488837317,26.63136681027811,26.039389863779853,15.27445633197126,12.331477368729269,16.197640415256004,30.481328587670124,7.989764274450021,11.48528234582539,-2.5571664018540288
2974,33.52604179226052,47.133439652265544,29.04191846800418,23.300808406005366,33.74726187518726,28.590868177523976,29.904579549398616,28.74178119769875,9.312186831358224,10.073596431978515,63.02370410996315,14.861067779821212,17.614855585745474,-9.066127249602904
2975,35.11566013067368,36.28084996208275,26.163148116932263,14.897362635621693,41.608029069688996,43.187202451528165,20.07695012418631,7.648813243159809,19.442552049476344,9.843631508777456,34.673356646873245,17.958527155125825,17.72435142490903,-0.7788299184364685
2976,14.078694487547505,30.404181680488144,21.29462871625751,17.80424901707492,41.31961953759947,41.86191472616116,21.383362299757437,10.05239629406947,1.278008764738969,-0.8879031499414474,35.68035774392852,25.582234486347346,8.998868867259244,3.7556866265892834
2977,-15.721979152760278,-1.096415231662104,-4.5109747247169905,-13.316475047882978,2.787585506252525,15.574202887031944,-5.411180926077712,-17.113687953735763,1.3949939174012977,1.3438119527980592,-3.1495439786658284,2.1915580840283697,0.30180548453256206,-19.031087807124873
2978,-43.35566501738248,-23.348728749086142,-10.636679881844847,-13.351288118484815,-26.926843766606076,-9.865064266733722,-10.021419283709989,-23.312594550128274,4.660215632641988,14.598202977644897,-4.582109586891953,-5.045703668079123,-2.8482414422959788,-9.660474740272466
2979,-26.86712658601903,-18.586115397798853,-3.7352183676211674,-4.160149100677402,-9.886767162215431,12.592116130524687,6.81606224084207,-6.323310635365725,9.51522655360585,2.6508209921502734,26.617674394611193,4.538366415381477,33.03246413084104,22.6478556924852
2980,-13.749396579945321,3.9160045112079676,-7.43761095191558,-3.7629544192042843,3.99566550438014,32.83805275032716,0.17548936955884908,-2.004131587102469,9.107498952605155,6.351707297991657,45.69158666006592,31.141229956590152,37.91675548073142,33.14531098479395
2981,14.1126925669081,26.691457747425943,-6.502880950226593,-11.863892614598255,39.45882054709078,57.93564846894596,16.77814960966648,25.18198493019213,14.562788575729998,16.382441686150244,67.58786471107882,58.58582490176386,40.92601717439113,28.937851797316842
2982,27.249239087512827,43.870368696068425,16.99523806498009,-6.332048175606068,48.09361096410504,79.40763465592529,28.82992289287845,32.20035190717867,29.98103331188894,12.852808625970255,64.00883140779612,52.06248692445675,17.107287061252393,8.835508802063037
2983,11.685674391403488,34.29386803272364,16.03675392756932,3.620481057489614,54.86767253479198,79.47046347869586,34.31257243948942,23.51916075099354,-2.5645311246695086,-9.584621334137228,42.10023438653141,50.783616694792855,-0.4259779516770692,-16.38339737602299
2984,21.793595545311305,24.10625751456647,0.5433615407303597,-12.198467624039402,39.638956003995936,59.68306295436889,27.923159671243713,28.156854966390075,-8.11629047501023,0.3166246762088334,14.844888887513472,25.44236589288864,-20.362611112456804,-29.750014968632946
2985,-26.76581995823011,-11.577797891951478,-35.36565059897122,-44.37093190053892,-7.138029684093482,10.653030133900831,-5.502721949562036,-4.204920659567416,6.3559171240515475,-14.225834760225974,-42.13931021179421,-18.852033672930137,-59.255888094406444,-63.92367117712434
2986,-47.856115383386594,-34.727887873309754,-42.24595024583099,-33.14164792913912,-47.1233173853108,-30.641253667230046,-12.703122520153807,-17.850018630610485,7.415569538719187,-17.64466546329342,-107.93009602127428,-49.57963504491045,-58.56457641979395,-69.09094360790583
2987,-6.915596709910854,-8.37084312581222,-14.7137320396395,-18.37811476330944,-17.60798284774797,-6.450379628631853,1.0983177985990333,-0.9620370940166054,13.839215860440284,9.35433436829126,-45.42136330565087,-30.047488317137322,-14.657794607341,-33.057170716841085
2988,-62.05695022068656,-56.61206863038114,-22.041091555837486,-27.235229227412557,-82.8616652335206,-76.86839701421248,-23.889288086806427,-35.86380530755549,2.989105890452033,-7.66768088080413,-169.48363156852957,-103.1030123248286,-57.410117560181874,-63.71552074190171
2989,12.903062436024467,4.4219515194146375,43.18371549741622,33.28435831263751,-3.3714049318047903,-3.6884509776374133,37.24542040736984,39.80049060210929,6.771251234712788,-5.368510858618926,-56.699188595885076,-26.402048320829245,-29.490395852497898,-23.42106785276584
2990,39.91901375631723,33.33270410511011,81.45734217753859,71.06846180293316,34.284816855707504,30.92796952152781,44.84191832099695,58.28514549195078,-14.282454017434453,-6.413790197290216,10.979214721464588,28.715715642342428,-9.002279783713611,7.619385320483176
2991,25.557314583604352,18.551166511568667,96.9032345187577,85.15912904556035,43.696643786545955,43.01388251535609,52.0669535053895,60.151266279805974,-5.4743505057368225,-13.026765963726486,21.327955071471564,30.237688631929732,-21.15860080060019,6.443113554912509
2992,2.719947389495104,4.145428693799632,73.10912551500938,50.66579048184235,48.500766605312805,36.98003495249044,33.67718193156513,59.489403759094216,-6.521945251058708,-18.028565541745664,-5.644976741890854,28.516506030605658,-27.839811335082096,-2.777662371152912
2993,-13.140924927126264,-2.1977031768087256,44.172662415190295,38.28160528480478,26.79998619655258,16.078692285454796,23.147817933716997,33.75695616277992,-9.422405873743369,-8.604970679522935,-17.558641812528293,12.736685143118233,-24.391164896539294,-10.245792464406437
2994,-38.109326484806864,-27.7048366177351,6.58692403739344,6.111780390772,10.430945623909107,-10.155769934626298,2.1424308776007144,4.863844394745644,4.391158388899878,-4.274295292038308,-45.17139775517248,-23.7096823709357,-17.153543548347088,-22.693130328674048
2995,-59.40759296191956,-71.29815659496333,-37.23843903845346,-34.491149162315445,-33.63969532038836,-54.14884365627677,-16.747310188925415,-14.02785601286223,-5.524612445846535,-4.721433645562749,-104.03232607806115,-50.65977701778769,-21.005078494499738,-31.503661213390366
2996,-75.8629870324359,-81.94657883073296,-62.20946100826427,-61.896766422496974,-57.65241269523077,-80.0652630672325,-12.70012101665219,-32.97681765304559,-4.629351919086289,-10.42173585074693,-116.37399667029497,-58.53535195071301,-33.835805871171225,-41.84439991592938
2997,-89.60197519109254,-95.0730484831875,-79.77393528152434,-76.16777743063936,-69.6926107275572,-88.02256882128259,-27.721279522748222,-39.014064120858926,-7.239245616456695,-0.8995339657518208,-79.42046040049651,-57.06985334782169,-26.071652770731852,-37.23187845096065
2998,-91.23609936900621,-100.14407372174131,-91.6894314435828,-79.87830089214926,-70.95425051305739,-83.90661485523388,-39.57311067805337,-45.73360706311803,-7.872175908449836,-12.382574163192665,-104.49712098759362,-67.57984883058327,-49.64136936820253,-55.15069717052227
2999,-89.79399049374798,-95.10581964906055,-85.37760044043318,-83.17195115696899,-77.15208306092767,-83.35995383365764,-32.00347357681129,-38.14861919622377,0.18715906921560121,-19.70103735787394,-103.39348574101776,-64.93869671683491,-51.69113145772689,-56.51199435082639
3000,-62.19873834199643,-61.93093010249906,-77.71274627130515,-76.15404281806512,-73.01050497132002,-77.82200336756252,-42.61818491838277,-47.71592351380717,10.13419101739901,-6.30036106545802,-98.73214164394689,-67.70312911380502,-43.61440997738016,-42.21409568871615
3001,-29.270601972752974,-32.56823004314493,-57.61337756336989,-60.61597451348902,-62.18515809590214,-58.227830023601825,-31.66717506006659,-41.61201558557765,-9.324759555038598,-8.244214067796264,-79.57308596126828,-59.853786417537584,-40.2668729980882,-44.203509536954066
3002,-8.15953054015063,-7.152733595914229,-57.17579400375801,-59.368689774849436,-57.820295838225725,-61.30493347293389,-24.41965212764827,-31.420505923334407,-12.460751958771981,-0.14751419913503616,-74.98631029892009,-52.62883231117315,-54.21060283609542,-50.710829443963604
3003,30.05251286730281,31.752591162889907,-5.939207802764581,-25.104231382161153,-26.614323752468096,-22.594845777677367,2.698254958230337,-9.75560443339925,2.3035612840452986,5.37055727036278,-36.81160862340261,-33.26237411089207,-50.1688732738984,-43.23680577792547
3004,38.962334539743715,41.03664729275633,8.110117348564684,-3.4234220810300813,-12.285279077143272,10.32673180524409,3.2027411174913163,-0.017666601738845954,-16.02216171597045,5.941031675793384,-3.9506528214410723,-11.509879643032432,-30.769626610839502,-29.760872311121908
3005,43.73076492069845,35.01285620504307,8.005106079413537,-6.559173162909191,0.6939868434649759,10.874727535194753,4.715574241598824,-1.0211161570928726,3.34345877056805,-14.094082157174192,-28.61288428843698,-0.43115257195866735,-29.73740822425414,-30.05970363738437
3006,36.31104498191701,40.550951235697674,-5.808379398962807,-7.028914964711053,5.2514422508031995,22.660533606532727,-7.658770361063723,-4.617781558622734,-12.318672131302515,-9.92761327811704,-33.57189380894653,7.825094128154839,-36.671931746283946,-22.41924111694979
3007,31.062326267576868,37.45239747491169,13.834080179879237,-4.457006679012359,9.984414570051062,29.044758525430407,4.527595384815201,-0.6942589455563268,-4.464661292777272,-7.745472319764087,-59.45552898141766,-7.446388130025572,-28.999341300461023,-17.863006995926558
3008,31.16728398965891,31.542876911988778,-7.3874915789280635,2.4218909134054605,8.238758904487591,37.424794344460636,0.7466721028076433,6.323360230813959,9.17697972479233,9.43441804085533,-14.998887960219644,14.123473010192393,-13.001835666762663,-4.847763671796002
3009,3.5162188890199895,9.16048301812587,-4.578917875961637,-0.22783449790769428,3.2895412327397646,17.71472971049578,15.388512495452874,8.651130628821003,-11.242771149790789,-6.664516405578889,5.53770503762149,33.5604121137245,-6.66132040536783,13.583499344258474
3010,-5.786679082459477,-2.678895339468873,-20.979924463519563,-8.837273820230033,-18.478004627488392,-2.639764331657178,-18.916922827976496,-10.93491176378168,-1.9605427068769312,12.971610353256217,-2.652178526986016,16.15353286469362,10.642068380363334,14.694833505001805
3011,-30.027939536958016,-23.335857865780653,-26.258001621189155,-19.99765546869679,-37.17880265279131,-25.01315356798933,-28.199519004922568,-13.909192326046192,13.315860184915662,5.829280311499616,-4.86300948558899,1.5761020455878503,17.903221973716686,18.489551632310874
3012,-35.71296953757087,-27.335717530854986,-18.194317919227032,-10.510979919616286,-26.59959660815447,-22.270947879112747,-3.390255089976983,-0.8921988461769399,-0.8986723607938399,17.35771828432007,18.7719199985526,9.524937363009583,26.56702316466546,27.54115599644705
3013,-38.73982287424004,-27.756303337950335,-21.504200496680664,-11.87059132821196,-27.24914296360449,-27.179764684952183,-11.225467949596663,-5.427975219560062,3.3756393912368345,10.079808817445866,11.482800614778135,1.2127326747542762,34.60516734002083,18.78566588136763
3014,-50.03658940669529,-37.38883126746768,-29.954498420911747,-15.843380229732393,-40.8870603216421,-42.94404545650502,-44.363963756041244,-50.09291453864696,-4.462007562256463,9.37399866567645,-12.064417799257555,-24.803654673080604,28.035233290972272,11.88922958399873
3015,-13.027658018993089,-2.4128306804818287,-10.686714463306421,4.332498933824844,-33.14326351286742,-30.034812957913466,-44.81599118410334,-45.13110674773435,-5.068502050355485,-4.481149425782399,-15.185875110718582,-42.520113233590195,28.372024807182797,9.858655047807689
3016,-7.73836227771623,7.962911337351332,-0.9216584300710711,0.20403057913976064,-27.101313132765387,-21.702494421870078,-41.42889886599942,-36.442662497713954,-1.7922478680845586,-5.503808197309239,-7.348885945214864,-34.85737478513128,18.66222566039971,7.508907635907482
3017,15.531255827929925,15.391516107313153,-2.99538183438807,5.212268210867887,-14.704515665864694,-11.936352857966954,-41.51708406466644,-34.09817745673965,0.7360697501510964,-6.672650940132549,15.31732424744871,-10.649945214849144,31.061294098472413,26.640717185801748
3018,37.795122042741,24.096856166924287,-1.1230415658758341,4.634598862091283,-11.047043873106372,5.129137995420911,-54.776916990493596,-41.91466187987256,-7.318974372903104,-0.6848860019940908,27.971965719726974,11.3297905134812,32.62685189626361,38.357239888455766
3019,12.556271831740707,0.5170359869141583,-26.241180292964703,-17.259799992017264,-15.22553937276194,-17.865136580110523,-55.960311997012596,-49.89513094690893,-6.252078520308646,-1.88717919982225,14.166946177199215,3.750679354500029,11.109840097883366,25.396265815302954
3020,-15.651407241549656,-27.456854502097165,-46.574200264312374,-34.5541550710527,-53.02171844941395,-57.06323800244262,-72.01429566202579,-77.3682477636817,7.2491752130068905,-11.75858581543004,-14.288928654441325,-22.678310595003015,-21.67248676631374,2.0141917577285238
3021,26.89291069159962,11.710465300837097,-11.30101626440223,-8.247667922895348,-33.91970204883487,-24.45502736042253,-29.226843436816313,-44.04502236139273,-0.019458316229436907,1.800454122646008,20.802006194295824,28.74606315534167,5.294764727796688,31.263915328559882
3022,31.56303237273835,18.36257719752136,-15.092094339882472,-8.248455369134286,-9.130881969962806,-9.910504113617161,-20.6347946979399,-40.11664454817605,7.150306295717072,-5.479250387020232,46.99394669961485,35.04915862944549,21.10825858810159,50.0396973552279
3023,39.762251953419046,20.190436118958797,6.098673384567465,5.607797697362299,12.413570785988053,14.719485940442576,-5.78491189467559,-21.42487918704319,1.9992410359237596,4.75403803827696,49.69615215889094,48.0593274751345,41.640233518890355,59.345797686808574
3024,38.799718077428565,40.81086394110157,27.72235389546041,31.053058471353246,31.095869708659457,35.620426228570004,3.7310702805505125,16.559648976321444,5.934173119669474,8.951770530755377,38.16045035715118,46.682599693056694,54.878693920856,60.3592849514717
3025,25.729044627903303,30.261310870976786,38.02350315887879,31.141281819608356,36.69736628656243,37.36627994929286,14.928958068802928,20.620526033376905,13.198947429101977,17.240491316135714,47.21429640187127,39.750930291217486,49.96058339883654,51.75715048244022
3026,23.94262930114644,29.8898063072392,28.67793260135137,25.572327169270757,41.35301668175222,42.11042235082471,18.556922948927735,24.708388294037704,-5.410766520927438,1.9501626946372164,0.6611654035825625,35.25617921265198,26.733280492375606,27.83883395018158
3027,-3.5783334356595193,12.340062107468642,17.604066214615358,16.508988427858764,31.566871339327644,33.682645578584,31.16680758977443,36.880733827705534,-13.603634262707468,-1.8418414019635239,33.39077045190027,50.38335450784349,6.562361087432107,24.07627044815287
3028,-27.06512657333071,-25.076281458746,-10.07683504312354,-9.170918154047776,-20.2016367497778,-21.523628700685517,-17.43676320533237,-17.942273706224125,-23.47555971013413,-16.79414834901076,-13.64588126710945,10.228294063379591,-17.67822661955011,0.46919326398307376
3029,-63.80943234164142,-50.95978806076224,-18.558074300807153,-22.33652889514734,-37.86380707150834,-36.978665054782894,-20.745244864107313,-17.13053226323247,-20.80492588134986,3.7288841958810433,-25.873094080998026,17.419036326685507,-5.712583189691088,12.69714782924561
3030,-41.85075821898229,-52.295776986704546,-10.71601277101338,-15.583985435588897,-34.43414743587967,-53.54890544674931,-18.012837353457346,-24.77268685128692,-6.325252324197532,-4.662141566580974,13.345877712928953,22.305261735903386,-5.761388432569547,7.984070228693944
3031,-27.400066484536616,-18.850942603298805,-0.5449346372156784,-19.606683256888374,-28.671979813683116,-40.91606986030713,-14.412435296323377,-28.29646654761592,-11.428274549282975,-6.314196760808908,10.274824250693419,29.42653736829009,2.5598064171504427,19.844315569281168
3032,-32.38362886214714,-25.362751914715084,1.6260204529919478,-16.648977617933802,-44.40287629035452,-55.51116926425608,-29.903549096577287,-30.49295948435215,-5.427042037787387,-8.637438180027976,-11.75090348418001,-12.006220788099434,-1.0695752796166547,0.09888342690207369
3033,-52.8545817954238,-58.65787452741175,-2.314560831081152,-26.968972108653908,-44.79385162015769,-52.68975228083461,-15.563040896965381,-29.467045625610343,-6.456223255658084,-20.949077643956862,-31.295963743292607,-9.446769184154881,-19.55352535687803,-23.09509133928596
3034,-49.71429802934531,-50.15906410918865,4.559571461483151,-16.20225498175961,-34.077878844123816,-48.42405896464016,-1.199751615387525,-19.920396201356283,-14.536999627670028,-14.738322411962487,-34.043975365220334,-15.026517516531896,-20.409712685872243,-35.74574765884872
3035,-53.6137496013601,-60.30772268448502,-13.125804364929115,-22.974636330641715,-38.41731651070378,-47.97111149851919,-9.538408961632038,-18.99939768585822,-4.627309125641454,-15.011619202433499,-39.53957129590523,-26.8483681020881,-26.401449323008116,-38.559322414301015
3036,-64.5282341596606,-72.99783921522535,-19.174457878634893,-37.36529958190855,-30.19068281626372,-51.22277331788174,10.69378401340782,-13.678077040625855,-2.975093924279984,0.3609497011878986,-42.36711483901689,-24.04880098300018,-38.40811308865228,-38.354606895073424
3037,-85.52340402565216,-85.27057698598357,-49.05826801843079,-70.95337283612173,-46.58830162302654,-65.3610964126584,0.9532759770682071,-11.67268274500167,-0.07599971785361337,-30.222224867660852,-62.73930223559283,-16.672864264467474,-43.87843798097049,-37.348668435816386
3038,-72.50655010453062,-75.481567999091,-38.13997963239937,-55.605798381183675,-32.80512646904388,-38.48826313207404,29.703425774370967,25.450276696774743,-6.225057578947521,-4.305767568827868,-32.5825439226941,-3.2737973562526346,-44.10825403026868,-22.70194377997007
3039,-60.771261320286285,-73.17537457802716,-32.216923403800756,-65.92385122637421,-32.544661219176305,-19.732853867216317,18.921173400931114,12.516799849025842,-21.64792346571815,-8.720958549276427,-10.732569447255987,10.383556398820044,-32.74922248430332,-13.543010958094056
3040,-46.52432011150174,-65.60204440008738,-48.221181226363115,-53.49778269443617,-3.555927052129407,-1.9901298322314986,14.604164672970464,22.470463113698226,-0.16794649752673485,1.6464248134882453,15.112213194117665,30.295834594216988,-16.121840699884846,15.465059949691977
3041,-55.18058478994252,-70.93808084542904,-76.45949336410426,-76.31554086680012,-10.728988424113318,-17.406194542509972,-9.852483243351168,-18.519685882312714,1.6949991813177068,-4.502334942036917,25.418437342213746,29.850092563165862,-11.039498196970252,9.061985415478544
3042,-129.21313455470846,-125.24839874729889,-114.37800962519701,-110.74094185889282,-54.90876773378758,-72.64042217027955,-64.83210421418866,-56.51469579039251,-19.272875109849988,-4.511028777704116,-60.68558557336582,-35.43731599988214,-65.23220703218998,-53.43622905131524
3043,-114.27318626689504,-121.29279971052284,-123.03964165054357,-105.49786231815433,-88.75383265269997,-90.80146928387818,-48.34307969728744,-59.48501263814286,-15.972070568290292,-4.6226473194894115,-77.37816306623198,-66.13301010981485,-57.495147690033185,-45.90256423934666
3044,-32.47891843404932,-40.49906673363685,-38.68715687718717,-18.009956677506285,-21.419553311120566,-28.302398996051245,-8.820962882607564,0.2933712267702916,4.382922776449964,0.15797433738206212,-33.69426123739497,-23.524191573527496,4.756834667951454,12.67356906398292
3045,4.937638172727598,3.126937742478513,-7.1493484701441306,-5.141025165979179,-0.5817552895328199,6.379954493333915,-0.13970935952401906,12.368539230975118,-0.6418962222510035,-6.266071891444499,-50.32155470041917,-21.338440296518975,31.865302400034366,34.992520598639416
3046,80.32655060206187,84.24891422176685,41.151914451343494,41.92066029451733,52.47748620518626,65.72379322905314,14.043896470541966,59.93314185144571,10.719586683750954,16.52741610436911,-35.513551366007604,2.3057309215346944,64.49778712869718,60.10548690362725
3047,123.33049658545264,121.27925673836148,80.6160415608061,78.23460367152815,79.01634944319623,100.53373874084794,10.341347002773963,67.6849986689359,4.072097214583449,8.4726736718854,-47.42976185337977,7.737737404772771,68.82599605844715,69.55592526496174
3048,153.21167976562535,165.0940075056927,78.89306668993092,83.43804531476074,103.90467230407032,124.23983067126527,4.642211674650168,60.218434950795334,10.945561437025306,14.776285403470917,-15.211035517952691,19.38266250938241,69.64022339097792,51.98605164031021
3049,132.68256943075914,149.31395164439658,43.96997106675564,45.38874836700221,67.43288548384396,84.36296529590427,-31.52269944156431,25.79975934211135,-5.2381711848542105,5.241366953961977,-14.765868305849372,-7.957372651674455,38.547662967227055,24.942731899470427
3050,111.74358349722326,120.1663431992929,52.539198790298464,55.2573534192346,49.841333919836615,66.72772258988206,-20.33135005098191,10.182528595266863,-3.0412469137715257,-1.1498812042607687,-12.965419814313478,-8.97022686556005,30.00690541987844,28.653969268908078
3051,79.32034733526987,90.65073639316246,37.98145391101316,53.15725839059027,25.614078815788023,44.75282279715595,-11.078606428597508,-8.914304183783948,-7.2978990654769476,2.1299791562050627,-9.569341855009654,8.075626094057018,31.492563623726262,30.017658972846903
3052,41.33625497753661,42.28701395082319,37.04817682462865,53.51039337027568,16.442541057753836,17.762070796567762,-20.222593051795833,-0.9429483818451387,-11.36126936161339,11.074974472844655,-33.164918443861374,28.81859595972891,13.78343960874552,49.70104928418088
3053,-15.811817172611073,-20.54153902998911,14.19589530293401,40.36008210544009,-19.128662254249154,-9.837920432931018,-45.74987105494114,-42.616109344158076,2.2945210855572955,-2.522780649459691,-58.03739305509054,-3.107120714077915,8.98089543494008,40.563281250243364
3054,-23.848798866880003,-25.432280289436708,13.537289070946038,30.732449700848857,-9.073945081496442,-6.680084325806767,-34.48373991718343,-33.73627233081763,-6.454099341460089,4.177749142898578,-64.47668119116663,-3.461481401022704,11.782781780271906,39.09823012192109
3055,-33.38166361736548,-29.35188182922938,1.4521821545081866,31.508449832239833,-16.169472781534196,-6.941303119338133,-35.607442481233974,-21.937520693945523,-5.708676826178173,-2.988369627079045,-57.79835557421093,3.498619659515368,-3.990425111988392,25.494044190616147
3056,-23.018200245998642,-31.001592949761537,2.8104701407577015,17.310228567639438,-18.40966780752457,-19.436046850434014,-24.681397794006415,-17.835559595076074,-5.45398534762166,-4.049816362435348,-41.75449199127762,-3.621138271160694,11.799920992970122,33.869900931425256
3057,-25.928837267460942,-29.988816014737964,-9.21196987683449,14.521054166405317,-24.405272596162852,-13.225275706615495,-36.06384341743206,-29.40553724919161,0.6764349566716934,24.184603858499084,-35.70036756993429,-6.443032524823732,8.605880604437498,21.82822656118252
3058,-22.517595828861175,-14.311867256477587,-7.952957233458821,16.60525024245349,-25.667740439355715,-21.043905092182122,-28.207418892335195,-24.56767496397763,-2.023091658424599,1.0814643398080905,-39.02470435817291,-16.202771801598576,12.355061346821275,16.913913355016348
3059,-8.34589745486439,-4.458452096211696,-9.680315015662481,-11.958864779784715,-31.600334386145413,-36.841409780681225,-23.24212844364722,-28.794776663064688,-2.8405820026467623,13.32389488354875,-38.18120174318293,-34.76273250839996,31.10169352338572,28.63809085144604
3060,28.254513674664096,24.747432615210954,23.72129836595829,35.09098251452425,9.617765076824165,-7.740347537151164,3.685696415774563,7.87488680181612,16.68343245478778,32.607824125564356,43.657428027655115,-9.401638453863818,60.8952216453302,47.20113485627894
3061,40.1667193543455,48.76576163673364,21.566743223533575,37.8692014375811,20.35132773578583,13.42616299201673,-9.457912340018668,8.739171049144582,3.6536627769448864,23.27704975640975,35.450618955855184,-1.6381001673294147,74.84266507357869,59.325171430669805
3062,38.16863533460944,40.08512005855293,61.45815118711014,64.26607280325037,53.110650482833044,30.4628283681819,-2.752766755268815,12.182445584883137,28.750672479447545,34.63697095742451,73.00678402226936,-6.666871674761106,88.21439323872568,45.90116897534306
3063,-9.849624594546091,-6.900204107121613,-1.006907048930719,12.381555247530791,-5.262442162704438,-41.748512003842606,-23.839326733532516,-36.74983242518061,4.519355595077424,10.455329895852955,32.70904517900994,-19.049142179574307,70.05130385933542,33.624137574106335
3064,-0.49715673421723,0.05522002249311686,-2.1732583258111795,7.646587553441272,-14.316081510749825,-38.6952780377648,-23.621270172794034,-28.940996150531173,7.703281551315889,12.709803305007723,15.693171805639583,-28.836972632374327,52.32778595033906,23.688528651383447
3065,-67.71156458579469,-63.59454591532592,-25.200009959231092,-28.449319719830903,-66.22266132113621,-96.37154190537258,-49.15247212051254,-55.8440031030641,7.449802242051294,2.4433494128642854,-35.973231565795324,-59.69851545914238,18.99096541543596,-7.884619192189873
3066,-49.90205894409864,-50.72858986484505,-27.850541071004,-20.74270428563608,-66.79755170662274,-74.99009587282809,-41.15875879841217,-38.76324786539853,8.034434535201038,14.54694088647867,-19.358239905937236,-58.217150463332246,23.384200838917877,3.414037086207207
3067,-27.30559723245104,-30.802940165487698,-11.932176031786724,-16.751570264122606,-42.44798343680626,-68.51924114031719,-23.371500770347318,-47.12096934401073,9.550537851198703,14.415546894157053,-22.036199992958156,-48.33131033379003,34.39198318225156,1.7954184979819325
3068,-0.5203439008726983,-10.101928013329875,-22.27156154952502,-19.04236504266654,-38.26222649651927,-43.73250374488344,-27.907290590708925,-48.510864593866955,13.34411857923226,10.437973621262856,-5.747759780315699,-46.12583729203771,48.64716437383492,17.30710404627217
3069,-1.6397128914481707,-3.7305506464263356,-42.1081585362086,-37.114345966238844,-34.0167732653826,-44.74863313838524,-35.028249985503436,-52.745682151976396,6.112831824843032,20.345221189041656,-12.59688381389155,-57.73275653597419,57.90762485957991,17.330352066376125
3070,-12.15887589939763,-3.4250804733700333,-47.10564967508031,-53.92503413042679,-38.93975384704602,-42.039713700241954,-28.79271198750362,-59.299822785681464,17.95325937060699,14.368891685997145,12.642328324759685,-54.86077406031458,45.05150590820183,-2.4375708887801633
3071,-23.597033073802585,-9.188661823457885,-47.545811905143076,-42.330362819624625,-37.77709135108899,-45.42612261321507,-22.99264170459475,-56.44018328798908,16.352506029623086,18.889253031066524,19.786017758448693,-48.39709864328186,37.70770016034441,-6.904938973378444
3072,-43.40947778004489,-36.220814642867175,-50.5939628050515,-40.380267732113936,-35.6377312756302,-46.26598696050534,-23.354295037307985,-55.56764456491375,-1.019906588193719,10.758361063067694,3.283982166623036,-48.754355700313226,19.51208846759571,-26.224180837299812
3073,-66.03892942642916,-52.52470889698428,-57.37475710516921,-51.2813287380467,-40.3046095794638,-67.47296834211907,-37.88534571551064,-59.984664117023826,11.00038518206257,7.292207915995154,3.2207743263988915,-72.27819778161971,-12.943052572761824,-51.02869274469936
3074,-102.12157062685301,-95.32677181211051,-75.5793944586252,-69.53902675841194,-87.60564399922038,-108.49248318776861,-70.87005756645492,-82.23737332689738,-1.7998267928667862,-5.10628028288604,-100.60537662072066,-130.73530867144115,-83.25757343712358,-105.74755783655174
3075,-50.64842238726628,-56.80118256344781,-41.21714436862015,-41.496111433299376,-63.22666811959725,-84.94424700161487,-33.217160857448185,-48.21441581741156,-8.889049977763591,8.65588369435664,-107.64929602741913,-114.71421271602256,-58.786679739618314,-66.3313253932363
3076,-19.571544948615028,-25.613675053699094,-8.482929360267235,1.8235339311984986,-43.885510943871495,-46.62746098152092,-13.440223660527652,-13.305628566628346,-4.528529598949319,-6.875623181753852,-86.06439634913636,-94.499781816864,-36.21317772353835,-49.15859834786395
3077,38.52135995503877,25.813322543961572,32.7555288928478,36.05671633071026,-2.795481986959831,-7.371325985659076,19.035088913499205,25.615975777659237,0.364869906982386,-6.967853439711775,-22.683969431093608,-57.08090072035375,-9.99044653597819,-24.696484114714607
3078,75.35041903197553,58.95350848824837,66.22963140858259,64.74886073388987,35.19390597670728,26.706984149523155,52.903953919974356,57.36742313010825,3.6454402544524904,-11.239759012006594,22.653224044079643,-7.144803326004791,6.754571994979131,4.3004286731634105
3079,71.22659245351701,64.80880920908982,64.39334957133023,58.720356685239764,58.91854329116036,49.59264673593388,35.28347578864526,50.70356938162573,0.9042731605772154,2.342582942937483,49.221545292376916,27.91125938067652,9.58434332275914,13.833454536810192
3080,40.445892008404364,45.33975436609354,29.18006695900428,30.2034584165323,41.49505209619815,32.76976137794395,28.15885964069536,7.332769592692441,-5.263949656330309,-18.756176268789517,43.998882710672156,32.68554215390516,-4.646531436316463,2.5335022186068916
3081,-32.38992813540685,-22.77365297777563,-21.730781855143842,-17.754838278635454,-10.3379354768843,-19.06202993742424,-22.39805828218581,-31.79520448982813,-6.738333477471755,-25.004143045498253,-49.76972500973322,-30.26008854001581,-44.87701925287557,-56.68509332530132
3082,-53.34238961573189,-44.38532175596724,-35.391309424773034,-27.000410359553634,-43.21900307633346,-54.09868510866949,-23.331581625456092,-49.2667997076746,-9.500427094443621,-20.064596114622166,-68.1374726702781,-61.62743308827513,-59.28931609096357,-61.4644208266018
3083,-22.7366789339404,-31.18919045409015,-14.351935815079235,-15.067748927525631,-16.499764594665404,-24.91985571666958,-8.164235755989445,-29.70861088644147,1.206047699184776,-2.0259810130241753,-30.681520439076316,-32.1305493103032,-27.360172036600968,-31.47082303793187
3084,1.8807275764457339,-9.178451673971313,7.148616150746712,3.077603712352989,-12.303791162584284,-10.939092229764881,17.404966833437868,-14.749019645916373,-2.228278190530587,10.929530123871345,8.902787284643207,-8.872485914052715,-18.287311867772743,-7.6986964859480285
3085,41.74543532038428,26.475893266279687,37.9550016083204,32.021676410761664,31.243901825809626,16.377618069421462,59.616028166217724,18.88638479510014,1.8144513976119134,-1.266067982994743,49.048529609188144,21.7705147821654,7.429585785668134,19.96472643607144
3086,40.636327771384856,25.603227662657535,60.6509012528806,44.23380121582142,42.36695744867078,30.17496033803267,46.66225118572728,32.14833925993658,-3.2510756753151093,6.952596918173451,35.417401167714154,43.419750996822415,32.1606223723677,45.56119543883175
3087,27.985235624817765,22.843583376857456,70.77991587675432,52.582106438981356,60.54197321797862,57.52651455428224,59.67416172403797,46.70978889402664,-13.872366950149852,9.613611082504903,65.8080748747187,59.22622060142654,32.40198585414815,44.32139579897763
3088,18.03037322213228,18.06556273130822,45.59645539529603,41.3854990164264,55.57868286960331,54.373892818926656,54.3556425406019,46.5390466841186,2.8906148072058113,1.1316919639035907,38.884394793287996,66.58377218715721,22.07045792773929,34.38305314767724
3089,-29.372183070952133,-17.790953857563906,27.016152853202758,17.990706003179625,-9.939951920975222,10.880918328575037,-6.233333357218585,-0.19027751402751747,-10.037506469563558,-0.48566092162563823,-67.86427590536574,-4.784063075761272,-10.813505755407379,8.621551974055938
3090,-17.518392783124224,-4.510579771533521,48.867960675531094,38.501307282536125,2.9180104092334425,7.758018051591365,39.451551630979374,53.60590478329067,-11.255896679963136,-12.322597247741564,-30.13223350127674,18.798687732382323,7.316742907476468,20.967571047524675
3091,-11.091025260429042,-14.815490306203486,59.269772002960046,49.947033766423665,22.53787787437411,24.20830606710097,29.638897405320645,42.97542719561992,0.18922115570768927,-8.591577232354755,-32.99592416189478,-0.46975597355665144,-20.464100718598395,-4.157933337077441
3092,32.660433496133145,27.2263538921717,54.81582040886895,46.7618050124433,28.37407815284038,22.50993994400657,22.128240233984677,25.152977085623316,5.411494382408988,0.3797225991222106,26.263271934980594,-12.807022501154705,-2.7199771468453244,-15.266582143890549
3093,28.131855922654736,28.73487514288003,50.96591425679866,52.33133139306974,25.13807497187922,18.131237954890107,24.969907528343615,39.753190551398355,-18.115428714288278,-30.384569036620796,25.40065231716436,6.943253958683537,-8.762435634709078,-19.320855562390168
3094,28.25922933304759,47.750510741079026,65.03282943817904,69.40266819915755,26.29583959651213,24.7946314749557,29.65237647282018,32.46068831832248,1.5343205477425164,6.906760734902781,26.83449990490987,11.994652034048094,-7.83569619101577,-7.92845921955734
3095,-36.32792512983701,-29.293646700531916,15.436750021000611,33.15615939599132,-19.61547905003942,-19.54009989368048,-4.179571046150871,12.152230048642583,-0.16325584333257703,1.7988736162589907,-8.671896176514114,-34.276637798092814,-51.420501186942985,-54.50227162424283
3096,-24.089226893497248,-36.35843875578233,37.49340108857441,42.085070893954864,-24.96495236878845,-27.099870833974755,26.07540673366784,40.825065628401845,-0.788039408813523,0.6561173436719772,2.997530435147845,-6.7793119850101995,-56.9927691517995,-40.257592468022104
3097,4.932606572520175,-10.691929003049447,75.26101410681405,81.83999949771432,24.456170378628613,26.295307374007873,55.082578462302436,76.0688059829465,0.5683469880610694,-3.4529527851976196,74.78695809640935,45.99281027214285,-12.314541342631262,-7.989166466958995
3098,24.477617594924983,20.33969430998613,64.34403226219234,71.18020513181352,50.69273330782822,45.79148415633121,68.16510014400592,76.96005970913089,10.693988145159395,-8.804223811687866,120.64491304570782,78.08074335546942,15.051149297250648,13.1823307392897
3099,6.388475299221562,7.9553621091342075,34.97450311629708,38.859163710586266,63.08874463616224,59.95695568517653,52.48660737171637,74.33297904086061,4.293921977242001,-9.909494937874769,111.90038292393646,81.60329699116846,3.071305410557315,6.847313727115004
3100,30.87910543851938,19.58090089540814,12.829934157358336,1.9335935638796298,73.92212620519341,57.720950651720436,40.154528140345384,41.78152728357883,16.13097196936825,5.48560617577088,108.10420992056285,64.08838652963273,23.52844302541479,11.903643861341049
3101,14.586341438129416,13.361185103215778,-31.898350570082652,-30.484558522319166,58.44252578075263,46.16592250493865,10.405689863126582,14.053859924670217,-1.6985800979232641,8.416938112211579,65.7526257862982,49.09247096264725,19.31302611789685,18.008693641539388
3102,-4.072685066958128,-24.824895557562474,-66.1687519680687,-68.80922088745369,25.41215850379644,3.661875079215243,-11.676697565238564,-35.0571795270741,-0.948962498026499,-20.862057765621508,7.128575766871055,-3.4652698907828405,9.37969421080145,-25.903992136350283
3103,-80.30517116527719,-74.55469574185749,-116.08681423116036,-116.26099115046594,-59.14770524352914,-71.05623410430086,-68.22076210933838,-81.02529790421929,-5.8831359549486075,-14.917505179147785,-83.93639747843417,-90.8899212365604,-57.7592520349822,-87.95071733111543
3104,-68.04098105707543,-61.769068456698136,-98.09500465413664,-104.11505952181942,-68.35815665205497,-80.55757397824088,-56.972093920631224,-70.33277820764003,6.093426433958782,-13.931677500470114,-110.69250586021596,-91.7670194495703,-69.33087284485775,-81.81158781040476
3105,-54.95155474654245,-53.41207913220918,-83.04171440252081,-82.50739416142873,-72.1417495348226,-65.62645343216487,-50.4664452808965,-59.7772162070486,16.75446521103232,-1.3971150155108838,-106.91553673534997,-81.6738603315125,-51.55054088415538,-71.27749301970175
3106,-33.14628470719052,-43.565748805345095,-79.56254779694181,-89.44978488852811,-73.35319490976667,-67.20457208873394,-56.309476588701386,-60.17698664089494,14.245953542913094,1.2905848976556096,-77.5050814405403,-69.59846639763829,-52.025991693626196,-68.25810744260326
3107,-8.329155502301438,-11.388645173695416,-74.83096271884907,-78.6158732297523,-69.19205888343024,-52.42217485162512,-51.80329295034913,-49.14260858635562,1.4739935266295572,4.749591372198864,-52.651962872610795,-49.87230138382654,-45.181660335061075,-48.35709546258212
3108,-4.342126607167456,-13.424901124176452,-56.11073985454314,-72.18609766297422,-58.52587237110977,-43.59958935239513,-30.638456977136094,-37.26399288674217,-12.695736662244064,22.874503368424058,-32.014987215789546,-14.46772440831635,-39.70312517971048,-6.454361851205237
3109,-30.99519066710157,-28.345809961439556,-88.91475863498015,-85.7792342759846,-64.2851500779133,-53.236156288594216,-46.1574811202105,-44.51753129144022,-12.57806677083451,-0.745069752904076,-22.175496267223178,-11.477596081971631,-42.005643262760564,-20.81319557678587
3110,-20.674371478842435,-12.86776816954514,-73.96672730598156,-81.43251612002906,-58.706725693790226,-51.33361676682565,-39.8839736586293,-45.73760350184849,-8.144021262338375,-10.147278766097934,-22.6725674306363,-5.067952394441217,-49.991507004331034,-31.093989111343202
3111,-27.03160679745203,-27.280632881830954,-67.79505229609084,-75.49411474643506,-60.17674062950864,-46.25317662015633,-32.63449287144109,-34.24915389210838,-8.550608824785144,-14.052077656332594,-41.44672265933474,-1.349174199981646,-48.68342148372646,-29.18217424758285
3112,-44.793297324889146,-47.038851768779466,-64.46860150321181,-61.58209851447866,-68.8045532754132,-54.05095140452481,-19.946873102123003,-38.14299552431713,-7.975953024335484,6.686294757376,-44.43453360218977,-19.186905707689974,-53.54652110721811,-41.797810060219035
3113,-54.090393938999924,-53.335913565659766,-72.00119470653455,-79.51644291085022,-73.26757603569538,-73.478191696944,-44.851690119568,-56.43101369402581,5.631293002374039,3.523136036908187,-63.03098740832322,-46.84952005758261,-72.93413752149453,-61.71161113569269
3114,-41.50885923901837,-33.22827163227882,-59.8467789725156,-61.51109632833266,-65.62998968014695,-61.930919869444686,-45.27634317153413,-54.22602330174789,0.5643787414852124,-8.954491310468903,-97.75765765580465,-86.67333630230284,-66.81920095951553,-70.13559876962267
3115,-26.120136372457598,-14.853671260359476,-27.167406873262735,-21.757498820463844,-42.9009831437882,-26.21963531943811,-35.709067504062894,-31.682352968809756,-0.5783920869976642,3.2124429704164545,-113.52776850242678,-83.59702211865536,-35.56116547232433,-45.41242010841906
3116,-7.524882555617765,-1.3446017934556656,5.977797713714761,-1.5386727166981142,-26.639621926577217,-14.893223424652946,-25.815519832281815,-16.144149532687628,-0.4675295605357898,5.375921218962657,-85.78146991187222,-72.75326156650068,-11.22287813503058,-18.32574220930808
3117,-21.47896202725397,-7.915531409679013,-6.7091650810950085,-14.666725047802482,-34.30766616282767,-18.488491536505048,-45.709771086254996,-33.64431418932911,1.637639943055106,-1.881343904642823,-102.73182244338994,-72.51071250157446,-28.66286659535877,-34.402038465033165
3118,1.2085888942818686,10.123793673843233,-21.054955763460043,-22.492777104311195,-23.283745465973325,5.555134522705527,-40.66686248408608,-18.915907122369493,4.990356795471441,-10.902614737219253,-89.38750170061144,-44.1371478287566,-28.262574580394087,-28.129718204970935
3119,8.77850579668304,26.76356787353734,-25.045482864561407,-22.67521867629867,-10.755257539296924,25.97010048836024,-36.772664776502914,-9.845011463195316,-8.642088507644067,-1.4092556990967524,-54.482967029981836,-31.302566365558594,-45.60828638194381,-28.86574752283872
3120,32.52845718209785,60.10559711092105,-25.0790869801867,-15.405501634815263,6.536612088211609,40.75207834416479,-9.884363856324006,7.380335666592671,6.103254229934052,20.95762856175533,0.12256265807853062,5.3407166561600645,-25.974812696269606,-19.6225232994287
3121,60.286818020504406,67.06927936766105,2.7374374726001154,4.65106273314416,9.035784310352266,48.45276399202487,-6.436907988027116,-0.7906516160885237,11.811306813885503,8.742918270199885,29.61541684432507,8.21878226270764,-11.715265454962662,-12.574320617561652
3122,43.0100831483962,65.20113693536108,9.826695591481625,-7.637031661619902,27.039065483938508,54.12019590098479,2.6261766501787287,-3.0149423653051586,9.884755411769518,26.234858921375757,35.72325462208158,27.260980390624965,6.2125397012861185,-7.2532334538072485
3123,48.351696672380655,57.14148693326969,-0.795731589345443,-3.103243071081822,22.921835013227927,54.51605577627718,-5.755705562731785,-16.061616671586272,8.640769362382182,5.501520384525763,59.43323823726297,30.711216075702225,9.233200008361509,6.122837262874836
3124,47.54794246558992,51.951628579611636,0.20632504939660676,-7.150193369550019,33.7695916863517,54.807732906549056,18.285408609363735,25.38243272058761,4.931479447993457,4.78915259150929,73.89628175459701,62.34165765561717,25.663250844870333,39.79468844780536
3125,68.46525196059967,56.4279590661622,15.439191824165436,3.707921552279975,57.42616994385881,69.60557002437099,13.92611336032026,18.95061103709768,-3.390396991148736,-6.823221690462319,76.42205147264666,49.320600244955386,14.617660789597732,16.07142313247519
3126,31.976333278439434,18.35115840084291,-32.11366098383357,-36.050741031992196,18.08418717409372,19.295612190195154,-7.320980644024449,-12.331417285858858,1.1051375246630464,-5.723105675811709,41.14048830764842,27.566315873497572,8.791629458947032,0.8214682550280702
3127,5.164492707637368,4.768244698115922,4.885347087753771,7.4720015254711445,20.08119755315147,36.368409183469545,22.23213884895404,21.445001200239385,-6.6375928358629395,-0.6721168037295336,34.16193689034415,43.70128878200761,0.45073016744095296,4.2903404360639295
3128,-21.69904999446131,-23.088947618368653,-7.420354885082872,9.32014429652904,-11.365554465398057,0.9161191612630597,18.83723942880123,16.359094074138017,-4.936602218689461,-0.8176477266066406,-7.2731253480471265,2.6393196989436234,-27.934022587838633,-25.474270052497978
3129,-13.770335778566174,-15.95442167529345,29.210577861346746,35.08526225843374,16.159387524002543,5.2744334441737335,59.232184762963314,47.497338072346984,3.9553734094161523,2.9106448387750974,46.98479618096566,15.666190799630877,-31.134677837818735,-23.688731414215997
3130,6.933258208239364,-8.343471909697445,11.096756536539834,19.563418257486504,-10.461581304018758,-15.30391988898756,32.61706783918624,20.965528517827554,-19.507552788080975,-5.69796303384139,11.453872973968608,9.27351386836412,-50.2372694122236,-36.60406204583702
3131,-9.625746572291595,-15.551438263031027,-11.30864628331256,-10.635364993090588,-31.134795918719963,-33.207278740962124,-6.3983009072584025,-11.630133732602383,-14.945414910647878,-15.190772662769596,-14.55761493720424,-21.449285350882697,-44.986754088658174,-49.09736741124539
3132,-11.661273707671414,-18.765583586375442,-44.6971454243921,-51.480436865000385,-47.64513508217419,-43.9961888306355,-10.865082407289723,-33.037942957134334,1.6693175648940928,10.176209067561969,-9.006482298143247,-27.079116761875994,-26.195230170378377,-35.969597276021645
3133,-31.508312568459637,-29.274749693210254,-47.92248012477955,-56.94599318272335,-46.212314905554706,-51.03210583239392,-10.139588780584864,-34.03595029008274,-0.8998538245735069,8.93100345514162,-0.0389402576975062,-13.445874971206479,-3.4287070404663904,-11.458884519010788
3134,-29.6540047521024,-31.188160099949602,-67.18605818241652,-74.30755473944231,-49.697397692123154,-61.2410914234859,-29.588485718879156,-51.33886325876192,8.640508633907823,4.579855731488566,11.882823435729655,-6.2120184685181385,20.28538010233488,17.08020915680736
3135,-65.67610635165397,-64.79331035706016,-79.6624271891012,-83.97654663175638,-67.77983212441626,-84.92037535671759,-59.677543920232495,-91.04140031141884,2.782803725779409,4.8441233844878955,-13.314078858291449,-30.012689328089664,13.07470400457234,17.844860070210007
3136,-63.077311502728826,-61.0162626960975,-74.81621135932932,-71.19230289508414,-76.44131734742218,-89.8389037363036,-56.01635741187254,-83.86220752313622,2.5129885284575857,-0.9178225414770544,-42.48637326007476,-32.84726791180085,16.34562500397973,6.872270057861485
3137,-46.1413398238731,-41.57650099973612,-46.5696413552572,-41.269159754020464,-65.18562019121919,-72.67171652417338,-35.25090192622555,-69.78032505019726,-0.6387551581564642,-5.438732619445252,-47.93043086330467,-25.34712457808946,7.200649894085824,16.89545099956081
3138,-35.97249383350522,-45.673178812214445,-23.83926542167308,-0.7127490643345498,-49.777430504129455,-62.56812161526803,-45.98940412120642,-68.55261156124466,-12.326167357790084,2.7834925961286183,-52.77375954689256,-35.76660870114897,-5.22287251516352,-5.372131559546713
3139,-40.712555950940626,-28.13356032609369,-22.80357883732573,4.7284864097529065,-34.52486912244771,-35.31332920849264,-35.36998634458344,-43.955460627363394,2.339902270833884,-14.437006969153897,-51.36753109705476,-21.695620383131793,-16.578537956083178,-19.291203368353777
3140,-22.61503159372156,-11.674922334083341,-17.345361330504627,24.046138412000566,-31.404924987074047,-18.40926759967201,-21.26147401719333,-15.288306585035093,-7.923861180950848,-1.519850419064856,-47.08874104746446,-2.1667633876421135,-32.23889833879063,-26.972314454637537
3141,2.998665872627346,6.272867356223533,3.608465474256949,38.61782306586392,-31.448907298440343,-0.903066416840132,-21.069905656037474,-7.563538439172836,-5.9069513350773475,11.24725900386935,-53.043751013324346,-6.503869997941078,-35.10502872750418,-34.417432999855116
3142,44.90944246536491,50.87034692539028,34.16802771157415,46.90865875833556,21.529355224645904,54.19609089117843,25.56716597622788,31.65557057659396,6.751525252247878,-1.918193575321674,18.15098480676226,45.98879910528787,-16.480278716434967,-14.905793406346303
3143,56.84186246378974,63.96071739285085,27.36816176355323,29.7991306864013,34.65695697933953,61.72154557825541,29.21771927981286,40.97594246853691,4.598486326588162,3.421832325364919,18.818042072249696,52.585224515700105,-5.721468963956787,-1.206515840895401
3144,54.83513227673268,57.17212166647489,23.145527906048184,6.3243654656227974,31.95593006453641,59.012189359027126,28.89610971735646,39.02838565530643,14.270034173573741,12.99341110955363,43.74501187275599,56.600916273739614,4.550530004740866,23.005148600915838
3145,30.96736289828094,37.62156824233748,26.414152188224744,2.115582630697562,20.375146780678392,41.41735250828356,27.908778620004117,32.09307479739041,9.471854291574878,-8.136543007401965,-10.07470263542335,18.91696273007261,-9.905203656480868,-5.293392568048344
3146,-14.200117705979348,-16.210305960154123,2.8466641249448705,-19.82345784680564,2.8207135596619533,0.07345285682909974,25.457327780392284,19.75006300620482,-1.5987905047650897,-18.692546435999237,-0.6596686793442272,4.888549318721914,-21.678779987892998,-22.196600717330142
3147,-28.92652252946252,-33.81810792670086,2.001845504348713,-22.470041431377883,2.1589138545984037,-7.066542033629157,36.68072962645089,47.8776494387644,0.85103115858095,-1.0933892594111505,9.030497606367522,19.222694391794263,-25.51122138431936,-11.250944599766042
3148,-47.91041998153719,-42.1235822843927,3.805591774004879,-11.095500424961863,5.665322801457904,-10.396120136541924,46.029696890655146,58.26143227785932,-5.258099136490136,-12.885416194682744,17.669522006096173,12.565060235305578,-25.359277364338986,-18.254982244601315
3149,-64.10282189914206,-74.72789581960973,2.6670329683846297,-10.633755755593388,2.9867717973340264,-9.296150772281164,32.90239092803386,50.13061848703931,-24.21045338833653,-20.674617746811823,27.1714569335758,33.98447483057807,-33.23284345241927,-13.121131189347
3150,-80.3115175715765,-101.80254208136255,-43.658367272378484,-55.86387391984285,-13.045285590038276,-29.868709177371482,23.733044227785122,28.214265816205348,-13.359945717091032,-20.207056336976684,12.28867308090773,23.994855782828868,-38.68787153668267,-20.206991363331817
3151,-101.50281697156339,-114.44358966818385,-53.57391177432183,-66.72658626001224,-21.596854436272928,-34.14541264812437,14.263422032641468,16.55832228227555,-23.500476076003707,0.9658835620622295,17.720619728489794,16.376309612633886,-40.439848190362895,-18.31492640051529
3152,-143.26776314111697,-145.51071995502502,-96.42474255805094,-111.4465456973049,-92.2444793233516,-108.62691607076181,-42.91284472642048,-41.64067805531447,-12.464452458609237,-1.3876724155898028,-38.97869534245099,-35.05357622483788,-61.13417375550216,-38.64030415902378
3153,-115.00935366174468,-118.92977032424086,-90.37934959399809,-82.04980924512247,-87.47736023550497,-98.7507668417991,-37.33125025315299,-40.39848426671049,-10.404007415565479,-21.69893923062321,-35.2744836843346,-31.335837295644215,-41.15623468638816,-16.168589306815672
3154,-96.19242927670432,-97.34600104834738,-60.62272840102844,-73.41242201717188,-65.49594322472795,-73.90012436093885,-21.08258838939842,-29.041674422817504,-14.124786765671239,-13.75561463455334,-31.22657726148728,-11.522684448826965,-27.87820118123976,-1.4993367852361439
3155,-100.74033475242973,-103.93598642486138,-58.34710064314725,-61.349969827857606,-76.310196439999,-85.99351541705026,-41.678972892924435,-66.08890323057261,-6.343853058337125,5.255240289115758,-71.98419460173949,-46.829883868612995,-21.005016839193836,-5.461366286588581
3156,-69.03972036520226,-82.58464768306602,-16.17981234643049,-27.152290676631864,-50.01502651580227,-66.48017698391074,-26.186796632993715,-29.748249879010807,0.26565184087634347,2.722961907916673,-34.20709899309737,-32.14844538433629,5.323993493316255,13.606116300365086
3157,-55.01321159147431,-62.03486712615238,14.124120760388207,23.39945332343785,-23.584158645880663,-32.7371142685144,-9.067631855422551,-0.6733627316089713,-15.24706666667336,-2.0675946740598468,-5.444417299215825,14.189730738830125,4.013436731932112,34.88385302728057
3158,-26.563615235623665,-29.6565319302148,20.97845517008688,34.70381493613487,14.409542244690392,6.3330441234595,-10.95723151376974,3.9842086594398283,-4.336939921297494,0.09147715295160935,7.734613248173285,17.920737875204733,36.64074049491881,42.901847513859416
3159,-14.662367709346066,-20.206295909324844,12.553597241145178,14.639421043557897,0.7779062268164534,2.048540090130893,-15.43492074429536,-17.7125622381126,-9.45247394475706,14.423712997919584,-3.4853888091670484,27.578184080422275,24.755329180644804,43.69725813770008
3160,-29.197624146774345,-30.872413380917955,-8.227630281092445,-0.5980782589052483,-14.961887855469442,-19.846695049287025,-35.523525313993034,-35.31668737832154,-6.695627265564387,6.585204114100934,-8.813759064463678,23.805386325988934,17.297926681319044,44.22248399189966
3161,-59.88442051687653,-50.184955379886844,-54.215823787139776,-37.646849288021194,-39.88402716294496,-31.41361744259819,-46.98536717873536,-49.27190256022963,-7.380323038818228,8.282355603539374,-6.31611188667992,29.33339566390505,0.08781641767815966,38.85998826179594
3162,-79.50076243536525,-70.0377912503822,-108.32541973151054,-92.8506382378702,-67.40819033856637,-68.12389777923829,-92.0033703588134,-115.0198789401355,-1.3520942145299344,16.365258776596836,-11.193224414682437,-4.023344131728924,9.368837414682249,25.23621460838276
3163,-98.7478841566291,-95.10706335595022,-101.45446617709668,-108.37992569583238,-92.56379103183106,-98.96200015481008,-95.10600291475218,-126.80058906297855,5.99205095621365,5.001773963462955,-37.05990659445882,-10.832649882470518,-20.52456448042007,1.0035919490167016
3164,-156.0856490028151,-147.80989141001925,-139.29119756179338,-134.7356409002324,-151.46714421856876,-150.6275564363582,-118.88889929076545,-152.07606983089119,-5.202846773681741,-6.340522726358461,-141.02174139878528,-82.47850097191,-77.16224424009411,-56.44710456437577
3165,-125.80445407671534,-134.6498226809584,-123.95770901733299,-123.68012911748933,-138.40427776102322,-136.47079623309781,-96.8924281952317,-120.2465760738161,-11.562917157685126,-14.759685504012289,-126.42678498490704,-90.79292413919114,-76.49141473624884,-74.3853032911876
3166,-102.93008793321968,-112.95211145933465,-94.8966164305483,-97.00888000058472,-109.55298836376801,-105.6398261511384,-60.98605142679095,-79.78805298444566,1.6606322333435486,-12.943992843847695,-96.94350028622824,-73.44663387894278,-64.56453481725359,-53.80903258792434
3167,-75.67132021339664,-89.52626738696594,-77.98896328579643,-79.04650251838589,-76.34324918819922,-76.83971652203739,-30.166003662579733,-43.380642217721814,12.360705911946573,7.52719207252365,-77.96427488834986,-68.01819672177818,-48.111080519176426,-60.83984607118404
3168,-46.65784381604804,-63.3171717858841,-63.24587412921167,-66.17641457330139,-54.58821647712029,-58.18101809993819,-15.17987464255543,-31.686206792840256,5.473621209775993,-1.1423032506829074,-58.336761279209426,-49.95963058857106,-30.98083135197808,-46.27339203731178
3169,-27.03859042312501,-29.778244598074302,-39.34592045613517,-55.32713051466997,-32.32283968199373,-44.47499618061987,-16.70949735315934,-42.580664837461356,4.636139382877114,-10.192193233916765,-56.27857596651284,-55.68279892779539,-27.327494711815078,-34.324644890080776
3170,9.385556440833994,-4.740622014135225,-18.793033753899927,-38.93443030634549,1.4422641374812843,-15.288064535879167,-7.854798916014842,-17.09853191494898,11.340447288463032,9.058378957873552,-60.940299484981566,-43.57154466350343,-0.9183218604521014,-15.96942358982763
3171,27.425630786634315,15.1626670609593,11.7226898951539,-3.7296516777681568,15.478239399636117,2.5342183330985892,1.6257814821998378,-8.22230139196522,7.70581896506398,5.094997880261779,-31.63446473031044,-31.399863730811223,5.663218433788098,-3.1269940071853086
3172,35.84207522923099,32.99870061953131,27.186209523932153,31.434090810569877,27.538323178786612,25.92939983196751,-20.263843256830594,16.455742956602187,2.548122033192955,12.92287595461174,-45.22786275705742,-25.4399575840578,16.62597829653363,14.58077106666774
3173,40.435348807452755,36.072802036572995,19.8872862518823,10.031037516297118,31.547932442654748,27.426268503033327,-29.338522797505096,-6.668996954856094,0.32816185007273607,-3.0823392431176146,-35.363554979962515,-31.242761486438464,12.931782563477462,4.425280021567366
3174,32.42712058649134,28.108795701359664,-10.36355583597211,-22.9368316895196,-8.808668661798999,-14.611259262561768,-66.87328506487573,-43.06089633822528,-6.12567277634464,-0.8732079228762095,-66.52882593058196,-55.344430743809475,-9.364278835562931,-10.33133649405393
3175,111.1731612450272,107.3177305565366,51.26226146289476,63.28760731195262,40.1563008470423,58.027655122421166,-20.591678459396597,30.288606145663937,-2.754614638861129,14.355145428212424,14.183191206518886,1.4567818279502898,49.157175135372874,50.245756136220876
3176,154.79080301884753,156.9195881055948,93.12743395063501,99.46827328261104,84.1665979336099,110.40350489261111,10.029987215018844,62.780968571477594,7.521117055171504,22.32807315942542,95.22955734246062,61.20332823840987,84.09370573762143,103.47641735870015
3177,199.3141645813502,205.58588700022875,116.61557570233249,123.5002055472288,131.12888305093415,163.24524397048964,51.434334872637386,101.4310874595968,13.124268627252405,20.723794620930985,127.97610000749026,119.799965990489,110.32350789633823,125.67677746185039
3178,203.1663997646404,202.38992311730033,106.91138734093943,121.60966993759186,136.68257690045564,169.72207618682657,83.19670665148263,116.05603629742413,-7.168134654221096,-4.426567267845075,159.29451189962157,140.34656838479344,102.48388213408096,120.70923722346039
3179,169.74090170800383,175.47137550939615,98.76872452583143,104.05274122753681,134.53249372479831,150.57372534076694,67.89591985578316,99.79204639482948,5.8938917138731,0.43146597641912443,143.1121651885855,118.54222118778064,80.8187705421439,90.57974885129256
3180,133.4049246686153,154.4841571465132,83.11064760023682,84.97100598464816,149.0333526463813,153.56294192492481,76.98544932218616,85.01446602967455,9.305642453427955,7.099962344628372,174.27643877896168,121.616714173989,73.17151392942921,88.11889300342226
3181,50.73846099460322,61.93979101411392,15.520908879994375,22.541922967164908,108.48575629171746,109.5910152152326,58.78298214540166,69.9541220230053,11.863716140671242,16.470517133088606,139.75620005453638,99.1318647759546,49.8806938002205,63.55099743019144
3182,-57.35873256428968,-52.28031338453264,-44.106240519702,-42.65164300367585,15.53102156572371,5.9836240064971715,-1.220775171217569,-0.0646656430887532,-15.499266039350852,-9.700838086251693,31.95715473267672,33.299020140798504,-5.556974454893443,23.025010029212687
3183,-51.64194446293702,-40.19285962214566,-9.23007815381603,-2.4218826123538117,41.262043759711915,23.93028196642493,15.297182551825879,0.7768813310115974,10.986498653923439,8.994289300973,81.09910627324406,15.505744919345586,18.442119288327024,15.585185271490106
3184,-10.012742618286975,-16.26091647590432,2.571529366580694,-0.38945098815492574,55.90076121542438,49.727040394225845,42.037823315937764,20.785325596992628,11.943185235478792,7.587851101469317,81.62337741148868,51.57358923564862,51.838601967637665,38.43604951410866
3185,41.064916657839476,53.226742556499076,56.36551286920244,42.080920312518266,84.29779405325458,86.23655251462596,59.09296854624231,75.2616105889538,-2.6514547703471654,10.346256830985112,108.98354106159411,72.13936851476436,40.46439370473567,26.27429978239296
3186,69.07419939976506,65.66472729012482,62.22165286785662,59.82002462147936,69.64826667958046,69.37615863024378,80.28738422986241,89.5336521030828,11.817558469950313,3.339701132919762,108.3224848151022,54.21949316708742,23.691840613243013,-3.4266847726860656
3187,48.64921610569459,47.149164101484246,53.61290982049849,64.43517990324828,52.493140188289985,53.669143905365566,69.09860562908662,68.86835629790585,14.618792812551783,-4.733143852637685,84.41238412373272,48.97416029753114,-1.123819221484119,-16.97245444965367
3188,-32.75035781979458,-24.81664477706203,23.548143141026184,30.603086578397278,-14.83667773226892,-15.733734573225561,26.191332235095803,33.25002626789351,-0.44929645389023953,12.514801596872989,11.672457325940023,4.755476434986811,-57.178301652850195,-61.21316598087401
3189,-22.041245033667572,-29.227049579905632,45.88903313494122,24.648767963714185,-2.3551695751972024,-3.0390268293366782,60.62678066550092,47.320446662725544,-10.634645304392748,-13.742144711924292,12.911763179709187,15.716500551157045,-39.039590360097655,-45.71322684727523
3190,-26.850333698797424,-41.57352722863704,47.53495919260504,22.141288501714225,2.6518429529579532,-20.697076473757523,36.09494164259201,34.43603940753708,-11.214837719378417,-23.73858187770083,-11.386606175038446,-7.855842440292132,-51.96783268309259,-56.026693945073184
3191,-46.44572631598983,-63.198145084509456,36.00712700177058,-7.580122614268147,-19.215237861316474,-21.072466936926418,32.7767257242675,28.045210358759732,-14.289015110489165,-21.138218908940658,-25.206050598015565,1.6756227307357596,-69.74752853879998,-68.61519101938156
3192,-57.267876208266756,-75.21041532499294,20.875695645437627,-15.196557351085065,-15.153929652816442,-39.41017307564489,25.70015944739595,17.28424560410686,-0.7132185217290031,-26.10742478117715,-22.33827098926055,-3.8901477828008666,-55.15552194536623,-54.792479011263666
3193,-42.45330408188173,-49.89565178629865,24.833743430117867,-15.243245648624566,-4.412679661683058,-5.736285270274594,44.85090385116821,46.443612244002715,9.8757588390828,-5.6641839452484914,11.554647259682953,21.850357022883475,-30.011241162574972,-27.04449330809557
3194,-43.72912729752105,-46.41517452070317,-11.342931660995808,-27.29881432394405,-16.31224534005343,-10.102353881744014,5.445186844333636,8.853231175243696,3.4069558881199864,-7.751274022693382,-1.811379619070685,10.664209151972294,-23.20363726946196,-15.374740916565083
3195,-32.4454813876047,-32.67898228996651,-30.49280730388625,-38.27641857289408,-18.15458293588628,-7.219414442525865,0.15939762087271742,-6.74543414987226,10.694637365339489,4.198734858035764,-25.108423524160266,-4.980416431934146,-8.504463077895434,-4.0092791659260145
3196,-20.771961146498143,-23.07373289796073,-41.947034221072634,-39.16946774558784,-21.29610681184507,-9.832529390214646,-27.66113991666924,-28.126390179242684,4.242445161907017,13.009935794665731,-21.026679458703132,-11.694282414261611,-2.2959144482327654,0.8463194781358002
3197,-29.939614054261174,-37.374724853008,-57.10190722173622,-45.62105072294415,-17.775248661135368,-23.435826779222616,-50.38067041943378,-34.65729725219086,5.451899752432111,2.5023093107030965,-37.30680645752546,-34.71574369422825,2.9516900693196826,-2.2178927469307834
3198,-26.32218204904066,-29.826755122430008,-61.97966589248591,-55.08300571822476,-21.751055688408865,-23.88260594341423,-46.37474440956456,-37.42481721284441,13.242079380799296,-2.321331462805313,-18.327974527281153,-22.416949634655353,7.3234050039065375,-6.891301525302269
3199,-16.18225380832824,-23.917846840793008,-46.52784006901759,-40.16996782205372,-10.538051599592993,-19.684291983639493,-12.263474836819295,-22.863257800879143,12.50299939402756,2.4170439728227002,-14.706643686227984,-21.927648696540547,11.415728958075105,-8.370872680874141
3200,13.330008553941873,-6.269425069965187,-51.98830006384393,-42.10864365638048,-9.524958266226285,-18.836495488267474,-33.01240880619096,-43.000763472683204,6.894564601132726,9.190706189318949,27.140222249097082,-25.038772804114867,39.498178723566035,3.611943150566194
3201,-18.93932273232966,-11.788697191674167,-47.13642614329672,-39.93335935125438,-18.689531606855855,-27.714951299732288,-35.37211747426471,-56.52879191367678,14.168697198445294,8.942959700875564,35.53803233795939,-24.686209102230336,47.98321346705905,5.66203351157838
3202,35.35253232304864,30.296736205251637,-15.388903987488957,-8.393251473924025,24.734007493967585,7.689898651113511,-8.095328560633604,-24.303528263157467,15.56783049905367,20.370951793309167,70.43424536459025,9.727489929523365,71.98499100387488,39.65296042388349
3203,52.98400331970883,53.371534326871696,2.12219591515008,-0.43732697578113977,18.950698213237377,14.660456969779066,-23.674192778671983,-35.382579460125314,13.970444219001804,10.958036394575366,59.782830316927246,-17.431300014581506,63.20786170720886,34.312669149573814
3204,84.37207395454134,85.7535095223039,19.213758559587408,36.57261355567692,38.020131987939465,39.49543998006753,-12.273293169603836,8.652396437715504,22.417826183907028,11.234646209694498,46.841433927263274,9.292814322947676,73.1846595494471,44.34003383343475
3205,82.6332802042536,84.31205747653297,21.611617435794855,28.305642994835782,24.83695869161677,17.152375320042946,-27.31920678793895,-8.031483084273674,10.794783870756683,29.722553070982652,7.462703990126381,-17.305281220366265,52.74493243733696,32.837990315841026
3206,100.09840607699186,94.37147690335948,19.92493092283745,25.75480270310231,46.69494885997897,33.25549245795383,-12.212914930296376,9.65843524942753,21.676627285555707,4.821215351949722,47.158747712786955,16.782734971613152,61.273892092236665,39.62819823349087
3207,94.41148852979212,94.08506629274405,27.5398226106592,38.91053015110083,50.960917635763856,48.684705795086636,13.924833512291652,23.203650150682794,16.004888724891423,2.4531945490315703,94.20682442128972,33.37943658169814,68.08631489877206,49.04193896332635
3208,90.65378601397396,92.46315233996472,17.404866172102913,38.23197776288477,40.34355498047054,33.256091344726876,-1.8091829144470897,-4.228344579727439,17.48122521314233,13.02229652107916,72.16591678614839,22.77295821219192,68.27578000331424,50.358093686483215
3209,71.46887083685591,64.53507446720607,8.278981181479335,27.476283536200953,41.35056279903769,23.95046260403576,-9.069980302273452,-14.2517951536559,15.875790437169998,2.8149863931634322,53.246912534865416,11.43343890920205,69.78615885866954,47.42249146313145
3210,44.40550094332754,48.139797416892215,12.940528029073482,31.043325914784177,22.931160139929986,9.753935226374397,-19.217885051273374,-25.13964793439576,7.571777156048661,15.646490558514628,-4.653130313446017,-37.86701410878075,60.37514094347215,33.017533649500756
3211,41.228634501032666,33.40736660533254,50.363804905600595,61.844212893763874,29.021344377756016,16.615478578712068,-2.1363020506262376,-5.22948707355865,5.807948626018889,15.08792146265055,-39.91554093864635,-55.42808749270168,53.952804480084595,23.095814468073858
3212,49.12537676265546,45.571180477705184,69.90241883177539,77.74204011158751,48.358884164612654,32.80351165313977,7.889173489472948,1.4560377111507534,0.7045973386553319,22.173749823406315,-65.6818260753758,-62.89212357185507,56.93228815505597,11.471065091536328
3213,44.22764493685382,45.99749790224816,58.4519385165371,76.33752796739986,49.58081900120642,53.198455798185044,-2.0540411313930185,22.00391676125259,5.961117262337485,21.441016024555218,-68.42400368281005,-52.701910072407586,46.09298147176248,5.285020562164772
3214,16.8401142712241,30.805043959471874,62.4812386815868,67.34142943185583,39.2189780415987,39.66052107622121,-4.10993071412326,12.621683138388239,14.94980342079816,13.07531386234703,-80.3452284982676,-70.80282376887706,28.934743263210365,-6.4232507220602635
3215,-22.762518187821126,-5.4656508870218214,42.150269465968925,54.91202244984605,-4.80516142651043,-0.8014688243840453,-34.57025495377917,-11.073984072717977,-9.780224698809839,1.5582073673810215,-135.36448507529343,-115.7920180353888,-3.6607846008147664,-31.889785689018844
3216,24.69853880822216,34.3170138610995,79.44477079528774,94.44658079360605,28.576847342279198,37.44344964303512,-0.11230207494752419,21.642815610496136,-4.666974396893093,9.932644447538182,-87.28265429595582,-77.14057400343985,35.88420284662846,6.614840100269564
3217,87.81486692974032,89.9641625952733,104.84754428123343,115.88994254578091,73.19093798131125,94.98438687528271,37.698050610737575,78.65410735077327,11.273634721377887,24.28690560217585,27.4432184515935,-8.829910458522965,75.56719912719824,44.30173328984193
3218,121.69262584805006,123.76586921792779,129.13654160461178,136.0342902018996,112.86054878619554,127.22184997613189,56.80965235128541,90.07351185805787,39.51527315342936,7.347742027354354,45.740884935195645,35.819946905396044,101.61429265818144,83.33425339678469
3219,125.04543720874501,129.27025619842516,123.56006319269517,140.68395910678558,117.95310050967882,134.38275939831735,55.245521667836066,78.31099920776205,23.837783575080895,9.293623208932956,90.97750010924457,63.94085952275869,108.19570582043231,95.74657518707268
3220,113.03436593452177,121.33605297750958,76.04261361664207,98.36957786479627,115.44804537742408,116.32087439174428,58.12952700054081,68.20142506450537,19.517210572517357,7.659595255351009,152.3927879953207,98.8125214643786,106.33610957960187,104.68365660578026
3221,65.64054565789104,70.67493380255695,37.241007283153714,54.012715445439966,83.62101501543549,87.38880260800325,48.81924528426315,58.96037116083461,12.199739897316858,-7.223972655211687,116.04187097428542,84.39611213270746,62.43281767849684,57.912596965492185
3222,19.48537167169041,26.781982503515813,-18.099686334841227,-17.130793234083217,24.400668625083256,13.84449721346993,28.08027789156993,0.8138693840510569,9.106256161190126,-14.780045806182594,52.509405489216135,36.566811107902,-0.9638399389148122,3.611125259739377
3223,16.612800180160946,23.162771994038565,1.5747839758752,-5.053272306983064,29.016199478466564,21.4237011374217,38.457725328782416,22.108200544339162,-2.804149095030303,-8.436603242287536,54.844370323582496,62.027867697022025,-10.749931961397408,15.297626897186468
3224,21.370963851182037,16.52029713582138,-35.37875697651277,-37.542036346010406,6.136295707988382,9.682247334240007,28.95993509342512,24.311819395866372,-12.09455448114596,-17.903457230206428,90.81832181753236,66.12453300228142,-17.42681009684872,7.173379607211543
3225,14.826852978067855,9.672526209620445,-32.46628947583698,-31.158751028204716,10.914077883236764,24.428103333231014,39.458969044612736,38.08644700930053,-4.074786734806858,-18.75450197415139,86.21709766295129,84.8194921936708,-7.045661345260218,11.750026223869828
3226,12.81914789692096,-2.824456156868817,-8.85033576054852,-18.977209854515863,7.825720388117943,28.857621118923515,34.7575120385523,24.804347469823174,6.622887309050473,7.166690783296031,70.39766000392869,76.95842911433861,-6.294142889139453,10.196954797101627
3227,-5.9061913363500675,-15.382745047522082,-17.061220092916695,-29.785565284034394,2.144264659178211,18.59372032661989,21.258436987761574,10.60896911035967,-12.62611790242037,12.078829456120157,64.02306499574024,67.13902086559935,-5.900506034249473,14.670565278070734
3228,-70.37793322428803,-67.83468416003149,-66.56021731148401,-76.47050035988939,-41.32697251632415,-48.75790291273308,-21.022234441555263,-18.979493383043124,-2.8609742388374477,0.015331742826926842,7.368861971332121,26.44458948122985,-42.80603323177118,-13.408719665572562
3229,-40.207999592453376,-44.00355378270544,-36.19817301919706,-35.68008429281457,-34.371625197461135,-49.49765370265077,-9.079418262757942,-19.736598776206183,-5.265309797892205,-2.8719463070285065,4.597895368575951,25.92800609881402,-15.689203878977445,8.211418740534707
3230,-52.35752854580542,-51.56493470567766,-39.94634318738449,-40.20395969824953,-39.41905562918205,-45.93809444083734,-19.469540521833817,-32.63276653816951,-8.563802012370907,-8.036035365436932,-10.543364889904158,16.694909495879394,-13.198815516415955,4.914437046369265
3231,-27.488767391952734,-43.550048489430765,-56.26910086067326,-59.29972560826061,-27.50670724939498,-33.23294904866248,-5.655183698532503,-31.85380697066851,-1.9370164498003526,6.837312841987309,37.60456259075883,34.863395289408096,-5.330284063607011,5.440702324978141
3232,-22.171844259287795,-30.556643276267316,-48.2143264354404,-60.47921263737954,-33.086265873701926,-28.842856612715405,-0.07745830506839926,-26.192469430305117,-4.586617749779851,0.31667878680150746,48.712849768664256,41.821974471223015,-17.01825390181565,-1.0083448028877129
3233,-2.1083230756363918,-10.77885307903896,-31.435352850831162,-45.967684215999476,-23.114441598386158,-17.30032511239975,-9.160615368773213,-29.742305525154883,7.382492311378448,22.243873946609707,56.69163442692922,46.39402668522044,-14.45088982644965,0.4586770192439218
3234,-12.70142342095817,-12.628193528186241,-52.466219363427236,-47.95801880467989,-29.155564515812877,-20.8590846421647,-30.099400220523243,-29.64276038195186,-1.5349089424114721,3.177188343603605,38.828355427363284,20.814462037075174,-29.100568155381648,-22.8603538274364
3235,-14.758752352751934,-12.148203595858792,-59.462992088371344,-69.39419500733813,-24.09088029342699,-26.39549071675827,-43.69733966241002,-57.51307114363956,-8.33926361486375,-26.11212528225814,6.616413760291962,-5.903213933135874,-46.206783548167145,-52.90040330135532
3236,-87.5994514135725,-72.44195803216712,-104.45867156279428,-109.85432517526304,-102.77311924879561,-105.98224955384083,-93.1307428214026,-110.62386677643606,-17.098577982595984,-1.782742183298614,-128.20734555581976,-122.91071489485665,-110.31546987163316,-123.69602428807424
3237,-23.215711907351746,-15.57607375992356,-57.29572883929518,-51.71632804897625,-63.73206171196003,-70.42549987068007,-41.101590181770575,-61.516223560753474,-7.35431102662589,-4.754967713636816,-72.69519789766437,-111.63238858544739,-73.45509788794271,-96.26436299986631
3238,1.9886704873734837,0.644335401430105,-26.839974035700106,-30.41452661606006,-36.22840082513465,-37.007772171588684,-17.309830983808713,-35.21672137855554,-3.1978143746326633,-10.759037111591741,-48.78449275227078,-64.71809592554314,-39.5890769373394,-74.806533985946
3239,47.98541983877712,43.69244149575752,4.477776702113279,3.8750305086683396,-10.923298318802686,-8.813428532038913,-17.893514973323217,-34.80582532379309,11.671188107353068,-0.7491770768632726,-21.662690832641577,-59.642873591638285,-16.25114222178128,-50.0068227703255
3240,85.11822334256111,69.66884717692396,19.409998868049726,22.638866951233442,35.63497345408086,34.42743481495251,-1.2547840793051657,-17.426821479910654,12.527948977589475,3.6320699725722356,34.91702423124397,-34.89066343022416,3.8510175443795425,-25.201878948108686
3241,40.60487827638766,40.329814831529305,-10.099499539783986,-8.929216771880732,9.448275046633892,-1.7907613137846512,-26.054941277935335,-43.06849976177806,8.03030773781908,-6.010987442374028,-17.204827062960117,-54.57504191571614,-14.414070801662145,-48.969731699473705
3242,30.078932537155676,34.3154357697735,-17.3056990548495,-11.40272738415867,-10.61618581084842,-16.461410719659103,-27.08849701435189,-45.051393115138424,3.7016920216817213,-7.3987614784221005,-49.06328725416383,-83.03902857463494,-33.993333988261945,-65.35788407002389
3243,33.264529088575756,49.831888472569545,-20.047840325004373,-12.60971364903398,-8.463567545464104,-13.529091780050495,-17.302469739305135,-38.27935245183719,17.76400729667378,2.8432501578300147,-6.277388264573958,-44.95437023474855,-0.6928621130651049,-33.587511583795504
3244,11.099644602242144,7.015017491061502,-30.25772563092455,-17.624718713053653,-18.033925616060873,-18.271894803271273,-54.67036030788508,-65.40811491813889,4.047096914140936,2.369512117016461,-28.641324679068852,-41.154346938385565,11.434992710126231,-6.178165103856344
3245,-3.4254685347906797,-3.46500333606861,-39.25205251421748,-40.17667241568269,-51.635030345688946,-69.86362397250393,-66.42554232695376,-59.29255043628293,-18.773534776362453,-24.254095523743956,-71.60443591689824,-60.57685974543048,-62.12418892364379,-40.431073805280015
3246,20.14017167072978,3.9446410321159306,-7.786692989452441,-18.983879015289713,-0.9959520122159279,-17.726614310151568,-24.326326550258653,-25.65064644217323,-0.18212913606976602,6.866932855031834,-63.78150419854043,-34.14718058357241,-13.328357535532206,-26.536304474940536
3247,12.503340929114485,-10.779043443746065,19.200013766381442,32.510648387095124,10.484029886515987,12.351840825794923,11.554705753820903,37.23713503007575,2.041957289731084,-5.935842907018407,-40.22888548617468,10.56678501282037,-31.775963580487772,-17.595640589252906
3248,-43.16243539923493,-55.60662846929243,28.458975289172802,13.105327691800342,-9.523918777654885,-11.11409881093098,30.49923263852291,40.196182543064445,-10.97222933035106,-0.07706236380837872,-25.926396593607187,3.910132090375165,-63.3206834268476,-35.87291460946961
3249,-40.037524168216905,-53.826604954451255,24.815894180263076,5.586999051255337,4.900560686865955,-6.158582269685198,29.623639933188638,50.31277765883921,-13.642725945673982,-7.545640135221031,-27.011201819147573,2.658604124463734,-61.76354223764773,-32.48870366462342
3250,-43.8453476568159,-59.98369106272578,7.536383050901236,-6.140799155431589,10.0407067183068,-7.479792245478575,25.18541658020232,41.59623088142522,-10.584604313397222,-5.573213232689556,-41.643616268641075,-3.6030797054160137,-53.732982049711204,-35.07276863055683
3251,-67.90355692588237,-72.70529836156997,-36.24860890795521,-59.42197614107234,-20.784837266223484,-27.831530107016597,14.558284206659279,22.634658102074958,-10.614553476028464,-13.653446149535384,-51.967840445266745,-17.612612152845003,-57.466863132136254,-51.870345373932885
3252,-86.17514587215237,-98.1976865835777,-48.859272424478746,-68.34632383560819,-27.105307578797756,-37.488580780019454,13.24478146285625,7.192756825123283,-3.6052827664500757,-8.123426839008498,-81.89978015788112,-23.425183487524126,-56.10251535812259,-48.22033023528686
3253,-81.9739372070473,-83.75802479255556,-70.44646285494703,-67.05148245491408,-36.397509814607695,-42.367409225579216,-7.2076774130570005,-16.43257672850401,3.7775486472366686,-15.687968531534029,-83.21640973514042,-29.354287735037246,-44.07711000758416,-27.2823794260196
3254,-69.65960914190921,-89.72996895365586,-70.72131247088296,-76.13680974254939,-40.47532784748935,-53.19033030769192,-27.86603690501522,-47.89545479412411,-0.7924169925337345,-13.390304964519068,-69.91556614942024,-40.147118829870756,-30.495687653232388,-30.648843188536702
3255,-86.39844578386796,-106.15176348622782,-91.32199689117664,-95.55675953115826,-58.7600654921425,-78.18927333935638,-35.2019167955478,-49.59208166012045,-6.091906471768655,-9.6001157520152,-59.52422571382478,-27.623948136023255,-43.30884011833689,-29.235345570043208
3256,-77.15550085388571,-72.89935676577387,-71.63901754971366,-87.20763015312446,-51.722536168430096,-64.36956005037847,-22.653701608743322,-39.469785056879864,7.284369718134289,-4.17726764065885,-65.35509469127537,-31.283641646942858,-29.084196509970216,-9.486373023186555
3257,-69.38501118175274,-65.36777502041873,-62.41311408774778,-66.91983365515718,-48.15417687587798,-54.18322824921417,-24.510121646100036,-25.253575913651446,6.697262287629614,6.538517786492625,-47.63630746838942,-6.693712253245625,-16.085515484440506,-0.9040009256257846
3258,-71.59827325853952,-71.90791551497226,-86.05566025976617,-83.74298269967288,-60.487353027854006,-63.901459432714965,-34.45498162531501,-43.0860883737451,-6.456794230033714,-8.10516084488689,-32.866322869947496,-7.299995425958297,-21.18879098774888,-1.5734316339933656
3259,-58.26937771541083,-57.02769829573681,-72.2616806202244,-69.66840034923007,-49.378463142728606,-52.25687938800217,-24.82083394523986,-34.7490002156886,-2.593446336421875,-9.24386491373809,-20.269697549367276,3.5812035654791643,-15.995952721002832,-15.957093965478606
3260,-41.41623575283611,-38.35803196044975,-39.27170096299863,-44.799673121273166,-42.1150564372365,-32.001366003530194,-5.410634719709063,-6.400894321358534,-1.4773051933527748,-6.108372636841574,-32.60865238903993,9.771053180472414,-22.832963657030636,-11.33000205788889
3261,-22.442452607730374,-26.968437938131245,-43.670215154183865,-47.97259520156835,-35.412167916125824,-29.482222148234747,-22.5418881328006,-13.601106325141316,-5.494355736264509,-17.856810402210414,-21.376571592804396,5.441326263715993,-28.075287811531886,-11.17707506943377
3262,-28.96769248093154,-31.740758055951062,-34.16031695598621,-51.19718113290134,-26.84053921934282,-25.21548324210058,-29.075854402164023,-9.18024097127974,-7.639819847393402,-9.007699858311563,1.9680901168760077,12.116250698758444,-33.07224008432941,-6.189734460107601
3263,-72.10443491639678,-68.13762733081589,-66.22200983829683,-64.35545633495265,-60.44344343167675,-61.834307101196785,-66.70601589872538,-53.824334019785624,-9.545059331360644,3.50492843972655,-60.01957702926258,-23.86165348879993,-46.52762647559166,-35.54139944401681
3264,-39.379581233003705,-46.5307808614544,-50.749595639665394,-53.230935399228485,-61.26293234611748,-57.30528760486533,-45.780699549815644,-45.18384459933665,-13.862547993481195,-2.8414228939470467,-31.006068313191026,-17.484938172857017,-26.82888388452784,-12.310511778401587
3265,-46.12642664467255,-48.070299775376824,-49.38822407931962,-40.933766712886566,-47.431543203851554,-46.56754862815462,-26.3103680799161,-18.025591532418638,-6.985881696387364,0.33508003083828153,-13.33434940924071,3.6291259459275786,-12.534851631467099,5.242849471831443
3266,2.6684174205213598,4.237911394226976,1.1155603489386168,2.1029590626738752,-12.877539195339562,-13.23165082459522,-18.842654927933136,-2.9939010005171363,-10.909904854446344,-13.647798888348403,3.7293675302737834,19.5213634888588,20.181297400700657,27.483097062953153
3267,46.437789782021305,49.16288676729071,18.059830551918072,16.708554248367207,8.273789676543338,9.0064653188484,-26.26510575119472,-16.182951190522328,1.240860596763766,-15.342259375328624,-15.234849919257915,21.84090524843139,24.450577356009514,42.122414183217636
3268,71.50623383981092,71.20075251142612,33.10131518779128,22.847922220746238,10.93296873642533,28.698650764242462,-19.850304709604927,-7.584409273780662,-2.6227170306472756,-7.919208285270144,-43.62880810881246,-1.5075178152478828,37.710574146491375,45.585031275948445
3269,89.81626148291497,91.25976289392553,30.787690306992555,26.497580434527126,7.915710171010296,28.77474482846934,-37.59106057140451,-20.805375196658474,6.9870867825590075,-1.6096246787794015,-68.85318088932917,-27.379144135506312,28.820175924508547,42.17663729276222
3270,98.57378994756799,110.22770979218508,40.08606722986986,59.364714730358,16.679885132682962,45.695773133808665,-34.95388326786448,-8.341656395483515,-9.084697472847287,14.84192644656021,-60.37260757517134,-13.79874537084709,35.82175820619773,46.85528631945811
3271,89.88078479348266,99.98615634243589,43.46245830450957,54.72609145171034,23.477572134803843,38.160365462693235,-48.13561166989378,-10.02575782531068,-1.3458312337043534,1.5409053944067725,-58.2172486549572,-27.24415067028218,44.93917080536479,43.06772737742612
3272,59.80905604659311,82.57874914382211,44.41950236360705,64.2701452870471,18.088335005888194,38.211184944101355,-30.667142692922816,-3.8212732103436395,-9.774339337848849,-8.035881244812114,-76.99777579210803,-26.057307452025626,37.28043257447568,40.39026267619438
3273,95.9481801014871,105.53512907699258,58.67744714972321,72.26466971902983,30.89031831110016,54.173873322768614,-6.086279014782623,11.520717911324473,7.6517798495125655,13.671438403152434,-26.9300633262078,-14.800340443965979,38.37122215887191,38.5014979040458
3274,95.19528400626633,115.55666752694113,64.36153337212997,87.26595017264938,46.2174167853327,58.40899122719951,-8.532929103736793,15.93322984528351,15.287702896841841,21.332949564161932,1.1485496416405034,-0.8262288315687925,46.772884053019006,35.88986123773913
3275,97.07759836447032,104.09409163903985,58.63483334532947,67.13604483647218,53.26889641519013,61.81679031656655,9.50327891103986,29.576896411345537,8.9335754001538,13.479469303115051,31.761251703007062,23.12582973490145,45.28337646014498,36.07306407146428
3276,104.82315033472557,110.57007552141859,86.04711212381135,79.02432933276201,74.39903963059552,78.04729298336261,48.66226537760616,56.448371851100276,7.192219413091624,-3.9638595530294713,68.1724993058987,51.87003593243415,30.452146501477255,39.10690463398807
3277,84.41141781389753,78.63002841875031,75.28048552422558,61.999249258070506,66.19014585881405,74.00027342078074,40.090236296845724,37.972069095246624,-4.4403552236183215,2.163062743236499,46.519651807854494,57.2104559389166,35.786000642110146,36.67174938051349
3278,31.77495197806203,44.284121540232945,43.0640790081913,48.477045590230375,35.61891503011268,45.09952185093024,32.15574715336697,26.91809264324248,3.1573237413080384,25.527450978702667,48.176506072451744,62.22622884131287,40.54329684657786,47.52127088576821
3279,19.166264372390582,23.526888897086476,42.98504543267287,59.70223199436913,28.18702149281234,44.81903096374237,34.69778297967399,36.69751661607116,8.3119259787537,-4.593547972958988,55.095224689709696,56.5728405689513,36.63069232390877,40.75706947268475
3280,17.06229604578958,19.496330062628285,70.81979236931525,68.6962532690485,40.68772916232215,51.33175280346933,35.443518071455415,33.69731733252584,-0.300250045052372,-3.349276045875354,55.96641357587736,65.6806005985667,36.6865240839088,42.23068421680817
3281,5.130293453531893,17.133722867043147,63.05644133733051,58.204200586876894,29.06461345427934,34.15921644349103,11.386971854908603,15.873937213309565,5.415405665152572,3.313434336020357,58.912498986020736,52.17806580532944,29.38746929339121,46.21501009958855
3282,-14.078584565133802,-3.2516768889130203,40.08172384029547,40.738284143534614,20.195150021904396,15.15075879946059,11.788973013373251,-0.4191666943879799,13.551919834961465,20.528790967938203,83.56923710884033,42.21072844866647,24.380460543393756,24.037761381643897
3283,-22.70318638207612,-13.786964181487276,48.21771633631306,42.32015959853845,20.94564733063818,29.90300319120957,-0.6691672231730104,-0.40434552102147947,-1.3195963783876625,14.535704526420801,43.35364882219604,40.75135863870551,22.43144002773054,27.95904142512463
3284,-2.3400522905944108,8.55671841094479,33.36315713696725,42.73008587621888,44.71271061429283,42.65717091742947,4.622559570132041,-9.661440172996063,2.352848267301374,-1.6820588118652369,98.93170278388928,64.3167059592933,41.04712693523136,44.61728218758444
3285,-22.957112369939793,-9.167909664696294,9.055398453992964,9.695364551314862,17.837364188534693,13.227818237838038,-4.891551289762539,-32.532573291859784,0.8723256070738875,-6.591695057021605,100.21710009271695,51.88880349915361,35.22496314080634,29.546093585134205
3286,-46.424842045011616,-30.989615730707694,-16.914944727433497,-7.341726154338404,7.254799686962772,-7.2307242095001385,-16.053999698176053,-44.62050031049259,-3.576398857751562,2.7744767950204277,33.289001829251475,15.97431346212192,9.428623468980545,11.271351730541612
3287,-76.61660160503197,-66.59248699841459,-52.69152028886373,-35.49418822648558,-43.580368265063555,-47.17514585868445,-28.923725906028665,-47.90157923124714,3.111751326443734,-2.256554826500226,-47.87506923217429,-28.1626773003438,-35.19689146185144,-45.84704577676337
3288,-52.44161915655515,-33.33833464459591,11.997196789286138,10.409253022969748,-2.7741582038212256,-14.424286520703918,10.896506740434353,10.955023753165676,-7.996160282115556,6.111404508651051,-18.126316929609494,-19.67575423687897,-48.03230450505853,-32.93004245419805
3289,-23.037867932447128,-17.251691949755145,12.29367514312939,5.786226095713484,30.5049015884844,22.196397308171047,28.518077808214223,25.762721160932244,-4.468168754955407,-0.5547054656137107,31.440301919511715,11.951027412105216,-27.813167324675813,-23.76298108105585
3290,-6.1586952958894035,-11.853954943554871,55.76353020082062,39.792993203679735,25.494125591101117,46.59838420537235,56.23088738469778,56.87425721635232,-2.9636034620810427,-1.1117315685711722,16.89227408023976,26.505420283648732,-23.993120331380354,-3.9509077384443985
3291,6.193114097786049,8.69129492959425,47.50884822961006,43.01904060974068,43.5526225711349,54.55751106851289,33.429753566288596,31.99101998887055,-1.2488454214180094,-9.545770214760472,-5.65196648459769,24.460193626541496,-19.262164702660208,-8.049927537416407
3292,-90.34273110951759,-93.14722216869572,-18.998430834642157,-18.515897343334075,-32.01574313092142,-42.91727148406547,-28.02657613935765,-42.58574139476498,-5.76549182153624,2.189636807402475,-58.690967855889795,-52.69729847682796,-50.84072118238912,-48.34288209843856
3293,-89.00790068670466,-88.88669855221343,3.836736202446976,2.4909305056713453,-26.56086588788731,-29.050301791803943,43.226555522762354,16.005720843245047,-12.105505511839077,-6.012338324478318,-21.646857547377824,4.525083560456662,-42.68243188155331,-26.391190636954082
3294,-10.12722165963769,-33.70240345144356,-1.1224370369726853,-11.033181443603624,1.312746650902782,-10.232101431700764,10.040653259218029,-7.821830181917699,5.791485006826168,-1.0158987571597415,-12.90135706028479,-6.3927214216306645,1.7533978207965055,-14.187975317429697
3295,-39.320727627550404,-41.70997310690002,-20.089240271070377,-23.299437677812936,-7.985557658789309,-11.574905069133893,13.063973519071121,-5.790306639326907,-9.925658761497655,7.71449743885289,-16.1713200078009,20.96341741717408,2.860522637376469,23.053744021615675
3296,-12.191364926627223,-30.231365080947718,27.965800251856308,9.801010862477328,34.00670973323561,12.143306844602789,49.13835315347278,36.72237066546456,-2.5991118689241426,-5.562769626135925,44.95649859083406,46.05068808124878,-0.15432468176780295,0.9893554827000848
3297,-0.12700101615706227,-22.310597183895226,50.995666708707255,35.44537375120779,37.36209540397773,20.99821597166305,53.317855390625354,56.82081862839932,3.3484388983278364,-4.6132024735064725,45.03666743183291,39.047620185083815,13.313526116935588,8.61152818846754
3298,13.455548889034477,-7.3507243494468995,71.61756628782082,46.40771067634916,43.4463619138289,35.6994243929001,74.34076070834193,80.6285484901176,-4.617474221788121,-3.125457144140956,67.49146296153046,50.275319648434674,20.467973754778434,32.35641639726416
3299,-5.891350123658539,-18.224789695529097,37.22728489829395,29.745390078004732,39.877011791256635,35.63323427147033,63.1587927034978,83.01733414273717,7.123364287844898,10.080176427812514,43.8118027811288,57.107812467235036,13.712599411931592,34.35157756005501
3300,-75.62952078708982,-83.5683810241745,-10.434202509877396,-27.177590510526986,-28.027208968626987,-42.36848206302513,20.010295975405118,14.466673943439583,-9.259899691865465,-13.900706507644957,-53.645169355400675,-27.346067207447245,-42.44362945716151,-36.19535633368928
3301,-60.49585290475732,-61.788927451487915,0.1811510885169069,-1.5781410797868052,-33.135831245192755,-23.03028971475981,27.09255422533683,34.18109275239841,-8.76409785016202,0.7122531803771359,-54.79048465082005,-27.07594859245563,-39.92626780747207,-37.36102061103209
3302,-52.33812735231183,-59.448552603223796,8.45317015692167,6.985819849108735,-25.493659902373253,-30.654024075664974,28.84996767892628,39.97039526337969,-7.587465215570616,-5.20679522524282,-41.4842578241786,-18.3136235591394,-18.028167184677407,-14.77227904894143
3303,-38.80961982229851,-48.569716951749285,2.8830686596429054,-6.690304299837574,-17.28806720606746,-19.304374261356077,35.132541497368855,34.746377977176564,-10.07331768316084,-3.09077124681236,-36.30425752513849,-16.622801492533174,1.0704085383987005,-3.33004407883036
3304,9.162576751628539,-17.061889951815907,19.21026898625743,21.00282372221044,6.346922923152341,7.774174358271225,41.928306799785716,36.33054488401435,12.52726053463008,-3.253061678082945,-8.729614767840776,15.949845588773176,24.545769829665144,20.05675699840579
3305,23.99752469939973,7.3726901696756695,23.41393802046268,27.840780979549084,40.30283151386821,30.198974980518276,32.67324554752822,29.369025848168974,10.501683171097907,-1.227818465124745,9.952690712925701,18.574149791966917,25.156287133856623,7.21046490275254
3306,29.970978548923224,32.47508969751314,-10.052053076147871,4.41092825130609,45.22142230931727,34.86564554111753,2.3276907940209903,-3.890736939148783,7.326785238450661,-0.9138610324001413,19.145694744359297,3.669600306799415,29.849659931137545,9.001271074218534
3307,-22.927183585632935,-14.451343670851006,-43.53255408876353,-26.834839882868064,15.725488032370446,-15.701133825420813,-25.31309652439507,-52.782959398305685,-10.262701797547013,-10.470675076878603,-19.773058418976873,-49.882717585356346,-19.297677834780316,-53.26590816171892
3308,-26.46082266770852,-17.426958818314432,-39.95000442581745,-33.11806895630332,-9.209603223642423,-26.031126612439994,-27.779568494343803,-39.431082484513226,-3.3052995125301776,-8.548038698488186,-34.748232132171026,-79.95131170042434,-32.417049871347984,-69.41640167605081
3309,-1.6904037591911925,15.446308721625108,-15.463252537617015,-12.232251816869711,9.631225393162385,-11.618626507042373,8.332829599418584,-16.20472195874384,22.46663818830919,20.647786213686206,7.689316561308507,-53.440485443150344,-18.972281097298282,-49.09415510696185
3310,-14.553699739130431,-15.147372781570976,-13.483875618352322,-6.685255995889007,-11.663071296571784,-14.941719621783689,1.672329946746228,-1.3874079284793706,-2.497848774175305,-17.075388407612472,-20.984058980807532,-51.0779695637097,-30.21209743926693,-46.43401748720842
3311,15.386201204270147,14.22370126031835,27.1982723155364,26.244993450950993,21.95412158076201,10.921465305525142,43.09667197833191,37.43574374007143,-7.46302058469729,2.5711831591926204,16.0852409897695,-13.727114044321537,-15.966480882952045,-31.12478859937902
3312,66.10758787796938,50.92326940752272,69.0116571538612,53.474685821257665,69.12770933560968,47.101773048772024,57.1027170241253,63.90151410616729,7.203938841173756,-19.882390099732174,43.87327516697653,2.938095650828385,-1.4140455750035046,-12.941790363911986
3313,43.12516092526102,24.45235638914236,58.94933551261007,51.109054441679106,52.51292241228113,37.80239365146105,37.53638578774745,51.8650842060739,-4.1568359837162845,6.2337063273836675,12.659401948346101,-2.3089869040358506,-30.762264061506137,-44.025805624405244
3314,1.2203819950415753,-12.316541212912583,28.323241695435154,39.67555049672524,4.661598527168083,5.92819007497466,34.61740577137123,40.48984732209321,-21.866100043926888,-0.6480680338710461,-3.362200682407172,-0.6691288182952889,-27.51850274006352,-30.792890209859834
3315,19.628730830138615,37.12643830861933,57.31726715628892,62.970263001313405,28.678821029405274,29.213933175774326,44.02828812179023,61.07680054202835,-2.053160908746179,9.557047949759108,14.336163502138334,24.514670113381566,5.392192361755689,16.737626634842336
3316,30.71383625720575,31.50764561526763,37.40283835087458,44.237631803435875,27.93357265259889,21.065957166106237,34.74717599379411,47.74554468514081,-13.054762067424916,2.6469803770221256,23.42612786888965,38.92854309853749,12.753253191721111,27.99372454668784
3317,30.266012365209722,32.18999511578643,4.0013558030948015,15.730243360794955,10.860779897359887,12.266196170199878,13.543939842534343,27.31093510400703,-6.588024839784737,5.128436911554029,50.74301974558874,44.99163393040198,12.92223632924766,31.392572878777436
3318,52.52620092096285,40.08396541033028,10.014591318347918,10.729694372987893,3.6669418408234833,4.114429633495082,10.891107139096082,12.12454902949538,-3.6182199685153673,-4.407163297629575,34.22879099321712,48.265399393101426,24.325562493402693,45.361029591758886
3319,64.44749848986964,58.66997216043214,9.608646943381041,10.524830677265815,0.9521614075494247,14.064700749607605,2.4616789828947767,-1.3806670330002622,-5.574214697810242,-6.430098215438711,30.39957004215325,63.91342870086069,27.520599438257115,60.66207561206054
3320,40.634058738948745,42.894639400116596,-28.910733533604503,-29.548603007630486,-15.481797397120193,-11.33470707616772,-40.338305589330275,-17.339080507002016,-3.478050977261899,5.161048261118793,41.50661108453402,51.94480923587283,36.4053663608563,70.33442583967712
3321,38.70509855000028,41.887105115490826,-35.396058899795,-22.210491153389526,-11.09051134527164,-3.7747877399479814,-16.012436233608852,-21.82184017627926,4.550607587820238,15.415143713189355,42.66739946113441,62.986361882107,46.6544169102585,68.57949329682457
3322,-15.53795981201487,-12.844500451443011,-45.29781138331149,-50.19823217333844,-31.715890952366344,-29.388752121529823,-41.767421896221556,-52.26920640417801,9.7456305430358,-4.482920561062532,-6.662650961373958,24.044033998468493,17.35885494997947,30.78200683485195
3323,-17.852671162149175,-17.626201439053165,-11.83742141918193,-23.949739830451072,-33.00339387135045,-33.657106328896994,-18.639043700634073,-36.28301280138583,13.420559219670224,7.782545193294641,-11.218990474745233,-1.597145544660152,17.604163490050926,23.774647139589195
3324,8.147539412214416,4.313775482273418,-4.4748023020069505,5.3470908309044445,-16.11550307202046,-9.017379463069773,-19.307457453476093,-16.231701670282167,-6.390762101422216,5.455291360668704,-5.158440417365615,20.332664021878482,26.73701511200413,47.95153804593253
3325,13.862834320507226,18.403882834833436,-0.582736993105189,-0.957508057382539,-11.48950729615201,-4.225753931056244,-20.69416522564499,-17.417614042851653,3.97547834723724,-0.8818597176214298,-2.33574219682653,20.346726862144365,46.67109664669208,58.923874194828926
3326,14.863408749585865,5.947516224402699,-17.976736071763153,-16.191147721387388,-24.40858887302572,-14.03198975041692,-8.498154958649602,-8.742761558075738,3.021107980019975,-2.7358762255214115,-5.89645512391694,36.11600816456803,48.63582236140324,63.76052960270922
3327,28.256536477141065,14.93705610551829,-9.451562977681933,-9.95684873905578,-19.627029271172038,-9.076229619300635,0.8347568617977973,-6.589442844530817,-2.356355151728394,6.831429795481546,-6.513949355487377,21.95260251279221,40.43484383807194,48.354250556872785
3328,72.31421239265393,59.87842403644764,30.459434242124377,17.703714655886497,31.081779631825846,41.10958928285574,25.53426530086413,17.719319085394716,12.10340548345818,-5.205892544152905,67.88283346910747,59.734033633343905,51.01009358574005,50.90872531101104
3329,39.896799507753435,28.24967299011241,-3.7532434856214127,2.3156728893145524,26.52957669778404,28.282254840911634,12.359344513143423,12.546843956523317,-0.7899140787841988,5.544925710544128,38.745824494294695,30.376067837427854,11.095495660981197,21.73353074317384
3330,-16.763664979674743,-15.217364933570893,-25.167903541737825,-19.46853684389533,1.6435738956168318,-0.7597069085969623,-16.37513025046668,-13.277191617514077,6.898521063968932,-8.974822407246831,26.29588243614816,-5.36838761450021,-22.86614940294475,-18.935042658930307
3331,-84.77593419119043,-63.318555748655974,-92.57661635377299,-86.85283708490368,-44.09440315964961,-40.30503383776877,-37.153752177898745,-42.62075674808314,4.705508078550672,-1.7995661780075576,-27.882655132914465,-23.653693823883557,-35.98238456769054,-30.893747592446903
3332,-53.268815184682,-56.06202421186525,-32.86589427847555,-13.886969947051583,-9.037122420235114,5.810452080604489,17.030646267140877,10.278005251616378,0.1314243684940498,10.500474893559423,26.767192040465247,9.33075199465303,-8.567580841324803,-11.090446043109399
3333,-48.49114626130147,-60.19179312234902,-16.692203111410965,-32.05107216985889,-13.630138877177753,-24.348819293951312,23.12647469981051,-9.158129482103828,-3.651184366978962,-3.5176506317083804,9.389155733981406,-16.4537303765928,-8.4297959493073,-29.004763634514344
3334,-20.70380866251584,-31.357502119334825,3.5668967863813674,12.314810132214934,16.1428450937605,3.2456281118905808,36.41083459867749,35.803451883489956,-10.17538828831159,4.042369758894575,10.415295226200307,6.687713330399788,-21.18490264210225,-5.830938640726399
3335,-11.650388889243708,-29.872331658572648,43.387476385478614,39.62980260960706,25.272772751316527,13.575813184433658,25.074851349424335,33.169794684735706,3.9310743952104894,-11.132368697465456,4.646149995759722,17.120873932826136,-13.16161483423329,5.407939009488105
3336,-35.52778669688394,-34.84227450286855,37.48653435501407,61.45083349692676,23.2489274086565,26.81524277935773,8.351869347328352,36.856843643956275,-24.433384252748507,-10.933694028452786,-40.167327311441724,-0.35385974936071585,-11.024013155742601,-0.6900603653939176
3337,-65.47879462071924,-56.676212488913656,-7.8088457780217135,6.155399475532976,-3.6893710542291025,-11.54310593871846,-14.418345774172183,-14.343172038902702,-17.50982645964335,-18.34761742916121,-57.62284956552527,-22.615661640204273,-26.86712939941932,-24.100896741296932
3338,-16.286594557499072,-7.852649310670822,9.721590289197623,15.424817710003953,19.23481884470126,3.1744381610408974,-5.080753807704831,4.274380187739888,-5.437886140073471,-2.8249859026177955,-30.080375346660013,-9.26651553213891,0.7504019378427246,-5.47395758085255
3339,-2.61121573389996,-12.919901155148127,20.638228588513268,28.279808791222155,16.292735087490662,2.2248185059841346,-5.591603326258111,22.273141054305935,-9.58435444934214,-2.5354814149927347,-7.651388046839774,-1.4939199486383627,-15.746868415820265,0.26179368664339625
3340,-15.54653893686773,-12.484897684742617,3.685905147814793,12.993449739745094,-10.508091199376793,-19.77405583463777,-16.291124736291216,-2.8177721815941394,-5.1402596114694505,-1.9033399265051365,-40.41253762293423,-15.390608047647921,-8.327311411219226,-13.799700001082075
3341,-17.609931302645304,-16.778589938971564,-15.393820143678965,4.490332299722004,-35.76384684511527,-33.11911600984219,-27.002204929313184,-32.80156136989903,-0.4752037305012167,-5.602606662527367,-39.01050210081416,-23.38562249781716,2.3766573533872193,-5.347415042560843
3342,-16.499391959583185,-10.74387688478924,-27.165777847679674,-14.574182346562356,-40.88594380168508,-47.66307631413624,-32.897717548569226,-52.08713026913102,3.181903140349121,0.7997681891909414,-4.504046674259678,-34.95378293601547,8.74630668362603,4.4540496173567385
3343,-22.416720521910193,-17.867545616898504,-42.35507005389802,-36.4139720241067,-38.01237532070479,-55.477630928815735,-41.379024375803915,-61.86642751302479,12.604096909174075,16.04112064924189,25.668840851938995,-31.855592560081252,13.893252371727199,-3.9680401785922923
3344,-46.28548112331075,-42.602650897429875,-68.15025935633312,-63.58315352271989,-58.1203995480801,-69.61469813833762,-58.28877239934447,-55.165840442384095,-6.963303335143258,-5.982638626387792,-35.12283800991516,-66.63637454996098,-8.259068306285874,-36.95057954143493
3345,-87.80503335138143,-85.8962194678669,-68.26256776341401,-70.96892320460177,-93.4084472142884,-117.60701818044468,-63.66895043533686,-84.81225459573605,-4.18484062967109,-11.781986771811805,-85.97062403598133,-119.57115641668315,-61.582336332298,-96.59339242781529
3346,-60.248680662928145,-74.7524862829174,-32.40132663042697,-52.121787769313606,-79.70522437518831,-100.78612353827803,-31.968308198172895,-39.1231319827826,-3.0988083545925984,-9.15936934132875,-97.55202046746524,-115.83634475370403,-59.82874508449111,-91.9153228035258
3347,-29.41677976873786,-35.89106266875754,-16.987535677608555,-13.405290291735955,-41.68696218733258,-50.30966044197743,-6.880911450486004,-1.3327786225472622,-8.814639487975946,1.0188334003146897,-58.95927467043465,-67.03753819757823,-49.057330584940196,-61.425065861325606
3348,-22.831960377793937,-30.73306346415651,-36.11968881991282,-42.355932252122756,-47.741505504982484,-58.98983949984894,-3.5552044099841535,-14.97969839476489,-2.8053263225769407,-12.076914587904739,-62.63081349468259,-61.19320840756385,-45.53855360835203,-55.75644120773938
3349,0.9437371090221917,-1.1585237787894784,-40.19100767902003,-40.35632001374636,-24.020461047194008,-32.34351664747576,-2.6618011542247544,-20.58858002568295,-5.890932905263995,-9.774722857447149,-43.2943958325669,-37.510981615927,-25.141121981751546,-31.81940094530222
3350,12.33302826326563,20.607100212553508,-41.444554174276156,-33.59206156988907,-3.0761628958109943,2.877735831780444,17.13606241328564,5.418093088783326,-1.4608624688901983,-2.5983094214860256,-11.432610629505193,-0.7684917251597481,1.761722492089103,1.766034742848464
3351,12.314811967990861,24.746675262084313,-42.05343341407471,-56.05909551426798,3.149940040820592,6.1123102380368435,15.950000377076464,-1.5742097359548424,-4.885833753242992,13.435964361770854,-18.711322138824983,7.528582157429058,5.399283996476324,22.229301863957197
3352,-5.448206145742017,3.406790390051897,-77.56463568202645,-78.5958944207493,-14.706681981323701,-17.386137803581075,1.5989573347230597,-8.160301013533173,-15.510107894501033,-18.14743280616013,-4.056380623324108,29.858582073540376,-1.88360013425104,21.803679811455936
3353,-46.310582568788725,-28.446460903730507,-84.64712755955502,-91.30279914586333,-48.195797888292454,-35.758966473628035,-36.087638102474486,-42.306905281137816,0.7317457092666105,2.716197077968505,-47.745339570283654,-14.903985897649266,-15.691819845951958,-6.489934342488005
3354,-22.670444122127044,-18.647527051501203,-41.00234812974326,-41.62767641385693,-12.11772730228908,-3.441442532281144,11.001656451105655,-11.488839496448023,9.437797927240664,11.863208733344717,-2.890792289433671,16.419562888509216,0.10043373221669231,15.48016364564172
3355,-9.471661423793941,-9.068048163075614,-46.55695623109779,-47.947484006361464,-14.209954396843685,-3.535638205231855,11.002239139703578,-1.798364760217036,14.32245933007936,16.7230744040841,0.15788921224563257,20.031318179930683,8.964106052894277,9.985717552740697
3356,29.153775469785632,16.98747482790568,-8.00498262602285,-11.445461764836264,20.56080169707923,18.289505848319966,28.622536140538045,29.83855888997917,-5.229010284291213,4.10825022166637,37.30208276632106,49.131067206807984,19.14176722107083,17.981029513020662
3357,51.39645535985708,41.475946437813086,13.916291519933443,-2.753438723638741,33.27101259710595,40.9555918261204,15.784054570209188,30.47234502087406,5.12968228375489,4.255654708919124,77.21978289042062,46.95414723006884,36.63249955466592,27.691656655734075
3358,71.6116826706833,56.739227521526,45.06835191812346,33.873154722864285,66.61199207947797,60.5175566279562,41.53069825075568,37.04219561275302,12.10038634940175,2.104231197923656,89.13546120567239,62.683438072604794,49.334374685884036,34.31138597263586
3359,27.507600511681716,31.251627054182602,28.5989072245754,19.55869909838748,51.459563401729305,51.56175100044951,35.84050661421627,30.625200697499547,-12.854763217576247,-2.4447348652126455,52.91666724618902,51.26015425007349,32.22225167071784,29.42770166871461
3360,4.232943157327109,-2.3141907246129865,-1.1606494509310206,-11.637204904793373,22.32084868349249,12.644962042592729,14.463347693522957,12.325057895995485,-7.504899545277049,-7.774363163821973,24.29119077418959,12.250258652096202,-10.019936813510581,-19.090997945797838
3361,16.337350906846474,5.022904473008341,45.277594474932506,32.479912599434634,42.45048220199163,46.29825031046229,51.63399309452151,57.989461462226814,6.40007136090209,-13.728216301912033,44.70369541313986,42.5837278390673,0.4829834874003168,9.571537112618588
3362,39.95039369059591,37.09994707353158,53.17825632517386,58.114443661382275,92.15466224609798,85.93209467262275,92.96241471397036,85.73992767886283,12.451622634356951,3.283352347557544,92.33883737086097,90.10185946299642,26.732327578768093,28.805915834364246
3363,28.328366452875528,21.202354889277537,52.73896320777493,42.298594358527694,73.19794110747077,81.55221617574448,59.082306144480086,60.64163309775226,-1.8083929260735454,12.378871938198344,70.75577136483697,54.74462091804775,14.718254435511254,14.603809115224472
3364,26.66436460437977,15.928441001310931,64.84105134880858,48.96082530685662,68.07291806464112,71.86071912986901,68.77337149064445,77.61457155639175,-5.321316404276085,6.388453314909246,48.724567348773434,35.91137526564742,9.028841171224116,7.897833270202881
3365,11.833704890243954,8.494078847487732,13.426781081127132,5.588626031356331,25.8299982135901,30.47475333999279,23.038470362791315,34.42040722669822,-21.27863776593169,-3.994098116295446,16.820773660452957,-4.1523652996218505,-14.131643881806582,-17.724745185335266
3366,4.4665112157445535,7.778185155096189,-3.3024685915951815,1.2741550321385926,13.87923711999038,21.8086119580675,11.463094434928635,17.81143396883604,-8.232755438893788,0.7153613765386524,-8.151100223643592,-16.30399888906004,-27.79614876736436,-29.86491973401437
3367,-21.656065880761485,-8.580084088182225,39.20880337308258,39.76064122784826,24.748561441765222,27.026491565952853,17.31288032675749,37.64344775341029,-3.3565147248757885,-15.54660617691708,-16.74991359786776,-6.983207409797438,-26.36690202310774,-22.722968953840248
3368,-69.31075966855944,-61.47547788441977,7.877201571767096,-3.5973765599139487,-24.796172138374093,-32.85762845300491,1.1380896558000775,-3.099433560138263,-11.43555178357765,-20.5393230270417,-66.433018687453,-71.51897161575653,-60.5913371330976,-69.11002554572104
3369,-30.999583346843906,-26.916870989623725,49.70139982399133,48.10225690114007,19.151629272898386,15.30467823502222,47.5270146448235,37.13959643502996,-11.008316648978054,-13.070458616741798,-0.2669453500326182,-6.548619251085614,-35.03115616621668,-28.238110505659208
3370,-3.461684075432432,-2.255780075753843,19.30470576281005,20.26986592047231,23.24537420598627,26.251308139037032,21.193151816396636,37.9210746873305,-9.784357272441415,0.40625910106393404,31.52963752229079,23.297775321159374,-18.215298623974352,-7.083924940316866
3371,24.84236896360094,19.324786445801337,15.169256708306113,7.353248191304656,33.18373435931702,40.09172123787374,22.68757269615054,41.56265681587022,-13.059849661847586,0.03088527167825772,52.542467244293235,48.852270466177686,-1.6173522768004007,14.597436738722491
3372,25.601255503416027,21.932866863857658,-9.844976953087068,-5.434319431707865,19.611929291360568,38.63742676990072,-11.152021833170409,19.919600275841105,-1.893826887426447,1.5933195682157022,8.751145973378263,44.04787721621998,-4.165090097498919,18.15045296906255
3373,16.225059734502317,28.714808251910092,-27.330698840135486,-34.3865358614814,-4.579797023814619,40.83543417323466,-39.72674148188082,-13.55443655632125,6.17396448316335,9.458691232059902,-22.97473359052379,10.353250956795126,-21.57313136884585,10.353560658716846
3374,-6.94477698699344,14.176754891263839,-46.97903135255533,-55.36988060610849,-19.78614473552815,13.999044324143737,-50.56771658337876,-32.087247183423514,2.591689869748127,4.394721377915673,-47.0382527772769,-17.863101297514326,-27.690966646277204,-16.045559203101718
3375,-24.274942640729115,13.809595392518263,-60.34879714599765,-61.899964957046606,-38.84783702883551,-3.7802939302837735,-54.30590130988076,-56.986140518734544,-0.07959056485700396,10.886285267023801,-70.55840209963017,-31.791195438192265,-36.20362475594986,-25.74691753156901
3376,-60.675818716228754,-26.499222678966227,-97.14410627921109,-90.54289769037204,-74.4186537997106,-54.73373720979141,-91.07621562588098,-75.18285480083895,-13.849713575873524,-4.587729027633487,-117.58007461779613,-71.18763589942358,-75.46772421161545,-69.11771944425581
3377,-91.6392551526277,-65.58833617255078,-97.3835588404554,-73.54385244177656,-80.70014358341334,-47.42951249982549,-83.28259247341451,-72.05139552783946,-7.646836785072806,-15.898876872415205,-102.29967040496805,-69.76044000907923,-82.10243529051,-46.2818678812163
3378,-77.14514756836701,-68.21027173369254,-78.05911560513609,-58.92696392104979,-63.909107436147764,-56.77039978664137,-59.824872396081695,-72.75413156713807,-9.120284221939825,-9.86287219562766,-91.54631583563373,-106.36480689481417,-73.60325868126931,-77.93379802991878
3379,-16.811170469909882,-15.546289390823597,6.585920296225583,11.401482703113912,-1.670872089865882,-5.655088924165133,-15.779656782722425,8.270721418370712,-16.501692489238227,-22.641760946977755,-68.65535789025645,-67.40002476838988,-54.07004447254194,-63.30195111164057
3380,7.9801957998958,9.396168584587745,33.8105732031245,46.645404136595786,0.7166313777075866,-0.1747049602785426,-26.926134295828387,10.239490721901007,-19.226794567203854,-7.4337042595963325,-63.018897395112546,-66.85691776406861,-38.17407720776348,-44.993218196826504
3381,-3.762416689207832,-12.059887859454415,36.41294059017567,41.18113217332828,-12.905938369602161,-9.35428365028008,-8.721122305201323,10.030578438077114,-9.972691889233028,-8.559195662908639,-54.77343585441652,-51.51667863715859,-47.32171850218584,-42.597270319835744
3382,-12.773753961425538,-21.72861776706959,31.18908913841328,36.48477995089877,-15.687982296773296,-15.005295266737184,-11.090174761289258,21.05349061585445,-20.54060104214944,-12.069655711853986,-17.360592651286233,-27.161097480092057,-36.392488521764214,-24.642221738614726
3383,-18.846652886797678,-4.352998510913736,26.95637058993754,25.87693126487846,-10.10078445457924,0.7556594572162868,-2.4168316320484857,17.787988236430927,-8.581584868316943,-8.599170729163598,-25.671494381184434,-5.791347722646314,-18.238934569616273,-5.476041553558006
3384,-7.292686149384514,3.8398207113664444,6.543843366467928,7.873975364401215,-11.932299070058054,-5.391644008640567,-21.6296357692936,-13.266174654199261,2.1018959091687672,13.252104768759676,31.22495206639738,1.2212219372876716,6.9257718503678145,30.67989647551138
3385,-22.37012400318454,-6.371115355905021,-25.39477233609877,-22.561511024717547,-27.596801061492055,-31.601505781662073,-37.76575885187463,-30.645926054053554,6.712486126283758,10.02334891696358,31.25748518419484,-1.0571544370842898,26.90727985830108,38.71266252559159
3386,-33.76920869419757,-27.128659767610202,-29.981305691770654,-25.68779933772966,-37.33478621139119,-36.717520693511524,-40.76120079578834,-30.20377703346975,-5.645907166925318,-13.699649461903027,10.103777262721973,-1.2693272197342915,30.948530598448762,49.35780538782719
3387,-42.27054738838801,-35.01392304277625,-29.922984956350785,-32.60390275590394,-28.87501517998636,-41.896685122485906,-28.796321894475515,-42.233474312706356,-0.6523862209178929,-4.245307425126374,16.4481404695147,-7.01292234091155,32.100685171575414,34.094884608321344
3388,-23.406754604424243,-17.657209863948562,-45.969285841063574,-47.401026292647614,-28.196298156150988,-34.61888260641793,-26.34746081385902,-24.35593321722424,4.844833460789681,5.825088061413892,12.306744690597169,13.876273046967352,35.264841597077734,49.34852532681834
3389,-38.28621336909203,-34.64100341675161,-32.40720832520376,-38.9778959412401,-26.496967481565797,-33.456555661922074,-13.146938824712956,-26.175107430507687,-1.322969851228035,-3.190367401897559,-9.837906345241386,1.6694621649466788,13.476458642863106,25.01111365759825
3390,-20.2845820130866,-24.77671605544377,5.250777578779076,-4.247129367014841,-17.765395961819443,-10.036869495452843,1.8973133600911543,0.16922942370606747,0.09137590363824444,-4.3588589353643865,18.580565698677212,9.236380758327932,7.312438363003259,9.796891483168746
3391,-13.36610594817486,-21.259660983346443,2.878710935289847,3.932474317078734,-21.394257438399542,-6.196773626866224,-2.6504601631698095,4.457207020717641,-4.215689743583679,-7.8062576288244685,13.288528416784057,22.874595638340125,5.654842678366578,14.912601456864286
3392,3.480560355549473,-0.5767045407169573,10.885101781122259,-1.2027148290316187,-21.059083542340893,-11.047677991439015,-6.3621034917013475,8.74070276672686,-9.051305527444649,3.468025792280713,27.46020016770899,24.40387527103142,8.336859501179175,22.93308484115087
3393,36.19196442423472,35.923257596804746,20.86806119385166,2.9782920396470747,-0.5634110237078493,7.720047574287803,8.369767258056495,22.28151099552182,-4.317780689014173,-0.38045151989903525,15.028811152442717,27.399733520591923,11.956845925887905,26.11616361815372
3394,54.004509419777065,46.93166176396117,14.288111463627239,13.048894636815906,7.2170667500564205,10.923356666124155,10.687102183405354,28.787398047693124,9.152586020312741,-12.447680216885606,5.81821463694644,22.01776085258392,19.761731316549888,21.157633824667897
3395,18.11520313075734,16.353580801510404,32.588561161132624,18.289968795130076,19.47494391551894,20.42541625824013,42.49353075571493,50.16906506092688,-8.39767440811591,-14.613588767515187,28.86703663836036,34.72724423362265,-3.8681884414739605,8.455232837063617
3396,-8.603514588344144,-3.940360111433755,14.41587590873379,31.062370825123523,13.154167134740188,26.07328840270518,37.47432602459258,17.08664385799529,10.475852345371976,2.0207009788354506,49.54694705148093,12.124058331786266,-6.9602030682352405,-5.7420501061394615
3397,31.30556725403904,19.236593602770373,25.781725982678253,14.512385417372412,40.91475543839682,18.202541658086357,37.92027255079609,28.7673238186838,-22.064471157723087,-8.803552383220621,26.21867250615123,26.772940698393604,-4.2632876129976,-1.0236576529142078
3398,34.22750193230783,29.937578587383403,40.465291803331176,37.05721756682123,35.53946303625007,26.279291124392877,41.292692915288534,32.835483395171245,-6.562946481366719,-9.378722461418327,17.13535570981492,22.84703462419365,5.016647233692501,19.46652534518837
3399,73.5978845691274,57.46575226101387,56.869320380510395,36.46854509336109,67.60479803291703,44.23631510855342,55.437642450885654,40.797863917026206,1.8770637164177781,-7.134920696738543,62.2946993178675,45.981828365907255,40.50677701081031,28.851775741876562
3400,87.61366218451232,78.8712467649539,66.4453712637161,55.39884994717333,97.44435638640616,92.92021183381237,77.79417193041742,83.15320010170868,-7.280777465921747,-11.405671550344419,92.22720123410545,100.16395208408719,59.94982166485352,64.48080866406919
3401,92.52424664161563,91.53585758684272,78.04480952048861,63.23214843227913,94.76727796997947,89.4012681207176,58.772038261054,66.75502387898023,3.721169515127029,-6.8719029729706955,98.81302533769154,92.36360992990005,63.73687853897869,63.21764247515678
3402,66.83425509937874,67.22627369265832,58.90084921811458,42.61675379048881,57.61426391251228,67.53927823906284,51.30796418467962,45.85434992597783,-11.77882114237361,-17.53018220165817,44.459601148877425,71.95312159963507,50.14233036822954,60.727710457929284
3403,57.98258153909256,50.03893020999333,22.88865827801713,27.753839687706186,35.15999059958068,50.28373604023965,44.61982840308875,42.758982717317636,-4.964117543749183,5.514625877036617,33.66419560463059,50.511031029391525,48.73326507807243,58.22999169667562
3404,33.85865423460426,39.8085343035217,16.658953631168206,19.907003733313893,22.276922689798614,16.70847912447272,35.358415743836126,28.643157772404344,-3.9153160427977696,-4.592815948337782,62.93391940633151,54.463816152612736,55.271647518074246,71.86724606607937
3405,37.26043860142636,52.08139381961974,18.68278982793676,20.4319625956999,4.927838693795302,11.609252087009564,1.0222827734130908,4.7791501841783965,-6.139734212606768,5.605171090096322,60.54734808117179,62.60819044521077,53.15385502668495,79.63257087977604
3406,44.74321603892892,41.30038004066403,6.514368414948997,8.906027191194267,3.239453781184779,-5.328288903504366,-17.375631720610674,-12.230174010651467,3.62659443313499,15.640429504193781,53.58883487187455,38.497226996943795,70.50592317263009,74.39283400681505
3407,82.48225329439474,72.06461434446416,29.768492854996836,22.755036593763986,38.384298612937556,15.801936146947915,-4.309305991524991,-9.632180744532352,19.677170939174694,36.41822364651193,84.84498119313866,26.448697239600115,94.43400350447035,75.64405157275088
3408,-18.21917124320112,-19.633453539065002,-4.731286003789138,-3.3019177248834963,-13.910756377489424,-27.124138444709107,-12.026700009371249,-27.9285278702798,3.881511891487284,-5.511953739452028,-15.893765849888105,-0.6359204157769255,45.87845802172002,36.127116134770745
3409,-8.635813889970219,-11.366753961422486,-13.49752813807762,-18.243661969888638,-16.60746723828362,-40.13046707383385,7.521140511085764,4.324317005663059,0.35164636431968194,-11.782725008855898,-19.050924725348224,-18.69961807113504,19.6840598111542,6.341414571135604
3410,-27.8663229889399,-36.22085918985625,22.193055406372565,13.191714581032356,-16.209512870478015,-16.758308608259185,9.860118513927418,15.247669847186918,-7.559775105858861,-13.162783906365839,-41.07097716825433,-23.515205491948585,-2.432838461604807,-1.5962241765924758
3411,7.3358336392997785,-2.9714637748163097,36.55899695085998,36.83931398161747,36.99103272269398,25.839136470906706,41.37724594234102,49.19231406637918,3.6603592267068907,-2.651899364478548,2.484576431336965,12.748494613210644,8.877563345985958,8.848617596204022
3412,6.513759120665011,5.354373191793409,67.97580359546488,57.37686551932118,39.61155846044326,40.73515293296746,73.79824912150276,72.56663849839978,-8.146218199960744,9.779120311286908,-3.0713823028461595,3.51518291749724,-6.772531687990839,-10.823597631233442
3413,-2.9162772462429327,-5.586964467901544,27.19005150409339,12.286229707288248,13.202322934690073,2.207266867634396,32.26906674525645,31.910362960791815,-20.657569117580415,4.7182588907548615,-9.740846409874983,-23.398346880820757,-24.65095704106071,-53.3157159264626
3414,-28.075264228622675,-32.98952946948171,26.854895598154297,29.643227499165267,7.91822876308796,9.342794300521419,37.06594849627777,36.48899513297152,-8.322492385185997,-0.028349085814739716,-8.832560918068282,-9.22948128095142,-21.189562311628947,-34.78749768347383
3415,-29.37760523785328,-20.07201827735089,-1.4759718278959006,3.5412124354682053,3.5675417831183047,9.327701209593267,25.896459284344925,17.96177958315995,8.708015671414515,-18.572297187813295,6.45826371639903,-5.831113253656926,-11.58136608279784,-18.566297339033408
3416,8.975050374449653,6.3399395241978596,20.599150515443394,15.18687228983828,32.766390379779345,31.513358394389183,42.65438127964069,42.87251607814111,-7.534029985077002,2.66217939350927,-8.842130404834558,13.148814538990072,0.47626781073732755,-6.3349156411339775
3417,-11.209671199262115,-19.96763382948031,16.510788471997003,12.024623992351362,17.583188168309345,14.018391920187094,27.708109596010463,22.13868008830176,-18.38908899397515,-14.285905910918038,-10.976178462320327,2.3766045598945627,-16.209886272383095,-13.10022538237888
3418,-2.6433168492237566,-5.798856580139206,26.02394607764586,16.2093360967192,24.27654519688187,18.82553897585305,18.262240501141882,19.306870973237377,-11.975395963446838,-6.392610194804025,-18.788662258503543,-12.672752038569477,-32.904783570011396,-25.48238671337663
3419,27.389927024511067,23.080246744402785,23.941753405314287,12.86157284690272,19.291681365402212,8.638191937009811,24.165518775404802,12.21456178565175,-11.387141411244363,-10.131450117164354,23.2312216476545,-0.8771954559731812,-30.648682295798686,-37.17705220950251
3420,49.41961724808411,51.178754613804955,28.3625925492433,28.703498141540678,21.69902658130764,39.647389772004075,33.30676364719327,54.2979241665074,-5.736408116454097,-3.151945916107536,4.694474703356956,31.75797677781176,-30.147575956316544,-1.2951647974269742
3421,66.83989171378597,73.53495612083303,59.46254444280223,74.78066617539761,68.60200334810172,71.14463272529893,64.94299044579964,74.11370344859749,7.7200465045971844,5.623397591259879,67.05665011139736,37.24473255014223,-7.423527795369553,-0.5762918583798942
3422,52.346518341167915,55.58373680038226,23.01904112024989,24.061290670554612,49.10902886334151,41.899912535316915,25.87629699658192,27.143719037034344,3.450185880919168,14.963193741180032,58.256857248232166,7.587424870707726,11.41284139267611,2.9349806644074206
3423,8.690379942857415,21.57684034966788,-2.8221163273725036,2.2548218597116154,7.904587577510913,-0.3327645557534607,-9.405785471956694,-20.316014803237465,9.080418779049454,2.7271615805182097,8.039259969197044,-28.200952434612965,0.46062190323002494,-11.734277859989005
3424,-13.888783209464776,-16.47913233206826,-8.39266337145481,5.3705984991336795,-22.542958153896294,-35.86443792254902,-8.349229253006529,-24.491316424570474,9.904819813786562,-2.8451683353918593,-18.341152014543987,-38.00035387430015,3.0372741869176414,-24.520463168677598
3425,0.33125784865927,1.6739929408583778,-10.308031249019892,-2.1302884798954116,-26.092835492614267,-27.089421681099562,-23.884748082541204,-36.524269339692935,10.955100773768287,6.447251324808544,-35.15894795074534,-32.48160833752698,3.791641907565875,-10.79998958728646
3426,-12.888876780240786,-1.502894270768367,-32.3911759232178,-11.997988464829328,-34.98715855705752,-29.525296606146533,-28.88909882882728,-40.70426058166119,1.3046169521606792,17.699656986293178,-4.137530284964807,-1.9750808960530695,15.498650324832807,15.577704533511572
3427,-34.4150259784705,-22.793173071647384,-54.87637420852192,-56.73063833004663,-55.754072545185366,-62.63039784063259,-58.70618063343189,-67.4988339937061,4.013956487005483,-0.45031375163227505,-32.96054139635577,-29.139850941108662,-5.236601772530273,-11.27716679609293
3428,-28.53506624478701,-24.459692201475246,-34.19787605772666,-43.793750849887665,-52.55188825421767,-44.83548067053939,-27.34269478895817,-27.67678172918495,-2.551949139580296,5.158955922243831,-66.07634740543226,-16.147261616997874,-5.589909008076512,-4.934733944816402
3429,-24.564631646511696,-30.47029749619405,-20.61598376175703,-25.05680131768988,-34.49892966596125,-38.08885972833207,-3.6991584200400283,7.715327866202932,2.4533707452420823,4.877949778604629,-21.119815664058944,-1.08731039902997,-14.85275530819116,-10.727410597437926
3430,-9.37778953433226,-28.034098014929697,-6.403371533560729,-20.494745597397674,-11.034446183516089,-26.61827590617606,10.65040336064311,0.06530600734447649,-1.7043779066285765,-20.89974379974813,-3.24626055554861,-16.273084944631574,-8.948664216718232,-19.719490787785265
3431,-21.957464166302614,-27.25989738071086,-6.506467671742577,1.1497649208420335,-17.242757634504077,-33.877545063704325,-9.269869107957438,-2.3678597705538023,-1.3433222578165183,5.784047721564812,-38.93771418729786,-46.39879977323955,-31.886509072825028,-47.386507739917846
3432,-10.646943740651112,-14.947360515528732,-23.647331440914716,-24.50614900611293,-23.566057857177253,-45.82072216654588,-13.604408609541222,-39.72373856725817,4.97467838825482,-0.6911911897823015,-24.71493976191576,-53.29816541425374,-15.32902994821582,-43.75955874084579
3433,-16.849715492721792,-2.7046838082750755,-46.95414541344801,-37.5745259931702,-38.15658159422125,-47.378886076578915,-15.587261650737835,-29.705538458615546,2.6480311411347706,-5.113921010302082,-18.253551112503565,-53.00576438238317,-9.518806142837317,-30.099940530008396
3434,-19.944226830800748,-6.903115615884572,-31.568974758446945,-21.0992425912639,-37.8453157061135,-42.36578362120493,-23.46055405874309,-35.010933674959624,7.522180060540868,5.539532403644057,-43.88556951988176,-58.0783405056487,-3.1892557067930074,-27.02566466675763
3435,-17.244315046408648,-23.61646855207133,-31.086396369185284,-20.42581804600638,-32.837299417247365,-37.07055583703043,-22.97988271566434,-31.87491146266111,27.09801266313679,-11.54378906180413,-21.908861541059093,-38.81393146815873,-4.859768596049296,-27.571263978631954
3436,-17.519924401659694,-20.55488445456139,-45.287790000681404,-29.326992908571746,-32.55517282380801,-51.29633647208046,-17.82314793475782,-49.552914611725406,10.110367123397959,8.25646877076625,-37.16722524228818,-62.13932678410994,-1.6515661474119345,-29.77592336415843
3437,-29.091339028052882,-36.189903541450036,-44.88196994161155,-37.02014278918084,-52.404418298325,-67.35694632289518,-39.89161921986122,-58.63962016594653,15.85431068546283,19.01385786379023,-49.28051050170354,-48.39533559405798,-1.3915258059183289,-18.855639409532372
3438,-9.595900962937094,-13.994301991414607,-29.69724692800105,-27.92047228946656,-50.22819612112844,-54.40406134579279,-38.893693945595246,-59.676119602730594,9.273329931700145,0.1254681028418725,-25.365078806164295,-18.183433608453306,12.219566008887986,3.659434154195551
3439,-11.541679814363079,-19.47656686359912,-32.80712719741749,-27.33333312083565,-59.1425736684033,-62.4181916494613,-71.55265373773952,-83.22045232067981,-0.593212523307136,-4.049238096301097,-37.551962979248344,-22.693295882501776,13.513848672001187,-2.4566809664299565
3440,-11.300796588462665,-12.539806399546128,-44.718805779433154,-37.78481388917767,-72.39326087305794,-63.3836162690161,-42.517502033283186,-70.89332519494835,17.095705873065853,-5.342216621582053,-59.56386262912216,-31.67528456786353,21.566685322050642,0.8045213802747917
3441,-9.825171538936813,-20.86047394144399,-45.833879146345595,-52.25706170652518,-64.92295928918962,-62.19373927232256,-39.550084781986875,-43.69004561502749,16.891196001282058,-11.251216989526274,-65.60901924307888,-35.31490251883345,4.965845658048218,0.5728687172680342
3442,-11.286783552574146,-21.30615256013418,-35.10770706913236,-58.43792651118195,-52.048661146963966,-54.55651371520418,-35.6952494047124,-32.17483870064841,-0.6214686751992495,-8.602245928163377,-83.1592388012369,-64.31024129901432,-7.512701740738431,-25.28519781225274
3443,-27.538004189391714,-24.101710015433138,-41.728684831677455,-51.933229609588054,-38.10024698056263,-47.98920220879596,-14.411255004778415,-18.272226480994092,3.550491310857461,-1.9890032012356098,-101.06560377105524,-70.45022939423924,-4.778980807721368,-42.08776394196581
3444,-19.120694823967042,-27.663410816690437,-28.17703852964304,-32.4213411121365,-30.737725506757112,-28.590928863804635,6.588384970018753,2.4417469343079587,9.690639834331058,10.434155224522762,-71.58672118993454,-51.345810690057704,-12.743893809229839,-27.18836915007366
3445,-15.149049757229957,-22.367374865155007,-24.71916226410148,-18.37545256791842,-4.675658818415987,-14.6210246949432,-3.075825456577996,-3.9209523541251294,3.2366142543105885,3.9825661788785878,-16.690845895014608,-44.621205374597444,-15.319261884819866,-45.04755930110094
3446,-3.922520717808266,-14.191787685859541,3.5974935227211966,1.3210966157287936,8.269399522585106,-5.075144326450537,9.627514127880454,0.5287756874884249,-3.240712918511033,-10.987517814885418,-7.248296457374652,-38.64290228104096,-12.199128991398744,-33.8296049324387
3447,4.41599408150574,-6.2123904910638,-7.845933964588466,0.36212199711124415,-3.8509810811615766,-14.000911733151833,-1.8152046871757457,-16.518531465825664,-0.33122762079853807,11.984422507455063,-2.8149576161070087,-35.73015732901021,-3.076664970823183,-33.18035247659239
3448,2.5093709892460185,-1.8368997854740248,19.82537789056831,16.829851481432577,14.440745650884265,8.449977840762724,18.381364280440266,9.500867150807634,9.906046151867644,5.55374928103263,26.99552796025112,-10.490417484821037,9.551803434814385,-5.764134836481873
3449,32.195652177481136,21.768517218626343,29.897275238685314,50.57763174187896,23.931087697881136,16.46119539299329,37.79119705589047,19.034151395509493,1.2643974940264975,8.186909853139996,13.36283412813443,-6.148458277999612,21.96152618565225,3.348815355216021
3450,30.934354928444805,23.26851699845363,44.43931002220567,60.331487571245034,27.58848732986512,21.86140268469409,17.722451281227247,7.05075862189193,0.5082992204292108,14.758001516778908,0.1667831583470265,-11.055830706979357,15.152314317311891,0.8803872319058182
3451,28.10014943905935,35.05565197479979,38.14913485400292,35.4065658650435,18.67658743484367,18.242411930996422,16.106013903156278,11.776224922550348,0.21449404873353828,5.805270041398955,-12.421369388875192,-10.120498417070841,15.152774960596476,-0.15409415018320435
3452,22.961893323961625,27.2285658339011,36.380877271261106,42.34079389090851,20.897815226581002,26.879902072800014,27.95278370027421,30.75963457249414,8.38990191757417,-9.401372190958579,24.90228072831068,19.3014729186755,17.08291483396747,15.635847365908255
3453,44.177425925706785,48.137503418441845,31.42080909228335,54.92009858293421,32.27633104705424,52.70682477093487,16.401210547001863,46.15885513826167,10.975568081080432,25.212749422768162,62.87699912586069,43.7345291071517,20.171041182659472,37.118967619786105
3454,43.3451240223815,48.6009771183964,20.109158615951703,37.38861899359605,42.30019292797098,60.30462309523828,9.232938886363494,15.665952080739558,2.4938644777286356,31.899300062902206,73.43980510238458,48.37504149712153,31.71901657878752,53.99957784989161
3455,24.674361761253188,28.553910679585552,-14.011520076989314,-6.245619043976537,15.690230322299465,42.0820536765028,7.9788167935173435,3.7214039361021056,8.590191056939043,-4.4149642590298335,92.69637439581074,83.64394172168916,33.16028089886408,63.609879438920075
3456,32.384420961507615,30.090024168524465,-12.036044941382443,-3.970999690660033,23.627535820481377,42.8202854926994,-11.459489106003288,-2.2291377185857097,13.538831049630145,2.077292897781797,112.6045719895008,92.37299813930976,42.39374268201463,80.98602496665269
3457,38.30888323880362,49.63469264008973,-7.600626076053886,0.3869986507663121,24.319818728484982,35.48328707242965,-20.400585401088428,-17.430590024322576,8.577839850728163,7.323954803388604,114.2750725255696,75.02508374556021,30.841351696953566,69.39288841220768
3458,60.588518997835244,58.804875938298196,31.755327353409555,52.46493920826807,47.747893884176634,55.351195842259315,35.07926030060973,32.57876088156638,22.96170944887656,18.296697393236418,139.65089508898228,97.71768650217753,65.76873690231092,77.46420973969634
3459,20.459507054631686,22.879144193682585,46.32664552499722,45.22805336611428,28.436420906506342,53.1339893761985,59.63431770329813,43.13680827488506,9.95802670562761,14.333703086937469,89.19830038021412,96.95860905638729,54.640622673625444,75.84930166130655
3460,18.711845390633787,11.572935400454327,67.74168878464262,62.24361334517933,72.25734315814242,95.13372296862418,69.49920939812465,84.75666408059952,13.638554037807962,8.890855986341077,76.16915198045518,95.86726572145861,61.48307120388501,62.01470598342798
3461,15.898321570309305,15.956818648240747,92.38462070275814,92.89107926695414,76.35487943494188,94.91710343109426,74.41561762629176,107.20171972395758,10.0237137972607,11.582647144732713,71.86184768151386,71.20779385268455,41.60627301502113,41.78576797266112
3462,30.184453578734615,27.107576251876914,51.35742197980597,50.507502017677346,55.777901542023656,57.403778506826306,22.721449508758017,41.23606198650045,-2.8362509836202805,-2.3052035220591587,20.743659333539664,15.41407189308427,3.616210006871982,-4.208490564941772
3463,-21.781693119637435,-12.011740777780489,57.09480098514854,68.39039639693894,27.501087285516267,14.708412937035913,8.373733328594184,29.522947461708736,-14.54176933696048,-3.9557791120119488,-5.830463992188356,-15.062257949371242,-41.892805957232845,-35.20487695426146
3464,51.297569839840016,43.55382233507574,101.25385059846252,74.80862629636609,59.93359400121515,54.85639991241192,59.326860872789055,72.87627394887224,-13.130424147986579,-3.4785487433927074,82.195109208941,25.164217814881397,-14.48045496109083,3.4536980323067357
3465,72.01370372323805,54.74925012614376,99.47993964544276,97.81611471577462,76.3800894540512,92.42130944583323,80.61562688206685,89.73966824785133,8.057697946075828,10.657264172780653,75.58416138597283,69.81333787313532,3.5705870517140097,11.476032092883312
3466,62.43565222153537,69.93034875655866,95.7959603338398,92.49927935848828,93.5676655069479,95.59456278126433,68.01478458286496,91.20932896119965,-12.295463507380653,-6.04828255606958,58.8002900187312,63.08230315404254,-2.162220341253321,-3.6237227648348056
3467,50.94613616965399,58.88483680254832,78.41692589745796,75.95783774868397,78.94013546286271,79.76776715176649,39.18424853990281,56.292307181560375,-9.731148038195576,7.282782015964422,31.82900670106551,41.30133912329596,-3.0255197791825625,-9.119928295390524
3468,31.191093012637005,36.54466488022284,50.153706928758076,53.67972608779267,55.821936274801935,66.39174198756919,40.471825595380224,37.95319607130789,2.5741556736885,-1.7631556117202556,54.22104932136919,33.214401655165915,7.553446715618719,9.218869889060016
3469,21.818708108492753,23.3113698053321,15.430490168952405,25.213608132696386,36.59937532718615,43.17077947132446,5.437202985407621,11.104769659159327,4.641276245657515,11.276867995875381,32.184979179047225,37.04210744171849,19.58334776924442,41.74379816559116
3470,2.970171110020393,17.250599186765243,-13.818066000764459,-5.14546062496629,9.75713257415168,16.11655967557234,-30.35657094369652,-20.773366307722227,-6.233090448015496,14.293882966545318,-16.035989694805348,15.17917173537778,22.409359000486933,53.93707787860269
3471,-22.47128080983066,-11.450066724759209,-35.77483158498662,-37.75801280876863,-27.2538835358689,-31.038451191095046,-58.16043908567068,-56.902042235090946,-1.1564798611098015,16.32518164502899,-56.56736913061457,-23.50294122607435,15.287525056384125,16.934222593747023
3472,-40.484796789102965,-35.94135701905953,-38.085437705647614,-42.531337094589475,-44.205829092271216,-54.60377805247507,-59.9239732407666,-62.63433345246572,-9.737339443461615,1.1498912243614359,-106.45060265602504,-48.0278555060224,-5.089943369997787,-11.881001801564361
3473,-41.58230224185583,-35.340025553035844,-20.298034647493637,-15.595817389878647,-40.388959573514875,-48.35754004268872,-41.15558265226661,-36.37784353296636,9.299723893104224,-1.2773229775885713,-58.2169274417122,-62.892112471040136,-18.47274351742388,-35.52947443616381
3474,-22.07106438329679,-18.38999130885103,-8.113063437621207,1.934882096965811,-39.796696497865106,-38.25986936948054,-20.584231330771313,-24.816318613470777,6.187718757670186,-6.789441396348886,-22.562467283851994,-39.9970007739221,-20.62454443227781,-39.55563174259715
3475,-0.25516938329118943,5.520848387008252,16.878782407887346,0.29175107584439885,-27.341841774737553,-30.54897298856726,-11.490812025377142,-6.22921015227279,-4.17491405915813,-2.0033732498268084,-0.030200689526700464,-37.61743437743368,-30.573546191835195,-51.107129509729745
3476,0.6747604111782147,5.805276817375236,15.81118716322853,-2.7752849696816178,-19.625228051436228,-11.564995004263125,-2.1538226512620966,-13.52649336572291,7.792973009131071,-1.9158078418956475,-31.772360745153144,-35.59368185982606,-9.585962601662628,-34.05955717516679
3477,-19.21790883648961,-16.04300871478812,10.298121649758242,12.258017084044795,-15.807973322427637,-14.84773720176105,16.663253715552177,19.67511212505382,5.991427767553844,1.4180034582211383,-17.47293163904695,-24.336997634503824,-13.921974928905417,-16.89667527439666
3478,30.265102278344543,23.147742796890462,48.37700026662129,30.875923691606307,18.145052527493505,14.09843487004962,41.97904501868354,37.09385898757553,7.093240391835089,20.31827026140931,16.079629905038843,-10.703063153113133,18.14521769907023,3.604342937367889
3479,15.702396115843463,10.069371460887577,26.004758851521316,37.02327945585992,28.99677998735938,44.780950361590484,24.458100609849964,54.2174785503071,13.042395626021362,16.823418310919052,14.53363434442645,19.881154374369814,22.672329748824357,17.931829007533292
3480,-6.359677664144834,-9.349796702148524,18.44497038688711,5.473381326288195,15.384187467383784,-0.5390602169586671,10.208671890945798,6.1325324939785855,-8.835332478649468,-2.702992785032885,-12.67599414324332,-9.586322484100462,-0.8395953379778563,0.5936569680940839
3481,-1.5042530176762758,3.209773596943626,23.603773450675604,16.471047564558393,33.68298568974669,31.659606530251555,14.179129736744386,16.272002929853677,2.071284451499333,-3.594009247471635,44.24850868545845,21.010782787970285,9.28903135801436,16.08251259211194
3482,2.4061987610055007,0.5417601842943869,-12.0621124419747,-9.740738553777549,-7.900358486533262,6.866662473358537,0.08740364016054666,3.3075172662241705,-12.244369431955485,-0.9294914588844048,-22.067886965166444,-9.345637745997,-14.524101476715906,-32.157940563683084
3483,-54.64682722270077,-45.48966677324947,-79.25008809006526,-80.8465316225096,-73.74657422264751,-62.86023054868816,-27.94618765595653,-44.82336848579953,-6.472393546452449,-10.997585846022343,-66.91029846436271,-14.886855776304028,-22.225972996053432,-1.8330249681665713
3484,-43.7458493340371,-37.67991865114688,15.05588850370024,31.666562154947165,-1.8538412336233527,-4.157409784227495,21.190306659101683,16.82471118761229,2.947705310431033,7.04887971492214,-39.93572011873905,-22.209829046875857,-30.05443677926665,-24.785994294332372
3485,0.44469376256421433,8.337905567863586,-2.9031913151938205,-1.546148388318124,9.389986539406747,-1.5883477703210451,29.078760106559745,13.099181032106364,-4.348030659398051,-31.1985003066611,-27.137886010284795,-12.692697161250837,-7.61893156445401,-30.138796783775355
3486,-14.452355607322549,-19.218198378705733,28.04355179494389,5.635406224354551,5.461129397716747,-5.3538001522423935,15.962819617934128,15.320522165369898,-15.256070379602583,-14.767847231252865,-46.26640855220333,-7.3567490051262325,-29.301708645986576,-29.356019897456676
3487,-45.38227030511879,-41.39846489222213,24.02677031981425,19.24165077396883,-5.445168924270086,-18.179855275692198,11.106447171760525,18.250969275628655,-16.7542366266487,-9.624954898835457,-64.52468715576026,-32.03924427417021,-36.184095178265984,-31.07401150156357
3488,-41.122805778558565,-56.16404044560524,17.099602952130287,9.32117303084162,0.6364242146247765,-22.126956827065822,28.76663350290718,25.669306350780005,-9.739998633173133,-11.576422880354617,-23.748592827566707,-15.24234200525804,-17.63330491504002,-7.250634649245117
3489,-41.93805056231349,-50.99616497976369,-3.29955159094832,-23.2242117147177,-1.5990384868174252,-4.404768881981918,29.379970688545104,23.172924289958,1.9535928101810391,-1.7849247663712484,-3.0641470491733456,15.619220681721382,-10.983365597415938,4.926274810173786
3490,-29.82774324352254,-34.27135985907757,-26.656019133305236,-36.6676520636631,-23.560341915782587,-19.228115949078294,-13.328052840174234,-1.9874272757712468,-10.357650349372763,-5.2446252187190305,-15.746768258504197,7.26318833943136,-1.4703768307313436,6.390337636214283
3491,9.4100236252041,7.403360854938181,-19.146271671649988,-27.840388593149417,-4.278294722776102,-5.117811835258993,-15.622739237012294,-19.212459093645343,-3.931693738799595,21.507756625457787,38.888898242584546,20.449605817020696,36.08459469532382,38.17933595007536
3492,34.47918706371766,29.256955526107408,-33.05604623398264,-33.84915560375789,-18.614594380493504,-16.262118548222336,-22.752988589365607,-16.91772291361628,-1.6985344193303973,3.1725513891980768,31.478824644245933,2.5306680119798823,37.71543152023112,35.056622779182106
3493,60.025107385548154,48.97310127180628,-10.560675386170084,-4.527023619690484,1.1528462565613564,7.145921795903935,5.870296662927158,11.460917904047784,2.8239670564031965,17.21899579470974,52.26392059612856,42.584190014045824,47.82016320189226,46.45231045450988
3494,58.9833801436692,41.22192550630003,-14.212399850028463,-14.507904565641192,3.2524534062901806,3.970761097807858,14.428600342055947,7.356631316106236,3.65207948459533,9.519629091475998,15.299361809293266,31.567093260520412,36.19825498595363,32.08962877364809
3495,60.641737093801176,54.54958461710189,-5.676324039013831,-6.223064063316842,-5.354943058198893,0.6494255944582618,9.177185223326859,7.8781845021858405,13.960202111427172,4.139365153498916,11.928850890788995,17.485841399679543,16.991111163870258,5.518672340092483
3496,51.574967857554284,47.51612405460097,10.139390014200165,4.62383862994,-3.785511910193374,2.0306150160255982,17.509399509616877,9.089403599335053,3.629554103071914,1.2920464013337083,4.63316712170845,3.157010938504591,15.347228089165785,-1.4123408880765387
3497,34.383934254919446,33.135250905718955,26.012161926042257,14.712230875829913,13.653159113299647,6.408409816967084,18.65862548809688,22.136244421029364,0.5342765101154642,-1.2658799310268916,10.221555072639758,-23.600493661673834,2.5477074966965207,-23.881975805371738
3498,43.03225043931539,49.305296903753884,31.55750521049571,53.064566502445636,24.765227987160426,38.89205289760964,22.02306684100798,31.638547580003166,3.7680481348257504,-0.9455547166473606,9.310953357643985,-1.7259349487855253,-16.770196536055593,-6.8263208830733735
3499,63.37767264215491,61.30520977642949,18.323924349523875,32.77589886761993,22.484608509193635,33.84255427376769,12.182438713817461,22.568991536917423,-1.0567547810106301,-0.03881782111190191,33.46074178686834,10.42642876052011,-3.1017289348077832,8.284529998830887
3500,33.54086469844586,44.51583745714766,52.24080383451917,63.58617646020121,41.229168415308465,33.56117310956805,31.294933993704927,33.04435808464061,-3.4234057776118623,-4.4343374771522255,29.014229203981085,-8.398936844916639,25.588870599561,8.416845742703993
3501,32.140284342937875,47.940378511200684,39.16988554837976,46.56579730343288,13.268788254480501,12.293791997430048,19.929469448983617,9.421397714352693,10.448124854047737,-1.7662113484848465,24.455123095502195,-3.3536595250443053,29.132878641330493,4.250418823251892
3502,37.30460182186933,34.52691525138043,46.79914381355331,34.71674965776422,-1.7047864326110869,-31.600140165539496,-22.084967432090508,-33.59743883760264,19.071047388680626,14.112695655525297,-12.464080523451287,-38.22132176909925,21.733981198044642,-4.40206141569882
3503,4.443943073560998,2.389625621836782,8.310902087063242,0.8218900382103436,-39.90001479964549,-56.00364742519006,-42.79523128478705,-58.59341485006776,15.02734986722997,7.524903372885678,-36.64685650105962,-55.77348351896546,24.211035127390407,-6.097283568227859
3504,-13.604679316748738,-1.88477018631591,-24.21201038080243,-16.63122368910553,-44.86993587813579,-53.84694833358979,-51.16577133400052,-74.74656765375467,14.11320194047019,1.327780984229007,-48.85550910945072,-54.469614278173125,26.54881518250051,-6.812956104331588
3505,-28.94650129281677,-21.70490007544137,-36.73058324307677,-24.416692768604257,-45.01207013391296,-43.08037213852621,-35.251847232522614,-60.21261604662108,13.712795761629401,11.640780710329725,-66.78841684537538,-50.44260834200499,18.716979830585203,-16.567438459431173
3506,-32.415903986614225,-28.99545855648141,-45.56156335404105,-25.497109812822995,-40.41989226737651,-57.20306746564446,-51.75620884361474,-73.53838311083527,1.000431855720045,4.243806139989225,-63.78305247300379,-88.99987044675878,-9.763697306289941,-50.79104418014151
3507,-19.46418217725962,-19.956889032029153,-43.42821426864017,-41.495202433345256,-47.51659666645403,-66.30632569715497,-71.68785057710956,-81.24396582836512,-8.653714220958276,-9.85356643096573,-56.44523728268463,-110.82926295014812,-42.6370105136643,-76.64853244668902
3508,-43.146720599429116,-36.09032931862066,-56.896537902089484,-26.66282248623321,-45.15401843485782,-39.47288913281757,-23.48909193539489,-53.93734896577454,1.08383234017711,-7.177315801076977,-19.801044386657885,-38.02741281950119,-10.973202958515305,-20.584204348249088
3509,-7.704054104755317,-23.84553841412695,17.879120775653885,16.44725865715864,11.719239578483258,-2.2818113419404242,21.63364839831139,14.113625771315236,5.527259169257317,9.701824941982535,43.23472509538365,1.3089186121508674,18.688907192706832,6.466873909381236
3510,-6.7387498903726115,-15.92199078892053,-5.667853254812274,-24.560546821500953,-0.4271186221263351,-24.232753216874375,-2.5893352754861594,-17.447484715680865,-5.672385331478562,11.284232177692559,29.707315569204454,9.047876246863662,17.54084976964035,16.317595418666283
3511,3.9719344017600315,-3.470962286177862,4.027740169758586,-0.3009280868402646,-1.6592745447972592,21.260048501114856,3.9565802165044768,18.20000424787769,2.3744691309786963,14.683539917450439,45.49893578597681,63.42704469444949,11.885214309185464,55.80007466176108
3512,6.775227321861184,8.828984196344958,-21.569507004579254,-27.659978446778016,-2.6365188304063754,23.015878123385153,-27.97428090479149,-26.907295668027324,23.57401101601981,26.48927554665902,17.62753655122259,32.71426768794163,46.772330042559545,58.3495021476289
3513,14.671926905521227,10.814517164337591,16.136062797877187,38.40685871445219,24.220266340266704,32.13642407244109,40.47087532280642,31.33206688402468,15.636100733230977,1.63334083741749,40.83635544686727,41.783842915270185,18.943267386369424,33.1257064611041
3514,2.1694089660385774,6.9922292113389055,27.495469952552735,52.38100246122638,26.626895853545644,33.54364456382313,-4.866498437840101,7.4549654375864405,6.85503701649347,-9.585737123267709,5.955049346248619,-1.0480066564151616,-3.26684080028534,4.36870415852049
3515,-17.651011330814313,-10.51823237670471,57.271630337668135,89.48349783491862,32.58227725241429,37.565448926849605,15.000721519960729,24.522035050164828,-11.312542026106364,7.3117545766874255,18.315554628334375,0.40673695097634344,-8.889285334615412,-7.930471501509482
3516,3.322568070933267,13.402238682102261,36.60479528486932,72.67197110229405,38.60238068654486,34.55251528059514,9.543152049330773,25.531570502621904,10.602737008472658,-10.851718185904703,41.3334292774138,24.43904699385974,6.094873664580525,17.886704165527185
3517,12.16975692379085,9.328275399314265,21.153237637038483,33.15085128408995,23.49191929496498,27.04418119522072,12.761609454900366,4.823400738452844,-4.473722495096839,8.017297112585682,72.10783953936523,44.202157709200044,15.260323601505927,29.127396814213512
3518,11.49959830110573,21.683857290340406,14.178153189783567,34.8906880031644,21.017145607913136,31.779362104674895,14.838247546090205,15.890336339194477,-7.495106395137292,1.105909629115897,47.99692112996915,54.65735007319117,13.92293922435197,25.23394954671604
3519,15.370178275734524,16.961796497162407,-9.653802200453201,-4.610110704717048,7.238708292433193,17.19137386810163,2.3788961296234086,-1.5855887160950481,4.550668275133311,11.030123876406714,27.513675589043302,41.086019101971715,18.070227254274307,24.290078745523143
3520,-1.7768276987720737,3.686446454383601,-34.74648580568258,-31.917516391049453,-18.90946103219935,-9.983959589055937,-1.3988163982115864,-20.755612751113482,3.689577913001385,-5.097774576278039,-0.2540967434812966,4.610211453142593,20.556565945397,12.18395709769856
3521,-26.39901644477834,-18.91490059651429,-41.42468480462964,-41.1078104849683,-24.756662468708793,-29.544951418267747,-17.317089849176984,-38.31815101012635,7.6550837550131305,6.595363278327813,-22.53626608589397,-31.934986072820738,-0.10619251398796556,-8.25848169423401
3522,-16.342877543571127,-11.998880821346575,-27.468354840003077,-16.43736142273489,5.371548719589756,-0.45132645861396853,12.532631632096855,-14.399904986615738,17.606411765554434,-8.409753368322853,-7.621513266609384,-30.933497616545807,-7.271617371333692,-31.52985412146496
3523,-25.587029497568754,-11.190295504525363,-17.813162163141364,-6.322740574441649,1.9914302403206863,-15.281855729722391,-8.549959047956497,-39.49670151154059,6.600064431915616,2.202765021671343,-25.482021916127888,-63.97985947695164,-17.554322428315928,-58.336127855691416
3524,-29.692574830657097,-19.577562037863082,-44.170120108353984,-24.683140044203455,2.2488329084993364,-24.52032954995508,-39.14522291488216,-42.508591281424195,-4.230513828926768,-0.5185804292010401,-36.58460763140974,-81.46791364628744,-26.037425541496564,-55.45168502200491
3525,-48.37816976285804,-47.0420247800166,-33.96470176017326,-27.206993553988767,-19.515138535236566,-29.009817219960485,-16.351155508173118,-41.15847018758797,-3.393259254389289,-11.616664600745096,-62.68593176826725,-67.12114142119022,-38.77453675338783,-59.44197807581895
3526,-39.77995987501012,-44.02069464487018,-30.9487755374071,-22.29555001885559,8.159504142497989,-9.94644333676862,-16.448958356507255,-31.995617449706366,-0.31252856525091904,15.508002737680943,-35.8950863869952,-40.88164130920053,-28.976076392147547,-60.41890892820065
3527,-18.218043334958715,-20.325630907947527,-23.496132909257003,-0.7351111738301853,18.804914997360598,9.12152410499885,-23.391164105437237,-31.559240119111518,16.271848078342643,10.323679879941082,-17.297419035966037,-23.115747831733238,-13.841715736665346,-32.78376256674031
3528,-13.349709155508858,-11.583297162161369,-39.75227529574345,-31.30050524536893,-4.143706583672772,2.7426222293139455,-19.40027957799225,-34.70356354566693,11.669639169646127,0.882899733117096,12.579693473861802,-12.07728555833393,1.4430687368891908,-8.148177911974017
3529,-17.79499334737706,-14.559463217708887,-32.5167269357119,-14.329845894689486,-23.798365874100682,-14.604680230858337,-27.686807461181225,-24.541980788797517,0.011085815877621327,10.502197184162366,-11.810266408746962,-6.527446222354643,-13.749240510134353,-12.743243327462416
3530,11.422669107050837,13.509985811733511,-10.97166034927278,-10.80200114897242,-14.325682908673638,-8.88939905400213,-51.822824059258885,-38.710784553950546,-4.2191503204974685,4.5726959351032885,-17.755930396586052,-24.22386451809867,-8.206051788180273,-17.54502885078062
3531,37.88605768661934,30.13899464474784,40.83881382924039,39.92552776567473,38.60531601273633,29.63821323876868,13.121490970034907,22.572236056375516,3.0182863881711683,5.893571815566274,82.52964545107773,18.903314163186764,1.5511647596598797,-10.756641068720192
3532,-19.747083711239494,-18.442425245874237,7.55088113113122,16.269745356276257,-14.989649286827955,-11.796700663788496,-18.116462666968516,-14.889119075042967,-5.818012446295325,-20.90239633517333,-53.66394570559683,-38.291222857645224,-45.9374593455932,-43.93246204067688
3533,-25.143619230370394,-29.240471997007297,6.9461839491308695,3.2148954726889496,-10.901842396391071,-9.194283924485221,11.474927548916678,23.624994310496845,-6.940050741279816,-8.89078380706203,-36.682449858137744,-25.325021634935236,-39.55349271913564,-46.38634493570044
3534,-23.383522475697983,-28.922406117252486,14.552615573733638,9.478644540846222,1.2852143511011223,-2.0743186960595885,25.756521541980174,36.16854008466619,-4.088876215552819,-8.794090148325635,-27.66980257409137,-22.91317596218889,-46.1711329703608,-40.786554815672545
3535,-3.8620368302146337,-25.38409645754673,23.610753910786375,14.281035275286605,18.198345208866797,19.087674548252796,25.776377068341223,36.223706888322006,-4.223451061977256,10.299843880711212,-11.187223220095103,8.880322877235596,-28.524399461986004,-24.384448766965978
3536,-8.960449685557542,-25.05195431236999,26.532574144183993,-3.7466376247294306,28.337473900364152,20.91772183344897,31.819132631130707,46.43083578471043,-2.5127385710117767,-22.809071006597772,-6.177805581570949,16.617828836370922,-33.77516278357917,-24.634479459055157
3537,-10.75218130671615,-7.276653303822228,14.11614801825767,5.072777084624006,23.631780963098553,33.92336280905428,26.580862041928786,55.49943783897925,-11.628351459612878,-25.80179630957811,-2.695995292979097,24.67460102720984,-21.194246534654948,-10.332203622863888
3538,6.240955256504904,-7.641116813634451,-2.2544193522424236,-23.79394957903348,27.253693885606783,15.9937543381315,31.25531360363335,37.42316200563143,-11.418527461418597,-19.28710601695004,32.3487607608428,28.648046796167748,-10.25817922180385,0.47052182758943156
3539,-17.225336579496194,-12.381474324879425,-10.174805867346238,-29.13693247760779,-4.438462810440963,10.077077237561397,9.517883489723996,15.003212469360031,1.462669214599563,-10.185890884779853,3.4222816652100114,30.17410382835663,0.9524130834655555,10.92818677761146
3540,-7.904776769307265,-3.6636467617184523,-16.8190009169802,-15.236223057734328,3.9687857929940007,9.829283602300851,-1.7122578601379286,4.487497241123248,-2.7678212160145,-18.065404218752168,10.774682282229525,18.736241638865746,7.563857984833987,15.855047101283596
3541,9.64111764451589,-0.9233437391827384,-22.862458168717044,-24.098013460926335,10.173084174310535,11.804369521549742,-10.568308070652709,-16.814870104288513,3.7019705529674543,19.702599471627202,31.07512610692574,20.035543207775987,29.8106894869598,25.49308190222332
3542,-17.136234019983178,-15.917570501129685,-39.68719973847001,-40.34066517674882,-16.12501718111665,-16.91582195170296,-19.36299669066608,-41.90121760857875,1.7766115137961729,-1.1287233125617404,16.404658934554025,9.40877654397021,12.741746037688687,10.571432426523064
3543,-7.677442997223052,-24.338119782415106,-24.367710506256376,-31.85907882213708,2.0046476241346656,-6.619252535018432,-12.412553993919639,-28.09218086084614,-2.2215586041928757,11.14622996633437,21.797113193830075,18.007048194066883,20.36800127117876,21.580671190009262
3544,-23.775304363196014,-15.682074895267496,-9.670683328640067,-18.331025587278933,5.504643953529477,-7.7971615609360025,-28.142840617102877,-27.409681432082902,14.989556891031128,10.03119414643804,22.471463751991717,4.411169266640726,10.999126958084721,5.37446254780403
3545,-3.427871510670942,-1.1659445518268288,-14.676150777716307,-17.926503673702907,20.928221698287153,3.198208157674171,-5.335139718894671,-10.366396187637747,1.1397250773854708,5.787441729310658,47.01333839077978,13.979454553332644,25.635070520861237,19.362936257359454
3546,-17.121585192955184,0.7900909603860642,-11.800180333743095,-17.933615358288026,5.240879347562494,3.1902879137990103,-11.087574905642672,-21.91927940046275,-3.783995511829456,-4.998456007966751,7.908168432876735,16.39189191725875,33.434457589355915,26.665195105885086
3547,0.7216106447758288,0.282077466265934,0.41233691674492867,5.224205649477232,26.138801777071123,13.878756441132836,4.266392922971002,3.723988861682809,9.857465915101763,-6.431482731388662,59.05429297201052,31.787380035336014,53.2035673215555,44.833065599131174
3548,-9.976757693999257,-5.338515679229972,-18.957466021845836,-10.694968983808208,0.4292064964635598,-9.173157228100795e-07,-14.224707144763398,-16.49158964994554,13.47437802003318,4.232260125523157,26.51409721298742,13.663901114946263,34.221843361717106,29.677755809845966
3549,-16.33324452989482,-0.5674874876143965,-5.837309098811082,-3.205430912884463,-4.766974800739285,8.358818617127195,-8.025036271522646,-9.345249724088303,1.8929150316832424,-3.4709696694931726,24.156432590156374,18.931369167671757,0.22253725420141127,5.887487779974554
3550,39.32455590847124,53.06780542603989,29.255748213780095,27.303919144364208,10.823939022911265,21.65092143629227,9.605460399889894,26.83246680723053,5.244499914355043,-4.147086652546344,37.55082543746669,-0.16370722222893302,-15.545143947666444,-13.08933489973088
3551,47.07636721603118,59.07505646080524,45.481960309137925,56.28885371849489,11.441169633168723,43.410275048797494,17.483639932991014,32.40546147480256,-11.87436331851034,-4.162137730735206,-12.437812591884875,-12.803469215742851,-10.515237159553534,8.044574149481717
3552,70.80517701974078,70.42231911767357,84.25801278977711,93.59134397268919,61.66323657881311,74.20559512047915,48.21073389904539,74.61384306300204,-10.141306289691393,-12.816587807353592,11.642617805272028,27.916371062634724,-9.65040603708339,17.062123387646633
3553,56.959718492500215,62.527276136782056,39.078850890594175,57.01362713309906,34.86848392065299,39.73119629377847,3.6798793615841467,26.012564973247528,-14.955264317446568,3.5752345295525645,32.41700598685506,10.785661465297402,-14.39583135034342,7.29813937765736
3554,80.50735865340175,82.23505079972097,86.79068925397503,96.7461068637328,72.67782008709952,55.829875887920004,59.50253074005762,53.95884342484252,-1.8714272812770665,15.09514132700237,64.36190971670273,41.49467869534935,29.817206701184773,31.779669714039656
3555,90.05616242640997,94.28223406064079,77.96670141485478,91.09758839022902,77.47732790154399,62.369915400348496,43.99216888799884,51.76780705355534,-6.170926296043394,10.879076815568192,65.67832969473434,51.375014302640025,41.88175767192942,44.462768879702935
3556,59.87453940282964,56.41854900521811,44.42686491270796,50.33365314340466,54.56206874380435,48.316128080961576,18.12812772406538,24.0424678592094,10.073498944726765,-4.670693689115766,52.2418458561749,44.44102136735944,34.971803419008516,47.78107156610524
3557,25.270349738469662,30.81397073488983,26.009874400413576,18.54174637468625,26.350035345393557,8.761178298572295,-28.896902623984346,-16.58194939484098,-6.332533339621821,-11.14723232558166,-21.40833416925046,0.16706658672187757,19.24699238343481,12.698050136301516
3558,9.827198711828522,13.834419306456187,2.4570427928170098,-3.272218005507983,9.40195801724911,1.9265002891674041,-33.02804044304936,-35.49744850419401,-6.980057821497649,-2.07964478793339,-51.37153511049008,-21.867388520199036,0.5725142736575857,1.9927529961702968
3559,8.502855307367689,6.807437793139898,56.794718757542746,44.7608491515948,23.703278973409542,23.547883352653393,7.695645613176508,1.0582742581715379,3.1317376751283774,-4.4460253674967545,-34.7417310659561,-16.96338088498159,-29.555037580894446,-33.17424529603238
3560,-13.438328615815413,-13.00538051620326,53.31393266387724,16.35491742178412,-15.599929763102477,-18.845662917892884,-5.560286256604955,4.765640963297757,-3.3377803678128033,2.225710941631121,-57.36852162895612,-35.66788681406293,-47.41238960706673,-57.90968058092927
3561,-21.782025498550457,-26.170511170666348,64.9484705950188,39.9306341930919,-27.35177891474425,-22.653132959852275,-0.25209357586544306,16.456608861781604,5.527993476610305,-18.68086880822659,-65.3666898158826,-57.55593426806311,-65.854335591961,-74.81003721242372
3562,-10.379374257558617,4.4415312030655825,48.421384844303496,30.41575962238911,-21.682742172586764,-5.595484311526443,-2.1733242889854063,23.908895483084397,-6.526327778531034,7.592942118815191,-59.55461133842921,-19.727896310342846,-34.97513639284982,-32.31785472559605
3563,-10.100372793112292,-2.767377292065509,28.363432729283716,15.026721801177992,-34.195379438562185,-16.079291164251497,-22.904755993530735,7.6997067219217685,-4.339788076849297,7.493923979899482,-61.047327377627404,-51.88001086473697,-37.49806380228486,-37.26441326134584
3564,6.019628005300166,9.512027647222444,25.072414509598218,14.257776962482708,-27.667835706010845,-8.02225725835499,-10.8616312581589,0.5242835393671144,3.4157573628206475,5.791899553629464,-38.176237144237746,-41.728874904459104,-31.287082002345052,-53.58071274256998
3565,-4.577322848641855,6.934221008265171,3.9341528554403156,-10.883058804480969,-33.21011985861935,-9.432686674140383,4.1283352111889595,-5.987598819247038,1.8947067801412159,3.0442049766870345,-43.78817555921387,-33.30146838407725,-38.68806979758816,-49.479530671966536
3566,-15.222368914927566,-15.430153054102586,7.926153541328834,15.240395574551414,-24.728116349875652,-10.314428501956877,-2.9441334552220897,-10.937967808461922,4.7061459035840265,-3.985239839103635,-59.2223208383796,-43.05072207289671,-38.4275131409765,-34.6333898486323
3567,-35.93662975073991,-27.53494093706972,4.6479353331068305,28.210962802604595,-12.671289157945218,7.639690665139101,-4.9187714108037515,-12.459048178838987,5.737513986601684,-6.950004133085911,-63.52970088004338,-31.80743357935024,-36.76872455835869,-36.76186418448981
3568,-36.520678199877516,-31.159714057265496,-22.822818359896797,3.8682817567953407,-20.431324390493632,3.5246841623472713,-14.664106847265703,-15.428593174853285,11.02963479323311,2.6289107807199716,-47.92309351768349,-16.448513684404592,-33.90635218096087,-16.760853145941105
3569,-36.58425962979568,-34.08816178515847,-11.31571721058807,-12.811190543475389,-17.95690677045452,-8.082918137554092,-8.639634856169168,-18.062640580777117,-12.107428144654753,2.740422002807577,-39.428038883839434,-7.384819208420008,-29.85242816488286,-17.389294869502194
3570,-67.5313082952403,-50.43123748327772,-46.289308759780944,-28.54371522959046,-26.577278325132813,-2.791414045104266,4.322565344608001,-5.286147011522106,-14.308238463576016,4.651937443554175,-2.257731262387643,29.060055723701865,-19.459817457222915,17.579702816508615
3571,-40.013283020714226,-42.859152442564,-18.696335562373747,-27.970398675199966,-16.04736753431763,-14.861089866244404,-15.774740675915684,-17.93778026755514,-11.35689725671836,-10.121566012637038,12.303423820813748,5.617176596124943,-10.793691332305013,-0.020167012244005026
3572,-8.63334834807227,-5.186046071880455,-19.4283984643846,-31.921842664370626,-46.578455762571956,-45.1113081838593,-41.00803909192318,-38.71465159368636,-8.971622503999871,7.298103246645233,-49.578034229845336,-33.39934392649969,3.070411976782869,4.283038003389584
3573,4.31589405324687,3.0103854617698085,-0.7732173592642043,-15.392675188100192,-20.51273166921955,-14.357121581492331,6.193649027425664,7.31718568037719,-3.735310173224958,7.585376491626938,-17.31338435408801,15.349277582908595,-7.935155981123616,12.21696667869201
3574,-10.753865159574795,-14.84169819044273,25.70949067749949,19.762752247054365,17.476935657122574,-3.1354276618211534,15.591811611141656,35.85568006308578,-9.402842965242487,-26.08598412681072,12.578433038888457,16.437925844690838,-34.50270063456108,-20.32995878131749
3575,2.209503216104734,-3.9808742681372715,6.990584684777963,-14.625500910109508,10.322775780669081,-4.563951613034299,7.316066664729992,30.504302646926988,-13.579016744322288,-19.404058897324248,-14.261994393547132,-1.0999838908719493,-43.76730299773177,-32.141992779512755
3576,9.806242674828525,6.705954552656465,-35.55693793178251,-62.00954929536461,-19.856457402317773,-14.169009063347648,-21.896374288010332,-6.593442307585237,-13.340210919879878,-14.721155518704254,-28.248674761096208,-3.5159272008887226,-25.943848105403667,-13.492462999021939
3577,15.108863922675292,16.763185041899177,-18.53162864806951,-24.506118235413552,18.898135811805133,32.565752440563166,20.48309270885719,44.037281889256505,-5.159039497585503,8.492846364383936,55.9581843907157,41.59535604763857,-0.41496492700586163,18.782059389363493
3578,22.000074818905837,16.563737466747675,-11.060545100959764,-28.793863135414984,31.676403059473813,30.384723381402598,6.12730691210174,28.14044416565057,-2.9910444347435914,-4.193484581400286,59.03149946885973,27.64391398271676,12.155666474818219,15.935528483472725
3579,-24.939860483460944,-29.79978860867934,-27.97733107287638,-33.82874183201984,32.716892018150666,20.90960547678489,18.381228294272148,34.98204197121718,-4.208091698086249,-8.524188187207262,55.57965980868807,40.432159544325685,12.802425052382699,25.950852704616885
3580,-42.08497319291635,-42.62293117909641,-52.817705113781436,-53.95755848939242,-12.799117131292203,-16.705977278549117,-37.95966457028713,-13.846488795441232,-11.471888752403478,-6.236121263632667,-14.772041765351172,-5.200977484469205,-10.145556131754624,3.1572484641839496
3581,-14.197305325889213,-17.987167583812397,-39.11182681137364,-37.59538584918455,-11.909086347049541,-9.155295005061532,-25.740853776337435,-8.49509669427433,-12.122226623526492,-14.85007877430043,1.5834986117847212,-4.551534990826299,-27.141108476435512,-22.631232687654407
3582,0.0466222596309562,7.153826865716642,-45.66233800592454,-23.294857251204235,-16.93481267769207,-18.347681184407286,-34.208548445098764,-20.121899798144643,-12.073729778794027,-18.788831049451076,-32.492765875130466,-20.12767870902382,-42.60188363296394,-25.293991257236993
3583,15.64446317222424,19.721319127295647,-15.159793886836063,-14.172494296018101,-2.0235425545584294,2.813083042215164,-11.52056369366927,-12.755941392732433,-19.406112928710126,1.749558195047908,0.0027845365600320804,1.9577469011784971,-33.511896124467235,-16.563748203402564
3584,10.907781074862324,10.594959502622388,-2.5219448443981594,8.634146312028548,16.643238753272744,4.57032862686103,12.648151410547277,-7.206318321041996,9.990330027536753,9.469916524492177,33.460802692929185,25.587482441838908,3.2378315320884465,16.744360630638866
3585,-12.836895197990387,-10.68026756780584,-27.99002817027883,-27.392115484875653,-29.00708425433291,-17.919286266595496,-12.078804854343206,-23.459312559605145,-13.46569062372024,-12.909027549698685,-18.236123864603048,-10.920633461679545,-36.3259593693768,-13.748423839135137
3586,-36.28945254362202,-29.636200058345377,-16.525864439774043,-27.8013824150745,-44.846872981302724,-26.691169058495046,-15.72831995617137,-24.553375406813256,-8.102229113286715,7.5131875101903525,-34.2977493019543,-10.423143013117347,-23.8140466816335,-8.787762678532063
3587,-19.243424195941593,-22.732872622381848,3.3367734048859767,-15.663416586927394,-17.942306329972812,-16.97161049702194,-0.7405202746449697,-8.424499735387595,7.929371602601623,9.539204332777285,-21.826984423607897,-4.475871162253038,0.6761483495156525,1.8106403483298286
3588,-5.323099256919702,-10.685922841220748,22.54344816071269,12.784399258921088,-5.190671388287566,-9.228987878105446,5.306567456500924,6.566490939982873,14.026930633727547,0.7378546192414026,26.371152078656593,9.108860504676011,32.18159375110384,29.672364910095098
3589,7.026236145650001,-4.6864834798530675,19.4382490951744,-5.578090684668622,-8.326307810231901,-23.48758929108248,-16.593106895502057,-27.06862277364627,-0.16372286890771015,-10.502513994695647,13.376799452615582,6.24461234558315,24.54384820387433,21.724664270459225
3590,7.803311548536616,19.03409977623834,-0.39917772539249086,-13.011176655558106,-18.624143004470994,-21.525432125665724,-18.33762186816535,-24.33264756232857,-1.6840461697151763,6.9088528445888295,-4.065212884861319,17.989716594046442,29.045946720942084,36.60211791462167
3591,0.515907597929889,-1.563552574369831,-13.424837479293387,0.7158864363321635,-21.253210228783974,-27.932880662364433,-9.127680799907482,-22.507161175728687,8.610836251625692,12.432195135695434,-11.477464258953347,23.08547816399677,26.307966648765195,40.84948142120868
3592,-14.924808061809216,-12.041002855669891,-29.33237124218256,-24.244515450122137,-23.73026832942105,-21.46711923485686,-7.68175002737049,-23.058570925105474,18.657600851880122,14.681225501976959,27.093052104612333,28.517197455559142,25.200617679188106,44.83988940322941
3593,1.9369525214759529,0.5842159847648327,-18.673173883670398,-7.370179750103712,-12.064549458080283,-0.016319295438773196,11.453751538840262,-6.686236113228628,14.822560281207453,18.865790117671786,61.10512450946263,58.215610477035206,51.94294556210225,67.67059005899642
3594,-25.54301077886761,-15.683045266923227,-81.23838458765347,-65.07082924752127,-73.8467118233813,-55.984596344970825,-93.85040655492283,-82.06972879454092,4.676438185550591,2.599736574013142,-97.76471255980925,-40.726744662077444,15.438895766778984,12.73536948220684
3595,-26.308008792929282,-21.155166783595366,-29.746939603077283,-19.520068047423294,-30.338419831816886,-24.294790615011998,-28.84493700830941,-14.32303709868452,-3.733506448976096,14.878637921541243,-33.131406768615705,-17.55579380419265,-12.862372831104024,-1.3762964663740087
3596,-12.955428242742123,-19.930910208673996,-5.3721193559033225,3.068951736064305,-28.467211194746078,-19.92700510043621,-0.7021649482878958,15.411853914569383,-5.372939823249965,3.7158442962191325,-26.314508474779338,-29.50090673078253,-22.05674171638598,-30.57604942726205
3597,19.76805380759015,12.522119430830339,4.705537796824715,5.506124017218392,4.7040564590569485,14.061721579896831,27.55354174861452,19.686579316246682,9.254960187053829,-4.487236639087188,53.72825441930208,15.288308427562075,34.048135375470636,18.412491661139846
3598,22.760310268007217,14.182493588747807,-10.622313299748837,-16.39640788454672,20.931829446475817,27.250955751069892,13.966212252323796,9.999403101520194,11.181385564214466,12.589221182769144,73.73169630586528,51.06110018811748,52.72028825050491,44.16094778418532
3599,21.778049542359312,19.349343661699578,-12.369965273154875,-16.510788546812442,28.6830748031595,46.15161510655099,11.804740682157265,-1.3161421174072765,21.250147758414123,-4.552959658032194,62.73786927234171,73.85526315877962,59.05536830525454,49.22510010874178
