,LH_VIS_mean,RH_VIS_mean,LH_SMN_mean,RH_SMN_mean,LH_DAN_mean,RH_DAN_mean,LH_VAN_mean,RH_VAN_mean,LH_LIM_mean,RH_LIM_mean,LH_FPN_mean,RH_FPN_mean,LH_DMN_mean,RH_DMN_mean
0,-43.16225084212911,-59.523755169027694,-117.54692462442863,-121.57356439951755,-31.82493886409879,-26.36113804276256,-11.72735861328456,-21.844802588490047,-17.20421641984588,-3.6983406282204703,19.281811342932833,9.422023557022477,-29.864772008120745,-32.56427430464317
1,-58.744643839515334,-79.48967278351972,-88.13308735105342,-111.61376095118113,-50.73513219953649,-64.36922639787325,-26.423840398669146,-34.40621364868738,-21.25163706720978,-14.469357322866898,-31.215121973987657,-20.844090103794038,-34.61578215438306,-38.49665641479117
2,-100.44874334378495,-146.27644121287634,-98.91104810290032,-128.62446660643423,-84.0261621445152,-109.05431698497016,-52.287622365703825,-70.08578078063779,-24.185403230097297,-39.98889124165613,-53.92973005568964,-58.037863488417685,-27.00159106673254,-57.024517373356865
3,-110.93858720800287,-128.68244745866474,-137.03275927886307,-174.12727134949301,-96.96170809390395,-125.61408639888971,-74.98773879258745,-123.19099475376314,-31.33822721448024,-41.765271566520454,-80.18407095923286,-77.30739830827365,-50.44190192867026,-76.22974571932929
4,-109.80089279967436,-110.78503295061051,-113.93600544007052,-140.29602924097108,-107.45163680871786,-101.17484798369775,-83.9203755267639,-102.1073601312108,-12.298861756580898,-17.925465114324325,-86.22057991761133,-68.46524142880278,-52.39214799372853,-54.61065768434143
5,-145.55701326302224,-147.30451599145104,-120.24905123772162,-150.26691996551997,-124.49823089025482,-125.15544298889833,-94.7558491425234,-136.12728870464827,-16.766688623162306,-12.181501557403756,-103.25640254604578,-75.70313778554795,-50.22286390340231,-53.02190382952601
6,-150.27963500367778,-136.76708247620684,-117.77773259679559,-136.9736878189684,-131.9064938549129,-110.89754085127889,-104.35658723427069,-122.02558915704917,2.089418724748763,-10.546589598072272,-109.78152772484114,-79.71155365902558,-67.26852459891384,-66.00000467090796
7,-153.90262043968684,-138.15850816762966,-83.7884127430348,-97.0386062154155,-115.63745508789859,-88.60647617451649,-84.31836092207651,-94.4131173035241,-17.883896410202816,-16.870430438235108,-103.4110038937952,-57.36012997240326,-55.41626738914631,-57.474069264528815
8,-198.7942730471825,-202.18093669979683,-107.368826168054,-117.68599122289885,-123.82213740768567,-126.82227574238865,-91.2486295175007,-99.66607336777813,5.606163250907506,-11.887336686121749,-97.51808483800357,-58.695909511324736,-68.67547881632697,-54.576173182948516
9,-196.59777108415707,-196.34513275090015,-129.2569618750253,-140.88697314617184,-121.55638744772772,-128.19099287396972,-110.8711462097068,-110.68490450312872,-29.057441126856762,-11.735306481069065,-97.2207688810131,-68.83794314579046,-80.83602858401342,-59.543033422633535
10,-166.1794927295963,-181.4691857854892,-75.97771777399181,-115.02710153992531,-111.02930430509632,-117.2831361438964,-89.38103925430198,-88.69811530845239,-18.806949554346698,-5.878465478506417,-108.39966505215219,-63.40219275322137,-78.09580072745538,-45.92751755250112
11,-180.60420867945652,-172.65055637447603,-57.38036454547274,-95.18056877328299,-119.71466774864389,-110.9996035745323,-79.53056000720095,-81.69986141283536,-2.7830827407164542,-1.4008303163607994,-103.82773679159119,-60.3131781377518,-67.37305212234298,-30.136475883254683
12,-148.06325761246387,-153.37397797513313,-57.91687536650329,-99.2861688674294,-119.74845275345591,-109.52962287009692,-89.46213594318827,-95.40782809658553,-13.797985306086522,-5.259490701431981,-104.23706137983409,-55.25617396410199,-60.874528646382224,-30.250830639113325
13,-110.84136463438884,-128.99758400548566,-9.117455634278041,-56.55376632519523,-102.5772337723644,-99.24626301713896,-67.1459834091779,-70.55417256091394,-8.923777315833311,1.4437043069590616,-110.31309150625123,-45.3470136772975,-48.89082377752475,-16.130063841009118
14,-103.58020475431945,-119.98767069871026,-7.563691822154815,-48.32469649621314,-92.5491416493275,-88.80363713137464,-46.92989892213037,-63.63435837363983,-10.626755648302652,0.41798544505496205,-96.69217546048236,-49.15584676390998,-50.73904129652431,-35.888829844336655
15,-70.96028229258566,-84.64293884212088,22.11019184321589,-13.7566346416616,-65.25677214327884,-74.06654403673782,-7.822354897964226,-17.110814948896294,-14.673423887405095,0.660767223962454,-53.62035366817591,-42.47944935880107,-19.763439167355997,-13.458674755698826
16,-73.22113530955524,-95.22423024056917,-1.032159919107918,-25.02507248267245,-49.943350867036166,-68.10322921945446,7.671968468414552,-10.036821706669414,-4.584053404246727,-23.874999108706014,-58.60455900163841,-39.61735552622877,-34.74821782101027,-38.30209127389852
17,-48.50937859169048,-54.58564578844434,-25.691387234113204,-45.877919514767314,-20.080635117685304,-57.2989931132995,0.40382593187547755,0.5405565395188638,-16.07978235999477,-17.285306084511614,-41.7879105359795,-40.551352490070954,-38.05761087486313,-44.43389308601505
18,-18.2793385493605,-19.46796090340346,19.96950789597052,5.840151015465304,3.9142738305106786,-20.758356653301604,40.396985232632815,34.45910580924163,-6.586694785939646,-5.341307801485152,-29.186322506889653,-30.834059989945406,-42.21445177810809,-40.87370649741174
19,-11.983089657310519,1.4638828899771035,47.408488265184275,43.10103621256652,23.37216297930924,17.50241315215748,48.47329579054048,64.04952133114381,-15.44280224707623,-1.4805580252966068,-10.57502211589006,-5.881963220991212,-26.81856559801553,-10.28734764788162
20,-12.056969110348119,-5.942853472814298,67.53843603032396,74.20506312914004,20.946380368004853,24.89752493205793,58.621577568804604,83.77992349433296,-12.597809879462597,-7.708883340813735,-0.8529871620480645,4.749384523272949,-18.842603765018463,-18.385168105179563
21,-20.289835180375107,-1.5825902419513809,40.48301170405818,25.367613423143876,17.38427101109316,3.1951967693809036,41.18621301638493,54.68777757560425,-11.635791210244582,-12.315925263177279,16.930420807622806,-7.8072470261656,-24.23706915820424,-26.681854374068553
22,17.570894741762118,27.957784134427776,52.382867873702516,54.552425399972996,32.50723674448455,28.593206081669017,58.149956305785096,78.57426809434484,-10.478620002989537,-7.269380353692023,33.069715487577454,7.726831169732699,-12.577276962393315,-19.700650859634887
23,26.592896587716975,42.04014735274523,79.47992920920406,87.7242948661713,38.307456727160336,43.98609077733368,88.80265161128249,94.88594305229901,-6.699106723095917,-17.06196716201329,45.37880151189533,37.420674389293914,11.36028037660794,6.920765145169528
24,16.224356956893864,28.82071796032404,78.9408025910529,84.70952522376345,39.01595123647327,42.233566013849405,84.22089039098061,109.00132035634132,-4.738050084205203,-2.9976862600400445,26.947289079310764,22.463583102535086,4.826351634681657,0.4344251565843684
25,33.529302197717456,43.2115021887584,73.39554605075496,85.85974758464356,54.12927350571275,57.51690780432618,96.05438548079532,99.38880186868587,15.506823589727952,3.8647791565266965,24.903687607923302,31.519792381004063,3.834035772617745,-2.289463007501178
26,14.856987903628843,35.72418159322991,57.4619233282381,47.992137727601325,41.768059687659964,44.832537234873044,75.45456509215796,74.64644213386252,2.983408663957814,6.747025700422952,21.726364284743532,21.472219995558426,-7.167469784733271,-12.278897570619494
27,48.216850757108816,56.37892864540612,59.35580730201972,64.06047417866695,59.96422694989861,60.832021569552055,89.41079564190318,96.97834101839916,14.016706877250789,2.112062003013932,23.874784930165642,23.894186581661536,-7.9892972025172195,-9.158251674804456
28,33.47000612063138,40.71983464679352,30.91252294584682,48.773895362265264,46.619475679965205,45.928234316062465,69.31976912267065,94.90308065804567,8.75769414198348,3.221280270093611,0.9544595245556806,15.242711690174353,-29.925679119203117,-12.401065368598028
29,25.1835290732885,23.86662419238393,14.302075249552312,2.0877972410259926,41.035756555379066,30.798956303103285,38.57379403258616,55.81017624948621,-6.807776000969881,-16.153425632862266,-31.40687000163205,0.37246743536816784,-41.66997669415548,-19.868137077553516
30,11.753777007064084,19.47305125512861,10.054982305780372,31.203438463607146,38.005663370962345,34.94293274575686,42.98005116159772,69.20388873463057,-2.5460010333257865,10.527507254493008,-50.89828651286504,4.175431117100396,-30.736295915715637,-4.590240855128567
31,3.5368374413129686,2.9229295692504644,26.822453636997793,27.250660895369396,28.758570508634556,24.310197639432094,42.33759326358753,73.2393660350231,-7.732735358769936,3.062230116825851,-53.13143701455266,-0.8252583267983419,-34.84042231343066,-8.392430751415477
32,40.35923016539303,43.85241904047493,49.94611576462339,48.15517356002293,44.07707622923713,31.039808351180813,61.09828071805173,85.55018629559187,-5.28772980408313,4.933005235884899,-32.249731812589886,9.845562626280866,-6.408861967328089,-0.02069137202931095
33,52.59679108446348,64.51247629523908,81.8185536749433,76.67228839921941,48.37174974086952,31.030021270844923,86.06214657422527,97.80421344308766,6.750027004860647,15.025869015134232,8.869365137542337,30.812406166548904,11.619375690537339,25.062376297582784
34,44.19971512181155,40.888424734632906,63.778683770037794,55.77202538877973,42.45861197229072,32.867581055524575,58.03710704647214,72.04905055477789,6.4823345790747595,2.448146709571848,12.708107208304806,22.670785561467167,13.598453888424405,18.540362515410457
35,58.393633777076715,65.53535015730046,97.47555355611314,102.69126942005548,62.21318108297307,51.67204244645958,80.13735435853663,115.80947945909338,8.707262842379693,8.823537546769488,38.2383526447273,39.58242557624786,34.449493520227,38.246253290509564
36,23.102204157595192,34.281245082350274,76.26447183066861,83.82606809289486,50.18035818361998,50.732469709980535,67.83217323550149,100.38211898412536,17.290396729281365,28.594025855670004,56.11676682898769,59.0758370607342,43.996565272572404,44.682230880066506
37,66.98149806527721,71.43030904522551,113.34364037482563,122.70828666363897,68.51913318341376,74.54270276376245,91.59820921369612,117.60927299566072,16.995496391736438,16.06004789872825,92.25045825601997,75.9865518672984,61.046015345206186,57.42102788549444
38,74.94019456687168,94.53770461831355,111.33721336674726,124.00778543736413,61.28920809956117,92.48142560987584,90.2914812309282,114.6110747284278,18.71393605136147,10.86407142654475,109.36965958415612,86.68567362966512,65.99334853516952,66.22468596628562
39,101.79877147291174,126.92064074535712,126.61646579773577,137.90963666607996,82.3528090700293,92.06733390136348,84.05474657890666,105.77238665222151,20.034844990457206,11.40498479744736,116.25287764392155,80.722036247036,77.75144846310756,68.46993105485693
40,152.68662260983731,180.55574907834725,145.65892576113217,175.35988014260573,83.15488812449644,115.83194071919861,96.67547905310866,129.4016306409539,37.498880858153846,31.301223385459426,130.90487263748565,99.7101661902216,98.51445227930895,102.4691194579684
41,149.5288143275354,167.2528104551705,129.23470088935952,151.41613545528296,77.80183166918637,110.20870354678479,81.42054073101157,85.7454735531513,37.60152573139563,25.05747721070724,102.56121909520537,72.28215214086204,93.16793649370015,83.18450345472208
42,159.2424092177156,188.1260818937268,154.53705309888548,185.85756481968195,97.56819183506398,108.61263018269754,75.79645844558486,86.78157916632681,51.91038942064338,28.564473923062724,118.2356763017095,82.62262610605327,100.03719144232421,100.52316679584969
43,149.41944395995426,164.54629807701008,101.20063364919207,136.9305176424898,73.62904044611486,100.30896164105908,46.323505902515805,53.82969942062532,39.52947080464452,34.13648292550184,77.91005473864979,71.53526164179964,82.00016902033249,79.1608126476188
44,150.16095844156413,174.64668337869622,113.72364741831956,162.36181677014508,94.35145422477977,116.5780063982097,54.88076732204819,76.77567559137827,24.099325541503102,20.905926723375384,77.36634307350621,64.51424607900583,71.70430916324892,70.58452095171644
45,165.83553814220448,170.8061921127801,87.69625587618451,116.16829188240513,93.33038717986037,112.72428100616176,47.81017057305615,60.70272198503327,14.268291233557422,15.27315456725776,97.89853245164092,72.65769702422278,59.2033607088222,61.82632887292859
46,152.39748334768922,157.75646484566963,80.33170354299013,104.14735908472653,97.78653226116835,105.92726153893243,43.25083659368607,82.65195469317564,18.201915291185838,13.192688879987198,74.3415099366349,49.91550660949073,42.69357110718127,38.55693376514736
47,151.28584789100896,170.20739088747877,89.31585466016588,119.3599248973361,112.136333438088,117.62841327193088,67.5280165873277,105.33345402513021,20.187932090448758,37.72456573646646,82.19337010758295,67.57170333323853,40.015571586681645,54.68321673834036
48,116.31790828066849,99.52416265345438,30.32634938408415,37.850941583581005,82.51571391453231,81.4900215500646,28.361113588989507,60.586835413189775,1.3568976131178836,7.754868200669335,60.37775858178699,24.282618304018687,7.419225618330628,11.508516695758631
49,70.48638453572534,70.71213660065253,45.652448912297075,54.64752000149234,79.02263989231325,91.14107915959822,29.388279911289317,58.6463183888787,10.755477603868878,21.621575491586796,31.236276922376888,26.09777152772229,12.227485045692607,14.16435826045816
50,44.612680687909744,41.17037966210462,12.170130156330002,45.294270725989385,70.22842177714818,77.90793079162357,19.451609583537078,49.02777315092062,4.577016510709961,27.748004486763307,22.808457027820992,20.911217897809305,17.67329080921632,27.86990280946837
51,42.79862381278427,47.32870887142899,27.329875228529293,46.87912375380557,67.51521225354688,72.61127185479548,37.866794354363485,57.0874783950356,19.36834846753986,8.31149897483133,7.62291402219598,25.65580511969304,29.19330117384084,34.079503697887155
52,47.87840403673218,59.97283218469213,63.644070603907124,79.5983428063811,64.50860509012873,85.21124346886374,51.11838111433973,74.80831910168251,18.678267685546142,32.319853793593325,34.45786752169863,51.16650814780607,53.39512652510678,54.269196486372515
53,49.08361320361035,58.76222021829229,48.67148203328487,55.82157665666163,47.347549235023926,61.30113434895134,49.115389835242766,47.37095908153556,26.331117926623374,24.11995768709003,-15.398591188214557,35.94768170695273,47.32282283611357,46.71781716692779
54,80.82706353982923,84.42307881036437,70.97718801466267,80.53889600924896,60.42218286922191,83.28272156106861,59.52812134200912,73.56984873404716,28.459330418859633,19.42215951422721,36.985621544703534,46.856025295725395,82.19881189090431,70.88210025603028
55,56.68115803916735,59.93158321453875,7.899801265311645,20.49749920981316,31.796995117867883,41.81957418267511,11.15221223870879,10.83841078988782,24.685795982610443,32.788743911307414,23.264972418426225,15.291341548662643,56.514339691037144,38.67414344672193
56,70.68631064013024,46.71284325630485,-67.33259810786107,-40.85998991199089,29.445754796878443,34.67816025896997,-23.102697851120233,-12.212017478389608,15.488810877703786,18.97728621063617,32.00135120596202,10.723225777663036,38.99866237189404,25.368084104576454
57,5.371612736950113,-19.715401359114402,-91.05680586482771,-79.13065864118073,28.021748883910305,53.21902176662574,20.96419529688753,22.37611171285449,-4.562145792083029,-8.258889151235774,62.203334440204785,21.63234370795551,17.005845363047605,-12.772922513309426
58,-103.17445477293388,-125.30662552814024,-91.8409421213046,-98.59525073618968,-30.36267147855265,9.953094857229578,-45.179962647427786,-35.486686206785514,-8.262590409398333,-9.73473504422654,-27.407645108333725,-35.357602055344245,-33.2139803683112,-45.37108510633651
59,-123.68982974841745,-128.05805486005693,-94.46673876281206,-95.5406588199106,-38.14820410206389,-12.877907203031656,-32.621585397164196,-40.55531489751084,-10.551651901899474,-11.072662718575517,-41.94298117575208,-23.490677843570495,-38.21344841578267,-48.11022586012771
60,-140.15256683953973,-142.75547832606958,-70.3047473310435,-89.33092221236937,-33.9236616764544,-15.404938201943194,-15.603717009547212,-25.577884563567302,7.103218426634382,-17.747094102008365,-96.77689331686379,-38.698371305543475,-62.566801111192675,-65.2279244496585
61,-120.2692227815702,-111.5405206706471,-65.30951748952451,-100.04165366601082,-30.507676544442855,-8.545733983549791,3.8005951604934807,10.021774471603852,10.007904355657718,-9.651504233532654,-74.93069367100644,-21.658228117869744,-71.00937346858295,-64.44160867393742
62,-95.25093024258382,-82.47618599381966,-58.92186993221278,-102.36878994946811,-21.974928054986528,-8.139670725097375,14.095977254025112,16.027830853824664,-4.335158708720852,-5.486348511153047,-49.83568701245777,-12.616143207555606,-73.03214992099,-59.42491975246915
63,-66.65167371346652,-65.69382035770192,-61.39470893163,-95.42337374626015,-18.608833930020108,-5.706152957532264,20.98501510161957,36.65953468907889,-7.65285183007656,-4.998892794328052,-21.162980324953146,-5.970169190017139,-60.20714749782293,-51.8341478443316
64,-78.5442354090246,-96.80608293949675,-86.5899179206862,-104.01682189584074,-28.89247183561532,-28.942967547446376,-2.363093259608743,21.080326383506907,-10.431837555081684,-5.6948123462423945,-27.00261075840607,-28.815292881106295,-65.81510314658678,-60.27169617821813
65,-104.24129379260823,-134.153720983425,-123.4125805348336,-108.45735811349971,-61.75578608169131,-61.942556251932835,-45.861701660167455,-40.711246881161244,-17.407082265617824,-21.307617083099366,-38.07983501799973,-45.50805906306584,-74.29183251833574,-70.34001931956128
66,-129.93631583906,-160.80489942991574,-132.84169716175722,-112.36840011577488,-87.76703295559456,-101.77049204768241,-85.77992094296418,-80.4508229845982,-23.430161194107303,-4.734012667761862,-89.45834619667015,-78.7674132850205,-82.40857667256395,-86.67278805945315
67,-132.27334554230322,-156.98256612496473,-117.16327971864,-100.34121909169204,-102.061945465454,-117.29565177865845,-88.19028237027835,-114.82092661373974,-30.49138716574852,-15.398538772422079,-98.90796489791731,-94.75982330679611,-77.12563807299107,-74.02553452241833
68,-102.98445399408885,-125.7294751087747,-76.27835634387664,-47.175049946829354,-91.3461865630316,-109.63283269030278,-79.12473193426779,-104.55461360486757,-21.826112944881743,-16.060434852231595,-95.35008589973751,-92.50612097797898,-76.88903937902366,-66.02094288230019
69,-60.99241506171994,-71.8155900320771,-75.564234552898,-55.42248787812571,-75.5430338399953,-95.64815604232133,-91.8263249101744,-106.91170091957706,-27.466162111161253,-18.87991424892504,-110.4469566866193,-94.12932570852166,-90.3978194847476,-56.33131343348095
70,-27.726482817712167,-49.793759209563845,-30.292929161389264,-11.4099049392995,-63.94772574047321,-88.37672906312078,-80.03467043558211,-100.67959237412276,-25.292089898407113,-9.020865589206124,-111.25592358148333,-90.69355377986706,-70.93337432318057,-52.519421107898204
71,-18.419062547002717,-34.74655999413662,-22.964463956486558,-13.983166878317242,-45.914380565004976,-65.34266481206338,-65.20523126544971,-67.82188212945286,-35.0546395105408,-14.784548663828552,-106.11797154115871,-90.11516402118878,-71.05294790748161,-45.26522782783774
72,19.2310048750093,23.31905792464456,5.053458444181783,8.543565653206159,-31.48618741642705,-33.307083769256664,-39.81789002776503,-40.917299522716746,-21.720391917535846,2.5169448490110717,-73.35017197968499,-69.82522446205104,-31.377983434931537,-16.03601475617943
73,58.16527529732749,67.42580556679417,35.90044975628539,43.28674210887879,10.98595725673468,9.643485045461903,10.115294960797675,27.047645102720917,-3.3669634073293793,1.5158886554295954,-12.086696237034735,-14.81619554212235,3.443357818864063,14.055458072251007
74,52.89006759796999,58.663966910145604,13.084126300213507,26.34775713711683,22.734691857075052,21.765160115895206,10.217748284142768,13.193917181935626,-12.23884150638589,0.9605547018767682,-13.222637095680023,-16.76096072476202,-6.251750101978091,3.168496362758877
75,54.18521738016801,80.78103495015877,45.51560099179283,39.62695394949976,30.58933860317404,38.7326371511151,7.951819215617052,32.129575601755654,-6.504580134453473,13.119801776967641,-8.727235042886079,-8.462899921352905,10.339710428537186,12.271235679849536
76,56.95553495666829,86.98397002817117,71.59590439250294,66.52914515505637,53.191459699633256,73.67538756010434,48.85421537934007,65.73788180203321,6.366738995134401,11.89113656884627,30.893061467053272,39.44898010525204,24.119028186838168,38.32850556863026
77,86.03807749633773,121.58394982257936,73.5272573162328,84.78160072542515,72.18900935768822,106.17456911062062,54.94608239682106,77.62764756441068,12.679563331891245,13.248922931042062,65.07507186980831,62.89105100967848,45.591837123785666,41.48462952555812
78,118.65515913009709,169.63216319337627,108.08699027347835,124.42839257026883,85.09891964270578,115.9570286672771,76.78356174112983,105.76229617157223,16.027126614428067,27.089840693346353,82.4000960123465,74.49130768950623,72.04628177187621,70.28578454167051
79,153.18608875005353,177.49923613708523,113.90896475039013,129.7422529330987,93.40806913185597,128.23913695589303,72.45320760148739,96.21272086320518,40.851369357922174,22.926994641929234,82.78370157563411,97.23275972200032,83.39751869647833,76.89581537461821
80,163.62045820431902,189.8490844264388,90.09062286856197,123.04045656412417,81.77869702802828,121.8823139182576,35.965193873875826,72.13507312332219,29.62437897688925,23.44634526604255,67.12787281845476,77.79751123517764,77.86697200121979,43.07424392867606
81,150.14846834508933,167.39749012858178,64.07857269805454,86.12380163527754,67.81082006211828,101.05311685686458,35.42797965953276,51.38671015261828,39.37748347875726,25.581070655181374,67.26056862893131,70.10486066827401,79.77763302567823,57.506439023409555
82,74.02952940745416,86.01072513933116,1.782912676531204,10.121882056384713,30.546689029347554,60.00330171510841,-19.755530219365912,-21.87519464859102,23.225514517469808,2.9878260880888963,6.4029343177908,18.22606245147545,28.384713906335904,8.865669993673835
83,25.063078219169213,42.75667646842825,-15.458470870345009,-0.980488042881188,2.092129225172183,24.09305424012871,-32.669338204708914,-33.45283247438382,6.067147878339657,7.305677295594002,-19.84839388058557,-20.231392847655115,4.70993140095614,-16.174041060235513
84,8.991882847053814,25.725647180148655,-8.254451609779013,14.94793557123759,13.956456242150718,11.914624762421681,-6.098326518285232,-25.574891021652782,9.856548716174963,5.010750583892855,-39.056909721734144,-29.44949966322825,3.429417845320802,-8.370286489375614
85,5.860905343313925,20.27416966487219,-19.306091627926794,1.4411052387397447,2.2684595920246355,-17.0997363798137,-4.182917270427704,-34.8816692437203,15.61951907936242,-5.720690442829857,-53.591312237304834,-53.92322752368568,-6.633515007281084,-18.730388787388556
86,11.816842255010894,16.69999070792704,-1.8421272575758705,-1.6659074126141846,10.495322441241333,-23.067296479351544,11.531948588264115,-3.26785367992275,15.362973305466896,6.314054523021851,-19.196542226379258,-39.10894653725262,11.246499760415293,-4.175224551994165
87,-0.8507296609125505,-26.002833661432106,-24.497435406370613,-21.79279637288889,-12.108485068196726,-44.54309121247085,7.387695878965415,1.3888577584252,8.113646475476328,-8.270811668307383,-9.847645389281698,-17.53715087920038,-3.32320318626892,-10.009050583592325
88,-8.397286339576485,-52.49521745348179,-39.1906204829257,-58.68477420445605,-27.715360950971892,-60.46866407550266,15.915702360602909,3.0181920868634657,4.17086480040111,-7.671858616503128,13.596667027765823,-11.750918264958283,-10.766810363057118,-31.09911436015311
89,-37.68816461055972,-98.62004414515224,-67.39479686683805,-73.07678541008931,-55.31361313697072,-80.93527081141364,-5.487594524712434,-31.286774206365845,-15.99650311411889,-22.580040371562497,14.767986067089256,-0.49250608158344633,-11.914989535072419,-29.621467522733255
90,-88.54418139981753,-132.89624636988646,-86.0283640253257,-114.20781330697343,-71.31850434690938,-95.47299385019696,-48.00894162766415,-68.66551028531835,-30.64314665660567,-19.004993350140147,-4.560267674543373,-26.303581910255676,-38.9969313977231,-47.95534619651349
91,-113.60584496445637,-159.38749557160546,-89.9200895744571,-111.51669594273056,-60.54974170143936,-80.35730065771743,-37.95175405977309,-59.00101449684287,-11.704655799076946,0.6371558213853206,-7.62106423678864,-30.291406721478793,-32.1017740750013,-58.08236156969382
92,-115.05699231941746,-151.04929260007134,-76.845238323292,-103.81727717215172,-49.56761227331046,-67.66775271567927,-33.7270393261165,-61.395981932475834,-7.4385029645779,-16.404807090778093,-17.03204636181194,-40.75630784612649,-48.997074449432326,-64.68421566503879
93,-93.59153085163251,-111.22750780567172,-68.11499718419245,-75.69550246965838,-28.808968795054156,-42.25488463552115,-20.781955024956297,-32.94719149815156,-10.34054441728332,-1.5853882387839962,-24.01706742517876,-43.20109769068905,-29.304284363797347,-54.835151539408756
94,-59.866772645308984,-73.7948049981689,-24.829687011898624,-32.7161233642988,-13.3586246369575,-27.600570229895727,0.04841733476450979,-19.026547096235657,-11.382960043679583,-4.865292534437618,-11.885339896110745,-20.942485625204647,-18.7681475588829,-37.2641487437618
95,-11.795597814525514,-32.2604491297793,-11.789363063286537,-15.083497806854993,10.84791901321682,1.6812124507036894,27.78718235431253,2.6476504256313915,-4.424009707189957,-3.91290185545257,-17.81607441348505,-26.179218765788416,-11.074439663497637,-34.60225773697445
96,-2.77529506065186,-24.527730393913867,-14.950795743702734,-9.08380906223265,22.162126811003745,-2.5350588913202436,32.9263284566961,23.851104223720984,-4.436484158765197,-10.584148456720909,-15.873338539081402,-16.35615148281791,-5.263960704981418,-23.190705417401446
97,-13.325220142808174,-38.12327345013857,-29.63529753443943,-6.067571173184756,25.90748017479301,2.9749129437887167,28.39000496329719,9.454169898960327,-9.168864241183458,-12.870160367056435,-32.8167599509164,-29.764628558545944,-14.519606413877039,-40.640159455201044
98,-10.23503801570427,-32.66071910266634,-15.291266062774438,2.29939535511157,22.267504896736078,-8.622248465028022,27.525134729428764,4.894523105481561,-2.701135404046081,-8.722481352768241,-25.593917276993523,-23.204420131229206,-3.53973161876559,-30.624276170504263
99,-4.461639194448486,-18.847440730235046,-13.769182085928819,-0.5599848564141867,23.674055754063495,-11.50917307497009,2.167471256978801,-22.508040418075183,-9.686613825370507,-12.198427647621195,-38.43191756168548,-39.368385016759845,-19.587504587314267,-38.65178941274639
100,9.678443666093273,15.784245486536024,6.781294202957587,-5.265072929276198,20.711969815484725,-21.035364475613402,3.521510298878707,-14.940612596648222,4.9057181980615985,-22.298667198951833,-33.23017434838215,-60.24759993026602,-3.5944408506103747,-35.50658646207734
101,8.81939876726119,14.297504656607575,5.809358805338344,0.9948723298070006,7.472501170874429,-18.59503415559608,-3.7731910259183885,-20.666829064602165,3.768444564018585,-4.200578623461338,4.269450391807705,-19.26619331622485,-1.5264425570767126,-8.722640487748569
102,8.62035891878606,12.292805343507412,-3.2369700241783086,-12.751171586399996,-3.8059936336441047,-23.50670492688434,-14.508596610420284,-52.481761518637335,-6.104463319679606,-9.545801259438269,23.458744590149102,-19.940762262141014,6.47280427508553,-1.6855352257839293
103,20.418500833529645,31.169564299896805,21.89943299684607,11.417565081119761,1.6209815065634592,-18.790675907080317,-11.37070723037422,-22.973028191347208,10.03708779283833,-2.0387103637553405,63.518435587126895,4.391823889908792,45.772486395929825,25.569389977394565
104,-20.307013014944356,-7.687710918946271,4.803959990444416,-13.685259011768292,-21.793975123442635,-30.323456634370793,-27.255474453651743,-43.14763355044078,-8.601932290319683,2.397113736758237,49.851168213985154,8.107857120613785,21.022133344854264,28.164937478028456
105,-41.980665124607825,-16.204768082991286,19.624709450110966,6.867303222485001,-17.12327490108212,-29.398506278517864,-26.082333819688888,-35.05371365495944,-5.7000255191104685,-2.69338092892475,59.76313207629857,6.976175170351366,33.96391113125095,26.05294025643603
106,-20.550882372111968,4.479830913547454,27.45453099970663,29.856952352320747,3.477240296971484,-11.928284469726789,-0.8784345235440492,-17.843654865327675,2.600144555994356,11.914527420772535,67.31604247669323,10.254548731408887,30.123018375915663,34.09689246441183
107,5.776657427245485,47.91253407627242,42.79697180821697,61.791060780227475,30.600963682792436,16.72040977066658,27.662409682084327,6.776084129545717,7.294006064193609,-10.671474340932487,87.59647248659147,3.6408692224589094,47.93970817960437,31.022326165349877
108,72.0707221423338,113.91535526851999,99.50929579636146,110.40944317232902,56.457128811431275,49.86276718205904,50.81607144508043,54.40151442530545,3.666953821020428,-8.916869727638836,106.3593272366683,46.9775666829948,64.71544955702342,60.656873346439006
109,82.17164059364858,122.17132507320889,69.4185947558147,86.4356794483298,48.693778491890065,61.07580360317036,42.242629988057594,49.25365986961977,19.248511541094306,12.861036056941133,116.72600126633954,44.002373781959975,56.437710158351635,55.964883004441845
110,89.33880176230899,131.73809374269547,74.3931203554494,95.79964457787922,40.42452758189856,55.76824888801172,32.84542458524908,25.80657119844866,12.483703862567166,4.12278050733102,106.93226190936123,42.11143495965163,66.62618458284918,62.20748310343149
111,125.57745676321368,153.4026957434944,74.78092724117464,91.36323174729107,46.404636786583445,56.2281884108985,29.594649102736167,35.66012661484009,0.8348784474980496,23.665763091589824,113.13941771251723,46.85705518408583,55.289701831983216,58.39903013081275
112,152.69953783064292,177.6655969321206,110.30538181481153,111.6204837206815,60.163906220243625,61.79317674359546,35.826809400317146,41.87618197639008,20.31715409571801,8.471815809398954,113.40433788155696,52.843347024969034,62.447498673367434,65.97923731038692
113,138.3986060269391,171.23644681390618,95.02911292337268,100.61468850448361,44.65629940313357,51.05174447760482,49.72152877227263,47.54748102268833,5.511120864852704,4.983730870101863,108.04659225867326,47.71577095434783,35.03437411202633,36.451344104047514
114,134.00854720221528,163.1630974784419,63.912050088794444,77.06334598990117,47.88382119394729,57.51048586086096,36.11954102967652,56.11939264797104,5.103598695343041,-5.5917956284230215,88.18068467831927,44.45950442035178,9.438837454320296,16.003663418201942
115,116.64844306585162,153.3421347235256,60.60398560706222,97.35307973086009,46.10633194284804,64.7802778337409,35.61001769157087,73.07000097632601,-12.25155524306596,-9.61598367311831,76.69697215618274,58.335945124549426,3.4033610923014077,24.322328351938584
116,91.25098340425767,107.85944474816966,23.7901606000068,53.20634533076418,36.56856827883378,51.448976650234876,15.838474789753166,58.28605352288319,-23.732777503567764,-5.466295811144198,34.4400628127442,47.448270574411936,-25.18072246210501,11.393899522172957
117,61.00776647478928,84.79986176327627,23.236830968871015,42.43564428066229,17.329474509883624,37.94062152798035,8.417154259478563,46.46385219340207,-19.531131115262777,-12.985025290549967,15.953778779305454,37.27669172479071,-9.769266700118353,7.342318150046191
118,72.08131427639722,66.80243831860682,32.36443136452896,44.62218778470567,18.86054564275221,41.73881217482187,10.726862780206162,34.360317490080234,-15.613850662604248,-12.498426768807752,18.129158214961794,41.04128483679612,-6.27731430503585,23.009532811459312
119,94.55060190934667,116.29302536466761,55.5885275392173,77.38366539069696,37.24720462503585,58.35328862833909,32.1339000264239,31.18419169457895,-4.637333854376492,10.97466786754205,55.63873562028586,46.62583151507194,28.79136172240987,33.93968945230676
120,130.13236355912198,154.19651325795087,78.57532182324968,101.14274255621417,37.711551987495625,83.41461090936268,44.9153327738113,58.34373212309056,13.215114077634908,3.8237035103093957,91.58563675500676,83.4817515551976,56.35768987025461,56.738833643055074
121,111.11415182139768,125.88535342428123,46.8106679497306,64.58882363590936,32.73882422606094,72.16931657702081,15.421424672337778,30.450090385745273,10.773767103589705,5.590849507301843,106.88157320184264,79.10096446194355,56.44597966406747,45.881165778463505
122,49.54166358814906,70.26222579851135,31.237125413209537,39.85848455629766,6.4002917744044945,49.633645636615064,-5.996750646045712,-1.8118826093253475,9.648055003018357,-9.802946619904631,87.71211674159761,77.06652587836898,67.56985382775127,48.75477242799143
123,8.19179855428036,32.17422670959074,-8.68624488224655,26.719453994953152,-4.35617740181011,36.80833015566513,-35.201213800916456,-32.61439523046897,0.9661183237725895,-4.3470350240946125,65.28801829059128,57.610524412651216,32.18908772798103,32.149838006982165
124,18.458562637196362,34.935982556323836,11.079144626276744,10.326522484294,-4.986184163338435,23.803297082416343,-32.73383041115367,-26.469800290373847,6.8830849093076365,-4.286964271966318,56.43364579830177,45.02134967816332,33.75737138698807,24.099274587357797
125,21.445109344963456,39.817107912394974,26.77739182039112,43.1448049858353,-2.2140716445956654,24.7881870003874,-3.1978257744501826,-7.314948004810445,-4.809499910350872,0.8933145906625973,56.541398815967185,59.473038865870016,36.46862084478646,31.849684256669285
126,9.886187574300852,4.27523473100683,24.830118604013595,19.662857500937665,-0.34392662145694564,23.34870903181325,0.9066908811498962,-0.5756868937595998,1.038972950749071,-7.59730251476451,51.86693578883303,61.95574940065772,30.95369237687602,31.989950778832455
127,-26.492772778070886,-29.282916185672487,7.779936184598821,3.8450439209051273,-29.40988297253438,-17.001129231579817,-34.546188814983395,-66.42072296865312,-3.688192081852275,-11.181297499800031,0.38923461565321293,25.930079349037754,11.771032594251917,9.74547706333401
128,17.293494490083607,15.804574382896273,28.22640834605208,29.272578359819057,-11.816160094051138,1.614509140501578,-16.68175940955917,-26.538047367558285,11.199204327350818,-13.232313577783572,27.34775785441832,39.68215358587142,25.178816837613336,23.41776872682582
129,48.28163893386797,43.39858013748546,24.55770598837187,6.961537919363355,21.531628010715828,28.085630005054707,7.485369266911243,-8.542668101600452,9.04436908490368,-7.183966116344373,27.90874247444292,49.08851782739466,30.55504163386344,31.109543591628473
130,35.08695004211765,55.58041181897257,52.57629231907354,43.47717412633532,21.24013325861473,23.460014124517198,17.53516089086023,6.035300966536317,18.978348846553853,-0.02927920873786949,35.820819780166836,44.10950472638205,42.25963206871571,41.79901641170085
131,67.3178099185328,73.21467384079149,54.85380708673669,42.01268441080552,39.18745664087233,41.55994241151338,38.00354175959681,43.41238326063412,5.140098841010595,17.477097643996146,34.798564108438825,42.234658767423326,31.439021629051645,46.429597308251765
132,80.10857116466283,72.39359382817312,69.23084477251001,51.83320829017404,47.68018882182539,36.33150085432755,62.70820156282066,80.46531940676793,-4.496922082944327,1.4537531448868242,36.70655690046058,44.85576617506134,36.21879462790588,29.335979362388226
133,53.63574657141763,41.48768505362354,10.43444988032495,-0.6758640131614433,39.1623468656867,32.462612167046004,52.53229757000024,59.4724605104595,6.0858055634380825,0.29006571203934595,33.306978177214724,33.364202251827884,2.670781582834693,1.7542713611962826
134,36.96857061604529,10.00164930774704,-21.953455441861845,-33.87061597554278,34.88193684216206,13.550131890429423,43.68227791259027,66.03748768238742,-6.798743201630146,-29.955331124629993,35.168765871989834,13.55120413048672,-3.046118011133409,-17.837817376755773
135,2.9351126163140315,-43.91560029679099,-48.98926881816417,-79.89291324212789,14.058036458321116,-7.408190854660229,30.458081144231418,35.839846830404255,-20.092297918645823,-14.704001276697156,4.564203082028428,18.202506875132638,-35.31412056696802,-43.82420788371973
136,-20.513913088559246,-62.97447161833341,-83.95099486406978,-112.92963779786324,0.091193841488598,-19.285238439748497,17.969042394960578,22.42500763484911,-20.26470607891342,-22.228545663148203,-24.92430514074895,-5.35031101568122,-55.92120807905321,-72.74019364905406
137,-66.14063971010609,-113.90070541679925,-105.94285345520386,-131.11860156889003,-18.21995556883911,-51.956480804779936,-0.0028529147823666634,-10.111024074534063,-41.65688956130281,-19.620675735074098,-32.7865417252658,-21.578649576317357,-57.07240839967891,-73.82469984641408
138,-95.48427338280943,-149.6646139976212,-96.53950261230194,-129.74346489256456,-29.55125394168786,-67.73957618727327,-23.165130833480003,-37.83690760589187,-23.645435466203892,-34.83516654790783,-50.09216463973779,-37.524659761027856,-66.4182423764137,-78.27827735481192
139,-84.06074403188211,-84.26472898644815,-122.88527509539813,-147.75599458023976,-28.65542054635842,-64.17996193573013,-17.78629273991066,-29.058038083760884,-36.754510233468636,-24.832523415743438,-37.951355834575295,-42.12775769692145,-55.9521042754263,-81.09737410537883
140,-92.15540150272889,-93.18478928969601,-103.01202209588293,-127.55432198003531,-36.06674060776603,-57.23411512734507,-40.14399082982869,-30.520915963689724,-41.404089132432766,-15.914176658549074,-19.84790408707178,-53.80007480176891,-41.60752299619042,-56.25764462430947
141,-79.44193909709938,-87.62175361644579,-85.8526829734144,-101.21831213382163,-34.04338939826789,-46.77817489560314,-5.14717003378117,3.328059966909143,-23.702655372240297,-19.215761669823202,9.513065121429499,-23.694533794085608,-28.20283163521705,-43.5193502372045
142,-110.75448635366888,-117.47431214116658,-99.55910110407963,-119.77301629795656,-42.9133567201925,-62.05971186769595,-24.200520114453404,-23.197919003372057,-27.411210491143084,-31.81599384669373,3.458384246135971,-38.045896892063986,-34.983212093426765,-56.04507129073356
143,-137.69913675778784,-151.722612988224,-112.18660259211885,-125.57532475038595,-68.71958626711329,-102.27834980370048,-28.160580461901052,-29.92293585424169,-37.11447947662196,-47.38669804075039,8.241506110903352,-55.93322053593862,-37.14471559157109,-65.77381629821551
144,-168.89924455408013,-193.27969951946892,-114.94974569344072,-140.51209737916594,-86.8802524342234,-123.9077246036258,-48.9251642136624,-53.393625693655245,-34.88873774151827,-32.91765132693353,-14.406697620250005,-69.46322524694045,-49.64701845811346,-85.91521418895344
145,-147.8726605381736,-185.71793245114748,-95.2095532676977,-131.1269911009618,-91.41353886654363,-149.50387008313217,-26.066083568704,-73.82465997272685,-36.59159629906049,-32.320042330365666,-44.83288729394125,-97.95961247673428,-53.29014139247876,-102.91965919546008
146,-117.48575469621836,-149.4821681758868,-77.0933511828696,-96.32848326395569,-91.01404117433879,-147.3036391093929,-37.44027577033801,-79.27322026269908,-36.81016111727518,-37.21063662660521,-56.151785839600024,-104.00024408078295,-55.505657999620766,-91.09387641434681
147,-113.4415442903006,-135.74698306576983,-82.15169932227239,-98.32683116453347,-87.85707386319699,-133.46497567970343,-55.02739854499989,-102.03456701420396,-45.20601770623737,-31.122812018905556,-87.30262421592147,-114.6361798241545,-70.31620119940341,-96.457687088066
148,-109.11717510564587,-126.75877581295592,-53.59626033254492,-73.28820423792767,-90.04724750064511,-127.10858382570234,-71.20641320654524,-97.51600226833992,-35.63992181365635,-41.14097818614658,-93.59928807666626,-120.55908086992498,-48.341032953192425,-72.71766725357668
149,-69.82651905507693,-78.04989601498039,-13.606455166223755,-38.685448340843834,-57.97261474945344,-90.69846529413863,-49.5006105658974,-77.89180557863585,-46.699416177189356,-25.95953733060682,-95.20047076593173,-93.45708181569859,-41.94579043101557,-56.10385094972514
150,-29.373188923874757,-21.432409543214042,1.2736211372716422,-11.18071962660068,-37.23811796899477,-59.87229163737453,-31.503081330388476,-48.30366749416227,-29.605780070288983,-24.993348570528973,-67.45329908977514,-83.26942146981224,-25.346255551785877,-35.424015598854304
151,32.24012600576945,50.355744873131144,54.807263903639544,49.535330430052355,-2.8915894975056347,-12.336857491912218,6.991065375063956,-3.2635729906035538,-21.206809096939846,-17.774661198021896,-14.964127635671186,-38.36407605475429,-2.0011289122070246,0.36822649843120364
152,62.886142066717554,73.22163656435275,73.08401504008224,71.56063056228626,25.452051161122192,15.264312375685586,28.18625399925823,30.713064797396903,-12.63903284578907,-3.905324626217482,3.3299354088506252,-11.49120706764141,-1.7464703922505613,-0.9221049491265654
153,65.4700302335328,100.96951798448006,86.4465005038136,93.76100692934796,29.03736567468429,23.858729020669326,33.46806743655241,31.77400733138486,-16.226948532494088,-13.4664529228513,22.303660635341675,3.324736184921013,17.585763235927594,23.32658751378841
154,92.04025531055078,111.16710793110057,129.47117162698854,123.18490203310154,57.86347451377884,53.80978945047455,57.76646907183444,85.17281564346335,-4.66978122931133,-2.625867019757001,63.4359739457655,38.78148915555121,27.277499395279207,43.781392166920824
155,132.1246760304108,167.4187053000318,130.9950148653237,141.96254177405515,85.2500678788927,85.06399135976999,78.92718215384723,92.82470163615658,11.59725100996868,10.336760928026713,80.33859291975295,52.29916176866579,34.90092966765645,43.569226822177534
156,130.76497938524437,194.1964668142244,154.3798623144897,168.7556065360579,100.08957292593698,108.29085542439952,99.21218532013759,130.718330641383,5.921412730918015,6.6239080273177775,104.43947261847664,90.70974175182671,37.89249763390491,56.68405463844631
157,129.9412860512524,162.71936321036208,91.83032184967074,119.10127353439042,91.86106115710213,112.69406773715242,68.13459382133621,108.59480275410272,-1.9762068497923166,4.221129640856332,79.070649067071,78.69627478996463,12.907580725907202,45.508884220264456
158,126.56469557812878,156.15731580644172,61.11697808082449,97.39836091899872,103.95502295419408,127.6407360475635,72.28728640868849,112.54047901483048,17.46982451763392,3.463208889142127,89.68933997676729,93.48896077901298,25.99124131444443,34.09129332338518
159,109.28898460357165,123.93335358623712,42.195834719675894,77.00696030419752,113.65477804834455,148.3003768723252,88.63834099949051,138.7507160419997,18.32803819580114,-0.308056639842889,103.84762054838987,129.47193693270503,27.663290213445425,34.47307853311529
160,61.05345843373732,60.81576352099905,-24.51341701272551,2.0383428548811384,85.7892513732071,133.31207291316613,49.96189927793285,106.28778051803651,-10.443035480880274,3.170855697488525,68.94053381567772,93.92444347787341,-11.298860789508485,4.465872729093595
161,-12.096199508398232,-13.88927327029245,-61.69097156070344,-53.23044586030806,54.0562887505929,113.77856693619222,19.69703778616903,49.379025335567064,-16.40987894060032,5.571876982693652,33.46783478770992,53.67086397081212,-17.83993664757082,-25.587627138868683
162,-45.78855713557698,-62.35999224423162,-90.2581971931743,-87.24345806039216,25.984518906538533,87.19356695244555,1.4635338730946559,23.432154268115646,-3.095907909780532,-15.246936635831748,-25.37997469747522,22.97977426466723,-27.20244955509638,-51.949561917839326
163,-64.00468818922812,-83.4037687621341,-88.46242669581424,-76.06615826951027,3.5263428418048615,68.00280050276693,-14.228641861137671,14.877825125334207,-10.954550280321705,-18.553930758903636,-32.35520526161111,-13.832527239189368,-30.61818201465714,-56.17379584635787
164,-83.18165777853862,-81.75908979341631,-79.63816254545507,-65.11152046845352,3.19455985658214,35.812164511193814,-6.696436255931722,3.9272745494150256,-12.945136320930189,-16.940332708141128,-48.20368743204494,-32.99547509481224,-30.309145217003678,-63.240094941442614
165,-99.69143554402461,-117.44645787818943,-85.16985082318928,-81.04086673991398,-7.004649132416596,20.232069882065446,-26.627923886844712,-26.38634534485387,-1.5701513992001095,-22.943430935946722,-82.74706767185539,-64.65384289597249,-40.742083473227744,-81.83681771467732
166,-118.03778355399666,-129.7883373392595,-76.85680905218767,-65.15652136141075,-24.701629078565148,-12.463071493061141,-35.34511197679398,-40.762555512042184,3.026734548082553,-4.745858823705496,-73.63587165388505,-77.27195161707589,-44.97026242498719,-69.0563697597775
167,-116.82530326164245,-127.49981724689152,-61.37894951861292,-61.302183365542334,-14.928849018315447,-17.398724050187692,-21.52085903072585,-25.354583925750013,-6.009562804456762,5.666101506167167,-68.9688054499464,-71.7704919001583,-40.78474390621458,-57.29756632176823
168,-90.87790666195421,-88.87332786838004,-44.29159297526675,-53.72442046163917,-24.22954256619084,-26.626813333193287,-23.822793443855595,-27.776905033889687,-11.668132279872836,-12.738993431936757,-76.688102119445,-83.44603638690785,-33.74269115755676,-51.16898868532861
169,-13.36263081092086,-14.073524671758799,19.842907731390024,22.29568158155896,-1.81747187408244,-12.942164645386788,4.4522127836762495,15.405328994418927,-7.56192194843472,9.170831680841541,-41.284059171087605,-50.984181163307724,-13.902919659834266,-17.951160638762325
170,34.48479322617596,23.235618400582844,32.20368128965044,8.008498416446642,4.481720595988,-1.6101231808377179,14.733390559484823,12.80769149208697,9.691428083036847,-1.746534194887679,-24.738650353092616,-34.5055926928762,2.561311426130813,-13.04878772360251
171,52.36030388932321,49.00042505038361,41.44451021784476,35.377273022623086,7.707344589644594,4.902528761484264,21.447941000263096,9.953675793090976,-16.299497855469493,-9.449170813438593,-31.115398418132727,-27.007296428166423,14.952645195779555,2.322924710041731
172,88.5761081225416,75.73782169225065,64.28363762577926,53.69314384224154,26.939510564007144,29.07704485214759,23.006776336930752,40.814013742952724,-8.029586215188973,7.540003385876023,17.914122656643954,-11.091526348710312,27.897166198334205,25.176939337472092
173,119.41546673030422,111.10800599634938,56.78312832144716,41.540760033816895,34.32215766104665,18.691585475003276,34.473678935901155,26.257797037342044,-4.297021967386503,1.3439066952379195,26.900368663747305,-13.389740438798533,40.58391026789138,26.400521491232038
174,142.15779480693047,133.27999900959597,79.4217929173277,76.4569456984625,33.24101191372003,32.541179222721276,34.561595601915556,35.89035765942633,24.431169263174613,11.618305650143194,47.62375714307858,0.291231472853154,59.97806899040572,37.500336512148586
175,163.43213684781833,156.84681662417293,53.60021890276036,56.58023158876619,44.62413418377581,40.418491132795914,33.992569760235156,38.74835369618543,16.04599828416158,7.9768334845329525,56.649756110866505,6.463353191425721,76.75019051072171,53.6113481667117
176,158.90750640955252,154.6630533911185,59.85745678608054,48.44767373541235,32.805268482893204,21.140653320872868,6.331040212095052,26.08464132982258,22.810852338250914,26.543572230946744,50.37241493920772,5.089683904391255,86.3392529781182,69.10622588045295
177,124.98622936285489,129.10902904305584,28.555569483368924,38.73670415025175,46.07800900073909,33.50969256500549,25.92919403905236,18.916074339928926,25.271227062855985,29.73217982553957,49.066251745044816,17.408373746417332,85.44754101837567,77.69958460519857
178,95.7718401226054,110.14818419587354,18.658240398011973,20.647934305074244,30.3010108662054,14.973674626699006,8.867825510006325,11.047599245428716,27.708146170274876,18.201921044325225,14.747255448801397,3.7531408289632955,72.55404351568812,62.62560132225242
179,89.37193749501095,118.57722614940006,19.01350590455878,38.70548419939969,43.087651076528,14.000788845986255,12.242651767307652,9.635948140301894,19.547101420300326,29.442618400432053,-7.374504223942315,32.20595808854109,65.73230010536373,87.51231212675211
180,83.65893386434743,103.4463728838436,23.891236419856344,30.057924052248048,30.565220667426207,24.728608467707424,9.060373049344289,2.674041091231243,14.071775048775967,21.01441836892998,-1.9337106952252803,17.1530581076597,58.46020062928254,74.2302518110121
181,85.67033354232733,108.90185221915699,45.61197075075534,49.87206704059092,37.309171817024314,34.211778797819406,4.649822591546475,13.439342220042352,22.988913872607338,38.330620077360024,-25.451370845602252,36.635915719277584,67.7327877937196,93.79695233555277
182,86.90096722098328,115.3397630807361,77.61278536973778,86.28666336113301,44.720646644305454,36.399099082079466,27.131840411352623,26.519678844603696,24.905783779661693,23.33905420342215,14.359596038142136,71.0782892909142,80.19398274071919,90.15786944059788
183,48.17105688857774,67.97880934710705,36.114691208057266,51.535744225703866,28.341174162210972,26.975714195326532,0.6384822610784495,10.723771769767186,28.552728585100212,31.161567865067386,32.432226380040845,67.36211791003903,67.23722703383298,78.80545669063612
184,-8.435587037272876,17.311875657729317,35.34526536516321,43.57009044718881,12.289424949600118,-4.246238669442097,2.8457056792858535,-20.62917573282903,20.79203564239967,15.129171511784147,9.47912996584597,66.17813375956621,55.07619206525548,73.1619508780189
185,-45.53710632062457,-26.273357438070256,0.11147544020320055,17.946407343217626,-12.641995087767954,-17.51141257438363,-20.612286166632202,-30.298147530108487,7.035825639026572,12.951093006690968,-17.113219623500136,48.894935152677995,30.6857732844932,50.79476258269984
186,-78.03887618319884,-60.223492662070576,-0.5133744612493079,-1.768138563745388,-22.63272282877231,-27.619474057489075,-27.596326766301896,-27.551637911625864,15.14491400005659,-6.292320865478027,-42.42021647514823,31.549345409512405,14.141160667737644,37.801115043559065
187,-102.36599323352964,-88.8698598567558,-11.047295195799698,1.2910719149101006,-20.42013642820083,-39.90844191140267,-14.212078401699843,-34.77039491686234,12.022040448723933,4.7981810240733465,-57.08661140483811,34.32260982871356,3.2725984700185013,21.08049713826275
188,-136.68025299249666,-134.96685609237596,-39.91354538663083,-36.77083271979509,-49.83987657620627,-59.89226706677206,-25.26043267418999,-42.79144653984413,-6.336387186067069,-3.571265561034233,-80.67172188062311,9.152938948328275,-26.361222327211504,-4.328634774219446
189,-133.75951466815366,-140.6433842801528,-4.871496481939224,-19.51486995016451,-38.67796060538686,-49.917745254462105,-17.797389369521568,-31.505849470443813,3.371297508812626,4.316357618681102,-71.11200079578839,8.859514138776893,-24.186603171864856,-1.5930802751553108
190,-108.0301215827613,-125.78147121864,-12.097185815210423,-21.947575842642646,-30.678092263294076,-43.68797632126456,-26.45641415961353,-37.17788711222908,-17.49384720740211,-4.439923353114995,-70.59509969383862,-7.594557247184249,-31.160808682603104,-5.071190375558618
191,-92.54666587010635,-115.18932999039575,-14.326869172162676,-15.242059432702238,-43.21290052927256,-48.02433959480941,-41.56549363982519,-40.51632485311212,6.613639938049878,-4.4008594602402935,-79.14982130959784,-15.586542614659512,-25.84195307470392,-4.079816001950342
192,-86.68573991888917,-104.34861050439619,-17.93683505664785,-15.417680989707556,-50.14772764784468,-54.949589475667175,-45.75085679927445,-38.001644492091756,2.001061888232526,6.370132213060256,-72.55084951893515,-8.87133435262277,-29.58950915272563,-3.9821172078578218
193,-80.71695105117323,-89.30482580451978,-44.509142842473835,-30.547846223507804,-52.50428622266945,-48.56531638425162,-43.96564838980902,-34.98499641823672,15.83894067272317,20.305097901162796,-52.263895998450174,-9.590394320629807,-12.316872515391706,-0.9340507936364209
194,-67.0999087915912,-67.92319128447244,-33.10645889891485,-31.051063127522912,-49.99903272634435,-56.50056990755467,-37.15389170192535,-53.06300216205587,18.350688316536267,0.09743601621437437,-44.57240859619937,-8.504591190692386,-9.20477050338385,14.770488550023442
195,-81.4311799927805,-94.48675629981716,-54.03191391948869,-68.17745949371565,-74.23615090813617,-71.445895257301,-59.756154113692446,-80.89359997692722,2.854772996832329,15.825563267878628,-70.940402305258,-31.900371994162022,-21.52400769742303,-5.6660633601571755
196,-96.34611200388711,-96.52775603572864,-62.673557897370124,-64.05934475563224,-79.53430783291796,-86.25041532967046,-77.43023627198579,-97.86684126371638,21.754609199633204,16.117189649253046,-70.41612804879549,-50.656922066267555,-17.8700071475363,-2.406013689669216
197,-73.47115044443855,-80.9152219606341,-46.985849244079134,-56.42580683470565,-54.019232810318165,-60.10153586773096,-74.9463245138614,-90.50825294652886,3.8077381807106736,-3.6916789411741093,-69.72331024981597,-65.52456532649785,-27.643181052622843,-17.252997230767807
198,-44.285442708870555,-64.2918769722477,-29.959958966620363,-53.5584419532207,-48.93420227106823,-66.86053771189329,-53.696957121358984,-73.96965940144199,-2.6648766929460113,11.50458671374141,-76.01498021846446,-63.53512885863492,-34.89425186414714,-31.028186275399992
199,8.29752958741698,-0.11411381494138118,6.665780721472131,-8.410748578201385,-23.274534353089912,-28.362804446359288,-18.929004200127302,-23.623136112412745,-3.966452283206177,2.178186230747426,-48.300958795364195,-39.46903224585732,-13.897404954179889,2.395284711620062
200,46.027759696023786,27.898240231601612,4.875426462890655,-19.617763495021848,-19.799772602317685,-18.83003786769248,-20.119450034530523,-18.481553879541583,-0.5638910608203282,5.081724093965143,-44.52251057710173,-38.66295804263341,-13.724186602996033,-5.770360542579606
201,68.01351276518902,50.31112345197322,32.471381432295736,1.3787019731964458,-1.352855029861578,-13.62526397440438,-8.015345408614106,8.09546869019716,11.710492689674199,12.798827568011987,-14.637543247145508,-27.30831239558665,8.675628206381868,6.832470193114514
202,60.78685907698951,54.975386582039015,19.400129382719513,8.008709403965193,14.582151823829523,7.992272525083459,-2.8653716320862594,19.715745114454684,4.781565452352582,22.239470161547835,2.6869991098534953,-36.48476058366296,-0.11180292948484521,-8.921161054001546
203,83.55080298244499,66.40260987682029,-15.657282051708833,-13.147763325621458,9.416260528118896,0.8775766284100399,-16.494310694274503,9.952356530767554,2.157905266431642,4.90746593254486,19.57879906157793,-44.364376814432944,-15.931699199300509,-27.30312933787479
204,83.67826056515881,59.125170700230925,-44.58761078393966,-37.71156616706526,15.04092014157159,20.148112386124176,-5.769910104627109,19.610087058030825,-1.6393407382751153,1.8121551111622478,37.12689466374511,-24.412057584292782,-38.425904166681775,-33.69597066829691
205,44.24081225887827,26.847173141048298,-59.33675658481648,-59.70639240075983,1.4052217950092478,2.7469214625984266,-10.025939128463099,-6.414173287208949,-20.491727046432995,-11.935635529705218,28.631230888221463,-38.65253395808534,-68.66289473541752,-55.128608675610145
206,16.11533637068942,7.733612569994586,-53.286946413675416,-48.671445431064335,8.810804721807548,-3.971579893477252,-10.544017997839457,1.7919284955416288,-4.427875251653433,-3.369658806022981,21.150012687179697,-13.35267391560186,-62.384121689031204,-44.27339526526743
207,-24.430245288765516,-47.55119436196426,-89.9432486584816,-73.60361310641811,-14.884497629289088,-30.839591581473023,-29.784921729006726,-23.587248285394445,-26.342304150770445,1.5749620081402984,18.77407153668817,-16.537056612211018,-64.56426489557685,-46.466945099732314
208,-58.59402477379001,-89.81506125772006,-65.42037659650744,-54.88992920648562,-45.429604711847375,-51.60329955460927,-56.77131040750474,-72.80615087567917,-22.298842187908537,-2.9199425091630937,-9.495845712899337,-29.19847637533125,-57.847583111706065,-44.410032876658754
209,-41.65508149476303,-47.76246864619359,-11.417764970441356,-9.63470018512563,-24.907695248312763,-35.48457965496271,-22.272855883539425,-28.457491352983123,-24.16036810811546,-14.275761067856063,16.729346459998464,-5.815574260526388,-29.42518535955058,-17.80260095519665
210,4.670393626219831,-17.364758272484917,12.066736024743848,10.586564022864028,-14.324401734490824,-6.832806511908281,-8.81190790778155,-7.662962642493038,-6.468048485495196,10.047041253229128,19.900132275472146,-1.3957945322241088,-16.155449428526687,-6.4273003098065145
211,25.15809283764851,11.79634019714883,41.385540374183385,33.86181158090269,-0.11615822326506497,-7.202236004363777,-1.2331896987754825,-0.5813433859918902,-10.012508446438813,4.770829530871188,27.44660373027809,5.3432745553234655,4.172945705338985,5.757098351532279
212,29.546631901631145,20.144103641133434,42.75876773429366,49.87235027113106,7.825389316122057,12.270695503913986,-10.159848608549938,-16.845381655053536,2.8987194850546287,8.265231230112136,40.29409117576527,17.724304664666604,9.904672601470919,15.312748308223444
213,47.6058225470575,19.17168629897094,7.536157565768607,19.164823722257687,-2.9163661934708043,11.12903854412427,-20.965254768791976,-48.468046863847896,4.298629586767108,-5.591719771570794,29.656593596965212,20.186067792051812,0.9400167231115316,10.20527526574021
214,34.46072691027931,4.470951336959808,-19.345157641551328,5.0321616118682995,-7.4303425275109785,-2.6277185068562017,-21.12462173525477,-48.26528470442093,-2.067232738509736,7.644550477892324,41.7063287180307,28.18575527737585,6.002171269042815,11.25829331221106
215,-18.482149459913355,-57.2630859793751,-65.61346633769482,-60.323743451737556,-53.14669866802878,-44.87377273207161,-70.76202573324643,-87.34766912011385,0.4255817731604313,-5.00833041673514,-14.662907324048938,-23.363704968872828,-20.875233916561697,-37.10076087111984
216,-52.032000037207034,-73.39017753582434,-80.60875296969074,-97.99018187313908,-57.91350317617989,-68.1050033898085,-79.38760551742848,-99.53578950767636,-14.998463215672354,5.222891944661873,-24.433553208815297,-41.51971817615844,-20.265716408015585,-20.50929976342249
217,-52.69480474360826,-84.44529591922752,-80.9457587998944,-91.84577722894059,-46.31430486883044,-69.0820193030791,-66.38095510866714,-79.96326353111016,-3.063177050692732,-21.953724026079005,-18.629350573757165,-31.527730006911725,-15.361709762597396,-11.870785047212813
218,-58.545776111296995,-91.9490489415318,-91.2891983487437,-114.3629880432959,-59.29582061209996,-90.0121230255273,-59.28607347221325,-87.54519111999934,-20.681036338335137,-1.6768605693527707,-35.529684139326875,-53.95440543316615,-19.153399739357525,-34.06729086129432
219,-63.27207715398509,-87.97253761809284,-102.14148509740006,-123.79231991327288,-59.7778149612621,-90.30720536320315,-63.41587388689872,-86.7056069956198,-14.20446516000378,-33.98805340929552,-40.08633262430448,-65.85092307401396,-21.932240271727228,-37.109993894617986
220,-54.15385910306648,-87.67070432715624,-80.03291529793891,-101.78398832311247,-39.298310077804,-73.60394541638925,-21.892911087776863,-75.62380332842689,-9.6013558474366,-13.030024135661805,-31.813119598831886,-38.462863077904025,-11.308917888006544,-35.4907613581683
221,-86.91327375992121,-110.24840083765613,-94.28831294664046,-118.39566654936529,-58.6736673237236,-89.0220337971235,-54.121552592840075,-93.0944100436431,-3.1004411857835428,-22.12978483316127,-49.98381513869999,-52.73619233324724,-31.407961374945167,-54.7854529488543
222,-93.47989247922641,-125.43333669312372,-109.42041171388848,-126.50786409610389,-81.40699722411917,-115.60770360780313,-84.05144764914391,-111.30730724622686,-2.1460001722417075,-6.716175237451695,-77.75494434160589,-68.26326057867111,-39.03411135063844,-52.72359709098355
223,-128.89444443908639,-157.5235100154826,-109.36313881847003,-132.60389393993043,-97.73902705465116,-141.99249195846724,-93.46246502768237,-129.5678542042778,-2.1601006300548193,-5.949248465492809,-68.12029868604239,-64.86587179768924,-43.33379682334732,-48.146141158258814
224,-122.4037136113345,-140.2494020181357,-101.37775390924845,-145.53426626106753,-115.34732845196683,-132.5388536491516,-86.01465289074339,-128.65530814251198,-2.806240857141503,-12.922039136313927,-55.85664096724314,-66.07020685942216,-32.64447856897185,-49.33436299964237
225,-123.44084636983114,-134.2803413119288,-93.95956923004435,-128.22920918168873,-106.99042380548107,-140.40934731382185,-64.32480304599272,-121.4522127049906,-11.847179121550765,-19.05479449814671,-30.52668776502386,-47.28162229647513,-21.977831305834346,-34.89804307791767
226,-129.5461497500116,-145.426574227457,-84.488241399485,-122.50377702087583,-109.25258932691841,-134.8570586751427,-65.6094873058155,-121.61363767855565,-6.359610112158268,-29.83707560170349,-49.406280481956216,-59.51398682543082,-35.7747760463206,-53.56114090399947
227,-119.09207874004662,-130.2079590963232,-97.55249942856456,-119.82492868878523,-109.56184121987188,-134.30234074362832,-82.75058567813278,-115.55182763429941,-10.981518042687581,-21.94851802487835,-44.917297687903385,-61.230522901014666,-31.64739382115191,-37.723423245711665
228,-136.68462546591192,-158.60104836059867,-77.47300490708524,-102.46040343678102,-106.55376935943758,-129.67828274310088,-82.07821843028599,-113.01759577138537,-31.15997035640005,-13.990288231028115,-43.27028727954558,-49.8394952324041,-51.56501764726401,-47.661264932712946
229,-113.00269895279325,-128.3136337523022,-64.21616832082582,-85.47541038528402,-99.27789025618178,-111.71389175826813,-72.30902780635864,-103.43623151062226,-22.98351530218484,-15.66152888239729,-70.24731359467383,-49.46566583489077,-59.298536940238556,-47.06725317438197
230,-77.26976532236705,-101.69303728198855,-45.666330166771736,-51.51209902856761,-82.94899912879657,-88.48362612195235,-79.55201290898852,-93.38123510038898,-18.508679115440028,2.197766716378275,-74.79605132515437,-30.00337763017531,-63.29772004357432,-23.898630227175047
231,-74.2250524093473,-101.15088545516113,-48.019097099050875,-46.50570313746192,-90.07789349404918,-84.77291060550155,-88.29638478536337,-91.83551219800665,-25.57957353935694,-21.17526330929435,-87.73556948278767,-31.62750850917544,-74.74955500203554,-29.59811287095972
232,-76.7820553057445,-105.70087883336899,-40.51602364993995,-47.48040225112488,-89.07115127344395,-71.718185776416,-84.21901649258591,-93.49606430096271,-22.787661256642064,-5.6443518957578585,-88.29133790023687,-36.75872434443095,-57.539784717767056,-23.59009617832795
233,-92.9420964326302,-116.63148111850984,-20.72542958360499,-35.48887285735859,-87.67822147657711,-77.17454367596575,-74.28643928061852,-78.27329538644112,-30.444653319075872,-16.35915877545669,-72.88096577627259,-20.990734524365198,-71.25131908553672,-28.359264932697485
234,-76.39408926164157,-92.78100121789416,-28.750658780489186,-25.291017363377534,-73.98242539797894,-45.41119275286149,-47.57745027170973,-55.27825775196277,-4.483151440370172,4.555942034193455,-54.15221209452911,-7.52099830171495,-55.26785916996658,-23.715110814925414
235,-72.6815953943115,-87.05434924175457,-19.71075875764704,-15.595097801152761,-59.94448361277111,-35.082034674786954,-23.472533622241652,-34.85785311339274,-18.362079360864897,-13.358814646064292,-21.501979641483068,28.79750246123882,-35.643942095810864,-13.205855602079554
236,-79.70747859977817,-91.82672292493956,-39.011277083909896,-33.443370843715634,-54.43827757513172,-19.25339364250363,-12.290234053632064,-32.704619045868824,-19.015521056935757,-6.232207005404233,-22.98261439143542,21.548778117587702,-37.174876020293105,-15.266667004661771
237,-63.506629850306275,-69.71446711524837,-27.52228832772833,-20.947864360232856,-29.656494526972256,-4.3384888482477235,22.365241657225972,2.8275919249526664,-4.506356842938104,-18.689594524870316,-20.654794135184222,25.530485356070933,-13.850285626076158,-8.769926200009808
238,-71.78301081264368,-85.43948459855166,-28.252864544549023,-46.329576634398244,-28.24815427342182,-26.122388875641715,25.34290379090223,-4.5564012471323,-8.674931714983115,-11.003676037857323,-40.993896648465075,4.991919880571643,-21.653696351140375,-18.161199767679594
239,-25.540180447569405,-36.00831530110347,-40.07511997782334,-23.222244857587512,-1.1582892877279187,16.89523443619367,11.040260837006608,18.779882272197465,-13.760552037825539,-10.77720148837486,-39.71857055006879,24.57686543141722,-23.210176732025143,0.4476252245313489
240,-37.43112513508563,-63.600089073652484,-30.70845444158283,-33.68559882051978,-0.906847563088963,-7.407107890356365,9.360380962812522,-11.822228625332562,-7.7894052801161955,13.173744250572824,-44.710058329772785,23.823837458366448,-11.597994519960839,12.423433455588578
241,-12.243543268014527,-39.35959780992523,-38.979884351162376,-54.794244271402505,-1.3384311198895535,-21.47707261475677,-6.26549374355151,-23.401020718913813,14.68112552534391,3.6092448676221007,-19.917470546880615,27.042462565365206,-13.104647524178553,3.428295105182666
242,-9.431774677178574,-18.14137700909623,-16.51256517644857,-15.47693973595694,-12.759390388123169,-7.044096623968256,-36.90808508110725,-40.35573233943874,4.9273256425480225,8.635717725453961,-25.85105742369794,30.319717029739863,-7.575503090410688,24.22727023430713
243,-40.988090922229816,-59.71609727472202,-15.834416024804925,-45.062629024115964,-28.578979772892172,-38.41094036471368,-50.12090561894188,-79.52575564894421,-0.382583153692351,7.419061159193906,-33.89964345329595,19.775881691073604,-13.994532037062651,20.34708121628322
244,-30.29373660038692,-33.987387182361715,-30.72853641116838,-44.23192056362224,-35.334565223453694,-42.35830380260684,-47.54413293503511,-72.5376223112799,-2.955676298599441,-1.4854308049153104,-19.952808371267036,31.821528786364492,-7.755572093460084,35.654734055912904
245,-24.212793531977923,-41.362032273841514,-27.43683290026706,-47.14587447965116,-50.32286099957975,-51.01167066966177,-55.29450099621344,-67.38911444936943,-5.998256790424424,9.013850396796569,-13.970119434979514,32.673477072146085,-1.3119379091537557,24.874797233442056
246,-46.945815395404466,-49.857072404592934,-48.79144238440556,-48.50115807757917,-56.74654343522608,-66.93594414787565,-52.62276403595822,-65.7707723563818,-5.326295472021339,-15.7808018628842,21.330024046174522,7.685006977872042,19.325077592952717,18.253756951070947
247,-44.490691175226175,-43.07626644941035,-40.12010322430504,-32.05018812954213,-62.83812201690413,-66.23730455438404,-61.20768669902212,-85.32319640367812,2.414065997295587,-5.763937590823703,4.414203774941354,-10.519409061892127,30.480011946939424,18.865305467959516
248,-55.94664430184202,-60.982822574940315,-59.72631417579077,-40.74281068383728,-69.10815145148473,-71.29254236058344,-69.20927008621165,-97.17684766974708,0.5322180892365435,-9.579814294484635,11.15813941752492,-39.943516969256095,34.909768326459975,4.591601537601284
249,-36.887673470587046,-30.502439707366428,-25.52642681835562,-17.065723106719048,-43.631491357176515,-48.580976235240826,-41.58312502143584,-53.34922305471129,17.47828769022604,-7.096392309823437,28.481298642175297,-52.5589369970856,37.900219010833446,3.1539575620223306
250,-32.40457753919482,-25.47948042996125,-6.301253736387717,-17.11232321148635,-19.593989321103557,-39.59657106824648,-26.007948008896847,-46.27302069282556,3.179692009867883,1.2202699598504356,10.376936876248909,-70.53591130519166,31.158282401973572,-13.862974536827693
251,7.825764099766644,5.850704495202498,-13.191073214772834,0.29397240785374956,0.6426584947349268,-12.396435007542035,5.490391545150279,-9.91592218534228,8.23345782535128,3.1562871207346745,18.458758003400703,-52.73726842101624,27.56268606854574,-10.339929409946368
252,55.71466316573142,67.08573430739133,36.65147408325006,38.27850277190136,20.016132373389397,5.683774785435252,9.556478073859465,9.945377981382276,20.271636462413994,5.805177665735487,13.836954680553703,-25.397959882105496,30.3493500575576,-4.838699317427654
253,81.4696399237761,99.3910529491373,34.25563372555837,29.940227982516994,30.721478867778096,37.989666356694855,6.575848023459287,22.255513889921477,11.65443244156252,-8.178966962589286,19.739696423607516,-21.615036077492693,26.7073262576543,-3.999244787731683
254,114.99627992740463,147.22678699123378,79.98408899138381,77.82121452384467,63.01734706919047,61.33057036517864,40.5511671743045,60.70650124001295,11.024260811121309,15.773426318356996,28.045587366145412,4.870709651098026,42.775200069950344,30.72935574329961
255,160.61973509596726,187.63655403468542,84.3979566011223,99.71863431433384,86.01589117141994,75.36294942949043,58.06598506172874,94.38521309352495,4.770178186199839,20.874537883016828,60.303905115341294,39.967816523876216,66.22407840409952,51.51950017515419
256,184.95518938211634,211.94601014686333,125.05261902589757,113.29789811854343,108.07042496697022,102.44254013644657,65.10295616599008,102.72444146159725,19.64333493225295,15.436100836915557,61.2907233998747,41.445185638230726,73.76879024361023,67.69368350134116
257,206.82334800405937,242.24013568342855,135.80219927234864,134.8440352691336,113.41166904319553,126.90752237731151,69.01217280058177,107.11030964457282,43.233470422198614,29.004586949246068,89.53560787309297,78.98848553410008,90.34859025832662,91.86344628994344
258,157.4839754757695,190.9779932222715,69.396801144617,107.8473512068954,82.48764458140198,111.80237648073155,27.163355382735492,32.76564429712778,28.194370405430888,41.09884260257434,47.81600461448449,48.433157974338265,73.31198896176012,77.29105235063413
259,124.99315791531791,151.94947139208207,76.29664414979743,103.31717087905075,74.79286652042371,96.03891084036312,19.138301759003003,20.768895454883253,20.92869338384001,33.450495388708234,51.69923915634298,44.1641115850903,70.37382060048601,79.68387674865026
260,78.50736916141665,95.64129762009922,29.15546033751541,59.06973078656135,49.55245088117498,69.18694708038105,-10.702031658411025,-17.185070079950307,11.844039152048312,17.639896118013976,21.44542280899597,26.931248993450456,38.0949935409877,50.49434132587578
261,36.93789675346711,35.03025887596514,34.615942200910986,51.82262739230462,34.62508960606991,59.36631402476779,-19.19457269440724,-27.84891499715382,-11.063662519603044,-6.4855062590005,-24.810059628152914,-6.275337136568982,5.009829164158798,30.762437650194865
262,21.005450709216785,24.254973122196574,70.18632963200095,72.28909625432009,42.08894056847447,59.81293883771376,5.167262293459787,6.692986670728604,-8.99840652513423,16.36793201466206,-50.80529245442534,-3.7079027768313915,1.962164577549312,28.815973598457052
263,24.342141484861333,38.05270701514456,40.80042657918387,46.39299333038142,31.885163357950045,46.618075036214336,-2.6072679647207764,-6.741927659376124,-18.530359282518763,-0.8403704440602668,-58.67334716836297,-34.43212608778621,-3.8242372034624954,-4.844339594844628
264,33.922634260329055,62.050383974614334,87.8000836617464,93.76312623995214,41.96639000856697,63.71655404560732,29.04548702470189,42.33524063121066,6.439469213915488,8.333390450612699,-16.730637985011754,-17.451167914348733,18.119345345929847,20.577184547437067
265,64.79141680224134,90.19807737723204,84.68444333478085,94.93490895708811,64.67780786716686,88.59768709686398,42.80147891031384,67.22315816426058,5.479934908412908,22.460733070920263,-1.1251819301439268,13.771203052061072,30.649833757214154,20.262806194156994
266,75.65555544937232,103.35733211527678,99.10602606768627,104.91781249530669,70.70380244953206,98.88698554428541,49.61210764812807,63.537545854467886,5.400663758104492,3.9867025542369463,-0.38136529375929706,18.622413255861655,30.200516439662717,35.89969231187311
267,69.59327441917759,104.6053090799144,87.62750292443758,111.97163014352535,78.01608505954502,105.56560293887792,39.43541412569578,63.359079026470184,27.114403556095372,14.796543035153128,17.57937434948805,34.60288222437441,37.01483760114573,37.08832802096542
268,75.1842858237741,102.82069827174729,68.68658722317058,98.77905004171723,92.08044159752927,121.78187942493055,27.986441248010976,59.52649696402832,13.30796042122661,17.852370356825276,24.812801533694653,19.531098426630667,30.163170677497035,34.874831843035906
269,69.03499912219677,96.77477156112371,66.2648739814595,104.5936460767942,79.52701385452461,93.67017202152587,26.83497558497058,55.97374745134714,27.251462480463516,4.930131583418526,48.34343436112302,23.148590944541706,28.823220874302155,20.783736093230253
270,31.127358409456818,43.57111947940019,13.727739287852344,23.848985744203322,44.110069681805534,54.80743124061549,6.026262491393381,0.9946500160933305,25.793163176407095,11.455710375883184,4.42087266340795,-5.530973714364056,16.486130418626274,4.468621718164738
271,52.66410609911128,48.580968860825074,-13.578576338080678,5.8710279003322565,39.153125161139165,48.0924537447102,-13.273807697274437,-5.609173180618522,15.258050018682516,24.23550258514723,16.371620832305048,-2.3902613811288997,13.78234445437937,11.128904172872602
272,53.68112579048618,30.791253287452857,-23.638331407952958,12.143459508950627,32.58356199934075,20.623090851469534,13.378844638288987,-3.9146047760027,7.4798652519192075,21.019451017572678,27.968946062674846,32.55624297724596,41.038504170831054,32.97854486697655
273,-14.877791914320978,-36.00657670446486,-73.08060495684067,-66.94137032692508,-17.33939311620529,-49.770423957018764,-23.05779818449388,-54.0051871077157,10.351537491717826,-3.361167979854219,-6.086989609012665,2.2647357694679493,21.1865418481428,-0.7266809537922089
274,7.368653502712988,-38.763918268141296,-90.28485757093603,-97.4477304594164,-31.70968084739754,-35.06047441973957,-58.46935500285054,-85.76277380122302,-3.8612782422571414,0.0042288485497494754,-17.61273750470356,-2.525478276367826,20.318523024376468,-1.8251550433134545
275,-53.595986468831995,-79.2142073863224,-76.61948371785334,-91.2444321427567,-60.61531596583508,-79.51297436953958,-39.39783703434197,-71.86202129773727,-14.985919148723227,-4.563661489839777,-27.514119820857402,-13.50689533336861,14.911743902955221,-9.716188843976829
276,-67.68970503822803,-95.42639938813792,-76.70830859833436,-82.37638455793311,-73.34420545044549,-88.18087024562547,-47.43729189294384,-88.56975090774074,-8.497151456844852,-15.495888477375296,-23.93166276117743,-12.26429158192963,16.034119756775706,-9.393943608851055
277,-68.33507442378514,-94.66467680244324,-69.72718723670864,-90.1474636693367,-61.093951358635906,-87.27315282346653,-26.888247241195444,-71.75534765541046,-4.60438330109503,-9.744929515254555,-26.92479934827314,-24.622553687791083,10.165531806366356,-24.516404642139285
278,-75.17370820984311,-108.20602936800361,-62.90313268518829,-78.94635627287832,-68.07503161479897,-82.18431558037136,-40.469568908383344,-66.8468704739936,-7.374949467006341,-9.963068317847306,-29.406072347949298,-23.825930651518643,-0.17243714376374933,-31.606566058172664
279,-123.56368673404546,-149.24766143999142,-99.05816768931561,-126.49845824404527,-99.67570663421361,-122.27002081313823,-67.7017141136636,-111.45954688636466,-20.77075158844037,-20.06362343139353,-85.3603412120788,-57.609067469521165,-29.923599045644625,-54.03999949883194
280,-108.27085297240438,-131.05587948565545,-102.28796519180322,-110.69821279809356,-96.22555129103053,-117.15165822844382,-75.19713308741271,-108.17031427958273,-30.07649165849867,-15.889646068706227,-90.97103333619006,-71.51447341283891,-27.166447500909847,-44.13343306995413
281,-158.30473763419656,-177.48010698413594,-145.953091186524,-153.2529545096146,-134.95872024491013,-141.55395968502611,-119.26886829683164,-156.8659980427382,-35.45736731462444,-37.19143506924738,-160.4045952483647,-111.24271285925053,-77.19256491622129,-69.48036500974145
282,-115.08267831731996,-141.89012333698992,-114.83991042579129,-112.13876304533423,-108.92714158177662,-121.26070212632006,-81.05745587225837,-124.28131245715045,-24.576216119457353,-3.96447562468614,-144.79148584224765,-92.95416051758096,-68.70258174495928,-61.289978985977974
283,-101.82634889527027,-122.24800688167605,-104.19136364756612,-112.41526634911504,-95.16618765844288,-108.21282340079169,-65.63979179990969,-92.55398719364912,-43.129046682201114,-30.985190004670564,-114.41060879059206,-69.63223491692798,-80.689291292975,-57.112253389710084
284,-78.33341397462169,-105.38943742314538,-91.5327496611087,-116.2670785259178,-84.92578705634114,-106.24097069431188,-71.35319727470839,-79.49784007799327,-41.72130823501979,-20.242666750264263,-84.25692655845153,-70.57866875297366,-78.67650407998879,-55.71941158456943
285,-63.785343377123546,-81.58045890216093,-77.16676300787516,-81.10256845831847,-53.76464390553362,-77.93198755794457,-39.59641984303994,-38.38203109151844,-35.80040811836085,-9.90226693094289,-57.668001833915866,-42.81395010406672,-66.43217916933759,-35.50031967113889
286,-68.96390874675517,-88.44580787461797,-77.66251187974643,-89.69603810731066,-59.68418059980812,-76.32494688252196,-43.61889041010245,-42.2376997056171,-31.927535284152516,-9.865810706519948,-38.644430758558315,-46.996799287881146,-65.6461442431591,-43.6117535745469
287,-70.09700506695242,-92.17193885475837,-62.3704950927394,-67.9015907980051,-52.966164851797714,-59.350498999579145,-29.407111784170404,-29.638484290710018,-14.731639344926641,18.3452237349988,-29.24965989116507,-25.947489260461932,-47.873938787032316,-34.962929584487924
288,-74.97189564227017,-88.07699672652095,-63.5499478484927,-59.010985600859776,-42.878306153555,-62.45377641055881,-23.273349169800635,-19.681708912088443,-7.408157283914316,-23.62817860795372,3.2312637870043046,-17.889503442099432,-48.523974859956446,-37.28082466855662
289,-38.28337578944941,-42.84273495598214,-43.828940142654325,-31.773534044723895,-23.134213795114917,-17.257847505828355,-10.584768381993156,8.548502483612552,-8.670011321034822,-7.550594248663389,0.2363864840903913,-5.54511010970564,-31.523673913620957,-19.23445645600067
290,-1.3027290360220734,3.76877531702427,-5.312320336999739,2.6710045308031685,4.184144989361081,5.5456248528831065,30.10135339930502,43.996873038117556,-3.64432651986321,0.391324108751963,39.944521011483815,26.90467896225529,-5.52778021776568,1.1647181597263667
291,32.41848153023685,36.957006929815506,1.057314497077922,-5.419766058661897,4.804273424556488,20.87720792453836,20.401781530881255,40.40390965758146,-6.3223901301193335,-5.36252143491127,34.99128365562445,16.51627862916602,-5.03972778225868,9.230359026570564
292,52.02001333693922,76.22538988539844,48.28041906391684,40.53619030192979,14.191269873117562,38.58062575153753,27.18413748085578,60.3214590491232,4.6448266378061005,11.609265374626201,38.90779924275199,33.43516603611936,12.608673923049558,27.122240013927726
293,91.85229858528264,124.1467784162356,67.15826746772156,64.5356108531538,37.07572342999996,68.43461819229375,69.53663833976815,97.91322534487279,-2.3338774266835167,-1.8250158045449991,62.11730118725651,65.7005528341196,31.921346161347557,46.34484684570334
294,126.30346593706811,139.63382651260517,76.61695136702767,81.35100409046615,69.09411814622291,99.26924048195919,74.41877579220588,110.2481330592752,16.481809888668206,4.818519110383681,78.22989875767858,66.41495965046258,32.62161806001305,50.425870838288525
295,163.7993454238547,187.35353150767307,142.3617877456895,139.59771286041627,102.5819665598209,139.35815871781693,111.10468647986201,151.19751143062004,30.41454694689094,21.495012760175406,106.72611035891298,97.47730824114316,73.23934047308838,73.3919519072576
296,194.22504230683543,229.56447543237726,120.81896997443113,130.45983114021467,125.7248053332298,156.706430761356,112.1944918221443,147.87942604790155,33.68546887423454,28.209493617541703,115.84241025952639,111.0814225202941,85.2716128097702,91.4062809116968
297,196.79881041396632,240.94834179523818,168.31511871096487,162.44947051664732,144.77439056329854,166.79190773772754,122.10046084479485,167.3731095891359,39.19862989772801,32.44296629116846,141.0502525664411,113.5802692470063,97.31955617696931,87.29694264997586
298,233.30527119536217,282.8455957324139,182.7828449313015,202.43915898743452,169.16915720442898,193.50549875500965,127.68993434782612,175.88481886646804,61.242300882206386,21.02789700480062,166.5502964574273,127.52279744318824,115.85111642530586,112.44676230461087
299,285.0077782919148,321.9233645601258,166.69171961472784,183.03673093166054,185.4405707770495,215.2090866968817,119.78453163218835,160.47383130285283,74.64309679685829,42.96638297558739,199.38049503998616,145.69505860344287,133.18687751769434,128.11900464769911
300,231.85690731768167,276.6830513877394,152.69715885468366,194.43239008060462,158.8164985607591,183.48959396861912,82.93799775148625,123.22089194883169,57.81324754870955,23.835326721141584,172.98138559911956,106.28610964927154,110.41241379890614,102.91600241355123
301,263.8120260522442,287.9563691155188,144.54602244453466,169.8058909988112,154.89996471236157,168.89608754409866,76.13956912365599,84.37048789531745,66.54997381448798,42.384851043527945,164.80691718601864,120.37386200437611,118.45231588790033,110.8572109964768
302,203.36302984888778,230.583631185852,89.44141833082095,130.2309977103908,126.27124334886201,147.09870697936353,41.22017711241498,64.04187847401663,43.88921635840998,34.03872166938554,138.27165302454858,99.10345961723141,95.94750287800018,95.6069269607135
303,142.7627036693154,162.54669772928696,110.52007522567423,116.30929859975592,109.87559859865173,110.97684386968528,36.099269266666674,34.482714128491395,38.890119529680675,13.188206870839842,92.178927143875,56.77116696616651,55.646196644675214,62.675948435609826
304,140.85124617961304,172.6622569648112,96.85011410101193,116.21940667109286,88.14719141114364,101.25717770422595,51.178721879937584,46.95935452898124,38.728193156230496,25.755363114949464,74.16117408449804,50.42771574932654,46.640300480507214,55.87236201540697
305,131.78566716617297,150.6060040428649,74.36306164894226,80.79912712270631,67.35854415072208,88.94527359413212,28.183519044487362,24.007133740972495,7.6143385249823625,25.776375161333082,58.76986885605528,47.74015474592713,26.700753615063263,41.29564381926832
306,108.90281466011233,117.00190906520436,75.35053187719596,84.03418657956823,68.56451022066116,96.91980204650233,31.45623742415548,44.36105537939101,23.53094571181377,20.3894857621088,48.94055857297606,45.73673174759267,21.590298205570896,34.05083938929258
307,76.63292069154619,100.44068165610216,62.26989014450564,59.78202456659227,67.22015072842858,88.47621537962495,32.27063626067436,27.760861157893952,33.236513572586986,21.455698458591733,42.35866524032097,49.35049422964826,24.31950436399027,26.858490387542634
308,13.711904387471087,23.856680390766897,-13.532931021379108,-4.400368055114204,50.27256154508873,59.855351245245,-0.05659214117035839,11.08538217652978,25.342236788842722,8.472510014287801,19.49756174199412,25.567487614250805,3.1248102328379326,4.377271431382824
309,-60.65393473774235,-67.94936298623226,-37.03138137179412,-36.144403607740394,45.790484547465404,38.82918575964005,2.029082272153778,-3.30710133100103,18.518846409733328,5.107241258077218,24.91826882493843,6.733076908088212,-15.591872125419062,-15.370871044764282
310,-101.3491246719179,-112.20806319630309,-91.69401248984566,-75.92784433273911,49.14660254110345,24.777572168847264,4.193879539697936,-4.9033312892646945,0.7647482984842385,9.036150264827695,4.540317178265015,-12.263766921728754,-27.185760082624615,-25.872972839422367
311,-130.83098730225967,-138.6855696390055,-79.2346830129522,-72.93848695205425,30.08151093832866,-1.854022809078019,-2.8302738565409475,3.253380761107656,3.1143245944992706,1.8521464822471634,-8.623904936692671,-9.779494983550357,-45.71942824933414,-46.14280900406444
312,-88.02463468495434,-104.8486131689201,-44.478035683474964,-35.950663639845764,39.54728703796431,7.60465091017266,18.579657042707236,12.226205111534293,-10.815260484915406,10.91280126675291,-14.397519239081035,11.543409686072117,-36.50309584165669,-18.8894008206329
313,-77.51228930715521,-105.44461517687571,-56.060981990052845,-31.000166317885316,10.101143349751776,-2.712379776883521,-10.675750959576321,10.464500067935646,-6.2393164217663255,8.541737916575093,-16.597123144638157,17.86709177636961,-45.02271846385248,-16.804626380132344
314,-107.64443870423192,-111.52997633051595,-4.681073825532567,9.267351855832484,-11.463734725281578,-14.378682962571073,0.7160480506137858,-5.591471854839324,11.486509873967245,0.37911467691377965,-45.73765453571882,9.683456570296581,-35.58406001497903,-6.279872525349076
315,-54.40853045696949,-39.212984868874514,4.876169781821687,29.475396296073512,-3.0270488531844064,20.592681019861555,14.251227274324707,21.758688115359295,10.20179393279071,16.658741636570074,-29.87860581851462,22.59007015458271,-11.583965664949792,11.968920396035891
316,-49.79452002860922,-28.87269314519189,35.759284021438745,49.246776865028345,-5.086819935920769,14.18479903298542,18.729210625188703,28.85571459019414,15.849583218841211,9.409028042804731,-20.88692517879389,15.495518054410436,-5.338879116567999,16.462609200639374
317,18.810662638392856,32.38966881221543,56.63042859558777,72.09002656299415,14.181507003363766,41.261236442990636,27.108968885345828,43.22889917537441,4.387155770251745,14.665809609023285,19.271723275231732,27.68596136915488,15.726846289678907,21.289990066512736
318,36.174829365346,47.11757701736898,49.83417581956221,71.85467749774716,14.712346421902895,39.56260039407308,25.907330151806992,32.30785051673148,14.572090399230797,27.92025567702454,40.27182809888763,18.818613631161167,22.844519404258904,26.756196758667866
319,67.27881265227433,58.24414375679425,63.518143892729675,96.99540492681672,33.908321351701574,42.05380260012857,36.27571058621299,46.82089932404706,15.739311294664532,12.903083909709636,49.69390824018357,33.326936642800604,43.736342417118514,38.03493651984329
320,55.075656961223935,50.05152397183427,35.21674978948368,53.33789064192776,31.555889147726937,33.48656527510015,30.952118781938122,36.20905954492582,20.726441019216306,10.867909229265644,62.281122377603545,21.289224589896715,38.87320153235171,12.028967428233159
321,0.9429939941886794,0.2517658109920138,3.9572602863381428,39.68888641240221,-0.16529166076284052,1.2216641612256007,4.7878331232587845,-5.586485760411987,18.237404780438954,6.66061964337183,44.62852143500443,-0.04080296190690566,10.019582958042559,-9.991648813488638
322,-6.378141000661722,1.028898024083246,19.758987234584417,39.9505524891064,19.54094070211931,22.739031273008262,20.08524424723146,16.78061127094017,27.27696954012529,17.763436689392158,62.713711808607094,23.572362633311744,38.50602047274588,4.118483056969821
323,-36.376336274656126,-36.37006819361556,-24.940943918281405,-9.870597638924705,-14.025782174762206,-15.311222400933115,-12.770679390503705,-16.622167085142287,10.481095161873036,6.518091435548463,46.77433293514275,-1.984518219378179,11.504501901312477,-18.394064578334266
324,-59.8318722322395,-53.30326918397637,8.090641465667838,-2.3505144322818055,-16.934738763488888,-31.03550137763805,-4.994479474070583,-28.549743569527784,10.973080419641663,-1.1549728130770127,28.64628194579675,-13.573716902056567,11.114955162024769,-20.392312211601133
325,0.013863332560560259,2.0188622591422787,41.99210087592838,42.199797267615175,-0.8710088954538096,-26.512983160053466,35.832035593510035,10.549978633103738,3.9899865901961284,-3.692918570823282,31.961165729879486,-1.1287114624694081,0.2871894007889481,-3.2565201045703343
326,12.075064879379076,12.36174410450606,16.395298802286533,11.108228970808186,-1.2300574964619826,-29.31104285224809,3.7328463168281067,-3.0723684119392622,-10.406173593703688,1.3856651338931334,29.442489101853585,-9.040835828239148,7.978874580554873,-11.776986753502387
327,17.700129472546035,17.227793951883367,52.02256019465306,32.844691631706965,2.765060209630196,-30.68124429498921,18.836688890412386,3.414554409040604,-17.292493648538017,-14.41735867719421,19.956346452386512,-1.2015191929556035,-5.508499954705626,-0.1999737310790363
328,86.18575946780531,92.93232434106433,79.58171875774276,59.182217201967795,38.59270816900535,13.511501782180668,58.18196429385961,49.5509501250392,1.371150133513564,5.0329225634703505,58.360946963483244,28.345976283900978,28.022435496351914,25.452330115851193
329,104.83685232709033,121.70874225080456,100.88915230433275,87.91885123457925,47.277147218710404,22.972940996183013,65.7447040790881,68.48627666747413,11.064132068414821,13.295668444329845,42.123485795476086,29.489504923175772,15.269695119133415,25.098241723754143
330,131.95535737259348,149.45762698790847,124.62922368188828,126.68114553087504,78.25161261181667,56.877257234143244,95.54255489391095,93.94310362965278,21.224715270481003,1.8523592204132244,64.13608414188326,56.29383073912741,30.282248585179186,41.03512633487758
331,137.65718709525927,140.69078069144618,96.25836035743156,89.6692605438433,71.63735607938476,65.4551029220473,59.94183696638269,70.57396802723703,16.44610611844188,3.585552263510774,49.05816076137921,53.7898082531903,23.907236046551933,42.637156645627734
332,70.30636472958939,60.8647161865105,52.8537142404216,62.87849338610964,48.623031042844545,45.442679075621285,18.905083429210084,17.938794417883592,9.867715149467847,13.719361982227223,15.30249254633622,20.70970665245012,6.684785505570668,17.543782937029377
333,30.475469710753927,18.951904182305412,2.8658847647308563,22.526473861703543,45.219106535400726,35.617082729438216,-10.02820611051726,4.217406123898906,19.063514405371137,14.773900853354727,11.806774330977401,7.5167710124560205,2.1648328932884207,20.016913449130797
334,-29.2841630300753,-49.16149109990671,-63.36626129021428,-56.872076171266954,-0.9143282236025732,4.926129869210392,-57.80565244253755,-58.588367798085734,2.864379590453811,3.48169222999914,-29.91802620369945,-17.62165431773631,-17.78601165227349,-1.8456962046554601
335,-63.17768246507511,-97.15011487240197,-69.2593247951995,-63.26249064239707,-19.61657553979165,-9.249128657902101,-56.065628987580965,-70.90247880321331,0.33177477988898235,6.798927633985519,-46.77221613919703,-30.932882672462572,-15.220585391792147,3.5998419371623154
336,-91.66630596231568,-103.49516608455735,-85.87531741465439,-80.7235145789412,-45.22478524699042,-25.95613574595441,-80.00761623952492,-73.45837197575239,-8.974445180076048,-23.39180311120107,-71.08442694716734,-37.24910020854419,-21.048551015753652,4.387503119501314
337,-108.46316566448104,-132.77128662729368,-84.43774566901912,-81.30598476106634,-66.14493022713097,-32.489570940240995,-82.71027562030517,-88.15436711999345,-14.23905158233722,3.3058448448305233,-86.95523165866595,-42.87367293295706,-13.513871409362253,9.831603524459934
338,-127.58766956537781,-147.86257150519202,-78.58318146879542,-97.88528822646111,-70.78342905122557,-59.8153186658915,-79.9300653351926,-81.56067545782282,-22.63820884106274,-18.938539397300246,-78.11622654320831,-44.64256412922308,-0.6615830776384658,11.88494628264995
339,-164.1117375765706,-193.454974477486,-100.95118349981699,-127.5791032653482,-90.14737812561161,-66.22356215384264,-96.39990445586207,-112.76131434406803,-13.185190613283657,-36.403813230261136,-100.19955862312028,-59.682347410701496,-25.44595070617714,-25.153097779909604
340,-201.81357896489578,-217.0508783412557,-88.87993728285254,-100.68943751263896,-104.31318751944801,-75.3918653512828,-92.85734602639877,-101.5871190303082,-16.83953060462922,-6.4774950418198864,-122.21073453267974,-88.11819069804461,-32.800933291834355,-29.784924487343947
341,-177.54665224989196,-186.89799436406048,-90.42306953703134,-92.39296218838082,-94.39924263874396,-61.74064427386923,-98.26783789737956,-88.79517799302803,-19.00972070238282,-20.212588208381177,-122.9269127700782,-92.91449082408707,-32.30738295252017,-36.04252417042216
342,-145.32449057720467,-175.29958638197627,-64.39933500746126,-66.89986162461781,-86.72385532883854,-65.20965828438247,-80.15494136351874,-87.99352052858909,-7.508810787066319,-16.1840814279115,-114.87084101519936,-82.18174884041767,-36.14050110188121,-25.589761252666108
343,-96.95760723225565,-109.30316514404558,-37.83211235705965,-44.80933376182342,-63.977631689727495,-58.380983423502634,-61.02363530624712,-58.09649899990535,-1.8348667652578712,-11.162349336607708,-61.65920544460966,-59.186321162264704,-17.13472779123902,-9.732559893673553
344,-69.1718519378378,-90.37439780297287,-24.39374650454613,-47.72209352701453,-67.73454755595426,-72.29132004649591,-58.67003616974677,-53.9257163527054,-0.8698096518115026,-4.4586003832343195,-58.141707860569646,-47.588623814518684,-16.391912681709304,-10.7659797435242
345,-70.89102765486473,-75.2829975655618,-23.068946044050183,-24.700936235442096,-77.28439650372655,-66.36279506637015,-51.38685599259248,-67.98615770359679,-1.53677368489567,5.7218442638433755,-44.110395342159265,-42.77750749912395,-8.708382723001133,-8.510244973242292
346,-74.57274362661431,-85.68009349976411,-47.18303971513044,-58.32039539801714,-86.05732758075555,-70.845041939015,-67.66042679951484,-74.83689953527258,4.772337859517179,0.49602473882775966,-74.08783597234644,-42.43086508759538,-15.023520694028361,-7.754415045488257
347,-133.6332454204023,-149.2621487555522,-67.02515592966557,-80.09512716139233,-99.36827833250668,-103.21319132948965,-95.98957291264739,-119.84693288986311,-15.531253417742258,-8.87167836781302,-115.12724891595079,-71.14465626615183,-42.35023563182041,-19.90473737514259
348,-148.0370678680439,-148.20690702141349,-86.40766607920328,-94.61126740095149,-85.06300117473896,-104.24017864338082,-89.79492449573422,-105.18784815674357,-19.7906259460641,-2.599473124146756,-115.6373210747907,-83.00024263989413,-46.65372143394158,-28.411752624629944
349,-143.78802315106216,-139.56212187395897,-60.89999391603962,-84.91379558038321,-65.28681378300993,-80.46939056071987,-50.729111514118976,-74.72382527014344,-18.964625017615898,-4.568931111149191,-108.09589180794127,-68.64562543734102,-36.82032273031135,-17.112736343795827
350,-99.77737979834994,-82.37914558861432,10.68507679267843,-18.913011084342685,-36.322717733136685,-50.59654797450476,-18.53330620891146,-19.69594786907654,-15.061989021383154,-0.9877873426047921,-56.29723857122931,-20.56130665008001,-8.553706467553468,11.904991620401278
351,-34.21498747392763,-23.145587988132153,7.5443571878925395,-12.508660102190445,-14.861323116102545,-29.833887884836837,1.0629380644606905,3.340023571480087,-13.39309854355767,14.588087735906992,-10.548124548948502,6.327438641034198,17.790223489762578,38.37615242833605
352,-33.02895210089363,-22.291172072210546,26.110993917082933,-8.358403498237294,-12.148668464943096,-23.753880012852743,-3.310081507758222,-12.926484717837416,9.293587494745962,10.938136823943454,-11.354142314217704,15.517412565374125,24.825991147624094,44.056204893546465
353,20.434425925083332,30.311386724650248,29.009012491059455,37.14797727287353,-2.073925800144333,-0.5538957234353499,6.114227462618719,11.989637774218028,8.041105526379729,18.025616174818488,23.428486483332044,44.82832610970984,41.82429180281735,59.679893859775824
354,46.89175756586568,56.59145787439741,21.363041338045306,14.15570295990662,10.837006722838046,16.99949010248844,4.2570085783838865,5.4410432924370875,9.769885986155652,25.464686845922405,33.971088311664204,67.26397242042678,49.359686143335054,79.3143947548938
355,31.82221161219222,52.218663896230126,14.90100788149067,23.172709624125105,-1.5744067060192468,0.8056587719935909,0.6452234625771638,1.8543444620400749,2.2469967135071616,22.927230665121897,1.7701707753190787,41.2351481593216,39.62588303362634,62.433513560370436
356,69.13099228653884,91.86870881791074,39.16416710281718,34.838009283418714,8.26828155754341,32.18998435131699,21.705519946870798,19.636190368912573,11.648837896717842,8.959567365497264,36.41158219682433,54.38337095212181,60.00679101801086,68.83169795602441
357,55.99134430966004,78.76569170917836,41.97006968559,40.14003271156715,23.606589639084994,41.682432835583036,14.85859463816267,20.686559424098864,8.139791608089723,19.277405893371867,29.003306656662808,40.45821732373608,55.933876556265936,55.79896148086314
358,90.05874230358638,112.34076994997137,56.7784576630662,49.65355245439771,42.098637410637735,52.482324514428385,29.107853167740473,39.284012132425026,30.22009392572127,20.367038179026608,54.600368143245014,42.83547883390825,65.41217527216928,61.44163637648467
359,88.04645921234149,123.28416305876638,51.51403163558731,67.98802332180932,36.118798528138655,64.87704869218189,31.735857387547163,47.01512348754902,17.031222483527106,15.880344607150192,52.97893651027696,39.614121047699165,53.956412605835766,40.64947727779475
360,115.86768140196283,141.2521233788136,84.0067216551491,96.42714338238044,66.65324537905782,76.51597455422443,59.01424680761152,82.23457305496427,27.53172644738059,17.52222511688064,71.56629071588982,49.23272671032748,55.94488897945125,45.853813551400464
361,101.45576642961868,133.00357535322198,76.8731777403882,77.768693748476,51.21952519192485,64.79066889232627,61.626796373360726,80.68564045444904,17.889607953583067,5.007996032308469,76.68667436801222,39.57493495876392,43.030894694915034,16.17814274138865
362,83.08244091183367,87.3621749228395,35.97210517832615,52.466659706853754,52.45846702320405,43.43948818771315,41.10341169927825,51.07567278705396,17.29366760853654,-8.089253273600274,90.32691902214216,46.16955659485326,23.7817259366854,-10.901074599104852
363,43.53957239370251,49.8171711579423,-23.393220281567917,-5.685845198021498,17.588387409892526,7.723895661069155,18.960400335456026,27.46763992880695,-2.1882585133918724,-23.164624450859847,74.40394663877794,17.833484196977395,-3.9372826291892276,-37.56628538885206
364,8.982074483236964,-23.539213734109985,-52.38531336991298,-50.57740835738044,7.787288675728152,-5.426292028555922,19.110554863906486,14.568350078248363,-10.492141122724684,-31.63484900002247,59.323943563151175,29.34656697742473,-33.2338835466022,-48.743877126521426
365,-20.242124647240814,-55.587668660875096,-86.33703022359948,-79.74226296379001,-3.9959967015778823,-31.27907799858762,9.787874682237092,-3.6867730553339846,-16.57404285766167,-41.14852268462165,65.72446410981114,21.54479103060668,-42.09244713489178,-59.16506584176488
366,-92.26758163857922,-139.1403909514512,-150.54167445876578,-169.65690898394263,-61.94786986709097,-87.82418354008642,-52.670763758560234,-70.72855024329364,-32.53998122866799,-25.084601055700734,-15.567250524186463,-46.684380019174675,-70.67418445772229,-90.81943486395284
367,-105.45737642501891,-160.9436734166446,-138.909290661165,-166.85431619559017,-50.4178394121177,-77.86276086296604,-26.564060225474837,-43.76012367750211,-50.061625821421366,-48.517937546568604,-37.43879662790256,-38.35350021858844,-100.23244079073677,-107.86950795576678
368,-121.79248523798186,-157.0700750752782,-129.83051739175576,-130.4927867535153,-65.73353819398987,-82.9809363966399,-59.62362299423082,-50.281585419098505,-46.48653144038275,-37.31875627147501,-86.11620302547313,-81.19186486925325,-128.40366929345348,-108.17931981668794
369,-100.94536360615731,-120.87816025493497,-74.64161591494401,-79.6854319241126,-34.980202556020224,-33.840877901641306,-0.7860211691328638,13.042303337376875,-34.14962521382741,-30.497145807075007,-69.1700974721677,-33.05467793001415,-104.36552976062836,-107.26873076114548
370,-99.26152639429553,-121.52776486579768,-62.55302557360978,-71.0490069882659,-41.12743169187477,-51.20410699744409,-3.3968666154037908,25.738086093633484,-37.24865867500058,-24.32860812294029,-58.594846761550286,-41.19721270813078,-101.9791205575964,-98.77786846686185
371,-102.53193836329704,-125.49792796844136,-52.77390381928813,-93.789239268374,-53.256751826612586,-76.09237700017869,-17.87457498562537,-6.69274067089169,-25.433701598766245,-22.74829871705251,-37.358094202860215,-30.677919663114025,-95.18272136735504,-93.1385625297949
372,-118.44906438346804,-132.90945532683278,-94.16134147950716,-108.84568261172399,-82.34061874768908,-90.79471706944878,-50.90789062195169,-33.62095638816311,-29.528589319445235,-17.029230674010854,-22.76760056073157,-13.877353554347938,-81.50424064393113,-64.53894900511447
373,-143.45253793090833,-160.41713810090044,-115.00412064543126,-133.53215794021813,-119.6021703571547,-110.8693863468317,-65.33745848904216,-96.46033955832237,-26.701240255441007,-28.984269456647098,-46.37484732282215,-16.508188226063787,-75.09806481080082,-64.65970446665852
374,-156.78012244469525,-180.1897335720184,-116.26944933086433,-132.42026567350624,-127.75817766573459,-122.81691695900118,-91.75894524279295,-119.19238478536931,-14.241484095880239,-33.95731228370367,-51.13789558262607,-33.908906563611396,-80.74103119289778,-74.91490397966948
375,-160.5419556435647,-183.72904308312033,-122.04293790393956,-130.25122415200923,-130.58471047276893,-112.92451985013746,-96.37209186165451,-126.98407102472243,-22.808657470012033,-32.149051103654166,-81.34506808376608,-38.23378495509157,-90.85571245607659,-67.2861599489533
376,-161.0151527840535,-197.73226198312676,-118.514620068583,-158.74649804903726,-140.8045848695801,-128.70162912553582,-110.23725895573207,-124.03730352757285,-31.095889038362472,-20.19874684427583,-101.8989185747587,-61.14217914099314,-95.9785530463836,-84.03019721627157
377,-160.34259080233102,-183.52469049850785,-123.5138723730996,-149.20253155785997,-132.44380415319267,-140.58178544256089,-103.79619710876368,-117.87838754322479,-28.733915862371376,-14.765200526196372,-117.69450784242935,-78.04155120370875,-104.50804325365509,-85.458642601238
378,-160.03932724293585,-180.19501074062657,-102.83227833467718,-129.95167424466052,-124.80505874642544,-131.37609237638824,-84.42931772868806,-105.3304825402743,-36.43584873741025,-30.963955143607134,-129.36912373981778,-85.69335988762026,-101.65402194539226,-87.26092122344407
379,-146.76927567641667,-163.36808093108422,-70.47806721098844,-102.14931682206489,-107.96407630925384,-118.92291667996298,-49.374921743197675,-68.39756277339075,-33.98574649428312,-23.670818213645468,-122.19581493520741,-85.23263378250928,-87.40895609776915,-78.77426624941083
380,-115.85902260124243,-129.16081186569917,-77.35393533149919,-103.69749687479028,-96.72206690591429,-107.5858012580642,-53.48395094362708,-50.497743057837894,-35.65551617181998,-13.956804789625311,-131.40763790179412,-82.06050112175507,-76.66519970556352,-63.85860252601
381,-74.32048700193151,-76.00999374342751,-34.474858018148204,-55.37569449353651,-58.05772732673889,-67.66356040572404,-19.911956988216026,-30.221106657421018,-14.021415342986485,-27.392552090963754,-77.94787646096367,-64.48549326610315,-45.6252686825613,-39.45563688239277
382,-3.96586163053012,8.939662900033014,32.97626518754129,2.158675143771937,-15.389072163661055,-12.213837467284618,39.16912298977536,32.91041976808812,-2.248229781433429,-7.004560844739533,-3.6584191401502686,-4.505898309236903,-7.330849278322979,-10.533558005716047
383,13.825389240948747,21.02056676288671,33.602384357764656,16.068395536388348,-3.7398897665095387,4.538576806806669,25.355476364995834,37.31077380294107,-1.1574381069303226,2.6227540135621075,1.2009184198144913,4.40142017559278,-2.1528241120943856,-5.805503200298536
384,26.374120471695253,43.93909415131324,46.59971865231327,29.50606319004187,11.288479791718421,7.267077916872124,29.703978053928868,38.79739203159829,-9.446917034358387,-5.432035077838949,6.7505565461376325,23.93137737399074,9.201298512763064,7.251305155476357
385,48.176403542866595,71.17878852997373,81.26356828913678,67.80216484490626,41.76705535348167,53.618700927615826,69.03243223825314,84.28186554609105,-3.698566758926122,9.902616731615064,28.20803128758111,53.34497544786913,22.17788181653015,28.374663296226448
386,102.4724250673321,137.89583393531905,140.61271462283875,125.83319730792708,75.06267854947107,94.55384737373213,97.03032729640738,117.84538030550394,32.071130712665315,11.934182652928403,72.58318462618641,85.57100958873954,69.11688062073029,66.27187551794847
387,120.72122608237731,153.9846592106266,147.42728034478344,147.80491354247457,92.63647357683747,120.17626030597883,106.9144919839408,136.2754608598861,34.308421236046456,8.193994315000845,80.66409001151864,103.984708281267,62.676486287340964,80.45186107754851
388,121.52745254788141,171.5125229877703,155.0800651420555,154.69984356610243,99.15773901977873,134.79892741333356,106.45230337667077,120.33797762753825,29.732869610973623,21.977653395372407,103.37250346784666,114.39543435293942,81.26839259593407,85.13427865845003
389,155.38742630268183,191.3439516868595,178.26988015104186,197.11020303737791,130.26510770400358,148.76873938493318,133.34477198170387,145.7406381133714,41.95770735704637,29.345437961355422,143.90130247154568,123.03475959110011,113.76112589503835,103.80944746037908
390,169.10306007038446,218.9005315209809,169.5130822284031,193.8420715443821,121.27565586523205,159.16464192533576,120.98840981014439,150.4787622412739,54.416857596629576,27.892879742537684,131.58964628328755,101.32013792407618,119.81055576564208,102.81885835196248
391,178.11154601755885,204.52382313970384,182.92037594508906,213.27435491780426,133.04991263833728,157.72844052484848,123.37088147757711,137.44049751893277,52.88870338669355,35.26449281160876,144.90563376724924,82.41759913405906,130.57495067215714,102.45925685761405
392,216.3030945364958,240.7205020845497,162.89372829560838,205.05688385783742,132.78543679939213,155.95239041920283,116.7017345486071,138.6554655966706,52.57754978330653,27.022847119013697,149.95043885874264,69.39801937149848,128.8005093504715,102.95016662313145
393,170.79848580725005,199.8922839048304,136.21649395605093,191.59739299026845,118.01168179380248,146.21894662343877,95.02959244110218,119.6047442085746,26.888972605586776,17.639524298231965,126.03444960894174,53.73930285800307,99.54983043091207,79.33412332434968
394,184.66182607665735,198.52857658923898,112.81813784011463,164.97950484422293,143.82333998563,143.76782749143905,90.33885779197703,97.24302000101957,38.33336345137227,32.9861313292282,131.0409078055777,45.532874443054894,103.3940979400322,64.57966195389498
395,119.23076394426069,130.77853431815106,26.00180235682228,84.35533890444464,90.50686760972388,100.66265054027342,29.213614795944604,37.57810019713311,20.55781100139883,15.738579585715787,88.97819447685276,13.96292374648736,66.92633562397667,29.513819381093185
396,49.328848054979716,62.96921134198747,60.75070816294491,91.9170844694899,88.8695463213813,84.69591967858939,31.381258855700814,40.92069468773023,29.26736509909799,16.330227390398612,61.43944539523115,-10.725103073252255,62.25714395762653,20.610793028718355
397,58.11297730295923,73.85205049711001,76.75389188066636,83.01556082330364,86.66293851986093,89.62759615576283,43.82193935502745,47.12983239675464,18.555392995464718,12.851227238235985,57.68236664491221,-2.5641270289757094,53.6828994217022,21.691930966403188
398,30.273693588166534,52.04470198468713,47.98834544723274,71.84459645568532,69.90298523023878,89.0146355424008,15.720135547870255,28.673363030112437,8.028863462669515,12.008569387746578,20.24120957595446,-10.009633444138837,37.18174250766387,17.5730722765607
399,45.94961515662524,53.59920874994396,82.38946457988006,93.54479446796672,74.75073354781131,68.55063443139132,28.035112963460318,36.675271222215905,13.047495347641602,11.655384045482398,43.80384028433713,-5.523397903268105,43.238304890190584,24.685671463573883
400,96.08105415198747,108.35640849240855,85.6766274151358,97.18672239387342,75.30070732399864,94.80832213670028,48.35895605606755,77.684943269285,29.202738814024443,11.988614896042762,55.505895006742804,14.84296013628248,51.81665561848826,36.62740263080431
401,71.90754280628781,93.00033932461737,99.8496835861954,103.33481365962488,92.7974754357616,92.93264303191283,61.20174532003366,87.16252871454415,26.533757507812783,5.852076068486243,62.66473267152697,23.653878364837038,48.23764575320763,29.993437710653645
402,112.7329911544049,136.27748019352077,95.90382142831515,96.87014453408247,102.58124745496505,109.99470385539995,73.19922384442317,114.42813762394857,27.966935060710366,16.600470966678433,62.5225987541445,42.46280015397617,56.589724272162655,48.734404100565
403,117.83709992645282,143.0872493549603,85.86404383944951,93.15548366847422,85.07366953498443,116.38607598347707,62.7366897787083,101.82268265641926,17.66325123807883,12.274306339549177,41.95169327437216,45.963138313805956,39.40249563997986,48.70009101541199
404,80.62456439902451,99.67340916535032,109.6401152549732,99.22303036927784,85.68662167664992,90.58500960814126,69.6716036424216,79.4204281008385,24.17082406978841,39.72614595516587,36.16789679765694,36.016478352371976,47.6880724648441,42.23504178111005
405,105.61074673614507,137.87371271764954,92.74709312505388,112.46842769141479,75.29186250984495,80.62596223594396,51.087847476164754,72.6173099101809,40.0515686379419,31.548822805816485,62.93176816062547,55.06450691074444,47.26949477263275,66.4249954653712
406,47.94730198694793,76.69062148608629,31.14814666899693,42.68687931513775,42.515092448854396,49.31414659001108,16.532782603467577,26.944981037749862,35.73640595644285,23.484064262203646,47.3614196898657,52.51466464084203,37.26628027355134,53.903638635592664
407,8.547184257261174,30.309356142604386,28.236367421629563,27.716356308040346,31.80307629485733,18.985465342646602,19.171808060582684,9.619064390434868,22.87476479069194,22.501938926958566,51.24357816948199,29.734252899409018,21.22035687778259,46.02857630472777
408,-6.029921880949157,30.431028907019066,23.430904012666534,19.863360408202848,19.735406287333543,3.1546280166306877,22.915636980221993,11.02085163573888,5.461782951154627,20.024970885149465,39.14085152338636,37.916372135714674,39.46759950320875,53.06287541007212
409,-55.15947876147406,-42.844524057444424,5.7151531001980915,-28.9233007344273,4.4681109633505525,-33.55341210932282,-0.17318512715519357,-28.834327633210705,-3.6162861036693226,2.1833806604292354,5.345160517488468,9.277158644642839,18.96998926977186,29.372685031868084
410,-41.2819666874254,-27.792438650525217,-7.917114249632995,-33.812830228130856,-3.4642652106924596,-44.7992749141062,-7.350295108471134,-40.19654255622667,17.258235148751236,12.951074341983647,-1.0848145279040242,-6.1809370714412735,24.927700267105042,39.17012800295396
411,-9.198880144554925,17.26099231212748,-33.294195492353346,-50.61584158191844,-10.707364484873317,-25.42806944693783,-7.6984640408060985,-30.950202568939897,2.5115587433675963,16.101093895052045,-10.585350969634398,3.823755085099496,22.7996238073861,30.9301344275087
412,25.25253465097255,38.55219160614486,-29.87426523564855,-25.8307802440052,5.207493685911445,-11.692981249271687,2.0621846681744613,-6.611323512284335,-5.181867692077193,7.030089982414012,-5.499123996705794,1.1293329017975626,31.08183615332225,31.87741386973162
413,25.42559800155177,49.99149397506041,-63.16888768200746,-38.922811485496695,-25.999938732239162,-31.69055643267878,-24.06328657784389,-24.122778463204895,-3.854755096039732,7.67262183960997,-38.61445220602615,-21.559335572362176,19.60296322865151,26.308172258417393
414,18.114814893274705,26.69424572544812,-51.25120459989869,-56.92548917956836,-30.85256568594584,-19.53041958578737,-32.097248021205004,-28.156291135219465,3.3752696883496984,4.688928952451056,-16.429601923863785,-7.68662482753357,21.530771536541618,17.401778162869377
415,-5.710809628420119,-5.237385896460014,-42.28238294734687,-54.937816890966616,-31.581458285193897,-28.29040478270712,-26.729510544195644,-24.28282614056534,-4.164991241485711,2.269467177558976,-6.601394246416327,8.698672926724203,24.032979547113918,20.136470218691578
416,-49.64555736059043,-42.35457718035558,-74.76870506254517,-66.76150899779515,-64.57725541527618,-50.827456431671635,-41.73216730977197,-47.72294786254284,3.204505757518089,7.3466486782472185,-1.8891042159127307,20.47696562346718,13.809675009287595,24.971906585071384
417,-134.87065236712866,-147.12020463031058,-97.65270767479903,-98.8304193299407,-101.71290520930577,-91.53027078110335,-74.30365065204474,-97.45933136939286,-3.8179808831363524,-13.643282785164642,-39.41028634409474,-15.601230960325928,-16.13908866379257,-16.72087205137593
418,-148.02137611007774,-159.62342857310966,-105.93955419468739,-97.1900695717646,-115.20493636743966,-111.5664293746339,-83.724489498978,-112.3379119201508,-7.6722091790280205,4.664993299396351,-40.750557578046305,-30.033203048041702,-39.885546024222215,-25.073658622735675
419,-189.67999046335441,-193.28672648511545,-114.29854047652678,-120.22355050499928,-117.2754853479599,-124.28477431060688,-88.19064691976223,-101.17675480897898,-15.00653362263512,0.9795403054824048,-89.2796677241908,-45.26106945587545,-70.42632769319349,-38.700048744814076
420,-148.0110201089941,-148.11467724832582,-94.28359353772993,-98.32503651642456,-99.55743129658649,-114.96254550121157,-81.5233831256227,-81.19506080153155,-7.355597526855682,3.109215220664402,-88.62724298651035,-53.449661125780466,-69.21196766289387,-36.53845774999127
421,-104.19907173786187,-104.33751195287408,-62.89360831011487,-75.4029758293056,-81.98394185364918,-92.14723718037578,-61.696369543437,-50.215501466465355,-4.84287641102884,2.327421047159612,-80.89128974994281,-39.05486438764246,-51.52342072380716,-18.705178831953855
422,-94.16549113669755,-94.15232813987939,-50.25682180341368,-48.5053245191055,-71.60247181938152,-92.47009518112145,-47.82815051377962,-47.93855145102517,0.5208521895055499,-8.24223883914767,-98.37593963567636,-54.94142127930772,-59.70808674916297,-31.701466008384763
423,-29.604949463726214,-38.71286409567229,-11.808879292753902,-32.33443150496121,-47.0799885597578,-65.96980633113442,-24.107761555218264,-17.634200665107635,-2.9038915126777893,6.650061608582335,-62.097037827868995,-35.285510410550586,-48.08191307753743,-28.11434005156476
424,-59.082217852163225,-68.67899783444189,-11.83843441804791,-46.72347016551415,-60.43191436311905,-69.451789600503,-46.90381972704389,-71.6349345093112,4.121644050668286,-12.211429739421591,-93.12776467254267,-57.888959242879245,-57.79388577985829,-46.92390418788254
425,20.62691149244283,-6.091955542123213,-10.72245661146943,-8.628840958113596,-24.54757311323162,-42.29436262740888,-27.558048279357603,-30.564253279364372,-0.5878586880119538,9.576561924346446,-60.17684420541043,-42.721483815109856,-33.531491546981826,-28.1261537245959
426,-5.12714624085385,-33.58843598785934,-14.66524119821461,-13.005529669257971,-43.16425225179085,-32.5209126261039,-21.518806509344056,-25.79395394573981,12.757630944112838,6.3886535356058545,-37.166561786326874,-30.20725006279442,-32.73212202323861,-18.856059226719072
427,8.204181308789586,-7.648666413001589,-18.102919858772164,-27.014316767140308,-34.50996719858707,-40.12439033446839,-39.2601783132227,-45.99465854075068,3.600822159471965,0.6719045594078783,-41.79362104703437,-43.131847857846985,-30.947294226099988,-32.652546429276626
428,-54.8774995338744,-48.50288461676416,-13.482367878663922,-22.011188325056064,-33.846794505402436,-40.08053529104057,-0.19994585974162454,-23.023432562017174,-18.84377103640273,-1.6078166760891388,-17.943558495735594,-27.871166399404945,-31.727993092071113,-43.28847094525251
429,-22.450713338092225,-40.044437983567235,18.787151916931258,-16.802313362886125,-61.75349498393511,-58.33764399794374,-15.009878680018318,-1.6299011809583952,-22.176700010160733,-24.710887396132122,-31.572085934882566,-18.25394940097714,-24.76417327322452,-30.0732543455933
430,30.977856381824065,48.67112280557157,106.09192982716554,81.46828002764872,15.981999215631086,31.34253345623663,69.91939070465124,89.40616726787988,23.438381510539156,1.665577042472519,12.223920753494783,27.000060423287792,9.445792930801518,6.670891225044789
431,15.984153230083429,64.62499445535128,131.53105834383652,97.16610475949665,27.913039199112195,47.283549694399696,89.83533341323097,118.01406422005024,14.668876474347991,-9.209127921245985,55.96945923298495,44.93932583621701,29.353894149160904,4.924571245625108
432,-139.61364844132262,-143.66931113145552,-17.488819317261203,-32.800486558214146,-72.05435108392497,-79.15231881394837,-28.764508520773685,-42.28478987726078,-14.016127194409066,-31.431581831834833,-28.40824202680455,-39.34320021966491,-48.20837961615868,-64.91674405239534
433,36.40866435561971,60.02095100027088,168.46535804089189,138.80536743398028,43.8110112931075,66.82656507924438,78.90622095069294,99.69669559636941,-0.15291803060652262,-11.62304104100568,21.53386096036453,13.706820173051051,21.863465558000257,-0.49807467590856513
434,23.479740373749063,27.389979294329187,25.34992281297772,39.41720160663723,24.29898697138053,40.64755995708698,26.55196115825311,42.60976520265941,-10.851580662095296,-16.391568765366088,28.539901767884377,23.987140292559683,19.138522729381343,-16.223810166646434
435,80.26570078954283,106.55896054701985,87.33664121321819,114.6224424159246,78.28644556273558,95.01227161890657,68.30435617284454,88.20899564248263,15.123228256081758,7.84510854055992,46.06200642394301,40.11362555780434,37.10117129949189,15.915122170021009
436,136.25114796910427,162.29423263928095,129.41979088174807,147.45943983964762,100.00750410792308,136.77793337051222,106.98385320155441,149.63711767135797,17.574126242461627,14.031617135964616,70.47973396333359,77.62907945747922,56.36728466982955,31.652977779797574
437,172.22541411441773,217.37334510501938,135.54743650624226,164.34109052513818,134.13901363559413,176.67563883559245,134.91352474501505,180.23922200901663,25.710879357424016,22.516753949834523,118.03198130056293,131.2209731154579,68.0305184876391,69.03399334343024
438,193.66606494481874,210.41548093492617,119.80855728397285,143.96763195218114,144.07172797117448,187.3599140786317,121.05678594413351,173.82013254875864,3.4634991426223167,16.194198751289626,131.92255514216646,119.35608822105071,73.20730826881348,65.80083521502132
439,172.24474993323696,170.74732363959868,41.48952742008904,82.49175556425283,122.75589303727412,157.78150610449595,98.38816928671837,135.9600637794509,-0.559820741771763,6.060108826604628,134.01517572362337,119.27796799449455,51.89158696685369,44.41547297609515
440,131.24197319675176,130.27565475423813,-13.666700788829232,32.61238778681961,105.97408848823422,127.59160790795157,71.62921739100284,101.5374762203762,0.8481068602872229,-11.022440710732294,151.90811165066165,140.6615933635292,45.33168940815259,34.03890014313993
441,116.45418641925282,87.20216449046582,-73.94278951383944,-42.84850747216166,91.91945877778112,85.1144021386866,45.12717671382334,54.974355806814266,-1.0152197510226681,-12.737874293038136,144.175196604799,98.66859042860689,28.22560850497989,8.810330347299699
442,-31.150288987667174,-48.84067345575993,-147.82546971984462,-118.48561209556999,-0.2033085387353939,-6.664338248555644,-64.24106807603263,-74.8841016794091,-9.210176881969437,-14.16234310165323,47.77657371039216,18.03065102083716,-6.135714691214111,-35.29626766023838
443,-4.03834709186363,-38.71145341815407,-161.8411418241449,-128.72981657510007,8.262793970986234,-18.618949609704014,-37.60000492507004,-60.658806124652095,-10.191385160155557,-21.866747954522857,45.16167931508399,35.15973193256761,5.619534358909826,-36.469490578922105
444,-26.04605671019888,-41.5320204012102,-88.2819690994017,-83.63116744216528,-20.351766157710337,-42.88429952138895,-53.480332114658914,-67.85930497406883,-3.512693405426577,-14.260217498756756,-25.314079485612513,4.673521703572396,-0.11258549331034746,-25.03953897068324
445,-36.24372872131284,-53.86715801105981,-130.76440305095085,-116.16811763800476,-39.449997011194924,-59.045173956353686,-55.872215070061785,-69.85642492779348,-21.172044765126703,-12.366302690288299,26.518822497263905,0.9677515584181654,-11.915059234605206,-34.98495906709099
446,-101.07570973896881,-95.19606174081555,-116.01479825768136,-99.87919567867227,-53.071152231836145,-88.06540312328912,-73.40842753551716,-109.377697062039,-11.174523731803982,-21.517294408788736,25.715232820385438,-17.522507991999436,5.647378233729288,-22.50612453757569
447,-72.78101770590486,-79.95573668566227,-61.70038908119644,-66.10734236749,-56.275651317750736,-75.78952413656465,-48.53184781504079,-94.50147712639594,-11.526693762141393,-26.778589172029342,8.952822980965077,-10.567983976046293,10.877220119801772,-10.854979510366235
448,-125.57964553731988,-127.26034986356908,-126.0191256506455,-129.59490579818652,-81.2611086798896,-116.89119753252672,-79.4513752523677,-144.39792136988225,-33.9049680026746,-33.780870397069265,3.1513423097213193,-55.86833868505315,-16.39788165380618,-44.720672942811255
449,-129.28102512017188,-146.54342358818332,-115.845419728749,-140.91449902634378,-93.94123279322282,-136.96469849209757,-88.80818401663994,-152.7928826523207,-31.438048993390215,-38.33023920516416,-46.578534407063806,-72.27522946178664,-41.08574736412697,-61.58686044987122
450,-123.42998175170126,-145.00280874815218,-101.23654788724805,-122.26118024606544,-100.03460737345573,-143.18230301338954,-85.68867356962832,-130.8965137049229,-27.473654763514258,-45.66697040227706,-68.70837203848727,-85.04630861889206,-57.991524254211605,-79.38496221719373
451,-213.91590083803,-224.59205832303155,-138.69825629104884,-164.7935526162489,-162.4331583993355,-197.24040962451255,-143.69283769762387,-191.82056674405132,-45.71627949347677,-36.47086028574736,-155.6864622798166,-140.68808102315026,-113.30001308299288,-112.25757047590014
452,-182.1963075835729,-202.24974888280215,-111.09810924007316,-139.78120443778434,-155.08304085371682,-181.72986714878562,-130.52843770685757,-162.89300620243986,-36.300653448918844,-27.66325526034673,-148.27541777830368,-145.72980340245394,-117.99599047302662,-117.11738487875054
453,-183.86970491627346,-214.51170869413738,-99.97860980225732,-133.8403292623994,-153.56178027882393,-177.81751781251188,-123.40469076846523,-139.0229632989853,-49.68252595347568,-30.40687227340561,-156.0373904199031,-133.6204813994607,-113.35593973101959,-117.31666152894641
454,-169.0480642108083,-184.34595830075858,-80.26402994216754,-123.41723972620015,-142.1529105460959,-163.08684813274053,-94.63165880927804,-114.80379370394272,-53.30920509362752,-33.29925444486112,-113.19654771095543,-102.37649803836821,-96.16212566622258,-93.70402713655584
455,-148.95083793949016,-176.3770267797203,-77.10007557081674,-100.27588570689464,-137.96753035404674,-149.48948405449286,-95.0448834977313,-102.04434428139226,-34.191484661346834,-22.306052417482803,-93.69627136238009,-92.39187314848962,-86.07309586639875,-76.62028255327633
456,-150.39813442263593,-176.89784112473052,-58.20035748933086,-95.45857432216897,-133.65080978289342,-148.29445253418194,-102.33204732373358,-108.57340850823232,-39.007440070496436,-24.79256256048657,-94.53019082622012,-76.50796996673277,-71.35422127924103,-51.97926174507502
457,-150.68873479246352,-170.61380902473053,-43.38181179428393,-66.0868532762701,-108.32781645409023,-122.35442783830224,-75.31624064475825,-84.89685048251418,-17.3378594491833,-13.782220851079568,-68.7711627275549,-49.12970498846451,-49.57903728225342,-46.94418383212332
458,-137.3809271597587,-149.1334508017689,-41.019829993368184,-59.495713613712,-102.09508043006525,-107.17863112686148,-55.24259614094832,-77.07502819128958,-19.363504646097244,-19.390220512549416,-56.18139915715978,-45.08005888405631,-47.387267452675474,-43.975827391048874
459,-133.40395792438255,-145.3372140432715,-19.827278463390055,-55.54077026996317,-88.29559759600244,-93.39523409720015,-52.65177222213509,-68.15253468321733,-3.126373401055789,-20.56150614594678,-43.28514087252353,-30.294210056302024,-36.996978521872855,-41.16083711353554
460,-128.70550022335303,-121.12164993684075,-28.078794898887505,-37.67357519129192,-72.53945979016302,-76.09557883026703,-24.867800030581083,-38.712873629199265,-5.0036773027292805,-17.209121895422747,-45.4537538158718,-36.0943684282459,-38.313940334383304,-40.47022612337545
461,-129.61813194214568,-112.11872406926348,-21.638164400584454,-37.15446489984761,-70.7307818232828,-76.0174981533387,-22.75373235418234,-14.934379015224682,-10.080147155531941,-26.8982044502851,-68.11302595528993,-47.35111843811766,-43.44488936636712,-46.327186656385976
462,-92.18815769101974,-81.18395702313562,-6.402426541900714,-3.0659619766523774,-48.47510991001799,-47.94727424703316,-5.64615489024626,7.468386697792525,-10.26999654115494,-7.283759523212953,-56.9307700532793,-22.230421035105184,-34.676434406062285,-28.52050421116431
463,-61.52779383249531,-31.043859902376624,12.128711949285773,9.852561373165996,-29.878460651992853,-33.75737356098622,25.47021055457262,36.01647094732281,-3.921158585035318,-2.441952229436696,-73.98219887645175,-20.743762749273102,-36.69058509121221,-20.36124206669456
464,-45.8178644205202,-28.371207120054855,25.37032953043628,20.008227540003265,-39.79974780235995,-29.46629978856466,21.893849637240372,41.16414329959258,-9.12798571018248,-10.94280112427584,-58.66163511275496,-16.5527612063237,-31.725373269740714,-11.816473917617822
465,-10.69308679718358,14.421358801716853,63.175798100442684,68.48331662049988,-2.4772566319372595,10.761256231539948,36.58853445133475,58.832978974678646,-5.76765832696321,-2.7097861338035742,-20.97910184226682,10.015771542964947,-12.080810664542858,9.830373016316308
466,28.249198551919328,63.12424027198877,89.39779845514174,76.98525447937729,17.297446711289453,25.836333225774524,39.88459243575549,65.36029378138728,6.462743991662395,1.4245036887863183,-6.1392797844544,19.00590637403536,8.554343890792005,16.45263791522161
467,105.2363159129223,133.80951356966807,157.0447668455108,150.0624554360996,62.434380014999284,84.73528586419964,105.67764792593364,130.4542478430596,11.544377408005316,20.571352071888327,65.81170721232145,72.58849884979787,38.08604918159657,62.30752526349419
468,160.63339512576437,198.9449581963756,176.8790324367724,166.58030159289274,94.85798107520186,109.56044499129848,127.17342533487415,156.51036086697812,20.228142387787305,30.362301727516773,91.88937208490154,84.75592591491461,58.6996253013662,68.8859779278363
469,137.29215116500865,175.22821269030237,147.3426105430594,139.89318513272937,77.37900110694261,106.47936634678385,89.2566114379567,116.72269859282228,34.4890524701934,27.543959375221043,63.73288840843175,68.94663232232116,59.82011190237675,56.545914998284346
470,148.7796841253936,149.9396188834963,119.43256189605376,145.28193058419433,84.18132361749088,110.48512392498206,62.71097486164846,96.23601095066222,24.990838592454768,25.199248153080852,87.95952045669324,64.42930676951931,52.71917698587678,47.15908970521116
471,138.0800281818299,170.77564318661916,100.29087254497863,130.08275699466498,84.19430638946828,123.11604270943793,62.98804459604027,102.95204053661367,18.852323021200345,16.99058435937462,55.00973400585394,54.14136826500403,38.13406124756823,55.111793685690415
472,119.74665949888637,152.1428610273707,61.39062033018908,94.1423891474802,66.95246591894406,105.73779009976909,44.3650343867593,73.4243689480941,21.64684597082686,19.25335843576603,71.24533453746118,41.60892938792293,45.24670110441593,53.25920933661891
473,148.9213829539418,164.2388419442387,102.15606104628507,127.57582545872252,102.36206786759044,123.82490798779126,66.19049016738754,91.00866047826648,20.4228745671836,20.888921222991442,82.75067632406525,44.12871219170665,67.52659251389812,69.85027642348479
474,136.50847750194646,165.19038264156808,98.23769700750206,128.38669739138132,93.49639102688165,133.90047673559664,72.86897663035322,86.48004349817296,27.463273290758867,23.23509065732018,69.28010321795942,51.50789530336421,62.04912848232584,80.14959268190164
475,166.23237691491778,168.58857997978137,132.02730765673226,138.93342249106442,117.46198190149836,142.25433155116002,80.8523291787135,106.55587395485459,39.55479552178563,28.548259988194676,138.89672144261388,95.35610557220417,89.95306656647332,93.45217620249214
476,159.30412248836606,173.70407062221713,112.53161199537213,131.28403100034419,112.35981182112536,147.39430106436026,62.76468539334902,82.45779856916197,28.12041777051276,24.24321583852427,122.04864156467517,102.5926669666558,63.82042647674847,106.71226949800247
477,127.0134157745542,132.67886429371376,86.37970428428353,96.609928859414,97.0566493068666,115.6074575442851,23.104368710410352,39.6532367779606,28.581837786430736,25.91670683611879,131.50100135999764,117.69504767299253,65.32954699875403,111.30193551513244
478,102.25021243841617,106.20368786371063,87.18550507600808,116.30254409874678,92.86585679496005,110.87260856337927,27.672014257463392,53.76154783928323,34.29252394152027,34.16973815034607,135.32907599593221,108.37106620896327,68.60329948073776,112.89620005616698
479,73.45504661808464,88.3892640601324,92.04805930426868,113.84476749571644,80.588247578022,106.69971492958378,32.898210954234145,58.59382428077225,16.21810909298726,27.359490866579975,104.10648627942035,99.95634087853244,54.09847790864388,102.36156423246248
480,53.44089246380378,47.91072947279007,70.48790914647503,94.21996048899453,67.4945576953735,88.91893866976874,25.563507453019408,55.645101657694724,12.915526312749117,14.25731503450671,77.47945791882273,90.43621419745159,45.518914858324266,85.05512828197737
481,41.820904603167065,40.73183673883483,51.835064362114544,77.87979588577299,67.45559669665121,75.1298460498065,21.731838417789568,53.47045681094313,17.237696265003162,17.6686549441288,38.85297514070152,52.16649971568615,16.876802218912065,42.165579469727724
482,13.838287082241603,-10.59358917021742,33.27038052624865,49.69693958231965,38.15375957088317,43.181993217330906,9.86754258769364,21.869770686321363,10.777903767844977,12.96143704585752,5.2555109532238,22.084935574125147,-4.172726621945631,12.80800054291507
483,38.89374051110527,44.86176249079028,75.44141241445624,77.65108224746893,69.04884575793874,61.15941677628033,41.15746959040842,47.79714387302141,20.466258605334225,29.165298673719427,11.635448602376387,15.508874438291336,12.231556574212256,19.598432617485035
484,26.47317406878869,41.47822319750774,64.35408494130705,58.95912337889033,44.1329437760778,33.62677283141772,19.346989390803923,39.244605355641816,0.9566004169992007,21.673554347307377,-17.471270040319254,-7.676097138293438,7.523851813689267,5.084495670820534
485,64.99249581428488,63.471338717252515,118.68475519924861,94.02821263156306,67.24497667452222,60.43225106571672,43.051497304703446,45.54707640711952,14.515047183109113,24.909098493402908,22.052066291596073,7.583091575604379,23.106093854951016,29.93506290625139
486,101.99532034898887,114.70117189148404,120.57111710481529,119.81745293082375,85.21996421360669,79.18411239105612,73.03313535707386,83.7319335253107,30.357760997374687,30.57850240951536,62.86215410933913,13.295002253310237,54.88941542102559,33.463642071416
487,74.13910862592792,80.57049016913214,107.36500476881683,89.9378697494873,67.09832977780378,66.17184878963009,59.16133818987328,59.60392774355135,19.880582698868402,11.182359345779938,46.679170750040534,17.348573011454747,44.03103633721923,26.84779202512758
488,67.12615718606659,62.42470859893841,86.25526610649308,86.19937250599826,88.83167820807749,75.9688704877267,69.7638806789167,68.64077384706817,20.828346223281386,12.189801652410154,94.2909120224691,24.79495649186961,61.57720314282441,18.914070601193515
489,22.385322679690002,24.799802008804214,17.01691138875036,17.65322694233229,73.48149147888381,63.54385282203752,56.068145298778575,53.09580519550143,13.840950618555974,-7.456854932016604,79.00798134745804,8.407872135670514,33.05961658411895,-13.663668979307442
490,-7.545293541700096,-27.643759635736675,-23.708402364237447,-26.96118612615846,63.51572533776207,64.24635085964545,47.54827606891898,53.32435992538334,8.783506039429389,-13.17691434204098,81.51120610387227,27.082429946715624,17.640931460196803,-10.784484633052665
491,-26.512082276804826,-51.19784062707442,-30.08704799166378,-33.92005553028372,80.73921315848912,71.37504621688002,60.83715501819375,61.12329287527198,14.414857155510399,-9.554390978684285,67.88435265821474,26.028207807218816,6.426524037746949,-15.48005042751018
492,-78.77895300472649,-103.64851046845011,-58.95754050515439,-73.18215444413204,48.31743542309132,33.418548090858664,23.420513911028227,29.719396191623666,-4.551853983655647,-1.3411103176506876,6.81008138916091,9.512571712755978,-24.1815726699666,-33.793298909293036
493,-92.3236058023019,-115.24196647532908,-49.13033930406766,-49.196102391243826,24.867267593431983,31.41435289678635,6.049440054230202,-1.3799608575156292,-1.3108177549309248,-9.566145105312925,-2.2238893923363836,1.8180007414890258,-31.396913151562632,-22.86396036263649
494,-52.26564971717394,-66.9750282553211,-3.8171121139511737,-7.417700715324252,42.88319082649019,50.39138000479578,16.945353664956034,8.049708478564948,20.15000483999891,-1.113414702019789,-15.715085895741396,-3.6790349796800093,-16.835428841603395,-19.272596507411354
495,-140.27534213927464,-159.9570458564329,-66.62313910796284,-66.09215110663001,-14.747685923530595,-6.618404761612362,-39.865527711399366,-27.726515830137508,-1.3974158602708213,-2.0202450906331584,-49.44432413783453,-16.365567580484747,-41.03551647560998,-45.90629487584983
496,-134.95344291939003,-147.02964005132256,-11.192014406187283,-23.616864031387145,-15.517713329087293,-8.857732865658749,-17.45827301649346,-3.0003723785929823,0.700053272385245,5.294408260098808,-63.968933661754235,-3.141578071832571,-18.472451843754477,-18.195799590824084
497,-3.268385686393426,6.985436253029796,98.65817768580096,86.25790977713827,68.89577502248777,84.0861722926008,49.37407229576474,69.14856419126929,18.50643644932965,14.74913674305274,-7.269858847007572,36.10045200299945,28.301142276160405,35.27606283837225
498,-53.4487943799026,-54.75367791425365,14.230698172314641,10.85728369830079,-13.772741753191715,-1.6516105212595893,0.5296400739354391,5.920889119813167,5.6183141946505515,8.716235306568862,-50.47322545132235,8.723529471248355,-10.069627290831132,9.112953829223787
499,-3.3032070932969932,-0.19546009035275924,66.77218218193654,63.595350539469834,13.496596716673489,42.711058405599616,39.749780596697285,53.44219425812031,14.925953171834543,10.08383999535906,-38.26363927348825,38.09500799988548,15.095097081030277,36.780026141807035
500,49.24233484653117,77.9087162200608,124.49128336183567,119.0434049835375,43.05261852639596,65.57320752823293,95.56101038617416,91.44154656984468,25.16859671766746,30.939886632004203,1.8980304896312798,63.97483197935657,51.31353248402668,57.655093520711766
501,49.8531894995792,67.93479182436135,101.71551664243634,93.14602037272041,7.105022837027041,34.51267555056605,59.877450075776785,75.15700960601669,36.801385490929135,29.81944167469172,-32.56743697148266,36.30238272778234,39.125112838535294,45.03418166048665
502,77.5539139924353,80.99924992835608,85.33606913185446,94.5630194563204,14.239645270814599,34.437482200405505,47.450256414445775,38.422180385379434,31.23028958026956,38.2735423865379,-9.294948614917239,53.94424798370715,49.533443731659766,42.527450802921095
503,103.09775821257212,124.73889431361165,61.238749194931735,83.6804746181196,23.364674066075466,41.32140247904919,36.67366596221745,20.47441364492952,37.092215317306646,35.87762263790745,-29.174083422259166,34.9293802302631,58.636138667941616,49.87289275948699
504,65.58227598409786,85.42781407494799,4.618228189043497,17.212612843834776,-10.045616642677153,-5.475683318005612,-9.20048502233929,-38.426879717788836,24.65610992363301,20.004233721370536,-45.96363026284387,-2.074665948747202,39.57021259722743,26.258196891099065
505,73.98494818008383,111.64648939551068,16.31468081700851,37.410529767963986,22.563861174278834,22.30695913092995,13.348544526139753,-6.042836750288922,14.969966716945835,15.14348453529023,-28.634907496682295,3.669931005581913,52.105994174395434,46.81295289010529
506,100.82852887740226,131.237990452816,23.870380293536456,44.555186926102174,26.32404254838392,29.42069915581798,25.840634149392987,7.118105244533703,24.363164459049575,33.06659880710072,-14.57115955229118,-8.807714873238455,53.58438100156547,42.10501583275464
507,75.14462551149819,94.24664811870825,-1.3980608785782909,29.903510333969077,18.5339247130607,20.02769762395422,13.117094525509069,-10.558914079704406,12.782812128926885,22.995617504200034,1.0300982433990011,-1.2709634651907646,48.637684215843066,32.636092985012446
508,55.16804588327408,69.48859272858971,-22.86390926571818,-3.212292239483995,31.11090506451835,6.118900009006866,11.067002647915476,-19.605130224368445,16.26601194954124,1.8149549847226503,-5.632089440661391,-33.442094755739745,38.14742974119294,11.936398966471534
509,-6.259463546299657,9.51922011498669,-54.574690151662345,-38.14997780158757,-6.294100623585857,-21.34400256688124,-35.05610184898685,-57.20638981209563,7.151889210528225,-4.553121951138754,-40.003337958149224,-54.229358489778996,8.558614281098595,-8.788478392054088
510,-32.650933977244954,-35.363528223913505,-27.62351677876727,-26.819508437074255,2.833228716231802,-0.014497896242033395,-16.944083502673,-30.27523408657039,7.994279094827107,7.902667580686478,-16.082551241259626,-36.192194196335436,20.609411084118392,-9.726997784664539
511,-19.30063879836631,-23.09514082935419,-37.98998444541483,-19.55101069556884,19.40368130634679,5.018157077450908,-8.675394012384109,-7.540907276319278,22.44189203707875,2.927785369728971,-4.024803616114111,-30.749299365756812,14.83145081624461,-8.77388142265946
512,-71.64140317087528,-75.21000499625603,-66.44644764249715,-62.09774147683062,-32.65794411378628,-39.170097989523654,-29.542386458593892,-59.510816642785265,-7.355340178001657,-2.0545177295140142,-65.05632880502107,-51.98595376101306,-4.118273058721922,-29.707334168956596
513,-54.16886214184564,-67.58432057852657,-82.16493571765251,-65.2355759235427,-35.99352667269391,-40.81893230425135,-49.82206269518637,-65.42929937423177,-9.36143749604276,-1.0676195785966254,-71.34036396757499,-54.08972939370355,-15.631754243541947,-33.25822620929403
514,-22.42208401799537,-30.839068664743333,-76.30136267667102,-68.84322222475035,-31.825836663674338,-37.47667441632148,-42.0035134302906,-62.807885433880266,-20.10596653163326,-8.873608588355703,-89.80814105438641,-68.07751267308667,-18.731130258768985,-38.589737267692335
515,-27.52884360491206,-23.00504301820068,-51.244979415992645,-53.938842657774856,-27.445165956637574,-28.16365005327077,-46.0845655849702,-61.150645379374225,-6.212100811997637,-2.7562158540375155,-83.81271434143937,-56.68818378033538,-22.077333254661333,-26.671204498484123
516,-6.694815151900557,2.132678562022038,-52.63002675885082,-38.70504190500998,-9.552338949336672,-7.863875090154226,-36.8105379261659,-43.2573850167784,-6.614038362947002,0.8329994737548403,-58.09463352175415,-43.64401750792797,-0.09099728282517215,-8.578799871691164
517,18.312365063645174,35.17980912862098,-44.502823783155776,-22.316123132661176,4.355879124881788,4.596514012984938,-26.07446880531349,-23.492107120408168,3.829333694314361,-5.941733961653289,-33.07458388312262,-34.71299669866876,8.259209863050932,1.465638268017387
518,37.26380992660889,34.670412304466346,-38.4432065579741,-5.420980429106043,18.522052569329805,8.975104548638976,-17.868378015828107,-20.60619668614664,13.599627928292653,-3.533688715939535,-9.354641230064491,0.4070383721344706,16.812352302509506,15.615400924719701
519,59.05730570870955,59.609555943943846,-32.67776274654278,6.933509041030087,35.91218590757922,19.49245218979649,-4.964741876178716,-9.514672912692848,15.446673191026584,17.826564608402478,0.09329030701759677,-8.627463231859947,11.95659705664107,9.635550053729622
520,86.36909562155095,73.88303609206001,-18.71047562722819,17.465707553519618,32.70619020029392,40.23397515604351,1.95506549299694,3.3636311676638515,17.526886657011033,23.015110787843263,5.990737222134026,-2.563503084632181,18.212520048529615,25.950464838400002
521,106.55946433396018,104.24315740739263,-2.8750316232855653,28.568357874935845,51.83777871602539,53.879097067337156,10.113892099325495,14.981826940204916,25.500798483095682,-0.5770700533325823,22.660279492721063,3.714436373519019,20.47657027618697,23.219367618527617
522,144.56360478103656,143.45696971235367,-0.6718762945547324,44.85368380686801,76.49553082014394,74.65229608298465,18.729548601966968,40.337080862197254,19.2779578722453,18.998643829290884,48.4737950972591,-1.3290855847973009,16.31861487679746,16.761966277962628
523,89.50983580513513,75.22210777272944,-24.076042916084273,8.347353376632274,27.427884670928403,33.59915092060967,-3.7039790510014816,-7.549946581104463,17.064651046330543,12.497566861198614,53.451256964154894,-13.35781094285243,-1.8442477744888335,-11.536842332333011
524,90.09080433030347,71.92696998881024,-34.96087762414472,-6.588073846966993,23.91084432172854,15.271185901435526,-13.883148529803078,-30.12848087654778,4.843940210860653,9.819572974185036,56.09659662682517,-34.75822117249866,-6.069590925122953,-16.156595436409486
525,80.8841008454883,64.90534444062904,-56.879777126025125,-34.32037911925071,21.8176257897323,16.778531410873907,-40.37441487512287,-41.916882695183006,-11.363227195217073,-6.501291844834276,26.98057855039378,-60.54899973566373,-17.99043774966591,-26.496140086683035
526,12.255693140111724,-17.461536057075424,-27.548291590459574,-17.326082776451173,-5.072725497673305,-17.293950674447323,-6.486090928333341,-12.248171977267996,-16.107784743393495,-1.3270563034245422,-5.783769658326145,-54.23060896037787,-17.7487609979678,-12.717742984443266
527,18.279097663453136,-8.423205786015163,-71.14648443617796,-51.0222277149133,2.935708867913153,-30.657500917998195,-21.40406954449745,-44.128533793687104,-22.81194224827205,-21.444728451356738,6.420666050010576,-69.59523833946365,-26.468069898751807,-32.4387697694795
528,19.84037748332763,4.312714039215161,-20.77628481893279,-28.879375202494224,1.966614950247083,-5.805607303686998,-9.981727219998403,-10.78071137036816,-0.7163733714206701,-10.994268379021388,13.887246739486448,-60.168998423994836,-12.416130413690098,-13.684742748353228
529,17.42111498850644,12.06469629149317,25.98730212614988,24.227119052809496,10.21327089683247,5.986484766115085,4.7821652427010175,14.243555782081316,-11.724415877368484,3.112015562689827,41.93652228151085,-27.099739662411213,-6.469506266465933,9.850326108975594
530,102.16582599708892,104.01548519470849,31.75986680511123,33.98284055000774,29.405541143206484,34.01279133487693,31.37705772951423,63.317086230704604,-3.7412015613052088,-1.9938812377664021,48.396001222762706,-20.77623703394542,15.483757205241243,6.083564344865266
531,53.7084199601435,59.24546288419519,29.414308700211063,16.559550862822075,30.53177526932366,14.012541874541038,45.27574619549781,52.91835498455042,-25.30843851250623,-15.544952395918553,24.10268642511904,-16.610106747121296,11.442791073476611,4.407634626745047
532,15.720527926313054,39.64497182923982,3.1683731799530475,27.40386890457845,21.638029707688055,34.04814066505638,49.84908251748506,51.114000634512216,-9.907054917243208,-8.21699489619294,42.826142768304756,42.03562448301991,-0.38480123581117837,6.591218576827104
533,47.668248543185534,52.07252852565493,-35.08428182334121,-29.249529501065652,13.036302167007431,8.508066773134754,-11.605808085806919,-14.64206730965871,-14.233210527136805,-4.658706311874825,13.016660107328555,5.3818228837867474,-4.79195130897269,5.122686084556429
534,44.042533901282845,45.871695575099096,-42.52943659722793,-23.358887397049912,12.298731798795089,16.93664444254792,-20.759974914296464,-26.011889274961515,-11.129107120562262,10.598480459412096,18.361977787901605,-9.64265725325442,-10.628930878733419,6.075623188708611
535,-7.455838722732103,-4.376811378663433,-81.003099398709,-68.28197992003277,-19.88978974331541,-5.3251120353116415,-63.11455726284783,-56.9654788817978,-29.580739429723057,-8.602158470191194,-21.752784261957707,-13.812115399804554,-42.55238412323408,-10.932663242226242
536,12.955362161113577,11.05404589636457,-83.3476356804971,-84.11844767024085,-4.508896331088717,-6.053241294319796,-63.78808993955142,-64.85687914672494,-35.35993644635027,-7.25763011957916,-14.795533544549123,-18.24069135954671,-52.369703420629094,-6.448491671844438
537,-26.802735392755313,-32.57766339905743,-26.88435362821009,-51.92282632063997,-17.249684863065415,-18.240002608814574,-70.57392952892197,-72.4304520636278,-8.11792551159119,-0.5517644199627245,-47.72628556041373,-28.204408628345714,-36.47720367943372,-7.559639066560374
538,46.458518078932315,58.893333083390864,34.350037334978516,17.893304224133182,29.856186636682942,21.131681913020554,-3.0427569723164263,4.4720055994299255,-8.200005041715354,4.944967302965366,-0.7071864075045529,23.450593602968905,-12.754557201229023,31.5366921354085
539,98.41523373203424,104.97384617032732,65.3789841607469,40.04579545279557,43.74639832830522,41.006059373712894,10.60136171430243,25.343303814455734,7.00663534438418,20.654876303109592,42.8307484931848,31.163558610863802,1.6175587592079346,39.058120109318025
540,33.950334285544834,49.21895310921239,47.54019955845316,27.657530977694265,11.138575190622632,13.9905193411938,-7.223988195775967,7.070212151492532,-7.039352277273039,5.022321591159171,14.352173676878698,17.526938963482827,-15.64248596122722,30.846689830102104
541,44.62070738020403,37.28280918678348,37.313841952591424,24.920882055247937,25.652023292080635,14.4481377471602,9.08566647549008,31.459470286006944,4.232535038511277,7.662125445895888,56.98396946826788,48.46748182807667,-10.236068050625764,17.281032960848453
542,6.849151737484434,-3.9508205003532253,7.271861729098546,3.366429197732657,22.778641139800527,-0.6434447895495425,8.037296236880374,20.278621836409705,-6.733269354789033,6.378505182476581,32.545659045618564,26.688129852230972,-33.85437696692733,-8.216378120708914
543,-52.019440361452254,-72.07556221377286,-65.04222087640622,-50.19949181618861,-1.0567782071956802,-42.224480623246805,3.848551756559396,-2.527384643770475,-24.9878872204286,-12.574292158966797,35.52954104755087,20.854500541620812,-44.10520995750426,-34.62559592042484
544,-94.2280098747609,-125.98036937569759,-77.51310892683236,-87.50040993065441,-18.612472722785263,-68.76574664388009,0.9007383971819719,-30.26264750079765,-39.48507279897436,-15.858096209237615,-6.603231063923758,-21.43520774895144,-59.40752648957447,-55.236372431480795
545,-188.80623543260054,-224.7103497672434,-112.74288217366204,-122.46701822068898,-78.21721436716541,-119.58372393896086,-27.715177636406754,-91.61749126140448,-50.95668684829286,-36.41996868973184,-73.644389720214,-55.824945803451364,-91.76928708592017,-78.66664667823864
546,-188.58462492301794,-226.3630150349024,-128.7266103863674,-143.68105445569867,-103.44539814675183,-130.20674578995983,-54.293801788795044,-94.02825189354988,-50.6307788478672,-30.721765167507705,-101.30279736601737,-69.02463950179113,-102.00657839028878,-92.99505756948203
547,-177.4652620142977,-198.45755644009932,-98.7640452809971,-113.48098199529962,-106.3692040419719,-128.3847375829127,-63.400418090990165,-98.43751014393165,-40.472752182798914,-12.147760832939868,-108.01209047912991,-86.83412353118226,-81.5074349829058,-77.17535966268309
548,-182.8599596290533,-193.255419243168,-98.9621579149679,-109.49799787218669,-122.44450837733805,-136.93501430386405,-82.36489711486624,-97.85871275870835,-43.30400609209274,-10.574987466390699,-130.18065289231052,-77.82182956444767,-90.76524734096597,-75.01254296917134
549,-115.75987367711325,-134.1487712032874,-49.83419907485611,-73.37852753556407,-111.03214146291079,-101.08431897169771,-81.16115570678924,-93.86699259025843,-38.79627549123268,-7.425320445266098,-92.4615000814281,-83.07672277154005,-71.19484488097348,-48.35733393379207
550,-71.45547287760714,-74.49424897451767,-28.404627320132988,-27.905016206508797,-79.17750469349126,-74.8740913285769,-60.669170605482954,-64.55177591084274,-27.841894318170546,-16.640414560207617,-83.9058436334617,-88.9503407933697,-48.06230657752178,-34.200286133485925
551,-66.2236209541532,-73.22988992760999,-2.0534256161385454,-12.339967931385504,-58.51632639944301,-57.800011603778835,-54.59444063807514,-61.30349213373957,-22.29561315495599,-4.068328827819273,-45.296831217167686,-48.0522623542803,-24.049692404181087,-15.808691890211433
552,-54.22836206800852,-63.10964903445234,-18.371573944169025,-17.967149396924434,-62.26996161862013,-65.61650255593575,-75.1903934634544,-73.5048000158046,-16.295593513756902,0.11414447559571528,-57.608565980255946,-75.09837053925156,-32.62821977637853,-38.12523882170254
553,-42.4853107712277,-53.00358398193302,14.60908005148889,14.126128729358985,-57.22279961890595,-62.54808327825375,-49.192315994193805,-49.43510023074396,-28.446387337672892,-3.227814087774801,-47.69474813297873,-67.24104195776884,-19.64703211956207,-30.045371477503966
554,10.700510994547583,19.058326011773506,51.379388612226016,35.757411479781695,-47.20607235585186,-35.528320615120705,-21.182589241168532,-16.602432173494794,-2.1667215440462955,4.425250476970756,-18.85201018150248,-41.96675052756764,-5.816929982522017,-3.963109746500062
555,57.79266840139238,74.60640573721534,75.24971022087095,58.65315415808395,-18.12797377450167,2.638310636161143,-1.5021311844057934,1.6261718554400375,12.744811869988121,11.24849343342432,-4.790612407321502,-42.166852713541005,22.65857162712519,0.37535475849072886
556,27.974165079084557,30.48678656391523,37.85630350405602,28.38642976187711,-39.80489859521099,-31.57157873361651,-18.97832263249082,-15.063366777738555,8.153094979715208,4.9590973151217455,-9.886304962762178,-28.396952333722105,29.137064283824028,6.197438982287239
557,57.29628631940732,57.18572574934822,-0.6111378111130379,-2.7662198552707613,-33.32074949212198,-36.9491166234191,-45.56340489556397,-58.31121173376084,7.9642974925064065,1.967419180146242,-20.71742959612562,-56.06812783857072,4.950509889285841,-6.370747446798048
558,58.78874306868137,89.73042831441697,22.90230748795975,30.903424488247914,-20.02503269213753,-2.665471709939779,-33.78374533604141,-23.004664423443447,20.017910466397343,12.902258341904979,18.379692562907696,-26.434052484417286,27.581421780450526,29.82674141609973
559,29.808178112153485,56.98537911045463,14.922820751458865,28.37424455227943,-25.24322191377665,-7.866307085461709,-32.81177711894854,-35.96329644624629,15.702466189414453,9.050591592383947,7.797898130147489,0.9802135282525666,25.14528399149653,36.887935741921055
560,89.35387258706392,124.95464453233048,42.119638995651876,40.03995622478621,22.775984936265644,26.49928187655697,5.520342457123831,13.288292979422048,29.321939459924966,15.27027210701495,43.019974654991394,13.14674625922581,52.86433092410251,55.98993016662292
561,55.38079882579039,77.44154989620945,38.910370783966044,41.22919320674335,7.698110001714992,8.683295620210014,21.45886780358971,25.348393305210216,26.92244404791786,22.52817105748575,20.709837868361628,4.974245364024769,66.89271393547416,52.1693473737978
562,74.7542690500071,92.7362343823019,35.87265987926359,43.808353202940935,17.63687777113553,32.04781041374956,23.48459561901573,31.574604321150996,34.38852148965711,16.266514533025752,57.316535137237054,51.84337210064211,67.40507037382764,62.330450095003656
563,95.58572069588965,130.29103161524048,46.408601634203755,53.64833360913053,50.4335156272742,56.401227497688055,37.26051586566971,47.1444820494424,38.64710855930084,40.849698790669606,84.09078239471337,75.16045587984858,100.3060238610845,81.33844430102276
564,-19.2752114052804,-28.699609377489868,-30.275043124754006,-36.0205413895731,-0.30215839048323256,-0.7426495391725761,0.7256364926556803,-5.228398596301819,16.173549773201344,1.5283464570136038,47.021996326506965,57.42262176592559,65.94852052015305,43.86921715362408
565,-58.263564436959264,-59.738917537526824,-55.707981316478914,-47.26473961787556,-17.06497855409478,-8.618401618492035,-34.75324968608637,-48.15159612519727,18.30484713456945,15.965817316811442,23.391104832674518,46.039573993999355,42.72087665817193,32.80497928501877
566,-107.03795355406591,-101.88755889450927,-44.2816239659314,-45.29065590568153,-24.55304821223337,-24.36647018297644,-24.894181188634303,-40.066895467085885,8.376446057908488,6.12087217763775,-3.7245267150830896,29.3813931702394,38.38159310136348,34.32407379156052
567,-98.99764711364541,-98.6838465363321,-23.098190934581424,-29.026858797470048,-21.885368255425202,-18.306624212255972,-10.887535071984171,-18.912005422450054,13.184406898842624,-2.8044531315906065,2.763925510509859,39.38364349985891,36.15650174543245,28.29607594382775
568,-60.92986705777795,-53.80332428823984,-7.530727344380835,-20.37980445348369,-17.55535096815237,-13.138350575914146,-6.623025055173372,-22.68081740243958,14.602382878652,1.179681526719527,10.160589660148077,11.836234678162677,45.604575861490844,32.5680050104616
569,-88.89054624454603,-104.64955155836539,-15.511510597966868,-37.709273582936525,-40.165672369692686,-45.50126929290015,-17.71836543294032,-33.30571561105228,-2.8444437675309207,-3.6625495688393004,-21.22707395712262,-13.240500622901212,32.18346835035587,8.78940828044013
570,-62.0039360306943,-78.07586901779142,-39.84639174852558,-48.885971037005326,-39.813130707079196,-38.12561649716285,-38.95114923374713,-58.11317789274667,28.964412532798466,7.264268301359561,-12.203729727934794,-6.319108843368538,33.21701263985122,4.338409667630411
571,-20.958212889818963,-32.079041314759806,-46.88045286716982,-59.94553796167098,-30.258640160262377,-41.17895547598702,-40.95669708839127,-66.86697282071137,9.75498178923963,-12.023510036075425,-5.103150591713464,-33.59369224180621,25.31334813337822,5.284665714292151
572,-44.5305377730461,-64.79912672248132,-48.17706507363863,-74.86192766523116,-54.47831899206495,-62.73237644675303,-55.429023244955836,-75.25686639396564,-4.810146120021197,-13.067741783944726,-40.83435014594102,-38.081662006811136,5.7017231441153,-6.476854407013727
573,7.15476734383893,3.3476244878879893,-61.998790005044214,-83.78019222124078,-47.635925836216316,-68.35782562014454,-54.149052167453625,-84.60959722422996,-5.191706108269757,-9.626035994661763,-45.35017393011013,-34.93951202068046,-4.715475040741174,-14.946829642502196
574,35.23414500390033,34.32956853844891,-49.826708332090426,-67.56339642435644,-32.697654987376865,-51.24503273337627,-47.04863631955592,-72.43225230413074,6.757062119986838,-14.914023546974725,-56.50800959426941,-36.179201459831816,-9.547947380694419,-12.245328148501203
575,18.93509383962074,-0.14758353219852438,-50.72884719802753,-68.71340713936485,-33.771129671156515,-55.830908332657955,-38.91730382684311,-68.11910562019106,-12.351801373248142,2.9689622557389646,-28.989759808727257,-17.92931816722242,-22.43895128769578,-8.606811884812357
576,-7.039640429575558,-14.102716719167626,-56.73447075603476,-50.912593629055095,-33.366576087501294,-52.871479973449595,-44.61312412200779,-65.76074118310046,-17.249562800196383,-14.004347717115069,-45.29049878965194,-23.066561299246075,-42.11083238564652,-26.19250698824211
577,-1.6521055295766405,-6.602655248112526,-26.643448101021832,-32.5576375259572,-24.605660349866767,-39.34194266376727,-34.284454424131546,-54.932701227693244,-20.197642651410757,-13.163932631226958,-49.04520269021584,-34.142737778519255,-45.96835824415296,-29.056337694196632
578,-8.650305416830973,2.806294911972051,-27.393589866081005,-25.261182144959392,-9.912456036886883,-2.9672667180726386,2.2990103280907794,-16.93513047427247,-21.054636295823485,-18.82927473607875,-16.78641428725241,5.572296855721809,-30.596628986670105,-13.11068060377421
579,48.5507759641571,59.34573627947597,-25.565460281612868,-30.393366546164287,14.030235193670666,7.005204179035898,-8.10427266031715,-1.376504389737122,-6.5602316773312195,-15.858787351983425,-11.778096765888485,-10.147179923613912,-41.83642430980837,-22.89538475614609
580,56.513340043365474,60.974812775594046,-15.732194648630504,-10.698338318877637,7.038869039138655,23.882229553714797,3.6609777807025035,14.96073217214248,-2.315422098259408,-7.964680776390656,-1.8259387507286426,2.778025720002398,-20.881464160614353,-19.806864442460036
581,17.498069958434275,11.928735948259233,-27.295254236816508,-18.879821880067958,4.285849858671713,23.140406635798094,-6.803907576973062,-9.243947493364988,-2.907226713673721,-6.827415530253072,13.401534887251685,35.50586077587496,-1.116727107850959,-5.686712363711077
582,-8.752195436387394,-19.243979506683377,-65.53978265793835,-49.22705372009696,-10.36625467793477,2.878461654065494,-36.01640783978265,-50.19780363903455,14.338951775684862,-4.749158094680022,-0.4734686150382097,1.7573957272655565,-3.9281449613670514,-12.141063817342634
583,-50.55968235644719,-68.57580248463246,-51.14495139260966,-44.42328173357805,-32.871077475025835,-12.75595602195781,-28.484892355346517,-27.98149116135543,1.4873221755894643,8.730068428946574,-33.197935754523435,-0.3664561694170432,-17.21542265715834,-5.464881426508294
584,-28.843036804713076,-42.67127501112645,-63.330035741658634,-50.9854933596239,-40.44264695654951,-4.923861493275983,-32.16833622694221,-35.60218423967856,-15.922647208695961,-12.95791918207915,-13.843558456839405,26.61220293000938,-9.007218996673966,-4.911474689061807
585,16.556413685996176,-0.9065084957673628,-47.06586206507128,-62.695003780308184,-10.291470432687536,-3.8065900148705043,-6.4802376363452865,-3.0802451395048545,9.61481739429427,9.860242351549308,-5.53981367603067,33.12506218076255,6.423738357172464,9.55225061063404
586,14.05612266116888,2.8456347247076836,-38.112357334353376,-20.53368724142315,-20.087475356665674,1.5963435017274439,-17.18769432582868,-9.679914120987862,2.399206889972523,1.870123338280249,31.390660985066532,52.66862510926842,9.708236318912652,32.71175139200682
587,22.348148084339783,14.406082004330646,-21.121662055075213,-35.02611443691776,-1.8595058140171588,-1.3119963450000327,-18.06835290343583,-2.6419015214554333,1.7356339407068042,-4.314997661354117,26.927309886408857,34.44754965674559,9.543164345759708,29.357395658024714
588,-9.665877811390459,-18.642075784453965,-35.90421933623688,-41.97427216301893,-33.03114678001638,-36.36672025123291,-33.4701009679722,-34.041753532127586,9.71212363099035,-0.5977024424178636,-5.530507963585098,14.64908948467751,-0.22826418593908673,18.050443089369473
589,-4.142947797065318,1.5031007076684197,-24.82674829668895,-6.558815013407415,-12.94915543752757,-17.03916679899337,-20.214358627853642,2.3225138560696204,13.474314937041186,13.525227832242525,0.4718875910469177,14.25185473582814,-13.959999215122718,11.810120613591977
590,-1.0584554277201057,-4.074333545185704,-19.00866498727523,-33.12969644476802,-9.679451456732867,-16.099556836266462,-4.8978256567703085,20.004930254973946,-8.147219575766455,11.946232801711666,4.753598796546628,-3.3402111964417593,-21.66183509656341,-18.326965732184377
591,-7.42716279262463,-7.6880031530289505,-37.73204846846737,-50.872511535581374,-19.658869013749214,-23.421007155565537,-12.311615891291266,5.3499883688412195,-24.110442417635067,-3.5579107545120925,-15.166247939101613,-20.280293537208607,-41.60590200549309,-22.021365382906176
592,8.92311609307288,-1.460886195938696,-49.41623684449172,-67.2236245267018,-4.391677841256962,-25.25401978455909,-7.148513781120216,5.3168385272657686,-24.452096460417845,-18.141674951842212,4.487480356493915,-22.51213127763187,-28.840006592893356,-27.170451958022856
593,-61.68234711863147,-97.4669895083066,-72.02451451957187,-98.86464726627636,-33.73845926435339,-67.6267993080676,-18.93579810690324,-15.33721204682141,-24.038054703655945,-44.345937492577974,-31.670169843610157,-46.171375914208745,-49.4729726644645,-48.43500214208964
594,-114.85911327303981,-122.76296639718004,-120.30794754880378,-128.67586195953527,-55.438989545091815,-84.55821581072038,-41.095989012519674,-38.099987139492384,-24.63127100485693,-9.96516206208387,-22.985487272838427,-31.758047811962722,-36.035863358297,-45.75640865040901
595,-83.44044064797635,-89.92310194171056,-69.05028257851775,-88.90663187632691,-29.009812977233715,-72.97892619117904,-44.025887940200256,-58.487333900768576,-23.95400378487661,-6.750372639821212,-28.732953261091367,-20.216230992394127,-25.093337676159457,-10.327945306489513
596,-45.21053422854502,-52.32661833404268,-84.54462671998276,-102.05883772163692,-16.301268833403235,-60.52103203818371,-25.60157671654007,-45.818090290451536,-8.27064756656637,10.822546215451581,23.301679502306907,6.719418132008426,-3.880954069246525,1.630614584340398
597,-56.765063878257116,-74.49198125013885,-62.69969897529544,-93.53622160778531,-35.92891234688519,-79.27663959246725,-35.43305128368501,-54.031925242351505,-9.135747498849858,-17.723890537267316,5.189212218170756,-6.432566756346568,2.9669497964358547,-21.401629092644743
598,-94.77916290702927,-115.39300074062915,-81.61020351353544,-99.70745650429738,-74.44385246446069,-114.64605410627563,-42.57711532757303,-78.936220236104,-14.067769953537104,-27.226044186982687,0.43395748216732244,-16.947710133116324,-8.749501902271268,-35.87257157950176
599,-95.62372633767359,-105.30845772694893,-67.49862765281667,-95.00788621636403,-77.93437618112495,-113.3824922168337,-43.59037914918868,-74.55570837178865,-13.271694581644185,-34.32701500512968,-4.472040049565252,-30.67194974587251,-8.193702353921484,-36.97973831642776
600,-102.88794824491366,-108.59617796324216,-84.23786488657036,-97.73073718067917,-88.12452594427369,-108.79687684195824,-43.31737821766238,-71.39651695575357,-22.40803097880691,-28.90470089933207,-45.01683510833919,-42.472811158148005,-29.75858140171709,-56.25006258246224
601,-105.52682109823692,-106.5887212422741,-62.64088776251805,-99.5889948547144,-89.71549834392374,-95.52367592518424,-41.85904643742305,-74.786730855775,-25.634468372937423,-34.48038126280065,-51.45779491156866,-53.579126257427276,-43.306634759023204,-70.75533262157717
602,-111.26490459296171,-130.97998757966351,-88.42948318200519,-95.90331882132767,-102.02516263850882,-90.01389147068237,-70.06263960396345,-84.31523951007709,-42.4127834103963,-29.878169677437683,-77.38037972221925,-57.161409636133534,-71.99066258765994,-78.12231032750046
603,-111.44267455331125,-126.10917426804198,-86.78772520370404,-93.6669335403893,-93.49044244338151,-82.17212532973879,-71.74849120631976,-66.29652856285756,-42.149064751305794,-26.682677890009803,-90.98964482083188,-68.057640115777,-94.81297987209777,-81.71180247082239
604,-129.8563485443217,-135.6597628963223,-84.45057523202598,-102.24138386380235,-105.250780714974,-96.99515867317187,-82.11779918393405,-68.5985037897324,-28.353547132252817,-23.901729779767347,-114.60610865053366,-90.95312344132414,-107.4304882403606,-99.0219371918275
605,-113.59726150261896,-127.18592013734079,-94.1432291967837,-92.94405852989826,-96.27242708377025,-85.70577179250232,-74.59701473663688,-67.07508743187677,-56.56420816710962,-34.83946030931211,-98.35964500722545,-82.9138894826124,-98.69519566011847,-84.93392465379996
606,-133.2579632900898,-156.1888254798542,-76.48960790382942,-93.44847442996515,-99.86157939958031,-103.03713692907509,-70.81775051002661,-68.68577880751897,-46.990976924216575,-20.60403859598997,-102.00736646466687,-91.84923471865699,-108.12941132408486,-102.62546071202351
607,-125.11773415648713,-146.4524842016208,-56.29540574533868,-63.740172718700094,-90.35705693434316,-90.3892572363523,-51.79219222366953,-59.585129673303776,-27.85018462504608,-26.35954408013903,-102.99911977355474,-65.7677923255813,-83.29537270739696,-62.34410103382161
608,-113.13947659328812,-118.97760818970661,-31.491072617514735,-42.79693953374202,-74.19416502380822,-73.0197249354174,-58.552104626839245,-53.39145730231987,-26.503106056927223,-27.05348745163738,-82.506852096208,-67.67533691474016,-68.4912483473036,-56.980415462131845
609,-72.41305760432154,-68.85454916653295,4.573253679222248,-20.757807479383263,-68.0439033663527,-62.201135796764504,-28.40771400237287,-37.53609790939941,-24.107284117620598,-15.216815074184922,-53.82801077909932,-63.29537418073423,-50.24265676203149,-43.813143145725675
610,-18.550733635120604,-2.306078602505347,32.252142488572815,26.647322762260558,-23.034853521997455,-5.968618268562175,3.564550354538611,21.137469726764255,-8.166700267455463,-18.34684895350567,-10.94862001142301,-20.158382453100714,-15.867553336251262,-15.223763096876583
611,19.87754253993282,38.63881384143306,78.57421815222739,70.41415343800006,1.278923253424058,20.571339012980474,32.983963124151686,60.2793352516472,-5.571459918518284,-4.657880921080863,3.2597814389670265,-3.7713818779982793,6.750110533993677,0.7843331345068275
612,59.86805198430279,91.97470876145013,117.29960533065287,114.86302162033229,25.620886969185133,53.024193317454355,68.02130615861849,101.63868466911967,-12.025685482065748,-1.5024678771564428,36.91273930358129,20.597569644509683,27.33406184090038,24.893977736335398
613,103.88021241576467,131.79189641965357,133.9115780626049,125.58796058246057,66.74500416338904,95.73427816287428,86.9703501509777,115.9602173877817,15.820457733884538,-0.6735315695999851,86.8847933722424,72.7401224429851,49.74563047837502,57.0371105139388
614,148.49516221586308,205.43002570460652,152.46334459520742,161.02587649320694,100.9262718648082,127.86469089988114,104.80517877094587,154.58770026606317,18.95900724753957,7.392254546608397,113.22022513937046,90.04402415476547,73.7642115056658,75.94014723813972
615,142.9527056431025,202.3787976919332,161.5531606658668,161.67799233140218,107.49419876063935,137.5234309102136,110.69909572922327,145.04409863640757,29.734739538586965,23.60802402698299,109.5163653504935,99.27194977735638,78.81456048359868,84.23210423318574
616,160.6008868993178,231.93712583207855,166.73177367020335,177.9714750875831,126.5865192031174,151.5263403085335,117.9943692622721,167.73776491431582,32.80323536060086,19.148351961091652,142.40563426732587,125.60838224426786,86.62758295109617,85.60966202541248
617,241.3737721455464,295.96978371675044,172.6582583953361,188.95192850121876,166.33568304271472,187.24944969392052,120.64425981442162,161.04649139386154,33.72087765639851,11.195307621808617,140.67256242332314,121.09181414421882,100.22066811033292,96.57702355950205
618,214.3224443426622,262.55196027846205,154.6335107420938,170.5924017684735,149.62317802547113,178.01153041413116,115.92598588359458,153.14045566932234,30.110265104617763,20.272295513950663,152.15033307465242,129.87806640647457,102.87005436100407,104.81745941724415
619,195.25429782656386,234.06541162643697,149.78593665319835,165.7801842094762,144.42037992920538,176.3602260714174,107.77996198606317,125.49472084457031,23.23367984002603,6.129459617768614,137.79134263519563,102.69151690231621,89.61940967887345,74.01050459368204
620,248.64089321406507,284.21892376351406,179.46860078586747,202.23559246268235,169.53830207069268,199.32730472443296,141.29267007055697,160.73503558165362,24.00440650381547,21.863006392080266,151.06219712969573,122.20204877032818,111.30747322536249,89.90270221802253
621,232.37399695068837,256.471255770555,209.64996019581432,216.08279328637508,164.16847054133126,197.9175100808311,140.91192214533388,153.7029313878263,38.078422506853535,15.873461653979762,138.55733160669217,106.33209077358933,109.07336090496142,91.72802942243787
622,250.22878363166708,261.0359384277247,172.6606528799332,193.3747974902001,179.52021608153245,175.38862304770424,132.10763471015494,127.39488384561562,43.65827162102244,20.281667830956607,145.02152956181007,90.71940902668719,112.50934008475065,88.60920998205279
623,193.40311769972135,201.07955116783185,119.00837200053739,174.1361941813112,146.59926693725907,162.9833981760712,94.50675879546347,102.96229837787439,25.928573028990684,11.132726054443223,125.50893733065796,65.27500546377183,90.52443154931849,61.63876014175096
624,157.13202931152261,145.43807573686064,95.93382000042352,164.0366602728541,137.12903220488562,157.31610004846476,78.88638855408642,71.16926560160915,41.78630987495567,24.32887143795284,128.64583195511997,63.75939889826751,90.42412634611676,49.341669602773095
625,100.76026083303557,118.1951392944098,29.22748324405102,100.66874824980609,117.82190078205261,121.98527389105541,42.712101245395125,43.19931953384437,10.179411690282521,4.788479408665481,104.08332528525665,34.02623334622661,54.097103081129426,36.71206526515805
626,28.630079459842428,43.864395918055486,17.0373338015867,88.33307348575042,71.75372995815273,90.45781718407508,45.78365409191205,54.72853900434186,11.955200616787907,7.613501846718627,75.47022699119843,11.299002553801374,44.610017730739365,9.13711705934698
627,14.621416347990804,25.170387534587235,34.312979695961154,90.43138495027397,65.27546791243637,79.06368484630411,40.396481162830376,32.288373124471676,2.312679041396011,10.969348085350719,29.55405089096741,0.6107645633048963,35.08861596531211,14.648580485928038
628,2.4415439980658866,11.327366444740882,51.483830655411964,88.39924233298659,52.559745942382044,73.73107730960878,37.471738760671904,37.1468358874419,8.606561401748221,10.886905325669167,-2.9187336052305195,-23.295935945885603,23.870009845421382,17.260062002329377
629,0.35412035734228353,25.92203849504629,62.408775491802565,113.08198502936932,48.823935282553194,84.77886567599035,46.40361057419238,62.217266613373226,5.962376547558947,10.146153855033715,2.444045649718396,-7.552238263525226,37.75625875921015,27.251358670707166
630,54.94995882755314,47.505250732189616,86.20052528545763,116.90622532810369,54.208173800789666,88.28137742383664,61.18685795170285,71.21953392364438,3.6618349602050935,13.676600018313856,33.20036197073749,9.93414250023891,40.92209156117636,38.17325811024346
631,48.551163564355065,43.044415552507985,65.34555317057497,110.92344654445164,58.31952431907569,81.77160863557913,48.967468666038414,58.65544658355159,26.326102455186348,13.444836015418602,23.171911557273546,18.94804918444746,34.4587004961962,27.797498155328597
632,21.416651538556525,-7.7955762201930945,34.835361399657224,54.959966366475385,34.61534488468039,58.05774172351262,26.93561656811753,8.054712487824236,15.038291680765203,4.310730877311081,22.10583021421307,44.07222614450982,13.734633158958484,6.2035676004655524
633,5.511226534438661,-40.41822508159335,-10.620399304217573,8.497728954383453,7.660815804279019,22.65715339914349,-9.944189408161254,-0.012604694498385527,-4.336329343643123,-6.452323186252113,3.573045395220995,35.69991323551304,-16.22992688125669,-0.13668929685403955
634,-90.00406266426155,-136.9767441402982,-47.03859369977005,-29.858638996122355,-36.47099207096073,-20.117000765842096,-33.92497453098686,-29.217260590539333,-1.601794864868058,-7.841885976909798,-33.96321203759769,18.06907597432859,-50.297555244724364,-24.622095926671378
635,-137.8157260258795,-192.36764528775632,-33.73699315690915,-48.709558987068576,-56.64121665076932,-47.104771955460016,-48.49213269823178,-45.68479044402083,-9.897541778392629,-6.966442869161618,-55.9135063580955,14.693270844686785,-52.227459948494285,-34.688188085715346
636,-126.86186141516477,-161.5982091031288,-51.28127394890881,-48.47673530578149,-56.16452686019849,-61.62201197728151,-57.37274421690798,-39.905582246330496,-8.386239677310948,-5.975490459732208,-40.37322353962512,-9.810536687440772,-52.57893627147118,-33.81282082016853
637,-112.3513270906946,-131.27003121176648,-54.75251294566308,-47.32498714243446,-54.74771733571147,-74.4388985607934,-42.83456261054938,-57.19891612383632,-14.555542191411137,-4.676782565823778,-36.461742946641586,-10.830548619695849,-21.176835791907568,-25.06540893313634
638,-53.33531128976176,-71.47938725390982,-40.4465422852707,-52.3339332218329,-33.451082885876495,-54.002545601804776,-21.568024260712484,-18.066066924936337,2.7280348593765393,1.628829913924314,-15.861186469353525,-13.75870043744385,-12.969703924061005,-29.660568642255623
639,-14.95328345631998,-32.49082904378276,-30.799780260882812,-46.96861191529546,-15.76277465339994,-28.22324894351721,-7.997561391007231,18.62942299944372,7.118693151494068,1.184253183827174,-12.138571896837265,-8.868438789099738,-14.453803709929531,-26.207394625349945
640,-28.06852020282281,-59.00215470208172,-51.2518821533393,-38.985305770526644,-24.179296983466934,-28.33420548808076,-17.410979986200804,-2.698691425269294,11.313975619285598,12.987087408615244,14.169182961274535,7.147251889907088,-8.316671456892943,-22.428062828175133
641,-91.92782938284736,-104.73182305451914,-71.01568088616884,-83.45002973701999,-38.40081299279928,-47.47932705561721,-37.7219349350036,-21.092848928674375,-10.020189399827425,3.682314847632459,-53.740625954748054,-34.95459547135494,-42.93979373767711,-54.70332781905104
642,-98.34786768209412,-114.82526559744676,-38.05257172344776,-53.09978336245957,-32.523186359734375,-30.12831032735048,-7.808969038681397,8.538649449407142,-7.238052282545019,1.5035993303372743,-38.736686462854095,-4.068452524745132,-46.264851925894156,-44.293293403631026
643,-72.63878639724125,-86.96573820275464,-36.18784611353,-55.05260224420385,-20.078527560006265,-23.151827969719893,8.66167494133391,8.466746004884163,4.391293591438258,-2.6740353365365923,-60.39958614640088,-4.104042622692737,-45.9805194173979,-26.15894640726616
644,-51.53834578907003,-57.75825220716352,-13.394217150195045,-26.7135584938796,-7.217797558420498,-6.4953416083508175,20.232228316885063,30.97405594273536,-8.420733921259837,-3.819914159293385,-60.24258134202391,-9.044787399824092,-43.76736619785091,-45.28435034198682
645,-107.60281162086015,-105.18060410660999,-27.392262721459957,-42.45910356420264,-9.881691543991556,-34.719618149947166,6.249812351646014,-1.230659192488448,-18.071984177240555,-13.937338300270657,-53.9795115616363,-24.962821740357608,-51.687011611925044,-54.659067942363635
646,-98.44724387882388,-104.89622350836434,-45.893242896357926,-50.79067293946989,-32.9628080564551,-54.282992183814656,-7.8473183584357,-12.935333919438808,-17.333346339307685,-4.691847467189273,-91.79622954449556,-46.47281401270129,-47.88221062636217,-53.627594665810484
647,-69.89883300479583,-69.92294119343319,-30.11819541217717,-34.12864430985971,-1.2562603878254228,-33.95456156507072,2.8553311932965495,2.576844953049794,-19.702669181284516,-0.6592050237890462,-75.84090529711622,-56.875818775498566,-30.69179346235833,-40.284857754802545
648,-59.588282255573944,-74.61992055508117,5.725276588179894,-8.728780617210552,-2.1794165451660943,-29.839527403822757,22.265268445848143,4.794539521450156,-22.183924669814576,-0.0464073498287374,-51.28412612516243,-33.85152195802412,-26.895774310205823,-34.57619399905962
649,11.466935258043371,-4.193386526480687,13.727375460022644,1.4568965478296445,3.628905802192303,-14.09651123203282,13.960467112535454,-2.838372784316106,-6.500290865364516,-5.771618373813297,-28.73280179939577,-40.64770713844351,-8.989187208909298,-33.87375636619818
650,15.521389806122581,11.98844773876486,24.084239033597893,25.87008410277649,15.855546436222529,-2.05406790433297,35.805507049432535,22.896452352190728,-15.738867014690982,-4.409209071903565,-0.8252987752245939,-34.783288210942274,2.0375716778395576,-21.707697408472836
651,26.287759609478783,-1.7114378990075603,23.19143105433839,26.144460456276956,15.976371594040302,-1.5193154072383785,26.583334807888466,14.975332190519689,-11.856111071924033,-7.18569612539122,15.295619070721841,-13.351560215334807,6.497200115941957,-7.7023901249180335
652,80.4541421864237,55.04964924724281,41.274201273983174,-0.6905604201233624,14.699965819453269,-1.2505999810694755,35.6832458792545,9.807500694650152,11.105419188572276,17.04169332767806,23.5180412820678,-18.302227157801198,20.889325781486413,10.332912756659406
653,169.85566465373455,147.55686705759942,92.32921575265813,94.52256922992295,80.038144528825,102.89813973472131,73.14761175841747,95.33469130740941,21.07074138926441,18.028624838648504,74.66970872800154,34.08735839516001,54.90719789463128,38.4869939101992
654,103.15866545600754,79.09382214236628,83.271277794265,67.94517641276087,65.98586131094777,66.7850248672444,56.21899851916519,53.89197740938143,20.061758103887712,2.774701842018983,50.10995014022419,12.912453808478595,39.924950472803815,14.196141749796817
655,139.8279686801592,118.22074637352826,105.31733327925531,100.41000843496026,77.9377412361669,78.66168935126926,77.17049078359345,63.52120619223082,19.895662418566374,24.156690642798523,50.19376696001366,29.803061278795255,44.31869416638558,31.437636476864455
656,188.69054074682685,189.17929828052218,122.02993523825172,134.16938604606767,104.89651841932894,136.6527092730636,110.68633993650265,119.00735676743582,27.530185404605117,12.586678976400437,90.59838317868241,65.23413264247144,62.77372141462214,53.069597743706396
657,192.41237297418965,177.30788626947793,148.36566898424988,168.48989964870566,129.02598068080917,152.6786632238835,126.92266191572219,138.6191336506262,28.323466830265904,9.458342779472806,84.40147617867748,74.83995574652221,75.48065471365528,48.60409227948644
658,189.0523966865661,181.79405911320688,133.64465507132712,167.53715443015128,144.3549890500696,148.79076188043797,140.72135194668513,154.37955802311362,47.14793842816795,15.45645890282442,121.31788282571543,132.4104186157524,85.6663448179627,67.72051055777887
659,165.7114195274298,151.1360801326096,59.916804980432126,94.40755990616435,105.42321724601615,95.68812382789034,102.45369069491606,88.62820758402287,37.49263540222413,-2.7241917539858775,73.12160339255864,65.63347300604507,65.07892515886842,26.237011301106694
660,178.12812291950377,156.6670777235333,54.98894142625904,94.96591456443672,107.11231025351904,101.58500606790399,64.98206445247709,53.3751152969085,42.487786240261414,29.951415605319973,26.823475079128126,43.09085451385121,50.759671225299755,24.59348029888715
661,52.143565021100436,31.58515973412538,-63.19060847499353,-20.9802475421156,27.572765812428294,5.07242793584846,-28.450917355051104,-47.77676693652852,6.07591013214276,0.3205914046576561,-51.135165608978724,-14.34922659652137,-28.126872733164017,-27.843608277722414
662,-21.252570897094163,-15.543699513821714,-69.9760696311317,-43.1966572584071,-5.417253845674404,-10.468980181603348,-62.689725177139,-68.19836696705605,-9.45574537778228,13.97590698813325,-91.10036730702032,-50.67450571627485,-48.131021025666804,-44.130499481261936
663,-53.169358168086625,-39.56679885550125,-67.38850123839218,-71.98620809200725,-33.72604749937497,-34.726629395484686,-67.65414287180764,-84.92843162900468,-18.85177505371688,-25.275577015941458,-109.85572574657606,-83.56688937940135,-62.4058199625726,-32.376326049941504
664,-93.8706076215019,-65.49289346264742,-75.30474022877232,-89.9027039325677,-69.47096178177289,-74.3280663648201,-63.462831941313894,-87.13734741508928,-34.26657588215528,-13.158432600503343,-96.77015536398497,-55.485150634198284,-66.79758647700177,-41.53255572827398
665,-69.12555805180328,-45.46712813052015,-118.39471976544286,-121.55839466168393,-80.11049970127907,-89.84205456223842,-99.06690157936926,-105.12991511206046,-40.72367212600674,-1.1530450334025364,-82.08252932151015,-76.75098598987081,-63.1853029464512,-30.98265923583391
666,-96.66521852499353,-85.67552628378262,-93.63401300421332,-102.89148835304448,-85.70622029529734,-79.72527631726346,-90.76298749907569,-91.22882101712777,-18.79451975880162,-5.937064794095111,-79.01234204187381,-64.52903411992745,-57.95253304503422,-29.587740785765973
667,-63.86827011898304,-52.19365893978319,-75.44509290455802,-65.42579502411587,-65.75838014698884,-59.29958866080444,-73.38018887523786,-60.7799366493692,-5.844299782414542,2.816015779917329,-58.029154571517594,-25.337196778996105,-26.875625647542698,-3.8279000589072236
668,-12.535227952724743,-4.192870575986726,-80.63918300221084,-61.56368454127802,-37.80915602743098,-38.43109328985795,-75.86876158089919,-68.64120211614886,-6.834311497927236,12.40887420391265,-60.010085926177865,-36.94991246673922,-11.28314287146379,12.151037843174192
669,-19.52320103153713,-8.082025460618235,-21.07991453907562,-34.37345246363878,-9.738115979064421,-17.871616542018508,-19.454792962237804,-5.951790173298916,-9.56905472945006,5.5795650050354135,-17.02303671258465,-13.632863495683837,-4.585869154925029,15.841834805544737
670,-30.70222434920315,-20.079483026981066,-30.712869620826456,-30.75039332011624,-35.60054139501896,-30.490928936343966,-49.17953814373931,-28.913452407631723,-11.784587328729152,-4.128819465897482,-55.4562687107529,-15.439768281799953,-23.785318876200964,10.043282001512553
671,30.251899963938058,31.66242290098598,-4.096045621131128,13.425836516861134,-6.788233204709856,-5.957716136813857,-21.6118361273621,-3.9092372167571883,-7.460265574331484,8.429797936491479,-69.1145482118499,-6.983556065976947,-14.183984073485039,10.619801243114246
672,8.729780761895872,-4.41490289956269,35.31829653544117,25.723039271818852,-10.619324814937865,-24.607902775667903,14.878084037553563,28.231716519636727,-13.088497778736544,-9.087668764635753,-29.998111618651063,10.271893386833433,-13.855502261632791,-3.8738627675783377
673,13.522820889264409,-5.83487943956235,33.38200066889784,36.29633299215655,-11.191551856153582,-21.771702553937683,22.79667295671613,21.65911938830238,7.5777469158442825,9.548906100457945,-22.78582428367151,15.705242297695463,-12.5856606189443,-0.7431757557218135
674,57.121862076971105,68.32197357448595,60.43312872185359,41.735845294911655,23.47065981517952,20.24464515987415,28.003372158422504,30.261262800728666,-6.180545660562138,18.009193930319768,-7.67470319618612,0.965261505214869,1.431019942728356,2.6782478420823255
675,84.10371976581447,96.10387466171026,96.43254904121176,72.08377973268054,43.01533827853242,25.39992515992185,55.86765461803931,54.70672247471632,4.819880333236351,3.799490008130001,26.178894343781433,6.254276855224175,27.245099927529562,23.989642472916227
676,128.17669872500014,146.6872629779003,131.8703340065936,108.36706017539574,54.70444212594483,55.24469000394162,74.57819507217093,84.43226357722398,-0.6954047231212878,17.484549873144736,59.79815538722372,41.08295885686342,45.01244288304565,32.45495075224999
677,163.91566228322336,202.90878590896867,138.8759138301971,120.47568133705494,69.97003209365386,73.38205847684263,92.18619723916434,108.6070441215139,9.911719755799771,0.44380374634807307,103.71014185759519,44.74665657251776,53.99335621106131,43.735314883244
678,142.3713707459911,168.71324253478062,110.41057846500213,99.42446641832193,39.29548943011918,57.110917082715666,66.9294898958961,84.82378760418626,11.945439197428579,10.235468266748896,85.55369151734281,65.63172143543919,38.23805952829932,35.09652829433138
679,155.6386893498676,168.94961272434392,118.07849342329895,110.68121126293957,73.2168521412287,67.66184038831256,104.81716011906944,100.99755536467009,23.405761819102878,-2.6243706993812417,111.27648593206122,69.33282905254815,45.58678598797027,43.15991604233529
680,94.27051440869678,99.9001997994937,68.69213716248237,61.73019439009139,40.1891609526424,28.8417690438038,53.154018885498395,66.45808162325022,15.327409992287452,-4.3594903736861585,89.99300433629035,50.445588932605666,24.18386794279086,4.7795454831485396
681,77.18709405464168,60.52876433152112,-9.41401055519861,-10.058489001342126,38.92271690465146,-4.999107297433099,50.40789501924808,45.601303386786775,11.201526008306994,-3.570974323729113,88.17635960910181,63.12244208010538,11.31657675324386,-14.555313795300613
682,46.58648973946842,18.949689283207533,-49.681629436641224,-58.23521227057392,29.335950471494087,-16.11293590525728,25.02884568154744,11.769902838938526,0.6227055504260192,-10.069390436572494,59.62848595432183,54.711607127139985,-3.77514980663618,-5.1365973640448965
683,-64.19476536222182,-82.9014713453041,-113.40059743201265,-114.40724888922043,-31.847937120104362,-59.25162901263601,-24.670539957324365,-41.25326439608408,-11.003349860797128,-4.644817772522295,-5.408124013948747,21.371459546657523,-31.52297880093913,-19.322989162111774
684,-90.8594775751132,-119.72838460099558,-115.90168758537766,-126.37019391439577,-43.5430185567144,-74.69812808322662,-49.45955077621927,-82.28183324776606,-6.401044952826209,-4.99795951439911,-9.665816925606574,-2.3121619667265794,-31.78021909348668,-30.356309174854765
685,-143.4775529358625,-166.24423196734978,-121.73963957691085,-138.02389784640528,-88.99551138838295,-108.66885758982924,-68.42128660898307,-105.39083627749449,-41.2294973379335,-13.480539012363119,-53.84181239738013,-39.11474703263191,-55.84343518090921,-52.325995029402286
686,-147.48138815946413,-173.15865785497917,-114.49477334427566,-124.79255523093937,-102.86611353490082,-94.521875748504,-63.49063512754594,-78.07939806390529,-28.35180452311961,-13.725738661718552,-57.374156072048564,-35.744756313468116,-59.839526616581026,-52.14899634159701
687,-146.8617515370079,-171.83039650157428,-106.54631629925363,-114.31642276811898,-91.68563065585722,-87.30187264467365,-49.92839483859991,-54.408336347613314,-24.913345331787593,-18.354286616954923,-66.75900409870103,-49.2289143749799,-70.9484130575647,-60.13351148081876
688,-169.3923258478152,-185.3658482341121,-99.52989542675668,-110.04002376489191,-109.26241840674122,-77.06752842199361,-57.90802094545982,-54.81702201164531,-34.584106728508864,-17.126775376295775,-102.8738702890431,-48.05214107762408,-82.00702804998528,-62.700545739763555
689,-137.5965743390168,-164.3252320045345,-77.3593088585686,-92.79160658584262,-78.01498455469023,-47.25847065039482,-44.66603331228841,-42.093319461274085,-19.398428370754953,-20.1155599256225,-107.54949180504967,-62.920077217989515,-68.48517597804394,-68.58562633772947
690,-166.1843541314339,-189.78531596596574,-70.58839327025696,-102.07933537455925,-110.11773878814054,-65.52042536316186,-50.6584384927234,-35.19299978894372,-32.35759767216707,-19.930897274318745,-146.7309406147079,-71.44104478661524,-88.14638674021498,-75.9487162494702
691,-164.55223570305486,-191.75890613320132,-96.1960567823913,-111.29163053009759,-101.03000712868436,-65.43393025416277,-52.451339084619136,-37.003314772752745,-25.759511942400906,-5.564920542648673,-135.76697637509196,-39.205391339493325,-96.16043551873801,-70.54615446653226
692,-139.12065023626977,-152.35850986807316,-84.72833095407474,-94.86704367187251,-69.92357523663122,-55.09286237201922,-35.401227401192145,-32.13854223570815,-29.17824582454226,-20.533217309383218,-101.69516283792265,-30.390558603182846,-60.2073549965309,-50.46905631500204
693,-172.32394019534868,-205.26605245039204,-92.396258053564,-115.31757508572079,-100.51902921684238,-94.9799415449912,-61.66333835960178,-48.79149920801701,-35.34198753424112,-23.90786515757572,-105.57883062915195,-37.08475198839013,-80.96696715267535,-62.627159156882584
694,-123.4743385277252,-131.99902641255895,-71.93329078921727,-75.78066327280806,-73.57731415560201,-62.20284383867608,-44.33006284653086,-28.53571822605438,-38.25710764562092,-21.44706440061908,-81.69939855612338,-37.74848213251359,-59.66986026497352,-47.62916986760183
695,-78.46441391039025,-63.943060381606095,-6.866309741637422,-36.558278583716714,-46.28945715295472,-38.5133570997959,-29.08379402774134,-13.849678475168133,-15.45430871887443,-21.2200718394315,-79.88798091956834,-45.31021928800877,-43.32143663411357,-36.88430527512787
696,-76.19769486551549,-65.61205592481004,-4.33375188050189,-38.639680220726,-43.410454953707884,-41.580732046572926,-18.439613098775627,-8.026247381993208,-24.13773193272151,-9.66107344388062,-61.92963974485664,-26.06434499748734,-41.12933582628611,-17.90888339812517
697,-32.86327535521098,-21.060349004420697,10.881203589958604,-6.2560935746233515,-5.435190875860096,-16.535323731392726,-0.04439224046679259,24.180227695731098,-14.295166608741928,-3.460227623139593,-12.12113961224247,5.243784773653027,-23.199416482545697,4.977440966576409
698,66.79219629022428,104.94686740218592,100.77296619551002,91.46881330519722,36.2266901765937,60.890310145896606,59.19036711198938,84.63881263688617,-0.7873281408290468,12.016254969235693,54.140312159283916,42.76741774906961,24.180334979310125,33.00497147140432
699,-2.6461961946202095,11.810532854873077,10.955124987227633,-21.530589569709587,-14.355564548172083,-33.647920829035584,22.99191024016124,27.144618381657203,5.861694964938895,-14.26843206296997,24.460346881517715,26.88980455048526,1.1399896191176109,8.281196199324523
700,44.336213919373215,90.2722675906765,81.09467219293028,59.28008829368146,27.826426777373683,39.55290901032784,57.62788665998625,77.16257504461484,11.134557344823953,15.343763449727934,57.66394074506616,49.80723352450207,27.538335101089213,35.291441692956845
701,127.43206741133675,170.08252552279936,122.8181339254783,93.87510782935139,72.90280652441758,74.51638899550541,95.41921966064774,117.50339213046618,15.414522936043213,7.371478898865329,97.1836733741396,82.8917105564318,62.577405184768295,56.90492857353561
702,107.7839984439126,142.9056370858627,121.71653064345755,91.3581192464748,48.20343155971899,51.84224653835923,81.20633101746316,101.48712232907137,29.08825124905157,15.036404621956567,110.67662566932444,87.7514405063889,63.37581427709677,67.72986738262144
703,136.22570639071705,169.01064047120332,105.0740187834802,90.803666555077,53.12958502051058,63.249187522018985,61.437476210311324,84.15670503505335,41.006118427447824,10.843775855787058,110.52029496166088,102.49551693954542,81.99083654977592,80.02374340047585
704,173.5434770315906,205.3264015168647,57.308467657449775,57.893198267561154,69.97664786965488,73.02906654297196,34.10647422047109,38.749529127823436,37.912962172121674,35.79388028836583,109.72250631621498,96.31932244622702,93.75660925464545,87.80904237035229
705,122.51444726715535,126.0476222184819,-3.243622021062168,14.24811203741197,37.82751891289456,41.37531812157204,-17.68379621307881,-27.409371032799594,43.10079139148659,40.96140766843634,75.17655934795906,67.94383369682008,67.47705637969736,65.47592666872978
706,89.06534220982286,85.51626479853925,-59.680060769528744,-28.062003573944153,6.303704695558579,16.806582265785657,-46.34083566468985,-55.93624073632353,11.87673689622825,12.020649738085385,39.190976257117576,67.13867688204864,41.821968267095016,61.34902597134937
707,174.57240345357272,174.94721507767784,33.53360328559838,85.7356032545847,92.27964321686294,102.37302986611174,30.911104296804986,36.46175555161944,38.82845872504015,25.937742993853174,101.76832112017802,110.1283130633056,88.52090255412931,109.12234658341248
708,82.34903340894728,69.11508086801351,15.830003473151343,14.088673937693033,27.45347506523737,28.896346516268427,37.710694771607216,40.7105483086521,20.27007791790403,15.702124660524294,45.089377979526304,66.8967499250304,49.41448422842178,61.90820364652877
709,26.697894846628856,31.847048370919726,21.797177211781733,29.834879785225482,9.924680283043411,19.77910617609405,20.81376413931812,25.073845865626694,6.395500202894041,9.381922392155378,15.278299157339307,54.22429686036679,23.30388346855309,44.54210239011988
710,-68.36515884413359,-82.93155958110509,-33.11421870738357,-23.53350964823969,-18.042665368312456,-41.68353366275421,-17.063619687763627,-38.48643938883348,5.019955971417569,3.3935405848380036,14.103042033247794,6.2231740091549765,14.032456957421996,12.301769499996764
711,-68.48240732802118,-75.62027620558811,12.335215319297527,-23.64814797396082,-35.05275004496578,-47.07898623584705,-30.264413832231288,-42.208937120471894,7.4921179065581285,8.634626225539705,-24.359591866825795,-7.247568151569845,-7.781336038125849,5.145108621767559
712,-26.323629964096977,-51.62985471681213,-62.49759482704737,-56.12547530147146,-24.600690444584185,-30.138727380963083,-20.74365469074388,-42.64399306111616,-5.4609452682475395,-0.8190368453031094,-20.738736406618116,-33.068194512670416,-14.873049704276797,-11.7274552191004
713,68.26936104579413,61.78708914079215,60.74342087791846,48.938347558311165,43.717535782817734,56.56994529018594,36.78077454683945,58.67786701406252,10.18224725574263,22.321784208306628,24.49050323580179,46.16148022296658,19.890727062420865,41.79466030442119
714,75.898204171591,81.16689846081533,64.28927766457772,65.95363339851714,38.144378773336825,62.4784767391729,40.72569923371018,65.37778747863044,7.518635636857593,14.043536947550233,20.209316648356527,43.020060632015785,13.953491610858892,53.383048530812964
715,92.04227860958639,80.97746908651789,55.726029586317544,67.08158873124489,59.883346174149565,66.27285757198669,69.38720314722161,84.26100991951951,26.593377229723895,24.54347332247369,51.42939558435524,46.83649063335048,23.603886651958263,31.125817998887985
716,90.92897694060446,72.16521095870644,51.04883361037267,71.87632999397398,58.27214684191853,71.76122054287536,69.95814850165816,80.22899145810734,20.21128489838306,11.36362993794301,59.23861811491421,53.13298943944618,29.98017429477269,23.254598940837496
717,23.110842154374218,-1.8214015115395767,2.989741759636686,6.104137114114478,33.50384382070241,14.762773461348603,25.91285236890713,24.446644350957985,9.716204286918229,4.836836392358334,9.042359733866029,24.181878616701095,4.379515848224629,-4.045433463177215
718,-40.88672534201635,-73.11445242919434,-83.27856742934397,-61.66373417136007,-3.872558437307875,-18.259328646918696,-26.056524304712152,-41.219914755723636,19.708387575116905,2.6241689966839026,1.9525659356731464,2.097489056180814,-10.175749552955127,-30.216497030554912
719,-69.33557314330173,-106.98915549534962,-98.86701943377547,-76.96095022663523,8.373997175546691,-16.81749298448529,-46.53040841972615,-59.42425562710069,9.379727351726013,3.295150184017325,20.857961755125338,-6.50812943482631,-8.717073233209838,-31.60999126009523
720,-116.83955741530976,-136.05417580915656,-122.85905826250307,-100.71810422820609,-20.723520459960316,-40.56427668262037,-50.21411912435826,-81.76608080568998,3.2750596054141696,-7.171030647247859,0.9748324725418287,-15.369553491558,-13.0734429016854,-43.12878786210656
721,-161.92647562948707,-154.43953462791305,-108.77258193250394,-83.02764013516952,-47.23749352869861,-64.34319156915427,-56.318535255770556,-83.26248151285805,-1.53676928339111,-35.68259932519604,-17.359275532843274,-39.5658623938101,-13.578365156814332,-36.04418003174809
722,-191.723021111483,-185.53655832565175,-49.18214354103156,-40.293037564235256,-52.4820725381269,-70.60476423954039,-64.99817186352675,-99.29061323449548,-4.4715803560257905,-5.017996184945637,-41.998605362898495,-66.75942695775163,-0.17896464491432068,-23.253050245620095
723,-160.3249254952505,-159.26665085886577,-69.742999502756,-53.96056252126319,-65.26194190403638,-80.46518012729516,-40.19145172290388,-81.17853371241276,-8.57911731392747,-8.218486674553185,-70.63268795701697,-61.7861989798924,-1.0131876927108796,-18.237688260679224
724,-135.6746460699241,-154.25393316856844,-64.89521982293184,-75.41253678221362,-72.23540161221146,-87.54672286332287,-49.92099470752026,-79.8909791225029,-21.62560518115133,-13.018561636917449,-93.30685009296485,-73.76104696529403,-2.747024164635263,-29.100288628599802
725,-126.78529809939921,-151.35902466073122,-54.66825200366673,-70.18257461560309,-73.28006540024245,-98.23532385510327,-41.32151611667847,-68.25517400348505,-4.828691186682327,-5.309078537450151,-100.15562840214115,-67.81619413391849,12.67762345749843,-9.594649446463405
726,-171.73154875844318,-199.11576004325622,-110.48097302864569,-112.14142923243534,-104.49490797582577,-128.26903549794497,-77.15311121947684,-103.72763892383186,-4.953317925474561,-7.969784467577379,-130.92958783304334,-87.2024284973696,-20.065025711725948,-30.584685668786257
727,-187.92733182200817,-236.4983310959198,-124.21931850140295,-141.08570436753752,-106.56567981727473,-127.14442615786335,-106.27936471920103,-122.39612903737466,-11.626840326004222,0.3128662661887671,-137.5842349000759,-96.48085871482003,-28.311307093273896,-32.80441830434531
728,-184.6749674297774,-231.85274203735855,-118.48225900673327,-130.6137720521411,-94.54946120769637,-117.29565982019051,-114.90285119358023,-126.35746843692475,-14.922258688999278,-17.343168600682855,-113.63671714879003,-98.61044692299363,-35.08081570537131,-36.831003114220664
729,-201.02628678710823,-228.52924834787515,-79.9626356554992,-130.55872315506727,-102.81732726608479,-125.1188196062509,-116.56645494351723,-145.96995533370253,-27.55654986009878,-3.3909340242729744,-117.1348804902366,-115.35561021564064,-32.75547637446373,-32.89307302726677
730,-138.0084389698621,-164.5086277713501,-45.105097680646345,-92.08980307271781,-78.13869334008933,-92.83582907965659,-77.58119771330401,-84.04405352631944,-3.445386072677802,-13.21213306032586,-101.30024283222443,-86.87710617229611,-27.60487653390629,-28.50043010905696
731,-69.42115487248846,-84.760807407987,-28.86752383208139,-63.76365327731134,-56.18030325697497,-61.11602077320525,-32.23501125909514,-37.58693559638845,-14.899167555165375,-6.818369623976637,-63.28948562202839,-66.38465948800734,-24.101292079990444,-25.75243082904607
732,-94.76316728035063,-91.00661556921263,2.9303192647281677,-35.79932341823117,-47.66932501865054,-56.8314603590379,-34.8316516572666,-31.039585883048083,-4.680669316123269,-19.33066557312286,-67.50777208647139,-76.77512031265154,-35.87067449242001,-37.91659671512077
733,-31.07821090423094,-35.803381626286345,-14.752134803082305,-34.705529106669516,-28.229784364805063,-22.78905803290788,-19.177071149712287,-6.823735807242128,-9.689923032260948,-4.77749744768902,-42.814354399050124,-41.456103912960515,-33.82671374711802,-37.132636545160885
734,-20.025879513281605,-15.719719706373244,-40.03623356825716,-57.959449671439685,-15.467194985745618,-3.7352630951299632,-33.192679237995996,-24.633921947908323,-2.69826136519994,-15.893244288327367,-34.8877311312464,-45.017049413556705,-31.898033269833363,-32.65974826156078
735,-77.66754930635886,-85.27814676629826,-54.772761111167675,-75.82121724277555,-40.82087246643558,-25.2244446875667,-34.2031880000093,-17.409005485289107,-19.049018387806857,-18.12551584736034,-23.097684759784936,-23.548662074933254,-53.61127052862379,-44.46884060942995
736,-94.33361470984397,-87.6135365597574,-58.19469442762493,-60.78482551227559,-41.12295884074984,-20.579033326217914,-23.010936486394023,-7.337043646237959,-21.923515243958807,-18.990699706166765,-34.99752651251241,-11.621199877792595,-54.96965402233751,-60.14037985128264
737,-58.96639348914035,-51.73034451161427,-37.59459414981142,-32.183989102745734,-25.98744109026552,-12.137492791290557,-41.722063497755066,-35.33489365839284,-10.145206520315321,-10.25603230943798,-31.584030579655753,-22.278701357848483,-50.13855143981277,-42.73086413750437
738,-46.41923021023813,-36.77407744798914,-16.293337768733732,-9.712374022766435,-23.890427134253652,3.903405724357193,-21.522870390828853,-5.2830299072593405,-19.709944290343635,-8.625122866017497,-24.088847103910652,-16.991959302223968,-45.74596243899992,-27.65839708235256
739,-39.82911607187365,-26.13691007472397,7.308432264795666,3.63513985011799,-5.938181738291286,17.877740581604534,4.894630256125806,21.18851814539748,-3.3508704147552213,4.681173256608198,-15.194082357392261,-8.338611271258326,-42.87361574550489,-28.655108574070617
740,-17.35575172232818,-14.818654718584645,21.204392850486695,31.833973179118857,-11.83342549483021,15.112566079299015,0.3125506946383244,10.229760554374298,-17.504328904306217,-10.90218099088076,-28.29815974374422,-20.430794913294662,-30.47951428602358,-26.283398850848403
741,65.67013681947749,77.70904757841994,72.83163928212416,92.93681786143809,35.188336766541006,66.67539228076329,24.832401943355787,38.99598333809006,2.6748259457368455,16.56346498450902,16.464059936614802,2.39657555857649,1.670137016293201,5.997095853746827
742,47.56370588114402,36.87376979983845,63.92445578171948,74.2285175788346,20.899969814678524,44.949503199135506,20.13950428473362,28.868137339357254,4.526751671692437,4.739711878680483,18.317722884997565,11.127582592146126,2.6341791631531875,4.849308942719805
743,77.11881267806706,73.54579718573672,84.86667168075478,101.60568627653457,24.03401407887638,56.11878228817222,31.785217442184393,42.148732401779476,3.3565323922518964,3.7489246095184203,40.666524762198144,20.64210160125295,17.42353794205119,9.607575355466388
744,111.6590476541939,96.4456352029543,104.81960284036778,131.63778690520755,46.77576866329375,65.61154509937008,55.70643992311592,66.69479385945476,18.39290919751753,9.233779774430628,73.24242874158145,56.740654640267486,37.10752519871914,28.10056365111379
745,56.08565595853559,42.6136598561999,49.77179654624101,93.81449614206515,10.912772252221265,28.902308541552483,39.5623031927763,27.625007251574242,11.141554104771117,-6.416096606993221,65.0003984471507,43.66950777426253,20.41503798912093,-8.828368867336039
746,32.16943518178298,18.42417614900902,21.745539909873944,59.04253223084072,-0.7651516790318004,7.996191653936343,3.0673920228864424,-8.05497571760544,-3.8979235040131193,-6.82381430661585,49.927224533092236,30.88318396489731,8.817229192101472,-15.719322376084678
747,95.4721298071874,86.22260541573311,22.331219980055565,68.74114701934973,49.95276080800985,74.25223014874938,11.811367131521544,15.638495143585747,23.024726908287207,-5.674936231809065,95.33330428172891,50.136694016381625,43.593811713341296,23.71588761439623
748,12.43485018443701,12.974412167870604,-35.54854957953143,5.262783436017751,12.71625477477961,13.022686704671116,-24.57299519174694,-24.448047832814503,2.2206191727751015,-24.93818364502308,44.74595696218405,17.431961044351777,10.292568323989677,-3.284403481204262
749,32.93301066043819,49.79544937299657,-10.0076202934513,6.220749530878477,37.92311358109656,45.78704637484078,9.930239156033148,7.633013929951464,5.07040110892154,-7.063859886603035,53.290271801410256,30.892304629566397,20.03532057085662,-0.8062074943904439
750,63.04723206525254,81.12748999489757,8.910332464263265,28.182416968322915,37.37849399621979,45.65863193669994,29.450655267804642,18.281973029469608,-1.947102410884412,0.9295205064389229,63.1056568570826,28.052673861907675,27.668284246684173,7.449777320511203
751,26.125887081310886,60.869028338186915,-31.26690212292715,-0.7660903571280333,20.652159285555804,27.74120340406635,16.4476656433987,1.254152604341916,-14.610645953934714,-11.844713078450633,26.921929975873883,13.561974362324918,3.654043991412865,-18.48417705364969
752,17.219547775720248,65.17541017238568,-28.20046643473175,-15.114277708745306,-0.07320966014600017,30.54691598210679,-2.226798912804093,-0.2597242026031104,-3.174324473046783,-19.608029990663223,14.05922497316927,10.444687998545882,-7.363001031804476,-30.95399763925649
753,34.04042641491207,53.95109126673412,-64.92875898377945,-53.99454140623528,3.4846214474624464,4.940348955774481,-19.698142439002588,-25.771629939186994,-26.39131960438367,-22.52558680020921,-1.295910037265994,-20.610680227379813,-23.787407491770487,-30.162533733184638
754,92.55980684894263,120.31655861097877,-24.58554579887588,-19.949314788405587,35.497406253636804,29.096658384318044,5.182599448313973,21.661909297520868,2.9851238970526404,2.265816614736092,3.4899398616682813,-4.690112285328215,4.92807071395329,14.083327170491252
755,56.372759705711225,68.42528996134648,-27.626096326670602,-51.48028656850541,17.38762179344947,-9.347517993760873,6.997272921285117,13.678895750949938,-15.517047879258001,-7.492907656845462,-28.47306947212582,-29.505113568556332,-8.143715329021488,-13.59012805665853
756,59.27835081819116,77.7745049518767,-36.77117933323066,-44.60634420518714,6.5487014368530145,-8.80626381204658,9.074913271883629,38.34866754497561,-21.838245723935554,-1.13371418489536,-43.88331539699933,-22.22605775374917,-31.2290915983085,0.7859285951581166
757,60.38246186790213,75.68093954146417,-13.539499351881512,-34.39223195843546,15.637476786211927,-8.39562397081657,21.85547922059992,40.59055928598038,-16.793902407390423,-4.144139158735122,-39.23688147295481,-22.756937486809402,-16.5241092266602,-2.6030628116048358
758,25.70220828556393,33.681258872845454,-25.522579559694623,-45.08227476920493,-1.0505892834696962,-38.501801874507024,25.83034923370879,35.721708245138935,-18.484094057976833,-11.642115661270948,-48.53454722676329,-19.47196410629357,-33.22452115079854,-19.5665806479206
759,-32.59085879912509,-26.284835722564754,-46.807315836605504,-60.58492294634989,-35.275996076490074,-60.03777573427061,-5.999598972468147,0.2891626000506079,-12.085964618999933,-1.9938887692199216,-71.4944776702805,-31.875445715162996,-54.02224242135573,-44.99633891526555
760,5.766646465064766,17.985291872657488,-33.39414827173732,-38.23335618007882,-6.532964403055409,-15.578766963949558,-3.0861989800214586,-14.87449830756517,-19.9244470846272,8.259136439153652,-42.61252513697472,-0.04141227346700522,-45.246813925728134,-4.521238525106611
761,0.13236381684812237,21.382525395628033,-25.185755797169524,-38.2235299509694,4.297531016002876,-9.042344569593853,22.145308858138232,12.106656617334442,-16.16775027996752,0.621121663498875,-28.26321883568763,-13.412869404120977,-30.242312524761108,-15.170906090961994
762,-26.684290088404833,-6.033898258202341,-10.345050363798608,-21.909877064686857,-12.88995698825941,-14.0954404069891,1.0129055256164041,6.061605798373238,-22.652169214187868,-3.250743288814579,-54.19886891036266,-29.426614336374357,-25.81362074549876,-14.78600682090498
763,83.1474764533346,102.28355666570552,61.71326374651242,74.7049149764553,50.057596969441775,62.98453854084158,45.32108009827811,59.70991334122233,-22.086595282572926,31.705160091629168,12.777390673029982,-10.614903623149733,0.780721352500293,27.44056349001312
764,-20.830928615657758,-18.49632125493676,43.343940645331735,24.712727568332866,0.6654500375195785,-17.753948969201588,13.966401536793882,0.04176892661493135,-21.148802956710412,0.2419475570667058,-52.3896277363224,-47.730221486751525,-33.49565790025232,-13.446758615172921
765,17.21434565464259,28.913289916471975,83.15421762834349,80.05410970315532,21.47121180765208,24.509529468552667,45.21734321893447,69.98487192848172,-7.183048674095619,18.104659086609516,-30.72169857090534,-22.032837203358717,-12.467939175175376,10.500525682062756
766,49.92652593694249,68.37236192578766,110.95424840227201,99.84821748612052,43.928818275799046,47.294824779956286,56.52569988021485,97.73184276409219,-3.7373571868096604,11.535826975004746,9.14407860892238,6.822949833287355,2.0843801086715805,18.069727308891128
767,4.952842096817019,13.841782003313392,90.47021086622664,93.11197250703597,17.56109083525399,14.100619749083892,44.005760274851525,61.94537969322876,12.885640680344855,27.53985313709432,-1.699870579193083,5.308242538693178,10.056630242367715,6.065031208688814
768,3.2856076914622716,18.804207042063886,70.59566496025296,71.86404727277007,11.251592795087902,18.606213690643816,12.808406110919222,34.21285660100853,13.997370365122215,14.164645237250571,9.75933004305035,14.928807621696896,-3.908881716947021,4.046103448036049
769,18.20033418228727,30.471337471229724,14.138929239865703,35.96610271420533,6.84630129635045,17.96994926720191,-8.120747773232782,23.589804443847132,13.752102507721355,11.355964551584972,37.82058962787528,53.28899960188692,7.192399270527437,20.599152857930132
770,-1.7100954473624788,20.11455306015801,-24.05117375235182,-16.86905424390395,-7.726248973927154,-5.632903638333133,-25.186347370263416,-20.08946775525534,12.625864783649027,9.538473962376962,15.505399456253144,26.15042564288969,7.902950761619335,16.127320909747503
771,30.116538727407935,33.54831937369942,2.717863785624195,-35.30554015365692,6.988143442684893,-5.772032063536074,-4.06772600115752,-7.289483789956593,13.374044198789973,-4.952054046731988,50.59361533034619,41.684949086937905,27.610991704114976,36.802209310812195
772,23.759812212122895,30.035789948118698,5.358210359591706,-18.7083858059369,-4.947461966864633,-16.976948587316322,1.7650157044273205,-5.002886062418549,-1.6820551626603317,-5.280398777028131,48.92652190050289,36.0337573655674,26.038154639942473,21.59692744226058
773,38.670463996384086,52.406617706349124,10.6517655465894,-25.217125427033718,-6.066245540542529,-19.690818315288023,3.0445763352461026,1.1405932216526882,8.837791366178344,0.662135327892271,76.22774432914252,54.68359200369074,37.88320666137554,28.96627857630079
774,35.15075907196844,38.19427105074594,3.4474857758614768,-24.372348274105693,-6.063062640349505,-18.678221983284157,4.104134689463073,11.410987053524966,-6.092612616432546,-19.633029521530197,88.47313742325044,64.82965904557098,38.029055678939436,28.304429265996905
775,-33.37758864246769,-30.994101643515467,-27.821896139361424,-62.217356071757315,-46.004437277138386,-54.865513358174745,-32.921690197981796,-60.45361408573181,-2.676146771416363,-23.187263672415874,60.93882689341824,44.91508901004905,13.392448791964224,9.021516673218862
776,-83.61856391523278,-71.72251535792505,-51.047396329985844,-78.21451952268494,-67.44667954496249,-60.16652017435916,-63.56359662368768,-72.43755905528573,-21.39892345970509,-20.586964210056358,52.792808525903894,22.658252200505146,1.4965301749654134,8.705312817310253
777,-66.18280547655854,-70.26478909413176,-33.808347908247704,-52.135976231627104,-28.307895513518222,-32.126115811800126,-54.653514962325296,-72.77506926460622,-15.893345698783,-15.773251580507205,45.374725715776904,5.576424571982972,-3.907345404781038,6.277452145388244
778,-133.5234570272255,-145.5600403205778,-27.571411446753938,-62.50559339946292,-36.795685952516486,-60.82705512788092,-55.64044640792729,-92.67965123079789,-20.373144290658207,-13.06194699550793,-8.798108771750604,-23.619332468413365,-26.446468513104495,-3.5543324782744734
779,-107.06984716839071,-132.87508855561435,-34.42452323575302,-52.033404992120765,-31.122324873069832,-58.80966936282344,-40.12323755463708,-70.0612475626695,-20.540038494789066,-14.453658740926919,-43.63757074851378,-50.32979040198046,-24.367844526195483,-10.349866877591877
780,13.802233632430289,12.785811571557312,52.52750059189359,38.217520109514616,36.785832040702594,22.05866473537984,-5.059836095537444,-0.26578946302796425,0.6476897305650636,13.506062898784926,-20.433395015370053,-34.67819458631167,1.1733373104216047,22.192084460762945
781,-8.769238078638256,-46.459844084724566,32.88536555354763,2.5060700243323435,7.046329606621833,-29.993013881107053,-16.896074393272972,-36.30712315516369,-13.64651571642203,-23.955422162998133,-24.447383041454962,-43.0658422664526,-13.764547936627833,-9.846788096298456
782,-13.112571623201877,-43.39304534102545,43.62552421213707,24.32302707080219,5.128963399577493,-11.877789028487106,-12.279496105532289,-17.463544073425695,-20.9013643719501,-4.553266730617406,-78.10694641126467,-43.3559790693541,-22.67064195891177,-6.130214544066183
783,60.14955191298385,29.611090719434312,89.22653688927345,81.61968766781513,37.381962694048596,38.02191233271854,19.27299416738744,16.019197207290908,4.791820596186597,3.6700679025982987,-14.189425159837276,-19.55762018888818,24.22214313826118,33.99410262636323
784,79.57778167750098,52.62800998604399,96.39569368076273,103.43333848420615,43.318935504335926,49.21296238284998,4.041042605420833,24.444231292476854,-0.8935646097199132,0.48842385332227245,-7.884723299782298,-10.1840902967623,36.44503108967531,43.64569957329643
785,61.97884935284995,58.55322137358073,97.78763571053126,107.63696288458704,48.070560810426656,38.97231737486809,36.4382172806576,23.624697476323057,9.527737751107404,12.763735418830278,6.254377442638766,2.5585801848825005,38.61302117358802,38.13550422181736
786,83.99791136935545,80.92425557240487,119.27529921218125,114.73793219982775,44.443144511265984,47.981313167560266,54.65236994823114,44.14730133722852,7.288259289121592,10.443648185426554,-0.16653358230476645,-17.5492417088263,50.631010749421804,39.84815241850878
787,62.45765709052504,62.089087305723424,119.752404847567,123.55370659332557,32.345959804871704,33.91217093509313,48.41445143945757,48.04114273337598,16.15701174445525,10.578992562565528,-0.8781475517043199,-5.761245322434949,49.10537622857906,40.01080052331672
788,83.8593974868952,81.92950174350668,113.85745931488681,104.92375199428855,37.77253118022367,32.750512357558534,63.73261635524953,63.759477933286256,19.49545547197251,13.200412857268619,16.287738652144984,17.40792798062635,54.68130627330624,20.157583676999135
789,37.44019788736519,45.61848292652805,92.9548776385178,101.72781881346613,14.078027264645911,17.957308386155443,27.33121070509494,41.470070075852405,22.418679191568927,11.424587142304276,-0.3344311462712355,4.038144706347783,40.94899241286118,23.784821784594303
790,69.4122161163121,80.69036203379571,48.23210791826758,47.60654610475358,18.707802371408967,15.86630606096259,3.8373435981406963,-4.927473987455003,28.892248595567153,9.324444112995216,-20.111935125141198,-1.5541354265379212,42.23871131854192,32.24285661582213
791,7.748387869793975,5.337505035468677,-34.337881203384484,-10.122095951711712,1.2435902788935114,-7.430143067341114,-7.630217938345772,-23.999967426672402,19.722283036715456,13.048564916480387,-14.727046929546473,-2.1000025424110422,18.032028114999232,10.901199231542853
792,-17.55770840437698,-1.8240255838840627,-32.893056923341184,-23.285429307226654,-7.5437045939397125,-25.62169599385047,-0.7771152652006909,-16.619656226508905,32.30677967971849,10.864538210608226,-34.80143761319267,-2.6559081523014396,4.596721144364566,1.4758696303884093
793,-19.721520511554854,6.839649581391809,-17.667596975018043,-11.209274025156741,-13.990202296011216,-23.646226430502544,9.825272143261136,-10.288912297443371,17.651643309931853,7.500202942600488,-27.965394143392125,-11.314953098059199,-0.97174669911008,-13.510213011006478
794,10.370909249438862,38.02809355276647,-12.812607830362651,-23.470385451201054,-26.007987234795696,-22.006879089074353,6.356898546672667,-20.63652789732497,21.12015736597607,-6.731149527270032,-18.166737517487938,-3.2718887792429228,-11.520336505655361,-11.08762293052373
795,73.09714261669238,101.96310611937052,-15.18402490883001,-18.9021841130075,-1.202121452802829,14.560814916927447,1.8164144854915136,-0.026485884172122453,16.215082889489963,10.108291943757415,-5.461893141553228,17.304858910375415,0.729986005405438,10.60216107331818
796,36.99618304209182,48.481308166496795,-44.383640339542126,-55.61320277473878,-10.840537489856235,2.4854314298672415,-12.347451611653355,-9.866463671445768,3.632938093390362,-3.2920868980201847,32.94618274480246,13.3817654154874,-9.787223865246961,-5.199503002362262
797,-64.48735554015082,-51.93718246020241,-74.09594450712095,-86.33579224571744,-48.12380968027526,-39.63818742457302,-41.43756699287433,-52.94256065703771,-2.6445727431143653,5.778753740354281,-24.13363080699618,-1.8936470651557624,-24.887959726909386,-3.3769303190459663
798,-10.017851782425701,14.514567003516778,-17.08275306759556,-38.70640364327639,9.015160533021218,20.102971467398962,-9.880165584917213,-14.455370598793413,10.714660685438732,24.038583935910346,-0.012646941096367215,16.18559290059101,6.027274308205088,18.769332985885754
799,-91.82977458874387,-56.15880359388343,-36.10250343763194,-72.13727515017665,-28.995603968517578,-42.94706761702177,-27.416097848444682,-29.975057427460893,12.530199224604871,-19.682005357177292,-15.3263028526594,-15.743929339818173,-19.545983187501662,-22.362075827867308
800,-93.71355107364123,-55.54504646907059,-58.161343181224176,-75.51770844046689,-32.66330374643465,-40.6354211876036,-22.669914290959444,-17.656154705617144,-17.436303695705547,-1.8227937988592717,-29.285052004062003,-6.957706671142879,-26.61743438591259,-16.36773523406202
801,-38.95386655967353,-16.00704067051183,-6.7252754305073,-16.691727535904093,-7.573611155901708,-21.339247502497155,6.663020001027958,0.5660566080492841,7.7480508819785605,6.511181771362964,11.1094716415586,6.388213015320631,4.36087218956019,8.892245991941452
802,32.43419600046291,58.062062061447904,37.308953991364724,-3.0236318142410106,29.662080762874552,3.7928199403909777,45.087897086459186,50.12191501800255,17.06538408563295,17.554079439379006,35.11140824335851,27.867781113278355,27.05701170752627,21.539160100235957
803,56.105136830077484,95.18156505591837,48.181334156998226,15.742338275369523,32.24807996916793,12.763726236427074,69.82528774969299,72.50351109138562,23.94604424989895,15.326317845468374,51.3140491427585,29.048811360815346,24.027338398085288,23.069175470968723
804,50.6550095293999,62.25629734299772,32.157232779480935,30.36865153295571,19.763371245985052,9.31812598776253,60.11037482917011,74.15639713400319,15.978995525510726,16.305731864334774,45.23847148633084,19.105199304148435,5.9045358610359395,-2.4321646848553846
805,90.00575814617294,105.79229348107347,17.934800089499277,7.057202489105146,40.33622563210095,21.284346915685365,69.66495942256334,92.06050637770306,5.291920985335682,0.4099853491646324,90.21319610070631,45.521875930316014,10.606697827196447,-4.616526887186591
806,96.16339785654327,76.03118875794232,-1.6261972019518673,-8.480553152551908,29.915184561186596,31.6482907776911,70.91034399494075,81.64719635056647,-0.7381597573470676,4.6481108761409065,74.65181148282204,37.73039363932907,-0.27604160617875206,-14.168215050675284
807,-0.07393559552043251,-14.70588849910127,-45.711752864900156,-58.27957446113487,4.727457549519947,-15.365989042734645,33.963972305911014,20.62893969440642,-10.477011991934306,-15.329729733815924,44.82252235312244,11.410258506635785,-34.086317548044846,-51.73585719614453
808,-59.79983692806151,-85.13881262278373,-119.18817682822946,-114.22243797539235,-39.857575716805044,-43.555298014171385,-23.398312292149516,-31.59996600585734,-29.118880833243406,-15.385663515450425,-3.8566794251330467,-15.038005049023582,-61.202250257077466,-57.67185609011315
809,-105.37202423875664,-124.44510271479766,-84.81924426754738,-81.92964777010584,-24.55757073922529,-46.53251332306086,-9.60871726026014,-24.385603142087426,-28.782201867629635,-16.87090791911656,-27.893170997631604,-19.298868310806334,-55.6080386467574,-54.31351623213102
810,-129.92884708860007,-149.26840266172897,-77.40966560922845,-66.8565795951267,-25.32116534593865,-41.60443458204526,-5.841400102742237,-9.475354739878632,-17.583262710843723,-18.412841136466156,-55.2219955643999,-11.294726129535432,-49.33440152151487,-29.501422144913537
811,-116.12944198032606,-132.02145344411758,-31.813342828786855,-31.932271350049565,-26.25010989710891,-22.23867226455615,-13.15467000416774,-7.653528541697328,-21.926559795650434,-17.444136743653015,-38.17189587880764,-10.39964093513182,-21.788285999008615,-14.59765557630166
812,-123.82963617704988,-129.4560019874063,-20.945991944415052,-39.71543492681285,-26.111031011833315,-34.52405844317117,-11.948301800029464,-22.206654728959634,-12.70915116256496,-16.722021378175548,-61.350574557008905,-27.24342290345608,-33.15683484392469,-41.41228155532751
813,-129.6500730611532,-113.13785466691613,-37.20255011676163,-38.02480921675079,-39.1615967854975,-40.15731544171661,-12.845846189385213,-14.773178871569536,-19.756264676302,-6.053045364551996,-56.0596412251887,-22.053084262624715,-39.969639745809005,-53.44136862270127
814,-126.36588533321866,-106.01616221995991,-48.239734860073156,-57.917607852893994,-44.53875303774142,-53.46485751594451,-20.163120572315197,-18.77698223894791,-30.80933470229876,-12.806566202472878,-40.80464395321984,-24.039754868749426,-40.134030072271344,-40.890779636097285
815,-55.15814059116014,-43.48536994198993,-27.46176762467128,-35.216832007020706,-13.242598768823422,-8.64717348691238,5.884401569283949,15.640890637098295,-23.056828955062063,-9.359396993229954,-21.42326578015392,1.8493848264816668,-24.751112321978916,-26.883245909294736
816,-31.801590074088836,-15.728284501707876,17.933243549340236,12.089083463083178,6.57923945037011,-6.013924036046899,44.118692831387094,36.911887872555226,0.7744852323694132,-13.675388442124717,2.5268883584265254,14.821151373852498,-11.140704696745612,-28.312642859616734
817,-40.95687331435085,-27.025239366541626,37.64370652994619,28.152378628043238,-11.12953875956168,-15.284670062032413,43.48145120228222,59.74578407328137,-1.574227640330842,1.2094830880911367,3.84747952320018,16.864570079126505,-0.5610942056166567,-2.71247263184221
818,40.91246904970782,67.6304102960517,98.16165612421236,98.68510084515975,49.26455013921573,68.77161889748673,67.74380644575874,101.67985102467782,22.080062325420794,20.082696309074827,23.557295893191963,43.65410219944167,43.75275288191289,41.986211523621435
819,11.697169804895434,15.090128466779293,46.08760984092084,25.801416557610736,-1.2167551578157805,4.4901644416747635,34.06012081052472,30.70183866915757,1.9854018936153144,2.774879338987137,15.188542985920957,23.423630281748316,14.539145789925941,13.828021743895453
820,26.911316499990907,40.551282292010534,59.00707566087979,23.135068843279868,31.405535149266143,11.581384881474387,67.54795165548286,61.02371550433438,0.17585781120937347,-13.085515651943961,42.267178895945385,1.7148296565112746,24.327395742828035,18.77522854832841
821,74.89911834615789,90.30969088022036,89.67894976339772,76.14115091677378,56.761148320892914,46.479845408263365,76.67122323949353,97.75662208364562,31.087830283711497,19.0787841162945,64.09660123908164,44.496764483124515,72.71131305914702,65.92931222376666
822,89.17529652530187,93.54803249009619,77.86191837904104,96.92606413068467,32.78631084927805,54.429909698487045,45.16991332491603,51.87794928356688,16.97876683242376,35.13276614795815,59.96249195248617,72.48685242189731,57.20770863765972,87.14874422216786
823,131.1042016702699,166.50069508251187,120.38108210110128,149.30109127996744,42.82248456585131,80.24044530574847,74.56590798629792,107.84583742496758,16.97398323518013,31.94090641122507,46.26717581996191,86.17837441340667,54.14690862252965,78.54336026607919
824,99.66846368135735,148.1059002197138,174.6802024421203,186.2536917551195,40.047855494312095,81.81234612832486,82.7727084624011,102.43564754536779,34.05144163557362,26.80950738756807,40.555591369155415,81.46309698747687,60.14890094185984,86.70617753131323
825,176.53250622794965,214.0412078581773,149.2242919685774,186.68502009527535,96.71498807380343,130.43759786687815,118.72998035534316,155.56668942221268,31.560030094923693,25.946257891499965,124.28032863684902,158.84992455473207,83.96306678612927,98.12073026013968
826,69.57186229298344,98.72885071344521,57.03803525382032,101.10498186054262,25.821333068599454,46.91484085303548,22.17899976003426,34.216398484212455,16.228185212690942,7.184167446448477,2.3847446754630575,23.483803409102734,29.438659837526732,28.92090525425866
827,50.299801868337084,59.53617538718649,-25.832005773963658,8.708490244901084,11.149821758230242,12.529367865718042,-2.0836955817081604,-9.625506888965926,3.8052960019652082,-7.598753175144411,0.5704534747414569,18.84686379516452,9.141327766189722,10.357242131863357
828,-12.613423801525304,-28.135097362552102,-88.93084704876055,-63.114312593058585,-20.534426775647297,-34.06586843712983,-23.767154526588183,-46.86070415187224,-14.196173129373669,-16.5418197528831,-18.748619618020196,-8.243616049413946,-25.304130570376007,-14.981517557734396
829,-63.282310309491876,-82.42094461142347,-113.33877542079864,-97.54812614923773,-26.013740463602115,-53.05424037677177,-36.83792579252248,-68.21251484337812,-18.542571684897148,-12.580121654887627,-42.45851805912968,-37.44183141146445,-46.20516962961622,-35.39169211666127
830,-77.57046702018164,-96.58640501644267,-128.48116117868167,-119.42468444929102,-23.604812121752623,-49.48417346488103,-67.01816593757049,-76.39705933204257,-39.06169269250124,-25.24054107208549,-60.66183562399758,-59.25408357046505,-51.36205754839937,-45.372994371703065
831,-99.32194972035596,-96.88352751135214,-122.05959944566841,-97.37505863872889,-38.14598514080484,-52.032952437590176,-85.61420660499837,-86.21411011099615,-25.555189550527725,-25.241538736541038,-58.17302848271549,-61.13451382334301,-48.72279229135544,-38.69780144226516
832,-97.61073761306727,-127.80391604382932,-122.57541543917688,-106.83248438358083,-65.66541508031854,-71.65095014793756,-88.73367396834496,-125.03692882458897,-24.136729564423206,-6.294595518020187,-81.60859052713484,-85.44295097959201,-56.29000325615801,-64.93531767605369
833,-74.12379451721338,-102.36004958970894,-95.1950835450923,-105.97920051408171,-58.109915594802764,-70.40710892259649,-101.14295251994554,-128.20723837130066,-12.80940135695925,-7.956945555582974,-77.98454129358859,-108.65442846564892,-55.236019199497484,-71.38560527692644
834,-71.15769547426011,-103.09293906833658,-101.7896660278421,-83.94211641147835,-72.79963876572992,-70.44649668412431,-110.02331879481359,-131.06019327573304,-24.919130111777008,-20.88301849192853,-96.12426078826506,-133.162861728588,-70.49674748924079,-88.76993082060498
835,-82.97823626944614,-92.38891416983454,-88.66299773459258,-83.47657778891173,-75.3255602112489,-76.4676683639969,-96.7143690944399,-132.60463077387797,-34.11597759581432,-29.669688161281776,-132.8815059603388,-151.79876549760166,-82.68122118610601,-102.24486223178637
836,-52.54690101641097,-65.94605031973053,-41.89223199955929,-43.71663926325283,-53.44650099155761,-67.73364482405724,-62.64616810351997,-79.81995851615869,-24.93498954251346,-4.1039638328464045,-119.9607609868489,-142.44813792699117,-79.72701383421743,-101.36829831843589
837,-76.82927526447381,-74.49458864994213,-45.691529135933614,-50.61242736606917,-60.64521688120924,-78.28065962633971,-73.83492155416562,-82.02129791838377,-29.62077200757305,-37.14279846407248,-102.4481280935181,-137.77536132556602,-63.83406006518986,-96.57242441116686
838,-68.7755951147646,-84.21789755336037,-47.666063355073355,-50.39096571645572,-58.76769247287796,-76.10688456683498,-70.47434124883195,-80.42387632999404,-29.350333864565386,-21.596869837646498,-83.10727507725407,-113.30403076937772,-45.57681899579863,-91.33105476367042
839,-72.25362844985075,-96.41811959516524,-57.464264553641726,-74.57090556325825,-66.44198290237723,-78.74545124800609,-71.72236981727865,-91.45425998573413,-21.868613114733563,-8.82784107128292,-60.65661452177025,-89.40404830531867,-37.236303488886776,-58.70554296302082
840,-75.52505150833063,-106.82417088164968,-49.35703178621183,-72.55551031602975,-48.76491033623101,-74.49692603768027,-83.06613900737804,-80.89985466250293,-19.434284252323422,-18.69409273332755,-68.14262056749101,-77.98664451228065,-42.75671880276761,-45.77456158427247
841,-76.55403892075655,-117.22531965862377,-27.475305763035227,-50.35134723050436,-36.65610975619899,-64.79698743959202,-69.85254944787869,-67.52877438589829,-2.9797256400674836,-16.664998480316612,-60.62493188272077,-69.87777984930159,-37.99709221211961,-45.81973365271951
842,-49.00318687907514,-86.58717327207752,-21.106922141702444,-35.8807741627403,-24.432710139508007,-36.071859762639235,-59.58563305669711,-68.0954394800176,2.7595680063008214,-13.596599533118768,-40.372193616574656,-60.67644424810558,-34.677394889122255,-36.03308652553713
843,-33.33042293877756,-60.096197177396746,15.992409844767934,-0.6501254612943751,-9.302070949107762,-13.344763237021235,-18.462451394866655,-22.530790973829447,1.3607877029702504,-0.8046062318519756,-41.42375985084975,-44.09560576952376,-31.630785349332903,-37.80741318006465
844,-5.031597664915535,-29.7610204401267,10.81928291065512,6.927001460290116,-10.332941800505077,-5.37425121781194,-4.567271955759191,-9.11314288110638,10.898187175725775,8.834840771779035,-16.33322020404739,-26.388153944794695,-15.773126269891726,-30.376005076150367
845,71.58464330988106,37.28726540542651,16.23607170156014,36.71406654500586,26.522860802741892,59.91216611803974,9.555976073442688,2.206822765871846,31.097421485802045,15.438897070492505,32.07337341897776,41.57967239250873,18.21693338155362,4.321390473011362
846,51.83708613048948,31.95848598022614,13.325514760107913,42.38908248382616,22.070300729255347,57.83785113968723,3.0350170652491184,4.846270263210964,22.635171971067138,1.7267307277341066,51.697745150848995,30.008965173689237,10.279436873693871,-3.0267274632933354
847,9.041980931936193,-11.908404721594906,-8.092437997090832,33.53795413145489,0.8842758016777492,43.53679253956983,-18.97275620693321,4.481109616729202,9.390272681270206,-4.1837958933525385,36.18448429805055,26.61898352936317,-10.368541973679989,4.304334408019046
848,16.735577920039518,1.1798340289225542,12.16947462376006,31.133873011713582,15.186801048326796,49.26202499319381,-6.306832163824396,13.077013467088179,25.19587554106498,-2.762242539918799,66.1748479789164,22.364775092002965,19.944391480483638,1.276592702281594
849,41.28657919372477,28.560215858968803,17.657110918522722,47.82208869935786,37.47283174480412,85.71639610657472,29.70034510290794,37.79495618896895,32.329300780178414,-0.29228848336059654,73.9236666167984,52.73420155993337,44.94642919741288,26.951534332470114
850,110.17474840116117,98.97567176660053,56.64637908408961,86.00339734245988,87.61302665733159,120.70346287365217,65.43376593027521,96.10091603121944,32.325546670375935,8.99132336043459,133.32950559707768,91.3791918356744,73.66792646989254,63.85225466652594
851,41.88699442777621,45.51799867525689,38.00621785255072,71.05245923892664,45.59607433716555,78.10343321524952,11.097653274503273,40.94843260120125,19.46641598348861,11.342131081433934,50.10145003354847,14.955970543911532,40.33667308983241,31.310082217533
852,74.45870266759208,95.7684534224765,48.52442804345736,79.53462741386662,74.1570908297,87.87962558865347,68.8583246437419,86.96990100350949,20.526362104959574,-13.487659697121341,106.89764544976443,33.48651201704216,43.46583307352715,38.72216200267021
853,115.10509739304263,137.97729629660512,79.1633286247251,102.53072078215013,93.22067387495545,124.73244361119963,97.03238115970821,132.6414703941251,4.42320556504088,17.07047880022026,111.30570762774325,66.84698088941131,47.090208847571866,47.79010822435807
854,68.8110608250393,94.31490818318775,81.7621336212624,100.18827266819277,66.99499062263385,98.21968690012058,79.15992251332474,97.62848609205182,20.795595475747707,1.3532516284220772,62.78903076615897,29.392029056504043,29.590146329062843,19.849284971743376
855,-52.11770707709301,-48.199616989625255,-34.00595073208061,-32.829173961653595,-43.722484388921984,-38.86991329003293,-16.872480592833877,-29.100421818328563,-9.821068145143137,-3.623257292179235,-62.796937876347116,-43.10730295099714,-41.71946572960285,-46.89839110361549
856,33.35800614151557,31.540776521356896,16.391855540093733,18.499887121440953,36.932319147416614,46.943909264278666,27.658353029329565,32.7432577959704,-0.3407681989506339,-4.354162462557731,50.18009571645354,12.633204214674192,4.232937339317175,-4.5670229533674975
857,-24.565775166544025,-20.877466916060833,-23.94812593176363,0.38847365325261674,14.087248239420326,21.809282501560155,-13.231577695954035,-1.3016728774899327,-5.642493803715593,0.6380223246287481,6.548448185064386,5.230280744638666,-22.016134587006068,-18.06775234559406
858,-27.561794799488016,-25.285451103296356,-31.99708341237971,-14.475921946704744,8.433874866964885,1.1570947531703948,0.9218366903716667,-7.269225478066566,3.338379097486373,-10.728098863752257,29.60358488624201,-7.093341312974697,-7.47608441342637,-28.77922458531979
859,-97.51279238282652,-81.3331612243798,-26.199610295483836,-19.466155144344423,-26.99147858767666,-40.95510951032875,-3.9210922750418162,-26.437993699632795,-14.14702204943413,-8.921960096805496,3.5320059121060665,-4.94453904041745,-21.130234223083455,-17.113012741689175
860,-85.57436211703379,-76.62280620531328,-14.87659388437793,-40.79979896784373,-23.605308234139585,-53.572689162363325,-12.788906911743712,-19.47733403870444,-24.026610854085735,-42.96400978540908,16.05434201816895,-9.328092975054894,-13.686971661081941,-25.345979681441133
861,-103.93293260517214,-112.01765650011343,-74.21287658956537,-79.95700832027222,-46.71474030904242,-64.17287877048962,-47.184295284382,-56.01461923810215,-6.134397482093093,-17.619290352613763,31.88973385692224,0.1752570811990937,-3.7740214176972033,-13.130992672078031
862,-87.73262781300893,-80.61053210923144,-53.49681013037621,-60.48445043345631,-56.06803232926,-66.80885511911738,-37.69643840157219,-56.50200694180761,-14.872132391085273,-31.07672269323598,31.75856158943975,-25.154000408398254,6.929912918648616,-21.0920132521992
863,-67.7839881017986,-60.442080715196276,-50.1982349740964,-64.93846985088032,-50.023830621459915,-76.32867678506268,-47.18948181582986,-52.75988920197748,-26.582305097348637,-12.93521413595454,27.431014342167373,-24.881625505139255,7.576806750277031,-0.7428785325275833
864,3.5153178786467247,1.6416798008214128,0.3141865613106016,-13.995635601461181,-24.172885123104198,-39.752266914804316,-12.692315771375148,-12.793299867382634,-27.846130409040356,-7.265700521337654,48.20202848638476,2.3954599809585506,27.52916901391793,22.543185253499363
865,17.45494065416982,10.831636271605216,7.720873782943767,7.800166479076296,-21.23491688085614,-32.127162423730894,-1.6812489555591859,8.583633924120171,-12.564750147532129,-0.696079388850344,44.1774595591689,-10.459408516465926,38.097903167588676,31.66033810429832
866,38.44834302977359,34.187788104944204,47.51618573439951,27.014778463349895,-7.322500999355981,-13.1448770672788,20.472069206627037,8.548117851152158,-11.493808312894883,2.311463063318315,51.500822945060705,19.691031577172,41.00083378773827,43.601578083815156
867,34.64063154217604,34.980420520665106,63.77646718508529,33.25153012614256,-3.3493459858817776,-30.025387233102467,25.30026577597331,21.532616225959355,0.33279851291024976,-6.54156684357488,33.8698296465441,14.530807675369012,28.07447026670255,29.710869040298174
868,65.19442331859214,58.15765482397295,63.52581348300967,17.10507827844636,-3.9361133175274405,-19.544742241650738,25.326921879038878,27.25838797631198,-8.387254871804569,7.8694704150223345,28.24447173408346,27.922766065306117,32.92896450917748,37.841760726293295
869,24.07695235471516,19.221239628144748,54.449941701606285,2.8370523624090827,-14.494148078001174,-53.668736058694115,14.38546027470793,3.5105451993981895,-9.792336998289551,-1.3726119920852904,-5.3165664106162005,3.32893209404736,21.093605340043332,21.915457078037235
870,47.198598666088415,33.221242345001194,17.034745688089046,-22.22383250831723,-28.46684554990915,-61.85034794116645,-32.659166391082096,-27.007139087370508,1.35849703799221,-0.34206798148759665,-51.90485935883608,-30.456428423625766,1.179636767278403,9.798296169012842
871,43.9503111555987,42.96985346829579,-7.556233322373779,-24.679066839628824,-21.65327898952093,-33.592381447521966,-12.688128578841136,-18.625461005301343,1.7482931952515066,15.840196651902248,-53.84260127340675,-17.122599130459555,17.00048517361131,32.43930772109217
872,66.54347569739444,57.40289870567489,-9.52132596388701,-37.13111027125489,-22.39309054872765,-39.68392017179177,-18.85806556975598,-20.77730890216092,7.631481087781115,18.58270978964535,-60.2342435782747,-19.325348049817418,-5.760379874661241,11.43374967412666
873,57.13390980346139,60.275136799793486,6.826017440528974,-31.323255384416296,-6.27321367751062,-17.127322641395644,1.0678656993438467,6.806795019658351,-7.760066240562037,16.888876917374176,-103.24931645999709,-48.69474666648638,-14.50235187473452,-5.331236420536138
874,89.97642523583959,106.40368388085764,46.29260845045957,36.05454947944523,36.25747884939938,36.891524062729225,39.76378260917237,61.234134271708434,16.00713970892787,31.02714326683234,-57.264371665468346,-29.415808546292073,22.04486363859981,15.426606696010323
875,72.16052862560392,59.28390885553095,43.10526957973193,9.111060595684965,13.73647000174238,5.815197792192608,27.18577416219792,29.769061226661677,4.5069856963177,9.626992068839641,-80.50390683640668,-34.455910025347386,-8.534035810111558,4.753022218503438
876,102.78496755692824,96.28205568879152,-13.653792753391473,-31.010891856489092,-0.2588678469757113,4.2154324110453,-7.246052870024294,14.024929644460494,-1.386783389650823,19.358555739825768,-93.51892241633368,-58.81362965722384,-36.17773011645799,-18.91662258533186
877,128.52324920915964,136.00758798894697,38.46348486284291,20.38086330270709,45.85437470131981,56.71172972850623,52.58901920973542,67.37683184040179,14.398329611299856,15.870014385219848,-34.63052507037643,-14.962199148693019,5.656122045132146,9.804462077533058
878,146.57427988869284,162.05541783607262,78.60422799941098,60.88723948499876,44.47244872882389,67.45572508938652,63.56949552030911,86.18474962162117,29.112094163680798,16.38777901929763,-29.382015445734975,-4.123813247054626,17.43027063020335,18.474997210892813
879,175.0907056581385,185.4983494538925,103.80898727025179,99.10730987558838,86.03656153675027,111.10181219788566,110.02383229552535,149.12733785989008,10.397761066846213,24.63149813189601,26.447791574706063,33.49571131939226,23.076403764477554,26.831549464777414
880,211.21324518817704,234.31430905019894,103.98224350477471,127.14911658978716,116.88576580252294,168.16147711816103,145.13055407002335,181.76725740705214,36.21342220388972,34.8456126551242,92.12446085052582,98.19157981460813,65.95553989793433,69.94601279242265
881,112.22965317760699,136.32045626904448,55.54188699173824,56.21701976888697,58.44200117844229,64.2092897255,83.87815669367794,102.9266786926457,22.356242419227183,16.369342868260702,55.83134427306261,52.89108718039228,14.38345834883247,16.187270328346816
882,-9.900911572570475,4.814002315799614,2.395623566555369,1.1033403188875668,18.001558699081738,34.97280084951711,33.946181888246244,28.29440351144285,7.122294935553994,7.834276777081257,39.71609144969999,19.329033074716182,8.13436019640861,-6.972241682016238
883,42.77996141954375,53.08126159098917,2.3492179391022696,30.478053753323223,58.25041391833074,76.66612397669766,16.964801050889886,12.083402062780266,26.59728982142057,34.45780488948628,55.48762457794229,53.69296285090185,45.14875493104621,50.4718059540214
884,-52.457386555097145,-32.344111337290606,-67.38931672480247,-41.67553466356332,2.60458494240668,7.119747857579286,-41.51803939881254,-47.51564292547202,-5.513440454421083,3.3085777958783007,10.856918177959294,19.159732087068523,-10.667589144176038,8.974598526813383
885,-92.38137224017004,-85.63515643862846,-57.0667508924543,-17.842304385618316,16.650212795315902,28.87784062887664,6.771213150434799,-24.900156843569484,0.1300468416385622,-3.178666956876655,28.954064292570592,35.46249252896049,7.191011166923062,16.085119749078935
886,-112.70852689447938,-100.23245059174903,-52.773725852935826,-36.97216231360218,-4.039258660826388,-2.471554501668924,-8.406932532267387,-18.589844659645127,6.256042459139241,-9.495211090761991,14.365808054701562,3.2336550808470745,-20.754563497951633,-24.244197975189262
887,-142.6396468752497,-126.2702959636216,-35.195625608043954,-18.5026077590647,-12.72050152469228,-8.849086410390347,-12.479499575534092,-16.910366942135276,1.8989362815347626,-15.561779037621765,-17.308381916611516,13.907624401061971,-25.091953885408447,-35.63022302469233
888,-35.09225338142287,-40.14547544202943,-22.232959518142053,22.299868166876664,18.04195103982711,42.15329651495715,12.577636039970978,8.182146446994992,21.916585256773747,8.18886913435463,40.59462911699964,48.5617227764082,9.432358831206058,11.231396053928432
889,-58.02993587232584,-69.67159735887127,-45.04673158877176,5.7129122800114285,-4.112307092243118,14.709114399186342,-39.038796925807056,-34.917819511397134,7.200745076115058,-5.380708719876283,14.65954455195311,32.012565143309224,-13.335566098457914,-20.387558452794256
890,-100.25250934838925,-145.3023094722904,-48.515621948777834,-12.967680669208608,-4.586173825425691,-7.9889943649617035,-34.34183885484149,-42.10558268324409,2.8736011339756407,6.687777436389938,-18.11702552689453,-2.3409406616151816,-23.42011172258521,-29.255555081689135
891,-25.88060993993475,-58.66728372353257,-51.84132049331154,-3.107517777466967,4.638379954263123,15.683454915464296,-40.45444793573821,-52.09170284312736,-5.1489502538084695,6.597211375587582,11.853493112519047,8.596818406975494,4.1249990739315,-1.003708931868989
892,-47.86328667980174,-76.50750811868664,-30.342079961494147,-20.277127890485684,0.2878089916840255,-18.183914740912126,-56.36812033399152,-74.81031131682116,-12.316325919962352,-16.46618569193415,-4.139330060767991,-7.644531918912337,-17.600030742405643,-10.407268240344887
893,-39.31195152536396,-67.62554201451782,42.90987182929704,37.450010275118295,7.872323508308899,4.005642871690493,-7.007679784245686,-16.49048499751677,-22.092894634940592,-7.301168321841889,-2.0253958662648905,8.96438893945541,-14.627094605434296,-4.256217743602794
894,35.79695250585461,11.63085805660748,61.71067015644815,57.10786660301952,31.66817763534346,22.953673988971445,31.713174092157754,25.913321586658363,-8.214093453234872,-4.758584572583288,45.99993086167281,34.778993371743304,21.332904258468094,20.877653913134296
895,-23.45243690647719,-33.995784108894384,25.34135676886399,5.132741241665892,-7.627694549332842,-31.806955075391766,-15.093879792913379,-30.856458293885574,-12.483961843631477,-15.146519708996022,20.954544176186047,13.567578750297379,-7.343381273429821,-11.189254228401383
896,-89.38847762124972,-95.27375620842179,-15.138881120588323,-15.275708145361037,-48.947623732436256,-49.04834770535141,-51.19798498565943,-47.71607635764589,-0.9830984294513657,-13.265815372453533,-13.277872243462854,10.723271716398065,-7.481679963346009,3.8361286463871043
897,-1.316702628169406,20.49530598386279,-17.28754685887621,5.89065975786264,-27.812970435734947,-10.206383533708513,-37.90429945101783,-29.681080368283194,16.499801591614595,-2.0865626575379568,25.766450913812292,38.149859861254214,22.446667737687765,29.540003269720298
898,-3.4265169275430316,10.042854588331384,-36.47742311441528,-21.917919246159943,-35.51270046225402,-26.840681457503255,-48.102226120004616,-58.31635193541628,13.18142609621573,7.012569140917371,11.33884380983319,32.00671578472875,14.133269653984204,18.83820532969512
899,33.72597891999988,41.69956807364062,21.523571855895554,33.812028148300826,-12.221727965321444,9.697468421640854,-7.208301732167328,-4.042420054327404,4.981385950363868,11.131200945924348,60.59234904328527,38.97500979644714,24.82530395105758,59.41022741711834
900,58.81766394333407,48.05032032501107,-110.74883720052388,-112.16937886005404,12.456882411881551,5.964925975298042,-32.99638018473801,-27.38291634425334,-13.411905923862681,6.589875391540217,53.2713512089156,71.02423421232834,-56.8075805080383,-15.00129884761064
901,21.91552083927452,-5.81579159863864,-145.64543615858682,-149.36872012286855,-4.083020073483657,-19.565151932527677,-27.86364726524179,-61.45342833262811,-7.601356980194729,11.768820597856385,63.60789073014863,60.398153995949215,-47.49823705498282,-30.396762440051898
902,-15.538649762366711,-48.47687309429142,-151.00075736521342,-147.03952361237864,-23.70979715507053,-34.0629980942958,-32.11299492230951,-59.03323728745399,-11.669232274311703,-5.071645404802098,35.73753028681837,41.11981659683249,-40.61274241104014,-28.180597604502328
903,-18.210453495920866,-38.109494477622384,-119.65541006292744,-122.31278616335425,-14.163624410529088,-32.314078786138005,-29.608750362235977,-59.640405596368794,-7.522237157203705,-7.888681051175309,25.747648810311176,33.95002483710391,-54.3790176416854,-26.75572433011405
904,-10.714617528191747,-30.158296114724386,-167.96911837850908,-177.22623151693085,-46.81014483997373,-65.06738116614959,-67.7763375078168,-99.15709201655726,-8.161572457243489,-0.0706723890339267,11.9649714958001,29.96122514848811,-58.84712189820964,-32.32510000158035
905,-76.39098169028362,-108.79530223947809,-154.4163809963285,-167.92181796995092,-77.21331816288948,-106.18039129621476,-85.11163504618301,-111.44297059718058,-7.17982420720066,-1.4526067092184816,-49.09747694711724,-28.23361047261088,-71.02142605892114,-32.63549812880352
906,-70.9407704875216,-102.5412547227152,-158.46681035118175,-172.86337426330266,-114.51518434274426,-124.63697611044564,-100.03724158011468,-131.65608226961953,-8.73166223877713,7.503429428819585,-79.80195283278368,-25.186777595717846,-91.86580785927096,-49.906889754874285
907,-106.44326159299526,-147.95663330390298,-159.81794535157988,-178.33531745405224,-147.8462904211333,-154.9850244846316,-105.44382778320009,-130.64843553695252,-11.60212743085223,16.88048406518464,-116.89466651945767,-53.6358148755967,-92.61280296622408,-53.68609200675114
908,-126.25035225626718,-147.90526634313306,-181.22810456570377,-168.69222696513793,-166.65752947724633,-165.24535673784038,-120.34895946595137,-150.56528319584928,-24.9198805644712,-4.839462444547965,-152.49141438888245,-70.94059830489608,-118.3023296099604,-77.25166807066765
909,-103.48140979247049,-124.643999006484,-178.36634608881516,-160.63788955126319,-118.36661126949012,-131.0896675205815,-111.51731901904091,-137.07400218273307,-23.130639437147632,-18.479489456260993,-100.66920901033184,-65.8576845149349,-113.92504208868169,-74.20507281259995
910,-107.91483236532918,-139.937772260048,-155.23813766654484,-158.48461771149363,-107.65520769872504,-124.13035969240491,-99.54502376914711,-111.2140314751354,-14.263402479676344,-5.223939201648781,-85.78624201018718,-62.974906372642536,-91.49765263866576,-66.64930638164998
911,-151.84644525053446,-165.44979064708573,-141.46138342432147,-149.59578206495974,-123.69068252126344,-135.33498907928305,-100.42785975183804,-111.70683714067393,-15.497780970250256,-9.892049943215586,-111.10870273674348,-85.98094974908123,-101.00190370378348,-82.61315368134265
912,-116.58006030210046,-135.46263356901582,-127.27489208080489,-120.93074751018135,-95.65044623773838,-103.64857223951185,-84.52930506546265,-109.77392311442581,-10.537046370218691,-4.667341655080824,-93.9674369319609,-75.46563972157989,-85.07861758159183,-68.13065190399323
913,-181.47065965447277,-192.87781887173148,-129.71474680238012,-135.62229275107433,-132.70965620872778,-145.99158549128478,-99.19891783180228,-114.84164577365479,-1.8163485944619777,-3.623876011899469,-115.31451914395547,-102.7127691822857,-91.2510397411046,-81.74385171172366
914,-96.66095556647194,-93.32869055795616,-87.49138540521953,-91.38907574974886,-92.67677817625056,-88.6051989168176,-77.34357715910707,-76.85478477926699,-17.403032286355245,10.332773007423565,-75.39125374056694,-64.5266999760195,-57.15965855577742,-52.590889754467455
915,-67.88053042925907,-74.47074092256051,-90.94538956691709,-93.54966737883626,-88.88783739431732,-96.20077334791976,-81.19403656842924,-75.1909101254234,-14.042397779642643,-15.308101703003988,-74.8166276089517,-58.565393524270156,-65.03827295673139,-39.16001291856731
916,-42.74521798960971,-45.39183327925218,-79.0214599102945,-80.70336955958491,-70.83014195667333,-59.2696137147696,-56.04327889459072,-40.88096682079325,-6.562874544207297,-11.500261595071168,-53.8183154477713,-45.03234880485977,-51.93928060891251,-32.35159700237654
917,-5.57357549540571,1.3316383844441764,-68.24417161727162,-49.863525805229344,-40.74498431892004,-24.473086792901615,-51.3513173693166,-39.69053793453037,-10.028047477272729,-13.424609432686912,-48.49698553461353,-47.18118608938421,-68.86539731429008,-47.35272966082845
918,34.432161490907454,27.40878187232394,-93.00972756273548,-98.15219432893068,-22.05917251007149,-9.570987434009353,-49.28747716727254,-46.60001263934599,-6.786810536280846,4.755546465239349,-17.07943429939464,-2.8651373741538815,-44.74472991509015,-8.44471520119098
919,13.085528997241035,4.667417791399073,-49.659699524457714,-66.4796107711198,-11.101890111243037,-5.978101764389008,-7.728738176787049,-2.43505552976397,-7.333759950174975,7.400416589904767,12.685302424045254,-8.418382178931033,-5.104265925737999,-4.713356954635689
920,0.9549165286729138,14.25873332398774,-65.09603895058133,-76.31813157938107,-11.070707875686905,-6.125270519644602,-21.496283833616218,-11.684197744019045,-12.532364968712022,-0.39393793899560947,17.574698732187652,10.703434994842318,-13.219281562648998,-4.723027688674492
921,-27.0260120837347,-26.779313895369228,-59.002886307845706,-89.81531697817796,-16.53536414160802,-19.180856153416926,-11.92091872429532,-13.145434007900974,-6.885573622339902,4.277440185672399,34.17712784730314,36.27186947930582,7.781745596410769,18.058626462474578
922,-16.28380851581211,-34.323801273378706,-63.37730339769655,-62.43557043905555,-18.09482301361036,-6.324489496709306,-19.75531525376911,-19.221687779366935,4.258761760050171,-2.6424847087307755,29.846517607390993,28.011750924608354,-0.07050895846529855,8.724869420979156
923,-46.397718375951385,-63.53684567320986,-43.903852374000756,-56.38692184515581,-25.714008006276767,-9.985839515166125,17.659797538530317,-3.3695934928585074,1.9715084192247072,-16.03255708859653,34.50257894774372,28.240246084721623,13.680393109741761,8.814224253617107
924,-47.03847733790946,-61.259914331948266,-35.86330475515206,-30.69707615554736,-18.28026682926043,-14.558239473647275,11.674037223559752,0.5844803935136816,3.5031362486901276,-14.234184373410205,-20.160437592092872,0.5287442651048464,-6.647526494544906,-12.781862846323962
925,-51.60785712398597,-57.719908568883554,-3.032185552317934,4.097469980485087,-13.954092938314059,-6.586970807634253,22.6169542520753,6.345491027980161,-20.148263416738914,-15.137853897155207,-32.0932969727021,-21.332441950371393,3.305226579314653,-9.5633875305596
926,-30.260296044710444,-28.028336001007332,9.243535571834036,29.87102101653528,11.430274952554061,10.872069102828226,21.98525716116669,-5.287783975497235,-20.033807788807483,-16.153410135210564,-72.21596504938546,-58.975535140554044,-10.0510367873936,-22.094267573040195
927,-11.046403698258828,-6.882077400574843,48.91023689158396,70.8221987317887,18.067156933779934,31.62566865982823,33.4322782332104,26.69193991364686,-7.611469623181377,-5.857656917508786,-33.53067882061861,-37.84365406014316,8.221373512796657,-7.7898384072744875
928,23.479585209815543,34.20196053331794,70.88966602044324,104.41098587509549,33.01508680313044,49.81867049150772,44.109905810781115,46.808001959452724,1.524801538751915,-8.409668648034092,-11.170586103006837,-26.45607984659936,23.29556264315378,-3.8342427469082967
929,32.434133635487974,40.95705232598678,79.13521956289216,110.54014024416679,36.99937574455001,59.27012884637244,39.21025941108742,26.990061519708377,16.685555176487878,-4.44440643309917,14.419767554487855,-19.125002084429628,39.95262932644266,-3.9742978925460277
930,24.71736606014181,33.13621901807299,95.40391669121509,122.50048920342732,38.387067363787565,53.83445470733652,18.72578684040427,36.81354255148637,17.717341886647052,9.96472626930404,25.320125825504554,-30.077678847200858,38.31799004426163,-5.625408562946455
931,29.917540476946424,37.026195974414975,111.21549003605827,142.7215710694805,59.263344535823904,74.80263099509598,40.501301225014565,61.173768067863136,9.098755125911165,-15.054159937969638,38.56968107651401,2.7595905430260035,38.62167845462315,-2.522773500977626
932,17.78922336183288,30.62334204935882,116.19469757177781,152.15128284114144,42.03180976057849,66.71248873571835,28.697557563731785,65.58758458048715,19.98788768235285,14.038222283755747,51.17697341286156,5.931005377146339,49.625846454738806,11.184190123939178
933,17.13600096794683,26.379228740952833,153.63621123531513,176.72727127524192,75.40528762530414,69.68544141012815,51.29004348455481,84.0233276712788,8.64668784113158,10.003508019387564,45.095898332440726,-2.8786955756780475,36.299525744884356,4.967806546027045
934,32.83714704263111,49.53073721327475,153.6317190249212,165.113783013362,69.05807509529151,73.13785522809344,65.40197652265587,108.78860100099993,9.197874024036382,-5.3773432522169475,53.98531104634567,27.74324628715073,66.81557935464936,28.541225229679068
935,53.031479555553425,82.26359368590914,191.22350853912346,202.38294487317629,75.04417518917582,97.78908284148272,88.45180162743463,133.87883444043763,28.435507662963374,4.612768647406467,65.40437816464326,42.02604093692956,61.01589476278199,38.77515438398765
936,98.15613068865754,127.85287305663061,220.4850506753498,234.4511002048866,116.74368948628647,122.08875918641435,103.83385079324728,155.3333548212738,13.95262466267404,-7.084074127399997,88.24784111888704,58.644444217971945,73.23214612862283,59.20717303004522
937,68.49243350991648,100.63208647472331,205.4196640419465,218.78074215929078,90.13442174002492,106.25243143748112,79.30663521358949,141.64918546670197,12.186731702325796,16.327322507579453,56.43580923221982,40.96567268515758,60.863901875387036,55.72437789387982
938,142.12349926475449,165.83855977205553,246.26528794496986,251.89295358252124,123.50331459484768,134.6944287468439,114.5693446054428,156.2513855806545,17.422877638656775,22.921512212474962,93.40814854007085,79.6433708583312,80.87255614519951,94.62432308550483
939,124.25627756363896,151.0664098164397,200.34442748278084,233.74171015579915,104.80093227472902,123.6505271780919,83.54221325855576,116.00040758036721,18.278516711313383,2.647874359658214,81.13881877660558,65.35218557458872,93.95717323082984,89.00270903186707
940,167.57000555312902,183.2889144046375,181.21683870181036,212.76277892975045,106.48389881007282,123.15545503563332,86.22031568099722,108.71037571048964,11.91560773194729,6.49261123163387,118.80780204052832,103.80727920952492,103.76004287876755,104.61313192609913
941,154.99910130066593,180.95321299777856,142.9220425017082,170.69311141758322,93.21816048260771,123.50561908711009,70.6223581579309,67.06003692572268,11.362748311593611,15.76844775137377,147.15056540150687,108.79052148209855,116.66550092036931,101.50274771229279
942,178.0047374325071,189.6472655829654,136.2933755175064,155.12559134307085,96.2003204133654,104.59305467068691,87.21412246730574,62.988206388953316,-1.9440012627727032,5.938861470044085,160.19453211155582,116.07228744248096,103.34614673656107,91.38659596424677
943,99.61960067248111,117.56114930234975,102.80399444591588,112.74564184951568,67.7721612594305,87.6814593955943,75.00657330070035,47.24739017513948,10.247036419515778,4.160638423723413,159.19050378392342,117.43946848945237,96.73861546370996,91.50367502048817
944,58.64301589127581,81.38495355069952,87.57424429714631,95.19034225052849,62.86012915056274,65.41357218849562,50.35465216452152,29.079909764365745,-9.621022637554697,6.473728578849137,90.71650624918048,61.38875446404116,47.80515057026579,57.053552993663786
945,7.005977148152152,46.93328360678868,113.30041206108046,111.920025501548,55.576039700402056,48.224227350685894,77.93498154724544,47.90402882393073,1.179175864428731,-22.98333183646769,85.09216622991504,54.88445882518076,62.86274604558601,54.54128765702037
946,19.899340475306133,50.87207190728922,133.95169163652614,125.72343870835634,73.63954936245207,60.43689412863488,80.16485365423326,68.0107254067361,7.930525849482883,-6.051044935277873,68.63667399643288,43.854560883276356,61.613371515490286,53.63631997208086
947,-24.009643484250148,28.857969358172273,148.15751636164103,134.508250139484,69.34258416397799,64.9383715917859,74.42428964571975,81.56026235042833,9.796945350559255,19.152681076697224,38.40389647222162,19.547693189662905,41.487847811014824,44.663747100505354
948,60.13842852695835,87.90003942666738,161.76642486778218,168.96973699403972,92.66046485744408,95.24622531412676,108.88559664227033,112.56034542782508,16.505759382927984,-9.285396452853169,89.5999656990353,66.46381659621066,77.79092437297903,59.46248360601326
949,62.40456404476264,84.65776964992808,159.22113284548098,154.09446289808562,99.57124773175804,93.62724443308403,121.72667078630606,132.9065943950839,-1.6570243121168777,4.335267887768455,77.32758593162666,59.20719844084793,55.566197031063545,37.448407042950635
950,-8.270947787652936,-4.010757656835931,41.815468131681335,48.29553395943372,38.60849630163584,47.38434244365709,50.91334806751119,59.92019040147704,-4.597325898725195,-1.8846480071233274,7.1739006533124545,1.9554824557673234,-3.615180134786679,-12.313525727394431
951,-31.6541657474895,-41.4196074730605,19.522586054847036,13.721626081027553,29.53662380417739,18.68005012093854,42.20994545877105,32.34076593219259,-12.201135871504187,-8.70704890043229,-32.66964806823754,-31.687461983510033,-16.621474351253987,-44.77216656477779
952,-71.7706149700026,-90.36408371652459,-77.17665242706803,-74.23286885502007,-10.45024691955655,-24.459120034361668,16.910528074764837,2.8124882633109123,-13.475800149443018,-14.053057492127621,-51.13484471668854,-41.21778191468246,-29.33315789616449,-53.654691880377634
953,-62.30616291624577,-87.07649959338488,-97.73525976344355,-115.48006683476181,-33.25178063842341,-47.58941182629311,-14.003285467791557,-21.322496155675996,-9.024786118072901,-9.193938469471234,-70.97667890238142,-56.88215984320194,-38.224299659242405,-50.074713715820984
954,-92.27535766076367,-88.4205094707152,-83.69015001321416,-100.59678931251065,-37.349740094130006,-49.340561623549654,-3.407138976384993,-13.542759896440227,-21.33255374040183,-14.264905938696481,-68.01666481792932,-55.383949211072846,-28.06396565356713,-40.070231574830174
955,-55.91799270059241,-52.620073596162655,-69.8299327491191,-98.78486416866171,-43.936175221624275,-53.749011839242655,-18.636994401069465,-24.39458596721661,-7.111388533919757,-20.756481158487524,-65.80920911417464,-46.76371252097166,-21.250288778686134,-24.187740498952166
956,-86.95209758814596,-59.09651104213476,-59.08923603638015,-73.85292929350456,-53.32969705550706,-55.814240607744075,-37.84079748690452,-27.019040990165355,-8.63834692001398,-9.762785771350071,-77.07448494006725,-55.8551409595132,-16.328374118418814,-23.62980627403135
957,-5.507481655540423,6.861958839366837,-0.8852118665434444,-32.994011560938695,-26.872780968212435,-29.55617166248541,-27.37149764618422,-22.567574184153912,7.9041348375450236,-4.803006929562665,-50.92000445423761,-50.18794691540679,11.673259360181873,-3.8886643927822218
958,23.510836099612977,26.091235311880638,24.540825786926032,8.88152183663913,-5.8324466030179885,-5.684227399501256,-9.293383036606077,3.1043577910586566,25.482671748640797,20.422960400279898,-32.127109744696085,-38.585158711893804,26.89739090507823,8.113016826592274
959,3.0707437386772187,21.145604844680893,-5.541709263308441,-4.22048543368648,-27.278014678083956,-23.25003707511139,-31.648510585075325,-18.667345344087817,20.50462239755549,2.0817367194781835,-26.108387333476244,-28.377901667667018,23.660225876511706,4.033777903497843
960,16.20815977015725,13.684685805219921,39.61060870064173,25.375772735209267,-4.54066666015322,-2.278028251628399,-11.723646563630497,-11.827206646365434,32.72694149785503,21.61137137054687,-31.365263178704847,-36.021334366278055,32.78452855280626,15.129311589831389
961,-56.18406966895211,-44.395635912673946,-14.490973916037035,-28.373380835589234,-38.7211824275953,-34.12448693090578,-41.102690095859735,-53.77592857938686,16.613480338574448,21.139747318441835,-33.27377299891683,-37.52760660379209,16.155178792326975,0.26765111579278505
962,-42.89380050600375,-34.37807665730834,11.670561525813563,7.978419000283168,-21.200562330682878,-20.79190051841874,-36.291240835645276,-25.6456391171104,19.80703648367809,13.933344803791282,-26.54379508528679,-16.484238474804435,7.848179073477374,5.906011547775987
963,-42.69666792071004,-27.242082839800812,28.884517307817365,9.874350464160834,-16.78486720362645,-12.310143681752558,-25.934613692732746,-18.516297636847117,25.125892915050382,6.262652020480817,-11.5703129832201,-3.579384649011052,28.607638947844585,31.061374994808943
964,10.843782154070924,24.46510399876404,50.10703999452698,21.214165548714263,-3.1105008688552522,4.639319656534705,-22.25793381040372,13.075582872637849,17.183428061383655,16.56267111982721,-6.142105604173474,24.808586797966697,31.814437443380726,30.284528081676932
965,2.1449207480386,7.759400021608209,45.84337586316794,31.700827164286093,-10.198049081937775,12.642127759150526,-23.03538410903636,-6.6313110367467605,18.024122411447326,13.954696108592916,6.377612341814022,23.98382999277126,35.1883791446208,43.66094402456897
966,39.48533822175427,46.903102522587226,36.938329137785935,43.31717906035138,-4.475406244612059,18.758254646830828,-39.11566707850255,-13.039025372453207,19.169950075854025,8.711713931693808,4.184001769859402,29.184376415662037,25.240560865503106,44.19876321662998
967,48.8015274445805,61.09172699619848,51.011771137582286,53.640418431671485,18.49537704982121,35.95620922533983,-10.740178084448477,6.661786544821569,17.046268289326377,23.38982212214497,7.158226230223448,34.95271948589047,48.73555290173625,64.53668674899608
968,33.784761735284924,27.47598410839619,21.98281500009764,17.45056426609822,4.014567268249248,12.817159865686872,-34.378417974187286,-15.557795382437192,14.988571137000532,4.4613137814181565,-16.708099019089197,11.472640337703398,21.590402038241898,42.08757315798886
969,98.61077376867688,93.00594297076259,51.39050363438699,46.26668663828325,69.00843423043739,66.71691579295911,29.76989395452501,52.04964476198533,12.6979446843744,7.50766711879475,-2.857112158956732,36.94769086159678,38.462004052119774,51.8716793592898
970,-9.994805424799589,-6.158491487998875,-28.83541043577482,-15.623054928087429,21.22677596191184,14.64459645409912,4.2433014972024505,2.887946646748038,-2.050147522513537,-11.136869975198614,-38.669061311096144,4.347500460092568,-21.858365103947424,6.0733853327268745
971,2.5170832841166972,-2.502930483527662,20.87530779319503,1.8645348107954332,53.50031638403982,26.369904451994493,36.67243247261484,56.57037895450825,13.235640403875353,-1.670341465301429,-55.87477427355537,7.844827052776588,-6.280177814470795,14.636942473176878
972,-83.94277431468683,-78.98892810749763,-22.238279760202616,-33.03744888120258,5.3185720388129925,-15.009385832855331,9.664814847251838,19.67981927092035,0.5456677314431767,8.88980297674237,-74.86855240009496,-24.70001287052068,-26.294739883742515,-7.933017629656461
973,-66.02058999578095,-60.36226574187959,-3.7618126420895357,-22.491635250206087,7.09839378376713,-16.31777593004192,25.686271904638946,34.294361395315164,9.39736499819499,12.09657832361065,-49.34448975122999,-3.7448829933833476,-11.484094036014568,3.5426906230145336
974,-82.06822061798238,-61.24423797003262,6.400996828064851,20.8352499874684,4.286335544026887,6.691112696981086,31.74971953671111,45.476886017870754,6.02448403433545,7.727835558189055,-6.519628174866419,30.06293639570702,5.064505573894111,3.550040995600307
975,-58.64067326333684,-40.90968997309223,18.459941487313294,15.643046849632615,11.197119457926103,-2.902672414206349,13.716274404848537,32.64734338625916,11.653588520500106,3.505459677506721,-24.275841683569787,8.333146125280685,15.423962073627102,11.289788543347989
976,13.695017442576226,31.705435798488402,97.05591759932598,72.57883047369094,47.22364138246567,44.51500781239982,63.51228944646006,76.61429977535757,7.261012735984124,9.003713177408954,30.582525118048913,42.42380409197339,51.32912672993317,41.355314115711344
977,-65.62329836836723,-34.697062453838946,11.019888158584777,-5.0731077048407744,3.987413415505821,-2.605566928133053,3.0486083063980405,25.341575031317216,11.8373574159882,-13.50108946985137,-32.29791127025379,-10.72311305563405,14.337766579822773,9.612451156930057
978,-15.187478624568143,7.286131878591048,30.841960520106692,34.99148426697011,21.101664266799474,9.556127137589174,6.877770763524056,29.715535009663455,-0.8707381994985628,-20.657696646849445,-23.143955766341822,6.601268586506741,4.248999561483952,15.289400265925023
979,-22.424864281339794,-10.289173272185145,12.80755350580489,12.062166252360234,13.14491843632305,-13.661362467487704,9.077360429325164,9.400911841040804,-0.12665061886406312,-0.636903118506154,0.08973689529849826,3.340706682152047,13.890536590120849,12.480172951767951
980,18.261007934369687,16.41404425647054,-2.3146653831768162,6.033427460654657,2.8883497435101964,-9.96170550651424,-10.644117729104153,7.152204911529691,-1.496723223872257,-4.002326706862445,5.296410372831776,23.064629224735185,13.116363596912542,14.931299819326757
981,19.781463008958934,8.217676114236129,10.817283660777884,17.128955524445665,11.664714672965816,10.250149241884154,-16.298030401014014,9.106485345446043,-1.1646942665068654,11.836956080700823,-0.6516888222123454,13.53012327655285,19.208869814166604,21.24062588777365
982,77.65390633995176,51.51787955455506,36.77607620698254,26.376101986201952,29.55941854130199,16.53642127658106,-0.11229204358510003,11.857683416018743,2.4890250678492176,5.319243064081212,12.888067068126993,23.93548429961117,20.07745620850808,31.95892414533391
983,78.92276728661673,66.95503569601489,33.323086690251536,34.2084495413365,39.671402646290375,25.927900585490413,20.445277328870755,40.23328749621166,4.0416990824782815,7.289084654564633,21.845997110742267,30.782496572480227,23.218758405798653,39.71144705870937
984,109.734085328838,89.87607646964403,9.941997763141515,22.495515706425515,34.432996421073796,31.125596609011925,30.552217545998257,33.091474230887734,-4.675845371677251,6.81429438734984,39.735316067847954,42.878437495623494,13.994546923591088,22.243068626247062
985,98.03693269639274,84.22709413545752,5.85607773315589,9.070883138764966,51.4527939154599,40.50297934735905,42.94151860930487,55.621134431888365,-6.225927414896035,10.146415162444143,62.57839137702966,51.18983801600025,11.182210997099864,17.752464770922018
986,6.358336569924674,3.1156065431631057,-81.00580766868859,-76.66117305689608,-18.192498240375496,-18.07158364301966,-6.445987801965068,-16.017358708932,-22.418214732192357,-5.392080092167688,41.956059471440525,15.20674967245079,-31.735454645582497,-30.547741979384895
987,9.546462770777092,-3.7456369445381554,-70.79224574990633,-75.14875701178748,-21.71803962068087,-26.87924866578418,23.661769750961582,-1.2592336517127407,-24.228383058710296,-12.616492428026854,46.84494204681158,14.534970398064196,-44.33128855159916,-40.55302134754354
988,-77.63938920778831,-89.40051185273425,-160.21608888254076,-171.0591682759792,-71.57726024472838,-87.3404303617236,-24.804347825803358,-70.5749396580026,-36.19848112363966,-36.81092863756946,11.13799279038367,-27.917478658754174,-65.32468725851996,-74.5875799000885
989,-52.04805685216242,-69.00317874040896,-134.24307672644903,-126.28393169629211,-43.315539789188755,-58.86755178584732,12.22233218302625,-37.22844900920256,-15.216197432216541,-3.5090886757205944,11.009177748557619,-25.94823149843294,-52.714012077035825,-65.55882790292036
990,-83.85528186624809,-87.98900961678713,-127.61136123795268,-125.3825090585522,-61.682399874665634,-53.54123336071209,0.673266805490628,-42.0002808884703,-24.768777717777184,-11.452861849944526,1.2998016651151225,-23.479954154969903,-43.765213317395286,-57.194756729545254
991,-45.775915584618616,-38.81453019247011,-78.61289582737093,-80.2379588456122,-34.163326222579904,-35.269768537047874,4.844733348755889,-29.00055369142862,-23.767217831195385,-16.331797098544726,15.426462877159567,-18.85809757763658,-31.21808079467754,-38.04536942213332
992,-46.5784560620125,-41.5268111940392,-75.9930983281584,-78.97153385441014,-41.83730386245294,-35.92092745347601,-3.7289183240120614,-22.484704120577625,-11.590761843702666,-14.847933555171691,9.816245677710892,-14.229744123492095,-26.42351306304048,-32.10837089220142
993,-1.467163764590391,-19.239790244588413,-46.42731903098982,-63.90850444744396,-19.687776136314625,-24.96393330360183,-35.27015185886474,-46.3359945595602,-9.879486217702594,-8.727205024120986,17.53013051459208,-25.955282632091254,-12.220677754322663,-12.573001780678156
994,72.33122468515545,78.59334368561963,9.000094833054494,19.224095472408216,-8.862125147294359,14.810487267055466,-8.89066317391357,1.8408794975618317,-14.253878791265791,-11.554557937572081,45.9781103318324,2.585045923779277,18.877646696287844,13.594103762554603
995,8.251442577595023,-3.1735702643931676,-20.49679958433218,-39.5191627878014,-34.505268802496126,-35.98052721752264,-46.281359682272175,-31.17023626815716,-1.2834180625410134,6.31271109256766,3.6199583241862756,-28.234916945693314,-20.47938478610178,-2.6502134885309734
996,114.14810487177195,98.64310744467832,63.2072426271746,51.91027658778292,30.34913230539311,39.97336265807406,6.832390412468677,19.964621653293317,-7.538029274991062,18.06558565052833,33.80963691575163,2.4538335236828135,14.421126876624081,28.75469352257534
997,110.6292489951871,96.03442518573112,39.606312429218946,21.714136245517913,28.8564249573634,33.843824442315075,14.841297836059553,24.44757088247376,-1.5439476817656541,-20.320822877119298,26.4607947701136,-7.086348181373481,21.26158286828148,24.15064470602789
998,178.20386592867646,165.31082550447547,111.58837330647178,86.07130723359123,84.1079966569238,88.83729037398278,59.317523232157725,64.1819665669214,11.250429411727103,8.314725675404379,53.476743323618415,35.96036594732166,40.834378133617335,50.3321039710486
999,138.8189566685728,138.6359125244156,25.50675453012308,34.8736614983023,61.49717270185502,63.69256286834585,12.16029959421171,27.795145881943096,-12.997464768127408,-15.721425579160346,23.220696711119388,16.54452049206371,15.203115088369454,23.287291290709877
1000,115.69809595620112,113.25592533468111,-2.4641959954172443,-7.494759889732856,57.74856729965209,55.801814077017845,1.4912555404311492,16.64802640224446,12.213650510638962,-1.1761734032434945,18.039620999841702,18.78728078645132,-3.762531470698334,9.663189640196629
1001,69.80129196242412,73.88638648662617,-67.31749513963014,-70.50817902441557,29.388090316908194,35.34060474368808,-10.97881056031827,-4.6626016893544655,-6.542880645895896,-12.846440924292052,33.109113921096096,23.606324123629193,-17.904514738772153,-20.287216994471937
1002,22.122532668353283,27.762045069386804,-118.28240908682714,-115.0742538611464,-17.115362215901595,-7.137228253958136,-33.8029211986362,-53.1934221419389,-5.384136216579011,-10.790274997706259,0.05074612459058003,22.312715883390716,-38.80556309999437,-35.08595682312935
1003,-65.857907633276,-60.6750846179317,-146.87745949919446,-151.570638734855,-36.372898624730844,-35.96945764420981,-63.876509518097016,-53.81587762883089,-31.463520277057068,-27.34621626549449,-1.7493287868012137,9.277720000501075,-62.35055213867194,-60.50685646105108
1004,-91.44736744115801,-94.10478070202825,-173.1253976182018,-195.42333356572078,-58.98792464292435,-81.57652431257824,-61.527514917892745,-92.90435651768952,-29.14480898086603,-13.033290425386733,0.7389120382383005,-5.559126742684968,-73.02462533690887,-75.26034421627604
1005,-104.40076670393172,-116.81052774295705,-155.1713680330053,-165.59013868526822,-59.817065480629395,-62.51535984624775,-34.30186568784309,-58.290331203590185,-12.558681060264705,-4.232074896806237,-2.2004777070166286,-3.9606197273505384,-60.473822833285745,-70.50269843531497
1006,-150.61974409956463,-160.91886709721126,-178.21926446580167,-190.8080803927718,-98.5323636302006,-110.86214659999571,-54.3194494164154,-72.64640099460914,-17.881968171977846,-13.1023123408083,-49.9412702725415,-34.322965648729365,-74.65483481012419,-84.42218579335743
1007,-113.22268437981366,-118.84883087901466,-105.30357558776619,-95.80135569032146,-64.01060611793243,-71.09725480785235,-16.128219055044347,-20.29082268205006,7.302664025297555,2.7343818875027397,-34.871998808972656,1.7123663202045283,-24.495709002040233,-37.822075512669386
1008,-145.57228601150686,-144.6782486660557,-118.27598422302337,-126.80506089182907,-100.27850572198244,-104.35933001619813,-60.74601625858502,-55.36127556987405,-6.966788792092754,8.857775716393835,-53.90839647071048,-25.856089176390082,-30.006011796682102,-41.66709543064806
1009,-101.59782164895765,-101.32095076131881,-49.609218061786144,-52.02907433999403,-78.45580210312033,-83.31847956717601,-44.2691842715563,-47.274690087669484,-8.885238511487517,-2.5182806340250123,-57.75028991721208,-46.78284791488781,-23.4667684764529,-21.559971247366402
1010,-52.442210129618076,-45.36441691505374,-13.650019474988932,-17.50877700045215,-41.28200739590056,-44.86058060601473,-35.962991477423905,-26.7111960481373,10.030320405090615,9.210152051119504,-20.27926020296385,-21.504178635185486,6.841157627395266,1.5473684542154773
1011,-42.2030911759033,-24.323355939257382,-21.433174683680857,-2.958755570221858,-31.330930818394442,-5.092515643140163,-36.8155545977725,-24.228254378294473,-6.020659729662115,-2.1751020531246317,-27.4394593229135,-21.356360942236442,-4.440156366875417,-12.676914426186137
1012,-16.853538367091588,-1.041587196603722,77.44350358473675,84.13530832082012,4.116742898329602,17.390620807397106,-7.799083719068018,4.524604399510514,10.126961238458012,18.394196002219218,-22.115071076436454,-50.969208064762,7.0593206609081705,3.5028257000677328
1013,-8.543105721590013,6.862459570879846,-3.5494801635528717,2.556604036372204,-3.635030713815643,-7.415487098547752,-47.79817192946261,-41.66463743402595,2.064770815922972,5.557521694053905,-17.306177761681578,-31.15990265208778,23.252851577289338,21.172800591163323
1014,-72.30716347146974,-51.757318490358685,-11.561608891079104,-18.71575949037562,-44.09942890288554,-57.126250979173655,-36.68738692703071,-61.67657815072145,11.438008073677514,30.322843446839784,-56.4678360634825,-70.5003279521329,12.606592065906804,11.816262699223875
1015,-84.69709216163763,-81.26144559705807,-48.381196679713945,-57.37361722589791,-87.23862455417479,-97.8097524811042,-63.24624553964999,-74.76543733904434,-0.6326584618301059,5.458779068214795,-100.60831048680681,-94.04651277248117,-13.862027697865027,-17.106137147593323
1016,-79.78779491321478,-56.679924352225434,-35.53064298847598,-40.14089098757742,-74.33434040028042,-76.4058795157257,-41.07019746676746,-67.48845980113268,6.95258775384776,1.7028959011998144,-103.13976565405358,-77.94475382324917,3.2199899775940897,4.851868545270213
1017,-92.70204740066659,-78.0552938668357,-73.82770968072496,-69.04407808417949,-98.14711453879171,-102.29139978572069,-62.122216062602625,-86.16850359208766,-4.040125766157658,12.722279169189063,-114.39012653646101,-90.55617576007563,-33.71800135100084,-9.939942043613861
1018,-56.70943717019102,-44.76497033927545,-59.99429212605356,-65.06682988251423,-85.30815556414098,-91.33579778186422,-63.12992045934429,-91.84576327934863,-4.875776282502204,11.055550614267755,-105.64859637907784,-85.7114362018155,-23.055061711190778,-14.315350874890367
1019,-28.04141203375358,-15.592707070391189,-66.90524436862974,-64.55833929151544,-67.34003344069087,-56.096959189850324,-69.41155058328532,-81.84222824537308,5.052925115331791,10.514549931060174,-74.23382756440546,-72.91409790937142,-18.8928062174157,-7.210490696251664
1020,29.460176131476025,47.600038835836884,19.694940204689548,10.317229386717791,-15.436456249277544,-20.46127631593644,-29.86109222678578,-37.48787740214256,6.465009757471557,11.239465304512795,-38.49306606234651,-34.86867675018878,5.971075175894167,11.040390067093357
1021,52.90777489772502,60.84226092482982,-11.385550053398307,-12.711049715236925,-13.190756276473527,-15.35113145277592,-26.763398344306903,-35.739837598341495,11.547760723623034,-2.897733314556107,-33.36279523647026,-40.08165355815409,-8.278959879664285,-5.66732000618046
1022,82.92458273633184,92.87945094986551,28.277094406312088,7.793217928590343,1.088189251702118,4.899722805203475,-9.399717230005068,-15.104003242023882,-0.2444316078850619,-5.57530798646912,-16.545600859656094,-22.931955609691993,-15.153096708781117,-0.7823032271561413
1023,64.53887449975929,72.55576385136199,17.106628984555844,20.68331991736006,-0.5627015904712238,-8.265964860604589,-0.4790504062054199,-11.670928942019534,-4.9565804227226655,-7.891567880928961,-25.173475899442884,-24.163730295323756,-16.698997209886294,-17.339716912657625
1024,32.43808094810393,41.921284253093525,-17.701337059353236,-16.371202902561645,-14.654975036153196,-38.55188109118886,-34.48756849175415,-58.158029281823396,-9.738873596051258,-1.1495699733667324,-50.09154408537094,-59.60118262653767,-33.79279205105785,-26.902011699996095
1025,62.48830587634474,81.64089465642833,-2.557573294410791,19.850136791087856,-19.17148928695332,-19.54865081597405,-10.110187722726765,-16.6937704535985,3.509458944009649,6.836531330002803,-26.795201800891057,-35.98949820265935,-2.0315651978549463,6.513996377108239
1026,9.33024900503122,20.859264822344795,-32.53700192499407,-24.982165242522345,-56.92586582501944,-61.32486914688644,-30.041671802007336,-77.62923691197057,-12.540347706634428,-5.537723238800824,-46.338415137247296,-48.638650756516235,-24.782957977299727,-10.583686020329786
1027,72.87599639740829,59.87343313626947,37.10729327382181,17.73924873231804,-22.588569573954516,-21.941964270923375,-12.449470361674878,-38.06323457050352,4.116368963318702,7.062543859488742,-18.76635925335479,-27.087075212354634,4.463488243803785,14.556087967201949
1028,94.78900487356788,86.8063984442353,57.10982847161782,50.26524486779505,11.858041047870465,10.961261722669912,23.18946707363048,-5.4618664791349305,18.224486528180815,17.495334073811286,30.28694307864325,5.555045851385937,45.01670255702978,43.79872295494385
1029,141.65500267134237,128.94159700001794,121.19196733800793,88.5870382134395,42.171957066395215,43.40357223832695,55.316219577326436,44.658730069981004,22.482473254937787,27.93805881657098,61.35780687190483,46.47108745115736,64.61240696878878,65.81465781577639
1030,123.60733576266004,116.9293464539371,97.6162513712344,72.57473416770719,56.00401721920384,54.802459500094066,46.1645805268734,40.99670896747908,17.32459883364739,0.5965824467599568,72.85875349767193,54.92921499234429,48.28453305485839,52.092952559713574
1031,90.88796197219702,79.09176793165297,20.513139825846054,17.28730987721315,14.049611312844986,15.85340463897731,4.359770641943304,3.342371075722518,6.107987972775615,11.714709970681287,49.610731376160736,51.73850514470499,11.115708914140301,16.087637125254954
1032,21.767554160558618,7.47963325373795,-21.129863015721018,-22.69946866296842,3.948503223575904,-11.19526358560008,1.1696322184694776,-10.740734834851034,-2.555224340177706,-11.407265707875148,57.656623015216,33.933024537340216,-10.45516289646525,-10.135161641610587
1033,-27.069856678487117,-50.38407215397079,-86.52806396017372,-88.13501665491472,-17.784436001980232,-39.36553645013625,-18.496557069225588,-38.86877187224726,-25.516034314909216,-18.555918848616354,36.02148692836525,30.39725892870854,-39.495200871857,-35.98281575985817
1034,-57.2482571750901,-78.90067441427378,-78.86528673611967,-92.67580990054553,-15.229340179517244,-40.85412359956668,10.918351167397057,-21.214485097403504,-8.150640177369588,-9.819401758508121,25.3480155740773,31.55723221253475,-47.17235801771414,-33.8101531709398
1035,-141.5246123803796,-155.54347014477946,-166.95832947535692,-164.11282480818738,-49.73130897929323,-69.22095042194015,-35.65443224241418,-52.20253002756399,-21.02407895513039,-13.814854404282391,-16.984685348675992,-0.20235962633963883,-80.27017250311496,-69.59764128254648
1036,-141.15479698366505,-154.28243976855256,-121.72553138577699,-128.68030457073544,-49.51504838674668,-63.03364041353951,-26.21070903526941,-36.8538562945894,-24.442221387596124,-14.491008030960113,-22.13820298058123,3.3372299643808585,-81.6313421633712,-80.19733610642963
1037,-155.19470177318425,-147.96617537208837,-115.61340732813979,-122.53457181061586,-51.45267619341221,-46.248372407755724,-41.16665722882666,-30.434869273601436,-23.11271788266991,-12.572615543042806,-33.85173051513597,-14.536607110681636,-68.22415539731409,-76.20768799469455
1038,-130.37220303631224,-132.22804725397714,-109.3242610863964,-105.15380655250435,-54.31617494736278,-54.696421850256776,-23.015221937179316,-28.483462459271085,-17.310494019972484,-26.74969939505605,-38.44022142849037,-24.212469724536295,-61.76259156293304,-69.32883925188786
1039,-26.219209290865635,-20.403147931638532,3.0792860233084323,-10.624337024747335,-8.80217165161523,21.983426417227516,16.58302403219153,28.296157068741593,-7.105064907678454,-10.859939495274233,3.9042556060866604,17.649865910681875,-4.769876717532683,-11.185232375428306
1040,-59.761387479260605,-52.482388531428484,-27.368695498210087,-26.440796829467047,-26.962078105092072,-8.738947960686156,-9.646586805074717,5.150735188086424,-2.860473336943621,-11.716364302592545,-22.62450950869856,-11.006430172790605,-36.86830410148185,-37.293590861148054
1041,5.907779329614422,6.7852434573110125,-3.8134091483313224,11.397179605024514,-6.855940643826299,24.299163684500606,-0.4661178480010745,27.54443155467366,-1.8748446357717352,2.66819443762701,19.452850334708014,19.49164489520149,-4.630317957087054,-4.954779611921641
1042,8.976456747595353,19.948411733322416,14.875699861241074,6.017751967540115,15.382565347502595,44.679848890887016,28.518747495475516,55.83314735544904,-15.284858134464898,-9.665778449357768,47.69297544659626,20.70635878794837,9.244550218315876,4.129135964509362
1043,84.1159392460498,84.7092522450966,96.31753237680515,87.3076585508094,45.827380285520775,62.09332610569903,45.99940190154188,93.44360087120879,4.384807650275608,3.032841039942569,64.84935206655149,46.675956575779,39.70362733831377,30.635655503814508
1044,139.91831584476165,148.37064685523896,121.06481735160423,127.6230630639425,71.71099012172498,100.5602082910723,77.51414939018264,114.72322082075262,8.757393533029669,6.255956099449594,106.84326270782088,76.96367074573206,75.28325632261361,68.89867174218762
1045,128.14481142783072,130.28619648107625,89.19600620761908,92.06479111703428,33.954689651720706,74.95631596708783,21.39097655820472,62.039697370924024,3.0390961611970355,9.237156100195714,88.73086140817065,71.30348473187462,47.995462609743235,49.50548976141152
1046,151.27515901004688,147.13222901542065,73.47022665285778,76.61820885208093,29.55961930162226,66.33613083880007,17.78869259210679,31.90111727976504,0.3792685331551944,1.5860079179984126,68.20784186025072,74.25303954034615,61.78718157512207,69.24359138588177
1047,131.3938238971026,134.57031200061368,45.87592456080416,51.16520030045157,6.479616429228689,36.38680046204683,-9.726421004796007,-7.888262113496299,2.760388650370725,-17.615552362084042,77.69928663923339,73.62051022461247,50.06600408258654,60.70555063663926
1048,139.2718630230466,136.7782885780771,45.33649790002426,59.35788976875871,0.52480656046116,13.170415993128687,4.713980591195091,-4.286251844633353,4.432007689269195,-7.49738106804018,51.176658045289344,58.991457061916066,40.283148201922316,50.83536411692153
1049,164.0753803082158,158.41749380754203,76.57643361870221,84.65227508613616,37.57695245180261,34.34040030192203,13.356536637209631,4.356943789662673,1.115375270758733,3.084520897864354,90.61745922923777,70.43402064881484,52.394190664899924,66.28749265903039
1050,179.45809825376676,160.9626602585359,60.167417979950876,70.61656018252728,45.00403152251771,29.124365352712868,25.18757824590612,-12.637672782877104,-0.9585973890863008,6.351955604748542,96.12235658244529,78.48172205430794,54.34514622898303,70.8797819969402
1051,190.7578191320795,183.05141830035328,114.1258008931565,120.81512243182031,79.72482661009693,73.49887207877815,56.43643491133134,30.000848128793155,2.9370157138424937,-10.797808732834026,135.00519439450653,102.77183417015469,78.31348328935988,81.1877029743946
1052,115.29017951905452,85.44441515477726,29.434000865248816,32.509709398151614,44.345928989729295,25.606035460419523,10.528844985561362,-25.2005532355573,-1.1404912205705824,-3.2122716006676724,96.81368506612792,54.54036756524581,35.3224132558807,34.3201632923369
1053,82.91798602079643,80.33927951513472,43.40494531166215,63.76001672671135,56.644949102039455,41.68746212677712,2.2072974016652935,-18.846060661411588,3.610262263349552,-0.3623690522360914,82.90132756024494,46.34421303183866,34.91764522483038,49.71228029071943
1054,20.479244999870076,31.18686104717336,5.85035810356898,35.890982821485274,39.81826163958304,16.750113402242068,2.6213794441973315,-14.11835228754423,6.598182827709125,5.10716038241737,66.05922591231571,22.029074423593787,19.199929260126797,14.927041059553055
1055,0.15311741496262085,22.884063683233094,13.439049824295935,44.4933848365983,16.74366768549983,22.641913032077557,-2.0633144529219796,-4.935294776843807,14.791200971665736,7.066080771810624,28.853430151291697,3.0450091278835782,35.21553497107218,18.580591843126772
1056,33.90402599576689,42.199190020416665,22.51189728184599,31.49443172118761,30.586725480696163,14.956687540639555,6.410039656479591,-12.117744440041946,11.84476060236753,-12.740964982784243,-0.5340117293303432,1.8760854505285804,48.84085581295096,21.045607165698033
1057,51.2340365377073,36.341550642334724,-43.64743719142701,-21.59738963911164,8.539639370784716,-3.2251245729924483,-30.144434315652664,-55.83729322568256,15.523274826321199,-3.148910233981332,2.0400022857917777,6.529672947857953,39.31524802372535,36.67405429944959
1058,108.55811095680879,106.76310025001325,38.1606643983624,53.68320601444256,47.174488667069916,37.97564716568819,4.9378070140813195,-1.6632330046997414,13.062072871797035,10.315046614891429,9.332504094285383,-5.708552282930902,30.31622504383843,14.11128617461897
1059,111.35898521922117,98.15420304219302,78.44606290245936,66.40071843523694,61.0125655632177,28.493329060066127,25.228214891494694,23.08169540828909,16.860870208104227,11.237043477537325,29.778030613684795,19.886934993419743,49.25824964040359,45.453426341458204
1060,118.1353933286635,120.15952569858212,101.49020702866129,95.55957008352844,69.13572286169708,45.82960396341076,47.313522086500996,44.16520556129707,12.845181401573976,11.31202916127301,31.86102604468802,26.370830563055815,47.33702767389676,29.57105525098333
1061,30.575093855506836,22.024093833122777,36.88127161413485,23.911154779081926,37.45899120784507,18.108194712242952,28.492432803115427,18.63746840989292,4.678601427547891,12.330991814407039,-8.767865207872347,-13.314843086314658,8.196671482860774,-3.10390923555519
1062,33.460677578210735,8.703513461742252,32.72714866098688,12.308478988174045,48.11200115494074,1.107075123090045,35.42941723399061,17.777839207224694,6.924875854002303,8.912562493753551,-0.6101218937971105,5.896950374246792,6.843832894327853,-6.756087775425107
1063,-63.66285680667616,-81.5803991577821,-57.95849784197276,-56.63975515720697,9.636327372884024,-35.69342176380312,-2.711358848658317,-33.718222392546195,-13.95173597502639,1.6910284194932108,-41.56189660671119,-40.50055370224453,-24.26938980027353,-35.847615009473046
1064,-119.90587079655195,-145.20221010510556,-107.87430297313081,-103.31123468493111,-4.76967039730879,-59.819796910207806,-37.85067018374879,-51.199429591202076,-13.737618486391119,-1.1839961293500205,-83.90200131382286,-70.77781260316102,-28.850576969761928,-34.42246487307628
1065,-126.80987464491689,-131.35998530098746,-95.21475392795436,-75.53066206952664,-32.53429704062812,-48.905145564575115,-37.74736588361039,-46.23943280522315,2.9992226859606834,4.502605240808534,-90.40819361799659,-67.17100001603843,-13.144004346738855,-35.78481231378843
1066,-167.04881398548187,-168.3243273856442,-156.65321628613273,-130.6507200139743,-77.34254464222687,-85.0630717773879,-89.38290829647052,-103.03469497277118,-3.4471338528389217,14.833882176992587,-117.74762374483953,-79.48269609127198,-42.91932663020384,-49.811810141500445
1067,-71.8663150438138,-78.32518184304865,-70.6817169963774,-53.90507339969213,-38.11144001228719,-37.14223193780233,-59.73788676636894,-62.613703565926116,-0.837966365812577,4.097576120084355,-60.01985591444051,-59.12398888124608,-12.447990302876816,-20.59707538214384
1068,-37.86199428758176,-44.875174280549984,-21.08080671607264,-16.447490909881854,-7.074085873391438,5.293285665021483,-9.529603847503553,-9.508953540624894,0.7868034040742052,16.784107482850864,-17.676017626826983,-37.05531382288282,6.054926524848502,-13.429119565548142
1069,5.647169482077736,-8.923486614564851,22.119405643407735,25.343972838424577,28.837569519440898,38.03323153560693,-3.391171128290677,7.52492378943059,5.154093005568574,16.321957401316837,-2.4115643336542893,-15.58195692168122,24.41174959499421,11.856572293780637
1070,26.622254526783717,19.39294646499698,2.878076761990078,19.351871137048185,13.826544385136607,62.058083584360794,-5.921147957045343,23.027254955586407,1.8814166692583736,19.37851707172964,23.51554591096781,-8.097521095193192,27.373776986699497,4.609033511981233
1071,-47.42320250408673,-45.16488027394568,-47.23653298245648,-27.841849976915928,-15.265117159575833,15.178954086483673,-53.02404771223667,-28.570008162572613,-2.803648689355,-6.000776844798738,-10.132741118724141,-39.69585281325659,-17.215256508125,-28.9424471506052
1072,-16.42605467576005,-25.374996357737086,-28.53050677581926,-27.33138217153971,-15.119086674121498,4.4855008244241885,-70.54266457792917,-57.09824974074486,9.978211127857001,-3.6583699531316687,-7.501256282060208,-47.613244305560436,-14.040140923571247,-23.863423766312255
1073,-42.39714918064739,-36.132824454121405,-38.17477984639273,-33.67470191130468,-19.30753071323043,-18.841373737774862,-47.94430407937284,-57.668097153298184,-2.4662210407671226,2.5070558640701486,-22.704003143715223,-48.84589597107907,-26.65639164997645,-38.87516887487937
1074,-66.81295044043526,-65.93555180862428,-68.9725793750582,-58.71320760711852,-49.509561654294046,-60.65538709696934,-53.91907539350787,-80.12716576327486,-5.620704315995456,-3.206034723375082,-37.72377668956827,-73.13003655031689,-47.772490817627684,-38.42758580289861
1075,-32.253436205140524,-33.47072494524443,-31.6886125203706,-19.647874182650515,-24.882417813065015,-32.9536663296871,-23.875181947117223,-30.173252850491917,5.7517514699675525,-1.0050487860185804,-31.404103321109478,-53.3731349660101,-33.78548108180434,-32.93559105463473
1076,-53.05104224855351,-67.50436228277968,-80.74138251523877,-77.79011315746034,-42.62452995747073,-60.353555091356796,-51.60113028888067,-65.50105189556224,5.845698788628087,-25.351481980493272,-39.000634283157424,-61.13561084458151,-54.83932928774863,-36.37907495066521
1077,-34.53723210929581,-49.275393981687394,-59.54089285423481,-65.80516414150512,-46.16949746626458,-59.277636464558135,-40.295321838328846,-46.47776912634706,-7.340711203955507,-14.00291734839889,-26.41339402742384,-48.166008825571,-35.203816913452926,-36.46667723988407
1078,-65.86351088807362,-70.33577556130479,-59.274121232021685,-87.8905936940458,-44.31491676427202,-68.5846594010193,-38.805027314467864,-43.51371336799606,-6.837979753409214,-13.218598118683023,-30.523382485389508,-52.27008285661792,-55.51305753029931,-45.89024716932335
1079,-13.66374715639968,-21.770732945247868,-25.40794248314256,-65.68688732834413,-25.64424899892295,-62.32965594005184,-30.97353838997196,-28.354982675333822,-5.060914873392957,-12.266495757855123,-16.3582217265903,-40.84648682007675,-32.94786058318318,-24.441869945832718
1080,-2.0849914508492597,14.359812412562581,24.392604476108048,-12.664808079046578,0.11564360733225731,-18.97359740735333,12.739556079442977,10.001674618271595,-0.2043206482430119,-0.5199193092651678,-1.6879456705935958,-32.764766340800854,-23.978953921101017,-20.4760460470057
1081,32.28969620116723,28.990555963158066,30.628539935768412,-4.22576390043421,17.8475355033541,-8.303170103940918,4.712702748343985,14.41341756848151,2.30965210969193,11.798224186978917,-16.23962213784462,-19.45891149976135,-11.699126061774932,-5.665070064986603
1082,53.86289288122221,55.55794558349674,13.97088426124832,-7.531711709353451,12.579344069130954,8.00863504882226,12.000906769415735,18.02691213023346,4.724371785566234,-2.646408213256606,2.9713265953155608,-6.058505553322129,-5.665687065559579,-6.671060421618749
1083,-6.346393318348433,-13.631302012889895,-49.44015698806644,-69.39737007124671,-27.691082273920003,-32.03074731492721,-38.8278954515727,-43.371712594298025,-4.388176205679174,5.4303160670815975,-55.171468917636886,-25.843678756270677,-32.61755135854295,-24.987874881135998
1084,51.633191265385406,30.378932646582353,-31.015627012025565,-31.112650102580062,-3.525611621010985,-6.669032540077645,-12.958067770707277,-24.872438521733592,2.4985729891864916,-11.050124409128536,-9.702387725670606,-0.20335394421702407,-0.699223690049789,-4.759905871637792
1085,35.18179678328376,10.150611974940826,-16.75003322917703,-45.13148790322971,-0.6350573130124717,-12.667969948536458,-26.345082231839342,-37.8082240632135,5.000583107189328,-1.1864337709176658,-23.290990074926775,4.2653127844734815,-12.770868415478812,-3.5203237294320853
1086,68.96495033768556,50.898448148645535,27.2837783133991,-2.065491596452263,18.550323799415278,18.390190969922863,-4.9639408533376015,-17.109124451482987,12.68438634541009,3.1069921611677707,-7.904812244230243,18.90180704114241,22.651642155777736,18.8048064179084
1087,79.32567386846921,39.86312417825498,12.162479841167633,12.442723182407075,33.24329110532842,36.598101515820964,-12.507965183346098,-11.791217552044397,6.774993290571829,-3.899801875755154,-9.133766888456776,15.839079063332248,2.0852963816355254,7.802932769694002
1088,69.91016915533939,26.90248848781261,3.9458857920862407,-3.623295763606561,24.445553870713145,26.772633841403156,-17.164451885167963,-12.909916170113425,14.023871061743504,9.957140433058116,-44.7616626450956,25.09275646885542,-1.943584056999736,21.395476083220036
1089,72.99682572531513,43.39350871320598,11.29307947529754,11.930254067389264,36.739677755696434,48.74297826966409,-14.197562866522471,4.157959161727828,7.651226149580984,-4.821331599628973,-29.532197349238196,9.798115952956636,-11.888238684351968,13.617563434304959
1090,93.3602111132081,56.924196323602274,38.906753122834104,21.028343444021086,56.54502999223212,53.90064289153163,5.410622269861645,18.514004068372536,13.230270711050673,3.1780011058818913,-12.923315239747328,19.392150981497412,10.055604051202815,21.645671998784636
1091,102.12362233251272,89.09804241214296,74.87899221345809,97.30502878692468,71.51170475356288,100.32288898146763,38.417981279310524,70.65624405042361,5.871951021641666,-1.998458229449728,-7.37223719729894,17.93983295057616,19.452014515218064,14.354938532707859
1092,132.45618630572466,103.25711258969692,87.2303830566708,70.32686717759208,107.41794409699368,118.21645143347416,50.05540376619857,64.11090853857533,2.6888746897016262,1.474980362005816,35.70519594736987,31.64682166359018,28.636530668706374,16.945931630510856
1093,132.44914920411804,117.05497123321025,72.34529617542371,60.93083025573094,45.97175611666916,59.82013593742272,13.147818447298437,19.89490869059057,3.72244865782752,0.878536916981157,33.263355987561326,9.723479808959036,41.61884554491792,32.02191334132259
1094,44.55909172295749,30.71406325639638,52.542812788028094,53.612072942911574,35.531625505183705,45.14749871948519,45.64947751157437,58.68379964354826,-9.130442207538339,5.769759225458452,-42.691612476288185,-30.070798395222035,-16.66352349752304,-7.707505946620023
1095,69.36651221789374,70.43369896477068,24.02761596073707,36.28581178982303,31.134704975817282,48.745522689901165,13.602370876548477,12.987561582721161,0.8788822288893994,5.28160234913217,11.763250363290783,5.452159732087389,25.421197899438432,15.675176908051826
1096,26.421499475007742,34.19431230371271,25.775252342322176,47.03974286610339,28.98247379101741,34.710197978368306,30.224786658460854,48.43222654680141,1.0022978645723786,13.16293093480592,-19.67500539829091,-6.21237676985119,9.725829184345255,17.097582119238957
1097,62.719168939510446,64.29353518330903,54.92615151164485,63.77593690734702,42.93274062917412,35.8032806621648,46.375321221606065,62.67053340914042,2.157199986936695,4.852229399421583,-3.476342922090617,4.548663493438173,28.11994614869346,31.208617969883804
1098,25.584950899551067,47.0371502200504,60.39768173718448,64.8461048064814,39.46081775419688,26.896247669080743,48.01681303507943,57.82546072853786,10.431566343259085,9.328874805764368,-0.12118101931524627,-9.615993386998216,19.415684251880478,10.702766111245968
1099,3.524273990125085,14.910783833412596,53.18490324569674,37.52963728459411,38.034298909055266,35.5944119755678,41.89848139529867,53.03434360363271,-4.760660840006757,4.367074345971815,3.377680401808992,10.421422812764352,14.520133563877922,10.957557962348226
1100,-33.10422911236758,8.894005767244595,17.84395383611982,22.717523612140877,35.444535880920974,51.184050882842214,47.88661046241962,50.61340092139608,6.176041791323537,-3.676034705015267,22.52106137559798,17.23682866060781,-5.756465099136416,-14.694906277508164
1101,-79.56051689926714,-57.42393645366444,-55.856537496873166,-67.70074952159783,10.491401971552442,15.472676238394428,14.044803167778255,5.402960826545582,-4.022228250553622,-11.403326885371309,22.886236947333117,22.745734912069665,-29.55110863866437,-45.08174041848052
1102,-96.77735842746485,-78.04579590198792,-110.95450965003924,-113.55462002020919,-17.962242766857685,10.9666666880983,-31.07311129370576,-32.9030972773232,-12.592327061825458,-11.69997210049468,28.589979772756067,18.046057449760973,-46.16072974909624,-65.369554982924
1103,-165.33731676132632,-152.91048309897866,-162.92108735916838,-172.07307727862096,-35.11752033826031,-25.30903341040937,-33.34467863207035,-41.13277820051901,-16.762984982764745,-18.35050481712036,16.241879411369734,-1.5703616031765082,-65.55042619273644,-84.86638632511928
1104,-142.90025440663456,-147.81374967701126,-168.12737945983685,-162.57789901608706,-35.817003038844,-33.14400816199951,-40.79417658548489,-43.629788849739455,-23.285313772895773,-19.910363322810603,22.93354948505233,-2.434533774697864,-63.20208422624785,-82.16504875940582
1105,-151.65364813570568,-152.60516664456907,-156.6019846441506,-155.5124822191412,-48.60550557546096,-32.273732975545876,-42.39319205056608,-47.97862657705651,-16.873924808732884,-23.193129282897107,-6.295385821820158,-13.224176785128817,-73.233750525904,-80.85827757829472
1106,-144.36903950619427,-165.25992305643197,-135.59805310195205,-152.524902072024,-62.37317865127163,-59.74824033372773,-53.711269269716084,-55.60278371225253,-11.845160372101597,-2.467597602253236,-20.866698068175698,-12.447145155491983,-44.43702952729627,-60.59011572135598
1107,-138.81239916087003,-139.72090694652323,-91.16417533039554,-88.08235224285764,-55.95175961242963,-36.39632359996913,-47.28833673616602,-41.744294527406666,-16.98232701275518,-7.8622389256364205,-40.07944458770782,-9.03849369148087,-46.67856875067877,-34.72291061983995
1108,-124.03900366123156,-132.23727653100252,-50.794057809571854,-73.4675882618319,-67.72315736690152,-49.41044220225045,-35.375572693494156,-38.338582379417936,-2.740097533232793,0.49927347495014684,-65.44644348020307,-12.617209793895123,-34.208263833431566,-25.21527463171751
1109,-61.76435856897209,-64.17096669080932,1.8422143427759998,-23.006726426981462,-28.089696594347394,-15.305669601313966,-25.435719906074258,-21.23792140801899,5.148388496745619,5.401991710498246,-39.7010030449907,4.821913511663423,-3.1062177487259603,-7.736284597350257
1110,-68.12720012842547,-71.09952039870757,23.34244580542521,-9.3940087719639,-34.32901971813182,-25.04591830840119,-3.7436727982380575,-14.044218228526947,2.5948805675955353,0.9939916548786243,-45.921377562034245,19.38065623920589,0.19214873207269698,2.3673235526631924
1111,-9.277630795609083,-11.878102453670992,67.96985625345836,35.49849024755709,-8.175114791597064,-5.6435158357295,-2.4997173745096313,-13.320944731453443,9.520250777105742,17.617846057925274,-8.801789171423113,24.312343894982348,34.31484063794616,46.53515447058589
1112,2.138628992205715,6.119174672877255,97.48420151797002,72.54615487190247,9.203670313708514,8.693727261193953,8.834248635428052,19.439026253027414,8.019297344401588,6.55939492035108,6.867202648878455,22.234371033612074,36.72609004045034,55.066750751472455
1113,18.50504873067195,14.881386074635948,86.25293750543743,70.3851061137417,-5.513212098168681,-21.680879310693463,1.4787628305346883,-23.983345497054433,5.889131302548628,14.267005761846203,-4.276422561946639,8.985752483222354,45.8949714206702,61.48705548027501
1114,51.74317832505062,50.76983363373107,80.20332091472561,76.77752979628055,-5.272259776824687,-10.853522937504477,-9.065226919476913,-16.90330437653377,14.229095076809818,13.052160296730296,10.73424487206512,17.87991590623568,62.72713243283692,65.63955765320007
1115,34.74195250359315,30.19225606554724,80.08101324645027,66.25529301611171,-25.613231191328133,-24.977259068670747,-5.155909512905316,-4.296966690152,11.847968260492179,11.556773538740378,5.875313465039461,18.222752032055404,45.69450357056564,48.645119065048924
1116,45.29168201146363,27.22278184718856,41.9575623441414,46.06160604897161,-37.47392579355334,-57.096766492884775,-34.13738694160045,-46.86849191995938,6.989519069891062,13.520465854994558,-25.55045915679188,-4.508872779211925,43.30655226150059,38.81377761888519
1117,53.71572536083792,43.358529369174356,38.12486248399617,57.57443771289749,-26.723849429011395,-35.28280897894488,-15.006410415420032,-22.140385202594985,-1.7290586382623545,2.2840730135583884,11.375856119083846,11.726044641963774,40.58291723487231,38.767384749734276
1118,119.02452689633434,93.47342374790702,61.564769305145084,79.4203271060959,3.747868121921806,-5.482887689811316,-5.270900759927173,1.966920006260097,10.13030833025823,1.8155631928541105,32.594340370212926,25.83518406745468,58.6825901357588,58.66876810711173
1119,159.5998439481272,159.7149908793575,123.58934994810052,146.20466942161545,55.308722047111985,53.50144798098524,34.2944951203178,41.5747952837238,18.651729843285555,1.1332674732251924,86.5058597727243,54.36566555730303,68.3408217885098,45.34354261421848
1120,165.0015778611494,148.02262695674426,107.32863239095315,109.32070529258834,56.896727649744626,31.260933840084192,33.8327363343547,27.769648708620657,10.855621419643372,17.034025540662938,101.14680457883682,64.37142585676648,80.78938406911276,55.50233823044902
1121,140.45552790593328,137.38003925026683,92.23651170148018,119.49853163258413,54.49870135165919,56.2187395516326,29.046508094947818,31.47824412985434,11.347543165607107,-2.8458698948485726,102.57990720858942,66.6500773833015,55.175619631059256,31.47358248311865
1122,99.99656707464833,91.09530387503376,52.15676397201577,83.53869054104969,28.884770148975974,26.9961740002835,2.5450918773400746,-4.384996066198096,11.384498348144506,3.840499264741923,82.815407443572,55.641230212101775,33.53572841189747,24.867079703310356
1123,63.19523933529079,38.698163966201065,10.414518427197246,47.59865008235991,13.052276021086064,9.48685493700658,-14.289157494372475,-25.51964656011923,10.286275722144383,11.04764981514074,41.64028962051404,21.85370661047223,13.855132777837143,7.3369182653336
1124,60.253212244474916,52.665194931774224,47.3982856131065,100.96039986814691,16.497912897756315,34.99082090226339,15.924036632304505,21.944305603304038,10.502745629700328,0.6116256161893863,42.4231388637754,21.526064140403363,2.456873206743704,10.87911495118141
1125,65.02687816549852,51.69862706085357,34.31817518847304,75.0382808371878,4.363147467213058,23.94025044417375,-1.5257482557232183,10.718434014410159,7.375676958274959,14.56469907874289,22.294960169698676,14.151573950100177,1.1867985066774944,4.219252739466266
1126,62.74333271132236,52.641724007338915,13.383470730641049,50.746416284732774,-1.511214264097596,13.16130718469107,5.231826390837661,-18.98821831388266,-10.015202124839194,2.621212756133654,23.597658411281184,26.69572149469578,0.23942223363898826,9.403527810877211
1127,82.29534477088924,63.86785530466395,14.527133267927953,71.86732654270136,11.032970143805917,29.98238553516427,18.86820642230152,11.801582627516861,-3.101185909804015,-7.824365848599618,23.91471466153656,32.597498796977085,12.886012293268458,19.944697868407452
1128,134.65555650124756,126.95462829769713,58.7092625877274,98.85088223899002,64.77364444179125,82.54861285176746,38.926657944057276,44.571514778564776,2.9151279357293305,-0.6492216330881782,62.65975016888723,64.9793733047199,44.877605336324145,34.899071949173745
1129,121.69465546942622,127.77723779869697,89.76227363145607,134.53393151264243,71.23704146886885,97.32495339057546,64.76655762365347,77.10512293559967,1.731418085558527,11.872297922251844,32.84903072303058,52.98444766113645,22.202269209314032,40.36771157871658
1130,92.37537022124076,86.27504021228211,89.36778114309156,121.6511395712376,76.01289988038813,98.97535534361745,69.67218400833053,78.30325567921844,-0.8443068511448661,-7.4786103566719895,21.37353266765038,30.7766664214483,23.82547293219399,23.40628622421303
1131,61.06892534817364,71.92585889645876,53.85299820463192,97.52370484421714,66.67879322114038,95.22144732088346,54.04364348285684,59.207950308842655,5.603799497778279,0.5830265778821504,2.1325650608997,16.580990119335176,-1.2000862919141775,6.657010974422968
1132,18.87354519984106,16.82772649925021,33.11153538731474,51.42354401756683,56.13908981205126,77.93734747936495,41.7856418346165,24.592773815936418,-1.0946768511228544,3.1103465764307705,-8.479545022693927,11.938317550029607,12.678597760216867,6.800029248276489
1133,-43.56587507625826,-37.84725903362533,1.4557404127303724,20.53427353925097,28.388735439005682,52.857179421683085,1.1429417590078883,5.367098677981774,-8.708721861874919,-0.7521907926823355,-38.88130673667845,-9.126771857005883,-17.496895346373556,-10.561525589933543
1134,-78.81897559182124,-63.5840103071192,-6.2319724017101565,-2.0431920574558937,6.867063161847684,34.18784820187078,-9.429187113914058,-8.596880715352993,-3.3917673957097847,1.0469991962298426,-26.956092763965056,-2.601965680152791,-1.0488402360427815,6.850682361659378
1135,-93.7017107032775,-76.09541581341615,22.96701685765366,15.141248375905024,13.755374144922115,42.70101773329945,9.086952676759624,10.435597746769332,16.171882750523903,-0.16251657707447098,-21.443354489922,8.390394863015741,17.470603710051286,12.6430899138001
1136,-49.00168511608282,-28.823303407216578,45.58887436234213,40.61038494226098,28.112980648236935,55.222454071051,15.88227151911298,19.096945513478843,19.17064110925565,13.10010118354948,-12.51875540185531,16.665997314955234,26.724819586251165,23.864014253642175
1137,-77.51720838484442,-46.954026305101415,45.55781276734947,14.8441244727458,26.49485486679188,50.48329292699826,6.5439002914682805,14.091433535621196,15.476484343958274,9.75120051090934,-2.654817122490822,18.678568713101566,25.869780393677654,21.746277899316233
1138,-58.60851752253294,-20.792066701286256,77.92800178310425,68.24149891993395,54.41998743583815,61.445460736345126,33.68256566278344,43.571317737067545,31.325033893837325,7.510971068092591,-0.11189614522164248,25.411632484916353,25.94626635968378,15.697887168313981
1139,-58.73068502017161,-36.64663046734739,41.89276895972866,34.96987158437069,44.4820447691865,56.706644177121504,-7.177013711651408,11.793947404675546,12.292035441556612,-1.6021184679324116,-1.7265174435386939,0.5618480898546557,9.018036699561495,-6.948200388653921
1140,-99.23506629580015,-80.96977828167395,-7.629740368254414,-33.56777385840252,11.134453435652103,-2.1795462725016606,-30.725664478490483,-16.938069018015437,8.307453266008691,13.534571456543034,-24.383225801870545,-15.850737288871166,9.775858178795984,-11.571675476957678
1141,-118.17632507697736,-108.94610067253065,-34.76249922844772,-46.347779869892605,-34.82040521923157,-45.61671257621136,-41.562843822430864,-41.167104769609885,5.81685108508758,-3.48510373702016,-66.65070743529243,-50.23968846774106,-8.303753579203525,-12.857318769151316
1142,-137.35562741472015,-109.97984127594796,-25.42662865077904,-54.127766187187405,-46.8706601188107,-66.80855801177049,-41.180386683398055,-30.235843922486374,11.737548999634372,12.054907307563408,-42.038238714199366,-43.749189362374594,12.328388029163019,10.443075128640533
1143,-129.9369043656749,-119.25650172914914,-23.823870496425062,-42.958669420384965,-54.998423428730625,-79.50493430247545,-37.530961476251726,-29.266873681439257,4.232277440909379,4.955089667217675,-81.35498614322302,-51.80602053170368,-0.5351387344127663,2.211122135923175
1144,-135.37019287267626,-122.29231204098768,-44.73061986577958,-57.891284337200034,-65.90877299114189,-80.40247045307036,-43.352084972235716,-31.86659595778117,-2.0601209567998784,12.590452990432624,-72.26854535563102,-32.36330337047619,-7.926740916068311,9.980712732871044
1145,-124.59361782736742,-121.55145783355132,13.608302738487547,-5.1794434393370095,-49.22779446800058,-71.64521590479329,-14.206028264142647,4.150160929838778,10.222165290548736,22.864785246923702,-66.2943323565579,-35.73796621754817,4.329714482354224,13.970803829793608
1146,-45.946292805676094,-32.916115592942504,69.32228252032772,46.95263973938011,-12.913208764232152,-16.94748828376017,34.38695999272986,58.49006962453181,16.35251421390603,26.55766069245177,-22.526896844490704,12.031019240879155,44.212156285724554,58.86567884482363
1147,-12.250015805140258,0.3535693097185568,87.86973795230473,67.1984814845491,5.595996656256346,-9.711523484562644,51.07510134075384,77.52343844094473,13.383681710941898,38.39455315602369,8.50302250491553,26.031785994514358,46.78848743068069,67.34103486994283
1148,14.838112903678372,26.058912253700477,88.42538112327118,52.94134903709738,19.24757607264789,-3.382800437411978,45.65434837712847,70.0134729692847,9.692145654211663,19.072480650940022,39.15362142126572,55.13809459485701,45.535356917817836,58.97846370477546
1149,-17.535125315502054,1.6153677345999835,6.157787655937187,6.1130624854281415,1.7966256083294097,-14.048688589761111,21.18389317861982,42.159404026881994,2.035250504720248,13.37532879265611,39.6205290741717,46.0725782604313,18.66818342801511,31.466829354896053
1150,-64.41934929864291,-67.02823176736601,-60.234285884313856,-74.96734526213471,-26.32183224790439,-66.36601858121468,12.902620678369702,18.4830024312688,-22.957057094078365,-7.285696100781894,4.092195573391429,22.362336654381735,-17.710668748204387,-10.637526539533306
1151,-99.364903382416,-119.5783684968126,-133.83826320197713,-147.44712334463804,-52.428464154070504,-88.40438266092409,-13.721322752392345,-37.868133156495,-16.110882918116115,-3.332207818380633,-8.23149325063394,-4.046557894132889,-45.173470166176244,-45.560584469969065
1152,-146.9684533906575,-163.7127676142254,-164.30029219910156,-157.24684497237547,-79.43857779501717,-101.55599942721703,-31.714769437927597,-63.76293439613598,-27.596391761730768,-14.643564689182696,-55.13351376223777,-31.937366947846687,-78.90931192995612,-80.53815202442505
1153,-156.72923069942095,-177.37224066947937,-162.92301139508263,-171.46953128331467,-92.22770327555534,-123.98248205532245,-51.738092799644555,-68.16346610401436,-16.807839401834993,-18.807410223581037,-66.30949450877213,-48.27604065114009,-74.57356963744976,-85.128803422688
1154,-164.34820160935988,-159.31773402796284,-108.67289401837591,-111.24241282639385,-83.29970633038972,-88.89199315056074,-41.699275465028265,-44.49410800212266,-13.58224520485219,-17.1930780382203,-63.95629400401319,-49.739599992540626,-58.0373804109742,-77.4331805619048
1155,-139.02780384521935,-134.93332737940176,-83.66985278990674,-89.04318420777015,-72.32583935063535,-82.0896102795734,-36.23462570293811,-29.80941506482168,-7.928029989303909,-22.252801808188813,-40.08127286269676,-28.36167638942362,-44.46437274418035,-51.417785083931555
1156,-129.83481272928702,-116.83853702752864,-57.209690954175905,-64.55722522616682,-63.968656556247446,-64.02633645878214,-31.7890624368438,-29.146362098077923,0.07053403725944325,-5.892998542260678,-28.52102600155158,-26.473985350874493,-25.62730875658857,-30.28386600716044
1157,-92.59631412829205,-80.07631690661452,-20.52439844231971,-21.191260035665287,-45.04929038755455,-46.192790723265226,0.027033117457648866,4.197721681105149,-2.1751007510968994,-13.102119582041102,-20.803934065479,-22.194102481349734,-31.439668966496786,-28.788974704876807
1158,-55.65271883649845,-56.09572273872561,2.9000863717477094,-13.304782834226655,-15.264409824232544,-21.76633211584006,5.676112223966949,4.19247535029392,-0.3377409946929311,-7.40141081290667,-7.794319928475038,-24.339552006417396,-13.239733626670528,-13.763922840868004
1159,-6.398474890140689,8.437203194670241,42.38454199171306,39.457014217416166,2.910334836644822,-4.3980552760844525,28.535663798488137,36.873405922352944,-6.7927125470278895,-19.373472864222713,26.2124897980298,-16.647155171357007,-12.232357720565838,-17.319349350039417
1160,22.300164599066242,34.34065394538041,45.74754920055756,35.550114875296174,21.05299552010208,17.03545090254604,33.69375959277367,40.08938319582219,13.07656244107194,-12.318128544817759,37.70501586437955,8.51561671317484,-7.218285353880347,-7.71995967312041
1161,67.95912902355539,62.771754794661895,79.57041962910233,86.10086205121968,50.68865303567816,51.96749741963062,69.97831804865046,78.35368807684713,7.487360783099521,-4.84529432288824,30.87546083461185,21.034008714183116,8.168532881354226,1.8269622279115432
1162,122.19455922547814,134.75005993209368,145.80496668940597,148.06092768129224,99.49159317492314,101.17774048065418,103.80872162617375,137.15055916305909,9.999073664494594,-6.270947978856443,81.48453352511189,61.24783894835954,41.48324567110545,31.04938834442905
1163,135.17751401671407,149.17010050301758,123.37594737780971,135.01888085271005,102.19887338375472,106.11464018459226,86.79177228868278,118.16782044615897,16.887501179542536,-6.287616326972268,86.34852393605549,57.787033353158535,56.96530074088369,27.110399054110164
1164,124.29346194666108,138.25190540600855,117.72241926299552,124.33812933025806,91.53186968735166,90.26860911589354,83.55357719956324,108.17650900401104,0.9945342072305307,3.5743186615819296,47.94339654683742,29.2172972441589,27.001254222847617,13.443395482910036
1165,106.82777624645668,99.98115850033618,43.906617131168794,69.08538659805238,62.91722469328299,56.96126576349224,34.6847146735319,53.981396481583786,-5.983817490289694,-9.71678352316685,27.489314729131223,8.771154114810754,5.1372344020401295,-19.12593668322268
1166,69.24060758651586,44.80341846366878,-3.290856119658386,34.03828268683654,35.8708685324614,23.538858589621046,29.70313745860695,3.47597770924759,-10.811579768124616,10.005901158570678,-6.1803366479016,5.493162515308247,-13.930699608123668,-21.885789735252537
1167,14.438731870264624,-12.216276553914339,-52.64362936322928,-22.0987255547845,-3.0748074620282857,-18.309477196541014,-8.525905318555473,-24.152232905352093,-5.4289040002028095,-1.3887023295018994,-27.529096231184806,-6.4813775376000615,-26.243072827641353,-28.801853756658954
1168,-35.63524684644935,-47.6016097669746,-54.538516116128996,-31.956111166709814,-19.45662046801725,-31.046004798385873,-20.547979777296348,-34.80757914772755,-2.3231366497004853,-9.332040965212826,-46.494713029083854,-29.148221615177413,-18.551698503042772,-31.17978518306651
1169,-37.40709076512826,-50.8602402966867,-21.22618461071419,-18.434986287044527,-36.41823373977313,-36.57547429045498,-15.710446947849531,-21.51891333402474,-4.2021016892239205,3.787659341229562,-41.448132880211716,-7.679110689557643,-4.169892198030581,-0.4579702092656742
1170,-44.24533316199402,-61.731204802018844,-27.323136086576284,-41.18420282692177,-25.051704799617,-20.593383277676505,-24.74991913996737,-41.784677114091146,-3.510544788676175,-7.650048922534893,-28.122133722535004,-24.921713372359765,-10.304955980487023,-15.244072013784177
1171,-37.24217159003873,-40.99430857310556,-34.20225781701817,-31.8111115999937,-35.79092857489454,-28.773608873313268,-19.1216437770789,-27.811052662992324,-13.520453520230653,-11.002910356303953,-48.17765964141246,-13.960106304130619,-12.44889937965689,-10.72466936114158
1172,-23.49123908499941,-31.90836022402909,-43.303978184772916,-73.10323141524265,-27.357327899180245,-29.988197421359466,-52.796700669276575,-50.983493422873686,-2.4755095624004313,-0.4552775030845666,-43.27613058766392,-20.11034660044006,-6.24717174922572,-3.654988923445136
1173,-0.2486436888469162,27.072183051370743,-7.399650678421012,-27.69156935902468,1.9386099276472235,14.030020409418032,-29.641343823736808,-27.192522793440084,16.701177073112934,1.5465000125143429,-10.798713022563975,-26.83135170877124,-2.4042421496350577,-2.17204077238204
1174,12.081217913187118,33.847479580403615,-4.882195217174381,-24.77787972397057,-6.550411750242665,7.852211198061328,-32.523083487357106,-26.732769159813593,1.5053084807265165,8.722504194541317,-14.610785614502369,-20.16522208924389,5.549748724450794,2.166404134440934
1175,10.447865389811348,26.77271595933021,-19.042116200402635,-39.43399797456276,-7.884831215373738,-1.1795621611771507,-33.786603405276324,-26.03725804134668,-1.240772237189048,2.3006848286878063,-31.684759159513582,-37.05312396415806,-12.445018316701736,-3.203618371615411
1176,23.22146369094468,35.98814807790074,1.596539003267648,2.096165951618805,-7.297233943918791,13.99249519991579,-30.160596977651775,-12.770029411086638,-7.912345957671068,-6.062468051934684,-39.67216551827573,-35.795705013087066,-28.439307504678318,-8.200610485209477
1177,25.231015589740096,21.865336875142432,-31.56092514862232,-35.785588290846746,-26.759547339280317,-14.109618606236577,-52.05795070561006,-48.75834783133256,-1.0518516368268045,-2.847647435963108,-34.26212562974356,-40.04125624938988,-24.972198961776755,-19.482571214812484
1178,55.83836797638873,53.80322707401247,27.123048335270713,19.642727317366838,3.433064080039877,13.605411977875148,-3.5586700401616786,3.5813123711946844,15.367803980010665,-6.529627283875512,9.582403652795021,-12.34415070949659,8.452243213352654,4.657755028192161
1179,80.06210102505105,65.22331341097536,54.77578644949253,43.96492860615982,14.45454872096704,20.036754735834197,8.780094038911445,24.19763138628757,8.688134902723343,-3.2667111067010612,34.77011065654611,5.2056116197326965,14.053057524372438,12.679513715563427
1180,106.29006016879356,90.61527454715953,75.19197446249787,73.7988645131637,29.75617278336595,47.143438719528866,26.15167411527318,41.56434469297536,16.168591574005717,13.702226782737071,42.9830395092703,16.993975478256786,33.31950660604659,34.359883323055925
1181,97.70640582068756,83.04272325060457,84.50523717822352,101.946639218252,29.289218434017656,41.93825867430932,30.497965878324447,47.615642079698866,30.150036878596836,11.822292176338497,44.497400783783256,28.75500089968419,38.36213364271624,45.16064604467291
1182,45.547888951782596,23.593431364073076,41.20007692263661,49.60361967448323,17.927036163979693,20.14230689768619,21.83742952621127,38.461020948675525,23.62040207154806,5.004384927370959,33.01636639528576,34.46877991407477,28.53491947340195,42.64360528340246
1183,27.50125794960719,14.67276012294387,67.0164959676287,65.87850404362587,10.344343107805894,32.22628782989538,17.47729389552668,29.674915964838647,19.409196153897657,22.581700699369957,14.240859395231833,36.56119994342626,36.7592202455786,40.54553908800507
1184,-36.47121967378747,-68.59174987141472,-4.820385355264338,1.5280795057714562,-22.211785495117972,-15.391752202114358,-11.523224299536125,-4.185749546728995,7.866941965680268,8.61561153197663,-25.717916776428936,17.759234956933028,8.861746861009017,19.277331578358538
1185,-38.430754391801116,-54.38176623640026,3.234003182441207,-0.10735045329641935,-21.843126949627255,-19.489484310046038,-1.389539469014505,3.7994295619578162,4.997131036379524,1.6898034044788766,-16.41336622819142,8.21852286868544,21.805553211695536,23.32879793578326
1186,-28.367807574326214,-28.0086917919041,29.0916845286078,21.88183961834564,-21.08019651299477,-12.622586704592972,15.300557185766603,20.49184420097654,12.653574436480817,12.25151725515046,-8.665951433250154,27.15956603605266,27.41540569717803,38.2266734025543
1187,-12.95803591299031,-19.718666948900108,45.25989373971591,35.29765234670404,-1.7178605582019966,8.784834568335187,38.40594363035639,37.54487272750128,3.910609050007474,10.170379610164868,-6.492259730363015,27.6544324391822,34.03204961188575,36.77349461189371
1188,-47.1090317830055,-25.23169182287045,6.7464929027481375,12.637167516899986,-27.700689228239504,-18.632548856858442,25.015604754045835,12.225449577298146,5.1554445484678295,7.982006212617199,-24.396912200377837,-3.6979740154477323,-6.389959207825748,4.334894169956694
1189,-67.94732204926446,-41.992827960690406,-42.84475350367256,-46.62183591608792,-32.276566754772226,-41.81389369124337,1.5554095518974158,-7.182786165370045,-7.434565948697336,18.631262963458123,-32.111776678427624,-32.00409492378914,-24.903543970056432,-14.033034343272961
1190,-52.83846915182409,-9.929459430036607,-36.28919420423875,-8.623217747851683,-28.090855266675636,-31.89730111099908,-3.0558000282953244,-8.513612078449924,-8.650744862031614,-4.529239423085275,-18.27588163213407,-31.5814289645702,-32.692761578591394,-24.263491889356228
1191,-49.57799803670644,-25.7880962332324,-78.2896147745191,-62.26254087098549,-26.099526502653195,-34.48784316834273,-15.718000016125506,-26.95950598390928,-10.65415434357941,-8.562533485663845,-21.574212194073475,-22.81158816582642,-23.751038934012584,-37.83440538541802
1192,-40.964713455287196,-13.78573848347913,-69.66365018250393,-44.11723235702646,-8.152136109614807,-8.28562276081027,-10.708967715636144,-0.37078219241489807,3.5175978648532396,-3.68104170929138,-19.37746372648679,-31.144223312570197,-17.71981739754456,-24.678301758993246
1193,6.515552374608848,29.885158902307328,-28.014923001751615,-7.17366982188487,15.583365647586021,10.536367242512995,16.802696795831913,16.287377248665358,-4.205971840742771,-13.616704835151124,7.9203775197779045,-11.668293172265914,0.12789140768932747,-9.380962069509962
1194,45.36061085929578,48.6372385084055,12.105439767480377,16.87801100985579,37.47276241062009,43.78902191707836,16.373116111186977,35.866882951486744,16.359244185342202,-6.578644324830696,17.029512521305296,-9.206694590927839,0.3028165796936593,-10.46249314111776
1195,62.919391660617265,72.357036528332,42.25127288432018,56.37491935340245,51.05522664090212,58.53893418738078,55.32954161436603,53.550859866680014,11.491391464123788,-7.105391645405877,47.666531622764985,17.75946121216881,4.531928028599006,-8.071396320719602
1196,31.819014029397984,45.07071940285628,5.043122601583461,26.45869091305424,30.068780182267513,36.42032993361203,18.79043909661727,21.78457002065748,5.822055268969542,-15.29545249580218,36.21619648127543,-4.898188416132848,-3.2681721872536236,-3.16193276892635
1197,47.12202025269195,59.878680834866955,0.07494758321996049,13.997922075773463,12.84789088053066,25.000130824272873,27.699964348822057,20.059698273579123,0.6339171746391421,-2.0353695879183937,16.186084193035814,-8.161263909143234,1.2242205214708122,6.909558962443544
1198,44.87443560675582,75.5628473649059,3.5902624050825955,5.288105791993608,15.507996366640405,30.424476265387746,28.149468562695567,17.052795342319953,-7.918373399210945,-3.070154870024023,13.826412634404804,-9.718253071973834,2.803726001274134,5.589999444975747
1199,38.89619194465856,35.410894536677596,-56.460212911377276,-73.89406953416824,-8.950382331436572,-17.390643778673063,-17.39284698211988,-27.85680631559091,-7.360289473934895,-11.711626732792778,-36.32263177332571,-22.713469823816606,-15.198882327431928,1.3470738179396073
1200,55.81722573437998,72.46962042000985,-21.845091151747074,-40.96069022410219,6.92766649921605,-4.498282934259737,-1.908674361686843,-15.681782754270548,-5.203596232067824,0.7236360075321131,-20.8638051399615,-12.890778418244711,-4.859579873816697,0.9461849106367175
1201,75.51634909385685,67.99227952423827,30.970948457620793,7.900241905906204,17.66556649788181,15.884412961956318,26.27749444442076,24.4770332609069,-2.142435500640469,-5.5343498147,-27.987194460172322,-8.867634280545863,0.495626599733485,19.975099177179217
1202,119.0154816881656,103.55899074625944,113.60023989636339,82.59062374083045,56.01313361689316,46.47148431236264,92.96106156076569,104.31351136342778,8.379094717023333,10.70844002132674,21.879410544034148,11.537165138012874,37.98342368815274,43.770530206964125
1203,103.70913958338886,81.31517402512384,106.77847749682213,71.48087092174245,59.876460609167765,59.61638016683305,91.67762284189847,101.9340362122769,-3.8629912630954664,11.768810405328615,22.302446049108283,18.206208356870118,21.37795584273029,9.214418728229322
1204,79.34291088603383,65.94750378216553,82.28722153626994,64.22791459454788,63.490544068986495,62.544290700502394,90.52169842910095,91.28922417452758,2.336647286047333,7.896505332269462,16.408022688860193,17.8232237152394,19.77676679790176,21.405716678699196
1205,43.67789950639692,31.523941112036017,38.89993199773662,24.646324226843554,47.93325294131048,53.09234926205205,50.45254964331861,50.35900532415024,-3.393536683300679,-5.328973432945036,19.33336445055773,-3.005461129882851,11.510344670551,-10.139004577628336
1206,-10.605254367859038,-31.383141969570524,-32.2436367453253,-40.33301599412528,28.555431854913653,33.75205958119534,9.938513724545814,-8.396593689600987,-11.222780402657499,1.111288253588969,-2.065950987076584,-26.961537360693377,3.3285119987590734,-16.878065040872627
1207,-48.68355124396497,-61.692023016930975,-61.0722494684883,-44.10172020123879,5.814223940657252,10.77185692492249,-22.65219660727227,-45.79083370475707,-8.791548059495435,-9.124630460822866,-6.943230756233649,-58.721200142295565,-33.99309337107588,-57.846025197048675
1208,-93.4566029218733,-100.07586951568635,-95.26969129090007,-77.84952732311027,-13.369903662029706,-18.546033678230085,-45.91269352897463,-70.28104529657632,-16.10361278298397,-15.506149329283136,-25.011008941233584,-79.61276629556488,-49.40459600136522,-67.857484321816
1209,-105.57610040424836,-113.86042580670215,-87.93974845714918,-78.57639384553651,-27.520059131073232,-12.59540782910992,-60.80657270378597,-70.74471479063968,-22.804539423528738,-0.009925166311800515,-24.533121927350432,-64.12044975640828,-47.981053900976846,-67.13925769256812
1210,-117.81074869718178,-143.6860941813598,-90.9777827844898,-74.44115062061523,-45.172187404205864,-36.468811772292895,-60.595484265131276,-77.79708662355559,-30.58914177051483,-18.88894043632212,-30.293225754634438,-71.7969175276479,-61.95006528104345,-80.88642358912593
1211,-86.16390159037516,-127.39066204695605,-44.8577305285501,-40.06509132223854,-50.479852089397625,-21.896633723046012,-51.16097696005046,-53.655862882952434,-24.866555778272318,-17.879697385034497,-26.42527693048798,-59.28391310944721,-29.100806805946142,-57.90985071060393
1212,-37.56969083677854,-59.803224297163055,-9.422269786240557,6.327654411012198,-34.48977843389028,4.1687439039992205,-21.945721953855102,-17.112937172211513,-11.956726859780305,-8.849513722976162,-19.077145296863723,-37.667249780672336,-16.43367523528377,-47.02746764330232
1213,2.510238781809145,-17.698912566474803,13.75613925031898,18.639915370956246,-9.179780320880301,12.376379989206843,5.256669791165584,14.614110344335279,-6.122966814051019,-17.29106073799226,21.261336366781258,-6.46028908307115,-6.90695737894204,-12.880649955937345
1214,-12.015217052851776,-11.770926546403409,26.84072867583673,44.00822002288924,16.823050875429523,33.12610941126601,26.81352406093874,30.858358762110697,-8.954282538230911,-12.450412619539083,26.2437906640638,8.622270813756996,-11.124334478318268,-28.315695080504746
1215,-5.597562891466064,-21.567992695915915,18.105817598497,40.468187978709985,16.4611423051084,10.864760483691912,31.99150919054312,33.75652318407663,-19.792140462071497,-3.419930723550862,45.60981831871914,37.55664753954151,-7.184114393866048,-26.248809627899547
1216,-40.43893393845212,-49.980877674022445,-7.431807219686349,20.54523811499491,6.942005195120681,10.427149076989112,28.1958796438924,28.430039261321856,-12.587329335651196,-9.301149780812157,41.573883711514014,44.793147932053664,-13.524698226644034,-22.13348512880522
1217,-110.9964154846643,-112.75820414936467,-62.614433150603695,-25.290502250373862,-8.034965818499467,-28.116898153165913,6.412113604095227,-4.450333339590407,-19.444510100600002,-2.9999447488428537,4.9361712394024675,3.947688930396863,-57.20258806975335,-65.93506018410169
1218,-151.72087883352665,-152.9463830034171,-29.116775052819293,-15.43758824816071,-27.49813326823853,-32.16838852222102,18.66860140331167,-5.312179930051075,-22.798261327403193,-17.08815421474811,-27.47109480587461,-20.49539408774377,-60.13996280897306,-71.56777056930214
1219,-111.05714601192608,-91.10536588498556,-8.421446481211456,24.51121921828034,-8.845939627917094,-18.16709164036153,30.496888068376432,33.101009838773265,-19.352825114481494,-15.799780328118034,-22.914679140496375,-12.181157659480439,-60.730752676037305,-67.55437950474762
1220,-93.24871099603922,-75.40505901914366,17.027429672248747,52.99004204943057,-1.6344433038478208,-2.351244370746908,53.87536755189951,56.31299499881635,-20.410394131178997,-12.351054075739851,-19.224257455643833,-17.54527333805081,-59.49807853206367,-59.50987193703563
1221,-27.48894843428314,-26.400292486926094,31.965108036061824,54.822584157884755,-2.7081231215315444,10.774602545258189,61.98102357037328,63.71790787484988,-0.36343110531991724,-8.44004313476616,-0.18533897476445083,-7.77952302364227,-28.21449825999517,-30.352504328957572
1222,-54.415102429808954,-46.40589786061495,8.053458741443626,26.515587053098027,-18.11763288014026,-4.199989772439612,37.01273751140844,40.01843316429884,-19.2871445668582,-12.842218442423087,-11.088118650491907,-22.300007915997192,-42.788093858866915,-44.597985739228506
1223,-23.021726484172422,-5.3603422793690525,38.76872669499077,76.30477298063526,11.847166468926861,14.49720122617532,65.77261266159782,69.42409561067358,-13.106111914905577,-17.885951589688577,-26.252303319298655,-4.792164273803109,-33.24847006664887,-17.165827193873152
1224,18.380830156380576,22.327379291144542,43.41384577739112,45.947780554446524,29.656095148038812,25.553290721583064,69.72036996174907,76.62397464289172,-9.614901315779726,-13.759340159176576,13.154307581224334,15.171171967573404,-5.150021851447183,0.5123028742324077
1225,60.4111745858671,76.10169596791363,94.52799108653187,104.03563658588095,61.004590793268555,64.82556601289681,65.66144287798595,98.61275682909653,-1.1710835776794877,-9.573431996040611,21.56960060889915,25.340018642650197,7.571952077133175,22.02496896416685
1226,68.26375393150084,82.68694063460882,102.37573869368735,136.7792654322888,70.80590789746185,84.68315649810714,80.79946339738298,111.93413050602734,5.999989568037059,1.8414115549471437,35.92098519179735,45.08994721085961,16.588334334214014,29.860955663304438
1227,77.42579060796686,112.43525748076463,112.32662597096208,153.00528216990463,82.34057136617618,107.1713427158013,77.79771122942512,111.18494500410982,16.724009039230307,12.322782508016914,47.99436953504775,46.46031927218456,31.30800295838073,24.615978011928554
1228,68.91004524134519,88.15291585566541,62.44839233296,116.93116559616155,77.54250191411217,104.68148203061068,39.30978575897692,68.7484014354549,1.3748270090294454,4.739187803109086,36.27835823962638,40.59801260915864,11.900212153482832,11.579612515053459
1229,81.77415389262372,120.14351257609646,66.16337262969363,111.90208497044247,75.07870499972606,125.20191519511343,17.715674393780297,37.022241181259275,2.237325375088444,-1.1393255510532312,50.540623789961856,33.08059949513419,-1.0667060039982508,3.198018493565516
1230,60.24079705984471,81.800818134266,7.989077747698256,42.39635466571297,50.143782358182484,94.51801745978354,11.889601395412546,24.14491738965333,-3.7643389101075377,5.913590645264804,53.835984359943325,52.50440825921013,-0.31706607801787795,2.058836545808382
1231,17.831376748209657,57.81434895851049,-12.634275102292158,15.71612407533917,34.53064141209922,78.35204037602709,-1.6949835870468364,5.856715571153708,2.6981091050270636,-6.451370891245328,66.35132734155434,59.328264252866525,-1.1414424654660624,1.6054118511950497
1232,10.411294197229385,35.47451604201652,-19.560407629441436,-20.640661986684215,24.134723985639603,36.996742377294346,-9.621873993171404,-4.381023672696516,0.3020460161670435,5.587043596717911,70.87772550493143,51.21989108765146,18.962109026300666,31.762757103837668
1233,-15.610779729150579,-1.974089533067124,-16.818753432678708,-29.60583108587769,-2.2292460900720235,13.543463817630936,-14.028727857836737,-11.562246236914685,4.420543007171165,-1.874545355758682,70.30325293341689,52.032064122747066,23.001224472979978,40.058156887153714
1234,-31.693575728129783,-18.112806349231043,-26.714144948842588,-27.785785205131738,-2.643760157907877,6.253425114921693,-11.196863425689225,-8.398837560524639,-8.422025374091664,1.9211383095021795,75.75009055783521,44.13368724748423,15.877600445993822,33.039970876846986
1235,-34.040080922329246,-19.840955324229355,-2.6179576581034105,-11.430288051372465,-2.3476854379421823,-12.680591254294123,-19.444945358914218,-5.92941411137347,-7.408668502749205,0.346589120623892,74.86651993986061,62.52658845171048,31.15901872564471,43.17657571963298
1236,10.197094632233513,7.277547915495302,38.18093042444966,24.950033256044584,12.390812516040235,-1.622204576338449,0.992651360492286,10.811857721235635,8.011354420550852,5.712093670488111,81.08378046409885,40.499705869191466,57.40753592526645,59.00942421638585
1237,28.89513080020059,26.319708084881796,77.1949429546679,46.936195056666,27.900319986632173,5.807809783038666,31.44116776609771,42.27620947361263,4.166504054934085,-3.0617091819993734,88.24084029204946,59.62440869523122,66.88775629700321,72.45720610242317
1238,32.80413611865389,31.820345294128668,90.63821177782927,45.465271935796046,36.09591387096128,6.605890282086612,45.85168391624289,58.7915155661723,7.367071794046475,10.890820137994307,68.45460151658108,70.72468864055946,80.93799759077457,106.11023647582861
1239,56.21385497826494,50.66352599745167,92.02320033928429,62.737289635314056,58.35705066993193,39.48320774700938,58.92948595740943,70.27065754377966,13.422807335510768,15.064965889940625,67.48110150397841,62.748002661666504,70.03321252302072,86.16760119446431
1240,11.668360956262985,1.9836659210809304,24.15546068332074,-6.599953307208038,38.12804011254202,36.049244579335564,24.515501341592003,35.222932366491065,1.5217172554775615,16.084093861529006,22.409993802851332,43.229621066554564,38.36595967871191,50.11807989648946
1241,-29.95836844037532,-34.52578107476201,-8.557028362690295,-26.02432016914278,35.656813852650274,33.896383508324085,26.128826938531372,35.81828841690818,-9.3883005902229,-2.219225280407432,-17.225100362452935,8.485533712171243,-5.162804053906583,4.675169552087203
1242,-83.50735705290884,-113.14303698905043,-68.92872734596284,-94.41865841736842,11.595689590620848,-7.248414617610357,7.424995402114885,1.2630896088478323,-25.004695107418883,-11.110900519705716,-74.87872701849433,-41.2284002977498,-58.35043094614279,-51.28667690473706
1243,-99.51837121779548,-92.50902082482583,-116.1585381431114,-143.65133390882343,-53.21668342078283,-63.4471952253802,-58.493084626099645,-74.55057283443503,2.936517108471186,7.111302121425695,-34.8513085076534,8.436205749314642,-21.72855775197922,-9.991649816806868
1244,-153.44321235217558,-178.16416905881582,-140.44226508192108,-134.47156321378387,-62.257200012754794,-88.42678002949346,-28.522699686418143,-52.34521332553298,-6.240378678043125,-3.6169010578474206,-98.53038463795436,-88.97149253575034,-65.88627019995674,-73.86352764295098
1245,-175.89404124137613,-161.17278348300061,-165.59997893187304,-168.29191515726382,-86.87013071226451,-105.87137458108523,-59.41817520961073,-68.94874939968182,6.382707693907105,4.333597970348724,-82.5335803773277,-53.60192499748917,-33.19640371572383,-56.980463357241085
1246,-162.36292690353858,-145.70745332166476,-64.12195728761881,-61.138019646905896,-74.09488253877524,-78.62824975479002,-12.047938235452083,-17.32424809534104,2.669476177103872,-1.9009200761090572,-105.4137417580593,-74.95160151434848,-36.07744879097482,-50.460936954860856
1247,-74.37784302284977,-62.145701128674304,5.747201608103261,-12.504790358827055,-28.562483626492376,-47.58815343838544,-3.132562048172503,4.322518163869261,6.301237705027066,9.118367112992708,-60.37201176314903,-48.572675506250675,-18.836479803944634,-20.73993474493221
1248,-36.76131828857471,-49.72656158617268,41.28671096021452,31.325555022239964,-20.078915146545018,-31.746245079434306,13.188219352076805,26.975286752967456,10.26670485421357,5.209339928188157,-44.622849765371335,-31.17305723195392,-1.29162265784601,-13.630728040546286
1249,-28.01554982993586,-53.98697557209944,17.29286130129916,15.338912658820952,-15.809451407254164,-38.37657558791161,-3.10149051804553,-0.287949505593004,10.960378509396039,5.4304739659096075,-53.532101401361125,-44.09558067929243,1.2863767252119909,5.5688762876487194
1250,-35.601750619305385,-55.75284262801218,25.98483985361887,33.72941140925263,7.802292974942832,-25.078941566456557,1.2086666536589559,24.914252147364596,8.002277659453222,16.81250816533138,-38.55039557867321,-29.323340314011105,4.055818756035967,9.122980809812931
1251,-45.619703553914725,-54.31362598958443,54.247767700156665,42.12893368909241,-1.1357963552566834,-19.628595470143463,-3.2513736539701097,22.371362633813952,8.292558574822822,18.37881156311103,-45.78406264618967,-12.787815517652852,20.15498442743833,28.057252011210004
1252,-85.62446303620472,-79.6550900211716,21.505274807025256,17.942778756708776,-10.355648033133042,-34.838226769213854,-10.476793024974642,9.00368656956132,7.458004573676781,8.34916421971464,-39.33869299764707,-31.93826657190974,8.484957750621192,19.32835091116381
1253,-115.10197440396723,-116.43193224588138,16.200799241255524,11.920160024105307,-22.082460846927795,-48.511918829634325,-15.780527758313388,14.47508612078775,9.367259726146832,14.003371902307457,-37.0809102984391,-16.078518713448187,15.83241568397631,16.25045454926062
1254,-54.869353083419696,-56.630923421887104,54.67338093294358,55.49955141769819,-2.7190996534695513,-10.742378004665316,14.426205218259327,44.79925504600348,11.274674983984744,35.73421545452913,-17.61544105816936,-13.619065580316144,50.946497101633696,58.53163926648445
1255,-6.13632826569005,-23.360228784108436,140.7066189502147,120.94464112094376,32.959958698160975,26.082768784818995,67.9662605849504,104.11664230039977,15.781306055623032,18.002326139651576,32.89167692580922,22.69518924844117,70.04752471772342,69.48665334515384
1256,44.036775230405624,33.9322346815777,149.39552235720117,135.13495460731923,55.16080745879462,42.91694927359756,53.61964594759475,85.86434983263143,16.365268437950828,19.929091098428756,20.287140219427318,34.414337549935425,64.12342908486818,82.0696273159392
1257,28.493655816416606,29.774307509048455,123.52009175714348,126.83779154412487,61.509765076618,49.836609709671976,50.452010506376084,80.27744193657091,11.6819286419223,27.036922037200544,47.116330302593596,33.53592046965169,62.58431477313638,70.0519967165071
1258,28.140632645343658,29.294198955515267,100.85261614807833,134.9977277820546,32.8440617477358,38.927525360709296,46.44201936853686,52.05663565191635,13.774703789081949,2.4331575584680714,22.55466273706707,29.27667667806572,36.42866263952653,38.70459190514623
1259,33.176133693390035,25.705105434787043,59.66550623847284,84.74020139221588,41.659440925940764,15.095053109827262,31.14438375984321,16.364507938377105,10.646415548249841,3.2795332507385897,35.662716223764996,10.839443564957596,51.54863306686623,27.27255718400646
1260,9.58128943129695,9.406399487617147,47.80556183547244,77.20786793016697,-1.8736738357223635,-13.77476312360515,21.164306922521725,24.33293834123136,10.09526807419907,7.907618595501543,-16.45045792606868,-19.460415296937434,25.254456933974495,23.670246107142546
1261,30.117750415606427,34.07471643378613,27.209955767080178,31.55033977997119,-2.257600118871511,-25.55925223306097,25.21640032491178,-0.9289250403436498,11.10579943049273,14.944998108225217,-11.126232581501068,-25.7735600570269,23.258191498774917,29.487859971862793
1262,29.149760881134526,25.304995112718007,70.0611724104433,51.9124679614707,1.3745073555405716,-10.605826453980942,24.550978640948404,15.792343687514052,5.378803215560867,6.620977186016357,-21.545388237847057,-28.769692155243742,-2.5465766940960317,7.306898762940197
1263,52.68388621162893,31.475474351692938,49.72353694109563,37.03920266238142,-0.1605996530746916,-19.895577816857205,7.057082039314523,4.072923028312376,-7.9369796684445335,-6.963678946792333,-10.661774059226024,-38.91735555182826,10.082389820389096,12.131952689114065
1264,107.24017712929741,109.30414996705588,117.63732627748631,105.74365792553286,32.653592010847845,21.486749396653096,69.64010242661296,58.04960169149422,4.86366013951556,-8.361469113148244,30.693095203755924,-5.680582893694808,24.689189162126464,21.327529721420305
1265,91.10084692615618,106.62725818531806,119.55052098360903,102.8229425067691,26.440474043547805,15.217877407522915,61.81579008044922,60.365607287221586,3.2513823391511125,-5.826690304740935,17.671881555303543,2.3609768780793923,17.49333217853924,25.943182826811366
1266,99.07619806188364,105.94818274923955,71.41000034000017,60.37544817618267,9.320950359330542,5.414371672377979,35.17673612622847,18.711094781434422,-6.736214301540582,2.358163037603831,3.5810047708820854,-16.600611237575052,23.913415174347545,17.86247632363137
1267,50.63701336731167,69.29384650822814,30.749409920767135,13.348212935922248,0.9756175545019806,-4.9541444744806284,24.270583654912777,-9.335493523731042,-11.865517514141777,-3.715829855707076,-0.3808726220755263,-19.2435633787794,-1.3012924208236005,-8.150491737289851
1268,47.16159097347038,31.785157481206966,-58.567522294092946,-33.820729445451775,-16.87606108590358,-14.512798746199755,-39.91872856889234,-48.17638333768333,-16.388200473937598,-6.673458722593804,-20.485119351441572,-25.90204712608204,0.9661098947518011,-2.1865761828473427
1269,9.36861352029874,-3.8390497205759164,-92.31637207493252,-62.83214849707855,-16.094911992199712,-13.410756473006439,-28.12597306117829,-51.50152455945526,-14.757322805107767,-18.426450321001912,4.6371712028180205,-17.112369971340964,-1.3889243811083938,-13.71361840000373
1270,14.143149693201066,-9.322537550741181,-87.56643502937789,-58.65242761296766,-19.711633841176155,-25.677845998265507,-49.50485081995704,-89.97446593982309,-10.585427912074842,-13.557097941207742,-10.7309550974715,-23.271373946517055,-3.660092958049483,-1.5834600617646337
1271,-11.827249426609212,-23.729367168737966,-79.51085965353387,-75.75554122586114,-24.09436146463274,-32.729860971155226,-44.99161100027492,-81.92769428044673,-7.954983221563655,-11.577841280055198,0.9848115454043942,-40.355216788879055,-13.664296104561332,-33.91704500306839
1272,-13.163260713712551,-13.97343461509757,-54.11225976470423,-49.91231049918906,-29.277255698315116,-32.15165683070203,-29.66285123948396,-59.244742932377676,-13.299069459970035,-15.469861666576586,13.387243733650935,-6.204629358873131,-8.867631046356118,-14.710097914257762
1273,29.647584236309374,23.270363708823723,3.522641736292543,8.944323987279375,-9.864750036680244,-6.29039738465106,-16.67336454954094,-39.1530738155883,-2.3284101242333874,-6.3254638445475315,17.00688770030054,-10.281526817082511,3.679213789688321,-0.7632405597959792
1274,29.579561918456143,26.17230172893113,2.2775670072029874,14.621724177652702,-3.8035179357739937,-1.4638974927073947,-0.25473167404595437,-42.56275529858583,-6.134332461161738,-3.6567802817819635,48.26659596006188,3.9167543518142653,-10.363831774312503,-19.58993980784497
1275,13.888332141921971,23.57144969647109,37.37490597510704,50.7852694592976,5.881659300175206,19.325621426220298,4.1347870438015075,-33.96555736039802,3.033727076963777,-7.743495094986882,23.221019258806578,27.794353531437444,3.1792970041813,-4.838051164810999
1276,91.08548023842297,99.5350073948467,97.26606585639023,92.67084938906862,45.547630862119995,58.24527407085717,35.08856801997518,14.849041847294504,13.322057222876026,-1.1811494671779972,52.716193099900416,48.22072523552497,23.240152754157013,23.081704470438776
1277,78.20007683205345,92.37611837164094,123.53056173300023,109.01330550333535,65.93503170916311,60.763614148024644,67.17040683036564,38.88868676884732,3.978749099312315,-6.242225215364275,64.20464618840899,39.84321590527006,14.352621466300661,-14.877144974193936
1278,80.51123504683434,86.67600862921988,83.84947905682051,75.9037147975965,42.37053395504546,42.15174477045069,35.882908040274316,12.085786331418785,7.9002592966959035,-17.840222392405543,12.234650553330697,23.753596938546806,0.24009567853374744,-15.536687364020791
1279,53.165391428857575,60.880935783234186,37.40583205322816,44.567798547318745,42.61411448410522,33.029706319706264,10.037321008893581,-16.609391841427314,-13.047450246752083,-22.304980086287678,6.492783266193976,-3.255014552678494,-20.439545952748123,-39.3406566897088
1280,61.27031494999749,81.58196997407393,4.762785476069079,31.15233288619525,7.0792741854452,21.945430753978084,-30.11280475952443,-38.56927775650171,-6.755769400435651,-16.070618949807724,-12.432079359790166,0.00898742696008655,-41.712425280144814,-39.54781602324949
1281,52.150412292270204,57.99621356956694,-46.046793428017565,-27.534162412648637,15.972001867465398,15.879013149696615,-33.617542379958344,-47.93501977053763,-1.5049516104649052,3.641578161171132,-0.7048464239549679,4.915026042074358,-32.933251307674595,-38.95920594090542
1282,16.405759843354602,22.4072992205444,-24.881096477921318,-16.781675680414818,7.101811548341622,11.086306063146795,-40.63886484697174,-46.004013805571674,6.364249531327616,4.093433893412634,-28.49394740508462,-12.541272570421514,-25.178931073629084,-37.73849705335159
1283,51.84286526159787,34.603848984129606,-14.511895826533946,-0.8509725612683035,-6.167455485028169,19.412374400663246,-29.49647387770505,-26.47282033779988,6.951903083750875,-9.649233180387144,-23.70005514254736,-0.38956794353645857,-5.61261972968209,-0.5399671175128227
1284,25.488324338349397,9.878689720295933,3.9960102034773874,0.4078758123182116,-0.5163131993566494,12.584800847599357,-7.521816556844968,-1.2463151307771692,2.4333563112579832,-8.55316920716685,-22.458800341533127,-13.236977872335773,-33.57688359994426,-23.67728806008241
1285,33.494295237562284,4.393569694317674,-11.668554475317165,-19.938004376688042,-23.21569027017174,-12.338120323149147,-5.522790334001452,-23.018597793369537,-21.584098918842674,-7.5069708783836875,-18.55213760662837,-6.810361209463576,-35.25518284715371,-22.83760941513074
1286,-4.835852948392437,-13.801299500914324,-68.67242495391831,-56.52436537180743,-23.20954017133404,-16.50341334378204,-26.264651834437796,-23.275904372982602,-11.754093129885726,-7.600622883526303,-14.155336387012206,-16.713714240143233,-29.979096241695064,-21.85829791793226
1287,-34.39325252844216,-56.373797125760774,-79.49645952957344,-96.32889506747455,-37.23166385267234,-36.556986601601466,-38.79081222998269,-31.1818080760346,-9.61508045777284,-14.577670881033677,-30.780774847497547,-33.83016880526228,-28.62375481642592,-27.73022211634246
1288,-29.365296862953844,-50.46656915233996,-78.9956003380753,-78.57585193501613,-27.647714283461134,-36.286405433379315,-31.628843825393574,-34.450124620234234,-10.647029338809146,-30.473175133829187,-36.919377496088444,-43.74240716866993,-12.797791235041776,-13.599651247829843
1289,-46.93721205730845,-71.66888328866898,-97.87125696913692,-92.38712875165461,-42.16357447388586,-45.72389022514319,-35.94580076185891,-38.088308612720425,-20.626360363857916,-20.191272673287614,-33.816998631200235,-46.541509312581404,-43.67968959591584,-49.96333318540497
1290,41.42287342054072,9.064254595640907,-4.349618727804645,-5.009386351106212,-0.4670392251877713,2.553833965296341,10.110368380294142,9.614900478664063,-22.39226147076748,-7.918674893052707,25.61284135551587,4.759658008446764,-5.871833403470888,-14.492669444364793
1291,34.67801231271892,-13.361552606355449,-32.207147845333274,-48.447525030138905,-0.6686367448878927,-7.872645843339421,3.652855806682861,31.168271663810792,-12.306736784433475,-13.751689746161755,36.632917800785656,34.48672204028017,-0.004869309994286543,-10.227248805299816
1292,23.315112870252026,3.8411781881542972,25.11273744401865,-6.369536697247391,13.340908574513534,12.35725581417116,17.33893585866078,41.83183258518867,9.490075763294893,6.162400476696815,27.011980789113927,33.791936153426136,14.254916275991768,11.42490992318387
1293,78.7967007579852,50.399121565275,74.52597213821095,42.03651388102426,45.31845089642657,37.673384425799306,49.96287048614163,72.58068406544939,14.675726687054123,9.972459067208128,47.39753646946315,47.571111951927804,34.22046396296271,28.998497463650292
1294,51.73932425086052,43.37667108667979,56.73331073992461,36.81093817059863,22.145510390446006,15.747116935451961,19.62154588226883,44.332502856911056,2.247714959512452,-4.0863877133709305,21.0371242725701,42.598145928134066,10.716748167637359,-2.9388514142741697
1295,73.74423049461427,64.54849730185701,40.22236249717917,20.964434070717044,18.083911583181656,21.405203788102785,2.8863377978234146,22.962120167940707,16.647431082386593,-9.792840068071829,23.365346606507195,40.80623988648461,14.0230575481197,4.155012849197457
1296,68.43102330271195,66.48132737435455,-4.46627167379959,-25.59448229678827,4.22615674453477,26.939015178775772,-8.511562919741817,6.355125685074177,-10.309113409528248,7.2458327690220194,9.269496970746157,41.64797182263628,-9.119465193140169,-5.379513761291559
1297,41.24025116349538,54.87125008930942,-32.614927851342344,-31.52950866145385,-19.641717184721063,6.8372828558226155,-42.403020653567715,-28.585229732890006,-3.207806024163661,-0.15155839563958584,-37.83117446661462,1.4539420014365234,-21.20786071699295,-11.905657329951616
1298,55.910496461227304,82.38167782121494,-37.853017754808185,-35.47401915024841,-5.481715058079673,16.403692293392275,-15.451706040957207,-4.42107574507766,4.006417862326958,2.1798682969073604,-33.46993661822565,-10.544907369789891,-4.3265797621062605,-1.531619733595668
1299,70.04678562725594,92.00610802618252,-24.321148198961207,-20.284380519100658,-21.663232151650305,10.156137330385206,-13.454149278782367,0.11399592182495155,11.775203189174787,4.29888963920189,-27.83104366130567,1.9470379453550761,-6.171140854153169,2.5784358770621907
1300,66.24731465990021,96.35368107336338,-33.608411878994715,-35.760692034567455,-13.301080364387467,34.83819353567361,-17.535509381600598,6.896683885104085,-0.7822564858069759,9.346459120652828,-40.89489293272497,-12.649238145926462,-1.871584690256222,2.950926638944664
1301,40.09796437463766,89.49316333642219,-42.722463813742934,-31.2939124712483,1.2647816917173635,39.09643182129747,-8.988261025223576,8.938951263245778,4.375207877772403,-0.7038286889771985,-34.80500720062922,-22.53594952879972,-13.696668645682466,-9.887836024901071
1302,82.15665441876386,119.54319938471863,32.83800716217757,34.04976777440034,28.22677218328829,74.64530663001118,31.081406014160866,56.772628422517336,0.3788241322351234,7.305790043300948,-9.668128738989438,24.959500427693435,18.598389690242144,20.769020267916215
1303,38.723820952386376,96.9528728348436,-35.72332699411503,-10.31336331149664,35.737038397714166,65.96802816325753,12.893742554206531,16.655601481525416,-0.14060173131955386,5.6710072439859385,-14.822642105733737,6.59953424422933,6.796847195661508,10.082278574384167
1304,11.521659748084758,63.303518764890654,3.123442308597418,-12.785316450764519,29.56930088722419,37.89471772469925,24.641889944606024,31.350561332619797,4.458682264922438,3.3941680617927,-7.084177191556224,-25.043526929878183,-0.8560089155038005,9.20773046703515
1305,68.74446689606226,110.88445153781161,48.6777191784177,26.015970470269902,49.35951717290245,43.85755048203099,46.856390956524265,28.067786125445956,0.8973853942459661,3.500306398089869,28.258182306866875,0.16104368903305202,11.304278550563632,17.859583965813254
1306,51.629743605942856,80.16648252801828,24.921593713171674,28.71853506899172,51.00927817876163,38.469456132961305,35.62002111868444,22.797197315846816,-19.769422872456143,-4.178213065006556,60.113165108982926,0.8128945703741723,-16.613780495737867,-12.648558978895515
1307,48.886946721478694,44.75433286897221,41.20080048210594,35.55691126398137,42.0320135687322,22.298959117503838,36.06694959072437,22.8299834815788,-13.308620859237545,-16.70637720184581,83.62910865056526,12.616946174500034,-2.495651922207263,8.139481926627514
1308,7.439095237931945,7.464312566060759,-17.73139956474076,-11.880474956750117,24.708930098714983,14.26867109364587,3.242231676475942,-14.006167399254824,-14.862965472757987,-12.60069374684822,94.30921458451019,17.901504831695654,-2.448223425230334,9.457407624760515
1309,-52.942945230658516,-56.814241856551746,-73.92101322569458,-48.22673263389508,-25.306032914567055,-22.94113783062763,-26.5882762262329,-53.74947917145628,-27.972599646213737,-23.556339758061473,53.91653749495561,-6.685384102823631,-22.766219503465127,-20.1904388837822
1310,-42.25910962323918,-62.32600126564214,-58.98108848935471,-49.72421989240331,-41.426451790638666,-42.61199001334148,-40.641376302296926,-62.88520634675227,-21.36711831968115,-9.455208995169468,17.462590382663382,-39.282028202716354,-30.946759742142998,-12.034346111507977
1311,-45.933744764009205,-54.380520960891914,-57.30676647704822,-51.338679571186205,-55.1860891906671,-45.08408360516286,-28.91130908131509,-39.101275202293536,-18.235752408619998,3.2612413771877535,19.34833223167924,-7.615849160674961,-8.08774285819671,-8.906656939893853
1312,-35.511508460332884,-32.63194534072546,-10.008959158607666,-9.054433015160141,-61.13535417226677,-37.28214912868416,-4.080480624904035,-2.0799931015550874,-1.997899819504183,1.701359233814198,29.30909379257865,9.350301139733302,8.003867139427381,14.399464143074526
1313,26.743018015848058,21.584592712515196,34.33264378308828,35.88327130451851,-7.37331110101846,-4.240741328908726,36.537359736747995,43.016403428762175,2.524798189817514,22.852568254084165,57.71994353325088,35.62113835414392,47.878279388169595,50.90145847625749
1314,5.978967214917887,6.952626636619764,44.50965913713159,46.47533375318917,-22.788563015317557,-17.349730942463893,31.767017391927748,51.514080011200726,12.896351611610816,3.9158462378789975,75.88262398933878,55.602154266385,43.514443810700946,44.695249922071476
1315,19.26344304993629,20.8724631041181,77.49612828024664,59.73095967739269,10.239176816520589,18.43093057891175,47.872300055016574,53.80370273511221,8.984386868964943,8.226188504288704,101.67271851134221,69.17214495453374,51.63566662671164,48.25740189422094
1316,0.29530933976602036,-0.8356464546957749,36.77944308539997,29.646499450893728,11.037095567456282,13.353755599266865,30.784766098884678,33.95718961876422,-5.024082757385471,-0.4136752733158717,109.17789529309269,79.5263100469247,40.31470586471789,46.49233202055701
1317,-42.03223654585671,-32.0882895533358,28.01887611308678,29.76028590731822,-3.7284565715853972,6.268813969791524,11.720402695174768,9.419330647646,-4.4305345566477214,-10.07976511951312,73.79004738347818,59.74188501842372,9.927518013240816,29.810509022646567
1318,-71.55846595643568,-66.91276394683204,-46.42732911375632,-52.32345403969071,-12.028734757968655,-14.501666759129032,-20.846464667836887,-45.34224176206155,-3.5111959371983494,-4.315810140462071,55.27217033765338,25.444862613413896,-5.907578384332416,-5.032420038701312
1319,-129.3412572585957,-124.58551037035284,-122.98451645660471,-97.85507695758848,-59.335064430468094,-62.823951610946715,-83.97700642436682,-99.59357209471186,-14.65947908598902,-16.969332825376853,-21.365564711303456,-37.98860332687204,-68.8260464049648,-43.92098841225821
1320,-98.43931640550926,-97.99939021079784,-92.7102083974792,-80.67934857961151,-19.77997696494783,-29.057415378081036,-69.18420660140524,-79.86912237125578,2.5442441738647354,-12.187956271788611,-16.562951576471143,-36.19026334758453,-43.45995745053236,-37.406558228435024
1321,-91.01098829358196,-70.04208554788177,-100.95588368518679,-78.83358407203265,-24.569492071417248,-34.92730584152552,-64.90027303337448,-81.7898642939904,-11.57614311382782,-20.56285904977142,-48.35837884419173,-46.57681070202708,-61.10022009671091,-57.92789916548679
1322,-37.12913541306133,-25.87246860409155,-34.661412081019655,-35.774930878532814,-20.243427476949172,-23.40376575327118,-33.025766744119665,-46.358271415609565,-4.172861186768299,-22.993262074605532,-23.802321377120087,-22.682447071283843,-36.332786629061545,-38.58398750417686
1323,29.64327209833456,43.110624456376286,-14.071448807218976,-2.3607506413984005,14.481614469899569,9.975655597891286,-5.19686630537843,-3.625296788653066,-7.667337978819049,7.543731721193704,42.34292858877516,22.220865907760437,-7.447757351059751,0.9861150128429721
1324,-2.0667293241501494,4.434108076727991,-53.08543145864209,-53.226081676319424,-22.723246208380903,-28.610397467002034,-35.1301745851784,-49.52922666211927,-8.00179439251261,1.730751813024598,19.961703890921264,-6.422570704504992,-28.17174654245722,-28.078216582662062
1325,24.50996647411523,15.451815469250118,-42.86594162079502,-35.95862830562569,-6.74631245609442,-6.6513377151474105,-32.507506696331134,-34.34176994588479,1.4468641693374462,-3.4896950050230915,40.50873126092402,14.237909894080765,-15.694929314573923,-17.42404854743587
1326,-22.29633518322583,-21.51705914130126,-72.87443154548423,-36.66883698603969,-25.67718229057849,-5.817460584750789,-33.215605287426285,-44.29281063263791,10.645237596642788,-10.235215357212383,19.161136352098904,9.549590846576871,-30.373020878656252,-31.35849754857096
1327,-60.8454168188459,-60.32632722570081,-57.52281965139256,-22.549266991888985,-30.780474630758683,-12.316396292949701,-40.11985928614849,-39.34701763124845,9.720601206307467,-2.8993197036398954,-15.766598390199798,-8.319951347747812,-29.555537274070783,-28.061964559833235
1328,-61.249029995519436,-77.81300252582312,-14.398996387439498,1.8197127557344182,-21.728766355263993,-12.08840771377451,-45.6742087414682,-25.908209267366868,-5.118794020160627,12.91120621591977,-58.42178919839389,-45.49082835248849,-35.321934785786596,-32.97190023996316
1329,-71.6248438514074,-82.541508442311,-10.216324330606271,-16.77561221706171,-44.85871445570302,-43.30898723816982,-32.83318366524288,-39.00450178914177,-13.766826378003545,-11.799135094344724,-102.69614402150096,-63.840688539205786,-56.35686179631939,-48.569202713637175
1330,-44.116693496520554,-50.06254603233884,14.492554036994186,16.088667863421406,-22.802763320179963,-20.39008689626536,-30.40086055815427,-34.21940366587323,-3.4677142821711513,15.367542105136657,-112.29887555391676,-52.736457310795025,-26.450151818263375,-10.469555137973716
1331,-63.640961122021935,-72.74684040501643,1.926248106515338,10.133645269506612,-20.033261740051717,-11.714422132646716,-39.975046908179955,-42.783614836230385,-1.3456992898433953,14.276239314814099,-112.84788028463194,-75.41618038972824,-52.48424603986586,-36.959700354759136
1332,-42.97762472954626,-43.83684354415833,34.74894243463192,51.657768286044146,-4.561169109162443,10.561504613707909,-13.039919532459594,-20.202362924907668,4.768489489762956,15.830633224851297,-97.05026233166414,-30.01180397659905,-26.200798995780904,-11.518272954153552
1333,-61.136459575500986,-72.30812186566826,6.761199396247721,14.780734220567311,9.482584006434784,33.678700377722244,-37.64751849949026,-33.88711701884067,5.317405548131411,5.51507127800925,-81.78477814026718,-31.476703064532607,-22.403958495244833,-3.414415606273273
1334,-97.54997223490356,-100.5889054054127,49.22519085872218,56.70435590504455,24.205519973233564,45.29520973318926,9.653136575579719,23.550239892505093,9.725388827800016,8.50441391072597,-75.4054662094213,-29.463753057398353,-9.326769953917987,-2.9552416119193934
1335,-51.884401349554324,-49.06005843428025,78.02845676649991,78.88257411466056,28.880502763487243,56.71219333438154,9.095441766042168,36.98814034004571,6.36159207305699,3.6015938614420566,-39.429732344436076,-0.12784191814795065,8.85844542166045,12.709831277172714
1336,-10.227610817824203,-5.966242628693275,146.5783509283327,154.31350115085536,69.03379826073744,95.38564905475361,64.28821353748376,92.20391423534345,24.48261640259585,19.507021673060777,25.990100936909425,10.23500727572623,28.961886070573982,20.482577596384452
1337,10.895336903609621,5.95761026649487,173.9948475091546,183.1456186044215,64.29376089336604,93.56696658276483,107.49604805357237,107.03873430449914,12.729952983877391,1.5501631621444876,41.49001038328913,53.28403000281268,30.802476269143767,15.324142314134509
1338,-40.81763801663909,-26.21025649024883,135.31859649138778,142.40662899330246,23.450825077357322,49.055701499755166,88.11507542432109,98.76089005460025,0.22633087965278845,-0.2681667735431694,8.739334719331797,25.333101717267546,7.460998795388741,-19.159084580592705
1339,-50.63650299218767,-57.11798056362796,75.05859747075827,96.16734544337015,-1.1195309147303711,3.6782464024664603,59.002861084996745,66.70915439201038,-14.763038562343567,-3.6348306400863843,-10.29552104787707,11.23167663639233,-23.9328021471767,-34.97758955730328
1340,-105.4991772586956,-129.87745234573174,7.144553497168857,24.37797855023091,-67.06241550287594,-58.35807465558394,10.887087483841961,7.8787004804901315,-10.936936479333985,-16.81541252374404,-56.04655693075844,-19.14260073231629,-48.24943837014806,-53.80222210022214
1341,-137.95608436364722,-148.20273090055633,-69.50566061960504,-66.18110792963535,-68.39138788340335,-96.09979401912956,-14.871474257333503,-43.842454769878785,-19.505010634585027,0.5141197066232062,-66.51027554886763,-34.321330348315804,-46.33197659075086,-45.87821662789469
1342,-167.81731307179547,-156.4894269132444,-99.72438205890747,-100.55915006752184,-114.3689497918679,-130.20340671012147,-36.73792999140148,-62.50159591007954,-10.347311741228928,-3.1338463084520187,-74.48280291240597,-50.91161541698222,-45.215378471296376,-54.54462485168769
1343,-123.88501884883789,-112.30248846980534,-75.54081619229801,-79.998054124334,-82.41752689931513,-101.03668547134441,-28.35050393274485,-59.35251538597602,-3.0914818992659545,-4.5886792370742775,-42.742474611349586,-38.1976363560087,-6.554928041159941,-22.72228042532215
1344,-100.90597978316046,-90.66487727152688,-80.52864300768142,-69.39306280923175,-80.9725633862721,-109.30260270261728,-26.528869165427135,-53.03970972333813,4.081953038070776,-12.377387590289162,-38.82587693462645,-40.99641966251369,-12.089577696557543,-22.215418808444852
1345,-64.86548379289378,-38.3982282288015,-7.745551028516985,-18.98853809268394,-69.03537491154631,-71.66675694383285,-3.1528097293695083,-10.353560057511785,-1.3598158003739809,7.986585654245856,-32.77927012647576,-18.662035624917685,-1.1211480865639776,13.205748455476913
1346,3.4410829773701965,8.997103847797092,26.91360695662549,2.08410556246551,-30.20764581116957,-55.549824685484325,10.47899081572608,16.143383521850446,16.421223433960904,10.850079359203148,5.088898737690323,8.553676059770835,35.204898915761596,43.24392924244276
1347,-9.501389584983956,5.301587235435391,24.911393353023612,-11.7072757356163,-42.4876186303534,-71.096175875,-7.958886155185261,7.251326436159144,14.757395169081315,13.243298353499462,1.9973128305923238,18.06560531372105,32.908112483709964,51.52788949650615
1348,-31.426228903325743,-25.88141954272158,-5.320157958878859,-45.013284304015016,-43.84881699624346,-71.80675450480341,-35.13405547234627,-29.252105255499636,0.9137748890560561,4.8004095122546,-15.392206445959907,10.397833713490476,26.910255273687394,52.53658940760342
1349,-60.9697375305972,-45.50978111210439,2.9324028637913293,-29.820885843279317,-56.87377445690305,-78.40786331676632,-45.06644258897271,-27.913120741542123,13.085653142530845,19.953456128141145,-26.052551383269517,3.361783821252355,23.319299322129122,46.013521521458124
1350,-66.71371159966604,-63.11327267241005,15.018733180782867,-24.772691788067846,-72.30542620245761,-104.1965765999641,-40.75708186772998,-16.825255131329932,7.909990101635422,3.2712879216145248,-42.53445914274495,-6.303950045492544,13.73249082391976,37.28684522358648
1351,-61.93816060220378,-64.41299312598714,-58.937353866079114,-94.57411071111629,-82.34057563980204,-101.56007546484167,-71.22811901621677,-60.311752523938026,0.03387387939739537,15.052647405809651,-25.835841026483394,-4.115818232214825,3.0865543354835783,18.373483022664036
1352,-70.67393376050228,-73.94453998341626,-4.271557324222187,-35.27640231159255,-71.12629182391007,-97.5172050404138,-55.7337333843307,-38.39976870762054,-8.56240187577558,14.738788482970438,-74.30533102652262,-32.95957867229739,-9.929207224704502,31.465812274560633
1353,21.031810833439458,-2.0710864693865227,91.1103201683581,34.69485433928108,-12.625140913663,-33.115799120411026,9.50875798637264,26.101024537110675,19.82200805316504,36.00874978425374,-24.208320506672127,-3.234388571715486,42.60794096085793,61.524586027893605
1354,32.639259777878884,23.73374429958875,62.56087614700198,38.26210199833469,-7.131054399376406,-16.41438884421844,6.522000827288883,31.155697705776486,10.682794034231422,16.423187553548274,-7.202587800713381,2.2218768751133506,17.895499047912814,38.18368390295131
1355,95.11880289156993,76.37276909708707,89.4157095734356,67.32305367559582,32.88350119622694,21.927455751024887,33.64729593148252,60.0309557298534,17.488134034853484,30.12612275015008,14.511657144325936,35.03642373988137,24.153213242652182,59.465219327755406
1356,124.60968969103315,101.31691816534048,92.0189502857948,59.078923203340665,73.53169554221657,61.532989449942484,42.38765156052195,80.24406627126453,23.345062521074208,35.26474484317613,63.99541606319217,74.10154067115087,55.908200599455306,82.90941118634383
1357,116.42250321670703,78.27763194399392,74.11275354975375,42.91320294764546,55.08257051504563,51.361789016090135,28.932258762361215,67.3136376793235,11.86162969002141,12.353942836621988,33.292938152644446,55.59542534589367,41.68147779014513,64.54872170784355
1358,78.14999415708452,69.98913201507258,-3.680898234322448,-55.61890858465893,59.49846583040274,42.56721441099644,2.3557304460420627,14.735911901993129,8.167598847414228,12.72116535911876,20.11173360732826,29.17182997378722,20.669789799001066,49.6273244276664
1359,90.54112391614221,68.58784304057181,1.6644008971031432,-64.086874581741,57.459503261040254,41.546016702001864,20.751480818207348,24.961277057388816,1.6286897754146097,8.262213964113412,20.75145252282095,28.981878587683013,33.67291448184555,39.95769020563105
1360,85.90692398154339,88.12507991370154,1.4633516480201785,-56.68749226485804,62.17907160017389,61.36164113727957,28.983538602108357,44.44220613394599,2.8466187342446303,18.77690788086979,39.50645489301672,22.666615029944037,24.91199199924117,41.44227141477464
1361,113.30817125063695,114.04877628205818,19.330466838075562,-13.377771315817728,82.2410183984688,89.44578126519882,27.411067696127436,48.398639514564266,18.04247233709985,15.386727256454446,71.73783105776391,36.42112831617473,48.43478710338503,49.345767745265995
1362,124.43041558818906,125.19372801517326,60.23574595505276,48.7611794195831,85.60834507967314,97.69104330200159,60.174815446725496,83.17712770980097,20.84199939770301,18.798768643612366,89.39752242092386,50.48956958067192,54.79375706516487,42.822457079498626
1363,137.6548674069204,145.84206077094564,43.802454483181485,16.7130545295964,108.4404424367358,95.22983658746696,58.00778501823429,69.2026551301993,28.774466219652947,6.497386378626693,111.44764799714855,75.56403527889763,66.35691773193257,49.60021877338195
1364,156.12430107116336,181.79874957972055,89.91382933300729,74.00561477509942,127.68904962892005,137.6047968068356,86.62513867619022,104.17928980443871,26.327477540786287,22.663503765459815,130.33764372916315,98.67987052354118,76.93845556638533,70.42652679883635
1365,156.88362906982897,191.79829366730917,139.03651677370425,127.30358638658458,135.77040011349902,132.23004174525641,110.03351383304377,114.80141496861742,27.938558994637873,12.848364965512122,146.75566742732826,98.77296330204179,98.23930449030833,67.44711055210387
1366,180.2311544821684,208.19729799565496,184.24528268370076,197.66521870457484,158.77254729465358,160.806722445343,122.32297352899992,130.42497110596383,30.42461737798925,5.880132850620924,168.21875717507908,121.75335408070997,88.77873521612726,54.62205022762584
1367,140.31121890957945,149.5714131828054,161.69761061262616,183.1261516423748,98.73444828628877,110.45542419976663,81.96985004129327,108.68242883870809,23.996513091959084,3.710048536914247,122.4754938174242,110.41401642304739,62.16461554048996,23.574125486655632
1368,68.77770883563511,75.7413702599003,23.246312338965435,38.06211507352164,70.04260413276921,68.0169776221618,-2.4184971872295358,4.607587472150676,16.48161231962843,1.425512313139584,76.84838953776146,54.851130283570896,11.84546534787348,-14.802382676126818
1369,57.43922179365656,31.40752696263561,-14.223609867626621,10.759092272809227,55.70591772220413,48.483155132546024,-9.40659291515045,-20.81060937010985,2.8254222606201296,-10.164937475685656,68.37840411317995,53.22219138491622,8.343993117541016,-9.983280058871086
1370,15.076551459980298,1.1949287726022018,-55.79362683717161,-37.64888472718583,59.03458106802238,39.94780027361691,-20.82857803971853,-28.998913882015167,2.32071318126927,-3.828897416658724,42.2515962491487,25.75639047122546,-8.053441230350478,-18.93480878351946
1371,11.95834200927925,4.0526495270682865,-59.531192753295706,-83.72063647814319,50.77624303134677,44.38866543270329,-29.994921612368934,-25.99307486819264,-4.079315718538555,6.490713692725996,41.61547699952783,28.94667928717305,6.031359974879164,-2.4329249705952933
1372,-2.682040709859837,-15.463563224323789,-3.8619507957531525,-43.68527731212229,29.580297517939375,11.151681933364609,-17.458508712579995,-32.11545768909344,-1.600988474208041,-1.9725643254611018,26.122276399797382,-9.216577922805204,-4.88663066215079,-13.303515827749935
1373,-61.21296261452531,-83.57528037888157,-116.46258002106835,-148.74790828115854,-26.597466816494457,-41.36430394193072,-65.63722890727851,-98.60083494361672,-22.3234304978166,-25.50993152882274,-50.04429359091646,-67.52694573285333,-45.99815800627834,-68.84938577448135
1374,-39.91801275542269,-63.496090642744164,-60.50571753956234,-82.5018941131462,-19.47349443907567,-32.109422851506125,-19.76750630044464,-58.80440472799205,-18.356246990135215,-13.432182942620585,-46.534963328482135,-56.43949224465642,-25.9012282298975,-46.096872284018396
1375,16.934216402635087,2.5040248771498366,53.60107377361222,8.11341147635649,31.356111131941635,24.434427819789352,41.30435907055532,11.228131885098943,-0.3182924142537402,-4.687252055142226,-4.224350642747964,-19.9811759853111,-17.18295382867532,-31.073342230897516
1376,7.993401830339315,-7.85055863497645,35.451233537804114,17.191214035490127,28.977706104154034,28.238515080951736,11.75370248056399,-5.533798877151669,-12.474345609114897,-10.588830955806845,0.6449715618011904,-4.354477385004363,-11.574388264937959,-15.200510328679648
1377,8.046089167853443,-6.888789637943406,52.1316187686493,12.943918405093216,28.692294729860638,9.816708985925983,23.148157014281217,2.6437738451276167,2.8856890254814664,-9.277265058734464,42.226530475601436,-4.170164235493579,-3.711934360306886,-29.11486641758705
1378,12.204244136345132,-2.103143434242403,66.91007321292703,51.73127675020707,44.64737759834133,20.857863670435865,32.60801411715196,11.961974972748388,-5.790052283265509,-11.214177460418833,14.38742441618595,-14.854415973182983,-10.344581848156615,-17.929427545597743
1379,24.675233358584503,6.808509476570244,101.90777595439397,104.62114658454227,80.11810695898629,72.10494460284899,63.41240735184998,53.56429292937999,-5.609487745365745,-9.412927656445419,22.31752305196171,-1.0787856221872214,-20.69797898183077,-23.444109896805593
1380,-0.4627298038627566,-29.393671485002805,34.76924698722238,40.047832514413734,22.843027176079897,27.240559083863904,22.011551113489173,-11.312354768691637,-20.26545736233172,-17.859211651792762,9.997749457319586,-2.9708335420164556,-46.18496649379143,-54.25690389082968
1381,37.277821323197706,9.579501148612353,11.148820784925348,32.3857268185278,67.71409290152677,30.81954876959328,1.4557271447659066,-26.873240802049587,-22.12638016340863,-12.690979089951028,5.711079007283283,-17.134597347828528,-33.629517783356235,-18.605783785780996
1382,42.12421321809276,44.89269401497948,49.6747582535412,66.76552957104165,74.10567915477895,49.911603420625546,13.014625286007808,2.458680907175382,-16.25995097962023,-6.332445306518209,8.695833473143876,-17.342690280421284,-18.209784691843698,-13.691873164866239
1383,-2.0208110256456666,-12.12658566947396,-34.823253036983935,5.691819688745721,24.808653784448655,6.501918705697831,-3.827225867074733,-42.29197765512673,-29.2855873289387,-7.9875638249493335,-36.69993645464736,-35.67474227286651,-75.17464945452171,-53.54390886135437
1384,-22.266885854664594,-31.03780909377756,-38.42932380824867,-8.678367131835081,6.416505269175256,-5.2569221515748525,-7.420631917045034,-16.40370698626875,-29.702981586201087,-13.539811204530722,-50.67338305948804,-28.149312589477994,-70.55857763126286,-43.5275668609575
1385,-52.88450749211732,-68.90031824155413,-103.98491851715056,-62.19336532076678,-40.47693638182355,-51.60832771774408,-30.041298791576992,-46.411507325652266,-31.313252638163586,-29.996268937476792,-67.23561014542321,-28.76832429870878,-86.04916487345561,-68.54262574169658
1386,-77.93998848245721,-97.05134986498604,-139.11987884078818,-129.65922400033685,-97.72233976085417,-101.24194038934255,-77.82481944957372,-89.02931278699494,-23.92867996023502,-13.958652490094721,-80.64622751898358,-26.484339913938342,-95.47037919985276,-55.37570846793092
1387,-124.08385801278317,-141.7557235548646,-202.7241755053499,-179.3530188267509,-142.20847376165153,-153.5019469530086,-119.09979218813005,-140.57343228649492,-44.89595162598215,-12.671700387061096,-122.28316089985356,-48.65813766547082,-106.02372223128383,-78.66618383712854
1388,-136.46376385813977,-126.08342063065761,-174.76524433183928,-142.55499332076772,-157.63570409966727,-139.39131096103705,-101.75770858171221,-116.15635499212142,-29.276143953570976,-4.18879897278209,-126.41945891323947,-73.9066523786148,-91.85446195858465,-84.197000712899
1389,-104.1278279610749,-107.8819640581705,-177.22677334391676,-174.45519874207596,-158.04357346587815,-156.53604413374725,-110.17323582311201,-123.87109510358212,-21.506615094472867,-18.396505031130832,-114.90556758073247,-64.43849800811992,-92.2641864241576,-74.7538441901517
1390,-82.7055518445554,-78.37254091308617,-112.76512994502474,-86.99912352053886,-129.75300217927844,-127.81455033982715,-74.39298567042339,-77.9293923546397,-9.432984671040977,-5.076130454171152,-72.15955746329936,-62.45776282308912,-30.353028853223275,-26.972696543739787
1391,-71.84528004007588,-65.07889122593828,-62.54635770363202,-48.324765674455115,-101.10401362840054,-86.44927847091806,-57.85919256588811,-28.53962250296464,-12.377853566280805,2.516226404824498,-74.39728202470096,-44.74625731190932,-29.76660448581083,-24.05946863903796
1392,-31.199093859102124,-34.38538236083024,-58.3455621283421,-56.15979950924041,-69.40997252631287,-53.87071069230758,-40.67214328142454,-38.97054890864257,-2.2308684400078644,-0.3473615839310704,-25.524844397851506,-19.23657974909704,-1.9116208813934856,5.671574595500631
1393,-52.24846327318518,-53.521242120702176,-94.9056135348044,-60.318056309007495,-83.23243872631835,-63.412594969209806,-73.53644708625264,-57.063904349616635,-10.113709376281482,-5.667520140802781,-32.094113641021444,-27.463749897520948,-21.052451376557027,-18.14993165942091
1394,-77.82991811539601,-77.64299709033153,-117.02704616673769,-90.46196185461635,-77.7683201982511,-52.289875078829645,-66.1522100710341,-70.75222759491467,-15.096835932713702,-7.737333749900295,-44.149929646930126,-8.09150009920155,-16.745403503339013,-4.431123867105264
1395,-84.11262298609375,-92.2975527520826,-144.37507477950314,-121.71971559656552,-96.40041001373963,-80.96552307745308,-85.13603492844541,-90.25946476725325,-8.437608439040803,-10.670410094969906,-48.43866426627232,-22.535806172174105,-23.304902669202303,-15.405551120239858
1396,-113.37414117662578,-116.61052987836453,-100.94983562398897,-83.03147977167671,-90.00044193759061,-76.00249111798303,-56.95724445149654,-65.80003207797667,-15.106189841667382,-16.862457127550794,-34.91785910768636,-15.517086975811512,-14.606649326324522,-17.410369525664894
1397,-90.08607144179115,-81.55451499222053,-74.24945300977325,-53.41339266484103,-58.10114541678112,-32.8100126886978,-32.23954932137953,-27.6615146228984,-1.6470688158759013,-1.9275696254833008,-4.3065390517702316,5.731914720812696,-2.5786604721863755,-3.534063278589166
1398,-49.9086509785977,-34.28199772003235,-26.757331791029216,-7.131133942102223,-57.01463404074339,-51.873363908085494,-22.513485256952084,-9.79308238071324,0.5277007855955377,2.062806568153755,-0.5561564888672033,-2.387952217813032,25.482313396380604,7.6355941085439065
1399,13.615226376225943,20.096070621290718,7.556262379936851,-0.666172243430089,-12.507633820735109,-6.438709862213129,24.54967357822261,36.177520727088364,11.875909722564117,27.052941599883464,35.41099909548745,38.86847965116129,40.39449710305037,34.5261925525804
1400,39.78684015729865,47.660771240992034,-7.73997499434019,0.14711318990976263,-15.928019872631978,-1.326772234427667,4.172922643706245,20.629244927277846,10.25459749746418,-5.512967330345473,34.84187143893621,25.984350632347994,53.14203335702163,45.687218577983884
1401,62.10092784739058,74.59508234927351,10.989557266557883,11.23884278108169,9.329797580811674,27.34701735993021,-13.011707567905097,21.038533396023446,12.50281093775961,2.6205294797881296,21.03192203240831,31.62920703108679,57.943525506380226,56.32689451825782
1402,78.42652865678775,89.5465579634986,-3.4018030349081436,6.411565133797396,15.26038490900638,28.710276593877374,-20.76727463986839,5.966268353128032,12.315455154459022,8.811026908459766,9.953748970363137,38.294382130794446,52.85150472203604,61.903069240647504
1403,75.88184959596155,94.29641196660214,-32.19958185156545,-3.5102271581629947,21.702871406665246,39.141075021823056,-23.88831833763565,-6.418738721465831,1.8062712798360938,8.528714597230744,8.942112473684837,12.35266393567001,19.38732573069498,24.961092089250656
1404,75.57970607053173,86.01183190595076,-62.88478323693247,-28.564084193961165,15.88426472714988,25.832646648356917,-24.0597494827047,-9.79733373655611,-5.724672490103163,-0.8664409949366858,-17.631170957421748,-7.779664454943616,14.972775194375782,24.966975006568774
1405,70.3587005851003,88.39155229729826,-18.696178463347238,-6.1017427985105215,15.392935617740841,20.34786016061864,-7.858631043116707,10.740076958881701,-2.571248514525376,-4.057926367507237,-8.655226782634017,-21.839710011698852,8.344027434798083,6.079726069313983
1406,88.27511986272138,94.19587718231566,-28.545606561261433,-26.694361707978103,42.48759100302962,33.48156317128464,-14.748970742877617,2.518120624204426,1.5555949321254967,5.226022954700882,10.973426074855894,-9.13946092254904,12.56659002963882,17.033561607543703
1407,54.205531049048695,70.18034228153908,-59.86329207076704,-37.597819644022145,12.862687603432308,15.16293798620973,-11.684598100618214,0.9535617244062522,3.0595522502040033,13.901832118901687,15.012531554929573,0.9194959732716997,13.138219436257781,18.83145291835027
1408,17.284550457572706,34.46169534033148,-89.03530419676677,-69.78365298715485,-9.245731549545603,-3.4033115148136757,-32.25451325273065,-19.42690864052507,2.0399743098893772,-2.391337101271441,-9.021211396413989,-31.59510109577309,-22.054903811626716,-14.50190905332664
1409,77.72494309825541,83.40231630735256,31.479778210217148,27.842711791993402,60.72953188637946,57.47401460533164,38.59711215610041,55.18224729727963,10.41571182408158,11.015865154765615,33.65564654447735,39.10152935702613,17.448215722067808,19.87811312165619
1410,85.67065301185023,92.10094766734163,60.89846989488709,53.171567367159696,70.35411213332937,77.09534088200664,60.28574755769552,61.36658566552628,12.772577044187727,-3.6324921653113114,50.05757394805467,28.51583985096061,19.11623357599742,3.7497361730028107
1411,105.24363079019925,104.22337923770603,108.96574041618624,96.00223115987998,99.61608541708084,99.89081947246915,86.88798070149336,103.53015667881394,21.316031123622228,5.85628174728619,71.17668566984678,68.66612660406157,22.224762556152733,-2.819162232008804
1412,112.30164308012424,88.95317957134266,103.26363724615521,99.01100031568977,86.89539816994254,94.8485797671186,81.87273160359038,83.40285227531999,18.13161919714351,1.8783199222676021,83.61840684654942,66.02152067150833,17.55278836146904,-9.305883529877407
1413,93.35803186889282,80.77658007973542,112.77382307267987,104.14563312208654,75.59912157685658,105.47470313554288,87.34134662149795,88.75824690794036,22.583086964266688,-1.126837747364748,72.97940275008446,76.49161279587405,24.44804383518219,-11.516237678035127
1414,56.35813864746075,39.47014136338743,70.31819362756316,79.4231376651551,70.98256141229815,93.91686278994378,49.83078002246873,46.309336560489214,9.710732350116208,-2.9474021917864217,75.33208215839107,88.07353851117426,0.7291598614633465,-21.629970386466596
1415,-13.004202036099283,-23.010348209926743,64.67099914420481,76.6553227400955,36.403021474293475,78.78910652301897,50.42352698694072,41.29204452051687,-3.6022053658112747,-8.502235519311572,54.89060601895409,79.12772331513185,8.473976122260785,-8.507368438893389
1416,-51.82058280120654,-68.99728634773611,-7.323255930063141,1.1175902949571839,31.117406202691246,46.80012538210914,13.307283930791593,6.197889447190602,-4.664208000639943,-3.336630085075204,28.28560418234086,64.40641431247617,-3.8261563911057213,-6.708818384058575
1417,-155.30442513267766,-149.88386075699134,-79.12325914983712,-56.55885943092258,-58.62799598839653,-31.942873600514442,-23.05163686877209,-39.50341590148646,-22.954412605929107,-15.977509070675083,-55.93538273661415,17.454852581098642,-8.232870497149438,-22.314575410668997
1418,-176.75321690555353,-183.13719353312484,-88.35722070068152,-98.01530821800068,-86.73232659060501,-82.08616356408402,-45.087150513231066,-63.70153254448079,-7.852681015197125,-9.258882047865841,-84.45757610609225,-1.2876580488432756,-33.74151932554441,-33.843526536606056
1419,-146.35699233980503,-140.5146424689895,-49.20024855650235,-50.76046599292356,-82.44802808062032,-69.68567914575522,-29.071398119229507,-30.751268432742666,-11.553555631245109,-0.9264449458864457,-45.75757719603577,18.73258815660693,-16.478564421534042,-4.985422313040811
1420,-192.82587831858393,-185.0597583335094,-43.37601565582079,-44.90388821433642,-94.02255091817824,-76.25346323763021,-37.1092241071839,-41.391612664958345,-7.426257108911611,-7.812750201365009,-63.28756557588521,8.092403133695145,-23.463303566057682,-17.493146320757404
1421,-170.87919591907743,-155.2046680826146,-60.59619321078082,-59.22615310545392,-87.03526507596337,-77.29819791823579,-41.38308332367769,-55.28229633914363,5.358546018774938,3.7730469895930705,-45.544918313752426,-0.5879171867848783,-15.410540469724952,-9.763389521030179
1422,-149.29591706732384,-130.95326209895083,-34.26732668311153,-24.154175978098902,-103.89365789550618,-100.6944788569956,-35.07469727030173,-41.60378101134867,0.03865965449639219,8.09834128766108,-69.45467634339698,-34.39446559143879,-15.801119742917999,-15.843744589002755
1423,-120.6423994428916,-100.7929438753817,-38.4264434166109,-38.984223553061724,-75.43202897393121,-96.87598257452582,-40.45782027373439,-62.87495852401029,-5.89802455840864,-17.105461483900356,-75.53638475506887,-57.29100110190908,-45.284377061372304,-37.30917372996111
1424,-61.447607672552536,-45.83761935444289,0.41000332907954373,17.125698635936132,-68.21537660134105,-64.01315553959401,-16.33943551077063,-27.486272786752316,-4.505803251424478,-10.135203233223518,-83.26707563968849,-52.14793691709979,-12.376932574820634,-4.06023270707157
1425,-27.61049469580768,-32.52457624064068,48.43582151091079,53.383424811411786,-30.33961480358143,-27.08074733882892,21.1144261623327,11.620063152823946,5.9699608509718844,-5.140883308633388,-27.707544883956576,-20.397845008502514,13.604216890637534,5.71996186700104
1426,12.603749696295841,13.217958527538345,61.483343269847836,40.46145189438747,-9.419465178322254,-12.387140256346681,26.74870470654734,9.550573707594877,6.591029153277957,7.52772051758658,-11.004189024937338,-5.617606300924873,19.792233058466543,35.83811542055837
1427,31.78897610674794,29.772983904418112,104.68544398591426,68.53530053578076,-2.2739050162978955,-7.538766087630934,64.96930318490006,37.00300490144035,7.341380155835348,2.3154317488707847,-23.959518636425308,-15.69451265813059,24.152704343564952,22.477565170008404
1428,62.72699711170232,83.77715108260773,148.7801478930737,120.10456458027703,17.762727162417306,16.828164677088918,69.27604341437562,69.60773807341545,1.1596171848770374,4.183640368942069,-7.664257429194898,-16.92255313561546,25.014508726833235,24.634633233918112
1429,101.15866732544595,105.06933901771619,150.72367989868357,127.88795411458972,38.231313109460125,24.312882967384514,69.66741688320123,39.663192712628074,11.098530532499007,-15.047399759339307,-2.5177591769348044,7.25302923411332,31.830229339699805,25.279472475667887
1430,71.1811599507729,76.67895609067668,101.43473272469068,78.86397543917278,9.748039197855503,-6.85292602621385,40.5113328395035,5.594691950008903,17.430024602689567,5.89317674604801,-11.213138940719853,-19.140146804385793,14.006228642880407,11.949068545732628
1431,74.69147330840883,64.88975578800384,37.04257494394278,-12.809187022799069,-5.779226575810531,-41.63194964928074,-1.3682312502038039,-39.77975155779538,19.150539083123974,18.282232955233308,-22.281812729852675,-15.923229948619198,14.421863113375016,18.435308639494995
1432,35.817125494410895,37.40828200358704,-53.20786334995689,-72.85109702263486,-61.22978920275535,-71.95536189918494,-29.366361978872483,-61.2010998108345,14.080230819236997,-1.6380132531941243,-48.723827722590926,-35.08733831371082,12.759513272065535,6.743676860830879
1433,45.91123997692577,49.81183189885083,-71.2033422045299,-110.50934915160839,-48.54626821577011,-64.06804174298244,-43.14174726095932,-59.432358002819775,24.812804062181925,12.13905522027794,-36.96929179750254,-14.269990217960476,3.8681717690079145,12.238843993461693
1434,74.76537177129727,93.8097304039573,-87.31548240893231,-116.68429098991287,-13.414039346394926,-23.023999549917242,-32.39776354188894,-46.98682077352619,23.2484655114104,17.064917961421635,0.2467923619766772,24.640046730241636,23.61799325855077,36.02903674639783
1435,54.89348934618073,69.57872193754453,-90.36624425581863,-113.06193466948787,-36.917427760670265,-33.1545179236032,-50.519343963268334,-62.48404266331753,1.7490600627819326,7.50282221413526,-20.97927584357888,13.469544647286966,-0.6579664211044197,17.193451835647572
1436,51.165842096436464,78.74679435751337,-148.21547411217273,-178.054686003892,-38.88464865027092,-44.973554819689916,-63.6448796434484,-65.59460868386654,3.8814364419380163,12.596834151146783,-19.704571819169725,28.666003975751696,1.233698236573677,24.704083576671007
1437,43.4278397772219,68.96969715133714,-154.1479404157559,-160.56909976992702,-73.04755024016427,-57.25563165008805,-75.40204096793413,-61.39416630698729,-1.1957596288730812,-4.425484913268312,-28.201757519364826,-6.5064913376459845,-1.615422045281205,7.670628601283241
1438,21.26511231185731,37.53406475345241,-190.54468769546918,-219.00991266082767,-65.10055105084315,-66.17930599683143,-109.66663576120062,-85.33248503802722,-7.870565980019955,9.133436750039168,-36.282650991697764,-17.6080118490143,-18.207481065341682,-6.066528600034175
1439,31.809103211200995,50.84065477961463,-153.25525231147006,-175.4355617694008,-51.55821861844157,-56.201036107977394,-74.01230921257452,-85.47738136508335,-10.364775010057638,-3.623622371441627,-6.969712456436348,-17.992217008682545,9.150325440207542,10.056641753415933
1440,25.13676692550189,42.20248126978386,-84.98568466808095,-111.4434462890906,-17.54367390652901,-32.98078988369941,-37.064630366332416,-39.47261739947739,-6.52767073720343,16.2277174454805,7.240205142955617,-24.43678722836473,-2.2254664316009745,2.1822863635602854
1441,30.16291551932909,28.93737596969343,-62.59398488767831,-85.34282351624559,-19.357179783446114,-21.908316441344486,-29.479427851091195,-20.762423576379785,10.294089301261858,18.878509139007605,27.758850503260916,15.678406656720837,25.46653583621474,40.211994219989066
1442,14.618998744582335,-1.5082461853586553,-45.02977675004129,-80.80439859970988,-26.166950771240103,-31.313537018245253,-21.83790410198601,-15.62338399440118,0.7977636633466281,-1.5595005656869687,30.914938418251772,4.676255047681652,26.574091586440623,33.66468365022942
1443,45.878377324992094,21.62066873136041,20.801559829603367,-27.936767528247152,12.549251754938409,-8.863569799771724,19.758865846297102,36.266488587212585,13.563552930585182,8.419985484526412,64.57641588168526,29.395404070105688,58.997547203977255,60.40713506907673
1444,11.916603811660488,1.1948730477134157,-28.172727838285937,-41.73335202025795,-36.875353670542275,-31.960600078054206,-8.760932444569935,20.473127313040706,5.589057583799903,5.617426379122793,52.49773575082798,13.966486677869163,51.59490794088055,51.91150916780546
1445,7.029224027103454,-20.93936848381223,-32.32908991753851,-59.62585810799242,-23.435088744052862,-40.68750987711282,-29.7629377488803,-18.61619850192749,1.6673266638930435,9.103115662072442,32.463245505756966,1.869468142423789,42.05579395534455,36.100787874540906
1446,36.04895279030139,15.457601495888074,9.061825865588046,12.85180769001611,-1.4452144070926602,-7.288453737861921,0.8881157359376449,5.729630817982078,9.630327236923957,12.808438144399261,41.34194009629002,37.22341475929355,40.674392759482735,49.790707656259045
1447,45.340098390367785,28.709310386543912,58.504004179192265,52.562193113045836,47.597381817278915,33.96161888879576,49.03063041312622,72.26730062153447,3.4756053562826423,4.349415081278975,52.1793469769335,31.268449367212067,49.548279003440484,43.20780015768606
1448,-8.392866883500295,-25.74351483672951,5.8009359821461395,0.12268049190716823,30.036576630978054,8.732174179501774,-0.017563422119256496,6.192226391092087,1.7296794233252664,-5.106915236615873,8.757356886636943,6.671413219428795,27.27416461734225,17.793608404773277
1449,-40.26493123580741,-55.86413333556031,-13.266780531796135,-16.743636941502807,0.3604961111554932,-2.8779071321439593,2.0587601972193132,5.290308064234724,8.309253947085123,-0.9162903100019886,-9.889057675816254,-6.5979647181677175,15.535880282853876,2.9671631417935673
1450,-23.387671056865216,-33.09147089749498,9.987395237953358,19.184588862177563,11.791279481066207,12.988142438110854,29.254626627411124,40.52448620858847,-0.1692290710064436,-11.501905196504561,-11.49034807443954,-14.4354047420543,-9.81382002745504,-18.370905120406295
1451,25.816051061548904,-4.606681836924593,91.98541215576796,69.78073673630075,40.10418481467888,31.036167355341014,48.54218875922494,63.07303845260718,4.635990507474253,7.813906551190977,36.006199114887586,0.3429045141041864,17.732861419289524,7.278689153799932
1452,46.10064004842037,32.298952118017866,85.35834131689955,70.27433554314938,52.628135213356465,37.50128420596355,54.48516750676185,86.04379689161118,0.09171691560324358,2.876129027286514,36.41696501963433,5.169127271690753,-2.6613458223586095,0.3989090836859571
1453,61.606866302659064,52.659806331517906,111.13643856693302,104.3790062553243,62.54429780498546,51.72344070764094,61.747926309147395,91.40706314344804,-2.3027928001491627,4.632418554790527,40.41192925527125,2.094505000756539,14.529014227850029,1.470294056739823
1454,80.66888247244766,72.59291830307401,147.00655037800945,124.39377677556404,74.47026891513119,55.62875603220958,94.43676589970528,136.71766906568502,-4.112184967225314,-4.670456568931227,35.33707622546247,-16.159419004228415,18.154221599064563,0.6029741464476378
1455,92.99794229966534,84.19605430424707,135.1443831382294,106.30725277721783,76.45153861982953,59.10159545963427,98.47002829949314,120.32425519395863,-9.181762732973343,-3.4172705741029885,34.787527950270636,10.965751352463625,15.37048829021907,7.83212373180717
1456,21.67032802335764,30.91293660891256,82.20519707417988,47.146582734252625,33.005343616463136,-0.5234072277092395,62.793531581802675,93.16590744088039,-7.165615489141487,-10.205169513752267,-40.72912520721584,-37.146517585402336,-5.920134371520731,-14.485117245554376
1457,74.25108285348392,88.73872974536268,88.92416193670408,85.49154379310343,30.981360336551667,25.667017303716744,70.72872275656566,86.71777387623305,-19.67964973182688,-16.093714490846143,-8.614871669406998,-0.2567295951205924,-0.906125682463723,7.209539092148702
1458,98.66862646713818,98.06416434665138,220.94569423883323,211.54348076321273,76.31454777961689,53.619164245907484,131.59972465889916,157.19536561140814,-4.654881965344541,-4.244165818177748,-11.169004827966297,6.212242610659125,36.18737120715868,31.81331028800636
1459,58.49241669898012,56.63594677721117,167.43558809761836,142.18475528314403,47.256017197073575,13.629657181233982,121.44005631604155,115.23997677214474,-6.857652782423746,4.169630093680535,-27.378851635515787,-10.606674912317011,0.7086657262698713,-7.73481727880772
1460,24.70881855497653,35.72610449593082,134.62590872402063,135.56072622900442,0.8459679707423495,-1.3989316408836265,92.07275151430417,105.46304860855682,-15.401820288038266,-7.691472963465107,-46.90643124036984,-1.3045009728528634,18.037751512731724,9.746727503251925
1461,18.527647533447045,5.846425656635627,139.92316829256725,136.63247999945054,-3.5460330178202213,-25.296576716867076,61.64565186390285,53.37723592784836,-10.677336899769655,-5.513828441591537,-70.91321788149072,-24.283266412899636,-28.419638577171213,-7.007306665395425
1462,153.60160683871496,158.98893954879665,207.96687225208257,226.93271351876098,67.79189032113904,87.56647794110037,123.85621612408609,122.77896330882058,16.25676150745797,0.756539219600155,31.433808237461236,58.77090002438906,25.79687726458926,26.78700953951485
1463,114.08206498579332,102.09717785512788,188.34741987877655,204.85831718302066,33.23161356321573,44.461923134640465,94.5719056860402,100.84300911481343,11.622848147999738,6.705013739818325,-22.53446514714702,19.70130960404637,31.519243966399397,28.47214542630285
1464,31.464925151399548,11.60064571424638,2.1201601334647613,-3.556833119829264,-52.45165597937166,-69.26560112148215,-14.040579165229158,-33.858231392281354,-3.789358635573379,3.618541185297915,-56.88178456307744,-21.849833406581222,-56.299730609908536,-27.944421824506115
1465,197.12478095194456,184.50022870572144,151.95679673364825,184.55900581100823,55.36690707230845,85.26566269365826,72.06423154110423,80.13062803010578,4.775488143935449,-1.20464779386332,28.994773393551924,47.823991805152424,25.594258599740535,53.83826843962299
1466,173.02827317631784,158.63737150525202,162.02822264458243,167.73780198077105,59.662630212120675,48.88970571679696,64.94441999701168,93.57321322540301,-2.2904943140908713,14.972995167291712,29.692293447757013,38.03035017594267,37.47354472890852,50.353203434100074
1467,138.39907527813452,105.42745725192748,60.01826615617798,43.06853773266938,25.599897544641223,8.639948496267843,8.251550074780283,20.599318845182808,2.92932626305207,2.5474536625830835,11.529652413533116,16.14427585952984,-2.2451498509259564,22.040880395759654
1468,153.1393632481816,151.4951811710962,121.65450277645876,128.82601252793785,76.57639970113036,67.0344425625689,64.19669604488458,79.26650725156406,3.508608126477038,3.214369851715561,59.423141411257006,65.18523316728418,63.5270343059205,63.703369625819
1469,125.48873512754098,112.41932819084626,108.39500938335385,115.08896163682151,76.09934539128767,67.29364920603382,41.9647040519999,65.90116065641317,23.85050807556932,15.244812276071206,71.05644870046294,45.520372907914165,45.250970865276706,46.67333000822004
1470,100.58849535714356,87.43956754563175,18.047207153167694,23.525251800374665,78.63854931221395,80.02422176486847,20.27119704755553,13.694722671082559,13.584755566649129,10.079673246629715,107.35810108964537,66.38522263893839,38.138721270169476,23.997313747132146
1471,39.86315262920024,25.930311315139335,-7.671299222915586,12.646911412651816,57.85842943733495,54.11627278018064,-18.04436078349246,-11.667459849728955,11.622250351755383,3.7816293013158053,64.95620199496409,33.988685244339166,37.60407190871475,32.445916504628656
1472,-54.83212962504203,-76.04233172581009,-138.67494687244928,-127.16344915831931,10.951053569618395,17.150931181465868,-73.6839235363254,-89.73722798283785,-12.144815467941205,1.8984562876796662,30.275610378989455,15.353245123255022,9.884954491908077,-3.427418704855543
1473,-84.47923516641518,-89.53284670915853,-148.80177443644234,-138.9690022612232,6.1829919738859385,14.513478751952704,-72.53972464098858,-96.7926875298415,-5.858342945081678,-4.912010371435374,31.226299437381698,14.68164332721953,0.8557766197048018,-32.94640783429763
1474,-122.70054046523599,-119.74495650654775,-169.80403612697359,-159.62968160959667,-29.622312057493737,-2.3718337823785154,-98.49730012551231,-104.62045266927336,2.558085372352187,-3.7669021156816256,-14.63901502297562,-16.628676799840985,-11.059438767575525,-36.51035072682994
1475,-195.97518138385294,-214.45344490488753,-375.80531428877333,-371.3599764129586,-117.21472244264353,-86.38763865014724,-200.78034460081108,-227.17809469043945,-19.806569676353735,-21.93644433151144,-74.98892319016078,-70.11078900282895,-83.32043861169662,-96.00017096978394
1476,-149.70592977026593,-164.3720147803525,-305.0611089399092,-276.823140811384,-78.42783538293337,-53.63652737573414,-165.39693081349319,-178.80071986083217,-4.259729291631319,5.1098880046240645,-62.24016430350441,-64.0850740077614,-66.6775067746425,-77.56094273923601
1477,-158.99255408133155,-167.1109279027412,-231.4730939148003,-213.64118642525972,-69.95473429763496,-27.6765426919822,-129.23142173801688,-136.32845453433984,5.509274891319774,0.7298746147180601,-49.268693753246644,-48.713397706412934,-29.986916144362592,-47.809111584816606
1478,-206.76348096536037,-193.27263359403014,-268.20189231268733,-261.25012817821295,-91.09172331350491,-51.88735470449206,-140.43324424472954,-142.14157689759648,-6.39539722825518,-2.4330352692770476,-87.16009878743145,-75.59703191261009,-52.326482138774914,-71.20637105023377
1479,-191.7101222371316,-165.70599826467014,-198.03706852185644,-201.63426070966247,-90.40953175046532,-56.127353615290225,-118.50163052164123,-133.74079383119948,-3.3652255318048443,5.328900006128393,-82.51945005069508,-79.49218910224376,-52.25522279383342,-60.82804209067976
1480,-219.67179015669947,-183.23526473896885,-210.1898520407124,-221.04342374028357,-93.09260780168246,-65.56481508424072,-120.0617098194012,-131.03999257845362,-9.237441729371847,-9.927319719267587,-103.02446654516486,-72.99143474404822,-71.25156756624335,-70.04650200591303
1481,-212.54850911381365,-176.1834530386319,-211.75055750101913,-211.6281774046644,-87.44653360711082,-55.84478245121136,-123.02906624565489,-122.31845215322869,-7.458377495681423,-7.705958324361798,-64.61006209456727,-71.3820179724175,-75.36627744009397,-85.54869203672637
1482,-240.84176645009498,-220.0427430909267,-218.58159394311062,-219.15009728933796,-106.05604890325223,-88.5096804466694,-134.62564837422568,-137.61034789848222,-14.321428882382364,-9.600649765068944,-64.93192233095473,-55.17926867134432,-62.0893828857453,-62.76486740114562
1483,-275.43941428346557,-250.78693846205857,-294.02163809566434,-278.52110897752954,-135.71135902392263,-142.95246466388744,-164.89811162780452,-170.80298405288184,-5.6215340546252826,-13.372690216346717,-49.34900420168458,-61.88062567691996,-56.009588720564274,-79.96063646053152
1484,-269.20744651087557,-255.66391174667905,-230.45972857075844,-225.638266634484,-166.36352723718846,-167.95828452143442,-152.47713839013247,-152.16590492119332,-8.444191223000757,2.2179647939505553,-92.8443038033792,-65.44059888170298,-60.289454883233866,-56.25816514940041
1485,-240.4177563186235,-211.9163383372584,-220.5242218916175,-206.9798522552531,-179.4629484550008,-184.57039243096855,-152.50398050370023,-153.96998559013818,-22.882061738000903,3.4403149159567255,-66.00432243277497,-83.52216557071405,-74.63981841735742,-67.01551516531804
1486,-186.4117692573826,-181.3882938405926,-152.87241131937594,-144.5310948656371,-165.34069923629016,-186.57327150819842,-124.91863449628384,-145.10997016611765,-10.510311622207666,-4.062022213518943,-96.84658229543774,-88.68406044252642,-60.11624315532568,-58.04053936636945
1487,-158.87921776700333,-145.43819959142002,-74.44424174379056,-67.9454742892297,-134.825542772483,-158.4603353693733,-56.40641547920807,-72.55725686085714,-9.87920456275782,10.109427424762124,-94.83577997316085,-74.76283468195838,-32.02292355328901,-23.054251121031857
1488,-151.6089553785168,-150.3790232526878,-114.0404115296124,-122.47876201697639,-129.45338387452418,-161.78982352994962,-76.70456541303277,-104.42982280987592,-14.371893754973867,-1.1484595731291372,-128.277472609713,-112.46866171757367,-46.509592813618944,-42.13625139476544
1489,-70.94615520297504,-86.97264956963653,-24.111515959411474,-30.84124650185082,-89.12419490456125,-115.04876445282767,-32.341164029370056,-49.46355549917221,-1.0435987332838081,4.259404365343703,-99.74045377325096,-97.80509503707077,-28.60998382470951,-11.152109628949544
1490,-43.55924330673486,-39.73781092651961,4.057150358877323,-1.8210089697905971,-77.67590651268281,-84.66558477465608,-0.2016184605938744,-16.081778369949273,7.051158832152844,20.294444173571456,-69.88865946574084,-70.3407870540754,0.6343389930560099,18.16519578947757
1491,-13.737839414708217,-26.727120446201962,23.220071239898754,40.63447008553431,-35.82815908185634,-45.80361753648675,17.717964149537867,3.0020891867532327,7.682636620624663,21.21055779724218,-62.25523499214739,-48.66009931640401,-9.430747878737245,14.418247001725717
1492,-31.42819461252552,-41.94383547367204,-42.07129875266676,-11.675570458495741,-44.31165407331325,-64.57628159176511,-38.09948504867187,-43.86429151031956,-10.74436019972813,-6.460706089439006,-53.95581478777415,-56.74414379502365,-11.571810913604468,6.5304318772240295
1493,-47.360354369255816,-56.09640620006962,-66.99621275505457,-40.92921848790536,-33.81806593507937,-69.47479535377165,-32.61516736054615,-47.67368161384113,-22.412237405115707,-7.173881406213918,-67.95122670389264,-55.9995799172755,-30.207229597334894,-23.7811837859839
1494,-81.12925421575243,-88.1455329363871,-121.68264085327998,-82.09823523526396,-56.35973841830906,-78.58431553199318,-50.41461223191396,-68.36829865481612,-9.658566784678952,-18.76524461918411,-62.53479403733612,-48.50513337361414,-59.026030980617506,-51.984095612441735
1495,-86.5701238913018,-106.70333864769492,-162.7209326533707,-128.5924994753161,-69.20549934312966,-89.82765902503535,-52.10603434786977,-65.24489894232013,-30.528397653719775,-6.781461574412672,-29.436087275547717,-41.80599568217685,-76.44841460890943,-73.69320155200347
1496,-114.49227614245225,-140.93473748141932,-206.08527368345528,-168.34057178445738,-101.93491256439466,-120.53322323987253,-68.35384658864548,-91.73857162924962,-30.306305183970508,-19.43796531470168,-53.65730774910228,-46.1707283170671,-92.15782744166785,-92.8704467620582
1497,-125.43657059206804,-136.1939304058349,-163.77772292989033,-121.81248278365238,-85.12015022638464,-115.20208837469139,-36.10615342190506,-58.425756317599074,-36.55063495619676,-28.849716459927006,-14.663969488992487,-37.07461945521776,-69.56404468401774,-85.89505854586167
1498,-169.45889396282143,-179.77375981851492,-170.8596550985507,-155.60735910785644,-111.56907468692407,-138.7786901268245,-54.17758182702056,-78.79763064711014,-21.64329759269739,-35.29018368874092,-48.48757774888865,-45.27311815450654,-67.66771912240903,-77.30370220601884
1499,-180.8001856024431,-180.06477845580494,-121.74338335714276,-99.89417148080669,-118.6377221458649,-139.46858831638198,-43.64378447967909,-32.060389874205875,-12.962533411909789,-14.057271293250109,-44.131757990084715,-53.29436705482122,-59.258277985468716,-67.67894664319145
1500,-171.61298878745671,-178.42688520716888,-92.33164637617278,-96.11375077810638,-121.66435750457373,-139.99387583710225,-48.58838934693964,-44.25446060304197,-11.473031378071736,-4.895750208100065,-66.30095034150295,-61.44621910637646,-55.45019819823761,-46.961314719236015
1501,-108.77322294626926,-105.47214763688623,-80.00373353878693,-68.46873774333345,-96.33130911052386,-104.84083077821403,-25.372884277692233,-27.45377980648101,2.2752922048321866,13.571356775071374,-2.289451656164861,-17.900314983092002,-16.188117757299842,-29.613455836278764
1502,-97.09994877906146,-75.27162704168401,-32.565509981243025,-38.07966709174184,-42.22215512998893,-56.65484698240662,18.803855300347305,22.12233071263126,-0.45529810096904494,5.357655507484456,-10.477604163781969,-33.46206380215304,-10.336278744581792,-19.65770849740591
1503,-32.061811327247156,-24.39701464486991,-24.91310378337799,-49.03777483431118,-4.045651716802525,-19.54962487400709,3.380339559562473,17.875036740317064,-2.054315359004164,-8.154360872536666,-9.919891485429893,-17.435022832188558,-5.097219203657712,-11.612905863064315
1504,7.718830741790232,20.820408550428336,-17.628550270833472,-23.079458751631694,14.138930301147361,12.078229097823314,16.849790664625196,50.78840618598478,20.353116704750033,-4.432904408697726,34.94346271350839,4.884812541066351,14.498611563134066,7.391676696435278
1505,26.074782325809167,49.557124540215156,-7.248983271167578,-21.104677978504206,37.49089435453985,29.01609266673952,21.112888696350634,43.41384096430041,9.575230834124179,-0.22663265768569163,33.56648084255081,12.685081727452683,3.610595868135837,-4.4353021333481175
1506,30.701675115710625,41.31763087187113,-68.00495363687374,-67.70122071929038,6.300029766262784,5.218854919086948,-15.094414515435577,8.753254345675824,3.479450279678323,-11.60035523037579,21.67061940612525,-1.9119185149465951,-14.58691124433592,-16.261386649057723
1507,8.21141288243643,28.777876510361615,-73.18915868677652,-84.01272575429616,-5.119870783072286,-11.72224172881967,-23.44405571948611,-22.896227327481846,-17.025388744254784,-5.240807541743949,-7.167185374359392,-6.144789459616886,-30.352693697332857,-32.65578898938739
1508,-18.67110962660258,0.5665057076075524,-98.04847322615541,-108.72531869934494,-35.28547026046666,-28.910077933757673,-21.407696316177937,-36.61925983632467,-20.501736547989765,-16.714242917343455,20.92632076615001,12.247692531513374,-49.075042471677534,-45.45690477048264
1509,-17.681091853647846,-2.074086107309762,-68.81014332176534,-69.22786750642013,-30.55396789158809,-31.308210482999364,-8.459951841530476,-28.645752262255776,-12.578946851370679,-22.37881984825828,6.569956389788134,12.107263946400183,-33.06673417718483,-47.04095495284352
1510,-9.291335758644857,2.4991249403740756,-96.73370125333697,-105.12877129038536,-32.0957342455495,-46.24241465373965,-34.746404179832176,-57.95920929439558,-14.746536763850322,-16.041532506371585,4.550736735261918,17.632859729558106,-31.416998369986963,-24.65225152537091
1511,11.266602723688079,30.104915207197763,-55.12274622170591,-70.8477570228791,-26.20406664559045,-40.13050383707629,-22.376461230937753,-33.77896003479491,-10.07851942474098,-19.6809606721926,8.322370730767473,16.262232463283247,-9.132992647946631,-10.538223613726068
1512,34.58867788784066,43.738642379481576,-38.172327353460545,-69.32990394917007,-20.30903095376467,-35.684578693130945,-28.72430425715847,-52.72907903773788,-7.807303848272153,1.0667010626341464,-4.754117457049333,34.237384982138025,7.59953672728277,12.840953095080886
1513,37.973065253928475,46.200674264642146,-27.96451404213524,-41.59056783037742,-32.79601973400595,-33.632945710600936,-46.799452725777016,-52.44190512579155,5.478317265203874,-9.994270082095026,22.829873938925363,31.045816660617707,28.22194693278545,36.54689095903632
1514,47.955490686329746,43.078173478125926,5.690309862106364,-24.056574218588416,-31.752236680032077,-14.15649163849548,-40.97894533941763,-54.250987711920196,5.61352837597997,0.934586340993651,8.943833225767527,27.614413043045875,24.15921448352284,26.540038825483293
1515,74.71916320934776,78.07042225712357,61.53446032085913,31.964370572213767,0.31320269581636007,12.22137000373358,-13.953184523879472,-23.03460003105409,6.491059185498159,1.857632947450094,29.707309434828954,48.35035613647175,38.904182778250465,49.59317234483411
1516,99.91122293916233,106.65157122323349,100.49445889249542,91.24189984963452,9.894059306843483,49.980708992060514,27.213105483102208,11.795062497306114,8.52707811615008,-10.6552195179292,39.555017541167345,62.393544848292095,44.092621936850406,47.26169838502312
1517,47.81573179992191,56.3523375036511,40.35764508206293,26.913684384084096,-5.841708101261233,-2.151457551668472,-4.238014022201914,-39.47495898077114,3.1557710787269215,-9.324129265829722,16.328863545001752,27.03233076104492,26.735013360863533,30.62760983424769
1518,73.3140745099501,84.40911796261886,88.08297950537637,60.04273209730411,-6.440922508907402,7.567210155554663,26.905567841853465,12.707202761931114,15.402717942019072,12.264703988435027,30.823187307184195,51.08437248147797,46.169295681635816,47.150506353069886
1519,96.02874918438842,85.81904821548913,131.14697684810568,81.98606802360594,30.8276641025986,48.23083585339532,61.92741591192296,39.75433025800896,22.423160044647897,10.1042316949281,61.445840741179396,60.479356043183174,68.79944399764146,48.37253453687442
1520,98.888857524864,107.25154430105268,83.14089900473105,74.55885635691364,27.072860926037638,48.58416955169234,29.046884651479253,11.656638866640437,7.9542460070205605,10.039955432582962,74.41367243084026,47.49881074014343,53.28046658583883,41.99057960610141
1521,145.04934484494632,140.79054860498854,156.27245242943457,136.43647874743388,81.99344866718731,87.93754544512873,57.04464598542876,39.23741419153713,10.099756674660268,12.539472964996568,85.04955402923527,69.62484400033152,50.71369435578973,54.37184781027777
1522,108.19951517693208,100.92176625647716,130.44521625718068,148.7712283924012,49.06527363798544,60.79501123877339,48.1325482776967,41.46830027115121,11.06090464792124,7.152421711129445,44.53860686668875,34.01468172599916,58.011707282403194,52.908340611757765
1523,128.5241685964979,119.66090361817115,183.23206104422889,196.29978620430933,94.82769424365944,88.23713416262505,68.33615207223819,75.70729904194168,16.208694947934443,10.90057263098389,56.275624074535656,67.26249045276049,93.25153478405463,96.52246003989003
1524,98.31182209569997,102.93873594794154,200.0866550298912,218.07306335140055,95.37788851019361,96.45722774628788,85.36264725919129,87.4508108708893,22.000196524789462,21.97436353228631,59.2774679571852,49.32301960600709,92.09179262622993,69.25090804967226
1525,38.49947582071178,38.42505178993794,156.95620112023695,187.39707327809774,63.31941320746748,68.40748416303532,56.942976511192605,51.940686658852336,4.484414860907734,8.06021872172692,22.613008389664188,25.90025515432014,61.43311980601363,42.707828736524554
1526,-23.049712869505406,-39.46272182125413,54.78478142186247,102.31634247209968,36.418457705927594,27.210425699063702,21.45007627914208,8.51791412717749,-0.02424062190315131,4.84620733760385,-6.517210904686022,-3.0296633758455,23.035575631956085,5.336206167144346
1527,-88.33161397943532,-104.80183745644871,-0.8876871937253057,36.9355355297213,11.38852219865651,-4.3854716852047995,6.680461739108667,-24.366988777025576,2.5937777819539067,-11.599844159702478,-40.75755441233389,-18.688232840321504,-0.0034225160808799815,-12.067038967774765
1528,-157.5018206624243,-154.85230461715514,-71.43835297177473,-17.449147260372165,-6.753552923610171,-7.760028329220346,-45.36379149284413,-70.63962290679845,-18.004617600175454,-14.379601408761403,-89.47161223477416,-59.985915932883536,-32.146108721216166,-42.82221914218156
1529,-122.63897034903987,-110.83045831364913,-80.97783337979592,-21.290876799928565,-8.016765492009727,-6.801765550988113,-29.04364697717653,-49.090509707058985,-11.463622072457811,-13.754131065478141,-67.56241660181868,-56.31825887373023,-22.61665621027461,-33.853907790615615
1530,-157.43596518398695,-144.7555968166402,-72.53397252750709,-42.23523625704307,-22.263763463972147,-35.57710499771236,-36.29489846483043,-62.971543980329784,-5.901957726743035,1.0208182006283937,-88.76668575642103,-91.10324834786341,-51.25684608083963,-64.36903589744063
1531,-139.20463529714021,-131.07221150173584,-61.41416903344663,-24.421387255801235,-27.155133454663655,-50.9970454515497,-32.25447628422074,-63.62662636320719,-11.495875753624217,-23.219512490004867,-82.91133459618663,-92.27536120788892,-31.854871730372444,-42.442959538726406
1532,-128.93747142811714,-119.90277204851728,9.360553767521525,10.273703848417199,-27.291584358371477,-56.83167835959688,-23.833386233091968,-33.67806369744884,-0.23694945489532593,-3.5905059323563187,-79.15164838105711,-89.9997261625399,-21.49179505514135,-26.890949237351325
1533,-98.10607260919156,-99.5465520379472,10.58694813648664,13.44733873765003,-15.175200522081916,-43.21171387301823,4.203786601940219,-17.772602329989496,-0.5730447882834552,5.1510932342437,-79.95529294542897,-66.43371767538014,-17.941028601790357,-22.346824824941415
1534,-40.55584361765747,-53.23139399756493,-6.869923246373578,9.260747105736648,-11.903848643896154,-26.11899034387623,-2.132499320329377,-19.02018824964182,-1.9776899822774066,-6.061006669946546,-45.6927608930254,-44.15161136563705,-11.63295786356978,-4.366576570435092
1535,-10.164723179005017,-21.016306800672503,39.11063548378076,74.96898415005762,14.450641033118075,13.975402884153382,19.690030996617605,7.802669633035848,2.01595533486683,-8.282839316682063,-19.711867431759952,-28.506370231146402,-4.805060063254471,0.2544130975406347
1536,40.018373276663255,8.285638363073685,9.833577011654109,60.23127109092907,34.29447425493372,37.36087433647716,5.88497110913611,5.700574854764006,4.772874239738774,12.936812264431188,9.666441713810999,-12.565966290225838,14.136822001587989,17.508381437229843
1537,43.61433770245347,31.8099203042378,66.08977068154603,115.14719433941609,35.39725155163201,61.13475564723181,24.074230559710056,39.063156030167676,20.835384438393415,8.27084421462116,16.730727440446493,-12.89203799250385,26.20925045898961,21.930319651089153
1538,101.65799490259758,87.95714501024037,92.9757138834063,110.30948945561671,85.01286447118561,83.71505877559926,47.33049235758301,62.650713285992026,15.143177213847244,20.55435301523374,62.40979486665573,33.54621110093701,51.96538406661421,50.92814753864128
1539,100.10829242815936,99.30797067312514,114.5728439712784,142.2992170130645,67.21305356164817,101.36632667010451,72.57347171998438,95.55575039106488,25.98687267921345,26.078360351393886,52.156461905595634,35.84244223730651,59.804939230198286,52.01359157026091
1540,120.92179813433901,114.08496486503826,100.01584621952652,104.0079712692495,85.84219365317598,99.06688826980837,60.66564351221373,82.50519508692248,25.8240429416219,17.800393935686493,63.28184946403146,50.854236489414276,70.29909485133734,68.33468391844313
1541,114.45981157305611,114.81724841969378,100.57395548824108,110.68667984363154,55.76109137419271,86.17315782952718,45.248241194332145,82.33151870692703,25.11107179519505,12.210775872310705,28.96889243171016,35.52225655739529,68.96595875540609,72.14714391522024
1542,95.01606841478937,89.63292035534937,57.81426221195468,67.82328862711472,69.45276980531695,64.27824548974336,62.504884946452954,73.24749497534201,34.08343761119816,9.358919549740998,25.679721246980087,29.547200768017067,46.46976195396649,42.098252225326895
1543,17.697094413948548,26.72442138907504,-12.881865137146077,23.039774880543778,0.9433913859957491,22.596351771475785,-18.32120638682104,-0.31801571812866103,24.758753739676667,18.83205811288085,-8.28695756335589,-10.302954514761806,32.092144495193004,25.934012409091903
1544,87.86958564493374,63.86201313774958,32.00423350000905,29.396397289573,27.54556723540584,44.86710659328013,11.362680812383873,33.59968954445467,24.252050620743052,18.487570809482865,57.55483504761305,30.48089572981669,59.899823710424734,54.46446790566231
1545,56.88216747370919,60.0169843773206,85.84152595501598,59.4674429276712,57.08457426706182,50.50467130655095,60.78005134068975,61.8097702811869,26.9669045033525,25.72033862294795,76.40481930942963,25.68041886207027,77.35369122294483,71.09118275328852
1546,6.87105789814651,21.636915156957436,34.82401212710134,36.158334101190654,21.25812609460974,27.853638401057886,42.65630332494026,65.04890668787064,10.748523480207425,2.803540877129578,46.83319613663131,16.68538740788288,56.46003819472182,49.85865527906711
1547,85.76924295136112,100.3480883992667,154.74591033576408,159.31964858401324,99.40542173757521,107.43675368694655,117.2344011203942,161.34871204317696,22.151596945197564,12.212765824264483,92.60059420200771,64.93689058351613,95.37394687793577,91.89745467706422
1548,108.60472371974645,141.50633698553864,197.36084926871624,192.9890286028545,126.3994565144886,136.93975300603887,161.03195027036637,189.94878793017563,8.172801078822777,4.1757092154888795,114.24922654082054,85.92276421205405,84.71003479283613,89.69581362449209
1549,172.16506695886653,201.41277985478507,266.7373069755244,275.8452810295337,173.50201097780564,175.320424007971,174.17734984001916,203.79712013770694,15.643750856330705,5.415164219996698,134.12328800654757,88.4787977314805,84.59963407898024,89.81158776807347
1550,181.3989268258795,220.8633024432059,263.48536593666313,287.15249614758955,159.62027542034468,188.92817491260365,181.30607231044243,230.3793341137849,10.249693307502227,8.572931789308724,155.3520371697747,102.09520144571954,60.74024798407839,76.8478112457076
1551,184.4631663169544,234.2746920061321,283.4842123026354,316.54415730397614,181.08538735905003,207.70127141907918,152.96125118187493,213.91105236240483,9.788885456781223,3.2825750274390755,144.9887359595061,114.06278372019561,52.26586081343994,62.69055317426646
1552,175.1978755349601,207.45267908798013,212.00881113961054,245.20060532036464,145.45333835108337,182.52342376157614,97.1169970449267,148.8866869214346,6.866199789625448,8.487223943483409,137.24461826952927,115.87924553086249,28.33343474154316,40.524449608763796
1553,135.47311986428505,155.10602332852577,152.36067770499403,177.00847974754697,119.32870510803691,157.15441239267588,60.22515803074382,89.05864592027386,13.968417381309896,-10.771845753176672,111.51313895861739,94.41242558914178,7.370632777411893,4.0439374171470375
1554,71.30006477505182,86.22908509924767,15.913306057148027,50.9849415510228,69.31831490377986,105.70273950709563,-19.0423416280063,4.183009402157216,0.042066513290839914,1.0567962818704104,59.870904463090454,52.92220367470222,-25.77996999539802,-11.135515104061513
1555,5.780748945215286,17.27639879853926,-60.85991565850693,-35.01225990399175,14.312728296232985,50.40290614834726,-53.57491165525753,-60.830272787524244,6.9500929323631615,5.677218307156707,-8.000382658175708,15.442354784018697,-34.58870016997571,-14.207347189902867
1556,6.521854183752778,0.036015692796670606,-93.24953036267847,-77.55731997421978,19.763763243117268,30.282936462204322,-59.943135796993246,-84.57747643912253,11.306916328672182,-4.704799431377046,-16.345588021034718,5.638221418032983,-35.10064516482677,-27.60942848265499
1557,-70.61308157351242,-62.86231452645529,-120.12400165944452,-101.42136392881018,-31.455826307392375,-22.516731575696415,-76.71594132583502,-92.67493114111213,-1.0700460064902313,-15.2754986881263,-49.82023623228993,-33.06788845691911,-64.80191768183863,-51.19901900937566
1558,-83.2595691028856,-89.2065024071636,-167.60129300976521,-140.02589615962336,-40.18071124885077,-37.6775654977564,-72.99689410148652,-97.0948416144648,-0.6090920368026372,8.639332514407922,-52.19934734540136,-50.24272362596524,-65.13029773588562,-54.01297061322339
1559,-135.3751781626235,-120.8823436516896,-148.1248897904837,-129.9830963767227,-85.13467227078925,-65.83286839811181,-88.41254556358479,-82.9623762268745,-7.347456747928736,11.292067411006268,-95.48411634139514,-74.04722670744775,-90.79183645064612,-65.93564188334243
1560,-138.9463189579377,-129.84439412668945,-148.54873168492185,-152.50963770704809,-63.16409687117114,-60.233767622186846,-47.49520505969358,-69.43796057289946,-1.0322310795302203,0.7802212821206489,-48.98642804749162,-43.21219690116498,-71.23201223469769,-73.30729470979867
1561,-175.60183998752544,-160.32203493767446,-138.71603593863426,-134.4342198543805,-102.5895391242592,-81.94246000491226,-45.998342785549816,-52.68292613483406,-9.395627818784005,-3.757080730156012,-89.1619142751403,-52.60433654321685,-63.47139880420738,-77.14895971891502
1562,-182.17985662491117,-179.7147861255184,-168.17035978549723,-179.1747834981953,-110.14854211047431,-102.75787380771327,-79.73104215870987,-91.0113530329828,-21.86659386571922,-11.090273382932779,-112.11966829233693,-79.44350099355239,-81.59946757850902,-96.48381779830866
1563,-152.87651117941087,-155.7166420023322,-121.61796890292203,-129.60971547873163,-81.85069574817955,-85.16817728178466,-42.8205012693353,-51.1765888125671,-13.001466693624735,-11.050016249752078,-113.02484231873828,-73.11694434868056,-61.209709578863674,-73.94947531358095
1564,-122.45067481186965,-115.54700525944696,-17.693794658053864,-25.545707175172634,-57.0522547016839,-47.488367569781,-6.628613812597786,-7.056409349675576,-7.207001275041558,-4.470387470192942,-79.47763332960724,-49.68383018378753,-49.090954891431956,-47.088919980339796
1565,-100.7970984449449,-110.78210177162298,-44.85003717130436,-75.67462173962538,-52.18693903243804,-66.35912644841343,-29.054466740305276,-36.123238083328175,-1.7386004008984306,1.9208555230487467,-80.0493496891975,-57.422121873781,-33.85976201490421,-43.63488303444081
1566,-85.26943643834392,-98.35634055313653,-0.2644066847877002,-54.44793205067659,-44.32373932279232,-56.13163171735435,-12.26244292463303,-20.272288231873596,5.775149151545339,11.897198613508529,-59.31689643349409,-61.73862047781924,-15.51411472378134,-31.946284583734567
1567,-33.56785458720442,-51.195991477052274,48.704616970621124,-31.797452835424714,-13.083003497395843,-37.0000367718067,-10.729427614839002,3.797722421309577,13.144610375133176,22.270189690931325,-49.735635531008626,-42.63035625880164,-3.3147151548328964,-8.560688923143823
1568,27.28711456385669,5.486115642162989,68.62246325882874,13.271232720989964,25.55360406180088,-1.540978933464211,26.476695764879192,23.585799694370802,27.703975270817647,31.16530385291714,-2.2537956143644644,-4.711843468463652,36.851129300541395,21.959269189690776
1569,22.08026209947218,5.053283998449969,61.1120450656643,17.773881849266242,19.237694533142957,-6.018961955853029,-9.10553235546548,15.800995824862017,14.232773457724543,16.22985228896424,-22.515737381982742,-20.62954976746339,4.446791443522514,3.229807151158141
1570,35.477579038969004,6.789798565926164,25.38345718146751,-28.682915237210615,29.880276785423682,-5.0720589445548985,-37.400332874513694,-32.500312194027266,5.77792970068914,12.42193350877603,-40.45586068433057,-41.82653299485935,4.243261935746033,2.4764479025732005
1571,28.06564963363976,18.388134650412784,2.7966821661605508,-29.81928072261708,18.899185599276127,-10.712353282463244,-16.399616118316118,-8.6389943458635,22.620395518964205,22.94954062323358,-17.096281983803053,-11.661231798835612,14.05755069617848,14.828254613933233
1572,33.048084400468795,2.7809441055527406,-20.94186074171996,-62.27974701434159,16.293237422189883,-26.888929645217384,-37.78071152136386,-37.75218947264942,-2.9532481666039203,4.662822059539147,-9.303459189875538,-22.898202060532974,-1.4170924452313627,-6.294172397212363
1573,83.3892602132999,65.01615588010239,13.631941905860694,-26.473274138246218,51.346158415435184,12.724322231378585,6.693513672079872,16.453779046759212,11.914826528092277,13.693053891210646,-2.58621579665163,-7.95936950495494,22.9374435539651,22.282965407954052
1574,107.82849356424458,98.92169715328714,95.78123722926915,49.76020900661797,61.89157860503988,46.49100439715973,58.60496916911533,70.72037169171212,8.138455796161177,8.873724585742012,27.396949871884594,34.201043075814745,27.42878577627029,35.42586212070494
1575,127.61089754716932,113.91861263700166,99.47843216438845,35.09937983077776,89.14699955388645,62.747246024141816,76.7674019455853,69.3659295184332,-3.3699966286245115,1.8824415186306516,71.74035949394607,51.29432635995411,35.48330645649441,44.35617340544753
1576,120.1878227725347,123.98765806774688,96.85780480576138,75.9005383589732,71.84005553335443,68.99626642893284,58.041426240707096,77.43987184251921,4.134512718236468,15.599701601477324,63.55239977235033,57.25230613677374,46.243048862336614,51.26223346061917
1577,102.90408717112845,93.7765728012797,55.73448770909098,36.33846481226739,89.8329797111187,71.08985959023475,54.41975034849459,58.66772315501694,14.415261665916228,9.790597086963542,92.63461447024267,58.32106163148152,46.02708403053709,35.516158188259745
1578,77.59505275002829,103.0192138716419,53.219425023014445,53.7083375524438,71.0103795300447,78.151631550022,35.88424810872218,49.170543699863885,6.427612738332024,7.879825604015357,92.38512229878411,54.039948012401055,59.93520907198244,55.52070021281182
1579,95.81600773163525,105.38416030247691,84.88556760904905,98.20001800196762,102.52901853666101,105.02920096045786,55.29558617093459,71.17141929360213,7.167848980893524,4.112728119435481,117.25717393780756,49.94956196302093,47.62177604801393,33.54660470924089
1580,108.58855689351164,110.43357264931126,127.92279110209604,133.97840143084582,116.47464554274052,117.60800536261036,86.06358777549808,107.57883950691784,7.7238772561821465,-1.2574786483104525,107.16080021613683,65.60173904062205,59.70960552395398,48.11466692594793
1581,106.05679599807361,116.30981281746114,175.46803106783898,186.5237802417891,125.33059886430816,149.02553494310183,128.10705472487908,152.76274133509506,10.217975900301441,3.4611198994840926,121.61279921194784,56.74982818822691,42.94132187759271,32.250464372290296
1582,76.96482437809142,97.82835235565167,162.7925702971934,152.7821445970992,119.68822113550348,135.5410127521042,138.60514825162514,147.50144030135237,1.038486586582512,-3.5000747364637865,105.94266508359317,41.846999197021745,34.22941831054539,11.744191198902127
1583,93.48550153121306,89.33648225226497,190.2099623242715,185.96608436082064,129.75117722394077,143.67985296075034,150.06041778657578,162.94238544555503,-5.5832404372088105,-5.670315596554704,95.97768585519638,48.91957055538958,29.06133196922648,13.47397466987261
1584,117.61479817692862,102.69868622760066,210.61865639915877,200.87640544062015,161.96474216683376,169.34384492884905,171.53931444589665,178.95225299536187,3.0236131604869603,4.545660887950731,110.7122904662681,70.02954150152537,57.124936904776604,37.9431855553849
1585,128.32895199001314,124.85370450791089,255.8742020757011,244.60700406783184,165.57109447674299,176.51312789085082,166.78456838987572,189.85545926398186,11.39385774186099,5.77323270288204,123.29042447009424,85.48720254849874,65.47335102943067,57.31433258339785
1586,146.4323271014096,135.1460500804956,248.61438518746715,236.48991982446722,181.7968211794544,198.46089803853678,145.66570065725372,181.6447792008305,13.684324653885362,6.971445514210316,153.87896503329006,92.10660297059789,79.69782911251932,51.716592782397306
1587,127.25714184328318,110.7530095388222,170.85141170160531,203.26166176120287,136.0321128774025,149.6178609954662,103.59010514875493,130.02760814168795,11.237346819703836,2.9219938898746847,134.0591257363743,61.22890718281539,51.369172821391274,23.97199986749754
1588,109.47868605025464,119.79383309224048,224.05723182611663,263.0604547268607,147.0611988230428,154.6629224388696,107.27278987749524,138.4490544370535,12.305357870568036,4.767877850871952,115.2214714441444,79.92718680551724,44.243284795945364,29.20851810352443
1589,127.75248002322903,137.77237256737854,263.25288135424836,305.72889010206495,139.46221424517924,175.81051441532335,129.79352082538682,162.2213124352449,7.000059241887449,-9.083033160091187,139.32124598631688,83.75612031665553,36.945489441856516,11.732908659548984
1590,75.48589665537548,104.3649386283121,197.39378322014554,262.06014455706685,118.41455722676687,151.24322761799024,80.13084363316523,98.71039122779852,20.403380158079745,4.728454217383493,129.19628325176714,85.8235624582831,44.40288257972021,21.727526779724723
1591,-0.22614199960795153,36.19033412571526,103.04161752530574,180.82208836358774,58.947960705635644,86.9848693868182,26.903499227156683,12.854500202817864,7.786755195685745,-11.606406459260793,70.69023054066298,64.47867401714274,13.710630808826478,-0.2616006036709706
1592,7.235127929960178,19.202867084514487,80.62692147715563,150.9654639430618,51.78820998245314,75.5794461403464,-0.6686704785620411,-6.414980678802595,17.5717146352071,12.004635467944203,50.04059165428622,63.48202797022331,32.129587823199486,25.14587422714536
1593,-14.494904083059769,-11.005363336792863,51.126600716007566,98.55823906369986,61.774800443782816,65.19153939122309,8.919437427854673,-13.0853670274462,15.938623184674418,22.620209431296608,21.002562387348842,52.72627334960845,25.6417592439984,28.941924289374676
1594,23.037533067423986,9.65340581282711,17.448991036202603,38.914950177654624,66.09844113574782,83.24932025317783,28.355360813924943,-1.0818661478985931,13.55589817123417,12.19318297728701,40.031277589104484,53.32499097626672,18.73221264662908,26.326801846168884
1595,-18.993265516135153,-41.41711829733873,13.105095542155254,33.54352894873127,29.454011365571102,50.9126210614026,6.708722451045424,-4.437816277739264,10.919328307840317,8.56033164974289,5.159881543769608,22.760116973312865,10.064803796919866,18.67266665502928
1596,-35.78193176474517,-58.876837486377994,19.210498296091707,29.339499802031696,30.476916428843793,59.279522034366174,5.565663027938636,3.1162728362548044,-0.730122955666971,15.247777861840573,-26.7591400543276,-3.468850719612099,-15.806083087037404,-1.814258122812199
1597,-53.541372119016664,-68.01775201967577,9.704044571293197,-4.222049795949318,9.259883216126045,23.663549692673165,0.08066279134126932,-9.162979377466625,1.0404280901154905,9.654087836377888,-48.14622532657684,-17.71495203140016,-13.500565115829213,1.0404161318592522
1598,-56.9920677739361,-60.4373082907715,22.791714408608186,7.02763851241747,2.1057989791754315,10.755696091677265,-5.936807582521598,-16.606853216259207,3.4517103210463542,4.55586970783302,-63.32051947307769,-55.18272433494212,-36.75480980460863,-19.920695549278822
1599,33.13992293700923,34.670004162867755,127.56398181088366,109.7961034589767,72.32022877285155,79.67958872667343,69.79484910448316,59.810445216148516,15.414648661141642,15.424118252069546,20.421146690017903,13.688826960424116,7.675657285000925,10.560582753896126
1600,40.44462298946127,48.56598720645193,184.61886703435164,181.06970077227436,69.58275347988803,58.90649725895703,95.21353549012828,88.28741960193686,16.74127877059583,15.406127667722746,19.94457806435854,12.644823426266568,16.345098651990586,26.035330567712165
1601,-4.871068328339149,1.8604937420219319,110.52428626670735,60.51586597495269,32.79528591641783,9.124867121191425,36.902684056926844,35.25685566146069,-0.00884409970533273,11.100774099768362,33.28428552443775,9.596379962980798,3.8025638187218123,15.565321198482803
1602,28.31586655971135,17.6095472700072,136.3345242225302,107.8638105562862,11.765085575607984,2.3631430156089115,32.036155931345974,51.8788621831636,-10.007658667183994,-1.4636445387686092,27.39556807025261,8.215301982885501,7.3141919346603395,25.22520359941418
1603,60.32113968061513,76.67546163817241,197.4417891206948,163.28292315129386,35.250518422061766,35.6945274758379,59.08470220891713,75.1887748117874,1.6280401506818158,9.045404932845798,67.84639522719542,68.25113375353531,44.83532774883018,67.98330367626589
1604,98.09918393309438,112.30541525705755,191.2022538884978,166.2021290889782,38.00588476951806,44.953256170940456,86.40938961667338,102.84357841002422,-6.431952180765022,8.69817245497891,83.89558210551395,90.87531442647112,54.30200254253418,71.39382664910504
1605,129.8769578419387,138.96986551627901,200.9941577538917,173.80132699478378,42.806149423940916,58.17162640525603,86.09390153452058,104.92881928468644,13.080295696098885,5.951503328908182,110.1184706564795,108.96984048667895,84.66921520759527,96.74068445212887
1606,70.1711939304485,99.92115229691956,127.70088913179215,113.49551055806447,-0.09627605181863608,1.3744654385477801,52.80874737023557,65.98748455061613,-5.784782633417131,-9.629440599826715,61.1890603376143,79.93488851605123,53.85002603733342,67.53048133912863
1607,87.96367984511694,82.46608022308943,90.62118103120918,70.54485387660664,15.57315574726725,13.927319028845659,35.797265976192556,50.89158625922393,-0.7491983189127964,-1.4243951721583363,77.58700524936779,96.62099108182491,69.32869872772096,72.34528410781051
1608,27.79154151175061,46.28318510737954,3.7537166397486246,3.3110151327530803,-9.910794085311355,-17.25783253264006,-12.041657666458097,-4.193983287744385,-15.511059106077818,-13.265440872737125,32.83314332609748,51.41473915715844,41.196636833774896,54.382552871837994
1609,18.482425391720188,35.41221765112958,-51.90106540740609,-57.20813103631824,-26.33186504300211,-45.45900034389452,-38.17422395102364,-49.170675742346454,-8.059593509096944,-11.382568842140003,3.32409386917323,17.387302260360766,18.76929009324382,20.032014711488355
1610,-2.0478709096584775,9.680137333456369,-139.81831010857425,-130.4395987388891,-54.95945138504271,-86.44125041228516,-83.11891011957619,-122.92019013830195,-21.70368989496586,-20.630688853800045,-65.19811028536036,-4.2044670740203305,-21.347194517873593,-3.674066653908731
1611,8.021556239820335,14.73865524440668,-133.33847119456743,-133.8127879025522,-70.70954312743456,-85.90465569808605,-68.6368479761687,-95.20101908618992,-18.349894178034525,-26.461126264373064,-81.59494540614168,-24.736767266023556,-39.50162362567249,-21.305415819709037
1612,9.469234441359276,-6.536765539735439,-150.744852314034,-151.44528722760506,-77.28881923507537,-99.77541747735383,-83.38187926261254,-101.98234428795637,-7.125373868201159,-6.575750771163039,-67.59018992027127,-17.840469361560046,-35.24753457728842,-5.665350753300586
1613,-18.984755519441414,-30.386630467308677,-160.48367058246444,-157.2068388803551,-98.38681446316019,-97.47830790738715,-87.81327497735056,-100.0930207854635,-14.78751430570812,-7.56522857468817,-97.20709267204057,-39.64864602211485,-41.96553077947374,-13.012148789262683
1614,7.435902117925849,-16.864245233874765,-143.56540550314608,-160.01853236346807,-103.73196806105773,-111.69160910677,-76.32655794582716,-97.04032295923666,-14.540034543661383,-15.011036116750219,-84.81048403646898,-35.48539900995176,-21.996900112621194,-12.726385465651038
1615,-4.682385754038877,-7.230478177978494,-141.72454577931083,-132.32619678857375,-101.89238513504347,-101.2461754009946,-80.44729794994922,-94.73331394050027,5.373291580192276,-15.4099076215266,-98.02055624551377,-58.758133879811766,-21.366100885086983,-21.741730937172196
1616,-13.126237372574161,2.581927499176249,-130.45869528618636,-142.21074917866702,-96.72519568219779,-96.25958439580059,-90.29273445714287,-94.17964866002073,-14.887787044054699,-4.903447306786515,-114.30761323031415,-59.12664612892542,-45.44480974679723,-26.752588955960274
1617,10.534118133675483,25.995852016249387,-99.8476716243931,-120.33873353751805,-83.92948927646601,-80.11069659862781,-61.03026390470125,-71.57208286177824,-2.0953630519783837,-15.585130038869217,-110.28601311740559,-49.75584426204936,-32.35561996437259,-14.905970227005803
1618,45.31018239297428,61.197025186849444,-80.70326952920539,-87.47815580153235,-68.70931592153165,-74.79246658581927,-52.75417176379868,-68.16792653139633,-10.063746950674451,-8.324928701513311,-103.49534703279193,-48.27689052900823,-35.258597919795335,-11.915835595220384
1619,34.78316598740269,45.55796534935249,-100.54298937515925,-98.29177410223323,-69.60022100262987,-60.49550421685575,-48.24436902998291,-66.9374559182267,-17.179277638320183,-17.77651459858968,-84.73687875027696,-50.00087699016296,-46.20787084685616,-18.86823203123287
1620,26.658302514691247,42.056134739893245,-111.53858215707292,-127.32374820095919,-54.64700483008296,-57.71807564427155,-62.06998377286853,-58.64951464182661,-6.37455179249449,2.419952119616684,-49.87698195981657,-50.436108318729794,-40.12514046588811,-14.619455105861478
1621,-4.235863926366897,-14.68426582945626,-128.1337444408558,-146.81933898649206,-68.16630610458463,-71.11478684781268,-78.40991251724016,-72.37297812931881,-16.703163588114048,-10.2561370763731,-62.11259501417373,-59.016497289110056,-65.51572862990669,-39.69748081278907
1622,-28.566731659921693,-52.53958346131418,-172.9571778726602,-177.26908519585686,-81.09046646205366,-74.85245841213451,-82.82700789222648,-96.51717692296418,-17.207753269555383,-9.208178158621754,-67.83731188225964,-89.45029765903759,-61.14168712447727,-53.052521399019774
1623,-46.66352021910806,-77.33008995472814,-148.49970965822868,-164.95327385687483,-77.72558841467665,-70.06357250055558,-69.717086926795,-78.86168054980466,-10.85911814600783,0.8894772732659879,-63.984779628405555,-85.08869066056177,-73.06271401483293,-57.129232667497966
1624,-91.74801206453513,-116.896055457091,-130.50964020055974,-163.21019016901863,-41.72016658512515,-44.21238508372806,-60.14002392887893,-71.98165732557912,-5.877987920108104,4.0825909953422705,-57.454721747532325,-80.63907462646759,-62.80155018733454,-63.417611239766664
1625,-130.32468879725548,-156.25063696093358,-105.63876751477402,-129.0247760891186,-50.75796052196992,-36.59460661921924,-55.74141407017639,-61.76828875586473,-9.43106143531355,-3.902211603670567,-50.400887516318804,-78.01516197768814,-74.61807154670038,-70.68693515810448
1626,-146.8876069849955,-168.2816776500482,-86.21920678567231,-96.179662758403,-17.39820963814646,-15.635601127414324,-39.01364657375963,-30.868482082575746,-17.081895734413127,-10.680624122380621,-34.584294079094434,-64.23676297765192,-56.55085122278509,-69.42793007808261
1627,-153.16122155525983,-175.35044826352492,-134.3232694704288,-137.2556389178651,-50.907047021412396,-39.05602420466007,-62.71495568162624,-47.11865395301059,-16.40312947501762,-17.948296362810247,-53.48403896006275,-80.25946456894673,-90.05278878818612,-106.52888813731523
1628,-159.095676821233,-161.35589265392446,-113.49534134231506,-115.60796794277884,-24.699614462196113,-23.69064285269231,-28.69701465110465,-9.185135203230242,-5.856495888655836,-12.939344570691503,-31.347939545383838,-34.88094680119075,-30.586452386861673,-50.38437589231599
1629,-167.79793976352056,-166.55954367229427,-80.7252693196411,-94.15286744011766,-22.151056250240146,4.567892625912408,-34.46224536534343,-12.101613121339083,5.0429715594841005,7.219683418746044,-33.9030886137777,-27.367658761044733,-21.688870000302163,-37.684026304589175
1630,-117.74473106076026,-132.10795558863805,-23.178902257140212,-30.05641028821792,14.043106072727545,34.91856433974138,2.9170683533715263,24.978437673050486,8.264510674817013,-12.872909740311991,-15.588815395371942,-28.400043122700804,-8.086696006124296,-32.92646482190846
1631,-43.904752598756744,-63.28102068849889,9.677149350976036,3.122462153259294,32.722395573873776,51.28155743156037,25.215640193715995,40.503586457386106,9.218359337666335,-1.8075779653829844,20.450815900588733,2.2549020623428344,17.806642569164577,4.48114325899007
1632,-35.6291740496348,-49.14901685193192,19.12540688738133,39.832622620256004,22.832415330607226,50.59512114285762,16.030234208849343,50.149250703651305,7.63131986084823,3.4205352841110734,14.844819656346473,-6.492137016837649,13.409171151515325,2.0851847385701165
1633,-32.70782155691242,-37.379858299743,20.415834198548847,18.25966872187208,26.682361225059875,38.39632306476711,9.163426626804453,27.48194380894039,5.095815349928448,0.9331552041154099,8.949003558208442,-8.234274887441725,2.667914931100868,-6.122568319993258
1634,-71.56267752251216,-79.66658458636788,-43.65665221706749,-3.8717201239715093,-25.571164347754504,-11.786580457877857,-1.0488977606622736,-0.05816840811306871,-21.03387561898887,-12.214383010981567,-14.728471131781204,-23.16250873907366,-41.12113363011487,-50.764175216068274
1635,-92.94205484529297,-108.83424916534895,-45.404424937940576,-21.007648006941775,-30.05297923124052,-44.799870468930294,16.021461592866597,-3.362847214259464,-27.31739874244752,-29.62760353980978,-5.587838367521175,-16.0362595257577,-58.04726902187455,-66.06949629085373
1636,-135.04676822324453,-148.22250936396117,-93.22580969250735,-60.56611753509973,-56.22487388518958,-82.6991529695346,1.3665274249669466,-17.225458661862582,-24.799743365323604,-15.31445007709872,-15.503932652390347,-26.739696336575992,-64.77406710160224,-61.855668081801056
1637,-173.54193401206527,-168.90498112318346,-109.83102995842644,-68.51424561744702,-68.98038283664003,-102.54228270887631,-10.760182082466835,-29.969495967157503,-22.30246238718584,-27.978107924042163,-24.794266110618867,-27.584854952241514,-60.522369641273144,-79.60117625553359
1638,-197.47697180433954,-182.78499219867808,-95.15759416380013,-66.045657765989,-73.74314977491692,-105.67049758903794,-14.27321228898883,-16.180951050882086,-21.28615595835764,-11.953258031695077,-19.05509913657796,-27.448395952037302,-42.01232425487265,-57.015593083993615
1639,-180.12502306816893,-145.8395244153275,-54.6728385755497,-35.28016143365419,-80.12857203681502,-103.57757483704357,-14.28021724880837,-7.533165417428121,-0.7408813730815922,6.732659888062472,-17.778400380035244,-34.347602612476116,-24.64472838473141,-37.851148091572426
1640,-117.60789040731999,-101.26428984179005,-11.768512637141344,-1.8608704369017728,-68.96412017384037,-86.59562090587966,19.926986060866017,6.876239506188583,11.388075662647395,-2.1538645000088135,-20.065682243755603,-33.83578673899174,-3.539093732027097,-23.574785934666764
1641,-67.13679773331944,-40.12946683068273,56.46819442949428,71.5965605350821,-33.269906965934766,-46.94984170475215,63.600925608833414,68.09193562660302,16.6127768221768,0.29028387066078665,1.4693400881689769,4.377158988364191,25.691929465110142,3.73535722930577
1642,-42.52214023880984,-28.007355733042456,87.65662098762931,83.9328099750809,-20.478803321007483,-36.99528262932267,63.202739672184684,62.4527942870255,-4.884049772671198,2.080357812328741,-19.071338062613865,4.020388182138357,8.758874369202408,11.118563508657427
1643,-56.79525315691497,-60.03069066369767,40.28502958080325,73.69985461428601,-52.3729153056683,-57.46873754414747,16.11997149151609,28.325311331337502,-7.684973236606734,-13.211093896230583,-49.152053123706025,-33.98157177099885,-12.313806110739607,-20.90883795795682
1644,-47.54392337749935,-64.30165501333313,27.399209049423828,53.42513496965757,-34.1502831515512,-41.08799671491353,6.449286219038407,19.230712081234252,-10.748985271006774,-15.935060095087692,-49.59030147324163,-25.18533592112745,-33.841312419462156,-41.163295341699786
1645,-152.93201790187766,-148.45988503718846,-75.50982660467864,-65.77083110165893,-108.58034997877863,-110.12404969171837,-45.375317071248865,-45.96722674782812,-11.324255401047145,-10.772655338104048,-71.18135572162741,-37.008584503085785,-59.36678524505388,-60.45515646825071
1646,-63.452562158027575,-66.21869943213441,-69.45725403709798,-4.167995157290201,-82.22161393370567,-61.393422105777695,-46.72049546307848,-42.155147676729555,-14.854814126892819,1.9570138427002965,-52.53356176701197,-43.01596282570827,-36.51744804968843,-30.45335624647956
1647,-14.919818701220954,-10.138778083655744,-0.5839340010354123,22.99944888403731,-19.495219464233745,-38.497367352698355,-3.016618794591145,4.232674670617787,-7.504966811041633,-13.615596364406713,-21.69241280926045,-23.61974480620519,-29.71001172297538,-22.16649728386717
1648,-39.99069677427874,-52.13311451922265,40.71328773876789,47.87085033010535,-41.356834192504465,-47.419422142634595,5.737873315051821,15.470269831499664,-24.200101812283595,-16.915973434097964,-33.96851978291155,-17.741951135378482,-13.531231643407434,-7.4083959051689225
1649,-32.53055455974759,-31.995414066942075,49.720416649200764,64.70993722343336,-56.091699940569214,-44.47276499888568,16.394572293537536,20.834973856541914,-3.829730563254472,-1.7985060918910827,-30.78905140518096,-6.668066390612389,-0.9124222311434533,12.79164170405678
1650,-12.267318365026021,-22.868931461688213,61.11551261927885,65.88737188366532,-32.05113787436254,-31.429057017975516,17.87879602621921,26.210856363385858,-1.5021025961156624,2.0664716953788567,-15.140539834676703,1.0646343952880626,5.51879590144346,17.82065609550176
1651,-10.468924231536397,-3.4265820978167865,32.50789756960214,52.37849071587465,-34.590063396850326,-20.121658233372894,-10.113768938139945,12.874841079498157,-1.9980269097830619,18.58388040217364,-12.818722593072767,4.36272195568513,13.295712454976009,29.213073953122162
1652,25.253294660712967,22.95116425328022,29.06540045670964,39.61160170191152,8.6580937550796,-1.0038793539765396,-14.852024508170597,6.478655609597453,5.785148627190245,7.61815067229171,25.183838067734417,-13.292868697338884,29.56744353980524,30.540586619854057
1653,20.868951071948977,34.631762898048216,41.32827084702549,68.96574324603284,17.864890797976848,13.968173120745572,-12.822735446837543,10.662319273830562,-0.7070470833203828,5.359180271758882,29.11945374118263,-19.224430109816453,27.192537986075674,29.141447506794194
1654,26.162242882655363,35.23447789109636,-10.488133186324234,-18.228125327165557,35.95217904140872,17.52790281836089,-27.20981324561321,-5.771563118335323,5.102820163472433,2.2736286988686323,32.482258211000165,-23.74801123638152,35.41363083206468,23.18506717361115
1655,27.269380849583015,17.696933144364248,-8.810128463862645,-9.037632102393703,57.60945202079448,21.059691304020763,-15.97577446016396,4.678036910758388,7.4219579245735785,26.88492605774588,29.368241834617134,-25.444820369122795,32.27305042126985,33.739842803353184
1656,41.88256105133327,38.06962132969373,50.62149795583128,11.241446761692918,74.3521532922805,59.744376931707066,1.4356384123128285,43.20443203167402,21.414691630622134,24.174567405959802,36.38691282629538,-5.868307978633914,48.61624163760838,54.996364954762356
1657,53.89473238301559,48.87290020169642,41.13144461283954,10.119530171477361,88.2718068949375,75.84848953775963,11.419171587051721,43.052602944481784,11.460736789230273,30.439710688816955,28.53592075619678,1.6455885296053931,45.75021848342107,53.54231022907566
1658,77.88342839359403,85.7397579638276,96.3355854251143,38.58524032343082,94.45968180541234,79.96197432184815,26.611174760383676,60.120161686853294,27.511430509446257,18.921955927116137,48.267498735365336,27.663763339071945,58.223544222010325,63.76235452253768
1659,72.50926117552207,86.45137061412838,63.68003504232238,4.351195471717431,83.37988858904644,81.33347707646432,7.109489764827297,40.69669789122063,11.995964530085237,20.86586714235883,23.718999412499183,37.931074940927346,48.58095113045098,71.59621423713162
1660,42.2118673558073,46.35832429846406,-2.10728952632477,-58.635600903562164,49.206991788310944,27.868495509722315,-30.698217066703176,-1.7315512817109309,13.09316161370711,15.879065987240327,-0.11850072503155007,8.981214856046241,24.03482611078749,42.94569636404014
1661,28.3815647133649,37.70368933586018,-6.616513812038345,-48.53116794808438,27.832276087809984,16.249303498415685,-37.54962597626049,-14.127705069854795,1.024040502268506,17.90390917260383,-19.623026507910758,17.589373110435083,24.065932945925233,37.51664020521728
1662,9.711223017580949,14.547449257512964,-54.99074022129023,-92.16836273923738,5.159778173042442,1.7514500071951333,-47.142599612367334,-43.20718268511543,-7.419874915174165,8.118632769724464,-31.02686986091036,-4.268297693209002,3.447617242834162,27.411451475153193
1663,-4.350771931011764,12.435779073587202,-59.62615151768179,-87.66994831385857,-29.55405541581627,-29.266259435991405,-36.32778757789829,-49.968101345677326,16.534523663241963,10.528436332801869,-28.926831547491588,-13.543498587227786,-3.8973165866468724,10.02271149047484
1664,4.8885666754862065,21.37805200480576,-62.36377281315711,-88.42949907247929,-26.498938614809894,-24.696622539784553,-29.874848658338898,-42.57025019163795,5.007587938254428,1.875820142716436,-14.853218025918233,2.3205932484539056,14.494699286379207,17.909057237571098
1665,-8.382027299819956,2.254249268356647,-98.41295594058221,-118.93933052114917,-51.69230194528057,-39.707411310137154,-34.069097778142385,-67.64251399844848,-11.704289117796106,15.890080507680754,-19.34536279080037,7.155140905880251,0.6486371743198316,16.643177925225643
1666,38.15685621914356,41.36571190138895,-48.78331543201282,-72.66750106827281,-9.224408288372855,-4.902258682587214,-13.322177915157386,-32.633383884899175,7.5294272346775015,11.209124328471296,3.895517843677198,18.684066789378242,35.34506036744427,35.70242238372045
1667,72.66203809495327,68.53373001119057,-30.657911751969717,-59.98336632119756,7.62126450147395,2.276029169813,4.59268931046305,-22.42971466477066,-1.9323917852169383,15.238111386153186,27.104432506679807,7.282208938934736,26.146721124614185,22.01636405735324
1668,112.440652631295,104.52951789384922,37.03452223283939,-0.7588093063075858,7.721365107796373,1.5661747314726553,36.87476526342236,14.878288281591557,-1.8238043528870815,-4.634798057415073,34.28271785723018,8.96430278945715,23.720173299978526,4.305480115564078
1669,93.40394556106915,95.41146670957093,2.0126895492769292,-19.72815722133151,2.3667806450076885,1.06708298371643,26.583407389214603,10.978577923534882,-0.35650387951621454,-11.55912762481017,26.72515400064064,8.559040288937505,9.938772415694622,-10.855000990161537
1670,48.572182698979496,46.40364680856809,-45.80868325570656,-55.55779818139582,-21.598118936558272,-26.529549727061518,-4.748511781933439,-21.75958879067497,-6.167884701957296,-8.651774702010503,-10.430646723136649,-33.16415502115914,-27.429939613946054,-49.38497651160705
1671,59.671296886542194,68.13340911289845,-39.55643791069722,-36.5003728051303,-17.92861446551752,-19.075338529921964,-3.8861574113795774,-27.127209960938735,4.92072114205876,-6.047707522332037,-22.482115204963808,-44.5973363488632,-23.222993466675057,-50.419178342049754
1672,71.19151476086333,55.48659140430197,-38.941468949119816,-37.988162602559214,-0.5188816355217484,-16.303576484085145,-1.8286621867673982,-48.88487853427348,-0.56302531834136,-13.63720933287009,-14.126297732077372,-44.64748310739694,-33.046445104766704,-51.14435730197958
1673,55.7886146735226,42.65523580573296,-39.334181026591956,-14.224933641336742,-14.215029372958824,-4.395751084023569,-15.99330644552893,-31.659549011667544,-3.489139814079819,-19.001549540215724,-32.3049726335699,-28.883030302501798,-56.32127579832781,-58.35704201662527
1674,103.63786519458341,85.65511160245002,-14.402612209497152,7.666733516648527,40.05823826149031,22.80310227366513,-5.249650383958207,-9.13254587477115,-19.101601389434386,-18.03694414955301,2.004680050488778,-18.701684918030903,-32.09282831642407,-42.87789695796128
1675,70.0600197305203,52.06439795558179,15.199684169801074,45.774291449496495,33.21888158135324,49.853146421385496,26.45599490380183,30.05416816512939,-14.182340388072205,-33.27673990757179,29.11922813701673,-10.843135525308481,-35.00500822193876,-43.139797315009666
1676,93.88223324731376,81.1115499559669,-19.381064065411337,26.67808800332746,36.66624877196088,44.81163641626099,22.30131128186574,13.712972704927628,-13.015822221284376,-13.073314085506627,32.75450762010105,7.990868428323249,-20.859154991995517,-24.409875796458376
1677,125.22683034873674,109.19144524366195,49.04336760198418,66.07567578847606,56.50897824605793,58.39636065593993,43.736250518593344,47.13128666914081,2.5145958635440677,-11.36961062383434,42.372436400558655,11.700150684861775,-6.811023526862477,-15.241756667190513
1678,179.40870926646477,155.35564685888596,99.74932029050173,104.70819019341153,88.89129605964563,101.35567078075634,80.22836241814443,82.57246235133346,18.228364510007726,-0.34574813062110277,49.667963907451245,62.6718069741734,40.869570279397976,22.354295099064874
1679,192.8280171350758,161.3415308930119,87.69602370752136,102.2676042716965,84.16783125811278,81.95356477756812,65.07501365573121,73.27565065532488,13.472244898470516,-7.2667451616805385,37.91579592170067,29.689241595534284,22.85536300400225,11.85865305977464
1680,180.39653006064225,162.14786823482694,140.6182924014166,144.1806219410294,77.86675165779845,89.03247256801419,75.54311579548184,90.64232711311598,19.50463051574331,12.44842334161404,29.227159307250027,52.698201158607525,44.360658265465986,31.996785484354074
1681,129.45192850864612,122.94408659231138,98.66031152008385,122.18788790786613,75.81578890449798,72.00365680259705,41.05060685907517,45.25311185326554,21.280482083393828,4.827839878761097,24.836863061521832,26.335421824466103,30.28644939481836,13.398479709755458
1682,116.20549062449383,117.31627026358169,117.3570637454584,128.3910238544704,79.68639073591534,67.76395326618767,55.638884557062546,60.71381286571334,6.616793472594303,-0.3055376889538848,46.971633689045554,31.834682988256972,28.080381998728992,12.028707385176654
1683,88.55401182233082,66.31530326683944,55.930587488087774,70.33996900370131,80.69952599990071,66.47640465775245,14.618361335387473,10.51421638753388,5.678952899481954,5.37437311141996,29.671763795986905,8.88514863144984,28.053809092159042,16.14963402305494
1684,-9.83097754781471,-0.39485237141105545,-12.87099325757565,16.04274248258381,30.497059617332447,46.11096910162155,-7.645223524564884,-4.203460943288439,-21.04544149176142,-21.54509708257877,8.310030724126221,-5.121860139016942,-3.9832607280204257,-11.566535147505425
1685,-49.285510210554335,-44.60638538637795,22.66116600807459,30.382560657306627,29.294704528149442,47.4644936398442,11.351077742289517,11.458483707769727,-2.2959569544776826,-2.234299673090172,-11.042063733663035,-19.51689358094994,-19.32900698680047,-16.277649840301248
1686,-94.48377223581029,-94.75046607394057,-24.696114227070634,-0.940425756985487,7.911013245810305,11.788694933047884,-8.370902856309574,-8.661670103009028,-12.06969318117128,-3.574844548052189,-16.438748833791124,-43.98166899721886,-52.23680436834427,-49.262347661478266
1687,-98.11683250499757,-88.50041366180366,-50.25598919192061,-32.37730807245,-22.161716768231745,-1.1286088023999181,-34.605639691363265,-41.12119384831915,-8.542223542196217,-6.941560993693317,-14.833703656476207,-27.604221921878175,-40.591702810238,-28.957789485524096
1688,-30.58762565356672,-31.82020727769107,35.98159816391959,48.88193816008789,23.226638728488567,51.09901673515696,31.264158936544472,47.63743659879835,-3.585684340818981,-13.184947367057216,9.156280104884326,1.772068592669785,-18.891070032096795,-26.59785083668419
1689,2.7105707760171973,10.9436645394142,58.83428319121512,69.81540602571701,50.2838704711715,89.28262895882969,22.339288306873893,63.123772508429376,-4.887894810222716,-9.29366533009292,39.657367116670045,14.108988965006183,-5.762488350874699,-20.621978216613442
1690,62.589125983041285,74.15812472220597,112.72814467429286,144.20207696872637,84.82308119023898,126.34058202584184,60.38373779416498,76.69938911062225,1.5035132487693215,-0.6025662885702621,68.60406583120918,34.354151442718326,9.10880440012266,-8.555615443053526
1691,87.28035614577296,87.54700805599856,188.6457429928677,196.8368698465933,106.25192130751012,153.93299702328568,100.05722670655305,126.94985373980833,9.396284873277805,-1.0197171851130173,64.10360864552712,44.85062917817634,23.94446371862887,0.8086472651718801
1692,88.32152349050828,98.9006826925445,183.0599881299287,193.6096293096729,109.60912646319561,157.23820841275545,76.55630043696216,103.38270448680127,8.674736728223232,-1.9503573823686353,66.62500970755433,46.33938906803092,32.38106190059105,-0.368793215042882
1693,58.56740707400046,64.12620442272228,121.44960802051155,148.3431858921836,79.37434374655398,115.40468846063244,48.0907705622314,49.939906656317405,-5.019945002957228,-16.61361500570535,62.752941755964116,41.94672486516308,-8.11644282023391,-10.475610824752287
1694,11.651717957384951,11.118699030784112,80.75989563731554,110.89189575746262,33.972953699019705,72.82608969012117,16.96967736147127,13.94074524234872,-10.308815015933257,-11.165983187326969,64.28067380837487,51.283255130674,-18.159710160663078,-22.161189950043706
1695,-22.41649768521536,-39.22860389839532,26.41201791606179,25.966616129958133,15.530487809141063,28.085724416717735,-4.3489374259951825,-7.17400132315957,3.690652875192129,-11.285108530420409,50.508966042090684,52.00655032062292,-16.552880819278474,-20.87887327138777
1696,-107.79937024186903,-132.36907295169976,-79.15858222286673,-80.57811005783773,-63.2595751947097,-54.93273947489643,-64.2679296573659,-73.37592673700745,-23.991985197623418,-11.688348402110453,-17.618107268576892,4.6109898386439125,-47.26945560691667,-40.600045326148596
1697,-168.35669377988654,-179.74440869911908,-156.76213600919124,-168.81252411372103,-95.80377770285165,-102.24312677438809,-93.88633037321767,-129.84695622066175,-13.947035810950188,-15.020822257536569,-49.45403000165321,-41.09172174710743,-63.509958790777844,-75.02928816281575
1698,-123.26620124722866,-138.93705400504405,-145.5876885546809,-153.4388471324922,-93.19743186377053,-84.61920257082647,-99.24665252065925,-120.6269148582068,-29.83715400617776,4.600262868275321,-56.25854591759638,-45.3711152716103,-55.89106753702154,-63.555253221622316
1699,-94.39313310822973,-93.54771136194884,-100.7825111557237,-82.04906468285675,-88.26060464228827,-52.40275209054442,-64.03260649418162,-81.47501144347898,-22.120545224532815,-7.0534037894361905,-20.680986913087544,-19.180828904396005,-44.21708072711233,-44.28656600406634
1700,-70.12256037727357,-75.67983826220055,-48.614934667826184,-47.342021455316114,-62.946758466151095,-44.89700746318247,-48.593232049694684,-66.95858220997317,-9.326512312616511,9.186669506133228,-13.636374159674482,-0.8926725045098094,-31.81365231424671,-12.26733273385206
1701,-52.08299937779533,-60.79826858250152,-47.73837525521501,-53.44486194797977,-79.55866983387128,-64.73917078849287,-52.47990389272103,-90.37063765625462,-12.645004832719472,-18.356527424446615,-22.301525781128767,2.8559373804407935,-13.958005680123758,-11.036874326930855
1702,-59.61574690674307,-63.616721568268574,-84.10746941953276,-74.44168934052762,-99.55846361932795,-94.17753226186552,-68.41924256400499,-108.14984373639614,-5.914767229698641,-2.6605021010744307,-41.28600409974689,-14.8608204653078,-20.60707816233066,-13.018172384991294
1703,-18.98513479297274,-25.812217641161197,-67.15925896167951,-69.74697596810016,-93.70631502252931,-84.6340616670087,-74.76014497040467,-97.94992183398544,-0.214182964319883,-12.469225848329199,-17.917324909573136,3.963027323420969,12.759225533510444,7.229180356296653
1704,-4.512992832178937,4.193201350207167,-31.396538033316386,-20.328218245252057,-76.98957413619479,-55.880960785732654,-31.35296356182484,-51.757259885002284,0.0015917962324062767,-7.084353441505795,-4.877057274879625,0.5822238494076354,12.618178068606456,11.517373728568886
1705,26.299004926861233,38.90914712912462,14.200299903075004,16.14938566233014,-37.052278359391195,-34.39130340572851,-3.359444511326977,-10.112044552937606,6.427360342530155,11.029751722777279,-1.4417600053926805,11.74843159570189,31.240158018850426,48.82552949043838
1706,39.04982292765454,37.36152244356856,8.123507045877474,4.101090625106714,-19.39002301864914,-26.159740374628736,-13.503500817981294,-5.6951947855616085,13.982690102594072,7.979623758317686,17.464513759074066,23.372676442926196,42.737370648798105,47.711299508186585
1707,48.10407408840399,63.12302722683619,45.93769990791588,28.66331496817454,-5.265184283425155,-8.414620297625788,-12.89972247993353,10.691673902794761,9.566099361455233,-8.388759726865517,42.758389061355665,32.00098733145717,58.77447713452121,60.895730894309324
1708,54.68112407379104,58.32458459771847,49.069820470346485,13.52059259823341,2.1894379102999046,-10.114469342184313,0.9986085187323689,8.000179388142788,8.23698165328848,8.459638353754489,57.62581864000496,24.425245876226697,49.73814353188133,57.56532794927741
1709,45.65800790116049,63.85688715623001,-14.856268477797784,-49.23669489157355,-2.642733088875273,-25.18301720148909,-29.2890436271428,-34.58967122201558,3.8812899091434496,3.3006550822627014,38.530526412907214,25.09525582291528,39.26111161258221,46.25098413402224
1710,66.68147926348821,92.01281508611932,-11.358467752179395,-7.687963454070262,-0.9748522145086227,-13.196970145127748,-14.724647534266479,-15.662939178089612,1.1740817211647865,7.9483812083144265,70.64019642821334,33.61280542663213,41.187185353579835,60.94208922260034
1711,125.08699814302344,142.98155667333253,33.42317918677037,24.917166068513538,32.14549244884943,27.399893234713506,37.21331671433427,35.55688754651497,2.1032093382214434,2.676093921741324,82.95316984877498,46.09968785898371,38.71910384338748,67.95897572151753
1712,110.30527883823608,144.29349153541207,38.10561789894182,21.153148425396815,49.03011409590146,41.71864659801332,48.48583455169006,64.06946371038428,9.719182578759055,20.419203977809957,97.7503971574468,56.150775755794264,44.3825885348131,62.91148209092462
1713,125.18631038830502,162.84261026575274,85.26438948166899,60.376517303539984,78.36152443559075,56.15022546998019,76.5273971055907,77.75266159071313,8.582448943153357,5.348801822235797,101.91153930622788,83.71559053160183,53.835612425360864,75.33725997569715
1714,81.16670820451957,111.39334497116945,27.40542501161069,-4.598002816807879,50.19937594789066,42.81564694624598,39.15076015411808,43.61322402455107,-7.630399274745226,8.939102507275056,58.54478463510367,33.88527436721659,27.062225843796348,31.74551473229709
1715,47.169515644044004,74.87098730814154,3.1362190410531166,3.555232099888456,36.80676185613162,38.5954599376383,33.300149806992856,42.90575843261009,-14.303616462103292,-4.635057181257773,65.775468408797,41.60666713079572,1.1972274576771365,-0.31288144987236294
1716,7.255820975615039,-1.8301923526450599,-25.87987695893114,-34.283560282487,30.992845018153897,30.48937102380476,-12.25553278691166,-13.14561288408398,-26.95959474321006,-5.4065298163439195,51.90378337700797,12.497172521779625,-1.1035658660637346,-8.540981544236566
1717,-37.43419316173842,-51.123485739339756,-57.38845210606518,-48.63905743372726,21.26378855418729,22.45867642323163,-12.108169902099613,-32.5441800657987,-26.63248306131756,-0.0022481624251700083,25.276158871345817,8.105263831688088,-10.405295543124899,-24.106486094785577
1718,-125.55971654819099,-154.56201761127653,-133.29713704408562,-145.58384998718833,-47.75715496703902,-51.2598757403459,-79.45737094175672,-91.69533396841143,-14.42613615654812,2.4280988842119156,-40.01009147804998,-50.453710848988216,-43.97711882642986,-59.87524057060741
1719,-180.20508395213275,-210.076944443423,-100.25478364757043,-129.815880487523,-69.10421564440237,-74.2119286199548,-61.9120782149948,-82.106138018931,-13.425929317165128,-7.534425276158077,-81.8277022554555,-51.155116776771415,-43.63815081349113,-52.263910720147095
1720,-188.95199252081238,-214.99177081496418,-75.54037372645816,-95.44208788413151,-63.528663039974624,-73.00066937501417,-47.556798244595676,-69.59656483024133,-14.431844179175336,-4.84631110310076,-78.45928295796278,-55.75309059928857,-44.44757680394123,-49.528305065878605
1721,-202.7371925731082,-210.68045337663403,-21.52349350566669,-48.87616121716574,-81.69252024955787,-84.19786292052785,-48.12415391666197,-59.383813326100565,-12.008643362206277,5.507860491822896,-106.83378334411374,-75.45276320283801,-42.831485699438,-47.04175625129608
1722,-181.6947150233699,-188.9590029982045,-28.911739503894896,-65.25686707146114,-74.0225234049314,-90.86564651212075,-31.34250124723287,-54.498296405047576,-4.6820133711774625,3.422132792233711,-96.36947115427972,-67.49579576327137,-34.96092908120097,-44.10826774567763
1723,-125.15801308354682,-131.7043689676878,-2.3498139116209793,-35.63653254245998,-73.03802686109289,-87.16322316777789,-15.711319980498606,-40.01927813177069,-9.217405191826783,-1.1021462244447382,-82.03525950916735,-55.99733007308165,-34.42156669333216,-34.76779952762143
1724,-53.11956788763184,-67.09322494077705,39.70714980313534,-5.570535382333199,-37.32085465267929,-45.701383047119634,14.161796141997765,-7.8604003732328795,9.892069118939368,-3.609280627543481,-57.69168799628717,-39.784472254000214,-12.302190934959793,-21.571479473248857
1725,29.86076146402189,31.593364174194463,138.42317711343313,90.6749890000413,37.379105141347445,45.34064639960029,93.73890054356578,80.8941722903214,29.604793728020834,15.28709589009484,13.1453964910133,32.5139409855109,48.67986094862541,33.47406146454894
1726,17.51125751237258,28.64272511200847,109.35874893541944,86.537927900877,20.65793059203619,37.751728121516486,79.45592522584036,69.46645115957398,13.591489495151881,13.426500172396128,1.9249205701781613,40.75136047747268,46.224587929732294,49.88182666935623
1727,27.061505618746107,22.79981287262059,93.78517574935545,81.97390038387375,2.597205351708907,26.96596507213631,56.10657702758364,78.1220736699797,6.3226639990980695,5.294281165418804,-23.76778544021949,7.993971350836391,41.90491232208035,38.96341816747299
1728,41.02446872582639,36.686062761438,87.06966743361419,75.10933990610256,4.655628967943053,19.74523630918897,38.28409596710838,53.94896585060455,14.381276874053924,13.360112230615714,-28.111679221239513,15.031502677039226,38.080315091844106,30.28034624611727
1729,71.55452061546491,61.74466365638386,96.87404860667378,85.24281137131038,15.027331967683923,28.05615407540293,27.991426300851224,39.63599583133974,15.491043831354126,3.0796145694769357,7.591322766430011,19.514471994536574,39.44154444724113,23.23676946200831
1730,109.32728234204394,112.78857575773738,76.56588174828495,84.55550352446382,34.01299351294719,47.34328908100293,32.47939022319127,52.51355307979079,11.64833645613747,-3.229558029472477,44.36632593155246,47.33970996599279,56.808376851932856,43.13303542285461
1731,72.73155846763908,66.97693513521844,-14.129007564629456,25.092478814337426,4.933046256177393,3.939943737445406,-18.55576918913942,-3.4890241356277536,1.3161619187265563,-0.5230641782547332,32.90289990930103,27.471854771022393,32.01476726659117,36.17937096422335
1732,45.76484065075978,47.14770015033205,-5.952312891436339,48.35299562487735,23.782053109317925,30.64350102360296,-5.316356977978454,7.865660102505783,6.4145152035818755,-2.9734502070999698,36.10963870705835,15.991695860301693,15.48454400027211,30.103205306449773
1733,28.503434214624633,50.273355388008504,-47.48729656962963,4.870409019419062,-3.274580107757979,4.708538543476629,-14.50722904342285,-4.683250364060539,-8.321112178484308,2.3918989506344097,39.583259955394595,42.68233086661638,16.777905811632834,32.218153103450135
1734,67.73483992773326,70.60924802442779,37.223902086900885,78.39960386997006,34.360963081655896,23.424934465972683,17.36353956845162,12.078682474736155,1.8241146568254034,-11.149466728262128,26.00651071001922,-0.6204736561907936,7.064144919109245,5.714860003004717
1735,108.80691628182598,116.16367717702067,37.83121535393496,102.60403521040976,66.8697889146714,66.30885653106353,31.318340753629638,44.978941504017165,-7.1205152295990715,-1.303958395445445,70.05798896046923,26.0685394609737,7.404744968253747,17.750215505121933
1736,101.85827126482133,93.45376392007103,50.60895215330137,87.05048206231841,35.65670710980992,51.410513211719866,36.577950809863594,54.9739965782508,4.967133331843061,-14.88188928247122,45.33154162364563,35.380275942008765,25.89513535196324,33.972483111621116
1737,91.14531523345687,74.29629966177454,63.318066426485736,88.90333885201267,71.94109525806986,55.44293374859566,14.199219667474393,36.446785341046684,3.5431623311990683,-0.4544655432000395,47.77140575111937,11.18647994204629,2.5746496832696937,13.052736307551193
1738,153.95424180436365,151.56076750846566,126.38009577185187,167.73068702755063,124.27002234775748,140.0541644741634,78.46687099169547,112.18010387379395,21.4642910607227,20.97763671307939,115.7214967743381,64.3123231729488,42.14073885549274,40.58494343822595
1739,108.71972701484941,121.94791573453392,177.45276189352398,207.43985370559108,118.21575046349882,132.52447581556333,79.76254434868531,106.64459920276302,14.987428809546413,21.579757669261408,65.63479131781494,36.98704408059847,44.64300718798547,51.2994079703662
1740,78.76578867304096,80.32381438058057,115.91810651568953,128.9511743342167,120.35097165092338,117.30053129729801,55.493098620130176,61.773564507233786,6.821744019686747,9.602868277545424,40.5460153933011,22.087803010244865,26.543973742255083,24.402325966943373
1741,27.917911461990734,25.029100383248178,93.43588816567463,99.41508084028936,74.62301900410638,86.91436408019605,44.23984078650278,34.343188606964894,8.652978500673983,6.031202424001041,3.8061408915014336,9.146009766132586,14.935932180517643,6.093938958189196
1742,47.41668798255698,40.00853473439308,159.28472112963985,149.46009552920844,112.10636842140947,98.11695764776441,72.41093036149788,61.25008637720832,10.640174235904984,1.0594527402302867,-3.7837342745425504,-9.31738653764392,8.574860132150881,2.6817518158318006
1743,67.2339607093166,64.93412225809037,151.76973603844667,183.16584665968907,128.63159899830464,130.62146624838522,81.60558562702623,92.39747131814885,18.511207203610578,10.276660866172412,54.79039902105621,14.384080374089425,22.62739144915386,7.166308385332707
1744,81.04418697769398,82.08277504225363,186.76415794078693,207.25850488250543,132.64327159969218,111.57861349673733,93.63007269428205,96.89595151068173,25.367200135909375,16.803047895748833,30.143562096719016,0.43287870851521304,40.703408607806516,20.678223265578637
1745,63.01827149015661,60.84677784081937,149.5345630470255,148.68632328668454,143.4239864944403,111.96756992344885,99.04553866462479,91.21463177081382,14.462775260971313,8.224895137591282,48.99961854850728,7.82776445779491,32.46453795716217,25.197283918089393
1746,92.01469225564117,99.92406340326917,188.54352733291398,193.75821142223305,168.20426108723774,142.37029543806125,104.77996924941418,127.40080361902903,22.86452913393202,14.07089471038274,59.378148137454886,21.82104567249539,40.31821410474178,30.54439705285281
1747,82.31299967648728,80.93401314925399,197.00168154542087,179.96659966037666,172.40618746635818,161.32090003531167,114.46261343146284,119.73924811442468,24.84392492216624,7.281965234680826,69.92355548219595,44.462920458042014,26.093862381812958,20.57860143264144
1748,73.02772839328783,67.33061286961235,104.19093196618947,88.94067941965213,153.21082377515737,147.13502023250754,69.6487470536676,85.78931553706136,14.354917761993988,8.10642667081509,50.106746898556935,38.693033698972556,-0.9675157386879669,-17.373790491013292
1749,8.980338624865855,-6.975089469957585,-11.60451497349109,-14.68290764709392,79.50195435557232,77.77266662466126,-12.45390948383086,-18.226166816117665,-4.2822099973189465,-3.481588454701106,-16.605116497779658,-24.533640097507302,-45.18395796138587,-56.78874217292733
1750,-15.673021153851863,-46.90273994970328,-104.52235143922172,-114.64383703752779,40.28676332566074,33.13686665824745,-60.2746163824139,-79.91171435377429,-12.891426478080325,9.29001428832887,-54.51911074524417,-52.08204656650968,-53.18585121594849,-68.22482255254788
1751,-45.146999851508824,-71.22372724870655,-160.54827888157806,-171.0469300239988,-10.095173255657212,2.8947270547516797,-115.68257595764159,-125.3968597509333,-16.275329949700783,5.615004498452383,-88.61731862673608,-60.26929307040351,-74.15780341272996,-77.8523206470122
1752,-71.49665610740011,-90.51340954393852,-178.13493405512995,-181.35677234052585,-46.53024745207156,-42.32562005873124,-132.88687632839554,-140.28334601083026,-6.239448700585657,10.382565319594434,-92.4332279115389,-72.64594360512355,-55.49538098025533,-56.51094513225182
1753,-124.65495352123577,-139.44630672850673,-258.29205332510054,-262.7376064953056,-109.81436631729542,-113.73625054963009,-171.6771176207412,-186.72384805428143,-22.45503534018671,3.1735355375469076,-126.24091420591776,-92.36410199746742,-85.92025796052525,-66.7611826823519
1754,-137.52921728903564,-172.17887448059682,-276.8685098671152,-294.8860779884795,-167.75762612855698,-184.34034010244054,-189.33199018202458,-216.581105784008,-20.045114276413532,-1.0269312207808987,-166.70682366420013,-107.16060151942241,-89.38492143173819,-69.78194705636136
1755,-134.8182225205351,-142.2695697471758,-230.822402872045,-263.68329762985366,-168.28432735187107,-177.51991088880968,-154.87080655899078,-160.59153223226784,3.651558234785542,13.57687708454289,-150.85596780757368,-78.19250446723579,-58.56495341324902,-34.73591204246817
1756,-111.59289042289578,-104.04831021948615,-182.00894496256674,-232.7024134654223,-160.74190902715029,-188.6486411227277,-134.92082106663926,-148.48161855220638,0.9389082838650396,-3.6963861126273234,-156.1790724690455,-98.74910483273125,-47.96050702241639,-34.93010860175677
1757,-82.86080835488977,-80.34700350676977,-158.3168953399422,-196.47105143120788,-160.59649317930635,-186.7212520526573,-120.49228718028537,-118.14238725416223,-5.259092346450994,4.44009872004858,-146.92346177336083,-85.26467162753696,-38.43811928862463,-17.580078334494818
1758,-92.0724097225628,-76.42044138901018,-177.67211536590688,-233.70674970956662,-171.10451030770264,-194.04873451303052,-125.74239437482207,-127.15227258742611,-0.7305431835551713,18.334907037568144,-128.0894652387261,-66.47967629693312,-27.286543935435684,0.6339707942895252
1759,-71.04950119574836,-52.319693098270434,-120.83557941824336,-163.33675837833604,-142.1581062629588,-169.70812698769282,-104.55980631469943,-105.68758710497609,9.244291833556241,11.35614434469922,-101.96009503061143,-80.90250535234624,-4.876477552444012,19.806539371814434
1760,-116.77311385268864,-84.87747768890995,-176.716751694961,-214.03798833785345,-169.04489457340358,-194.777355171908,-154.10259362085864,-157.14149798022245,5.218568580522593,23.3954948162187,-138.78772068857472,-79.59249036756192,-33.97393693350167,5.705312983878028
1761,-105.83936665103289,-63.011871634659514,-182.17745826480265,-191.84189695136925,-157.74176792991628,-180.31747579992907,-127.20289301964212,-130.60670898390828,4.458202398043459,17.173601285237588,-99.37956772688345,-58.37070263785655,-18.266091877063047,13.632533834006322
1762,-155.1680935906082,-127.58457109598321,-226.85766203727394,-231.43718314372296,-174.86883647630495,-203.698047616177,-152.91338897364767,-157.74770124194976,1.8320836154798048,17.092142021713755,-120.78584190100227,-63.73905324514091,-17.128844359289168,8.611889367839668
1763,-197.20007406093933,-146.2349741986311,-243.46914865951229,-234.873079498716,-194.3782627158765,-210.09382776183477,-155.38359437754795,-158.77844258321664,5.088005877633692,13.000272693251624,-158.52550800421105,-75.29313210425825,-34.03748255311554,-2.5975831075001254
1764,-185.49637138127576,-147.82590980184634,-170.28993225156287,-193.9105572863573,-172.97474942469896,-201.40219999251946,-122.83710439392131,-122.04465076350934,-4.089351837250228,13.81833302072912,-160.4191942313817,-90.1648708510383,-28.500838422004684,-6.037720922211543
1765,-160.08650852215646,-128.34781232517201,-175.75639167301733,-199.08705472083986,-185.23546655683577,-194.96890125527486,-110.34667079255202,-108.57080686436484,8.570011615458098,19.997415804991082,-156.35029000230145,-93.44764695475664,-28.000743893574526,-2.161396587413776
1766,-97.39461308605485,-87.00006716610608,-141.71796123913552,-166.76074951761035,-156.0454671553148,-156.7276719340829,-109.04295896108651,-90.0519392129132,-5.572803356439262,1.5956590158939719,-102.66726113135896,-71.30498578091226,-9.416614359131936,2.551226259826683
1767,-36.46905973580268,-32.40203126218612,-97.97428949265917,-123.46937066117147,-113.25457841914665,-120.50816825510097,-73.58021936737065,-48.890136683739954,5.3835414474184375,7.686605362912736,-75.53967634376994,-38.22715242818391,1.756431304867251,21.2473316937905
1768,12.406093811666183,8.864333278595483,-107.67981422650678,-150.0241364322318,-72.82223924167666,-99.20213829783448,-55.81693599880254,-56.02451511407769,22.178860788938792,9.638601674871937,-52.263676399117394,-23.685557775676394,16.181240215972597,21.681970737039702
1769,14.978227503284241,7.539940653027847,-117.24880803632692,-140.2158764120328,-94.4352767143676,-99.4660747201096,-67.70924865050057,-77.84393312057477,15.756204695056494,16.233937576755725,-64.91898961929684,-51.31086069456693,-11.488739031530542,-8.947675901477687
1770,70.6721911682971,56.783020687720594,-20.33306485308282,-63.711761109036296,-25.88986160590548,-46.22639885601592,-7.986020550308382,-21.399408149341962,11.510362279925092,7.271631556187581,-44.44630413878617,-39.053633690694674,-13.403507389943876,-6.511202885821233
1771,124.05034952796115,123.0955945574185,41.82279315389485,-40.72380617734964,18.096303686068445,10.486291738908232,30.050174095820687,22.996301902329694,17.06350411644455,2.4321459879238616,-11.209415537985912,-0.2819705765230758,-0.6301015124326886,-22.672434140254367
1772,125.12035700858739,130.60420399235946,22.391600180130496,-27.349010474170935,-0.3783793278722486,3.8403405660102634,23.778901356874417,17.584696273193504,7.758087011412144,-16.579847992903815,17.510490542835356,27.966786556718052,-32.20439660853093,-34.38390692954069
1773,165.26537371168294,172.58968765459662,94.79922465702798,35.07313336033074,58.48734358929121,57.90204129157244,90.04222301353691,63.90455762220823,15.602002389871798,-10.851803585738484,44.870251618958214,58.502241608924905,-10.764100174801452,-20.93598609361734
1774,182.45469634254243,208.78415109062027,108.75820866847887,63.50907557649518,91.91385170050224,94.62764690473436,110.61666335982389,107.96216020433569,8.801006966244033,-3.1397512850409433,76.49000146696626,74.45757768330508,0.9390583387103132,-10.679295045128224
1775,191.58017907953445,209.2835220264235,141.51380966597154,104.53831758448528,99.94266092563606,108.99459158173563,120.4344329962662,119.30379885723468,0.9178606050537527,-1.8977639599673357,90.3540943362765,94.69303861708217,6.092486811379127,10.24051776655499
1776,162.9738306924398,164.92847742505285,63.66182170531664,36.99847773621268,89.09228551023723,88.8383811681261,69.50607906982906,71.00193386208869,-6.347872366221297,-11.080299791745585,85.10851220646731,87.36709318881375,-8.998561491166129,1.6983662405318336
1777,140.3178321118656,151.2431381208732,41.227152451368745,28.583064370574427,85.52220115011897,83.27034761500383,45.883600446210096,62.71913248459585,-26.96959944189851,-16.57789233737668,97.3121528467169,96.9519274913871,5.788239400649889,21.204125569549472
1778,127.1485183102592,138.5147381848024,2.337533292356614,6.599015276440273,56.92556593281783,59.276516793582395,30.867587384816648,38.3296716505518,-23.60035336621381,-18.20085210109105,68.51907650946606,79.56702604789591,14.042205316614218,30.028070732401265
1779,96.5263352985727,104.78616218745407,-17.227338139651124,18.123225496377216,61.496622414048986,56.69807835802452,31.197596632160668,31.925714314818656,-18.404190018852237,-6.686566184806452,37.92149052422911,49.39660763300045,-0.6919904088388658,18.83824168771037
1780,104.26294581140178,107.25797501894428,0.8716432639383408,26.227167957231188,47.0592768157436,44.780979808090756,35.315615514399234,28.32045199605458,-20.842508202492738,-25.282702797926007,54.302146939576744,37.453077450094824,28.231531328576814,31.38633533093754
1781,46.29017118404224,57.07053113228176,-50.22940708142795,-20.47040513040269,22.476368291919457,33.41793664753096,19.127365520751823,13.144348013183674,-9.303840044537887,-10.92738123364809,43.25285242117895,18.082015065141118,16.29908263058755,31.295568520086952
1782,14.856889309909276,19.586730140585157,-32.657878932761115,-1.2663670758492676,7.05896706049832,19.066036753597416,34.92059461184998,30.736543451266403,-3.4515341446559717,-31.46746631849959,58.59932870402457,12.304013829312067,12.286559085172446,14.868371882560103
1783,-22.11078373199494,-10.246876313234923,-38.30543790059638,-7.020754452899409,2.3811615949901785,-3.9580366349336025,15.223447882191282,8.141456537104032,-18.413164217331826,-14.27743499557256,42.6854422731406,18.630584714283014,-8.459983723257514,2.486632547704858
1784,-51.67487882891324,-52.328637779594594,-55.52269918242957,-12.839174905347814,-7.895845769212604,-1.2571591337145258,16.359419512511014,6.71298993368644,-16.49562249810262,-20.97735145937229,73.805725325442,43.29012527425347,-9.296550414110412,-10.56038074726736
1785,-138.16583962998124,-137.2400691106672,-100.19676255141508,-70.77088415246347,-36.22868282148208,-50.460814804250425,-25.522567125129683,-56.823357971164135,-24.17857908436436,-10.788902712188133,25.337579822562194,32.94736266903774,-31.509603765992008,-37.45549794562483
1786,-191.55699946459802,-185.51912105500284,-158.1624627589084,-103.14455297344144,-70.12966645948573,-68.9834829978687,-59.42591030359193,-73.88879411765198,-28.242102345049204,-23.1674070096572,-20.088349065189487,-1.6081372756375951,-61.78493841789965,-60.99834344642245
1787,-219.42086593017262,-230.6902160128401,-171.01459524384902,-119.88292370868618,-82.9831800944441,-96.03124467866037,-62.77214102885262,-95.79797084324126,-17.66384245275922,-27.183448798211924,-45.78116912061825,-19.8835191412128,-66.16338576404789,-79.1434089169307
1788,-204.8779909362023,-217.44730387258,-128.5350902115165,-110.16928500059443,-82.93253137588827,-91.77325915632218,-51.36578714915474,-74.53931108891162,-15.860869674350722,-19.87907052989652,-47.51542318935156,-31.42392108861399,-62.35389135096452,-75.90029914491198
1789,-131.40609739929823,-146.50705438270958,-84.22592902469934,-45.18682261688876,-74.66711254489891,-62.41333620583468,-18.38304095478481,-30.820730399102672,-15.35453518319572,-21.27499881743224,-15.833846504121691,-30.62998064799472,-47.33056489869599,-72.52686895395995
1790,-93.76111896965338,-101.77226967561424,-56.79615365725172,-14.533761472444388,-60.91910014290293,-56.57190129520887,-17.145102768200445,-12.431222718412002,-10.92092646549213,-21.23837268348672,-10.975232949240374,-24.113242354257256,-27.312237327776888,-44.60362010316371
1791,-82.33327155057742,-101.9109328993391,-64.76539644229216,-34.9623710247842,-43.38375022192247,-52.097304406779855,3.2729520593073884,-11.324066594050109,-13.982534987334086,-17.454309904720027,11.283957214260255,-9.332479310338126,-13.90960496991815,-15.972279853433122
1792,-52.1232385402792,-69.36886990830729,4.215396228642221,44.91681025286877,4.607857703552593,1.317030922392939,43.16342772356728,37.69092808733046,-4.066648084399101,-3.8597187593571864,53.58510173827871,8.560609914856899,9.21371902365572,11.104397079526727
1793,-9.155128579414164,-31.393218071785753,43.653888958650214,88.56065745694954,14.745307698914736,24.210354174367065,48.98994470191057,55.64778446915011,-5.190533387153561,-18.931470682228365,51.77753106832411,35.24891282664526,35.29409853396416,26.21433256619314
1794,-25.922593053814587,-52.52328302439927,51.35381755279581,73.7310624854591,9.551139741945473,24.880877209162154,50.15173619770178,59.12870595059453,6.075851843153546,-7.30284223881635,45.165751923613335,35.8175702854537,29.196071571916818,23.083925955077202
1795,27.03953173821168,14.341982318562845,120.90739411079058,143.32555491882368,37.195069434164,53.89546731999367,68.00024828356432,75.18070914082018,7.864938736426712,0.7218921087053511,55.96416392374847,38.144408092996684,64.31386588332263,51.34685486307878
1796,69.02440438196854,41.70215751919241,146.62370399765416,176.1255541422168,46.16768890372005,62.682382835296025,57.34614283647699,72.24464867088996,9.485042442972405,4.260405137356247,53.85452906308809,44.83370114539442,58.32325774845953,54.22329465255502
1797,60.14122833429378,26.07968380035289,119.00426877070258,117.66631066145935,52.49442183176326,66.45996985909967,40.65108535701818,40.63773724521345,12.707756094678272,4.927734822635641,62.34731251519336,63.54946929917753,66.12174450740062,42.129280335780315
1798,21.172068609477762,11.000815925283021,103.6230636235626,135.30227955252946,24.158537765009605,58.415619015388266,32.92305795382371,14.60055068212954,19.616492020476187,27.236101907125914,41.45934663107916,41.215171725262834,47.49946391663015,44.04731412593033
1799,-3.5035148592761924,-5.208171787332871,81.55576905911678,102.20753565714747,34.703855511256414,40.257391960415,24.485157173439354,-2.3541149822988174,12.997610926978927,4.938227676173354,43.189878541909856,31.695181833922433,31.71639930749217,25.641067748174816
1800,-43.614053550419335,-67.45074471618548,-52.11378204161716,-71.28281152584725,-54.344760276875085,-43.522206832597604,-51.217976259410094,-82.87306116778981,2.3505649116397955,15.859577884620364,34.17142704183969,80.52814100039511,15.42051839837349,55.85216039391234
1801,-51.10628192248737,-55.40070341362675,-49.17193022818399,-80.58048694808483,-37.0934227548052,-44.96973243879903,-40.70392264749779,-75.36650486241281,-7.529506800915556,-5.556551733136404,52.64099182367963,76.27182289944898,30.409372424661303,53.329918837751414
1802,-53.91121240034757,-75.93078333570692,-70.47850759911545,-79.23714309359225,-32.13194775262969,-46.350577754120934,-34.225500228513184,-60.56992968861382,4.39951254872916,-8.615673207924132,39.290502209668304,54.751602857647185,19.963116605318127,43.99096303572242
1803,-57.54802530323415,-58.25919981088239,-68.44306698484493,-71.37174164824762,-38.3650182631038,-29.138643305742907,-30.803960745144654,-44.52206328253067,-20.13111751082943,-18.91520744220347,20.405655423398667,20.460355952370225,6.158183183265354,20.150707171711584
1804,-65.51928490288009,-69.18007787391912,-54.444517159560576,-88.41713639850153,-37.75724775527662,-46.24881875252412,-27.500312338461843,-51.72145057160681,-13.923296780459522,-9.984983457767406,-19.715197543131644,-46.390946755003526,-25.191262095107046,-22.89090221233342
1805,-57.17895966385098,-43.1311339830288,-63.284551133509666,-70.9052157498208,-28.295752796669895,-25.403462557337313,-28.065631068698202,-28.38833361099326,-1.5652772258343475,-0.2591533847874496,-11.512370659916488,-35.82437994404412,-18.716377015116166,-30.424750501859762
1806,-28.569482596401663,-25.965062434583245,-56.022024082570994,-69.59144072333619,-13.466820682835456,-13.725061534784576,-18.938318249585002,-14.560464439889344,-9.200576004114103,-11.917880079713697,-3.9447689754239326,-35.664742942034856,-14.701531656042887,-29.567052038523556
1807,-8.649482923074842,-4.517309053343723,-28.597621941818755,-39.45505353668459,8.869791796262495,26.92526228798751,1.2275977148358719,11.319599952644271,3.8315514695990545,5.273961980816711,6.298485557113685,-15.015478623584139,-17.098370288997174,-32.26137053510774
1808,-23.94315333423709,-19.99751119526799,-11.321191602778294,-26.703426340401926,24.649587579361835,25.462007298301124,5.448697018292572,23.0640074075293,-0.4496881908482771,-0.9963153471901727,2.7232274476951037,-25.48924477530751,-8.734343521031404,-28.77438274770049
1809,-33.395697086516016,-20.878404857406736,-39.60624008608626,-41.84461971742721,6.396338070734576,-17.18754628120482,-8.147330563624928,-27.232204518918035,-11.261515286280748,-25.967634301084427,-12.67185979127174,-56.639697573730245,-29.742558633353173,-52.03089394628035
1810,-29.412475118159744,-19.377968958633154,-19.530370997296895,-30.90523479846521,6.770996386911552,-15.308824553266854,19.463890893966635,-1.0366426325576914,-11.96898590962296,-24.43615153811935,-16.526235988844856,-43.33230537778701,-28.157899000756757,-43.85388670292028
1811,-7.217938008131053,-11.994170673684703,-9.994081830981163,-3.45672070329786,11.786997236430519,-10.876966740359773,29.481776563359126,7.916691055998013,-18.802893889322352,-2.795741147631741,-13.353182438098582,-36.33671887955619,-15.34283866102573,-34.65080408102034
1812,-1.185444745396117,3.4120210939213265,-2.729427028283552,0.728358570395105,11.292648737634725,-15.98296637313396,33.29261610402073,27.300308410287027,0.09246565311901082,-13.976203033427986,-22.828227666213454,-46.49111022282077,-14.90344062692074,-44.79056592647257
1813,-12.259096766032755,-1.0390979438957322,10.616599113876289,10.671333444390257,-5.299885371384175,-14.97816329801743,35.3633832792568,25.647198450884684,-21.611526249474867,-8.347051109143884,-24.044743213376186,-52.26437086837081,-30.25099610326128,-36.35954093153275
1814,-15.956658749563609,-30.536542795589888,-28.334612435598427,-10.69996069552177,-12.877470918682262,-45.408618831243835,-0.038442720893702945,-18.541548220725552,-3.770750880187693,-10.058124047692967,-52.0372095514888,-80.04374840346856,-38.05196958800105,-47.63156049996489
1815,-19.90908574793394,-13.647151477528418,-3.9115021011592286,6.764925455169027,-7.666540905301937,-38.51419211517826,-4.7470956699169164,-12.369092877489631,-3.5472163600602555,-36.72864133057717,-32.95832407758481,-77.63557038184452,-11.97204282641394,-45.134280351746746
1816,5.239848869040438,25.827576681221785,5.799815911059483,19.806476369254543,11.717908463359345,-14.742664687509272,-2.917293106470376,-19.88491335469116,1.3294982302688882,-3.385163829879868,5.255622648986138,-52.08015835998385,13.826950128118579,-14.543483574424199
1817,1.6035806144131637,29.6222587369801,7.433903067968075,39.02743983659816,-0.6040229319899986,-6.116295841041634,-15.002244196847657,-3.265832824000653,0.009623146695062701,-9.577825853906027,-12.475211066619295,-64.34833962600122,7.65695131215965,-14.78694189135423
1818,-2.8371783289688253,0.4942172552683948,-3.347795909864263,6.7791055584222075,-15.675222619068752,-25.66968724600411,-26.161213413811364,-57.646092867667015,-0.8461735652009933,-5.238555083139129,-48.64048745393864,-89.6412109401049,-0.033290915258001194,-37.724448442193825
1819,-9.603564156515334,2.841968566018035,-4.384543520297027,16.781882486267055,-18.537240465401144,-12.03014245248359,-19.306989508897807,-23.545569393935885,20.15980168287975,-7.682387863375933,-38.46688996110214,-56.214831222458685,13.078084102202782,-4.415557846321363
1820,13.004758033808201,21.29494252714383,13.833518358826424,29.704264915289972,-5.2118749774800275,-6.201167831565995,-9.01855141729383,-12.902078315106937,17.998018061941337,11.807348975680526,-23.53509279825153,-24.562786026618298,25.215247821397455,21.29442896241017
1821,7.023807070077051,14.106980419674993,2.6962616396850927,25.045284908910443,4.408441181226931,-0.3176848494837779,-12.198796100496525,-23.566423599433733,34.34912904949939,26.845201121623873,-5.428124665912428,-11.88194066207354,26.129636858365508,20.51102588850143
1822,-15.468220594138343,-9.26181990940183,5.537997116065633,25.78868451235483,3.949707821478712,3.157003858811979,-6.929957245860761,6.543243996505486,31.180986337230177,24.86385963511448,14.319000470427133,9.509546247518777,39.71211789092735,24.384974246063326
1823,-16.128534247947172,-13.730031655105869,16.479879442465947,13.416526588671026,5.4008155013924695,2.3829215129596184,2.190535914791245,-5.796344163431231,43.00784437978524,8.595791959517497,10.361379460077353,8.776682416526617,41.872137075332,18.78287533655852
1824,-27.651119470610453,-38.16221461074077,-19.43839811819114,-16.04049504327746,-9.010618462101803,-12.409331396140848,-11.833265651808677,-19.526976442739898,14.223884185420777,16.214583554918498,3.299741740401841,16.691479317631337,23.578565257484968,19.378042183761384
1825,-16.6120755842659,-23.93023387160889,-18.643906287213863,0.2616239743470561,5.964218248018273,10.600579660250535,13.445330177499146,-4.140916374576678,25.828173473561794,4.393638103157123,13.050013997570627,29.328155405154664,35.35539739107954,22.503480783597986
1826,-6.607354119129656,-6.910661544356788,-18.27599487561136,-8.275292735384605,8.30951573875517,21.741081798357772,23.45110975193501,2.1199571360750893,19.310793867655562,0.23650353939972635,13.81561535339955,16.4965931453659,32.86266867536999,11.902124470490373
1827,-0.07463723238164653,-20.949303333260197,-29.603800602162806,-26.025222580788952,6.78832294894403,25.742374352773606,-12.153178672061715,-5.8381698799349895,6.078901382870157,6.9428858684704355,-9.714379094523416,9.240682126366162,12.921763081615133,-4.23949011655266
1828,2.6501076179267287,3.2059333283100515,-27.43391606978747,-29.785831691061933,6.236459857222719,28.34836357942118,-18.277678064190845,-16.50275847291627,13.640901120147682,14.285704157520986,-6.411623277596738,9.579285828205359,4.843802513210154,4.442391595622286
1829,-15.093922014133533,-22.414682092111555,-46.920425977075354,-46.585621666533605,-4.904516389729048,13.998929389003147,-23.76558443011252,-18.545977711085186,-12.037017242019603,-3.9513601282193935,-6.949121623292378,-3.4743710675985837,0.6246422908258372,-1.5180480411690647
1830,-8.259449148091523,-19.990717652844044,-32.5416274051253,-34.02776079491742,-1.5863354481905656,13.02117210714417,-18.114965028374943,-11.941593012528589,-3.811675345109972,0.35621943309879567,15.598228565899442,-1.5472830980671033,-0.733929200182377,-3.5608562200642284
1831,-17.84664201804972,-22.819687579407333,-36.22292797262896,-36.67891583167795,-2.414738306470426,27.45896064574496,-5.7655519613976605,-9.43420384164393,1.5959323603403262,1.3373301869924852,11.403510756226407,16.957721876514583,17.4878692680584,13.782678326974002
1832,12.678122911752267,4.657666406066311,-16.437471600931605,-10.585941634407167,5.923683850993765,38.717101992176666,-14.642430042270254,-5.6072187294953775,5.231501397978159,7.251422257192367,16.003768385730222,14.997921873250643,6.9602442083480724,2.4246431433205626
1833,3.0107928711904157,-2.364306786456518,-34.05239890367376,-18.076980251273085,-2.3935154721828233,29.3724388941466,-14.395797772423633,-11.422686924253629,17.440905559473354,16.696182729066013,-0.7428942730713692,13.70990770746402,12.32719868410144,1.2395472122947202
1834,6.082767098132256,-9.12776160797934,-21.193013847710148,-6.429447723874539,0.33769505048074977,30.849262598493933,-11.400538700641462,15.672892636683414,17.21453170056355,7.842108973614705,-6.654675650283077,27.843987094550883,16.096005694523658,24.621912770746995
1835,0.4552420222490817,-17.44981070759682,-7.2028844440884425,-16.18291470889461,3.835901391482067,25.25050310128667,0.1345756564316797,7.976557208657877,23.534636330730432,3.003025542330428,-4.145849883402796,15.72421193796974,18.19474452337294,12.037270479466734
1836,8.43296607948016,2.495588825029457,-9.574767877529556,-7.493483379842885,6.28743112604202,19.099793257308708,5.117728657135894,22.0464667628251,22.81436716688525,-1.2593188932472865,35.35855662263589,46.88525619538987,17.14315242094535,29.117797690896705
1837,9.918675915254045,6.654202221267809,4.279337022549627,13.106513714505157,4.332409167504655,16.677412601890467,4.584530149104053,0.14809554503817424,23.587846370288144,4.889083188249515,43.25188008829085,41.74901088657281,42.77929946796776,26.757812277643993
1838,-6.209581111108582,-3.3204142255968083,-7.073579782342018,12.803009740032099,-1.576948214790435,-3.028682234356688,-0.9644636809103929,-2.1076214594683007,15.259234681723228,3.9840325592307932,52.22825776549437,56.56421350889427,37.536118509095395,41.03968579550096
1839,10.648061840662885,17.94293736396704,10.556541663961891,14.799530420765592,-9.411931554665875,1.918345064446473,2.6539615005612958,-0.08357871650178765,16.60838829147462,14.147368231282211,50.180446325874634,76.18155322262183,56.720107216982484,44.03317660845167
1840,7.493516353677115,7.198067911239383,18.929464086435036,7.948353685885001,-3.2133257460548563,1.985253225428234,1.2910693783211056,-9.173350839242147,22.978964696798588,12.315620867873758,61.516115739700396,61.746786914062824,57.05875080908246,54.39683312078693
1841,1.8197773018068644,-7.4097028845512956,8.122611051392884,10.349619236611776,-8.866098214497102,-2.6797308292965636,3.192213874309691,-17.72390745551335,10.60200200803059,21.39185952166297,47.15120659715115,68.89181984298673,52.24510007073442,41.815619007209875
1842,11.422828497864067,12.383835794718603,14.932989251613558,8.672055521434256,-17.906297065624553,1.0767251649422178,7.298882205060614,9.866094937096584,21.44632605358755,4.7296195427248175,41.92397601835638,71.05388568259363,45.83041761478777,52.991439031239366
1843,-19.255699729262783,-16.17856234549568,11.695652574871652,13.321929900754713,-30.44552692988702,-9.223986884912774,-14.45251290808196,-19.31436498878143,2.6299617720965847,18.45858857139161,11.504887084177023,60.65390319141019,20.135093937683067,35.460352735318175
1844,-2.789377399260366,-11.407279028881653,-6.32171925786565,13.81911925903652,-16.43256217966814,-2.5205970711223538,-17.30170879160511,-34.50033364457454,2.695877040847913,5.312298658757437,-14.454564405220546,25.329901725156894,7.86178908038271,18.72600776425639
1845,-18.820861700355376,-34.25300570704785,5.623338862175465,20.438952215237457,-23.15885877249169,-14.264781776481444,-6.641127352003565,-35.01332892287425,-5.561690170389639,-10.794445196894998,-9.814376176252482,15.970554972472387,0.979866142305284,10.759541360932475
1846,-19.919773042705902,-23.708977984025502,7.187449372542733,1.025029949785419,-25.55418851170943,-19.410074259662423,-15.735844524347511,-44.23238221833018,-5.669860718583343,7.998702191810509,-31.90436020036852,-1.0065243396275336,5.003056078697175,11.246565913698715
1847,-23.674632670018884,-24.900827245327598,9.645571380739206,22.148253241120262,-14.410293214552897,-7.831837749102772,-2.341820989223543,-15.475276734623552,-11.977780814024099,5.155188350243277,-8.005177173985984,-2.220346130664991,2.81201194697958,-6.58773447832626
1848,-8.105812499441832,-3.344075611400335,0.8980411424477678,15.60084703617083,-1.6921005115424612,-0.851844349934143,-8.625628647785367,-15.719674277578282,5.796101315085765,-6.488489389936811,-2.14427069313727,-3.3118330161128506,13.74610977464357,6.623200404488639
1849,-27.537792093064592,-29.899758543616294,-4.144830303745304,12.835218016840173,-10.043868920063108,1.4951441361011635,-14.35969051323132,-4.2507052215039,8.360371947055633,1.2939892163240434,-0.2313962149380009,-0.7057787999789179,3.662249371324159,-6.492490030455892
1850,-23.588975742023624,-15.092819182514933,23.706948466788575,37.8229477141233,-7.118149641909876,-1.1726635669087386,-8.885911080176168,-2.9663308981338377,-3.143343096745418,0.41732065399559115,-12.56800486697596,1.9503231487909882,7.060183921943716,9.325631847509051
1851,-29.566438894346042,-22.909531649846482,13.414637027319793,11.102308979376769,13.025498569739923,8.356153386189469,-9.838466160075113,-3.323359630632279,8.975371425935014,-8.843889549021029,-1.12488123813511,-0.03845391675124748,-2.6127872078449674,-22.502625368716163
1852,-30.452009576541684,-25.935187745461064,18.758755752100594,26.18478437078111,19.75292633468293,13.45338283684123,-4.596876042384822,0.2391086729909242,1.2896841644894874,5.363395365310655,2.135297945829102,-9.517318055293789,5.990644230744374,-17.823406627560487
1853,-10.66585184045804,-15.767191712453833,14.16686827842634,26.981374021322654,18.65618734705798,15.112648785903492,3.431923588664346,8.133362556530235,17.751804277943958,-3.4080564130132425,15.310693040061704,-6.655900633853699,7.892755570962271,-17.52167320038258
1854,-14.609322431847286,-2.2814863380846946,27.42865245989932,27.95431877725039,10.307805236941874,17.484199553715538,2.2970802978217537,-1.8269177400026926,-9.671102931112019,-13.181808767394404,31.661820227829157,2.293198028450217,16.287924857213536,-1.9883669315442838
1855,-16.306251676543035,-3.869527761998627,18.545463852167796,31.771909695944238,7.404704271585166,12.735126291838402,0.7800989583704229,-7.840944424211926,8.332871345680681,2.676886789529375,18.51018673505689,3.692529596583109,7.579429602367458,-3.9243893526300266
1856,-36.695865330433826,-24.064966772434534,22.934297916307887,34.67970476808435,-2.6939360133528156,-6.849475839351285,-1.3260645104157462,-27.816476586150696,1.0580973177892392,-4.006132944304241,23.471532862758504,6.801507115560661,6.9556164102287275,3.4195013390365587
1857,-25.799697729097126,-9.135455461570102,25.070786199572193,47.52595880028901,14.088481196941581,6.611195581578591,11.913083444242712,-0.8051272480776912,7.640625007764247,5.368871372683403,19.568259980411995,9.934494903506751,-1.6377040561525062,25.781407768266675
1858,-36.68992521067585,-16.126840033805777,43.05967054644537,46.74349262059068,14.82874555473264,10.8457085940813,15.408482112030173,4.267618903417251,10.421410677455263,-8.221599404371597,18.34493210606944,17.541663459248703,3.0022659720255565,8.355065814347999
1859,-30.06819456367722,-16.901702707134426,19.954720008638244,33.80904655284487,17.809425776281355,2.2863580367560195,-5.4464821752927195,-2.420252554180915,8.938564966000156,4.411635603200512,16.453332264229484,-25.73758906543828,12.1550147997649,-3.4078357844491323
1860,-32.26321506400173,-12.604196985393807,26.84542981100795,38.70632507419525,6.850790255057931,2.1245468805131913,-2.239731032980601,5.8921407715018965,13.717210917904806,6.02480823754712,22.37547392392467,-13.72081120252083,23.22781863881648,1.1984115559904267
1861,-6.929565437271034,20.322312136300752,35.05974158405407,59.94793272543382,22.854345288745595,28.77547109399337,7.508462909878529,29.26897794924343,21.18672550227086,8.860687954676518,39.36091321806032,13.797202973799592,43.539773327529964,21.839338890668287
1862,5.470256631790347,19.205135435668293,30.588506699803787,63.36850620536897,23.546093056963695,32.04952682615173,10.057766935326386,24.603998266204748,31.83127417439826,21.219750637158793,64.98738475602894,22.746338840493472,54.71267468174309,36.824213722380385
1863,-3.5825775521289622,11.629088370149596,29.83560502256583,47.90930438830115,20.703070039740645,40.32425240447708,4.316267476887976,15.426595259514016,34.26071206267945,8.720208983736736,71.77419491255957,42.111398616719654,67.15241834775817,34.71977233653134
1864,-8.792066385260414,11.520692583447165,11.124175899591497,41.39371901363153,17.369868642374442,28.349243261268676,-0.4225436145074552,13.57510618671385,35.43655680561204,8.65895296932424,76.76720807060568,38.01572449358426,67.51916875115379,48.51951007032096
1865,1.9427970316077392,9.294772506544003,12.504407138654793,16.55622034813643,19.62607970918392,21.86417365098482,-2.0378285606458433,-7.720974916521426,37.13089120574863,20.13364839683989,63.124354845652576,47.046755352271305,57.380740803484464,54.732834609726595
1866,-24.19815687786824,-15.692820867022302,-30.123010619652003,-12.061299833230706,8.494389095099816,-2.352973828896092,-24.51682944857932,-29.792938241063503,37.69535687957195,18.527018857824014,40.05486792191334,18.49653600147822,44.261997632745796,46.02551990347856
1867,-33.94928246625734,-30.997417898962112,-27.4643657181014,-19.032674352287092,20.794216198838257,-0.21667070103721603,-13.298004912002153,-14.894747136907318,30.031736435961733,23.190471518141813,15.657660547012336,20.21196464619949,33.98891043156433,43.06940745479565
1868,-62.28956659863772,-58.62249073046879,-29.329814524293024,-34.25002651141619,12.416408980619583,-18.585526684485366,-12.996296301766657,-17.137249115766632,22.71653228787581,5.5763862375416,0.5848346789678889,6.30819561434595,26.27714555437677,31.701428373419308
1869,-50.00725763927866,-37.01326382184908,-46.06718446298313,-49.67263031323793,23.829984433163247,-11.267530160978842,-15.43856157387228,-13.148204794229986,28.401672780807683,-3.44806431378507,-8.52302653938165,-1.358612792419069,24.364116551660704,25.865306722925677
1870,-61.14232507380671,-55.02070824209868,-35.65497748061072,-44.4749245077088,19.28461119089047,-17.70486391815961,6.319943166916233,7.628061426131282,12.940822592443114,-5.495392970437011,-25.794330075700703,-1.0862349535469649,4.347708975495624,10.43207822388096
1871,-52.72807607439742,-46.71793239295302,-39.48987842905577,-32.56168819264205,16.07326696474599,-19.6448094658858,6.869191598327606,-5.51961736210326,3.7110431176074683,-4.254892069475433,-15.941897064287367,14.672071528996213,-1.3736500472911288,8.74601763421112
1872,-38.20157743658908,-38.42930794876671,-30.171698644689627,-50.548737946977816,14.012972342321142,-5.738049594199524,2.621144605928746,22.51920761088111,-10.720892581240351,2.054030354054948,-18.874401000487023,24.273863541246286,-15.83003919783089,5.509724708540162
1873,-66.67619194611893,-49.36997042714582,-33.99917499066686,-37.37407593422458,-4.48366193509457,-25.69619970253795,-8.818502953395434,-3.6319600962051064,-7.349709193193115,-28.073715648153502,-16.612124071994515,12.865529065520576,-20.14542168394505,-18.29005235867893
1874,-45.79146922855162,-29.577041708356337,-35.779797678818554,-43.43384477428775,19.42522826575927,1.4623452313987035,-2.292531620816736,11.11005983792196,1.1029793803392367,19.639639251759142,19.75937320809156,18.733863529472213,1.1695194658518864,-6.248537632888659
1875,-43.80389057458558,-50.74365772053038,-14.235646266837177,-30.89699416890305,12.69531496364414,-4.8432844027158595,20.884157973837564,22.817682987739524,12.514377458030586,-22.189788366071745,29.33571194489179,19.703945435931043,-0.8844527653402593,-1.797080369881406
1876,-22.393926845462047,-27.917360505072345,-15.280777817223592,-35.360856962059415,15.497468988411438,-4.672850428627844,25.57236658064186,18.631829315658788,12.154688717259985,-27.988273617338166,40.122639895102566,17.78752379097355,19.552348373801962,9.224779605807624
1877,-8.131393075876808,-10.196438695246153,-11.838905650042415,-24.035929063934486,15.751201066391953,14.948583155235054,47.42278134678179,54.625043486073594,6.2009562192731975,-5.9402249014855,37.3006547579413,38.2958866179592,26.318328079530353,20.497243629339764
1878,-1.734935764056689,-8.439573648099586,-24.5162041986076,-12.769521681399539,-4.90595674883591,3.1389008721116562,35.6327066101776,41.84511055244917,-12.3226836791389,-19.967587891340337,62.8585436763112,18.462960988182246,37.53640701360042,1.2088551702322983
1879,7.40032620612133,15.472058253468404,-29.01980125234424,-6.322737373272593,-3.081638136465854,12.269190472850582,29.368335570194123,42.82589861534509,-13.827894441840542,-10.523070895671095,51.359882270545675,27.543166231731796,34.480794820332086,19.71382164096743
1880,-2.1979414906961336,-7.810738376434911,7.537523989405411,3.995078429775347,-27.633509811991058,-23.01728187324864,9.582243817233941,10.538598314570994,-1.4859943600950494,-10.519740659822542,36.07174416709301,18.535295290740017,34.87672923864942,22.67631639273992
1881,-0.06333877472379434,1.488310430066102,1.8107244592513883,-14.42006033375653,-18.11361977552297,-13.46551215628348,-9.737605981297353,-17.715206485345483,13.7587052319641,-4.935144785648919,29.441605729650313,6.996154955280782,35.27771682363144,30.187296856348087
1882,-31.614752504721626,-22.513225816511294,3.841266261777634,8.290264628057237,-37.32174523099576,-20.013901220571316,-38.898734636803574,-36.12135684701563,6.54888165501747,8.98988249102783,12.878576248504817,-8.645790246775064,26.97759114285012,26.729113380106256
1883,-9.667667938585977,-5.003100142307023,0.3284947439875756,2.899115576832898,-38.98499233199262,-33.800764785371335,-31.237510327280287,-51.187631991756724,19.818586287752073,21.109713563546208,0.6848839781225413,-18.532952393172827,30.452527995443575,27.917437845225734
1884,-19.487347251756447,-20.593705801048554,12.860710345535047,12.151341446315794,-26.46587088534836,-15.828078988464252,-23.29917696978496,-50.945088191438714,20.570817157365013,18.72498030135424,-8.244757293974736,-4.300965177943804,18.90616376966191,20.031065396521225
1885,-4.19219679140114,-9.652732297277002,20.28863913800333,16.132331518663097,-16.556749221808893,-6.31538355272531,-3.1371763671016697,-10.136061794019133,19.074739436220316,18.71764914623947,-11.052119855893624,14.227778968870297,20.623290163092438,33.34714816280868
1886,14.554346857030335,19.829453354364748,8.567267138719611,19.03566442872798,-4.303738645507418,12.410981004942256,-6.96491332289939,5.299281195125902,18.844161798990967,19.9841133461536,2.027971823601524,40.95630772492194,18.52055099340852,51.00456740910126
1887,-1.0480262623224057,-10.32922351221323,22.565032771870506,18.57858345796607,-8.681888098599702,-3.6187066318698577,-9.838765754938168,7.865902305050021,10.606422450011518,13.917941268202096,5.515216290948895,38.581313567020864,15.407520071947086,40.283041650977864
1888,-6.5392758395223005,-5.430867537998911,-29.829762113075276,-11.575668466863615,-9.504007934760594,-6.074765041821427,-14.712267910540286,-27.164053750089437,12.734180135838871,23.997599079550497,-14.84107020205476,-5.0733260137774,21.022133100525938,20.64077330946016
1889,-17.032764642600476,-16.979779956083334,-11.011284286074973,-11.544617953922694,-4.10431578407338,-19.275405537982635,4.177050505875143,-11.686550180515804,12.294950214687978,11.071092562091215,-0.3907099398321101,0.922959879466439,9.080850155867736,26.346596122518733
1890,-16.290155589560623,-18.147611961627565,8.350795924866775,-18.903177729936225,-10.568888182901055,-17.82528736379679,12.948262965898053,-13.670842452114186,0.8853796662487271,3.523862760930956,-3.0370914760743704,-17.591347997906148,13.805009573144861,9.937581688009027
1891,-10.357142264918036,-11.243611030676824,4.732205512036996,-15.642311116026917,-2.6639446735558203,-22.02303381409334,6.165021095260613,-12.569346262844965,-3.467195023750248,0.27971809629100663,-1.9506325381320402,-5.080592127715558,11.105871282614581,9.02304912441308
1892,16.48484999359808,22.513969454528745,10.888314101055599,-5.402090067686406,-10.25050625690349,-13.33954354542369,9.608861312143423,5.41389029505652,-13.079535188069244,0.8995148594713722,2.5030613022936867,5.9865515692485936,4.537809023826133,1.3737440971094614
1893,18.437054251005414,13.963310639402227,-27.017594381638958,-9.258789704514161,-24.815627767706797,-13.54129984984576,5.861142065613939,-5.71282451138932,-13.692534531342192,0.6897226026084127,-0.28378003737877044,2.370385251842616,6.464713733186607,-6.046389424242437
1894,-7.685905997423408,-22.49622918579894,-25.230496681097705,-33.94040863993642,-32.927939775212884,-41.867694864106156,2.9644654554600436,-11.43833431114056,-40.65045290343899,-9.661709025847982,-11.594250465797279,-1.6944654185197703,2.2939736080326942,-16.14602788947565
1895,-2.0617253851675743,-13.853196604434968,-32.24836259110568,-18.569903080514187,-34.272250226122424,-31.794421640483428,5.3765832573287025,-16.81752408660272,-14.262623629223858,-4.149301070432462,-14.697407128911495,-16.142216030722054,-1.8502903156061892,-4.108015276789942
1896,-30.889300988451794,-45.86844152391052,-21.961223910418294,-24.479379964295777,-53.003301201807204,-48.788971400879355,-7.595218219706832,-40.92458593578756,-14.897691455546743,-0.3432393464637098,-17.393174990608212,-19.860043653410504,1.569132946682301,3.91674546849986
1897,-11.53653159290917,-12.65695056335622,-22.871504257919497,-24.98570771505943,-46.420328217260355,-30.370691048637816,-14.130787187384172,-39.740060106920794,-14.432307322921181,-12.396361930746334,-17.727162794361515,-19.084774837324726,0.5339669358324612,4.206371179591426
1898,-20.060569744357466,-36.39758064544422,-10.127440629930575,5.6748820497250865,-37.39208861864044,-21.347658423303283,-6.467197604746019,-30.885565014082196,-14.030524978912856,-5.602954104082388,6.968382351679505,-12.81200149033639,8.331795249003987,10.05158606006623
1899,-0.6193878570706128,-10.804011259447918,-5.056684761877362,4.964587000390589,-21.012345066606624,-25.549835023054914,-5.894059237932191,-19.69813985563804,1.3103305131382774,3.1099428249014602,8.380143626455675,-20.20430869670246,16.24256912681504,11.344257841678363
1900,12.605100047233911,20.953600971476273,27.791472209665727,17.880807301781463,-3.0974657225698556,-7.565288562471638,6.203698592094633,0.0627768390637204,1.2054129067697683,-4.025437141269172,13.465029256420017,5.446033288549642,22.65029043385281,8.229133960975036
1901,38.58730569456451,31.351914597471826,18.501224470636767,15.840601205602933,-1.1431971025112264,10.814992617864183,7.577218743134263,13.165648119822043,0.002318181097309413,25.957879290948682,-8.16193320508266,17.374420729125124,2.1895642414855847,7.528425904802687
1902,26.99175549345644,28.276862096795732,7.702931232825185,3.7489183238276875,-8.10537571263995,7.695061550309789,8.9984324467487,-8.236250010180143,-7.657929186174054,17.401138394189257,-23.019593286328295,-1.3240835763833707,-3.5521921197090744,-6.049322066602721
1903,26.461497663954212,27.069614590281876,-11.616960373833555,-7.013063126493856,-13.95037748808517,-2.4119512971535877,-15.316261812526445,-4.674731969807324,9.106498693329927,-2.733979029313609,-19.066942174571135,2.4951450503437806,-9.938820840606256,-14.93924411804652
1904,13.697293797129984,5.252047460776565,-6.495709013711848,-11.94876568636575,-20.953645072865612,-10.28660557020058,-4.103911551225621,7.06451559144387,-19.655728442368076,-17.84135016134669,-49.403611869344374,-2.107174891863636,-23.15615831527879,-17.385708510921457
1905,-4.022188269826888,-3.598520285055726,-8.220029424361842,-29.40468928315351,-28.53457890013949,-17.873711856717698,-15.127903875829492,-11.35568037981453,-4.0735470247061105,-25.357235019733693,-46.28865855287494,-5.95681600340006,-18.373509044510946,-18.280067502430764
1906,-16.46929136126435,-21.714467494269023,-6.869219312352908,-20.351228215265987,-39.76370677495136,-29.45649472818197,-34.92789520859637,-25.35619411524162,-12.396107026969924,-6.072329408486985,-59.226586543666485,-17.20694099158212,-27.15816333786544,-14.976242639245037
1907,-14.05276617170302,-9.792104842723386,-7.167796415038247,-9.614438124330698,-29.450621247557038,-15.989172353705323,-33.008798480397886,-25.917343136288913,2.4957379752477835,-2.253378200535141,-47.095354945465886,-6.017256230747459,-26.61216729387325,-15.023721272050704
1908,-7.601912419419668,-18.691294006007155,-5.524531888365527,-2.3956282055563447,-33.55022314548912,-8.624037175383851,-44.4082571135633,-24.324032054453376,-15.491133301176015,-3.9157477105950123,-47.09896781456699,12.967091895499957,-29.57244961045117,-3.8953875771356055
1909,-3.9800973467550054,-6.479959688312942,13.906268699800902,12.099390705324254,-17.707902136944266,-14.221318227210954,-25.475621351578422,-21.561544549800583,-13.819867365237966,5.440032040962925,-23.49150081064599,11.275669003472805,-15.47031156476341,-1.3325877562978166
1910,1.7632247676068986,-11.963419923042354,16.934456826615772,21.896027364539037,-16.992879937033624,0.8917474228230992,-8.244380578840921,0.23622884171445335,-1.135480309246547,-9.425667733598857,7.553651194822415,20.180275891311364,-4.2287234734262675,0.2984527025963812
1911,6.700421151124233,5.037340689974817,25.440502386841306,16.94077980494962,-14.652400625084267,4.6260252533191935,-12.555751741623112,-2.3986744480230637,-2.091564977223108,-5.411093887105775,12.735429282036604,5.0353910463994005,12.150474257423797,-10.46748182586051
1912,27.24030177394269,39.970433293267725,48.996617163331926,46.56612358876673,3.097322758902124,29.124852699974163,13.394595615307562,10.79119980842061,8.607841422803407,0.20098191737717386,35.11217145162486,41.55301751472214,21.845667176823433,13.6216692148934
1913,25.60316773317599,39.11092485871285,28.20229343301322,48.01014698264936,0.7581116570990261,26.460163801395343,6.027789377338842,-6.966571669057733,3.7564947668065294,14.529262842761664,51.51009399506433,21.34608230875279,34.04567390847243,8.787362988327349
1914,45.05762187081454,67.78511655552863,51.60335821731206,50.58964515870933,17.39929625246741,48.17939819111914,13.71887578152793,26.142987986262945,14.557761798100204,0.04298130299583436,47.35799106757233,26.188117001016465,42.43583501969267,25.28094346802269
1915,56.54761802852945,74.1731265798179,29.848702751419392,41.69930238931628,28.960660001679653,54.11395617586637,17.56130273788154,21.15781796560919,0.31065738605460885,3.1954082852873062,36.57313837426531,22.592792302560333,28.84117323467679,27.94737765514252
1916,55.645123546325884,64.77660959778547,21.74235210599818,24.026688753962006,32.78087309443336,49.55171317089628,12.544543277470494,18.944579053882244,-0.6485676298660872,-3.2956121469004396,36.13202907333322,20.18950082820771,22.71246733029739,27.527063497906894
1917,37.69810898878043,49.24850392801632,6.985367140118274,17.654924571765086,24.601695463256032,47.21466083529497,1.5979275366634706,16.206095598989567,-13.802757606649017,-19.419934632722708,41.48590404658667,32.12544376569797,8.880236630025358,26.45986643578703
1918,22.511470635281782,27.569192875963182,-2.0491401726490523,3.4724225037712415,5.6028351416399165,32.225703002854374,-11.610899375839066,14.027615917677078,10.598718001808296,-12.31851677476854,26.568678705899725,27.274166809324786,15.130518542975626,25.340872683059136
1919,12.683862029674158,22.94322211524489,-11.968116326088046,6.118774269114545,15.619523639161512,41.75508637430634,-4.4505855639125675,27.999631228170312,-8.456597560101722,18.339063603513956,19.235616087953105,37.502352495895906,-8.976100149480892,11.861181822760932
1920,0.5815199708946248,12.519694075981084,-22.533237261310443,-6.547314688455032,-2.8809105086206688,9.612452296181974,-3.320683614940247,-7.782593393229993,3.9257248900267125,3.381537518997674,25.892139439838456,15.458828791127793,-6.9520133988865584,5.530858321350891
1921,1.3315784718774029,7.519694261007734,1.3711630958172885,-4.248226448119766,-10.784190066605602,3.665140819855324,-0.49594836124279507,12.657838367892529,3.6046080070479025,1.222131151664672,5.460001498302502,27.456317958219174,-26.798058254027612,-3.6654558713676177
1922,7.932151416289816,6.300271333823508,-12.691266929826547,-5.236767570183517,-8.777409969385163,-21.15652187083983,-14.218852243053734,-18.27585602962113,6.498583037016858,3.5336802667495704,-0.7501227654691505,12.888832253026427,-20.454586792943214,-9.063877345861194
1923,7.858792516828775,-4.347574806740192,-0.5025212023579516,-2.6233731070977333,-7.555260595120505,-22.156020265576323,-17.98830385677767,-19.23370501963219,-2.1887046986364522,14.89366698972855,1.217922658509563,11.593212569339673,-14.651095530703673,-7.580659911094764
1924,-4.1171477800909155,-5.245591022518252,12.467220558246495,9.61477443600225,-3.890071105985258,-20.211345576615432,-8.111330059898908,-21.772367821834184,-6.489678139437355,-1.4771426403231658,1.135551962522779,2.392065442482608,-17.238224869588638,-11.045960849883139
1925,-11.308378680047362,2.3569452704989144,-12.974181537295019,-12.196793697856942,-2.928208392167158,-24.861113157400577,-17.41512403154596,-43.84689554372528,-2.8458542781855627,3.0407334071048826,4.648126941482934,-12.671571805231785,-17.61300984534083,-7.086180690858038
1926,17.253527917039516,31.116700516143226,17.674854039480238,17.179595831892176,11.219573981968804,3.711116431401481,3.9978626100863934,-2.7334828900148045,4.7460099473306245,-7.206611851814812,14.205457054496257,2.325824183064379,-10.538245959770554,2.012861544504247
1927,31.10149044222652,55.65978036074549,17.432621810147648,28.6265535083859,22.86508843478409,21.706708191341466,21.762423295830786,-0.0029984633034094267,15.535325994435416,14.395133600571755,20.9019830872715,-17.286709068107356,-0.9069988540887862,-5.701433437320708
1928,38.75177072375623,47.42556600071859,40.70864004464254,16.549014416171943,35.1325898888575,17.792480847574023,27.401252458313877,19.102788480339523,-0.915652190347962,-4.386594497218836,23.140199018586166,-4.844359694674113,-4.321720213874365,-5.8912988822763035
1929,20.83912260449214,37.132495599191884,20.23677687922051,13.810015277575522,22.720009430107147,-1.260466158934229,20.809397945140894,23.149747894843163,3.9481797614340954,3.3689164732795893,-3.847757483512937,-23.5481267420335,-11.86904183330785,-9.652856737306703
1930,16.495525258890904,15.393145642459467,4.392039465964471,-5.504703055857295,21.717607152482504,-1.4447071746147786,8.394426285250567,10.988892097954874,-0.6753902208985719,0.5121073379609129,6.234747188924298,-11.667401885375604,-16.883052868881006,-10.286901988175565
1931,18.884147805479486,14.147585175038111,-22.820827896107527,-29.785229402239235,20.289610547661084,-4.02006358685004,-1.244776896176539,1.071191488544375,-6.6001951172022855,3.4733827234297987,-5.9043422451801035,-10.176059873662389,-13.698709510334204,-12.92813924723427
1932,-38.65588719882991,-34.43511485508393,-43.57336656731093,-51.02239685082709,9.31539764213559,-31.91220983964585,-10.228088101966765,-7.987565674950107,2.398282333513974,-22.78517109793366,-23.772488202736618,-9.248108333763755,-19.246168225065084,-22.26986145515437
1933,-7.789463968609883,-25.319692906279712,-32.38412270557032,-55.334771807909554,14.617432430060544,-28.502029300618755,-7.669962084419344,-16.679020498170424,-7.129641296180591,-7.471350214332772,-27.49533045331834,-27.688131520195626,-18.907798572878434,-30.89176349135497
1934,-34.64418285382511,-51.201303649127965,-31.955720259942368,-62.16541028005462,-0.7635127965857995,-39.48406809734383,-20.78253813433334,-23.318250923091203,-15.854769656723983,-15.12873671079469,-12.728579025305576,-23.742688923200276,-19.946556765591506,-27.33724119753566
1935,-46.369632462403025,-72.50048922623155,-39.7069541671283,-55.80804482852295,-6.721869482847957,-38.67883523182004,-28.511211683062328,-28.727544426887516,-4.4743469052955005,-8.519265543051743,-21.546651307150007,-18.638389411914023,-18.466833431333455,-31.793590744804604
1936,-34.582597559812285,-53.122546289433394,-16.60785281114745,-36.24228946799092,-7.636570024537866,-31.555809369038506,-20.896974123920447,-35.4282402611411,9.964986885722622,6.761011377176205,-30.596520855339264,-33.39647044408057,-5.121473677421715,-21.09887878730133
1937,-29.314826405360822,-49.599955818210205,-36.995627488917755,-43.25133677402618,-0.21663521333761698,-30.57518874153975,-7.344620758950996,-40.56674446907666,1.9866937014782522,0.3527854922788787,-30.816606122372033,-22.977119321244448,-14.637842358359153,-0.41121201815153346
1938,-15.725095117981631,-34.77269117692166,-26.779039155977102,-36.089640303965155,-3.69100991762794,-26.157142536462143,-3.938769662107315,-9.950364637594971,-17.051813354043095,-11.554619474359173,-37.218195149734704,-29.557890588242074,-26.65680635625194,-8.873031364594896
1939,-16.533838942076972,-37.227376988130125,-26.963368253678407,-55.47906785639923,-22.333043147914715,-35.848646509924215,-6.033770582319328,-4.093437307872971,-24.297021167118345,5.512661105553443,-50.92148667801922,-27.50609336159443,-47.86114354400869,-21.374956292904105
1940,-13.724424111867371,-26.96685219748193,0.13067226730257442,-3.4600830933595264,4.400190285967325,12.35592714473792,24.12285600090903,30.431921712632665,-16.2477338627092,-18.98573857563743,-40.088350907247055,-17.77745350991196,-38.92607080514868,-28.082455026750438
1941,-48.62375555302614,-51.620823759482775,-36.8280762632196,-49.61733778084437,-47.3635204562431,-50.366028301217135,-12.337893466784772,-45.276221986877026,-31.253435036371116,-41.46425143904793,-74.01785363728304,-75.06982371627404,-58.18817158028823,-66.17930434972376
1942,-10.005964384813979,-4.832115472758169,33.80219527982326,13.184170144675539,-9.489097233622962,-10.577756093612305,-12.848290179115562,1.9362025381954502,-36.603438998003604,-23.57962784779962,-61.546384141263786,-73.91813787276223,-67.80866699318027,-62.844685495859046
1943,-23.475552415224236,7.711072790437645,46.311422726486285,29.0516782914843,-13.719442390438132,15.624246950012912,-11.182586775702887,20.182405152857804,-32.966380570501684,-14.716467094947628,-36.26007489885566,-37.65764456065917,-47.64747210262189,-19.167589830706707
1944,-28.963592520009026,-25.547984151681728,45.989145426252456,35.236014188417606,-20.88742806563762,-13.832296581629254,-4.9947067830156815,3.459407209933805,-29.13140496103665,-7.825352501411217,-52.21767527328665,-43.51875186877668,-49.97040166220739,-35.52260122967348
1945,-1.4135632507333524,-25.275868368355784,50.17413850562872,36.206216609577446,-37.718319196528704,-30.51855637050442,-2.729132975582984,-16.295815671952827,-28.203977014427675,-2.1105112726665585,-71.59617727355638,-54.87796665982227,-36.41603748024075,-43.36027313490143
1946,15.875393381389792,-5.958881410504306,32.76450842300936,23.74747466851141,-35.77332610889713,-41.039276717247056,14.295674103246908,-4.702478718481639,-21.32288260926853,2.1352001646694116,-40.13666841134058,-35.96407926967086,-10.700456769437904,-28.469241526020678
1947,47.769198411505485,30.352533263170642,-14.23790862933349,-1.927190564642982,-20.274698511355915,-10.984296093623557,-5.652413084366316,-2.491801957559727,-24.077848894724074,-23.232977995785372,-24.055505576487995,-13.681552443816893,-7.420521477132576,-22.70865000736859
1948,27.764853422836477,8.357897123483568,-25.645497848494884,-15.931987891157798,-29.486602766138297,-16.16129587421308,-11.700158598377781,-14.19394625907523,-24.038566952459462,-27.262998767933375,-37.84372026553563,-25.12619103947068,-21.35192774102547,-45.03146512582334
1949,23.96218406491995,14.99023874857347,-22.051621558171707,-19.64033950800732,-17.98137880918643,-5.429987073157518,-13.290143488281073,-19.98346685709806,-33.9369550533659,-23.80196690858931,-17.24370983258852,-27.13439857201007,-22.353903647744442,-41.741009004071636
1950,3.1852997191301307,-4.473565581763886,-9.41833063416804,-30.32667360535418,-23.10964382041266,-29.93074044383203,-10.844623686878895,-29.26845200594089,-30.283851611822282,-9.202795079892832,-24.69951639309111,-15.465616079970971,-5.360823558564083,-27.308010211998525
1951,2.322612231330678,-1.8662345767882433,-2.748664591871463,-17.709824836810867,-28.81727933218037,-23.644891343747226,-19.302444736830612,-21.33516100758247,-13.729671052001812,-2.5852201622973587,-42.114920730016394,-27.035435223429253,-13.98330357893592,-18.421678798380718
1952,-37.60279519041084,-37.25157645790244,15.585659224138908,-11.76103539002143,-41.871728710536054,-48.97549525982736,-16.388648775969564,-21.026517983037948,-10.589461054126884,-25.892527085719124,-49.36260178778211,-30.777872957560483,-14.226602731371669,-18.544346285730118
1953,-34.10915098178756,-31.578347561402836,15.212215559770199,-12.45009935165063,-31.725046496479948,-38.265796636731466,-21.342505524130466,-31.775266549464938,-20.527591615870843,-12.943402521961378,-40.47815674323447,-21.832788540609638,-18.29818495827379,-11.82915152002251
1954,-41.32626987535463,-43.91844497108765,-15.437491883206198,-15.47279077810823,-34.04594147646819,-35.88422095870077,-29.126935577427137,-18.348049263013852,-21.953467200654206,-4.026377084332165,-35.69648297501824,-23.692754873299254,-9.265277128007765,-12.051235867677924
1955,-12.831916794957237,-14.38788833373511,25.701814617831726,18.478035294509507,-20.368466236575347,-13.185989500151402,2.668027949581443,10.516644246168863,0.7807374290114891,-8.957659369823546,3.067355310985017,19.282312284436408,14.499610118852182,22.050281844219377
1956,7.924235520843818,8.709160965946047,11.10436675474452,3.465068328362301,-4.210710567007118,9.572394004761565,-3.31408369246618,3.607971296816923,10.879278432680033,25.43025451251782,47.83708666087252,47.65722145743385,39.3375163356152,34.01385493647754
1957,-3.0391583073054003,-10.784339571321645,18.14568795793975,6.302996058407192,-8.866138239286643,3.708250541395811,-5.517855933923756,10.180762364054225,5.527875870414231,-7.620835720520759,42.94282568529784,66.68510797326887,35.398115105733964,37.61217892107824
1958,18.064676151115563,14.370634320355814,28.204685144102555,7.378279843291265,14.937096788218463,29.48889316320549,3.9452386137771254,9.171382182776734,23.537119299432465,6.638703388615289,56.12600715191398,77.35663430063545,49.43144038137186,60.69337670236493
1959,6.3439375706115735,-1.18156416302992,21.02041642854957,19.9850843298962,-2.1809310074990007,6.662127244080049,-7.9285689518095115,6.02419547949678,4.552521239678523,16.249492762832425,44.71381326073004,77.05960029481308,36.86821084353772,55.19068845491256
1960,16.56237214061054,11.421717558417226,8.96111655187371,16.361363285949587,10.22470099587227,15.248498956205308,-12.969089618455271,4.709983257590872,2.970878400293396,16.313305681427437,20.401554918085107,59.70411139230774,12.467928643934775,44.156676223810635
1961,11.800719366796521,9.431305890107708,15.201477081110871,13.599526430032071,-0.38885426317396776,17.742929534452557,8.937175317071842,4.292116297796971,-0.02298856937116378,0.6214800951617252,23.97670445785438,54.07709687411553,14.36236222303048,30.428040604911278
1962,24.322099599412688,17.501409228847503,-2.3643133376535617,10.44879236557437,12.8341800789396,31.760890232430643,1.0970833413470233,18.95232989244476,6.802164820387577,-5.10055968782872,0.7433777718511814,44.66634378733454,0.21374270277593527,21.615607500302204
1963,20.45679037285585,23.89618153664366,16.789512034964844,21.816588368684112,21.363346673401935,46.81448112748795,23.009726447557536,42.14195923864148,5.320791347273503,1.2001066154002986,-0.017060934972416675,34.921186950527236,-1.3170128882000034,14.221727440330072
1964,21.997533013806216,39.24403145839786,22.56913843078962,27.73540385175032,43.30802428275062,62.83874338966508,29.214212391697856,54.8045569589609,-0.2121896039707772,-4.01182945884018,-1.3462093720678983,18.686823291616477,-22.699182971778708,-3.315314989764572
1965,43.22672579368734,65.2652326000243,26.9240811350793,35.305254729317475,44.11132720339579,72.18072293337916,42.27333598609132,67.50341131177261,-2.7602705121454183,7.069134759358045,5.057824003101144,3.5080524647973617,-40.241856727326315,-24.236205074671737
1966,64.72180802245788,85.0322833472374,46.90606753874966,76.3341057092407,46.42468027986788,86.63361999852552,63.17959918371711,88.1031301557285,-6.598880749845329,-1.118314217619906,16.281191149993393,14.491160824911402,-30.697825087876154,-10.982926609974498
1967,93.36931034180793,110.37320078421594,56.12039875979267,58.81250427007549,51.2188002126008,78.35553177116518,37.17116136104467,49.71182060642202,-1.9245321570224234,13.919517821389288,31.448964345828998,18.85931213353969,-25.153327728642026,-5.2251198881947
1968,82.88848538598035,98.86757378771017,69.45763386526184,65.12488160829086,37.43750780674454,46.5825439119032,31.389517969160714,55.80235763273981,8.62624173916579,20.563954068795862,23.425894056824326,15.647478059369474,-28.93758672770342,4.086103171007028
1969,72.92477395278065,89.54978108263555,46.65796171313133,63.83929922481332,30.621919734545877,40.997091885644984,18.052754342677634,43.1696154859678,7.0221296429279185,12.852596894541424,-6.216811232624584,11.290367550670432,-28.59462389188116,7.33634353807563
1970,46.472232994797196,56.97427714373714,59.820576553643605,72.55204218094721,34.8245896479599,29.874725454498417,24.78297386935866,20.793147476815097,17.894704299257526,16.809919899918807,11.976462631442267,-16.77739854470143,-24.991589924961147,-3.6822939218161364
1971,45.69758935630641,58.40297610356879,32.107601512081864,48.18713235973035,33.74907175292212,29.631908920130204,25.961147722481446,33.73701368720221,11.879792038350041,18.536548815148468,-11.075502476196753,-28.959729394809212,-20.32613671983915,-27.73288466073473
1972,20.09895200311257,32.78053255296033,53.054084840561046,56.97207436757634,12.540218594091332,10.06154813966674,32.57017723335509,48.552777798610705,7.924271863798199,-3.790309111302859,-34.76537495502144,-43.62602830829834,-12.47738896067958,-34.74102990333107
1973,31.36474364872641,52.73491027109664,48.91782870601829,56.87648014660574,20.844129272045127,24.785820365275924,48.27854876257224,52.665419613952736,17.19616570889612,-2.394080305016291,-28.384640981517162,-24.756995738589424,0.5525898599951115,-19.9823772282288
1974,35.13393305041149,44.66852931669433,45.72725484860364,37.733093812304745,19.47342014617756,3.059696496712841,41.452210432234715,35.59362195471446,-3.8259005332980505,-2.625019489100036,-45.14878017752422,-43.33961154521295,-10.107239590945012,-26.49843207357503
1975,35.59089061066589,33.644077096659196,35.38483190721454,33.806681696745486,12.611946383914018,4.048554438157604,28.809642629975325,30.34256834764878,1.0792469761532812,-9.216110763163622,-25.06164175033421,-37.454600246951706,-4.491471324623757,-18.25554130986156
1976,21.043582504669263,26.170980930368003,12.075272568388181,13.317171125383835,21.472167671465215,7.996306115133604,12.296571830372484,17.07857156098056,3.248915466432836,-9.178081100053845,-24.30508145864191,-40.56289395810788,-16.166535672574973,-17.818296488405494
1977,28.711176131613357,46.618678137697394,7.008930918778964,21.27280761307932,11.91044933141541,13.411558095270305,11.06873614860183,7.465317502468446,-1.6490952196592366,3.6963575576838954,-13.052281335014271,-15.696336597951053,-22.839363131294697,-15.640782452050559
1978,16.842631587385778,26.431880952353332,2.2628770010887655,-0.9680020603569255,12.257723811202544,21.182333787433084,-1.8453715620135118,4.330427276132296,-1.8203158708387086,-17.058020166237185,9.435984226724583,-17.36175417083168,-31.93723078225444,-19.522342917224808
1979,24.657582133854206,30.288206035542345,-1.7149062712631924,-6.874421716003658,17.761047762455938,0.056936388549797864,3.0043986517848085,-8.956682629785423,-12.178660241621506,-22.147088699201696,-1.5550929198989507,-11.162769509370548,-28.57518003279172,-32.83655730625989
1980,27.78517225978605,34.172257217614884,14.334503438557912,22.920375822226347,25.51330131813656,28.799498599669192,-0.07869376817364536,19.528359439607847,-14.020247124787952,-0.7159850484433588,8.871731411957233,21.257408513480932,-32.71057602354285,-5.807497917980531
1981,19.65536520816609,16.974456973834357,26.4876830040333,41.12889845500276,11.690489471645614,18.58414797211133,-6.535622465242413,18.450651431647458,-18.231372820343022,10.924652201499118,4.4415727026857015,1.5580697578082716,-25.74104098557248,-15.028565384310959
1982,29.7612255833223,50.525157809046775,36.30276593555599,55.94962211399226,9.650828374340758,27.375190482880903,4.061991959559534,18.81815971523352,-17.547148293780605,-7.867753084740919,39.426644958356874,30.61840681579588,-17.996057095584924,1.799897214582196
1983,41.46723674129616,51.627774513566536,57.274989808320704,66.73517859457313,9.752138583094156,33.89979167617479,6.262457400144208,24.05396624617624,-10.777188285176905,8.976828352053028,22.84792379506274,43.081710218882954,-10.310954734796944,3.4365748636541706
1984,47.01720229763886,39.27168479021587,49.49431177827878,53.76792704501203,10.889445888154352,23.962702088566576,9.289930145107983,25.957041747466707,-2.671864021814605,6.410747665694102,17.248130824159233,42.74124201210733,-6.1197356550334145,4.471608742453269
1985,21.409208984994056,23.955394767172187,36.224482545888414,52.55301483571273,6.8658344121671675,20.1383910970191,11.390222493375854,13.235690526772004,-17.260198458109475,5.319970836453425,-8.813019414228794,57.7965871000088,-28.926813696374474,5.7111662684445195
1986,27.417783351092638,17.62467712171192,27.905117805406743,17.865422024859093,6.069355776372363,10.132646894234105,20.765081789424386,8.760776105251553,-11.735520730625362,-6.365786820977812,-0.6922217572514366,56.82862978164971,-39.14491287534706,2.347981864200962
1987,-4.4787280729711005,-10.695848455269125,17.468506848401407,19.052055890052884,2.2942076486134515,-3.7667134238644215,11.619566709766875,-1.8796347693407267,-21.282421351367272,-8.538247473619908,-21.937715333335685,42.43418752481568,-62.5496011633411,-18.76420918074299
1988,8.146348121731869,1.560542138189969,13.41975338629378,12.779234920635366,-5.407550936155063,-2.4184668858592184,13.038205291517759,12.663030274622054,-26.941874469311824,-4.097465071337792,-44.14032708042534,30.566915568217876,-51.82125632276582,-17.085074058860553
1989,19.211884582148933,15.079576866623103,18.544543993969153,9.355650017911277,-4.438402341089868,-12.843806155174343,-2.136612816491574,-2.0069928644147894,-26.782464562999238,-10.711590704780606,-22.098335935247427,29.2543518147418,-46.39946050808567,-15.481533702180942
1990,16.033572913984948,15.729837754968653,15.09907688660486,25.076149439307795,-14.782278291818018,-7.4908727233406065,-4.786692101680524,-0.09290718270590367,-9.516305589238753,13.308681853750326,-32.1747853784051,16.700724554211977,-31.29947821791134,-10.806020277710768
1991,-11.013453404866937,-10.965544309021222,-7.744373830323487,1.404740858755843,-30.25470094449571,-23.981743710319165,-15.044600190371723,-9.304910103600776,-7.303833397584067,7.7718520546996555,-23.2566158857936,-2.4012840888150944,-25.166852503050617,-20.077444272263573
1992,-12.585442514820269,-30.113365082286656,-11.794721208257117,-15.702278410780723,-30.568961594204605,-26.256538629815477,-25.230888695124257,-25.655554940104178,-14.796687168584844,5.6753200567028195,-33.309358478991896,3.666834325110819,-27.68697347278,-16.51839792553861
1993,-34.001128010793984,-50.54883284906732,-27.13716861938092,-29.880341066401957,-44.76738929534511,-35.898538927419025,-29.976991432355256,-41.401017782071875,-14.582349009289421,-3.2760064129693767,-26.529970744525464,-1.479712173160475,-29.708936644515198,-22.744127583250688
1994,-27.657931476325473,-54.129260161464465,-38.57675402188321,-44.01216984688616,-31.08124765140474,-39.80113265510555,-31.073156553173764,-36.360028844889186,-10.683900437613419,-17.861412655964692,-27.890152038282842,13.462014029084898,-36.1346960666421,-17.633042694298606
1995,-42.58298203755183,-59.974152778929984,-33.41516767910647,-57.517118503779585,-29.373473577028697,-48.223124727991326,-25.542435377407024,-37.63095527703732,-12.926001565172612,-4.190641575957083,-30.009285104538645,8.319416340455835,-52.06962837090758,-32.84671339977438
1996,-61.92705623430883,-59.775030289649635,-62.23018297608734,-66.14233762931622,-37.8129206410435,-49.98558142417375,-32.998098331663286,-56.1140877867136,-17.125047925960995,-5.655578172349189,-20.57450514720115,-14.73324121454991,-53.16641340664981,-32.433140857590246
1997,-42.3769161831451,-62.59400726186456,-46.271395753082764,-62.69303314856343,-34.56504485356449,-41.197659075364605,-31.261715755183236,-46.05016230455383,-5.560731985867097,16.334921771254205,-6.37822389639279,-7.97417748602844,-54.822389374947576,-30.12783148995877
1998,-28.183514223109523,-52.01146146177592,-36.49790023085295,-50.985677356757904,-25.074757354426694,-34.32774857106126,-57.75045193109731,-39.57361936629959,-8.532008140748271,-11.593235095321887,29.151840107467308,-4.370532184410897,-36.00624049936472,-23.866434036013423
1999,-26.211947472297055,-37.25437549592591,-53.061961984342105,-65.8025961618755,-19.889060000539114,-29.602467306315457,-27.179692049696428,-28.04811527687205,-17.22795355259462,-22.13948294373801,15.313935987229511,-6.462843168840231,-38.05081068572143,-28.891556920480074
2000,-26.37504215194243,-45.64357140329546,-30.771832795364247,-50.14938091107842,-14.362612818418425,-31.174984904671515,-21.935285079847944,-34.27904951125068,-13.553380713158747,-30.1653137961339,7.742889234984611,-20.294744368422833,-29.094593051315336,-28.238468139920602
2001,-18.620255948407817,-29.071338128138496,-39.40149964200615,-49.858915366463016,-18.0005805185452,-25.246631926051357,-22.48834166501697,-18.20043670107632,-13.990403506612525,-15.576067610839306,-1.1489447409652485,-29.448798731374993,-25.137655118475497,-22.788733026615766
2002,-5.113087020596158,-25.03647711877197,-26.337751336792167,-39.32306861767205,-12.22926209197562,-37.29627976703323,-11.033463023217337,-12.881264150257675,-12.703658225448594,-25.70089437888577,-3.101211094319587,-31.126873206575,-17.194182963165943,-33.006035471342045
2003,7.053755456096623,-9.0955189571387,-23.331890175517,-46.3402227873845,-10.302103858209959,-24.374225943436844,-3.78385564063939,-15.451081140993907,-23.068301870817535,-23.038125718256524,-13.280074532316224,-17.584084296177057,-13.337250282494221,-16.86138225113213
2004,-4.329089747322364,-9.51256918066816,-17.581253087774694,-24.975968564929072,-11.58722332942112,-16.408666955431105,-0.704124423424288,-0.38069251325241993,-38.57664932655217,-4.841407104734221,-17.199487704103404,-19.451681401722126,-23.76285060499597,-16.555873139048
2005,5.112510265246381,-2.143237024844372,-7.441010408719097,-32.04072785649011,-5.664601462668768,-14.80925560113964,1.2416876767437697,-4.477577323265772,-18.186269183577057,-6.831924768646611,-23.078082859064132,-12.555511956365674,-17.53161634439222,-3.1594796112649277
2006,-6.800252385423221,1.9608572115721437,-4.503746576465453,-18.60633387479987,4.24016034992219,-3.072976903838859,13.581223589818757,9.601761703954402,-30.09416274025695,-12.886012418805631,-2.237425170307377,-3.3546445578702864,-1.1509392848385938,13.513595755528492
2007,4.833859836739315,13.186709434390407,-7.572708392578917,-16.16265239870171,20.470078367439637,1.0623955120971675,22.82293192272584,14.650404525093341,-3.2604562121869236,6.468356338064342,-6.940995060420708,-16.41985545727374,0.0713256043499775,17.711865548804017
2008,19.606131706377898,27.91858406515561,-0.283659709824805,-1.0501494721614284,26.381495713244497,16.18771224023698,30.26950602917234,31.70119474208359,-7.759073528764151,3.206731674825283,5.502487129699795,-17.238254237626563,3.3721435369395327,12.093579827845074
2009,32.62969186145834,54.77255002405464,14.884865377090568,11.630750128729007,42.84981670257829,34.77455169071331,19.579594254341174,29.00638252926738,3.906681965807443,10.665911107803009,1.933870132399523,-14.669139736139268,6.59377394267709,5.949641567094549
2010,33.57518887569951,53.027965442454665,6.6157138340226,9.98293018680068,28.735660077620906,31.49534767097773,21.26891343286037,39.734238623454615,-3.9940112382019533,5.8295590610224535,3.9678099065143835,-27.11651627302278,-12.679666477245506,-12.577674222942813
2011,87.69391854881388,103.39070398912462,37.80389933559406,28.113650447487586,47.63650775410361,57.04380715631375,29.84372100195905,56.12646144709062,11.901694474675248,19.713116132638685,21.491816995477663,3.9294144780574354,3.2658988109991185,4.9029895268238795
2012,69.11263928053035,70.24451162935135,4.2107375112845755,-3.9695560649916417,25.062397597253927,27.539574946476193,14.275527805274383,20.380455667066332,4.133304685824217,5.804092552026681,-17.867828453031624,-23.30313310683899,-26.223671456591173,-17.498015700419497
2013,80.29803408203757,67.91355924988682,19.320124124974175,32.404616807671914,19.423075879140185,31.62755698807755,15.848079339581336,18.99619267239924,9.222758648915859,-11.191120882429857,0.02511702593607179,-4.864821125429859,-21.149888133595457,-13.4496754554667
2014,59.4466676963095,65.76386083900735,27.160999348832362,43.04260576323607,18.850612072968676,40.808725019679336,18.263383861206417,28.74859128613586,9.538726247483938,8.353488709963875,-15.93101807474094,-1.3834591771933564,-18.75195309218162,-1.7643655847550526
2015,59.65851415178614,62.11859296034953,26.139298832719874,35.11443520763678,9.652296545780708,34.024704039700396,13.018215009282091,8.955850199890461,-9.78137144260139,-1.7271005383168965,20.140918628265457,-15.136488958894404,-7.882892912326805,-19.7367258292821
2016,22.224043780899436,40.252885995708,38.76104761411541,41.63247663232535,7.917653763314618,20.169291805594344,14.229742288397114,24.068177871756294,-3.6146172795341784,1.083903846308072,-13.741589230549906,-24.93014126963782,-15.171270742577528,-9.047556350405184
2017,36.36514102910106,34.690623324259334,49.88276834880108,47.667017609412696,-3.796759263247042,4.752540200040494,15.747564109173053,-3.4619059305098943,9.641657507000218,12.226275323452569,4.639231950806195,-18.690768652536434,3.1429588442668432,-4.725532823511812
2018,28.38236155458515,38.87800212189045,42.46960669442722,50.302189167759735,-2.5018505274460647,12.792139350237745,8.168480167523061,0.3235182348607751,7.579322940638332,13.212952234750821,5.971254855457523,-6.435516659012844,-4.1578069285553285,9.785749868368425
2019,27.814532464699557,24.229416328478365,49.54464244314165,42.15670602190798,1.348740819007881,7.919853832703601,-1.9563668034679935,9.82263487315588,12.209587116833005,12.811150410477826,23.25218196734992,16.315586100634448,9.4328633385711,7.048684035501944
2020,-9.975735855036355,-1.5649855706711162,36.69734695030385,47.79299217208316,5.17570981680762,13.631200377785976,-2.6002818512055614,3.4391446031704604,5.57832586746261,15.582143641422808,-13.44734948041258,27.67925384182764,-1.9593640208273488,24.378802732792334
2021,-16.866298126532747,-29.65355399357137,-11.74596415629095,-9.97713915145229,-30.005274872550128,-33.227026994227614,-22.941590085142654,-31.72031092553825,-3.0458794584510547,0.42856189159905567,-63.72890787206854,-3.56786055814117,-17.522740943178345,-1.4824788734380325
2022,34.497851092988135,23.825140319445087,33.19413446051863,45.233686858955785,0.10248005601791854,13.839555072322986,6.251695295300886,31.62698941928478,-6.467264055258714,11.875095354213556,-58.74650623291818,24.622668711632024,-27.258500968485514,20.099346486102657
2023,33.801881271836365,19.990809788277904,21.918683395483274,29.373710385594322,4.6098192606641994,20.505969366346278,10.101861456807779,22.498313171326878,5.100813927335547,2.900620251419258,-51.24884274086567,28.44568651064193,-40.48574350168326,-2.829460079283228
2024,-5.113796493208183,-26.804906955244,26.516355426277016,2.0417406181865623,1.2178102453965955,0.643044908314448,1.5803033757972906,25.24765244870898,-21.56333952377774,-5.367258941465175,-53.23547941602934,16.67579774591291,-48.4758376975775,-6.514554322943874
2025,-23.485205327284955,-49.42336290725399,-4.534881791104863,-17.771440874224368,-20.578859741670307,-17.488094510882828,6.011295876779504,3.41814697822029,-17.262203256937013,1.1096541215142866,-53.89064528976526,-7.549177192788869,-46.872079054682374,-9.045342607149458
2026,-41.97415163176733,-64.6686621195554,-3.7502913202714123,-16.796095638037674,-18.938143522875368,-25.814425714929445,-6.9669812576509385,6.71432270710329,-7.7122649239167815,-2.547965516119167,-54.30983412834247,-12.164302444631355,-42.54350564518325,-8.608415662210751
2027,-32.01245704366579,-52.980706977355844,-21.346603367824894,-24.116542941661795,-20.172927430050546,-27.651941414077807,-29.61507089451925,-13.703853500280601,0.6246943364552102,21.23374010259669,-47.84204499340164,-18.178862425600485,-39.17918718972024,-2.480904218482985
2028,-35.12674518547993,-54.0463524505766,-28.53735484627219,-34.3937931451808,-36.380621950826516,-32.496931699424096,-40.32253624244493,-40.289022844269965,-3.341925171903934,12.79455025704252,-57.8205322133428,-23.611815618101602,-43.754662329711856,6.498740331489879
2029,-25.639226333661206,-46.38843401046209,-44.178657634108504,-36.78322444767718,-45.27403049517971,-28.450265778365203,-58.76765412929985,-57.466889458088986,-8.826359315223746,7.554999888495784,-89.07215704374968,-38.98758584401895,-31.81754903864563,7.4268184599614395
2030,-31.24151400706339,-49.95211897099691,-40.69228988346317,-42.1753671833724,-49.28397043609923,-46.616865628449126,-43.47325614362321,-52.389394010094236,-31.84636575122521,-1.105305945613838,-63.26368247514234,-34.3129195748305,-31.283610117248735,14.919832944673425
2031,-14.01332905414561,-41.891056646264744,-40.32038699514806,-55.5275146116004,-48.66832743117137,-43.776163482158,-29.181315606326674,-42.069748749161676,-10.450666636805733,6.941081564227654,-33.73029238673331,-30.19779950507138,-5.648033640122678,23.40336440801228
2032,-44.075510701197445,-68.22171734891867,-28.96561310988709,-56.07070643977902,-59.21475743585603,-53.13760561102991,-28.50581218153212,-41.94701746865055,-16.641919400481886,-0.07475604607180308,-57.24622289805528,-42.259816092109034,-10.340954528660596,10.273505993954261
2033,-35.852979185056356,-42.89756660526619,-20.389182872690927,-42.70599545657833,-46.81079180712928,-38.554899779373734,-21.022653682010887,-26.163964813940233,-15.01119362736956,-2.867587529181324,-37.967891939789624,-33.926857115290815,19.2590898494083,12.204366274199641
2034,-21.98566742541866,-32.86627207030118,-31.867807820810725,-20.58598389740478,-23.202913088686923,-26.600873881442755,-24.01638154163222,-12.063889156861043,1.044141341044001,13.470082679660727,-24.90754343798184,-13.477558946840102,14.762952356816125,14.687215713868731
2035,-19.631209733963512,-28.64125636947125,-18.608511065356833,-24.7608828402905,-23.752017420037895,-14.215380220265322,-21.901268846409923,3.3762684179404134,5.707768511374766,15.223700146953728,7.376943610846566,1.5363203707168696,22.7806490984621,26.72712877802144
2036,6.85018360766001,6.2534522233494885,-1.3941365473357876,-6.329086936988997,7.356502466325917,12.032667792917417,7.061525173019651,19.553066106838024,3.907642002347735,11.293547995315446,31.475354587528994,18.45967813796404,27.00322923002688,27.617680314006137
2037,-4.0755818322260975,3.4040731832853424,-3.5604359698454924,-12.00060371331901,7.4082699585299245,17.966263706723574,6.296453204563341,9.316456301288719,-9.37703747477884,-8.06884699353902,34.783466675386876,22.40966742688585,22.2621197847386,8.716782328213318
2038,24.088518861312416,25.052725061580052,-3.4826878182365184,2.685629215055561,28.55445607717082,30.992287538498037,-1.5988681119119812,-9.044765576202924,1.8351021557960514,1.190214440059932,30.76834604162805,23.63651342735287,22.409685392131095,10.90342253277175
2039,6.294447584455524,2.9742244271819414,-15.409971968033375,-13.946979987776295,12.918720290216514,17.95668726182777,4.067247237685179,-0.29166076902903626,-3.0929506163519793,-19.337614064083976,-3.8012317089335212,6.502804626302858,13.779094213921287,-2.594700025966283
2040,18.312057930419126,10.672193493248383,-18.78163555894905,-11.633397560724815,21.18252726483913,21.65278525206248,4.1083242659523025,10.924248004400997,-12.52566900040289,-3.885406167693624,-24.30621954512428,1.7881045732609517,2.4604535075905414,-5.864525547300585
2041,-13.541648637404869,-7.922508554170886,-9.976874115597733,-14.86848892089503,6.416080704912028,1.7200916789541,2.88807210042026,-1.8495850893753805,-7.2317520901856644,-5.081207225761583,-35.02968631387469,-4.332490032909417,0.8807230591563349,-14.047631191794483
2042,-14.58596068286456,-13.293233549486287,-20.279614994560635,-17.618120232551107,13.8074994916599,-3.0284380482873026,-0.5979841168339978,4.983028400193566,0.71798930973433,-5.101664702530221,-63.2363963553305,-14.5710426985892,-17.460338830136628,-19.254096257512916
2043,1.2664648145241304,7.824441069283278,2.0676505548763697,5.021777176735036,37.62145216868005,7.4193723941927,42.51600792379612,45.61873141690951,3.686406564460978,14.705227327726597,-10.93701477672814,11.336866969137981,2.68135423315132,8.774447864696107
2044,28.970347160903444,14.380598931652642,7.049826368076993,5.102721297689597,32.33278288511567,17.197094452051804,47.42452747778385,73.3856025358955,10.574300128835405,5.334350712169847,-7.426300860398547,27.20310845468377,4.494314998747225,20.29356409318236
2045,30.557215653380595,37.59819535523734,18.930555036017648,8.357744915548011,50.547226269183724,43.83167810738319,64.1269098856919,95.20068996404464,8.58113258353157,20.002691040405107,28.50221671657347,44.65000033301621,-0.3484088220818199,14.817584873307505
2046,44.142379934894755,43.98996776876508,4.940287361319804,1.6054937648761003,64.11721847058072,55.78358789367728,52.95710052846027,95.84973721906142,6.27399471156835,17.609769944431424,46.54619042011483,49.99823292220945,-6.290350810795818,8.566500757718098
2047,25.0418014505388,25.726362957165335,3.8017290358955407,-1.52643367540353,46.29310288543092,39.14207491943895,42.03716013700598,85.65334968836865,0.7154723890866995,-17.667340513543607,46.0687182707952,46.42894609298548,-7.000391334926201,-6.798103736127407
2048,31.42843907282148,34.40391340493493,1.1470277700770373,2.811376955178442,31.194178327373137,31.05434379453323,34.73014630226898,62.507007563830044,-3.4038893924226605,15.68661175211567,63.71220370756721,46.847257064069915,-23.482432741415206,-11.226616365520492
2049,13.502977904128421,18.32033303319437,4.582603152292204,-12.361023721636483,19.050547422833173,13.994443494503118,11.38607569459327,31.77324689572125,-11.691824985531268,-1.5452504139550598,38.48478697066263,16.981734456602272,-19.77207032579099,-16.920128603677885
2050,10.848949164398809,15.906149495915784,-0.9403838377138332,-4.166665195069196,21.87791159967904,21.60137914309834,16.927107889964,24.293076709779747,-23.277036815347405,-4.003987774952927,33.24355890456525,2.4717256471924185,-20.31922446056217,-14.945693171632684
2051,17.30092961756507,5.815972619423535,-6.693890563522136,-12.144744602065291,10.547131146196108,7.260936863541554,23.317056168429342,33.29295627902151,-33.34955287016447,2.98718474741929,-6.812888871516445,-38.89761402443032,-36.46977693626456,-31.080542299385876
2052,30.329462592966408,36.96104025080054,7.65756041756008,8.197140918540615,28.074768437132867,33.90553951637735,34.128080865486965,37.827760006291676,-34.231030302802644,3.836819144628266,12.555008803994207,-36.23810181085136,-24.694456507230004,-33.17222782214086
2053,52.34650894458707,40.688201681444944,2.1403676804472807,1.6658128563274,38.351052428859404,40.375434712606314,36.48554682564403,40.08283270884649,-19.998839567368762,-22.28078294046774,14.469714673970952,-32.720411164714776,-25.20257624242067,-45.04775948102322
2054,56.02560403309182,43.42659248841372,32.82054465873133,19.2931393239812,38.77796096540564,44.478533658600874,20.02503053850288,43.99455851267034,0.07567489903639668,-0.2197460167186427,24.341895841258857,-39.02916422740983,-11.91370399201615,-47.77268672268649
2055,44.865364300749604,48.7565892951926,19.256702264501683,9.63580660632803,41.94462972186905,44.38734547114153,10.736966459304833,24.88379036801338,-10.625224801285903,-3.926247241282841,15.582500267852717,-42.433778296640924,-20.36359007626256,-49.0111453518286
2056,34.091176989949254,25.584554283142584,-7.761577451630752,-16.610398530334145,17.474118867492813,15.801101424958583,-0.4395287179935323,12.87883429361089,-12.519902120417262,-5.209608082964593,29.294989788296967,-55.05588750130975,-15.003292094879193,-46.65102067307253
2057,6.410068986125179,2.9122709963654403,-5.604563532541314,4.7233872278753575,17.98639970357862,29.09575623646987,1.945940135808272,26.85526219905782,-18.69353486236047,-31.51975383219584,23.502029771481187,-27.973405987081232,-7.375775032002901,-31.760161556460652
2058,-11.568966380282305,-18.860319486327157,-15.629631508419706,-6.177448380774244,11.541334638295021,-5.064958262165917,-4.609850711950044,0.4609035131459834,10.540015880780095,-7.145397840894628,31.427998506531086,-31.653495591312875,-3.5265776706436918,-37.22627102851167
2059,-28.952630976618632,-33.556395839394334,-20.05479390798366,-24.597189461185422,5.674479553161191,-18.55116911994048,-12.02073071459932,-13.77839907199675,-0.8350463720620839,6.0979294251580916,21.75631856883897,-38.925632963368095,9.88987955495384,-29.131367923406245
2060,-19.573625052587367,-18.802315671289826,-8.249805130001944,-12.963969311175404,1.5181063690928598,-20.648272637802016,2.5103143406736814,-9.75668964608302,8.961800671642079,5.8619673074839955,37.61811139781841,-16.001479361485362,7.7884046564893765,-11.880045502338708
2061,-24.424946797979125,-40.58444663044868,-25.392846710279514,-29.880277226290847,-4.089257602565462,-22.124110186677246,-3.5599030845244806,-10.942335626612302,3.427574560193294,1.2010295669949898,32.8534718331357,-12.797037797467103,5.015510472188103,-17.799533403854372
2062,-14.348271974141474,-12.70278061058066,-5.353005492888389,-13.583008830768023,18.1917965035622,-1.74583598356997,24.348905902575325,16.274983715291235,11.074590056232866,-16.504109475291965,49.43048322094731,0.21298158227852404,16.074002451126265,-20.13583335725675
2063,-29.322779584233178,-32.35732804026536,-7.3762230448148784,-20.73387131461732,24.547037557172295,13.64666219207085,14.349619691006755,29.141593288605947,16.126902575692174,7.5501636363273805,24.665480036098796,6.336973604007978,-3.743134062806402,-22.39369732349387
2064,-23.181599682107233,-23.3400553550999,-27.070015918904073,-30.745502989775236,28.680617781665692,12.044112445793843,9.898994910320539,24.39123801655119,-1.4781279244796863,9.64310005112847,17.43761662181175,1.4800143146877833,-16.049672807546077,-18.170861197727334
2065,-8.78416670920464,-8.210847666566925,-3.7757670113477615,-22.17016572667941,54.04791861202393,23.647445385531316,31.41410616052492,44.86172371755871,-4.5779771984036435,-4.253043359319152,23.88902208019727,22.213927204940617,-24.707779888122428,-26.10519454104207
2066,-14.003990984979136,-2.681384914857377,3.8546863338455175,-7.540101774659586,63.70403184379036,46.919516450976914,27.357551820974447,61.03030025656926,-10.072696160962208,16.537443553688327,8.498858514835662,15.576030144068518,-46.03733688687855,-30.54232914939547
2067,-16.777115160879383,-3.337412776263321,-4.80973854119915,-14.89785184002197,58.821190888388045,45.88263264832798,48.10199597934463,76.76441905248203,-22.79037915967942,0.4228394461890532,-8.599191754620115,13.292606907576292,-51.40070141590312,-33.292183355540004
2068,-8.851736057007189,5.905549603400696,6.733751645083619,1.683940558196007,68.09822331578708,59.60453447272128,57.56544444882531,94.86768697966677,-30.786328152730277,-4.565172761406219,-12.807844479873811,5.583804946599759,-69.06339239060604,-40.99370686937962
2069,21.18357134534912,32.3328117563521,16.837003265097824,24.15148726416642,65.93658923710045,56.92391343705877,74.71340340696906,113.8686100848511,-9.668251324970145,0.5365646431152067,13.71535782230137,7.063361684859848,-47.007011194584756,-27.44249272906702
2070,75.8525703716673,81.46723619799033,49.60238285130274,53.116550440647785,63.49121651353274,71.06535175613763,70.07759626695857,95.41616484378879,-18.41572650359465,4.805727394369116,42.72092214041587,10.380942392398891,-16.426892538744394,-22.85566992716587
2071,96.39441147429665,105.72695076837947,91.48952263629435,102.59187553614015,58.162605508697645,68.25486182872794,68.89356550779198,95.95108889664706,-17.869139848162902,5.133810834564713,45.4428349857307,1.680296112790155,7.107087123765108,12.77750741622042
2072,123.60370218483263,134.68976950714588,81.15083238344495,118.02090387206245,52.20351024716749,57.71264615498608,40.62522821509929,62.592896880112185,-2.8776908978087987,1.38437322495467,44.84477930203332,4.088345678344884,14.597557954349913,9.863409488298498
2073,114.96373603403077,128.10151767667776,95.78878133165595,140.2648248934136,45.180746162591895,49.052392386299275,47.93651402188798,48.95729025355686,4.3162114560034475,-13.062620015729339,22.68254402716012,-2.9653037170898844,28.835577288520906,2.488481112415364
2074,124.67038504165379,139.11849076013263,110.7709757280291,148.77805341713096,43.8201731413041,60.587543666540014,47.25521750489275,55.45292502860332,17.044588355198112,1.1243943353295913,6.84302461879715,23.105073690776248,32.27213785889174,26.1589674582381
2075,89.64825295455222,102.29740230213167,95.29558685289915,127.76137596838815,17.203722270967006,28.311873002946715,40.55294545872469,49.85405749142622,-5.486468974155941,-2.1586401110392615,-2.445115800748148,12.551944249138096,23.954906789956333,19.798654353760558
2076,97.74253475398369,112.09334652844072,77.88636450155876,115.43582864960482,17.342523291017322,30.821444320162726,31.165324553560346,45.15920696230732,4.942185045198013,26.48766929327312,-5.14445752889938,6.059736772929325,22.104403149518397,17.985573364949555
2077,57.56018735025444,48.623943901197514,61.645733918170116,88.62438902464066,15.719142353757297,28.364122555205988,25.35977841296491,40.34509782859337,2.8724394993228457,-3.680193257526885,-28.297650001932226,6.161912153644662,5.792183206139332,11.485762556587215
2078,63.34979227017564,56.12773380477651,58.886398522495796,63.96402723239656,29.49408423266089,18.964025701122495,42.078968240584004,42.260979470322944,6.986308017571335,-10.674904896171356,4.430085125833827,4.987736782547365,15.46137774727665,5.724644025444507
2079,4.2472825891461214,-3.3491267379842418,25.629048871286972,19.032864055659402,5.4594033763042855,-2.2719870399222275,36.35979219369864,33.53562570002157,0.17240122251668577,0.1708892605011687,2.766238264175678,-5.372154547023535,-5.449561281406023,-0.7399136083637313
2080,-39.743368678141536,-41.74556185054745,8.761959064016926,-22.52974889131668,-17.75007555596255,-24.61508732187919,21.63915169398654,8.827055924883002,-15.58948579824344,-9.900954949035038,-17.73347061086687,-36.501267506520335,0.9828597049152172,-19.17623890490697
2081,-42.47172014830633,-65.0445992752331,-50.97908359379278,-41.867899346185425,-25.527008413503594,-32.253087763726406,3.574502251239786,-6.336462019516044,7.189251373828952,-18.708471148132958,-3.1416894601505123,-33.96351179205011,27.28377112256834,-12.961105254428594
2082,-88.81967726514262,-92.03907051210622,-62.85780304362581,-81.684215976709,-34.346829587752836,-59.947104310156746,-8.548854102414625,-12.548967450583635,-2.8317732581004122,-4.405454023076049,5.909400812129876,-10.513468219095827,19.635906524340548,15.050612115145464
2083,-58.848520413902115,-71.8999475595607,-47.00910543213496,-67.23540434915799,-33.26589990057087,-44.6627328241774,-21.235849487465167,-39.46367107916434,4.752339963190261,-1.3001576293960433,-25.71098563724536,-11.9537155793005,21.885997041162508,24.677046276593035
2084,-43.62297386781269,-53.8530864847533,-39.4262571068014,-51.801995091015634,-27.655742302559833,-26.8371903799319,-24.97459994230117,-32.38006076542916,3.016493579255421,13.29588809871529,-44.85028292851409,-2.9554813360353953,6.548748311940252,29.677871549153863
2085,-36.637200730567805,-44.552051780550194,-50.32213965896736,-67.84311235865995,-19.63845140043895,-29.930557368747518,-25.744576891822486,-40.99869712836694,-0.5283197550082038,2.9162804564013896,-36.71437689555119,0.5404709589827503,-3.322572274031858,28.381421020923923
2086,-63.33340565700051,-67.67236943397882,-63.32503289504492,-80.4139280495163,-40.252772326694995,-46.32256257625556,-45.47177824972061,-47.54690755256187,-4.9175801978757425,14.84179635092808,-75.89968145465596,-23.959311504009477,-18.153263565130757,18.855942347960276
2087,-74.02099104138445,-89.43963545177147,-93.20041962378282,-108.01318978539828,-55.23071250611456,-69.7057535592352,-59.30280750627827,-91.06902194403581,-5.6687271805405794,6.4734130284141855,-97.56337941843054,-58.56147550843218,-33.0385594912608,3.527963102666158
2088,-69.78126799831155,-70.2324119407422,-64.1252744289331,-80.61230968521079,-50.10476057308298,-74.85777804272084,-55.05228882814462,-74.57466273168575,-3.5637249323307567,2.1143457843275506,-83.96736739740041,-41.494949504897335,-25.55475783070046,13.137671206252021
2089,-35.66264200876962,-37.36310055696448,-57.31425836138026,-79.59756445077308,-47.13176164531453,-65.33892461679902,-56.61659895750485,-94.21689404830619,-13.019092980426999,7.92870370368313,-77.2993748690321,-50.334121779848,-35.05235495543467,-4.548135285017096
2090,-17.15611171264446,-29.36907924616473,-29.266550552275433,-51.67496479787212,-52.02751056255722,-59.395081218904,-43.538308518370805,-77.87881849941985,6.58697092946768,12.877964489449356,-83.11377836703647,-51.081294715385575,-27.505333857948504,-1.7055658243034997
2091,-6.34596478822243,-31.198626675276383,-31.05522648492817,-45.237366518692234,-52.96736203209117,-61.327255191535336,-56.86864970133672,-86.8957054515969,-21.40862305099736,-9.090075206354946,-75.38785554174333,-50.113831277829014,-43.27470827628186,-28.438457658636626
2092,-10.103901930211052,-35.9171327640764,-25.46653662409849,-28.579687952789214,-34.519226905747864,-45.31031227047127,-46.896114132915635,-50.70203479503863,-19.332848898730976,-19.673816123708136,-50.62141740973831,-38.90952906556402,-28.901921973263093,-19.559308618371322
2093,-43.46951344839897,-65.68522830515263,-40.6178626126598,-41.58942027331393,-53.37515992954917,-63.47738246439213,-56.77234136535167,-77.80651682892437,-30.092450943526984,-2.422212811109662,-69.53526526936557,-52.48278322624364,-29.121004572049234,-34.39872121911648
2094,-39.022740909032855,-63.99413668321917,-14.258077965089655,-33.12615589207913,-45.40358013099866,-46.46863220198406,-52.2280331880446,-59.080742549668074,-16.36166406626558,-23.11997210851787,-67.58865624436798,-46.765701318345606,-23.889701113222035,-23.023043522979307
2095,-47.149626797794426,-57.759772702682525,-22.72365558981483,-26.40107265088926,-46.753454205662734,-46.25009529236001,-44.1884478168196,-56.32271129823913,-10.681585422040222,-8.93558760614585,-61.96341811713363,-30.466989801946227,-12.954264960907,-9.025188261962548
2096,-37.189381447266484,-30.142683745071082,7.034856205621195,-21.208212236374347,-24.914616277399013,-34.643266205892914,-15.598847594442702,-27.607329495224896,-1.2668282051810824,5.578058602218341,-48.69208449546983,-12.251287414554591,-8.97892956325572,8.83962907091665
2097,-18.9378609999595,-16.36191471678735,-3.688179885103041,8.127285210268631,-20.18470518572648,-13.55148321619059,-23.047223350524263,-3.978470980258199,3.34876754451588,1.9007955155090803,-7.044118749709087,5.068333825100139,21.489692832073477,13.591187265702143
2098,6.77883711935104,5.4245827031962115,2.9620579299412775,10.482951303937387,6.0112159996647305,6.481391061104157,-0.5225005025872456,10.662677305078834,11.410188030048863,23.57287401898548,0.7986938261116157,27.088640817516957,24.259906419889,28.224171316835907
2099,-0.9937587949218253,2.329250994671993,12.398755646977806,16.41566688740904,11.115041665650507,22.657852079988317,-4.882789818160183,21.673681521379795,20.07738867203521,-3.102132318355119,18.045193912622448,42.88650923322227,42.36919007003725,34.40649963683086
2100,8.106870910889771,-1.3105202494857622,21.280755108213512,19.61752396884367,20.118624426095497,26.773544569463382,3.4721968303684503,34.62223155263134,24.75655700018559,1.1553694240806136,13.39030587222328,41.86295512241907,38.39367420286447,42.337267008094386
2101,-2.4309963332653752,-15.25362470589034,4.2238089850995335,22.97012046271355,3.024700072583032,-8.143537847619974,8.34862987696454,5.196916302987603,11.997501851263523,2.635616258931599,-4.072863707963748,6.43642516893181,15.961079150121893,13.384092588283865
2102,25.919449107368095,21.45030556816446,26.399319509245846,19.51557534001055,6.672438140609057,1.8922568367396835,24.106616002268506,17.509173716801435,21.423181897961218,7.070657356439565,9.750593518442223,9.8650968029592,28.55042687859996,21.251494157252466
2103,20.81126845785076,9.461774175743614,9.076253187301356,18.966832027934853,-0.871596315760025,-4.583480213983779,8.326958752854056,-7.872664219789634,8.477134281912624,-4.354533354386849,-24.252599691005727,-18.93189884772569,-13.65487640443912,-22.916547061232947
2104,44.322247261017694,39.1764999024112,19.02032255503423,25.51149037985014,-3.242705022603185,3.6150767052636468,8.791504942437372,0.7879365513315129,-2.3710674194338606,6.7577555818027,3.84548101478807,-9.382773921202324,16.048504820652532,6.6833985201101935
2105,28.958836306338178,29.516460927850012,21.181974473534392,22.867669721467333,0.0060138918184405865,0.43651863486869963,13.035318827632796,2.7393425698396454,-0.8458666438751147,7.698132946315522,-18.22060772556154,-29.328992770205602,-1.3226069973105488,1.1052481733030055
2106,25.96328028089047,38.9007543294553,29.451111418551296,39.20897279708181,-14.871327863541268,-3.628050377920576,7.875029108301384,-9.652722566356431,-13.629037753391176,-1.2931920108414543,-1.675128036016857,-28.98473258037316,3.979441050332036,-3.1353908640614723
2107,46.152140156569324,66.81922801050663,37.13801357145257,45.64559129094137,1.9331857635709289,15.220805371930144,18.90371455641941,8.674948947466417,-7.592031059819231,-4.018526447245316,5.461770827603498,-12.475217258341477,6.193190716412834,-4.260246090938105
2108,56.36763815247061,92.14905361982764,56.88419978408256,76.24852588683946,5.680656007635428,14.745323292461055,12.896150719897165,14.920903947571986,-6.698635188027552,1.6582049609468577,34.62619640789017,1.9403204815708759,14.841109779652811,14.877447157819063
2109,85.4683742252193,110.7437721576255,74.79160881631306,82.04344030780214,19.157605722460104,32.525970089552104,30.361233805131313,31.34741983175901,-14.243641706054136,10.489896139868142,26.29407568589371,16.733721485491913,12.003307117610692,19.696416088740058
2110,78.80088580044348,107.69567661556613,77.92386469922896,89.1860779186846,21.234426934833046,37.33806920181089,19.767309760775703,39.08652467998923,-0.7923850083358536,1.380227064630681,30.134575946948328,29.09199703415709,11.56010171622443,36.929394987163
2111,84.84608788236811,116.34355766495537,77.60103120157667,79.90828783823493,28.69406531751833,36.034448900096876,22.559999993424235,38.38274455621628,-8.91457207029057,-10.927938948050292,25.41510418155753,32.01617980010715,17.616737072843833,33.98724584273165
2112,72.47322590411927,101.34418693694141,88.22711291253279,90.14230525531755,35.051763291018155,53.45239919111568,40.526040692479626,59.08867443174372,-4.529625750528694,-0.9880043856953633,30.91714716515531,38.99238687496315,25.767843437220353,34.777368175665416
2113,40.10709153582569,67.12134498101244,59.970276808737594,83.48944380156071,12.90794391457896,30.08058532151216,22.387087056815574,33.35925367641846,-11.803523014544538,-14.514022216805635,-2.739822928757622,30.783482349139963,19.695520312247897,44.96336008421027
2114,70.40037942946033,78.98413512767867,72.99730563422193,82.92956007323451,25.193326237227375,35.161732393082204,29.556718813128317,41.241367469651365,3.7775801829754236,0.3918198262386685,32.33459452602032,44.52010802669214,27.44311474485863,37.57907081910782
2115,53.58521092849605,72.88091543816174,70.20079693952037,71.35857856135557,18.417809544479894,31.427479967051404,18.902542658718186,38.81375226256672,2.7504918354352283,-3.095768777375755,36.346193824533145,41.88864687982335,30.400595711152942,50.575835570318766
2116,57.593594488435215,61.58772268312002,48.2721213482021,44.00354960331233,20.51429159248916,29.97284001604158,24.497676318334292,25.22954138226526,0.024091217159261546,7.316510697779259,51.9453381856094,45.901972682083205,33.73500865777446,40.89876104306263
2117,16.262550013297894,13.123091167567246,25.586042251364745,14.77784556229199,4.276757562716071,19.124916299040688,7.467181296606856,15.501798295306495,3.313960983731343,15.931416753662713,48.41025349951681,40.341965277621675,41.011912319763,53.917182287612675
2118,-1.6512338272703089,-10.472436967196469,-11.579702112761213,-20.253210322457285,-5.361769936059591,-2.684947049086197,-4.021132623802907,-8.099189108599276,16.90913864884681,0.07115638706386829,36.00672363309337,32.47434082137345,33.370631340222886,54.942083616853715
2119,-10.496112504130416,-25.86597732485749,-24.450930491525273,-22.26462318401377,-9.707382260105963,-7.6371366710849005,-4.4760413662313665,-14.046370972376627,7.596568307710567,4.2699295062900475,34.624094349506166,35.15566188460241,32.54616410685792,49.69785022475843
2120,-12.315576824925415,-11.461235660651788,-31.267017212741298,-34.558818380812774,-19.26036751719974,-5.45190661572368,-17.078451136180238,-20.22911172253534,9.874159648970245,22.52732581002919,28.52113644518216,35.59638932647603,17.714515033187702,37.42232810525359
2121,-23.20242678554702,-33.94183332828949,-43.586169198860865,-51.961186406835466,-22.750747292949068,-19.086119221105417,-27.073130014616005,-24.14738360675879,5.463762483208089,26.028506556536435,0.557923876107298,8.683470758465164,7.909881184861424,15.015589598919568
2122,-25.532271739734558,-27.14097938462767,-27.033890663588423,-35.595016630285826,-16.234289299372136,-20.29956760368287,-22.67191360810772,-37.985122763576456,8.09928415605257,0.8491813691926231,-9.0017473094664,17.98651723406,11.696147696720987,23.187980568568246
2123,-21.21468117011819,-32.50385667603369,-20.199775388153615,-30.53822008924257,-9.40587934031871,-24.73886000718358,-10.873071446117933,-22.054413909395475,16.164267327443998,-5.375887085074869,0.039057594953792574,-4.732672275283196,8.17786965581979,10.541790468127232
2124,-20.584298216667953,-21.73352649818638,-0.6195276458439918,-16.422656157218185,1.6539044578818891,-8.769409310972922,-5.086312402834961,-1.2876326613534181,-2.197221762146064,-3.9359890977797956,7.589750137090007,4.293288215786695,12.358554156008429,13.367989504593574
2125,-7.362319847517252,-14.925458253056597,-11.287821978441931,-12.70789055269035,8.220999091107107,13.120822978346393,1.9155244542335654,8.566613181772945,-11.72586079880952,-3.017144215734544,14.091978349223458,4.457736714805929,-1.3675940191635894,6.713657233794458
2126,4.944888187559433,2.91058329510661,15.167878722402238,17.62109419766018,35.912720899557826,22.220199466797947,18.42980656317806,40.41959072699423,-0.07620487731047436,0.03132988874602738,5.211729333868368,1.3808539473074275,-1.089489185087057,-4.1912320375595735
2127,-3.44799514352294,5.901945605638864,-15.928477632727317,-14.302267802680747,37.00902182597803,17.745233867486508,17.642786610732376,24.793702451541,-9.606228777468814,13.096173757919253,-2.423103271886075,2.7029464544540733,-16.798117377340226,7.5909617709510515
2128,-20.149634374227837,-16.46534243570248,-9.720990556580293,-14.031660315522734,39.30951786881774,-0.40327730861261607,2.3208646305826934,19.17348327251516,-1.8733265481909787,8.42716594724121,3.7970823565027882,-8.414645668145381,-2.4876900064560563,-4.25794177551726
2129,-15.068176314399429,-15.00913404603007,-21.724202500337928,-19.49975949979514,28.38966531626014,-21.17582210514953,-3.6776190220285345,2.5104690827127856,-10.201680710267821,21.306910504286634,-3.044624772032035,5.32935982990834,-8.915793467768658,12.65924267126432
2130,-33.23671909481581,-42.149265497607196,-28.19335302637859,-13.169330359651639,4.592222538704844,-29.552920974781625,-6.992920695849812,-7.701622674614282,-0.2378481241735857,9.396950005238129,-4.349154863719631,-5.514337441973955,14.72829274430995,11.633507534473162
2131,-32.58555789883141,-46.5526629376915,-35.58299010031863,-38.466436243387676,-13.631605215495448,-39.10959341609232,-15.033046028528684,-20.535799038380283,-4.900313309640251,-2.3996200540829506,-13.636388770302514,-15.115899322334299,4.228992628533858,1.9932846251337673
2132,-26.93711605662613,-32.12691171898304,-29.430471531555657,-33.31957028135905,-14.132525059207858,-28.49394923848043,-17.173950425312473,-29.2874840335224,4.862615717800558,19.129528280242738,-12.176031391596918,-31.29033745999199,19.620942388037,4.039046651184151
2133,-3.757700904969676,-12.524075298288684,-1.7624027751264695,4.020541776197476,7.757404464782742,-2.750951841236407,15.335987703084072,20.41387370404911,7.363533780449522,2.125574346974805,6.070150241547234,-21.562690394815647,33.147825959274265,-4.103011226219953
2134,2.630685372726888,4.530557484583705,-11.848845487175197,0.2167454189515443,9.077813004381364,15.494565241397384,8.854395959566775,4.945768471444405,4.884817497040494,5.747608764266384,12.69965263245469,-13.895494522673062,11.839249990904305,-0.7267191104150948
2135,-3.2936281873373803,-5.398056931306343,-2.0922159388497783,-1.0550699274059672,9.481438326160522,9.869828304540903,5.194055761508183,3.710078235348958,3.260078217113513,-1.053171722762328,8.30124328350098,-13.430110736742582,11.109588259919601,-18.1558028707728
2136,10.578943693450695,7.891625168477784,-12.127094875046259,-22.017920967923587,13.760779288935705,10.868570896233939,0.24570954761678626,-4.792360151828744,13.943827232336114,4.647135067266483,-5.418139992299345,-20.115379215977274,0.9274105555948029,-20.74573494550208
2137,-1.4187416682145317,-11.522251541116018,-12.04255192693111,-7.634637800044093,17.006683177354862,8.657173776452952,4.2979451039207195,8.835400016637502,-3.7560624039150325,3.2485608355195574,-9.983289846494738,-41.257457782909356,11.918974361139881,-31.23901022279881
2138,10.688306015627175,-6.0974532387497264,-11.285540512680685,-8.84897715984427,15.138696810286252,15.192911876448047,-0.46366408066571346,2.892272674757175,3.285340940559534,6.216769233454071,-14.212577861079907,-40.03492981656064,4.90773932275743,-18.035388811250378
2139,-27.5464353468613,-35.20232281192251,2.3622348461200526,6.546415694224941,8.138425027783256,-3.1132627154791663,5.810739542256752,0.7905061766727853,4.434831436219391,1.297760206250775,-2.9091305861195034,-50.23832283813881,9.731845323424995,-22.204120832677713
2140,11.131743017908747,8.05505920280956,12.999210424036852,5.775967643140806,16.008773648406198,11.265296314332986,20.02185201455672,13.547724306134052,1.4945333093142388,6.095613362835985,15.054022569671874,-18.169521283471518,12.698434475026023,-7.738392201368049
2141,-1.0364265687088545,-10.36430675944581,-11.730221077314964,-7.81570651280118,14.25545624908225,-14.97253549098667,21.849044824578073,-1.6870046243825747,-1.6471808889429205,-17.13192456152471,-5.936248413736787,-37.0973534899235,-15.743547722132181,-17.812757564038364
2142,23.42318691120949,4.409497947782175,-1.0818743050775337,-5.890544865553899,8.343964739166566,-20.46073345200453,34.35868460672133,17.83709396152954,-10.924805194744375,-19.977075060771924,17.171484233983588,-25.233413695334516,-2.2085513670940333,-23.750494850927783
2143,12.99372820988073,-5.547030264040857,-23.38876295980582,-20.684845062547957,4.397570471988593,-31.865653871873544,34.278070398821015,3.169870974281339,-6.6952969037991705,-21.09444607588418,23.790690325480625,-19.113906389059114,-4.771607479809515,-16.582355969549123
2144,22.894621924491304,7.243626804237607,-15.235915181732203,-6.0591381653296175,3.388164312375027,-18.6677158164508,22.17431820551437,11.22695406415613,2.947454566037285,3.7503984183514385,37.64073273072371,-5.254693422184243,10.82050521860807,-21.24266871336437
2145,6.21078633233981,-11.730419804345145,-28.018097150313793,-22.540826785720913,0.5003073509235494,-16.5382192832048,7.952030542189435,8.159132384520596,-1.8725317200762872,2.0024745144631897,28.293739499765508,-3.9158498516042246,1.6455176752324432,-14.105532634833388
2146,-5.307797190137124,-25.676491603759676,-43.343190113811374,-35.806006170672006,-4.167295792317142,-18.746900330332732,-7.0295303031667675,13.180852744387817,14.896879980463142,-0.5650157214485585,20.043102163214762,-17.449388424111103,8.067908396238748,-34.76962204075594
2147,-0.5408249914633861,-7.9485873902767175,-40.94677650955659,-24.89303204964334,0.7885559411079677,-3.300613989643194,6.862431446961196,28.6353909727144,-0.46536882230617477,-8.030682545277408,6.79754222614115,-6.310580802114352,12.457674021552332,-24.120464729814888
2148,15.75337773746313,12.608674519552064,-21.13169046790806,-14.271487584514635,11.001324408253858,9.31373580408806,6.7356515195344615,30.76124626501136,10.862737384779834,-22.42933760779931,19.514274653432157,-6.0010655962517205,29.645090004480583,-22.37754262402852
2149,29.310708503613835,11.715215096365851,-13.196075767977836,-3.790826673076193,2.2669403407785866,-1.7746015886272648,6.305052341199447,22.771127142508202,3.048629869814515,-2.3448276466603835,0.540970989683947,-11.588180121446122,11.214018756053232,-27.471663236007398
2150,30.930268285187214,3.588980949894613,-12.32983206532982,-16.77807167140787,8.50497520461224,-2.5214015039230753,13.714964604378187,21.457143031478402,3.431595937701952,-14.148477431075442,-5.7894784891495785,-3.7476814424967477,23.114925030054874,-17.655063792807105
2151,22.952087847734855,20.721832178729876,-11.72289380211985,-7.015922055029754,20.83740227928254,8.075343355205204,19.409849933107644,32.73977282955245,19.19208862733929,-14.255087104322895,13.096798433288281,5.026776143230513,27.337225266584525,-11.879777469131595
2152,2.8464438456146652,-1.7782789071731548,-26.4824642455975,-19.09923364898597,3.407722430632105,-4.644459240436157,20.23029408644781,29.33423886427999,2.5176973303157175,-4.557188805683932,-7.097156872704043,17.988881208119942,19.13730660996737,2.297423113778076
2153,4.029760823704105,11.499864120708898,-10.929246629049791,-5.868667806662943,20.26997505618513,23.263544375599814,17.15628461338874,37.00391055559594,5.8325927223312535,3.8431988073441086,9.937716623806004,20.601294824744347,16.105287743575595,3.998060745901336
2154,-21.399936659639486,-16.313254987068724,-37.00046618018949,-38.827834694174754,5.613513158382187,-2.9774028903990626,27.68735768778674,39.098637870589805,-0.15774004103918315,-0.6254052000511287,0.5631001196461147,6.6447418663134,3.683670022423337,-12.353012394146463
2155,13.510240566076128,5.732550268593148,3.540775575087507,3.752965931091412,22.367860566601028,15.38540381005519,49.23037472449011,46.07744418698327,-4.610740975129997,1.2827237571649048,29.13490852980925,8.145398789230242,4.1918913515303124,-11.398094101615023
2156,16.80259889558121,10.01882387983721,-7.327316874016758,-7.275684323443056,16.74234045951423,10.983146306340794,44.87846161177062,73.05070314371709,-11.577985311991597,-7.955808528895447,7.404966360766276,7.950886868862678,-18.013964408244753,-24.55864340751882
2157,41.029390513856555,31.210251142384024,27.956293243610265,13.516831042234106,19.544260155647056,11.09896120857853,50.82913582787959,45.76232314711062,-12.055113609362948,-4.376340192482274,20.923807549940918,-2.180123425522323,-20.548901808670223,-22.946563210363184
2158,64.47175797858955,56.359218092520905,33.62064600523418,10.153775949235843,24.379526428282215,11.259263877581585,41.30661323873226,43.75091902020143,-12.922614598488153,1.5041021641926982,32.64347872695708,-6.01618754722658,-5.743032643410367,-19.189473074964052
2159,64.25739585963771,62.57920801441334,24.54715411561202,17.627667992269984,27.484480144522195,31.536326513308946,33.41558609025922,48.704493225760594,-20.436787386327694,-15.601535131054355,32.24238490680925,-1.566017179928617,-19.759825243466516,-24.974937041557897
2160,59.70900904153976,64.61968340724567,15.165861124894603,9.595645890013763,30.46378826164917,41.79752850689772,17.940518580490096,39.53564585718831,-24.97979096015612,-8.667328254428137,36.03403411794659,-22.33007331273033,-37.888922780399966,-34.90347300360415
2161,33.485951370069074,46.514911804737885,19.016778137809663,12.678950198312794,30.46955336274672,39.60310251872119,15.929066850642188,33.8379953196457,-14.76219403855085,-13.77819899386558,19.386796422245943,-31.054507686877955,-25.788497273172954,-36.396962244043145
2162,46.52645067967786,55.25503878071153,14.445714959130084,14.18910459270984,26.319031275124846,28.24827163844467,15.207756645593761,26.763882191046225,-7.04020475879619,-1.446676430041536,14.493726642442425,-45.237279412608196,-32.21436230917006,-43.580457476179156
2163,23.276327339766777,30.638177729666182,39.04767246183433,40.75888092832734,24.202522901532483,17.699655643115932,23.114643538805783,6.44420526214908,-16.726850312006473,-9.144370646052913,8.00452505291145,-49.500977289907865,-33.826237915799894,-51.98884816163548
2164,50.95064769974063,55.0754152764417,34.208093946105286,17.971762556307663,7.869116429091308,0.9504843089497397,1.483641212157357,-5.796003162667262,-1.5540574835800722,-15.174668211565802,-7.041092486652775,-43.72547833454706,-37.06698847951982,-51.65596241139816
2165,48.43396535071508,82.07724521022396,42.72275965521703,61.083096879673484,-2.5656483966420662,-6.474009102204467,-1.324891119661725,-0.26611605837053676,-1.1547056414309222,-6.486590894173598,-24.447078231860498,-67.16064210691555,-27.745776314586514,-43.52026648274311
2166,59.601285169154124,76.748810158572,61.80088344070586,52.00706053286865,-6.267131805297209,-9.998409582188605,15.079066704688842,-0.8605731187052548,-7.322529063891626,-14.397583184438549,-23.45055600878419,-46.91305636933402,-21.997373267242338,-43.53006481685369
2167,79.32224206317363,92.21250931405413,68.60313524594747,57.561573568476845,-7.049805516239707,2.800128863433732,6.5705968162996955,0.2931939014606172,-3.5019369890143284,-9.179953622615397,-12.011795958495043,-19.664588865236258,-4.8110625141659105,-25.87529786263598
2168,55.26839925031327,70.58412071044805,38.09882495115494,57.97924923456433,-13.02146104759374,-9.390929980979847,-7.435892302061399,-14.34317144200774,2.2185474576776723,-6.944223126767779,6.670205958569499,-10.262462742536174,-6.013092970831211,-22.813876754217098
2169,44.78299263157407,58.925274120739324,47.947379338307655,34.88623291978303,-13.103338976205803,0.6478402300799334,0.2755780005417573,-1.4144047101983757,14.69390568430589,-3.8674831119247077,5.1122311425770866,8.123350639122243,-10.101879682842467,-20.38255512178852
2170,-2.506307432539936,-2.0833797185938687,16.575061224482162,26.374244614648656,-7.415897583506958,-7.193180538912007,-20.911777354670182,-19.417869027693097,-8.725382768998344,6.167430252489439,22.269893890188463,-4.481972279903559,-14.80727692885203,-22.558847998995585
2171,-5.92137147779945,-15.208256799466305,7.755298776817256,2.6490524760726535,-8.60226021030698,-5.140261395245067,-19.41709015441349,-16.03590761431866,15.932097024599273,-10.852186835022902,12.533800474402096,-1.8979211685054105,-17.903730908547413,-22.55412803675537
2172,-47.28962564990764,-46.106527310098514,12.025393960950558,3.1126369679636254,-18.719059037404378,-8.663710691448959,-48.2345548892679,-46.871482194030946,11.640946986151471,-4.802498463792522,-5.590278960228363,-5.264086299794267,-18.794832193197443,-16.108660236539453
2173,-19.50887899156802,-27.423014563311227,9.821992965253948,2.1081576815188363,-5.535891753052143,-4.913474005475025,-25.250301141902728,-30.05388466817526,9.795614499870625,16.429524701544878,14.541726707126884,-0.7183331958112862,-14.21005972282964,-14.83816071456193
2174,-31.57431098263062,-45.792144746723054,17.075307828203968,-1.56663910372197,-5.541902443009761,-16.26500775336455,-28.60498522847831,-33.0901516561026,18.758476427478936,2.3366688333548753,1.52230291142767,-16.681485524974082,0.5829152474842056,-14.101848265607403
2175,-19.23754335723155,2.3954226285688818,5.097430571628639,18.122584668857023,7.859195852115596,12.482696673317182,-8.521015111404676,1.6992980060605483,15.08828260661847,-17.074669717462903,9.83873076933391,-5.181487270699585,26.787011149553525,-9.474147287456136
2176,-27.682017650449808,-0.5035272561016018,7.395687096283147,34.09743110026619,12.001750054360514,15.24504181258247,-12.45411294958232,-3.1500407627913654,2.6508113261477,-14.361533706008085,17.341028865852223,-30.197563082824086,21.0335792685698,-27.095677438368014
2177,-30.3241320644796,-0.36329159825577273,-3.9928874819113287,35.95856382692611,3.8154769814676843,13.808399115917293,-2.2528489795520854,8.704645191580784,5.864966180697391,-11.009696910563743,-2.770491322714861,-34.900103731088855,13.53762583253915,-16.717157017575794
2178,-38.65748578390259,-17.070915630780437,-5.936884561848172,21.012977929775392,4.66511147637713,-12.211734839092859,4.640578234690265,28.162054883328004,1.5392463173439133,-6.1718079656084175,-20.32414630508199,-45.628856709219804,1.2812713855835913,-16.871696309908717
2179,-28.235572568465432,-15.049080127617358,22.379614775326775,30.22897631581086,5.709743697904444,-12.996895695027296,14.534614175656985,16.30935638856077,7.588538539226619,-1.2560373506642761,-6.085996270769657,-46.80953357515534,18.908232502845365,-24.51963608242621
2180,-35.189733856186685,-24.476844463866826,5.949567362559434,-13.704923106449915,-7.203818673945834,-33.16411092084926,3.533209226756455,24.3185877429868,3.551033664688697,-10.202307815854962,-15.312522369351615,-26.906456090053155,22.01127823679277,-0.11381674557350202
2181,-47.84681476527227,-42.61619518004067,5.0079845467278465,-8.364809071025347,-17.700835771781463,-40.22680999992481,-3.18677042098868,-33.20298797989193,13.160300641620864,-18.93455671880534,-17.25834808775715,-24.38950124066902,17.750989653143492,-1.5018249094474059
2182,-53.9430239581586,-41.26145713632522,-31.058985881049157,-40.4431451011533,-23.106206223298138,-44.38130013912254,-9.38650644217827,-34.41524391066518,-1.0313321847153307,-4.846871168828929,0.23200314231532726,-31.924546980920937,20.839630310769053,-10.150867363415314
2183,-66.69810821180478,-65.80692663471983,-35.76389449055289,-44.939042260693796,-25.20706303245061,-47.900275104214835,-14.932004850002638,-63.869740683752184,-8.358401249057849,1.3995061663948558,-5.377915539530621,-31.79500582693668,13.364196443880891,-9.146615305927936
2184,-60.54958788242012,-64.71886165018174,-47.52504289254836,-58.49596980809276,-24.304264185623886,-50.04005656869474,-22.285719893573773,-29.362664022043866,3.0684751962272223,-10.961764577660198,-23.271621308848577,-55.04723341790961,0.5783688804922893,-14.408232602269607
2185,-53.83439783918856,-46.57659299061849,-35.5527565582204,-52.449440785896996,-24.59722796882485,-43.369575909875714,-22.81894753129996,-36.848727202138924,6.918189206271009,3.230568975457369,-16.69673098348617,-59.613978171467885,9.055190093411026,-30.350861222719775
2186,-16.241566506169686,-23.52175075249276,-26.36375951894337,-43.1566919571605,-14.668376667050008,-26.60038652456796,1.5257797286430177,-23.62644539795957,16.687774001580912,-20.954509503139,-1.8966970595942798,-49.721720273944264,-0.9143991458775411,-34.34404456331761
2187,-28.410938030492375,-31.27854818660256,-28.10176769978087,-37.429967340139164,-32.665637969671394,-24.881146503163063,-17.628793606505784,-18.884034585180814,2.562978584401361,4.330192642613713,-34.02195372497772,-58.22496803775269,-26.85677536589545,-35.704963581053505
2188,10.543730786022175,-6.172350007188587,-34.50333530723467,-31.960840048467123,-20.638190862593675,-15.176567478162388,-32.760186465093774,-36.78291013949561,9.167002195859626,8.890832239536929,-9.357128085623843,-19.314069707658575,-1.0225146207108111,-18.61495521490184
2189,-17.846899543362984,-23.256557708546588,-30.771965390634488,-34.99193466145508,-13.369485925055205,-13.4802389725372,-34.58020921456487,-47.23489091271659,11.504385868892404,-6.879572747943733,-16.92421357962688,-15.599261111237139,-17.818356586548422,-15.303657943105916
2190,-37.40380288713817,-37.41792868676056,-39.59110001120391,-38.51631672680631,-28.38507048344575,-18.867570886459372,-42.962181040603824,-55.190892593369696,-1.4987393869461625,-6.501738872207568,-14.391055841126972,-28.504468867029445,-5.550188486870804,-8.942153418338235
2191,-61.887866499940145,-59.98758575781592,-43.743812498237865,-43.05813383180815,-29.449786076219304,-26.84896216811739,-44.93960316319533,-58.279791127229814,5.255923967703592,-2.191761760094033,-46.87783865910715,-39.355075420641846,-26.08497373805028,-21.79343930587559
2192,-61.79502979727009,-66.66849458531027,-42.59771221657136,-35.349896245611276,-28.522621064838546,-27.04396348941376,-44.56324213676545,-52.19269334546483,4.8073352838801675,-10.978836470015546,-59.30834203587598,-34.62033866411039,-24.120225848297974,-21.216280851491998
2193,-33.28953422843344,-45.33453373814927,-24.60482369818602,-16.114171234706625,-0.34799418867439824,-14.644012374815565,-14.165584368925021,-19.910279513213382,6.477948119568775,11.059700669405283,-45.63873615674883,-19.397388118850227,1.772566339362617,-6.588467850282931
2194,-14.465461456078991,-31.450065532669797,-42.12948842750246,-45.56394239528491,-17.079831403145388,-19.5535202403555,-26.82734936223421,-31.1692748300694,6.084094910805629,-0.3248979578246414,-17.053903766690716,1.5266534250242019,6.93055315361537,-6.394419143457397
2195,-48.828661390575185,-70.01067698758791,-44.396952128629,-58.00787507387303,-35.84866681778261,-38.01870792419205,-49.420936151125616,-52.25477241546173,-0.39463593547157494,2.65684143615872,-64.83623137144879,-24.156132565825082,-12.486323855537945,-18.2033098949487
2196,-58.462964852768565,-58.22886564285246,-33.34238096455967,-51.21696968319737,-42.03475008263238,-38.92615361470176,-45.51185504100847,-48.317551047959554,-0.38597434250429785,-7.740045188904212,-42.86685312474728,-31.560913190428575,-0.8580707015684838,-23.525675745331167
2197,-56.6285351337723,-75.23954232977066,-25.48981968755626,-56.07833020262264,-43.925142264347095,-47.26760467925561,-36.86715648852991,-56.09359253012101,8.324907875368968,3.70260746296665,-50.63013688331553,-34.01648274079768,-13.589771616234088,-15.203263269199102
2198,-52.86694813692301,-55.31044410668073,-25.970745881514777,-51.0927358609987,-43.050945824321005,-48.69206174865208,-21.446762663792448,-30.631606874186303,0.9790008049271689,-1.6327008141749586,-11.10807368385493,-19.541439984140013,-1.4967587188094855,-17.571108759777143
2199,-25.521255631263877,-32.66493135944231,-14.963356766270167,-27.006741833377518,-16.657836248282077,-20.817844756191636,2.0864732667898225,-5.2448895357680625,-3.9663937288352824,2.674301502432257,-2.4236750627372965,-1.4948773230391081,-10.758003642704805,-18.526022253309414
2200,-18.339704152094125,-23.810933932815455,0.35612681004342167,-31.174859643138976,-24.15584365980764,-23.59840409546697,-13.045064494477074,-26.166032702789288,5.761469259276083,0.698923820361883,15.145570944987607,-2.1780679139861276,-6.743890187845791,-6.771077995124738
2201,-8.898031006664567,-18.06400493054893,-9.624243522063955,-25.92599038318822,-21.541294958850315,-15.400735109591023,-18.635699002246252,-18.53506166174354,-16.279787137191132,3.6731289562108973,8.213509458716814,-3.9504089494681867,-27.407171344686866,-20.41076783672702
2202,-14.537424346771555,-36.72964586022171,-9.068534667406988,-39.20423398990063,-33.25020996135486,-25.446902051924734,-46.585912982046146,-41.90850897306344,-5.908186605411802,9.937940163043844,-20.630422077308637,-16.531303983407412,-33.35601865841532,-18.580648193170944
2203,-21.549120926816695,-34.95936407299958,-5.900766586703679,-7.246030879601003,-27.040268761423544,-19.722865779164756,-38.062789934604375,-41.362391865001136,-6.528611472670552,-10.38920065569696,-25.93691458373964,-13.932134632244377,-22.39689803380099,-22.49039944394848
2204,-2.097633648845957,-19.68763407299327,-12.06018725215869,-17.34383316015796,-15.323224251341856,-12.033252722728154,-32.0995979753828,-33.20111118449948,2.6188546488491453,10.431161608882404,-28.120510193219822,-8.85171572535044,-20.526796927518127,-8.431608474850423
2205,-19.892507555514072,-24.450471953239806,-4.940180568328713,-5.39961122529998,-20.648861078402444,-11.46304861883382,-21.281969348165397,-21.779793633013973,5.563271225717109,-1.749759765401585,-5.529070064337196,-1.615811461897949,9.133058089201928,4.838562894356908
2206,22.54860800796511,12.33196942410959,6.233296736454026,4.117586852060377,-5.432903616834396,2.048019313921295,-4.7064291890757355,-6.104904130739314,-4.697207964471658,-11.914138093881114,6.638717368375339,18.876611406663457,6.620673045704442,24.440410553214328
2207,23.13125404981401,23.49671958887412,12.59553031376756,4.694131754578026,4.819551133361181,8.743719366050785,4.157197338548488,6.437218197479436,0.39913783671413067,-2.4591714603997086,33.672547201348976,36.011984710782556,16.577836777868868,29.15350012346786
2208,45.47242264993914,44.40364757747481,-0.35066014765108405,16.06998511150157,12.046584910159524,16.759022505819022,14.968584400575299,11.141971295800952,10.250859277728308,7.320941079717191,55.347272516351964,45.782727824929935,15.149925956535233,31.381457797318728
2209,41.84342837174204,56.6712728178595,10.350964474499184,34.20860286151729,11.690580788210307,36.25458865080691,5.2764206122135375,27.80455327988568,0.7038164229277353,19.101849594355606,52.467410878147305,48.83791669627601,17.731414314959405,27.00171901719839
2210,48.156164281642546,49.97321794818552,14.076176659340591,32.734615065031996,10.695196616342422,29.958730377098767,1.568592955916563,21.386517344099715,3.5973397065413866,9.118593025606625,23.010174079322432,34.47384963609859,3.432004699570889,14.869755782158679
2211,92.11167959735756,88.4645965587922,32.556890695274454,45.99969963976445,24.50817282540837,27.084913308819544,11.287906895264983,14.266395854788167,2.7725434939205336,15.232016083088592,44.841870847138054,37.77764621494918,4.78807666715997,21.548429010758845
2212,105.29338108176943,114.71415848305298,69.49996489716652,73.07386021510868,32.41233337187059,58.600622522907805,36.798480512529714,57.55759329379928,20.403634307490897,21.590474289165886,72.69550261482223,64.10313753582562,37.2217338692438,41.44665891643598
2213,124.03184420540008,133.54029169315132,55.82915236384218,67.28375470836754,53.28124551908926,72.340349350915,40.10061951144858,55.27222886592411,17.85953181372859,24.62126233094761,77.9640432001943,82.57293949561159,33.43081185719938,61.12638597563769
2214,80.8688462588456,98.42312560072767,20.71513009628137,40.07404393141154,27.3873873379532,36.836899221437186,23.10344741209047,40.4387632061528,29.241449140650897,30.54405889021973,79.31416009646657,88.96324214971067,48.353785728139236,66.84006554335427
2215,73.06597796107604,82.64959319637404,10.342836639406046,6.055831735600119,20.184866338007303,32.0575454278587,18.81562959163074,27.605407071328916,25.821834680654675,15.49056434052573,86.59802271341373,97.69804767729917,39.1521467408464,68.1767688199243
2216,39.821371330987034,54.55989732566542,-5.18357964571081,-4.435871797262688,13.520892664478094,15.070825476607672,15.311486952844117,7.923057002119515,34.14430870548113,26.945387787891693,79.00419352208876,90.80611012405691,60.064990440816004,70.34106242980897
2217,33.69126544885492,34.685145546178305,-36.702486476390106,-21.72139233567852,-4.263366921169944,11.979462491401042,1.9622859518913864,-6.77884506423969,25.47053748526606,18.13415671048717,54.1372003468401,82.15075494842148,28.210573714634197,53.96467178905311
2218,19.91476880685703,8.412484820573713,-39.34062878223498,-37.54386933293913,-13.727036599211694,-5.890630312745911,-1.9028278974152408,-16.250788655038996,16.97132477549901,14.147577429513767,28.86055265901094,56.7389778025876,25.161873286389742,47.37214281284614
2219,17.23950723384963,1.2666263448201285,-37.66073685427727,-29.782672347026832,-23.577857661547583,-15.614131146903075,-1.8837631367766687,-34.355699702117136,11.117256027271814,12.84816273559493,6.137947311398467,27.36012061231434,3.931730672023598,22.823069246461344
2220,2.8889673522212655,-12.151915117579364,-41.798797153425504,-34.7759973864334,-33.198135625403395,-27.69275808340905,-16.315158390285273,-32.44844317093364,0.483642664520179,5.68035149785689,-30.54031410746141,-2.5675753908523333,-14.585841926633744,6.614926463276249
2221,30.05451297533843,22.952258641471925,-18.279666317274774,-20.205070623936805,-25.94503010327203,-16.440359488525225,-7.993496337824273,-17.54044307688033,2.0116089635149184,-3.40325986156473,-6.944685563807778,7.629712916427745,0.4272967242509957,2.5321682410600777
2222,31.823414465999527,16.387179041055354,-19.731678392161776,-25.65697276389175,-26.63838483180019,-16.53645763627099,-0.4522674292031432,-20.845007847698366,9.358200776018185,6.508174350821052,7.518497463962499,21.320717473291268,-3.8294520683267974,11.987503438346378
2223,-0.6385666151133509,-23.72252090221181,-16.423441473947246,-28.077455678393193,-25.87411042749264,-38.33751393422817,-23.666589104381337,-32.47977872688723,-8.517583496581544,-5.804112803098987,-15.411472564355323,9.443442188635398,-3.495434323122624,-1.1241260672181788
2224,-42.27257823352582,-57.239970097753684,-62.94220303247146,-72.88394168135649,-51.84669593837427,-64.46299057934364,-49.812982478672495,-69.8383369862376,-17.17926676672526,-2.8494880227833854,-58.56474496244884,-22.588701822914004,-34.64526961896603,-9.421760308520993
2225,-35.59824670414296,-52.389885022119145,-53.33103000162934,-57.76234284464825,-25.69049702062521,-46.41078115626802,-38.71290374308923,-60.34390345745682,-7.7221216835717,-4.36527956075677,-36.609878657290814,-10.420860574055999,-8.027582186154863,-2.0934537272921614
2226,-42.05967082117287,-47.177913370710755,-23.77823443026834,-32.50192270673286,-16.007145552849813,-28.637174599007903,-20.07859435758667,-34.14910297425665,14.895204472136674,7.869722306475885,-49.66907499608003,-0.2665276702447217,-5.57728854744005,12.744116214794666
2227,-30.889313097386783,-32.61224699424104,-37.55665187769523,-25.79291755585946,-8.965557271123265,2.6202883876956173,3.279143267004447,-12.32448891221215,4.978351630664069,-15.276092233880373,-39.05834144046061,-3.1977447221762016,-16.048499831288527,-7.033363784006711
2228,-23.180836389057017,-20.28794898207275,-3.277217004386827,-22.95668385954627,4.78951748620649,-0.6772806232784134,11.729504888009767,1.5703144532522095,-1.4236122186521578,12.798453943888488,-4.404290581673099,24.306467200363446,-8.141421689887656,18.870016693061412
2229,-42.75493795748586,-43.44471673152372,-5.498891976456658,-15.767077221501461,-9.259070709968102,-28.46877652194984,-7.944139320595332,-15.653364432193598,1.0566980881005297,-3.5802324121090567,-21.28377492131343,-0.9387942951044153,-5.3016949206049055,2.897356532474336
2230,7.010074082096953,-4.428753665943786,-1.9360192784595984,-14.756822286599563,-8.138368225451003,-16.417813042634634,-17.031404351382736,-16.479313337341562,3.8060230458521787,-3.045006315720323,33.11586858305621,33.067678968255194,14.484803739520544,22.64923641643009
2231,-21.72709684121226,-23.06581346856514,-4.014430773177435,-3.4307657733398247,-5.784980080620753,-9.28595853782528,-19.75321456512046,-15.460682690113623,-9.259739975998057,-4.401404246632441,1.8804287632417314,13.980812509103274,-15.63827747971841,-2.096245025803884
2232,-53.60399287275624,-51.49462036051691,-2.8463972460431393,-7.876953244252292,-11.964947517634949,-13.067223101006709,-29.43976917302334,-36.083728026423636,2.986567475250986,-18.04883088902063,-22.929747068756274,-20.218002850896752,-34.64813390151496,-34.481690708387355
2233,-43.427075541965856,-33.96526147774802,-0.6668820570854715,5.755657393473733,6.617931177617782,-7.376549878655655,-11.376529604479334,-20.515848787112823,-1.8224828543824885,-11.289549948458758,-42.96921795143197,-34.09409441583599,-30.618068897441802,-49.16348969783923
2234,-59.27482341980952,-55.287715837854094,-21.12980148405599,-7.079633944619465,-1.4067653060037562,-8.160235384088795,-16.197080136435456,-20.3580016826186,-6.828364472777518,-5.941324611775317,-44.55183626307879,-39.43560289048085,-16.846726253183103,-38.64566756492111
2235,-72.97370783890756,-69.68387375402355,-28.653257757963512,-23.2466210044295,-14.305935061822069,-11.384151332050973,-10.606833060488631,-18.158298379252756,-23.36220565273209,-14.209585932401382,-51.27952076512134,-48.16970716528971,-38.09322190959467,-47.47542348809648
2236,-78.33601059734826,-80.35309855175713,-40.608182963668966,-53.149806841537924,-23.04951088201183,-38.510927462990836,-17.79907534925448,-24.67629921701517,-12.827581167254216,-11.72988653229572,-65.2822174306945,-47.84598633284576,-8.886676947498877,-26.525181004544333
2237,-57.15720631367372,-56.86589431265639,-27.07727077616532,-30.617535566129664,-4.509489196073266,-22.483428389264475,5.431315073228494,8.780161857918651,-11.502991596158031,-24.478319530436664,-34.594214765227086,-17.052382464604776,-3.625517750685827,-10.081125274427722
2238,-36.22824256546663,-42.76125753518512,-18.478118030273645,-30.108941436172437,12.18906817500762,-7.519078999212476,26.91769937922466,23.491214556689943,14.394242067059826,0.6062673219709103,-25.909407621206235,1.6556761358167453,9.448674797940944,4.845293778476216
2239,-14.297096761394751,-13.309334995654385,-2.233714170343887,-3.4958470334583347,38.75001637879899,28.58672167254486,37.65616263442108,53.1418315148441,8.89202720686278,-9.61775493380693,15.705308185665126,22.19526212554294,29.863585731478533,8.612888698067554
2240,-23.12787612714573,-5.002704425116804,-17.999392628218526,-13.034772947140345,14.923895586327127,14.233804056385155,30.801922754604853,30.438121902405747,-0.4667423206381625,-15.956226486683606,16.301263865521964,9.740327787096245,18.528306852438117,-9.628740882101237
2241,11.626311315076501,-0.49056046741581016,-6.069882704081074,0.9755419894591828,0.33850170023122184,3.2879415521765045,25.763963914760318,20.77873655816303,20.454992165536684,-2.8012133627344205,0.6005864469756895,-15.065054922274474,29.04590601101231,-2.085023183908444
2242,5.586507428667453,14.349796676946314,0.8862465363427359,14.700059144628874,13.147087337462814,10.877379446213741,17.376321673842522,12.828547100966196,6.585357942459758,-7.731685113268705,10.623840254123245,-2.3947731438837265,17.13496280145576,-18.211495782752685
2243,-6.044632638602524,-6.9277295385372115,-23.327652333077964,-21.997650192994932,1.9206385013091118,-15.53766880667296,8.363466414555232,-8.88081806336317,10.371311033640831,-14.815682689342196,-16.936977997260446,-36.02761807441669,21.856903290452205,-28.107628231891056
2244,-8.492133290757687,-16.74252086509233,-9.487012548572144,0.8327091068681043,4.612792618980242,-2.8540852850777134,2.0018575464777686,-0.7393668176570074,0.14402066749662015,-5.92561513009231,-23.846179852864374,-31.15450850717477,10.400859694321035,-32.02533034331804
2245,-5.456558960960275,-14.362384783060957,-2.270556080853661,-5.705021621818054,29.46067011793957,1.616615739740196,13.011502256266382,6.746177566843906,10.02021515264491,9.236874657918415,-8.780560150279054,-24.09352350532174,14.757168764101767,-17.120040221031847
2246,-8.337296204186039,-12.317319392981382,19.277499837177952,11.560785932337724,35.35545654106974,31.841381244260305,22.06908390665667,8.956904313475956,-4.552451539174412,3.1880158238214977,14.271014179500003,-11.658773259349998,7.622080003757288,-13.8197289785595
2247,-19.031500060150456,-26.972107072871985,3.954290138151921,9.69716285175542,38.15651357957475,33.84140799403316,26.024085244771612,13.315888033896409,3.170227178498368,-17.891147803049915,9.191101901787663,-25.347325341902263,6.161090397132908,-29.752747406550643
2248,-20.660575970548226,-16.896721964834924,17.39342212449292,15.848127698514249,41.412274964610305,26.46674100616246,33.3407384315621,20.70228321599986,1.347682052342006,-18.334258027162246,35.30992968317511,-16.520075943634808,33.74459790000235,-12.58952810544852
2249,-26.61316503079988,-14.796890471049611,-8.424464516989893,-4.748944334328903,30.802483890337513,27.82527229354994,15.324874461226553,11.976195962699943,-4.733739892323007,-17.18251730767701,18.512439349832565,-9.277781148501976,23.636261350009633,-9.273169511108998
2250,-27.0715449012251,-18.02621888618813,8.777632384145443,3.218695241414776,26.014029577683225,5.0404507140694745,18.467970462415696,14.547279089839758,9.05927622277744,-11.925246332181851,21.439176818464023,-6.741508099245834,43.960653481778394,3.405296206414606
2251,-6.576811970018857,5.858633300814034,5.255018005946283,23.352551823835878,43.38677391389269,31.3470902380466,31.646794242426985,36.13723822048108,12.901488291355195,-2.8353951288174732,44.750106020527504,33.68097703655779,33.54032539354012,16.79550268122029
2252,6.870481647009419,22.154079301070198,-7.494481090329278,18.294778609444688,49.25521535383132,32.270159999596835,34.649570246384215,37.71818861090839,6.473844739755411,-5.931749840443999,48.67319736552566,35.2122274406824,25.707349383902486,15.303484498506231
2253,20.388726567521843,39.81743293773404,12.300019671254462,31.063481946713228,35.383652914106996,40.88675636663049,25.019515555850422,29.04928362739036,6.193784559585066,3.3163272294550867,34.25502965754885,38.23152896071148,35.406291702560424,20.256740003408066
2254,16.90011892270444,32.87684531688237,-11.0553746255911,20.463812732829126,19.833898527866744,28.245494875446518,10.759786723428828,11.943126339604394,2.8420640817184073,3.6425907985955517,6.02937633071912,19.46765881101218,-5.143019263979711,-11.096365532031161
2255,29.5557883499002,40.42708122368693,2.894728628665282,16.906399226880392,18.198956171391156,14.280075286007715,3.743069836099607,-3.32175554149621,-4.6163536601763004,4.821258081572402,22.06113683294067,10.779910846912498,15.964966587929696,6.486116290182796
2256,39.83045017097039,56.38812428226858,4.403521329216276,19.602994320311737,20.055843719955213,23.330769943554294,-6.470058903273186,7.134582543214188,-8.043636127899925,0.9164370614606276,26.653068368999236,30.134189198758456,-0.839230998492715,19.123223747117997
2257,23.793617428175278,45.91267049397909,-8.011911987875939,18.796027519992258,2.675029961927358,11.49393181635419,-1.34108003730457,-17.829596170072417,5.358751116220542,-3.143041366343068,21.334652767660828,13.325402525454573,-5.448485742295083,2.1496288904072713
2258,45.87035131714803,59.4655932170317,11.628018295553863,36.166633211567394,14.85029705246318,9.981293885788464,3.3593251557590778,8.172129815625834,-8.203558502568923,-1.799276297097677,39.9155029809752,33.43973886781387,-12.535274819804537,7.267832308493252
2259,28.785692779508352,44.448982629004675,33.9955721007328,36.53400958644088,22.72126563014309,12.321348619386246,1.1695006687083997,7.894716318405028,5.39155014526827,-1.0873208252634836,31.002568842598123,0.9506528506052684,-11.467787871679938,-13.75889155737475
2260,52.85137529893197,69.42307043186256,55.567636000960356,70.62651396842149,29.183852536060922,37.857657717500885,2.688239341004949,7.110659513969258,2.523005851170824,-20.52959362386241,27.424939580610264,16.46383926883386,-12.987533486502754,-4.368146624310506
2261,47.526026628107886,69.08062179922734,58.549038667621325,76.45402516641228,39.52332193855639,48.98054113634951,-0.2796890331237845,9.132681106582494,21.13724053051956,-4.745618531860206,50.23173654112391,18.974652692094928,4.788793265435471,-0.5768652079096858
2262,65.09580248994985,67.06828587809481,51.746312158686486,58.628342169109324,33.67047523941892,50.223427569885736,-1.7502613170364396,18.46933662839748,18.501378034139595,-3.3222447394827577,66.46636292513966,26.711131797741285,35.1205734617581,20.356860526232655
2263,55.30396236639159,59.3362441732847,39.81776131804482,68.15291195239566,53.646875192938225,75.22668927090345,1.384295983325578,47.09228204696889,24.500708092373696,28.826190810246644,82.13804000653637,62.547824325323695,43.26558669723527,44.17718480635314
2264,44.89978114919748,52.474192251232424,9.929539335667812,28.06092395766637,55.12774683522545,72.14586622077572,-4.02573489053244,21.39343400974294,31.778909790470333,18.58470582106818,84.65613327796812,58.02256180120657,46.81277750881035,47.74552654979744
2265,35.69940875344314,43.70421261578481,2.9839509152289403,13.560774331401182,46.99131916615545,57.31740162475832,-0.020121731308305715,26.09299597595131,45.89573408954808,26.794390313989453,69.38294428133749,72.16907144160686,46.14456391590107,59.20767852957072
2266,6.381567959584813,10.098287967897187,-26.12025405520268,-20.245861612878098,19.804796848573147,29.286496644305867,8.477651434192666,-3.600551157947642,19.534118340259003,23.148036738475597,22.255496820404783,42.52355969608654,34.68976144804918,51.791647637123674
2267,-16.606018263599292,-17.608904212752453,-36.420254191213935,-23.932852770615085,4.9128258803741325,11.41638533892714,6.481653743342273,-6.484199303288054,13.85751643271449,23.371761515824524,14.840831829548938,32.420482286459674,37.80660157227226,61.244006540459026
2268,-54.807433953828905,-46.19695910605038,-38.178308649054664,-43.49532604000844,-16.439652081636837,-13.02352382339009,-32.66801581604127,-36.94879960853074,9.583841311722024,11.370468428887719,-46.76776918089937,-8.229274343202013,13.132311579321604,38.65770292686861
2269,-50.956505403586235,-53.65482589393718,-43.86293647238582,-43.59067150733161,-39.08917734529845,-38.81312703045752,-29.848313892120935,-65.8047260698876,1.6591358774633926,4.8558809595537396,-66.8435858006005,-38.11960794178537,11.104687075342712,20.140298104287773
2270,-25.71988029354966,-25.193066186903355,-33.42478118466531,-34.49546871097952,-37.5926855534463,-17.370250727010845,-28.176020987752118,-31.875045018569825,-2.0883174053350526,13.490276444136967,-35.69944490798945,7.9215963535479625,13.771611396487982,23.88372280869294
2271,-13.153272423621598,-21.365355193954414,-17.34012811457438,-17.171212948440182,-35.96891765931834,-12.246475001668687,-10.384291812582674,-17.759292747015145,10.462397127305975,4.631100754105789,-27.676204807621737,4.918447795178695,20.2469809420952,18.0079343453447
2272,-19.632183518639795,-24.103104849096738,-33.04038730927103,-28.929538825138778,-38.77882712773634,-31.49613822036222,-11.472982920957808,-9.110545505165536,15.39916244876688,-4.575318812577374,-4.517888654021343,3.5678019662064093,31.21836836058245,13.74403056611065
2273,-32.698140481173816,-39.72566457660592,-25.284226662352236,-29.967280234535234,-45.93700073987492,-34.2661764778971,-5.949885304329207,-28.16903701898543,15.48951349911429,-3.2807320549469585,4.394228539869787,-4.460618520082203,30.301160371599778,6.3320736486042755
2274,-41.95885964535098,-27.5620475465447,-23.454211178720744,-21.244914796762387,-47.32954977571899,-38.77199418744187,-12.274095892110731,-41.5789455447999,4.577109026992524,-5.815793442395266,24.600774427671453,0.8744190294295764,26.35591898428576,-2.8627596838197777
2275,-49.17098218686232,-54.36952632601434,-17.958699677450884,-25.950960033602897,-39.789106114295265,-35.641270545743346,-34.98340551445897,-33.489145597380436,2.289964321007617,-2.5632296129221785,6.405880407443676,-5.928975174523273,9.96538143586769,-2.31393523160208
2276,-47.8363930351712,-60.64211660703529,-5.242068625505018,-22.964589841450497,-48.752956428187595,-48.19811747883957,-41.13027089716788,-49.76219244222513,5.043378547674341,-6.381830397292193,8.376450030954107,-15.709430499606652,20.321445062163118,9.61116035402416
2277,-37.62021375282393,-53.41778037960334,9.309588049978252,-9.400163790005168,-34.58486609925155,-45.629358580601895,-25.73379377222614,-30.39524761473632,-1.4688687330471197,-2.3861271586737196,16.278624021684372,-1.3311463955669303,11.879503769311443,3.608723033703383
2278,-13.92765645501828,-30.551805026371653,7.470243765797409,-7.0891992473812016,-23.36439690425388,-19.999887159579828,-12.34318122066013,-11.639510465812727,-0.6725343419391372,7.380866785257544,42.831786733668196,5.08319743547152,33.92845268926624,20.22975727519656
2279,-15.556657030787003,-10.530552300402213,15.845563589007435,6.761157470290513,-21.319956613608614,-18.118152570453027,-11.328868704072443,-15.235321804598176,1.6838068320919664,2.5347134317152573,44.49005835428698,32.383412680615805,21.585073678615068,27.25816222609296
2280,2.0913744971257966,-7.803499391600175,9.550172456265255,-3.573085861920712,-27.236076236806394,-6.441446630675141,-14.222126338755775,-18.628944436635962,-1.1810214801187164,8.42459282198751,2.224016010800212,18.212938468556764,-1.7064622862622005,23.42151674720801
2281,-4.075247281660387,-11.925011345511814,-1.9160581443345868,11.734770211588714,-27.558642185525823,-11.962907141207836,-0.7257403350506512,-8.382602879113055,-1.186145806410135,0.5589733896279485,4.846329504957821,0.7216443499322662,3.0063403899976224,23.851618173852742
2282,-1.0718692860440246,-9.008542632024108,-3.0724594864866575,-13.337581619731644,-29.523554612510164,-18.662484726217087,-18.623117688322857,-24.984350318809085,6.675682062320789,-4.946944777706872,-15.248059226550879,-7.910235231691284,-2.4414082422473635,-3.4569485592834757
2283,-45.40398635140973,-32.71291751155576,2.115298077931192,-6.841030328948759,-32.23737472920169,-14.13539263010754,-13.894723377882313,-22.984082447040272,5.6384258030897305,-9.205842981753024,-16.860463444996256,-15.098112273518414,-1.4654655609784142,6.675734831508689
2284,-24.90951008094969,-25.440813158708284,-5.532389717871349,15.49171881669701,-12.687107811666033,-4.05436601653945,-13.084783139853077,-3.9793968404047866,-8.31562757859401,13.755141249430196,-16.553975161659707,-5.303525324503759,-1.6502264006684189,19.061556139683663
2285,-40.77735754239517,-43.18731309083544,14.141600479021895,13.183949705233863,-15.325501001824419,0.03261398512399273,-14.051627166139507,-14.472190420642018,-4.996101509120183,-0.5061100856164534,-13.181493472450251,1.0820569313866228,-7.04275017339703,10.005235545184103
2286,-19.168617540787867,-0.35439327143738775,52.07934420490236,63.827908157478035,20.9659662834511,34.14362081624535,21.51866653356577,9.436232492905908,3.769617369864983,6.0763529975737915,24.50006274345035,16.35203631629206,10.05301874310045,19.926619821982793
2287,-24.743954570345345,-26.69026491977654,47.22764410708856,51.81642522113553,20.041559483896723,29.737056962039926,14.697526288226916,8.119261937433796,4.0611305188456575,6.8294008359691265,-5.796028135578413,21.56475025604365,-10.59692598408972,11.719876171952262
2288,-16.472686114115444,-10.516932572289095,67.30262800192524,79.47571262254914,31.967426767170856,43.70410313816878,20.05071109887599,49.27508678440138,5.95165495013286,11.693872387374034,46.69265954724172,21.375315014719188,14.919590613554023,7.70110859315655
2289,-30.904166278966947,2.7991733599882624,61.944753277247834,73.62347739239382,62.10985736375601,64.61296907462928,44.589666098168486,56.182600477077735,14.7190868582615,12.648223233433395,20.65939458684099,26.832438510549807,1.1210670590190062,17.701652117649505
2290,-27.598151978800875,-8.55291850642474,56.97389907892176,86.66518376559003,58.96375953667783,70.81472664307793,51.125485007607615,79.39072534173265,28.78433289924997,10.347162124003685,18.37058521349764,10.485308228047028,23.636137555005664,13.165125556022957
2291,-12.01969005650767,13.286575943456818,75.01577566531587,105.45532678691875,79.68385225864544,82.03130664137949,63.65209177943205,79.15292984587742,10.933451863424692,12.625881442898631,2.0373051309519097,8.627643259760953,5.083350135042309,7.732819412392539
2292,-35.82709551072704,2.7722691075681816,80.38346506111425,98.76552284839391,70.6141415749702,75.61378346837124,64.59438946127037,54.14456703356639,23.154180501898242,29.70683568710095,10.786241174251678,1.5465314389187066,12.638811845642293,-0.28113595589676066
2293,-25.39370541622751,-12.174259533317535,95.21861644438133,109.10215030484297,66.46290687309589,57.22098957698862,55.10548684227613,55.978711219698084,10.487517713063674,0.15170138166154068,-14.045157446904451,-25.32363831885408,8.987383582192908,-7.210246698500692
2294,-11.872789854311149,18.89878523685832,75.25767979933204,90.60781767222196,64.57348042782877,54.114222724863154,42.662649062162245,45.91459798988865,-3.397933526169392,19.91272785666027,25.385848752520154,-0.49617419215315195,16.25150558027476,8.51437227279944
2295,-4.244605847816455,28.286592176724433,77.65624015887197,81.94296713381594,62.29504787221076,70.82783962038977,32.72883849255509,48.725800500660256,26.83532753495783,10.826942870619503,32.49938739233073,19.815356249655856,15.478615421138365,10.178777246788306
2296,-9.209278028514449,20.652519417763642,48.71373257622121,48.06181873674446,52.91070957773201,43.54613051405272,20.273736958667843,41.81968078576731,14.997677034599127,10.000903222781869,49.61086604485388,17.133437159114273,25.193595791873626,13.024051951458295
2297,-13.677599072799211,12.031661333664097,13.97781309742902,18.51658542308687,46.0976143550413,33.22086113838123,19.59281119058662,15.202093320829714,21.00866772998772,13.016270927153641,61.24075213192141,39.910152698179985,37.00382005134045,31.018487707850127
2298,-40.39954541817258,-15.289957935034302,-17.62023614145586,-0.2576055351726154,12.464422272375993,17.021487925929623,6.785477599157889,4.059794847436611,16.089502969239273,5.015453771131984,40.84050701411928,22.02025747103322,25.208366638693498,25.611428885180427
2299,-2.6519202838333404,13.369674927942697,-40.32073960690702,-39.72323877137859,11.646396959505605,3.379912175254669,10.854650820825189,14.922158274296276,29.092084639951334,21.338436972472405,45.941104884678374,36.50395826656726,32.06522943986827,28.33544286653663
2300,-8.149872551340971,9.934200878450252,-54.792055473581314,-33.008157755177734,-8.376703631595339,4.317423482408294,-10.280352450658441,0.7411044486670801,34.332568369987776,16.95119574397396,27.41524344281349,39.308391219680644,33.19182050029718,46.81532221289119
2301,-12.174182181654787,-9.51679942725147,-52.50846996341553,-55.32782354137217,-22.03543081139337,-9.984642481745466,-24.975736576167616,-42.47810755812282,19.84527987304335,15.761317158816215,12.96570217838799,17.54725545580607,25.672316412772222,6.4926541403546
2302,-52.66463215863476,-39.127759914004066,-72.73570923953841,-57.962687984443285,-29.205452541161453,-20.54230221154585,-33.91136939714418,-53.48686108052492,16.31252024012558,-1.4327303138471805,4.067573367903802,-3.4898899697677415,14.950973319587886,5.248811850641517
2303,-56.510038075172915,-58.65605928101462,-53.85595119342676,-68.4238941908443,-30.970787778738373,-32.37052471860709,-28.166870242694205,-59.28774910042407,7.952027757015633,-8.645809047859728,-6.635331655551313,-23.62282221405576,9.965399068735108,-3.2034277554957695
2304,-64.44834994294777,-57.01721478544988,-49.29744886163428,-52.138931707713425,-21.028883536016508,-20.12093110361629,-35.855192042779045,-40.77422362231605,11.232352858765127,0.30772837336204084,-3.6288317481698527,-20.09351277278502,-2.1494167362905263,-13.673095500341674
2305,-68.22612231066536,-70.90697209048548,-50.777095098258,-51.9573421128469,-29.429215462315117,-15.880595213385021,-20.98896908658958,-41.706435215652476,2.8957677406431626,-7.370422974820737,-26.295810532056105,-48.85646386090229,-1.9283586886304724,-20.262056821998257
2306,-52.76838499627326,-50.34797802293469,-61.853667370856044,-52.81055229643941,-30.77521846666181,-15.369134903921934,-12.95599483762586,-35.65661545271273,7.589993369946406,-8.152798700306803,-10.142884865079958,-34.15091496081102,-4.998161125990974,-19.406770520873753
2307,-50.965645243771604,-55.891985569739234,-39.16961661354545,-59.223940127045445,-30.052676312587888,-39.17084512086699,-26.636297451948586,-50.87284959079504,-8.029639692069045,-6.429643833377141,-7.670386062723923,-40.85530878158839,-15.50478226772757,-22.94077157832983
2308,-47.818359851035126,-53.4058102314147,-46.56548676083631,-41.050458306078966,-26.660612924748957,-32.37022225931677,-45.6201628227919,-50.12958548913062,2.632786474814696,-0.018685531674769607,3.2293039031913535,-41.68890148192871,-9.835342617971461,-23.604787418578812
2309,-62.44940248411231,-63.494832610932455,-44.21542032270179,-51.297571466395745,-37.61962907706851,-49.23306544846729,-46.656499395811245,-63.40087295915373,-0.6861405852600987,-7.94743423498549,-21.60167526616114,-24.412508472545273,-16.67879658849879,-12.273577961698125
2310,-44.24021180224733,-52.936784675468374,-35.39799737023718,-49.39458076087995,-46.04624515110907,-54.48787688607771,-51.31369860505259,-68.70179770130872,-12.685038393214702,-12.513548271876822,-11.794930082809833,-17.02519868575296,-4.761513771728651,-9.278954710599656
2311,-42.69592734947029,-35.53804517882177,-34.90276601452768,-30.04966861210167,-35.159854765965505,-35.1310645388718,-27.776466023337473,-39.275763272998745,-4.045805790623156,6.404184851947685,-9.471178200592103,-3.082772991305638,-1.556088833976909,-2.099153248586641
2312,-38.774916513738546,-39.30918035541424,-33.50646788909797,-23.99188159813854,-48.34659438312363,-39.86815567240184,-44.34619084538698,-52.11453137707683,1.122442452360404,-12.215181786216707,-34.07356649907126,-23.562412897878353,-4.772097257261294,0.18261471057044576
2313,35.060082685785176,18.064730852392245,-13.373435723590253,-20.1622129038974,-35.523429510688246,-28.775193799353453,-15.453152356455602,-27.547284716427022,2.265438520903122,-9.273361963818232,-14.119633827710082,-24.317051758270637,14.168827997467234,0.6258433213947968
2314,5.492989429240899,-10.686719987658673,-36.36987300003893,-42.87396868091522,-44.134264090857194,-39.540299641418244,-29.03015207956923,-47.75528967506726,-11.695835913841973,-1.6107418051799751,-68.04146779844929,-31.566730461707625,-16.63190802328976,-10.483086673388
2315,33.33770246678801,5.92271413270412,-17.98780557538223,-38.276579719531775,-51.84480069781067,-42.96844073482507,-33.06483911397527,-43.19191081874139,5.493496296923155,0.7832770913390039,-66.77800527786735,-54.809893334072704,-4.611782953194981,-11.025203272745026
2316,12.7451728289003,-12.375558018871553,-32.65630036487259,-34.0278599214801,-48.28081741222293,-45.724710994581855,-43.100656515058844,-38.2679222976971,-12.038192698353988,-3.595011648210525,-70.1936361907724,-41.597797420349096,-30.903124200212705,-28.888148148439562
2317,32.849681883176714,2.4085108689943784,-12.571159974155975,-26.864392112969238,-33.81567029876933,-33.98461987687676,-34.10899915566212,-32.32435474824693,-3.5641425212833533,-21.007313915052357,-42.03010277171231,-35.6462163398873,-4.762541315506468,-20.4174817902627
2318,42.882298927549215,24.345282784765242,8.82768655047245,-0.8710221610393436,-21.967214724601238,-23.027972997868122,-8.285923997146515,-22.91738170976285,-7.60589237291413,-5.763153998666717,-32.11557173974962,-27.81088264702576,2.0574174095533526,-27.022522183613408
2319,34.77108208534814,18.341609132494902,8.679836729974532,-7.776524434732981,-35.63403747457574,-38.842351120513605,-26.207139750010178,-38.74988514185317,-1.738520981286043,-12.136810485057126,-53.58568319913137,-39.87966397755099,-11.89758486926772,-23.152058569506792
2320,62.65526116682952,49.05666502477193,32.11219352616177,28.754154035188165,-10.004908355044794,-8.307995643114795,1.9035424090459958,19.84122434128111,-7.527103342245408,-11.453118431708681,-0.7361886539462619,-10.413993842100714,15.106479762309592,-9.891568563280998
2321,66.01218429701241,68.8085893213978,42.23097399161499,36.17988753445136,-0.5145213600655885,-2.265993087643246,5.458405113034192,13.264070072418846,12.131791109144947,10.93007562261495,-5.4671023053277725,17.98007804888197,2.5336038513978796,11.89868790488089
2322,63.00616393131824,75.03986069921402,35.927077288522064,33.63024793201994,-1.5074466110370326,0.26449781739778644,4.37547489845863,19.512399552094003,19.57721315231109,3.0028831758129133,16.96214292200299,20.919580290067913,19.217970826018252,14.674427545964123
2323,80.08315275459361,91.35939296348586,37.19132311297626,34.62742607273367,5.812541411151162,9.242523187332823,5.780154511042418,15.15084274522907,23.121235194056187,14.670281550091152,18.19745313428449,26.121140529012123,9.414250208090177,26.427120907299095
2324,80.9923750308963,101.01163318014584,49.6438956195961,44.775678734016005,4.762049317659746,16.231775987065536,12.1432609897759,20.754490130816308,12.426476728627842,20.990688418798122,41.653176454933444,42.10285784916914,23.447332609690793,35.74054460623896
2325,112.03345358843086,119.25515611703433,56.20689474550206,53.70706589177834,24.920391525811382,29.43419384387668,19.472393308113734,33.07137813543297,9.252848014641133,21.793263602530637,31.979086740491727,54.25509245664456,19.302946316501593,31.52076745710002
2326,83.23399235233427,118.01440484475692,46.178538548349394,48.40270687260387,18.16947515589294,17.11963748846907,12.152547710267513,10.879014739401157,7.58811396084409,2.9679209548918046,36.6310378874013,41.886491092532516,10.996561021355062,27.806609104078973
2327,64.00965673539599,84.07639308985445,42.09691778081986,55.48953794322926,18.68898003251008,25.035892440868967,0.804827286729582,6.464093629808263,18.548926270301653,2.803158462208342,19.496007594201313,10.177132711433222,-3.412243965485728,2.1100170744380224
2328,45.108273229499574,80.24995125869606,68.78402628477215,71.59097627446069,40.74270929028699,43.31692592975977,11.582028624823176,16.35069198580265,18.406995540127692,19.94168477590102,41.27707583894097,43.13685047994797,4.428843982726396,17.88465216351331
2329,56.871698755215355,89.44421256407854,25.29212139185543,51.36553436299515,14.907030349765222,26.052179944974764,3.3881827245765734,-2.3999540840280913,-7.119583797399443,-5.0215407619093275,58.88060032318323,46.231814717586744,1.0531822608603645,10.876962527085224
2330,66.0913884065992,110.81081493339849,51.28021998288896,85.88727222640011,21.879166784032023,46.80286971018324,18.247891772007414,10.322305981126764,4.197197301049636,13.19341832195802,59.12908839929074,54.91048531066738,19.25464600291082,17.467088489864206
2331,65.35107134272465,108.57871321934311,73.37117587255017,87.56548466502807,48.67301497217917,52.74769241507745,54.718992151132966,48.65779765974855,10.16706551571311,2.910385476461598,111.6722379770012,67.53212749813045,33.673213575770006,35.881616109044224
2332,69.69704552011302,90.84255645556672,51.480106848396325,64.3092986683543,47.85439302699327,59.77549568273502,18.93251146479284,26.88493751118066,7.027294564511976,-0.07604012926292913,78.35615593875517,64.56985031640852,16.458751878965412,29.857045560908066
2333,33.1605662626356,50.855678424137864,26.344394544578808,37.93928707855948,16.998257682602905,44.58042674933858,37.15410475582046,31.925687238240055,3.7646381382168363,5.207199718813757,70.13661041032103,50.9820205320364,24.146044478529234,27.790992047407244
2334,-4.753855508705177,-17.204613685790484,3.693576155769191,-10.631484263313766,6.976382812881791,7.219338598201323,19.0893377568916,16.19544760067322,19.922917826711416,8.478811009526773,40.38214787986362,16.230750323419702,13.955490713978394,5.899770305235841
2335,-16.921130762789645,-26.364242998864327,-11.251562426814653,-31.9144709337179,-0.28485821623688923,-0.028145944637486257,14.453361509338155,9.907117392669118,4.5027173675835135,-4.640916426018409,42.734300412236195,8.430035261629364,24.926043412061627,11.515161118847919
2336,-51.11859608887679,-65.33937144187101,-43.2671545872354,-55.1287518096827,-28.573937261893715,-26.661997251980733,-14.981776266600027,-40.749673081606694,0.7770237857409127,0.4526080005885187,-16.871649844541324,-12.706777975420966,6.906983943282307,3.5433652644521216
2337,-34.7045841366991,-52.554588049800216,-68.64521190783346,-73.00636216733358,-39.14394417773937,-56.20037974645949,-47.06771638509623,-68.50808221761145,-9.620103511783489,-3.6186418790524373,-9.663915571348024,-15.122077824017444,3.90985452535752,2.3423287923284515
2338,-43.423309416536114,-55.61978988680716,-66.15194353787419,-61.4653957492991,-53.20950438522108,-50.22933026465325,-45.77737833072283,-72.86890591763832,-13.618044614231058,-4.840838695107903,-53.725259510379814,-31.930135686981444,-19.70497580456273,-9.505424064053262
2339,-43.31971502334517,-63.731411176997945,-77.21586100259877,-56.158708598588376,-71.98954659264359,-61.55887146979071,-48.87939405047661,-85.20239288463452,-18.624586133790668,-13.80375501115024,-67.93716109180562,-49.5990612639425,-19.036450156646083,-22.65567654217639
2340,-59.89048148403713,-78.14232617936224,-58.638700035018196,-67.00706443282968,-55.24386707151644,-54.958382246725144,-40.8352987901871,-57.729205268819854,-29.827916582343494,-5.998480206205983,-84.99816320225881,-49.79301867757546,-32.50730547876533,-23.484513124973297
2341,-73.86132564324575,-94.31197822616313,-65.83697703517527,-60.42161992592024,-55.35132120238179,-51.7435741565565,-44.14675471231767,-55.14039384980716,-15.1421992232062,-13.449045558420377,-75.98032311488956,-55.86121416086961,-24.531024724830214,-19.715881705631798
2342,-67.03843010058402,-88.29399721249158,-61.19668345796507,-55.90243462121543,-37.217331530819386,-47.61527969988766,-31.398555469166215,-51.74244678479702,-16.149389811167772,-7.497051685675034,-72.27791101705677,-24.314329823715372,-33.510274204404,-12.481165036511499
2343,-45.62246972448622,-70.53325823399577,-31.32812391353669,-26.506901914174367,-18.17728748858109,-4.956496266649489,-23.570628303913395,-9.90365698856712,-5.25233396708457,-15.75918679048549,-49.62119980367666,-9.157772838476262,-16.80655443687126,4.915581840777475
2344,-35.93314223575928,-47.04205480145492,-21.837061580342255,-21.292452751119573,-8.098323444119927,-3.4202213199085665,-16.97342377770612,8.634966791282826,0.6555596414542967,4.924297980090782,-49.48704784568436,10.289080800798075,-24.02648387246166,14.109339199615949
2345,-1.1798197985051155,-8.46660363434933,9.272625914005214,17.259133689887836,8.863083568785687,19.373835667336277,23.809645326218835,26.54605131410122,-6.9834557371769135,-3.8419792938616206,-9.956533432281667,27.879965809476154,18.614855342784715,37.006250328216254
2346,19.87626657384375,10.282916863409424,41.749089454353665,38.96559770314534,22.043361729966392,12.595058890949634,26.634763760475582,49.982714814611924,-7.1783092020368935,0.33303483887260477,1.2402189493230367,52.059906956619805,3.8326832128318924,44.05734504654867
2347,48.18882066060178,43.90857667974348,63.818330907721936,55.33711987679962,43.315065044820955,45.19405782532918,39.83053254829105,58.65396544148528,1.976817872821736,20.750588261699573,28.991518519462982,66.5141949144047,30.966125156259974,44.6599412917572
2348,71.42328163653264,61.13396411386937,78.09746016762729,74.93880271099087,50.38611151855717,62.39945062432469,48.89765425768723,77.24468012224987,-0.7929764449865692,11.12009876445843,28.97547600550781,67.24299013399965,23.45050777199714,55.79817981236617
2349,62.70946229256447,72.15595400654679,56.893431383198454,45.167150858523065,34.93477376326556,50.30202362438457,32.17036729799006,47.39861522048356,3.78048204504451,9.557884454086448,6.822871198371823,49.751535552782826,4.918380207874405,32.83779127756446
2350,61.37104158895558,76.99301224845223,49.4234876305018,40.921510945698174,39.85914628081041,49.11807727179236,27.750779378749744,56.35328003913137,1.6242680769019884,11.956234061141412,10.078851738506334,56.702636278599556,8.607719251140372,32.55594491798565
2351,43.28663986173919,41.310112400039,5.0906242876359435,-0.15820850044073276,20.316212881161235,38.246438177923224,7.369210982526963,22.67559522292617,-19.10674489577988,-1.5927043404314833,-10.823851098978093,68.44746443388875,-16.889810743133204,18.787689199672506
2352,9.999353319922347,3.036817676881955,-1.2326078269700982,1.3613844308705403,14.115472300297432,29.221556083026655,16.10886056365343,18.47692111564549,-7.383989474635747,7.522494521402402,-33.27922519093187,46.548870464755325,-34.25771632378448,10.45035948302764
2353,43.69811100071873,22.416663226620365,-9.8672192783801,8.240490731233686,9.250775131179003,40.305373345669054,15.666236619993583,20.9400532437223,6.6187548902914015,-6.0194097724643765,-6.295502628581499,57.87105792865619,-16.739609950979,20.4306510154598
2354,56.71237845368367,50.131939892778554,35.67574973136025,51.87156570215099,37.058196454201926,73.98285234691684,34.82189438871896,46.8072165182897,-0.39817092348430333,22.817610245745584,3.604165409987455,78.75706711018024,3.2134701677190196,37.120667094045274
2355,57.58705984664904,56.64312091852621,29.652398498733504,35.668440697935125,29.47261478499005,61.02684559103706,25.247088012007612,47.45551501515363,-10.14434566928615,15.192257534321925,19.037804360568906,65.74564130299655,6.824291292288131,29.90903978380877
2356,45.93714185103206,42.56310625684579,8.136298259884235,19.405173248208186,29.082767313884435,53.45673198609042,27.127847026121906,53.11090954974725,0.825805572875978,11.136144306600029,9.393542998922477,71.94694266329451,-2.4642590557673754,38.610175333340685
2357,44.67166291421394,35.97308836631932,-3.3983157061823803,8.249444758391522,14.958680152229135,44.725284016731685,10.379594385726522,27.093694499650532,6.218677721995746,4.379453135849366,16.456344101798198,57.1390103724521,13.529976842202917,14.215674554873333
2358,8.251443044184207,-0.7760381879356464,-25.688527799935542,-27.84741629231482,19.802199645370553,38.71437580954915,9.322504301652653,18.263044590872127,-5.7360930254467535,10.886789519177636,-2.95717785311584,69.71349628612279,-15.513485520932988,12.692456847256938
2359,-6.625754730054291,-18.615317103582363,-39.208687788435974,-34.515253403477644,5.49631482498892,6.4242959284511825,-13.672555584767833,-11.07540457243885,-1.621218660104218,-8.10250115098022,-16.697587551213722,31.392395964707436,-33.894139473146566,-11.83784459399764
2360,1.853317313789482,-1.8184641346669377,-3.9905163377882165,-6.418019822714279,16.80353653881136,29.70973999236084,-6.7506517101622014,0.27741178108197995,-16.82635323911508,-2.202293665219777,-24.547602370771482,38.45899084815101,-39.39522845267166,-15.052320683053496
2361,3.7913738735483387,9.313550847870783,14.897512057348415,4.033540988080042,7.758578887380188,18.504265738541584,9.16902924757697,17.480122523044894,-4.479607495243411,1.7321259676967915,-30.851242481337685,27.945746391053,-32.4824258169048,2.3279111170228677
2362,31.3256734364701,30.173130965312424,25.262752587194786,19.214983266386326,4.912406644187015,22.513972658060034,15.03144918675624,21.797804327942657,-19.250578583555185,0.7750790518672322,-18.07602621601282,37.878990942169764,-24.26101092036225,-7.935475752920424
2363,31.44462053470994,32.01248203196231,1.3108146729714478,14.386722875671287,-1.4097238979949016,12.061990670584407,-2.414158169903856,8.290253507614134,-4.977899080576707,13.270923016076111,-1.9905577254491735,38.48149347966858,-14.042095634980956,19.33676758419901
2364,23.80556731774785,17.801910298737305,-3.6883193192763613,-1.7398869058688213,-21.747760016690698,-8.18278260018848,-21.99742196507106,-10.29629908424017,0.6885752660929262,0.39041984038335187,24.938760922366246,18.918222809079438,5.1621892294079705,3.885592865647162
2365,-8.313135305554084,-15.415787235887802,-37.89111416169198,-31.012556628561622,-37.65204972928048,-25.480428252523932,-33.67552637622167,-41.64819542237531,-17.49097248955927,4.817139505729341,-1.1351941514971986,13.864546528510225,-10.21532126163122,7.898468763413945
2366,-17.522046749660333,-31.944709008888125,-50.44296109158768,-62.94931801072599,-42.47234820654882,-56.484674735742104,-34.118597425340724,-55.18764477279501,6.614456122119225,15.910146142449413,-5.9483548176363215,-8.313491568538236,10.496402649785853,17.532122834600795
2367,-78.16784214261442,-91.1244243722249,-74.51733352157649,-65.24132378738281,-45.64252605807026,-64.07478168999462,-55.60398063032468,-61.604487005100296,2.2370957261914426,-3.1971783480033213,-53.33877962233329,-19.238928017474827,-27.435847497749098,6.304722556936826
2368,-83.44516318645691,-90.79520802021389,-60.73734835721125,-65.83894588209299,-44.058915054891195,-67.73324146967619,-48.079386511906804,-64.78408567172382,-13.579934427728547,-5.369290447352617,-51.65102719096953,-34.282420525178956,-26.303004192750873,-8.67093795545445
2369,-71.40952235409705,-74.61468736895453,-18.38391006438029,-16.225555086000202,-27.814011960976714,-38.80978775679582,-25.70040759962115,-31.819227668457664,-3.3768897296064715,-0.827798868879202,-44.048662588686284,-17.821023356608798,-18.68312124947927,6.306268496119869
2370,-43.48228980843533,-37.548260155646645,5.253729768646924,-8.019913704869529,-20.986472495198548,-41.98608248647199,-1.5533873695786842,-10.648968612669904,-8.302670721537162,13.214275069353853,-26.645760175558635,-26.009473119301674,-16.42808212988219,6.0451158904426725
2371,-44.01774226576486,-40.52093191344251,26.149912017962723,16.3156639526816,-2.6620501995501384,-22.045752525599394,20.42542283072461,19.388675935243057,-9.155245841233654,3.43803061114326,-35.158542283414384,-38.50450622607432,-9.980966952096889,-8.93027898080225
2372,-1.1018116771056627,3.424608820800395,20.77486230769905,13.789682830249763,-9.164847623032015,-9.078073479514591,15.564241119709935,32.01503962564462,-4.32905344741457,-2.222803587170331,0.7208430764923741,-13.390811474140861,0.07467349996391096,-2.672032420560617
2373,25.37088778737804,1.1164701516389706,19.076317083827586,17.58268022543062,25.625997041788917,11.967209446969312,30.39859381369531,59.43434345041383,-10.052223057364465,5.097900264658343,25.07065028407687,26.775303824758616,-2.656591511637701,21.306129980502238
2374,-9.032392863155941,-17.84981895755307,-20.691429866187935,-28.52985146244612,-0.03201026897369896,-20.641069188262982,15.346503787011391,38.36767651517209,-21.01592721370154,-6.317794611581993,46.86314498888649,-15.017345372009048,-15.691753758616581,-20.475551450128993
2375,-46.0448137858962,-53.96226642419167,-14.217900787866133,-21.75233714187724,-3.0029299084768257,-30.2534327254096,14.905382110950784,12.965740371448613,-30.35991620762373,-9.500525636320939,-2.5179391089343905,-21.041344614171678,-23.0259785403382,8.989159215009296
2376,-8.106179265573148,-33.51939882044356,-46.465625902554244,-62.68209156242757,-49.72838806225863,-64.2383532449935,-11.80937844380127,-30.168464235029184,-35.359959166826535,-8.560245757355613,-16.52821343994608,-10.523861700726842,-21.407982290239552,12.093293557740697
2377,22.207950275179268,33.94912174129547,19.62139479201908,21.320092032459236,-12.202873656224572,-24.144664686806774,28.30789660226774,20.198433672073907,-12.764769153508217,-9.208294789174664,11.719124536939146,-21.52314909310396,8.862882359946907,0.4547881005252957
2378,48.87857163967082,47.29983338984933,24.97459349267723,26.784865619716246,9.847945396013825,9.839251876502033,16.23116320574886,12.645696699431005,-14.528777712527107,-9.065067414122643,26.530584070056385,6.793228214167714,16.39726127342407,18.994071131013584
2379,51.991185653838684,44.346241686694114,33.496800724816914,26.07018876021987,-13.531476985132159,-22.201511347487237,9.964603875537401,1.581495773423964,-8.723260058231375,1.812932044312528,-7.031539690122227,-35.16159385208414,6.650470283371249,5.65388023134717
2380,32.651372216324745,53.944716836442836,29.851647318331075,28.130314601473493,19.36373968882177,15.280464603711755,40.94997271702487,59.01120311396702,-8.077292250602882,-3.5075654152270417,-3.6132548577409587,-9.948842826660595,-3.4818958429932154,0.24647188197071063
2381,76.05435248215576,83.03776298756131,7.561151653566011,-3.969991657458938,62.88664582538873,40.68631373236932,41.600978977600555,61.12667107941705,9.462432833205549,16.37917906847707,38.66245655258962,38.840297523757826,24.796405711360404,20.39493549674573
2382,-31.67481655703786,-18.835876237707826,10.821954237282691,1.8758082408125216,11.991713948341866,-16.77503541588374,49.50652743813959,67.39528488590409,-9.837077033844023,-14.573971319251385,-10.96449528685271,-39.7709275431105,-3.2490130696436808,-26.196456409740765
2383,-13.282412676404295,0.3011456322559436,15.716222263398222,19.18357820190784,9.353452959118725,5.39683161169019,19.49673991391194,32.94104765572759,-10.468143714541542,-12.224480182622088,-18.518440293388075,-55.35654100929115,-0.6871434803187296,-39.20815109260075
2384,-27.660082345815304,-15.187454530543707,-3.6022477772611716,9.661705356644765,21.193072520656393,-0.3462752197701011,15.235342625349423,18.66323209853786,-12.19126702856436,-15.086785394530146,-2.130473172035172,-71.84594999293869,-10.464811192383035,-55.193306534712185
2385,-56.62335569985032,-35.830877132365934,-16.049000934533485,-6.493975300261377,9.044146172963345,-25.561899088250975,8.274772873618325,6.451500313166369,-9.209136351115434,-26.01697238872066,-12.576292125576192,-75.99193515795116,-28.632044963738288,-62.52213534141941
2386,-64.67935887016637,-51.7895629324389,-33.416186695891874,-18.250997149229995,-5.737979600999262,-30.46146302127229,8.228944679246792,-7.3108507833708405,-11.092366661032477,-14.154089116267897,-10.568442543536268,-70.42262124051489,-20.382259992241245,-48.160613854232565
2387,-79.29731611273601,-64.49690587853571,-38.28044150710858,-31.992708279775815,-4.821248182852064,-41.78759645512548,-21.10153151275974,-34.62273197837437,-15.366258367150444,-10.984873206562877,-6.211432319696101,-68.25584720045987,-15.65974285489578,-38.33511704431832
2388,-68.36995816109828,-73.75818230089831,-45.49940998455266,-46.85064974716903,-24.263696387063302,-37.80634885111366,-42.82214777582858,-59.94785969975279,-9.475394185293128,-12.83691247779272,-10.562845484221425,-71.62455409087194,-7.862498592050104,-35.47417363038711
2389,-40.500768063267145,-37.32051423962002,-30.444449147967543,-51.53149577709647,-17.583554221682462,-32.670635113157964,-47.272375030274304,-80.72702207133959,11.057413003974792,-1.214388868849698,1.8320543234692064,-66.49214060288047,-5.996330881543565,-27.513863388343438
2390,-16.08020723778135,-22.951895755147287,-25.325384962931334,-38.254146349242646,-8.561208780559939,-17.40513324770543,-50.6903685800937,-60.06736027800419,6.48137111445421,4.240842945285722,-10.423630773768412,-60.500846685799715,-5.890293190915141,-24.23546038895512
2391,-12.81574864675385,-14.68049953311425,-31.941277856976182,-37.88829518040527,-1.1536067372311687,-13.506927690011096,-47.86958461726653,-53.341531072148086,-0.6658927258500128,8.644291018506891,-37.30897219712868,-68.70819018408983,-11.117655582251745,-35.780217644836824
2392,-14.242869238051055,-11.900394108423836,-11.682409140676247,-29.76245597711434,2.6417759430086685,11.355351221646645,-14.871547652059487,-18.36660385185365,-6.574362333093873,-20.88875156004584,-30.267996072370927,-73.70828027514585,-20.51311594013237,-50.70764862580151
2393,-35.22749910031823,-35.291291250085266,-11.12242923451084,-33.27606600463269,-9.019438336077764,1.913404936713557,-12.166527280926513,-7.363093666521519,-19.468055662525604,-19.903863607674957,-70.7148309138724,-97.0461746396127,-38.09038274055603,-61.14659108852275
2394,-9.153885857638535,-5.383382615937259,10.539560490621048,4.789649028484611,11.285603363469075,25.160030454799376,11.075369478689348,31.660049195501347,-12.063675243781988,-20.912434165084534,-33.43887265657468,-80.56180490294746,-13.653478943346176,-35.1650713355874
2395,13.955505422004949,23.788416997187966,39.54575344412505,12.693281793358995,33.602758337384195,56.45434306896527,16.496928962852234,41.39252827329938,-8.22963199911139,-1.702176769314491,-12.999648627173313,-64.17852025660926,-2.521402396769543,-39.2359655143309
2396,15.182861912297628,27.27562146525793,23.19727811260942,20.215160930650736,53.657472961058,68.48986442715598,3.5458822142060327,42.94681942705278,7.759281374792676,7.66671273775411,-20.05988520640674,-56.38167312202428,-20.505725678604502,-42.397239310025626
2397,7.661575261306514,10.636092629323743,26.965546496223322,30.400112510680433,48.14070194892725,59.16211151647304,0.4204156702814209,37.13898674555937,-7.672435555589128,-15.918746232444768,-27.560960711808505,-65.79313063858879,-28.828754811299532,-62.32152325013158
2398,37.6211059864615,49.686289786880536,58.588537622783264,36.723489291383224,69.38078088315511,96.79988624751756,51.24998964148769,81.2472559080163,-4.5024595667695655,1.0789030702838425,-3.4776785760890983,-23.766006962456427,2.4927914213121274,-30.111101176800492
2399,-0.40442443527691263,6.464494072421312,-10.199372109937054,-10.440558919120683,18.91605166775814,8.041701197977781,11.542596191390256,18.20531057730379,5.121501718280181,5.959461595385414,5.534950146831007,8.630383681776815,0.4176772292941194,1.1747713881911646
2400,-22.302407989520567,-22.806234338863437,-14.144183025490078,-12.493089944955159,-6.707339087416994,-5.814725777828544,-8.233261677977383,-9.45420688807648,3.884344529544458,1.8813210923917096,-7.723251013538018,1.9924397728521868,-4.49164310355088,-1.434440619752603
2401,-10.132113609980884,-10.714615439464515,5.415808673822315,9.328675855402759,-8.467032854400344,-3.4807195313044557,-3.8293168042780166,-7.759784546238028,-2.5226255870199394,-3.0349306438097896,-3.8075301722254853,-9.175882723462243,-3.787843441467131,-3.312413328607007
2402,15.081814520064183,8.427762118246104,-7.266870664378202,-13.567925916039275,-7.092322907797761,-8.111121508966784,-9.495904856447224,-11.28523597603422,-0.055291967498925065,0.0913807587720199,-3.192954648716544,6.888489045851929,4.720213203798497,6.4401274752317255
2403,30.62606067298008,40.15415020186041,48.172794058756104,40.061147689952676,39.627278714078855,49.064103509063024,41.3616557535711,63.88019787624862,-4.2071069275804795,-6.651297438901162,36.582500165423596,-26.60375147885692,-9.085831293857975,-49.12260247442588
2404,46.13913845738562,27.237700652523568,21.742067426897723,21.5037499931764,24.563948685018136,15.902903495040793,21.277647883230262,21.796263331719455,-0.5533494917635765,4.271699686563215,28.618334355381396,-20.0807605616947,1.2207474438573216,-18.61554337347512
2405,-33.58089135583808,-51.78692956070205,-43.0997627199096,-60.753453456881914,-17.9431415935714,-30.5945694812265,2.8581180581733037,-0.46143888783168324,-3.865865233468016,-19.815852059153727,14.584623933935982,-17.408116393360544,22.381273199949398,-26.393468098179994
2406,-45.99507619360086,-57.45414629557438,-55.299231400336375,-73.69676901302026,-17.447157339310426,-51.125658107919485,-3.0879855197038037,-12.26249924483031,6.22982644754599,-9.6868191316896,-1.7259418705833613,-44.59974003136112,-2.660973428244295,-40.69310079170919
2407,-37.61765585442764,-38.996151410852164,-4.3349363633939,-25.98193145553131,-28.15029010118141,-40.73652897311375,-25.581223250894677,-30.296791429386893,-18.415496913404542,-20.2130386038545,-47.341675675436306,-27.028878131110332,-20.619089229778318,-31.399390398001955
2408,19.78460406201325,22.383243186364627,22.839875138906766,27.480499155077517,9.848763328890811,7.750923394981491,8.598144234129263,15.836978139897298,10.508014192912823,9.06710517446235,-4.244150982974121,21.325767492475407,5.771489429911499,15.90210822762633
2409,-8.381604219094884,9.649502900469358,3.0114819722247934,15.937103220078066,14.897593263522532,4.721550333263049,6.0526966922843854,16.625808469987845,5.932543253157298,23.827698200726154,-8.517021875311892,16.444633785005927,10.806176236016453,28.185297741625252
2410,-35.62779914880156,-25.660592165745953,-26.04406163231954,-16.33991310144093,-0.6962578010418985,-7.3953799573074,0.19495600767534224,11.7458382834938,1.8787982970440318,5.479334496960266,-25.181173375689884,5.727164204189496,-15.711397010389042,2.5231411282116096
2411,-11.288558341587496,2.833720944658957,-29.728862209474922,-11.692148665121408,20.93994795266612,11.013565272184207,-7.552924566934668,-2.0478323295033376,-2.9989895129513875,16.361778499524508,-33.48351609195518,5.646775223989811,-30.525274832791105,3.9321733396952396
2412,16.82376440143176,26.36973702254101,-13.203165393333789,-15.720450003765738,29.650286152040696,24.878599089124233,5.482378978640612,10.936936242509086,9.417190584012724,2.3022138448257325,0.9838941736985287,-3.608146679250238,-9.1219278349386,-8.825053507863007
2413,-7.145721681787439,-1.2444567613782063,-38.07626100748271,-33.88801432956215,24.50895376268708,-5.4485471259271065,-0.9971377450208624,0.8450653529689639,-1.8642609615143053,-11.426571377778084,-18.8670220645231,-38.18482829572928,-20.977336087528663,-29.758000328784874
2414,-1.733420684444633,5.825931784316376,-27.68912126935038,-17.744795172963222,13.475178570209463,-2.329971909573396,-13.85241382881375,-19.611669032934763,1.5015746037131958,-6.789172732059592,-32.83823225572239,-39.28060462599785,-18.246589384209745,-30.640807068403987
2415,18.076974575197795,18.397112724575905,-20.186312510477446,-8.848262308074233,10.299986842838745,2.508504595349765,7.922648822829833,2.4590622756448446,1.4929895061880867,-2.468823984870312,-33.73715901907762,-28.618501745661977,-15.62861683056345,-24.119129233359335
2416,19.200199635360466,8.543984361137625,7.562868514546669,14.6803832494775,-6.984910760696487,-21.397794103224783,5.67551949071444,3.251320359606189,-7.336687540992952,-22.67709252870041,-18.635878780780352,-32.84578784273972,-18.213481557421854,-10.863990276306772
2417,61.43258465909311,52.08679135389392,23.506980413160193,19.33959251993649,15.743845283090893,2.5031819926057004,21.14240214967533,27.445445643804113,-17.11656744574965,0.6321448055849237,-10.986234882871884,-27.27627390269174,-18.975158270705688,-17.16450234877885
2418,43.76785786716123,45.729207306392524,9.475638853286615,21.632807011626742,6.007149375854083,23.927740195674033,15.004562750854527,26.388078272304348,-14.808732266842568,-14.861724531557478,-13.01217553680804,-28.146311563240648,-23.946024191691723,-14.1274210421043
2419,56.363393227550205,62.627977502710976,19.733812955039266,59.49778243862054,32.07681276344159,61.82313654632388,20.825761564042516,35.56741957233509,4.437419305590083,3.062474327954199,29.742464500990042,16.016744227503384,6.7270567565893025,7.80083404547631
2420,47.83974565097321,65.92201771290969,16.91352942884836,41.089585475159026,20.422077897126655,41.408638998250574,16.904877742641936,34.17130809894143,-0.878751113462212,12.604398919434109,17.4938533168206,-4.279029799749404,-11.232546399865212,4.710821779081088
2421,66.57358538123894,75.06413530265392,72.74310053456047,67.83877445750937,19.273229104560514,39.674200108297725,8.070467840703154,15.92108238609508,-5.65521629092627,18.26590998306466,32.092760707313204,46.6377392057144,8.078018577202675,35.07883936466816
2422,93.2673683271633,105.3799869424833,89.52054646886485,95.6410223255712,29.747643069801047,55.94157597531913,-0.27259643601476874,18.802071918452278,7.244521604953635,17.031012129272142,71.8294237718934,71.53726326428124,14.523562319418357,57.09362385834452
2423,69.24486472078212,62.38718764189295,67.8229423340503,75.04782668115058,6.4763358617028715,35.06337505705557,2.688702707460018,-1.8106141696670122,6.596678063093158,15.607110501361653,75.15579386805848,79.7197125170874,24.66715254341684,64.23569717223137
2424,1.372886605044249,-2.003003770787373,30.35894947649166,19.602720896839518,-21.365525790590596,2.3463740321529762,-9.421722696951779,-24.150788654264808,5.828116503301953,11.651703204738206,14.273432320814091,46.11143844727214,4.151966849105383,41.71092167588534
2425,-34.219558076662196,-21.097865679784423,38.48929106497926,33.80332719667543,-11.927708685253295,-9.398369833474733,-2.0283803744785995,3.557311267272169,5.980874370544995,19.16931190509706,21.911356032082384,76.76189034314687,9.839059942420455,61.15994651916504
2426,2.321245587374556,21.796901781057187,40.010971390213285,39.12220173886236,6.100781225904236,20.897091233060877,10.469919396939138,12.113918706765414,10.367897621904833,33.151243682822184,0.42737804432301907,83.92041067965329,-7.944250222107427,70.03977479908593
2427,-19.55915883763988,-7.889674335982608,14.46177408753362,11.690982188168817,-3.3924873560556823,7.12192460148398,5.059364054404193,18.131107913306945,-6.191057951223905,13.656729831416008,-26.294561028849856,42.07762043444008,-24.88915756143704,17.850051078511807
2428,-20.80299430188734,-8.029216139045973,-5.198077773721098,6.647762971025023,11.904072948138747,9.663580067743567,11.306958944165306,37.58737039280764,0.21180474227042553,9.797879988469262,-25.961153387215536,25.955910874664955,-34.86828252120336,5.794464955713444
2429,-13.771289571478961,1.5018368027348208,1.4064468738856224,-5.221960924706666,23.798840047842226,25.178441434142652,35.11740298520162,35.36271850092534,-8.343877541475978,-7.245967212575599,-7.651780193279471,0.37080478843180525,-20.952083311014025,-15.684808401684455
2430,-25.335302182537234,-16.438454141742348,-22.909039196623834,-31.749385013822938,-3.508887538848994,-6.612584528617591,13.36977745076664,-7.077092898793343,-17.618345725088776,-24.501601372467697,-33.66019283831138,-28.897610967630026,-40.88588582619233,-48.053327787730616
2431,0.8232702268010609,19.275956208020233,-5.922817610881752,-8.213161291137158,6.047021961955223,-7.339214490122393,13.243984473511626,-3.4380329664016474,-18.29409487887099,-20.23466171050734,-23.717890698567604,-15.76747009034759,-29.942465519556382,-35.41198525812851
2432,7.010591295301753,-4.224559943018833,3.126927535645056,-7.721748081860198,-21.217418694825568,-28.908063568934235,-17.861764884390343,-16.58252426176113,-16.934453020297823,-12.929880811564022,-44.66222373669461,-29.989349903259722,-38.894108332412436,-28.471352481699206
2433,32.73669418020813,9.089570881332865,11.162942872933579,13.779276016427886,-30.11438888364381,-25.31270753047539,-19.30011705456576,-42.16572212815892,-26.160618308415167,-17.930437654130472,-44.02854187597026,-58.000028919279025,-35.4844169907521,-36.379293771878345
2434,58.73448282367081,52.990597964180445,34.57799054582337,53.811893150469054,-20.90493227734484,-4.01480492574545,-16.93339151252224,-17.92482993005575,-9.31088599772115,8.063262505989384,-21.108722186832157,-50.66936379579819,-10.517724329074351,-18.053871330985018
2435,11.869936871711102,-2.611690861082738,1.0049143987708278,24.323850298072493,-50.98731684232099,-47.8307765742275,-50.195902436898464,-61.5259725645074,-22.575861241724713,6.459867235662885,-50.196752706545176,-39.34676099133061,-26.15710363835804,-2.0842863717864883
2436,-24.37539090292149,-30.373375286657343,0.5277034958042615,5.295626890674958,-47.69440702073035,-54.991984636930944,-39.726052270797545,-56.15523882560077,-5.7482311400560135,17.742954617446223,-24.75545367288558,-20.835198675559646,-5.120766281786048,16.488082985076538
2437,-15.943164921840507,-7.445095187231299,39.67669700884968,30.69875525158855,-28.393961361794062,-30.39442498351025,-28.072983398645594,-46.95750113339388,12.453376547885773,11.234282248561454,-9.895204265144116,1.045323501844574,16.329284946658966,35.697360824928936
2438,-25.187292092316348,-33.78953068981814,10.524185407594304,-9.319468115624051,-40.85270032553268,-36.20216948859117,-52.10600440085539,-51.4767034279086,-11.233941052335263,7.867285740465494,-54.363617546207195,-27.79716354787175,-12.78702235640531,34.16990975463909
2439,-4.369941931502701,12.869018369309815,33.30661974159404,35.69921803189884,-11.907652427969394,-6.086293604562946,-8.271810959069828,-24.23590021815751,8.973942998312197,15.086142630237422,-31.254657521117373,-27.76704448571847,21.718855000697452,31.621411279610424
2440,77.74829736428032,88.55834605367886,82.74328935796913,69.91118165614978,29.22174127202578,52.7882348827959,25.634199471622964,39.85852453934156,18.430411592643313,8.150832180036716,21.278068043717422,39.213259787562734,61.70885181077767,71.33004997518071
2441,102.41589669335087,98.36763268961064,92.39097812050676,81.78062436959394,34.402726956182654,53.31636389118356,28.45883614066546,44.23233383527979,11.673606876681779,22.713267190431772,21.911181449799916,53.29048005299004,38.27408948261471,78.25517829316078
2442,81.51899441092105,90.53266535322318,57.277384006237156,62.617916429263516,28.73619026031819,58.520559504839376,33.80229482310127,43.590256260311165,8.363657742404222,29.434222460385914,46.77739535697102,48.96957257840941,53.695336498405354,65.66571852944016
2443,68.75940169217351,65.19889010791155,41.94098867992417,28.439590578819956,27.525438132795085,34.0773455653032,10.032872020549458,9.075286744261833,19.852530104995648,23.54627045372533,48.20283956406855,48.9370332711729,44.7042335557633,70.29750937749776
2444,57.70909619031599,82.85187163420991,27.848085099760823,39.148628392177955,25.253621142619423,56.77100879214564,19.96636229765005,17.03788607210604,34.082424937689275,13.496554693350543,100.14441146339851,70.32251272944579,85.33368280674941,82.97217502478087
2445,16.024480622794655,39.426229040661866,-7.903524646262518,3.469190564415159,6.6380377410665705,26.783511634083236,-0.5937959882967243,-12.689064699415397,1.691144118121579,2.747601820546925,79.18755355801815,52.74708881665352,75.325964592058,70.51293863961551
2446,9.623586147267373,22.918456016576574,-41.280787414447495,-24.752510702576814,-19.899990357627274,-1.6533273216894646,-14.422439027390949,-45.397201342572956,14.361146318777365,12.594742775194064,70.7619524928086,57.35749694417762,72.87103397467769,67.34926719255162
2447,6.352603721470735,16.321479516164718,-52.59293418668242,-37.788761267827354,-22.45728360794581,-8.328258311342154,-12.752358944650185,-40.58647826880842,3.690595907795545,4.663009920654139,53.38523903749057,58.24568935364515,66.08515916438657,72.92370926001682
2448,-23.954147369733278,-25.029440794697035,-61.550801768139586,-64.42790052987797,-41.7428687901575,-42.31643703270531,-16.038805386321606,-28.77086134515435,14.49595228532599,-0.04605901643923027,16.09989853059506,38.74358733260439,30.95830486872418,52.96861936956411
2449,-32.128873711478114,-35.24020638987574,-71.93562682209868,-74.76350947117106,-43.289157632979645,-48.661822687317034,-19.22666466795655,-47.928146883829484,14.223017672315843,-0.6724356639820259,32.2558084966022,42.6541250070362,31.554654124465557,43.400132560084586
2450,-94.55790170554859,-118.68512392493815,-80.30134167913745,-92.81273841343092,-68.8450815265409,-83.28901677954853,-43.68401766586196,-69.32447680269043,-11.673136967995754,-14.048949302667264,-25.463629599378624,-6.486622525163153,0.820301104144048,8.31837204656789
2451,-72.7218546918597,-87.93234652953154,-76.68268414222788,-79.84176115417601,-34.83963626421708,-54.22930540676358,-33.963850651415825,-66.41124029866788,20.63821065465031,0.678199240106307,12.173882526125887,31.003230238559738,41.37108522751734,29.986985346477663
2452,-66.55751982453833,-65.2082582499487,-63.21866928422216,-63.50435129433346,-24.57508313120756,-27.003653329754467,-49.573102291239046,-54.62906432061531,17.259386229354124,-0.9029898932531015,4.444376460326156,29.243510345249117,21.029209102632443,37.763137951961056
2453,-66.64123622946076,-81.76310035419333,-50.27311460295483,-67.44393451840531,-22.854637095593503,-30.182330877498597,-46.71054107075482,-48.44328609800709,11.213373909851972,0.030463052228191678,-17.688316831367008,7.904945003465932,20.953275444276297,24.150757983242944
2454,-37.36354967216482,-45.538311668810024,-40.81753205480163,-56.328735716102415,-2.8582793830411433,-2.467430959952985,-27.58265835523209,-50.851904875994286,22.211616681575787,16.906001414051023,-17.212794844408126,41.27831493531112,28.932532462068444,49.775105242060405
2455,-72.03365760462316,-77.01933660024001,-57.34018896956682,-77.12495919317202,-29.863867735419216,-34.01479478882731,-46.68124928013209,-67.00587666541503,7.842897444654343,1.2431328548022844,-46.48323037429488,1.3155134633312078,16.947448521678233,21.366045836069855
2456,-57.538524774093226,-51.03161485416295,-44.19758605457298,-43.3040789764523,-12.594687689138043,-17.518627455379868,-23.053891529295054,-37.9567086349721,14.403034879904498,12.771219347040853,-17.341996493606942,6.696641949085361,23.398843734347455,32.76956596870377
2457,-36.19769997166884,-40.5838068685444,-41.19178268530725,-42.51119150642971,-21.361657096765263,-14.511613747221716,-33.92789530944643,-37.339102881498434,7.7456312187269525,-7.118737014595945,-21.36847477321836,-2.095261920483466,17.748067603204795,16.099287371646458
2458,-44.60996321052019,-55.66216696068689,-45.2856387763139,-33.323855762773455,-28.537923136433538,-34.75016048058529,-29.5037109881852,-39.32396683142476,-5.113984728342792,15.63777701265788,-33.48616887427654,-25.464282521727615,7.222723746993191,4.679301406182613
2459,-43.821085626916165,-53.35837299132885,-35.813758975389945,-50.8172931052152,-28.2967909378812,-32.929216063865006,-32.599029735250966,-44.31705719584667,1.3846281671040004,-3.6848865580098655,-10.10456361700151,-8.741466800156044,12.412800609494367,9.535447136390898
2460,-49.38632450116755,-53.021509018664204,-23.696101066781896,-41.16210467562496,-32.969095271627005,-31.30009477042976,-29.597477844404686,-44.310295107934905,-6.129611338810837,-8.957456221454246,-22.267405774286782,-24.30983070339684,4.80275605758932,0.8393753343321643
2461,-55.161719000945716,-57.77112685896122,-27.452236397843762,-35.10032892163203,-37.27838091656201,-26.418113653086387,-22.94521213013129,-39.792174995196454,-18.005986968416067,-6.0166887012560535,-16.811347085395276,-44.120967296660965,-9.214611756478782,-9.340076542987074
2462,-80.07960100717611,-90.51674952162742,-52.17266653827608,-47.65096308702191,-36.274367261647754,-43.88770502295682,-25.007430104219235,-46.97597503134541,-15.815357386897913,-22.651356035775958,-41.843763130454406,-50.552876019699006,-15.504327303469369,-21.758506880390005
2463,-41.45068315206652,-39.78552598550789,-23.85452254039204,-23.10132281176944,-20.144323542337567,-30.90315400312487,8.391902183391986,-19.815369076187164,-10.6560806981266,-2.1907783345512803,-47.56086182853721,-39.281353753359035,-16.673495573651273,-9.54569155160553
2464,-39.014513075858225,-36.8589642004106,-13.691654304851967,-14.933626749921833,-17.498024574901088,-21.13366504760946,3.0903031034141457,-3.111662001312827,-19.811885218989264,-11.064563012539764,-59.836387882446076,-45.09367356953676,-18.986963908700126,0.31716180450467135
2465,-16.2899882408655,-20.89012647628547,17.424863324383608,-4.507716525878535,-14.685320370420989,-25.432021120556236,-1.0498775265419482,-16.18965641350491,-11.290831421812792,-8.787666367607644,-44.48155573154192,-19.809767945673155,-15.707238654518278,-0.7488059880498477
2466,3.0052791861236616,1.0964652638136236,28.58334953140135,17.817481851208054,-12.60929158603172,-2.3709414409552036,-1.7296236604900288,8.118752587750706,-10.21273901041597,-1.091800264181768,10.143543183011392,19.82863777240539,13.153309247206389,22.252820329918006
2467,-7.704520488440439,-6.581428991748708,29.043210138534473,13.800402366848743,-10.513634521947496,-20.99862778682951,-14.829336261926555,-28.98068052539069,-13.00257985380978,-11.383092979237265,-8.69651701211628,-11.232553641730068,-0.38619193985148514,7.288326745120832
2468,21.748469453697556,19.499985932530993,46.416095485324455,37.85212114489031,-4.911907432131006,5.763188346124472,-4.102973887881672,6.499228183399376,11.440978804708442,0.05172809966480685,27.20517861708,35.72790031605874,21.293568945480743,35.29324330014055
2469,11.530274397616303,10.757821423264236,24.940950776262685,36.105410520319445,1.0739311027850955,1.217621725981338,2.2178465754429966,-0.5176057096343467,-8.132355747734211,2.1809375343655057,-0.7650887767440329,10.972661345946875,-0.3977584924447551,33.676688912704776
2470,50.876625828651505,45.13147155812284,64.28693268361859,70.55592305055887,11.473183578831849,23.835840372958643,15.427542152092204,6.519796381318292,9.053768197660617,5.984521955478158,52.43740423826124,40.08825251198732,36.11806557173954,38.655692286637965
2471,53.004771977551904,58.62220521355191,81.56522176589023,78.01458508446639,34.80010211455856,50.23292571630782,26.86651209984391,21.291618132919204,1.850529144660989,8.297307899502218,49.473793604639724,29.46675913795802,32.38822513871822,24.021656407718943
2472,69.65785963865873,73.99784244972365,96.60644333011511,95.47734614695065,26.211304448704926,51.4540038701927,26.03926495635418,39.47420088222039,-4.34539624632868,14.745600853812523,51.42396721524482,25.352313733568547,46.400683357932444,26.76080565932464
2473,71.21155511445953,94.06493026248393,73.21357039077967,100.20369815385023,33.24246691895506,67.09743986486744,28.882675122259577,46.977125931603,20.987834805869742,9.270040233609938,73.90057534435047,17.539762145172446,56.25295524196352,17.085748708596146
2474,42.2419071729635,66.61558493502139,62.15633485755341,79.06821791480439,20.446398730608102,32.518560980714426,10.094800104541601,31.025099027916497,-3.1501578813538242,-6.21752653801131,25.31217038167873,-23.23113107024032,25.091258505820214,-14.494556237039387
2475,81.13074796257541,102.33214848021659,90.64031551232573,99.27811229927117,30.20631229060282,67.11620939017699,16.093958265640673,28.972811709997625,15.63231557046592,2.0786134953969926,60.644321241892996,8.035735092405046,46.14575856851172,-8.540415783569067
2476,49.0852844467314,76.85949450420738,57.989636556342845,71.79090364677496,25.457830678177373,36.57484610187345,16.276633628216157,25.938115853758028,3.795936096975865,-10.5764698105561,9.390128463896435,-30.391043682589366,7.346052133735743,-36.98035110666716
2477,78.25569399881076,97.5056117282326,67.75543273225367,75.10302419548596,26.92399211669087,61.74001531425109,17.012425461214388,37.30114447715824,12.470618549456573,-12.190126022462236,54.10172870656453,4.611243443081084,33.579123459280986,-18.51280588310955
2478,66.45310697896305,76.077065065135,29.342024483895774,37.239797373928425,32.44155196452112,64.29408263691128,25.089520912458,51.943063551780256,-4.4932955466456805,-26.402401085199607,44.43624152502872,15.972427071247132,5.397741775606655,-35.958976612302074
2479,35.44917503372071,41.02037596800554,-20.371597893715084,-2.5866880739646043,18.129879428361047,50.58745329534371,20.01680993324596,27.93565488843317,-3.6913216421241053,-10.96173122942061,22.04516817686717,-6.246177882521402,-14.240278240244095,-42.949762498542604
2480,23.41940926237388,16.442715942314248,-55.06735126505546,-44.953235897495794,23.783385560213134,42.578538181373844,29.282388993705318,28.135923361439314,-11.420687449387932,3.0313935516732826,28.984255530841644,18.964229256107913,-16.22686613240378,-20.656785197418547
2481,-48.962172961321954,-72.626747521795,-100.78657745545244,-90.55313115369081,-1.9766171859393404,-15.08281854368501,-12.465882291539986,-21.87977134592801,-17.240511897982927,7.750274753718714,-39.907086940997814,-45.70093568973971,-75.41198811392827,-65.7588566835933
2482,-39.25981692376209,-55.19849909961727,-62.21279684989912,-52.27192406902079,11.532150528265827,9.496007689887048,-10.94697803636586,-6.369160704651584,-7.40379360330778,2.62376202649103,-12.228413040445107,-32.60409079108913,-46.74197614357112,-42.686617758193115
2483,-52.89825972878902,-60.91001002076582,-61.2446853450158,-63.227833530536806,-2.2251575782220936,-0.5721271564521234,-22.937604988180713,-24.049582957818277,-3.1466192017015917,1.7538595877749206,-35.098115956962246,-28.213152463739533,-61.41597901628503,-42.00589570686793
2484,0.9002453291012296,-3.0189860626001295,-29.604450790056664,-39.20491706144115,16.463323719032825,17.969798167901203,-5.803082506123766,-4.554017032844866,-0.013379415715517595,1.9884846969807626,20.870124744130575,-15.605167568239077,-16.65843201694315,-17.777563162550486
2485,17.14053644893839,16.411028926753747,-12.0254497095781,-17.785267054231397,30.013775321702802,45.277202520649254,-3.6466378238989785,13.738238753940033,12.68972246864621,2.051887379436115,17.060601549571643,19.07444662242808,-7.655882195476352,9.073989184232643
2486,4.016263625935013,-17.800259037813454,-27.50767832476784,-44.82023236801621,14.632864236922877,21.92972004153692,-25.19194991124278,-29.157316927354504,-0.09570560361268221,11.8282930690752,-25.972037321040915,-10.917651059781619,-22.17786296438326,1.5131054155796912
2487,-6.876473067288071,-15.874903599009668,-11.247535803017016,-34.15192351548214,0.26678994484600294,23.1992636201828,-23.098643045764593,-24.613093024017523,-2.8003104431252193,-3.4047964070940564,-7.491933109559621,-7.949720467893517,4.03693117201066,8.408168903927578
2488,-8.847884556307982,-20.208080055561876,-26.868606069657062,-43.134675737778274,-17.493458332533933,3.2512597189420975,-33.970473665086544,-41.061584964249064,-14.619785973124278,-8.100178451097241,-62.2748804394296,-41.773989441994935,-31.30784245694516,-24.201437691553885
2489,-32.9528509472178,-38.75232286994143,-14.14322620070722,-9.91030892090173,-11.5890770645742,6.973163562306459,-23.41399042730826,-11.289575285314298,3.941897918778366,-28.794530895932894,-78.67428717107161,-47.46422350213581,-23.440381408412467,-30.728814517450175
2490,-41.8589694629317,-58.07066924601674,-23.761973016159505,-37.5234291846867,-33.57420103835919,-32.15982778264737,-9.8265610466718,-30.045147117813478,-11.157541634169254,-9.490928255825642,-87.10915650896894,-53.75403371434039,-36.923618073186624,-19.917676699203934
2491,-10.996511890144996,-18.290882413096153,14.328740265515018,13.273181584392503,-7.824096410178071,-4.3111158880089855,1.3184949512408093,14.870497663719059,-10.512287633874939,-5.671076278349909,-46.69005263653048,-34.34713903467124,-15.336865485582974,-20.203503990864533
2492,6.1478547688110705,9.016369674033484,40.66987023407206,18.961169038655022,17.031037780963427,2.3665596876212933,35.280342366534,37.34407987170595,-5.768779225552374,-11.130310712562794,-25.723846540589783,-8.991085458360029,-4.06981202406082,-11.483047624817784
2493,-0.3426540757498826,11.85251671800666,45.52170793144279,14.761913701555674,24.74813886456344,3.266160710073243,43.2880272136931,56.583799811213204,-16.371865429962206,-7.226360077083635,-15.92497405586107,1.6933825769234363,-21.78701694731183,-16.169800401065274
2494,-4.814857391296716,9.771222199235044,19.258306908595873,12.783467163972691,18.11706176348187,28.278130931104673,32.45253741120648,72.68468118673624,-10.915556096048272,-4.110955986713217,4.102480985036245,20.703315510203197,-20.932253445777178,-17.60345909950737
2495,-51.17389210590408,-43.58170598192618,-1.9915060296279379,-9.845350182987396,24.050421480136276,8.333606174191626,41.22610301245194,70.7950695861703,-25.96701717067324,-15.782851107767069,-3.2597368082550218,8.67853889497122,-42.24433424292169,-36.67941372104969
2496,-44.9966297621147,-35.927011861028724,-17.463119339599977,-7.672675592318026,26.093195279989995,5.403334794176634,33.475985219916545,66.4017100627291,-2.8323976977859435,-5.1076581615005425,18.83203903646074,42.1671844902625,-11.782768955483743,-14.13627835976567
2497,-37.32805882692584,-40.70719113538313,-59.42794955653278,-56.27750246647507,-12.321510145488716,-23.249287801782426,-1.3193109595588501,4.255206705628643,-7.355830420963765,-8.706637569959216,17.376848260977063,66.13593087217922,7.604710562556564,14.509213549096211
2498,11.22489336024987,11.464128821555466,-38.23782384409183,-35.46212526013897,0.5254928004135802,-6.543443882330323,10.658644723530411,11.843438409537857,4.096515536636752,5.322389395303794,51.679553905523974,81.87499783012251,14.164274674421014,34.949979811655595
2499,-8.589496488194934,-15.165476305551099,-18.930782531438087,-25.46572213020621,7.410641691321704,-10.128636708129985,40.0573346742029,43.01152660186892,2.9093459564995823,3.253181649881774,44.77291241784512,65.07901480209898,4.565358192030506,1.6408384618058252
2500,-56.740895729405146,-52.73440215516443,-2.065248086210181,-4.814926065991081,-7.144628616855299,-42.43292486443492,17.858628886329342,22.17089126888971,-1.702999033842686,-14.766445550449943,20.25283550160538,41.910548821121914,4.225433626632016,-10.497380407882657
2501,-87.11017459832966,-95.05038274687675,-9.825638456855865,-9.211484100481869,-43.35529093570666,-58.403806930453165,11.215687304002714,-3.575949843782633,-10.495249558250533,-15.998447392795653,8.403598426167072,26.016269552365777,-16.639010914839975,-26.278671754843014
2502,-58.19577575291414,-73.4584530855,-9.238668209789154,-1.310824359431282,-46.883894672387655,-63.84767017921006,-12.888774641723748,-17.92455877741223,0.2453205119709283,-19.347015736256413,2.921309927039446,4.5771265364556575,-9.87997623722351,-27.480906351415843
2503,-44.024530003313245,-34.991004195828644,-5.395761219295942,0.6976329259497211,-23.166746499497133,-14.14244570344519,-28.404782618195945,-41.78367921347386,13.06710883698131,3.417470226945017,-29.29235137014947,-1.1204009086641424,1.010962791240265,-5.265593599000081
2504,8.04159970555714,-14.229355268121758,-1.4433463209543218,0.535523239289631,-40.43341916369123,-16.338422191086714,-56.19282010435483,-64.61437584543617,13.427717262443688,-1.3015498847550342,-43.76885607748652,-29.97950753898226,-12.532447719618165,-25.1651706938143
2505,45.00409729803783,37.71783992123677,-8.804800329591421,0.2902214524371507,-1.8195775961946297,22.570105932735466,-23.394158815470387,-14.553737610528861,8.598450682207652,17.902510490303666,-4.116263675974453,57.78194594139661,4.0724284148449605,38.622528311886406
2506,9.970107611101007,-20.68019251824866,7.571336443352728,-21.100074267278732,-12.091979507866531,3.9252219814537033,2.008654465691834,-10.888121139391014,0.23317261912291806,-5.27617408384656,-5.105192885798713,21.343002318055188,-8.798470816222157,-4.739238316904856
2507,32.94692786489108,16.618227259693914,20.118421488042653,14.51461903474475,5.630074333012045,25.95905615381748,19.537661349907523,39.659516244816,-16.35123369843405,-7.885129346011068,24.060890370309643,47.14194863857464,7.280415934499751,5.934340541807961
2508,21.23592153508677,36.21148436160389,48.02919622290463,75.27893649119356,47.73988795250052,77.00691514743635,35.97752745698985,51.63176112185928,8.426769999948744,-4.6603347079047195,78.73781938417775,34.382719770910875,27.154209470517124,-4.343892756420523
2509,14.036121173985121,-13.696566794817574,1.1739864332526193,-17.93801609136959,9.143232047303366,-4.532441692159003,17.50368574326392,15.91668162587782,-6.308089501098391,-5.637422901305197,46.80681425442348,41.81405728166152,1.9498374957040236,2.9046456426402654
2510,-70.35342293168058,-81.12294142371466,-34.82415535823949,-56.18880449932721,-6.985621968017281,-10.615535090476294,13.117011429832743,31.633172317389846,-25.17483064434266,-10.26563101612227,26.376939304242843,15.295570576984383,-23.13600891789245,-23.63634253961552
2511,-30.7454585112645,-41.78067919285706,-12.172460222479833,-43.81946032824803,25.377568355277454,2.39360236624606,44.4900975453228,57.9851948415385,-12.892692222432933,-18.236944545202075,25.96869864443571,8.915092820561982,0.4895276596737234,-17.616857555511242
2512,-37.09041686118415,-35.85612270635801,-28.201953602622513,-49.126987973671206,12.128003383388382,-1.5013994773046828,30.15139688225506,49.366266346326476,-9.62581905491697,-9.96268415584232,-7.00338606434126,20.503212915196283,-31.9430350480826,-13.072953525336025
2513,-33.47178655629699,-44.48229943909753,-17.056253763257025,-39.80901695606373,1.3236086583067017,-10.312752015330815,30.202029497441774,46.272492559232205,-25.77293733331946,-7.097716645040579,-62.56150246435121,6.600600992312969,-66.92395855502929,-31.22870401673327
2514,-43.584311427152784,-51.59066803558991,-27.262631420771218,-41.73605519942474,-7.782924382962188,-47.44987802175676,33.56530201359596,29.45683407413397,-38.38093700616605,-17.04370283519077,-77.80804091081195,-33.431378991100594,-70.27960169843335,-54.65222261385981
2515,4.002501952524382,-11.87709794977844,-2.95955313795436,-1.4024528120626285,19.340396565103948,-8.782383477248064,33.93335079545743,32.749082047547574,-20.878685443938082,-17.398707198701395,-37.806107271102924,-15.178956497393134,-52.48069794181246,-43.57246731343077
2516,-44.62765345687082,-69.91146981451836,-46.12695695945957,-79.12927502952212,-33.67414576513362,-71.78556186233763,-28.877362359041076,-24.006804441460766,-37.17316239553833,-10.155032967139174,-89.05981760388171,-34.8748325614423,-76.67415254131315,-59.26755849770436
2517,-77.15774797342175,-91.54020411986171,-61.08925024992385,-76.22591627437767,-60.98402394475293,-105.99025537027272,-43.48810142966089,-69.75465026065872,-37.79455844900201,-12.442262048948203,-103.0657254324031,-65.75879496415246,-87.7476666574487,-80.41582869202922
2518,-32.16117679220789,-35.76042234938884,-27.428129328284026,-36.17969959326325,-27.613692319216703,-76.39214493687545,-18.23044397759144,-63.98321043085243,-10.20680231007353,-26.414334826718196,-39.90225239574807,-57.19114457527743,-33.88581823892958,-53.724541868291574
2519,-17.259543736668505,-20.449026232499563,3.6954249729216504,-23.750283401671837,-29.862118308137127,-58.05526543307479,-16.452982130475274,-32.882702553872974,0.3257888806068438,-26.485506461805613,-14.074481295390964,-24.927494823496357,-17.470767192880462,-31.70487149782136
2520,-0.891310717946287,5.674863210833076,1.9169013723370456,-9.34944726387172,-27.063248628055728,-37.245742063859616,-1.1881515975189925,-12.281210531920816,4.523088571472782,-6.292736541738804,8.373984285239294,0.3097654189744837,-5.083401992743051,-3.0994086265407432
2521,12.928210213669884,25.00897381118741,20.07388359822777,-1.0750974593396898,-36.64646450293338,-28.782922625398268,-9.754034608864742,-17.002714903847217,-0.44972074229735554,11.97382658387642,18.814302901245878,3.2072263768077454,4.695772065057854,10.74119428672556
2522,55.51622866264291,41.91457819016618,4.12917372647284,0.5921893120627906,-18.738912651512543,-24.174766824050277,-14.768242980048141,-14.8069394362492,-2.6938952576354533,9.01147153042064,25.812374486982286,14.6914108976607,3.2108456394937046,30.754406788182482
2523,57.30534125917555,45.76391335050874,3.8949138455401418,33.901843318301985,-2.9711392147062634,4.670607272655913,-8.327391442325618,-6.687099670010182,-14.706647201917699,7.624570477178264,24.765526485012543,-1.3239561951920282,11.752893501029392,14.514976867120682
2524,56.19675415568185,69.58667426994325,23.964511216498803,47.33895876738851,11.97865780802471,27.896670324011023,16.113044266088824,30.240092887030396,-2.610712018962847,10.164698878397953,23.795705676089117,21.43275549122573,6.886382147339818,24.401260555189875
2525,82.68746502830899,75.80416761929075,50.63195679743742,51.39155070849666,9.945703081942995,32.348259528238586,6.602914642844563,44.04823763548764,-13.282337121409688,15.861783536226012,39.885534984954425,6.567429982088736,1.930975165564045,5.280546641549768
2526,76.94970926772169,82.41033672059544,73.7951866928238,94.76396908159869,26.19271878855814,59.143843924528014,32.89069983535998,42.6465284950124,8.407718192055725,5.413018873428618,54.234706913726086,18.204637820870115,10.824451421219075,-2.6272713736930164
2527,79.63709305209429,68.75625789298958,52.8479603280656,73.19024736373915,15.594513155574893,32.24874630914078,11.312425942119907,42.2530086829418,7.006433473745653,10.746314753077087,5.843566196545577,37.163378319296,-15.917439787656113,5.03578286320417
2528,60.30283582087933,71.81942634266179,59.975770946461694,77.16951267937526,23.351100984528124,37.435439044501415,14.571884597478462,30.115496647102248,5.743418141508819,1.8856144853211387,27.78376070540166,9.188934347800597,3.521032688217643,-22.81768190517917
2529,63.85199599277811,64.43198347490215,49.07932449521409,66.08051063762004,18.312209293179897,39.874461596196525,13.541270328661314,26.97151372202641,24.691790633906923,17.733504659911134,26.187178096027612,29.362102962833433,8.185145765284826,-13.871378746210148
2530,41.201195218741994,44.14111270725614,55.68247873286032,61.41735575101718,23.729242849022395,33.23294778020697,29.20041281965538,49.11819360389371,11.610697991178712,15.824935196649776,20.483165395545477,39.481465150714016,-7.203462242423471,1.6192305146689356
2531,47.045086246924434,50.58389879745566,65.18164202141081,81.08820942362424,18.74861989155315,39.411671550781136,13.228513617754677,29.543609633275594,13.685007279623774,-7.64443300406596,43.71219869399306,14.64794323755614,20.66018808884278,-17.70092108692468
2532,79.94447168309792,79.385553936174,73.72362384516097,86.71580746103795,34.56719104929094,58.53362081047147,38.61910791151657,65.96118562905956,23.82620700430428,17.813825196178108,92.55398362591252,68.90203738734564,43.30547083551273,12.445546918149354
2533,37.27853258537385,26.321950227238727,43.583289483175804,55.378973158901374,29.57944337780113,35.20803543709025,23.48343967370654,50.069823156486486,7.966726555959476,17.173177038921786,52.19125663857382,68.21492205647152,12.019753702954226,17.177650330313966
2534,23.49400066594562,-9.229685535049892,16.85317603931045,-0.015934017463631767,17.27951985499691,17.953125164132036,16.643750818251366,50.306359937407635,6.640701367139843,3.259085216081292,52.24226052328575,84.45953174146577,14.384049497174258,15.88788727713763
2535,15.730930871720286,-8.279843538145963,-34.04520382371136,-40.97856114565388,10.55890914207377,14.926399997479367,2.3752912390077383,41.03864274659606,0.030286477624321684,-1.6860541748963391,66.75655580299303,95.86880399352279,2.0282585104895343,15.245355561840277
2536,-17.837340736004673,-55.88520665887137,-41.25566737190062,-64.99032956071271,-5.1084109032060905,-22.28546087532923,-7.861592812511545,-18.481926164712796,2.4710096476054884,-0.3025779037878116,25.710543487108925,53.999230420019536,1.6947581838167471,-1.056527210261381
2537,-21.295687037861462,-46.75652310174386,-31.4721790171583,-36.2546767899163,-1.7855708635531184,-6.273921023730908,-7.949146775858139,-9.755692514196362,-12.110411542568123,-24.656891053140495,4.467724802607141,30.378254607517135,-20.563777755115265,-30.172785449352844
2538,-72.05076144675135,-93.4174077986504,-52.340862047912566,-51.610964608668134,-26.905725131172908,-47.759646740170986,-27.84018920011374,-38.50648926923101,-29.521580081817472,-29.659086896322428,-38.04607518181369,-16.30067018443552,-70.29041214321457,-56.39362161625165
2539,-100.75656140155658,-118.56727994774637,-46.53224117175418,-65.34758102850695,-36.862248243755026,-59.83082822234796,-11.406859103505663,-25.320252708590537,-47.81968266241922,-28.47516508335987,-42.741148180948116,-24.70577279953153,-76.60958082214404,-48.57023364548374
2540,-92.99936032899161,-106.2430594088958,-52.74281931801574,-59.86811518804583,-49.05604201518607,-74.41746948277206,-13.697938667125413,-43.29728667477327,-37.35658031128077,-8.665790418551262,-57.28458787495333,-22.467850423045302,-73.70376091239255,-43.39545799749217
2541,-88.58496306058039,-116.529746470952,-63.6818219742915,-82.41107697930074,-76.73973202020751,-100.47735411688423,-34.66995445313154,-79.1701070968808,-41.10787470407464,-13.544499200597464,-76.58492687629962,-37.37061885645849,-87.02731652793484,-42.45828827153772
2542,-84.4200731084225,-97.38363829796481,-65.94425332330344,-69.52524410662181,-76.45227869814379,-85.30140685529845,-42.55374490014615,-82.53968361828387,-25.55601461555729,-11.305868973434043,-92.6236801601923,-53.55788297552341,-68.49077782172141,-33.050449531729875
2543,-103.57160961827728,-122.01634694423231,-73.08408400070611,-80.01527373029244,-70.87219521802078,-96.57382931619493,-80.36474000071314,-103.31838455635584,-26.93913021717049,-14.684166537259314,-129.862384668843,-81.9755321263139,-64.22094536640917,-48.17428459738742
2544,-73.32687081187507,-74.16979162601788,-55.97411868476352,-54.07889542635453,-68.39226576147504,-73.24776221710324,-77.19878454934346,-97.87410537678694,-16.205514558686613,-9.937575471745095,-94.07120451999415,-83.50687702316331,-47.40622080336527,-46.88434441282982
2545,-30.186995387195832,-31.536316876939907,-6.977661988047534,-20.032522804116233,-38.80286701411858,-52.310304595645,-39.60533607192672,-69.75656328139206,-1.7664455797088348,-2.5590866281086697,-65.12213836300273,-86.42075174333439,-34.466656437736205,-47.65832081110755
2546,-34.11071094445799,-40.893975391472104,12.897327194576967,-4.1717859879826795,-40.19102621228467,-59.53111870373077,-29.747186547436257,-47.562618300602615,-17.64764085690122,-7.748280835739794,-56.51631438959551,-69.52878346450515,-37.00821507974675,-43.77826042428654
2547,-45.42473282606453,-51.89995882803143,11.929307036963534,-7.3993071248386775,-41.22065434036351,-56.50389834824318,-24.71320512565154,-39.05815753043305,-26.41962003634757,-33.099146194241925,-59.38161243560827,-74.32115681586937,-50.00315125680503,-39.97836984547803
2548,-9.20021660119108,-13.570221625978679,21.208476659212167,10.089963080296046,-24.755140526261474,-32.40409412601898,-7.271769494598048,-22.253787381552343,-18.91557148029511,-16.429315584933413,-54.89539435707893,-78.80310809618037,-27.383787189254935,-48.828256620607185
2549,34.10003093266959,47.91431622894063,55.449075690641656,62.897869082350624,13.132002578430884,7.447881731989225,45.57347197070374,47.610637454242465,-17.837972219562815,10.56803869639323,12.460924671920342,-16.85664609931445,3.2554267685240665,0.7783763314228868
2550,47.67784316760864,53.355417456117976,45.25410766566512,43.956060204154426,12.229608867845583,26.767164419401222,42.13401050229044,55.964481138080316,-10.50671849738695,-8.261485258660407,15.007086452081836,-12.158823745624245,4.051244764008173,-5.9132460885433735
2551,59.10812215320708,70.18105394579388,33.69858480885837,30.51180956132651,37.90849493692761,33.4597450260827,45.87975850208445,67.1584355984158,6.635175322561982,4.989462706759388,53.6641472638893,-7.853276057238737,19.656912207105798,-6.163492020101688
2552,75.5996140858286,69.50019953101103,-4.532814553652592,22.60079664517942,41.66945606549551,36.22725671432143,41.69179119361886,69.77891094869301,-3.4256010845084646,5.494978970584815,56.867572789050406,27.282339670064225,23.61898568090136,7.666135285251024
2553,98.48189372270394,103.60846726253908,9.927544444107284,36.02583984153842,61.22562634602923,51.79580408365586,62.21083600063397,81.92524969831103,6.362098537991031,14.523265563312744,79.69372223338267,27.331268296196995,39.293172736388726,14.294197330322788
2554,70.01639298866161,85.02629824924884,25.03318769469,19.65714831034881,67.71220972372618,51.844307859345456,52.98726246921854,70.07666908640932,16.866625882488695,17.713492674090425,79.64239984781085,48.52696321900529,31.659992368377786,26.43981141239336
2555,136.96021524471357,151.00648185052907,70.06903067183417,84.94537271043511,85.7455207190755,82.47336769546287,63.730389924174396,106.49580184118979,32.99141001358715,27.44919975147667,117.07891084191789,59.86182352403484,69.38306634851757,40.132760129524605
2556,138.545141189094,163.15865384002922,89.0710092096993,105.36498509273021,92.56043455695074,105.26202626838962,69.59259855863357,102.91361913142138,52.834732652657465,21.81512611771307,109.08864819866633,82.68044354329827,77.19555741419069,45.958732611334604
2557,132.97773424740666,139.11919731797576,72.04129574122595,84.26570621404545,63.56649659303957,79.21697732815845,42.58003996339734,67.43723755913751,54.13764699661584,51.14344900977844,90.17522845127064,68.62752837706668,65.40142547042369,57.25359110776226
2558,127.74645955576163,137.18112897794703,52.5070187241052,83.90870372409559,66.25893419471909,75.45940365582523,1.373401995020815,28.12641069577645,53.641651000098385,25.32104929128865,98.81539792546639,60.709267925643275,66.56937938742523,61.242238145934294
2559,67.10437027336042,68.13875198975325,1.0288885400877854,28.629995194657468,44.36166455578936,49.85131453849059,6.673051600734405,23.0915595901737,44.52889657796843,24.162087434391303,67.5938791125435,66.83805824222968,68.03616865419002,69.34165206106626
2560,55.27796615296349,52.19511788905956,-20.757144646976723,-2.275392531411475,42.17455545767362,35.77932521116322,11.926126165623453,9.253217505108855,48.35870224671341,31.88808750545354,74.82016814366983,75.73059843221237,57.1491852771093,63.6255243161157
2561,-7.9578570328288505,-21.08577653793704,-43.18741100486316,-24.31417177617661,25.484393492276972,9.891296573794905,15.92330508444584,26.098940327634455,27.235518265735134,19.939733443302107,52.55856084204893,75.71622669820019,32.6037038073508,48.95896840185404
2562,-22.585939079655404,-26.840257404791913,-40.059944787044465,-30.64574059935368,19.278847695631132,-1.9307627117738337,21.288784105084517,19.48002043553401,6.0789121346673864,-7.633741924551661,38.76089535742087,50.88345957025154,6.260793387974331,18.621377417211455
2563,-18.64581171569041,-6.427996561577702,-17.89678673661434,-8.4530722065044,18.89014674234913,4.259657177975979,8.988282076049858,22.96060877499569,-5.946808357934578,6.457456237391522,19.63217866894566,39.62728238388893,-7.869309888231266,19.604631723739512
2564,-27.147056689823852,-10.273083054256213,-2.024380479145808,11.994185633263283,9.61291098169417,-4.709420321818627,9.695009388909837,17.03426834447467,2.0091804559498523,28.652619653538387,6.102006625086297,18.14811395163121,-8.987978607492723,7.752365289397023
2565,-6.842383015799202,12.675608901351405,7.781915076388816,26.299811735957526,21.728754345513455,12.068174303417006,9.793776853047211,28.791459508266577,7.424509455926639,9.552351686681543,10.108013546982356,2.646066364314772,-2.8912579955054003,1.932065487381847
2566,-13.308971493839776,2.196918910170104,6.298578099449489,35.28925278090342,16.75274750514999,10.73348670726995,16.153961819980765,36.5687899579154,5.616210678654007,19.731321416773902,13.598862584355729,11.603766438760296,8.814153565035895,38.14590411688934
2567,22.485368771672118,25.424637935397527,3.3673765320490205,18.92184131620629,13.333090380568532,29.249512747844456,26.718137787702748,43.8631099497332,-2.5570368960762573,11.854891242595771,9.285715260202807,32.786718956434214,22.673079264371697,26.32730751363233
2568,51.816496416595015,60.718120565367705,38.08064723481556,37.92810448486003,26.315631663667965,57.366064833399356,25.740520209449674,37.60581055001406,6.474371913692596,8.334476735886126,19.5834223019018,34.931076933429175,30.736136048585504,28.410246315236943
2569,81.41216431364431,85.03133858701186,39.920678490101224,47.347568851259695,42.343739494641085,59.381886628940194,50.63194317322602,66.11347369916842,13.278331007518274,12.93276759745922,51.569903774675446,80.62963885193668,30.514799936074887,44.36451802416039
2570,33.0371905836399,34.989274159453565,-10.017009889743454,17.37929827897618,16.804535029547356,45.53940853742576,25.882136327892407,41.53713539628173,-0.0923301004540275,-11.815819005415813,21.397611370829587,42.77785147057352,9.362499524446275,25.43308678042022
2571,-18.533602242128453,-3.4472834782304664,-21.401539492206123,-7.176146947093406,5.655418272468054,2.355356473670075,-2.3353144387451286,-6.9846545569808995,-14.642177297880744,-0.8388977385282261,-9.341306259213162,20.365950902087835,-14.228747345211856,14.196098135096811
2572,-25.480240199047714,-19.886358844159027,-34.578485319614884,-18.907177026711164,8.09898124483851,-5.778346563353884,-3.899625294472417,-11.933112805441931,-1.1356075453558816,2.669708781466781,-6.438870874261496,-21.460155164062282,-14.287552774662291,8.997641685742844
2573,-25.364200059727064,-12.158612448650421,-9.514918842642368,-14.340216149456673,7.938480143080522,-11.576667737909801,-5.193808203443072,-38.29292305093205,-3.2040331679353815,-2.5603369036804278,-6.72733086546374,-30.185680332215433,1.316707142640162,3.734621794846063
2574,-28.87787026541035,-3.6945952977313166,-11.653680818889706,-13.136590026833657,0.9783072487800252,-12.183321703907168,-20.056481046347432,-33.37325666635569,0.43682685876719535,-3.147391025911449,-21.17551592654303,-29.555614036548505,11.017367557494627,17.411022866303796
2575,-17.572058879101327,1.6258389120765404,7.940091837338078,7.93457582316447,-2.092100992108607,3.4951740730125636,-15.972687415396381,-28.60551558894366,-1.3122591297963135,5.808253575968429,-19.69560093519392,-50.349479339319686,12.30700842779774,11.812934197772186
2576,-17.612323683922472,-4.005135825720188,11.474019566899813,4.584871417162445,5.644194522829327,4.685875775803388,3.602066827608212,-7.671662536003522,7.925389118782644,2.14979041628959,-11.123455671091552,-43.5219866211702,23.26692706244872,15.168624473376008
2577,9.102112969244867,25.167578616044104,44.64874532747074,22.54081871148733,6.846328714508569,15.306306161205299,7.777013017204082,14.916099117470273,15.130186464664604,-12.04208871546699,3.535712454769019,-31.370093543036116,32.06438104940417,19.144189767415316
2578,23.49362323481443,31.298134836303205,47.785596657013706,41.75313566548198,18.257762137513506,18.049050436411395,21.26137350415143,15.425780576159472,25.943806432712716,-2.550892492411521,-3.4478493854029644,-42.586683328779685,37.583843577229445,-1.5138833771879852
2579,43.88273816943341,63.194078735139925,43.772387656888895,33.987541044042246,20.958679115532487,25.543684924635972,25.289347819737856,27.154619545459575,16.300019463485782,1.4748458465713141,29.89502558926779,-32.95490617936446,35.1791695309815,-12.30901246266409
2580,20.005369698697905,29.543887938822905,34.35086491000404,12.586736090457322,14.569723828503475,11.51773711125204,32.8894559678773,36.71124401070266,5.505822363759886,-10.03643826560609,15.766260711543046,-19.592406984600665,21.6609314950716,-16.340034290854803
2581,13.149384347547311,16.838333446802302,8.970809082319377,2.6207366199596214,8.249478787202612,14.38245188155349,28.89681553225252,35.35892245354273,5.276409734040185,-16.780221418651813,13.956075312364998,-32.971019352353736,14.197189727435566,-29.56459776295785
2582,-23.076418369664534,-12.2431367052192,-22.201993946498135,-28.618367670143563,-16.700757050843723,-18.631031803047083,2.2749783705404907,-4.084790660378559,-5.853725094297142,-10.654034007464201,1.0724431238174663,-23.75548826695456,-4.548750476573283,-32.118370338070946
2583,-42.01847004756126,-23.90971569993824,-32.957528210615614,-19.580442008085193,-15.904267099015343,-23.67690253501618,-12.02277929143184,-21.329392585185833,-7.2788869141282895,-28.046713302522654,4.483390807071683,-30.315535867236854,11.600374820891242,-23.241247111433175
2584,-63.827705149356866,-50.11599990213611,-28.281100518987685,-36.901655821960425,-26.340951729102663,-38.16276757555799,-36.58151250686337,-59.98443387230873,-2.9404931585887404,-6.7824531090261235,26.184398099616548,-39.77636293346418,0.3484185586831129,-18.459094535879686
2585,-69.67272955644734,-47.83158448744898,-43.13003452775635,-39.48905113755743,-29.739094709138598,-51.80851075228412,-44.61840821415008,-78.78600540451137,-10.704442659745325,-16.129010624672954,-0.28258665326977983,-55.060129336349455,-1.289751500855792,-30.46605356837848
2586,-8.617756386837097,5.5822055133720685,10.098755847311141,13.642879114175713,0.47926182324584343,-20.02883311318612,-8.336838938536088,-46.12747862883662,-6.31405988318554,-9.201040734512372,14.100110362435725,-39.69421831597817,23.104995943025894,-7.501393352503505
2587,18.522668549878702,21.34568918177593,30.511068018897955,24.135676061763327,24.08403511472267,-3.474868804109122,14.348964066357054,-3.372458997173635,-0.5366297416676379,-9.610828119815046,41.46155536282195,-11.736330196876569,27.14630621276763,-5.202970501137379
2588,53.16445878071987,50.985598587985734,36.4785403608818,51.46713921733767,39.73571943043151,35.89664341682029,17.147865636254267,28.923319849482276,2.219211469860634,-2.7428480254099226,64.11035100028862,1.0520523137224487,26.791505711728615,3.4246965478266858
2589,61.60997976812195,60.39161687251398,57.95469874967507,57.82783583779105,45.73515283336881,40.38407594309481,27.403896695421626,47.73681580861559,17.835607654286104,10.986776532385061,62.967166767517874,31.474392758694723,16.92559990673235,21.38492775225261
2590,38.38590942065278,28.740775513510286,18.632247126520067,37.22630772862228,48.38465269462972,45.45126548353518,25.854706613498283,22.03740434139279,32.004862958964516,14.680310207627457,47.815882771950484,12.71293301392756,21.847211770721874,0.35167244222824673
2591,-13.63848739449994,-12.637673348330837,6.692580944822761,13.084901615229859,19.62714824952938,17.08889023969221,3.79254731484779,23.5935968755984,7.837210078924751,2.3268202776690625,12.731960256790444,-14.299166367632857,-21.798530581021808,-18.00786554973827
2592,-45.89576521987249,-27.176249541500745,1.6201143290329363,2.05566255595291,20.5591080766017,14.185352781076972,11.550620018124985,13.507502139532193,15.987697976750525,28.069899908140343,-44.74584250669669,-14.289674115521349,-10.696599650044345,0.7943913294277759
2593,1.2097471957968424,-7.3668471612383986,-7.294939432355846,-1.4097626610151885,-1.3162379687935397,5.781719073593337,0.8173866968905411,7.242919702251859,8.159842480097497,12.71084264308292,-29.65800876645668,-11.342830099812224,2.5018825753601868,1.330728077823759
2594,46.093862102236464,67.01398501412423,66.79791999617099,71.61491426103288,34.12584400508743,54.41059683615628,18.239268971196374,41.82276690493202,36.45784056863604,19.610613408466307,9.017696874169916,26.735499680408598,39.88559489072273,29.56086485903219
2595,23.572163589362525,46.33090597197604,42.80492157469976,30.142964141469164,20.377591106031154,47.0095800420135,0.08067150579657881,13.191614547530332,28.326977072106754,10.166790934777662,-7.9598257513256705,4.546355167138947,28.739188363481357,17.121444159578747
2596,-26.381922404626284,17.30230414834586,11.720087790753484,24.44783003324061,10.958283021033163,25.216123380147994,-23.896440052282845,-18.51530976489115,18.08176998515563,15.627434483893415,-24.35935830788429,0.4186067174151794,5.854949379354417,19.533487019937937
2597,-21.34506664186636,19.04429445474957,0.4591077985617525,5.507052910916768,11.826884227406126,29.29318333575815,-2.1005505214198568,-7.114819398555573,16.723944752217065,3.2077425936814468,-11.721734639973276,-3.915486298387088,24.768664424352615,27.441411201839344
2598,35.59114160362638,73.45490809867162,38.493101474837594,40.74023500128415,33.51355157808328,73.96186099716601,-2.8380379012250296,18.655047570448772,17.559980969418856,18.12003666719682,19.319892808619002,6.327378209869803,34.92965730947997,27.51847411854138
2599,32.55335308167162,51.94318515705104,44.06410544633496,51.09080452730976,34.041172330662945,65.75814638639265,32.567216029428124,41.464807919731854,18.606468189219488,3.439265147397095,31.37528644199135,32.923843135311756,34.14270208213368,28.371663212721717
2600,58.16036862923264,79.82269345345236,55.65366558120471,55.208235982581286,40.608823787259205,71.67811319893076,25.35834930777745,52.79673164908847,9.338300876699229,14.48711309161681,47.52216909562587,34.11021235805916,22.350920498812034,11.537549849319033
2601,20.379837870808938,27.559329720252844,8.152638643892061,-2.688041739851034,34.646280471545694,49.966801688892716,28.640599573049577,42.55293083908386,-10.686632444254363,5.647597626112539,16.56601218772575,37.30028732136154,-12.908996550843828,0.05847552155618823
2602,35.41326549635858,22.721581181164748,0.11404891278133296,-6.283383817406184,35.754057493579325,45.59508460975462,16.361877094380187,55.28674007252748,9.808200995234786,-2.681244953243585,-1.1493175423682684,25.769975283258912,-12.438818169256638,-24.551312991025785
2603,14.958393387512928,11.243243458704285,-17.276401521885095,-29.466715934203357,19.742058617354004,30.23183496856553,14.915007521126721,30.97223556190344,8.889203091118974,15.591165523269186,-0.6994984972006915,37.820273463983064,-20.67323341286647,5.130752288736584
2604,14.84478448096131,3.9443797632781985,-44.94282502463877,-42.37706985533397,25.525735294708042,26.210512269271653,-8.364461550003593,14.918598136465258,16.34145788463977,14.634855212171047,6.6601658582276135,27.147065967559453,-12.53539717801369,8.821761685883567
2605,-5.957564918893054,-27.979761642221984,-27.962633776261693,-43.462253914887796,5.133131258414292,9.777136417714493,-12.454263714733013,8.097154683020925,13.975319286306913,0.1435213581611634,-15.555313497342521,30.710316902739393,-14.901592206532614,11.610641681153641
2606,16.09021761482957,-8.389920241088257,-24.349532361798506,-40.876868371411476,8.88479741039471,-3.3819566211188703,-5.919884204495942,-14.86326761412501,5.76583742029597,17.589084169198618,-13.215107660232935,25.338915027662853,3.888444411751387,26.220988704017916
2607,12.571349838886183,-0.12078606663959562,-3.927101713645784,-35.108873460703116,1.083416392910223,-13.066902817920035,-6.5658394252221,-8.524051312012402,-2.131724782773214,6.923835165923794,-17.69823190074495,28.943821342278746,-0.5402164530622262,30.33634422711808
2608,27.242676428605776,11.264512852888615,2.829966369363658,-22.444586431109887,-4.292532471453011,-3.5635589228191367,-15.068519845050078,-34.041799377229424,7.757117795573669,14.471668794292011,-4.017455861630666,23.49301196831718,13.47721970702679,38.81003265687813
2609,-7.674043594583692,-21.67545875962129,-17.004472646548667,-18.558963385258767,-28.917653711358476,-33.65556445371228,-36.27797087536798,-54.20570755248673,-5.406400585863834,0.3376327083115127,-35.78001327385233,1.025017461296922,2.6121418068513047,24.241004164526654
2610,-18.282315187945283,-27.42262770742632,-23.458071022926934,-29.336666180048717,-20.953711112490097,-32.873328074697184,-27.932398790072007,-62.38097395394327,1.3194891022815527,11.917553646051008,-49.87456251822202,-12.233210689544668,10.271634016664358,29.88449526995248
2611,13.663720657521218,9.884673278105682,-6.925975586885806,-4.506063737527019,-14.509845251492,-21.6274935231448,-39.81803804389926,-49.324253935886176,9.235996907045333,12.081145308184466,-37.726853610641236,-21.168297566594205,10.868713338315318,24.288040164305468
2612,9.74980525145453,10.810609112844954,30.561164697974135,28.31989517984558,-13.779320708148697,3.9197732749429846,8.656685027577804,3.5717496089305234,15.94399058508368,12.383235070604542,-15.753579309300509,7.0889438927231545,32.43625435140273,35.27754130708541
2613,15.442642275263417,5.143336320309235,18.644222148593375,25.10668785954255,-9.567794552432773,-5.042954495704544,7.51545660759921,-11.324253481562664,18.091759893239082,10.634073874206187,-2.1501787129519974,9.881936633058206,29.555881299162095,33.470796619499716
2614,-6.457128897353648,7.003935415675601,11.111413029914033,33.132845712364286,-26.341306279553756,15.074659644099494,-3.114343306020653,-1.6992592255819503,19.029030874879798,15.794314715492579,-11.199349922387613,-2.1360235468085538,19.101665529117202,25.46889150650386
2615,-30.040656775967435,-28.36088165336112,-8.464356717499532,-4.98634267050499,-16.490459239575976,-3.1092931001973767,0.422082967535301,-19.985066109777815,1.7784629093228983,-17.56064205633966,-12.560665259302574,-16.451310044491226,18.649041506550827,9.268570355235441
2616,-57.387791743958374,-48.394638968480855,-33.803738967933775,-29.459817226242812,-39.821658399173714,-30.68667944639728,-36.27449217876196,-55.31231963412546,7.0481862210765405,-5.269716224525473,-63.66128124933674,-61.97228392400965,-18.389762679440278,-12.03240437338428
2617,-70.67283432839821,-93.39473707292784,-60.42073131582404,-45.283653238365055,-56.68485709390374,-52.41100282618895,-39.22637484360012,-64.3352923448694,-10.494662217913454,-23.01330504771063,-67.69005044693823,-72.38601588129733,-15.106880333242355,-19.874012774874583
2618,-56.16065267155267,-70.53684479270441,-45.1029958677546,-36.93878071816924,-50.94463790638398,-67.0471964676763,-41.57637579907748,-76.14490446212663,-19.001155539842987,-14.218999044376435,-73.10140106271231,-86.55486139007584,-13.715073741600289,-31.093787011402696
2619,-60.42301207363447,-79.29015783951827,-29.57666927479171,-31.40877455715395,-43.89267472965303,-85.13686581696409,-30.08957726093501,-58.68232029444886,-10.734529909575366,-11.990089558867375,-62.44019284033744,-72.78363140597942,-4.768445370826447,-28.35912244841074
2620,-30.182886921950896,-36.33145077143046,-20.932779674874464,-9.86378602314338,-39.81374588559436,-72.87304255583848,-27.101587943746672,-65.3161323018418,-10.278769645939242,-11.383215777421775,-51.726411162911404,-55.3870760256533,8.21646264203949,-13.744518697339736
2621,-44.01062627346042,-49.08647833468245,-14.622742387498242,-20.001395011374406,-47.084407977132024,-65.26023321887553,-19.81083210077936,-34.81409878898999,-8.317725774509855,2.2757550750245317,-54.70379658970738,-38.21284248015311,10.523369934492866,-7.0555032436681735
2622,-58.887293023891885,-58.97909719986531,-36.052782298148784,-39.62794161734387,-49.20491371032088,-62.056246371711765,-47.238593142917914,-71.94166190724877,-1.983529520669311,-13.84691344482059,-38.27615279682758,-48.62708591814501,5.2057128347808215,-14.993489713170838
2623,-98.85975559396864,-97.75064992026297,-41.08201312945521,-58.40875489053273,-69.80203885029859,-66.71522557242558,-54.36109315068258,-75.80770141817746,11.25722174723999,-8.73431627641187,-50.9846036661771,-37.316358212689664,-0.24829522852280894,-21.360199603255236
2624,-112.69313202005307,-115.05714340934394,-67.125370147292,-70.72648993294689,-78.63518527842629,-81.70924104246735,-74.18823938436995,-104.55009200379459,1.7660981383382979,-1.5182328883040288,-69.92186531187919,-63.61876788209062,-6.059219434727221,-30.137701104399
2625,-141.7496942376013,-149.1470902533619,-82.01041686050762,-80.04353109533473,-73.72680569945001,-99.89106156634675,-79.10682432767967,-106.86146705863798,-8.845562802599423,-5.594053349805531,-85.32537911924763,-66.97922099953846,-29.446267085245346,-32.062270542567255
2626,-110.94748371540462,-121.4481137243788,-67.43285984278778,-65.85304127990834,-70.44008828744566,-87.22469827806096,-59.11773750493912,-80.70131891079541,-18.19674262774407,-0.619205465093231,-79.0510203345437,-87.61811446997973,-29.706580904019873,-48.13522973976355
2627,-91.41409961852925,-102.33116683238143,-52.10349392501451,-50.848587134004674,-46.78564288061644,-61.68790100403428,-46.82148276650363,-56.89304702691284,-9.882799755831028,-9.296064670459554,-64.04647738579851,-51.08819562169643,-25.835199054110944,-17.536372527224465
2628,-29.41489593554306,-34.94878325842086,-26.02545426233419,-19.502363841645554,-29.17918329934459,-32.92535115735621,-15.870339664946282,-28.813667507479078,-8.380007149424012,-2.8988560527904648,-12.329426013448249,-29.601002068282792,-4.58733971286254,-9.79781435394561
2629,4.54862369715708,-5.475705714430586,18.995011420856525,13.481158075592514,-10.493298754675186,-21.078736484246186,0.41084332813272717,-2.8958532565439254,8.005991618300204,-3.677827233475795,-3.400109690137113,2.0664238750245616,-3.8087329132270873,-1.986629894014009
2630,17.928179330831398,2.3276774754926985,2.588493422226582,10.9348647682136,-13.341666699783989,-10.277198284153837,-7.906099599352767,-15.942997170668864,-12.003000647237457,-6.2530613407019615,2.406290327163427,-8.201780692821812,-0.02865684678380895,-4.406738572995872
2631,21.456817426399287,13.204524735119477,21.654108328965744,23.598343050131795,-29.074549599804303,-7.808565482297985,-14.545612012127984,-8.758756742348574,-12.798854780185893,6.77617119103676,-2.756503879907283,-3.906610766176785,-8.000313435000797,-3.8381783053752354
2632,47.7232634821072,32.055114158545386,15.54082798262512,9.730937581556311,-7.947918699965815,7.396280119824736,-2.5856921606797334,-17.30931703071127,-2.927452029233995,-11.899642300631852,14.389656776353787,-1.6161150867456873,3.419973275382808,-8.727863988965446
2633,40.1917700229473,38.78296907603066,8.92495452096266,14.0357780892537,-19.411174319710238,10.714780403467143,-16.91512480936304,-6.945694350785331,0.22617018187277083,-7.7317437416449035,-5.97246853231128,-13.549598007667562,-9.252576385362978,-16.936281330052722
2634,27.80840822333534,30.067071361561933,14.044546129144464,6.820310135698962,-6.165153568781858,12.221566452718232,-6.862323286908241,-22.707166223130002,-9.204688238724996,-2.0066267570959955,7.295335744190949,9.416032472473438,-6.588787875180594,6.25866776939186
2635,70.06397700204418,63.864939479548866,23.75106938868143,9.361628093122208,6.970202034492266,32.39689674987535,-6.7819867230249855,7.251767208625699,-2.1495458110704058,-6.569839918085469,10.310751839434454,0.978166824429795,2.745376519932634,-6.508178046015016
2636,83.82639010382076,75.63764390140076,38.26749695232646,21.363379141550972,10.552591391496513,37.66037732677165,-18.5900434000744,-3.6715194355612595,3.9648262996513517,14.668585403319447,8.991398947183205,27.188132492943502,-5.707316346337181,20.568189057506444
2637,107.61105352556991,117.99454901204527,56.05834361047969,49.50395866925994,34.00623778855568,51.854734164596444,5.6244652015947585,21.98373604837977,10.445194750144537,18.014630589435214,30.347717231557432,27.844988425579174,16.205511696182725,27.105612185165196
2638,87.72134533302824,90.20842031178634,51.55898407221482,35.05631792586553,38.05972014219357,38.63806983819951,-11.726161229429314,10.288411087288187,6.967385288501132,9.760756906199914,31.084142903781583,31.182531702079423,8.755469496170203,31.745587530465002
2639,99.37437445664062,95.09093516777989,49.19419728186022,35.66751573405873,29.5057741142298,44.688302529240325,1.7677086985249595,19.88943758249179,8.876135471407663,14.201911535691881,37.05266526575632,21.070455334368507,25.032353448100466,16.949341581735727
2640,91.56673331281874,99.45010794383457,73.76673973213444,80.3006080199063,31.233801033164085,43.05546035435996,31.183644688396196,51.9038394884888,10.919985536989676,1.0890908277074711,39.89438179353353,39.75350413968925,36.60785943085285,31.124882588677295
2641,109.98539494464279,114.2020309443743,47.95497180505106,66.448551361827,34.95243070949023,48.6580795128582,35.04200394703043,47.1639825403391,9.482539155201138,-8.82650856865532,66.8151757753147,47.91586765660435,35.288265397973674,26.66452535005733
2642,93.1827165534279,96.65549411184045,60.49118090461076,70.76310983455545,39.99002699027434,53.37310475912,48.29407886492099,61.295695826564554,1.652120156410432,2.0190511448029156,59.669869952079004,37.68787320299546,22.156925210377715,2.8037548530862133
2643,40.091158066221034,41.73458413369707,5.1812734712379624,33.420410649769806,40.87888656626777,37.6242768517606,36.03256431180513,64.5059927961569,7.530448183142771,-13.355952634904472,37.84465673603711,48.02832035368036,3.9193027063831964,-6.996163647753414
2644,11.932155221604924,9.014631076342862,-10.95975083387968,-10.744275130464944,44.54792040186413,23.958099762576428,33.21411694886962,42.411939853024116,-19.09270029987815,-5.043657855357989,34.53819268760775,7.933087659698949,-19.480880288787198,-34.931283136319614
2645,-65.16132937679508,-48.84682230571036,-60.95674744775713,-55.03388171290548,21.30608839388777,13.347361188685701,3.537899111859043,26.1863774191042,-9.262142299372107,-6.426321485461896,6.047681655869627,3.739672034803275,-42.46541912836222,-38.41687036576101
2646,-57.340086897007396,-57.81540611245123,-83.06237799774765,-61.14029606857347,27.173457476449197,13.799676531895859,24.27989579374999,26.892160236279903,-4.784013666995407,-16.890023558247762,19.81159974601389,-17.10767053421223,-23.514339856883435,-42.194646093375944
2647,-86.39519711631618,-96.5293153994149,-76.68826105562484,-61.1445675647828,9.79944138740536,-13.04016777088125,14.84946180260859,25.926962570726875,-9.589131330723534,1.7922261506569175,7.475378670447762,-6.350180742146122,-28.67967840429703,-38.62875003879287
2648,-100.43313664862688,-107.68073448182247,-90.61223619272148,-74.05657394125134,-13.021384544700433,-39.36577417795612,-5.578118193974168,-15.361634046949314,5.698927141684801,-2.0970208320880674,-25.20082047745457,-2.039500941686415,-38.87140192909013,-42.05938273997889
2649,-107.90682236595687,-104.57135404836177,-45.16283933503528,-31.447901652600574,-17.89668185817819,-41.85093915254944,13.753968658017827,-13.58001646496949,-3.78349529818087,-7.8514944086545615,-43.643204994646084,-6.306735568312736,-32.900521512297544,-24.09437060521071
2650,-88.56875608410596,-85.67645706683359,-54.51906011510491,-38.3168258332692,-24.674868063181485,-39.32675871530262,-3.3935670816481567,-21.03166785846269,-2.4682846926868827,8.385161624596593,-53.669779717884666,1.536638419834628,-28.678087757379977,-14.665882034611627
2651,-90.66554654736774,-83.68362908202585,-24.568194704168874,-22.688089270286827,-13.368913508113533,-30.54022699892617,0.16772657607363964,-10.797569775078506,10.232472062017136,-0.2796415496018039,-26.183120936894216,-0.3145772629391996,-13.892360057756777,-10.951076392351093
2652,-98.3722644113402,-75.91979978602697,-28.352934193413727,-36.58808056284623,-18.00762669956995,-21.78012461149848,1.1265797652756204,3.193487450865168,5.564070326203467,2.945475581556231,-29.155877927805303,19.999165075018187,-5.385384916570344,15.466441846920164
2653,-29.612843936330478,-22.83237209005091,7.3108136994748,19.16986445705689,-3.071014140810707,6.2241934578661775,12.392919045812691,15.049741420320412,23.25906366268501,7.37197199590333,16.22577593373213,19.561023498781488,29.037175523990165,24.321646026487254
2654,-18.00168252389065,-0.30834235759495,38.807619970219406,27.590190613530766,10.625506894097024,26.142066243809463,17.180575424898944,31.6407180608896,3.9830721497898587,0.7192464141324528,17.10734795407426,46.47777769259366,31.091591152562202,36.9192355617676
2655,38.584073335186844,42.42537272525214,4.51902139177083,7.940486685006503,12.168929727369171,16.182797668850345,-6.6169172025072855,4.8300815480673664,9.258397393955875,28.069004018862554,4.114371981604963,59.627986020221066,31.935661038571524,53.91683180795605
2656,20.701621808140086,27.31482942837517,18.366938540825643,24.36400747389165,14.745096871430519,15.294429817409243,-22.708983842191632,-7.062412730811158,13.063652762894032,4.236531652414897,-2.6544126679550737,31.62515183961893,23.439503523652586,29.261392806669914
2657,0.4130079899533676,14.122799531192864,-16.473459341628697,-12.177182878209578,1.694573294979452,15.002048010430906,-42.36933927035675,-41.569944872510746,22.777903820735293,-0.04612122671531704,-13.72892026201362,21.276175985982363,16.44309294275939,26.90699849523462
2658,-7.12769999470989,-11.689803660790169,-9.951272061659344,-2.2561630986079373,6.425243162162998,3.641102656905935,-32.92572390797464,-39.432079510826625,9.207963073507083,-8.051425114075244,-33.351419825644584,-0.5342677583888739,1.1182811916957551,13.57070980087655
2659,-8.909614889796417,1.2397445229400668,37.941479414319524,34.993345864923945,30.0123987750201,28.1339697413909,5.58662489625028,13.662561935592569,10.14704055958183,8.363068355726275,-8.261257884842633,13.149902459166952,9.126946963052504,23.24897047619505
2660,-22.02639482227544,-9.306476597029917,15.987910450040609,13.275573497780144,25.25578384545008,43.174250235295446,4.685101558597296,7.687114393793644,19.496255688580195,5.710305432582695,0.789880291676256,15.905602686392273,6.198701347819538,24.10017140995782
2661,-16.344302346519584,-3.60938148361748,18.253308576289207,27.32043469309899,19.23298739574194,46.707444203862465,-3.1495815263751163,0.967715611652196,18.93860343593139,11.582131971574515,14.07316919000485,-16.04454823533966,27.7866999369723,18.458379564345226
2662,5.413502568455314,8.693643862005494,11.892757456593536,21.348040795100125,3.6673436700200748,45.10905171946356,3.342051734305772,11.463739633628318,21.69477432972262,7.802968903788992,36.91821832172705,31.643675524174487,41.811986782455314,41.09723731887281
2663,-14.209981887525732,-5.602975618707195,-2.8513066473217186,11.103010326589617,-5.976450922206179,18.350367107810637,-16.966115093932032,-25.700186040472907,22.03809785710143,2.274101941331905,23.168672948154075,3.5805724501268514,28.4269611756335,28.18412950282294
2664,-34.799783713924775,-35.10073722840208,-32.150939603422344,-13.476284349958098,-11.12464314055105,-3.818712955862278,-17.78349662290555,-25.502426390243794,12.610515252722676,3.75728710991468,-4.110705880655832,-5.446394754352152,13.439853679794364,22.18448552740706
2665,-33.41050145625643,-26.992544991091556,-53.25207058867769,-37.92897533235896,-39.1366258364367,-31.719889485244806,-50.49698416557393,-62.74358354873256,-8.178323545948826,1.3928899872588791,-1.479858366647862,-20.761231920737664,15.663559832585461,3.608127826314775
2666,-14.292222633675884,-15.521409486121414,-40.43442403736927,-18.935371914184508,-29.204422629752553,-36.29884121028389,-38.60115987296336,-54.32483558562931,-4.82736218594167,-4.282148575061139,-17.333043233384455,-2.238366411894475,9.705419498037863,12.946025958252584
2667,27.49863487229309,5.329311434203762,-53.64931830289637,-45.58624857945496,-39.81193273785414,-27.635713848587045,-58.02727444253726,-78.20576586686747,-12.466365110565258,-4.447221532991328,-16.442484730667537,7.168345224800616,-2.9979427375413104,12.845233775361258
2668,17.635394685525924,3.2902205803141102,14.69812974529558,6.849157659071366,-17.062080319691304,-6.4773839093377505,-7.954652784106806,-21.999723305779458,-19.894722173515614,8.14509372651614,5.641122279577108,6.4691687674410865,15.451986078423184,25.356007276832557
2669,25.371388193530933,6.903538202355439,-14.439347427285954,-26.313019338905065,-24.118631694518484,-13.270942105361623,-25.382684397936583,-37.55510361807485,-32.783884218016986,-3.8754392017037795,21.98937804754587,-3.2562918166364625,-3.4997980042187815,0.21024318058321645
2670,30.79785321530722,10.962523187591955,15.659868452259893,12.679975741650669,7.284371991820605,0.03492214064618133,0.47177816988914545,-3.680076567263032,-21.5774331527054,3.2033381149243927,31.336388753050326,-23.980232201064187,-6.877744353613695,-9.324811100966876
2671,23.303611736881138,21.806504746103233,18.66980220404283,23.070704282022476,1.518816907198338,14.432732097765339,26.974285674444186,18.84600151093721,-15.61610392814824,-3.71261083466005,31.997285413083635,-5.68964054544109,-17.589075074502826,-11.986291868432774
2672,65.86693566923647,58.79250412454405,23.53388214022823,20.01462600460992,14.467257465352738,16.70907346728159,42.373712872030715,48.53930450023749,-3.0797120380574,-10.855596853905244,52.939358304939276,21.88341831080132,6.546281223404611,-8.254503961174551
2673,58.88727368412771,52.682209729352934,44.958593555682846,45.79172965257286,31.733566754983674,31.227072898812512,44.37570915897289,71.14579207595317,-8.742083199831374,-1.821821348985544,45.89897309498909,29.578232002669772,-22.332064161557092,-8.812036097147864
2674,-11.238557828450878,-14.554729163373556,2.6449428502504904,-11.306070779697269,0.424511956587998,-22.707187365412995,17.56134847142399,30.035810820564553,-22.428017304839226,-15.752820246544127,15.439316608928568,11.811519540390123,-39.99045462269818,-34.679834243147155
2675,-13.546868754482468,-14.610333470928914,-7.797096521431196,-11.199363825597485,6.919302788068988,-10.057528319173064,24.18731684778643,38.34877564553856,-25.844178519698062,-24.063720983100705,14.030962101402643,10.950411982482292,-33.154478943306394,-32.61898584631555
2676,-44.84830659991854,-61.68747931791435,-22.126405747362607,-34.35376253738802,-4.0801726001126335,-27.836495721886966,29.11026428136366,24.825640531374862,-28.165580721520183,-8.768618924660538,13.24782548966242,19.523113804565583,-29.562384177782288,-27.564807265647893
2677,-40.130220110541956,-52.98455683310315,-52.00689053792758,-52.91163479024122,-15.025003529734654,-31.09290286977289,4.115510193623856,0.22777557530229195,-26.46454467939385,-15.316534845008299,11.453934552195033,-0.2727868350074346,-13.949736122495962,-28.629648501865198
2678,-48.461622717773345,-65.36660535907275,-61.58909980206092,-54.99653496799569,-28.504918374318873,-37.13039088840846,14.578026814920893,-6.103557412261361,-4.011512293746119,-12.955030949983431,11.194126840696295,-0.8144886320295173,15.141020716819696,-10.531153276676099
2679,-36.32542595583647,-46.19565639557304,-71.16978746379304,-67.7582658671528,-47.206846316368015,-48.78932403134678,-8.231183438493433,-30.195527975082495,-5.427801765119619,-10.577497281881161,5.612189929090524,-31.673050159847055,12.97589845157568,-19.514081498289457
2680,-22.80050019608975,-29.198280071869476,-34.16600193752393,-22.056901280803014,-34.90575134289223,-38.71489344750081,-11.40959507853395,-35.70462091644411,-2.0455879483115975,-14.668159037185326,3.4390400055172856,-33.0479603584908,20.408843182613175,-15.265587497137442
2681,-49.58148751212543,-54.80892806044026,-64.24009298646857,-60.66378868210751,-59.762460449911266,-73.46805154834892,-45.068923213021705,-62.55271466219509,2.0613666489707905,-21.77620111215012,-25.566240687173703,-66.801616523517,16.110121081196745,-35.24507149128352
2682,-50.30349273771966,-71.47254058483986,-37.597402114134916,-48.82524755051296,-54.72357845264786,-74.96403814979412,-41.81038555067794,-60.38498290412472,-10.121806263798803,-17.47159419015921,-40.45048769461829,-71.48451191188447,5.4875234083531845,-35.152558767965694
2683,-68.94882002860813,-93.44274430217699,-69.02013030607985,-74.85441863661866,-65.65679224809327,-93.45834383826248,-53.2906977627788,-76.1407478074819,-5.843306394448891,-2.2797136419746127,-59.77642823358855,-84.0986827143446,-7.4695806919829755,-48.33411005131152
2684,-93.57813087596008,-101.33671803205942,-38.19589305405413,-55.33192266100506,-74.88351535178799,-86.91074605708472,-29.526651098949138,-71.28680168310406,-22.70900672140513,-20.757256515837163,-66.16964524227765,-100.84781773021058,-26.10701079893842,-54.78872872559541
2685,-115.31573222791265,-130.74187158198765,-58.298514904352885,-79.44749435495334,-76.25483757696615,-97.92853476369487,-50.35221824606135,-103.70821739091282,-33.62171110581928,-21.436967106647987,-80.9367853230603,-123.47685958386316,-40.42205134612675,-80.01960687888946
2686,-95.41339044894077,-121.5935428920489,-39.45551020225136,-44.38196161457962,-43.91189681603919,-71.79271717841205,-37.44351607970633,-66.12180836285368,-16.742859276128012,-35.97239729222372,-79.66572035687147,-118.49642683888806,-52.1318162276126,-79.89505375079703
2687,-93.94002903387485,-93.69581464638536,-42.42444435464293,-44.394681362551715,-43.78286728933952,-78.76223608957226,-29.838835027563533,-44.365023768131195,-21.6119339959815,-22.50706050313935,-80.98267336925804,-95.69349201355531,-58.85067205394936,-80.00926694819172
2688,-38.911464106846154,-57.40367827939761,4.835527542058878,-4.565508796530265,-13.688074796889692,-44.28508285965855,-6.53117674744305,-31.7127019196402,-3.9343059410384646,-12.287220222061253,-36.570991615875315,-85.21488373712454,-33.96383197493239,-57.59544603682043
2689,-43.36891339119483,-59.44852033034323,2.306120905339584,-4.436487826207252,-13.647503012588992,-31.199717158791753,-3.4007811896250355,-9.501521606252023,-3.4453115353301826,-10.059494574571627,-48.029378566459044,-57.15203845854588,-42.69890536698695,-49.00449812052955
2690,-39.2909362516369,-45.04653746857198,11.712171091389175,-10.89054565998465,-7.735538172630184,-29.500453770849997,2.170687416983195,-12.766284546227187,-2.9555773786394557,-4.174095948841455,-26.74701704652098,-65.5248748827582,-36.67572179541307,-38.76907250526281
2691,-57.25641188051676,-47.38943160313759,-11.054382183884803,-16.762250335045586,0.12233620280033497,-26.985712155657886,0.28298404142458183,-0.29481769329544344,-1.3475205268357786,-2.8674759943648938,-49.61841843528043,-24.518416113070593,-43.6766005460468,-29.42678263779649
2692,-14.90012698345246,-12.601040588005176,2.0823646124209696,-25.516382863006495,-8.53965595122138,-23.670202599265966,-9.037413113510862,1.8622763260782829,2.7972455516346586,-8.910226991270013,-34.892931727303875,-11.634292553433943,-31.40975263173338,-20.03407208496485
2693,-1.8766519139235216,6.346716589571011,38.68800169679334,23.45623719264502,10.606372034070159,7.410924466771158,22.019603713627525,31.376285913066077,0.1417852113667415,20.883121961734957,-12.076565321106623,19.94801186480197,-14.870654539843205,13.288796555759307
2694,62.40467723073252,79.32090945332298,40.27009338426986,22.059180238902616,31.556208629510643,30.827140030465905,27.717282420402455,42.170814333884216,4.74585351377456,23.756520931400104,38.62279654833725,66.4871688880899,-2.043661113155552,36.59425726362867
2695,70.45978803575463,82.38925004821289,68.62401740299025,66.29362149058939,39.9854492845013,40.14800789368307,35.91138929213358,73.10667007654152,13.631615274741948,2.4308581737664383,27.563130789800763,54.28617807001436,2.41308389683113,18.375197413374625
2696,85.60312201808904,88.42117876878926,64.3363322454296,43.413507948642575,49.644514096509845,54.61820595571866,62.47056414036131,69.09828663523632,8.648553055931684,12.295010666069711,56.313238705138836,86.51627920548081,12.71418697312445,32.490222967413985
2697,108.51460750573352,105.37959414740146,77.1387931991848,80.81885347797407,46.00604554514536,81.3592792368876,66.45342323044765,97.99209833191864,-4.302211214196035,14.053924905320837,69.48010645534485,108.40011462482533,24.662992253622953,59.04112826247619
2698,119.8929432872852,142.88700026613256,95.8857329766446,116.13553052282518,73.37064033946096,106.37898257088646,67.90715517168725,103.95355971927295,3.818064439353259,17.750801064644016,87.35763968124687,125.8755503749825,34.77941446750627,88.18615778197108
2699,151.92277870203876,173.9710020246822,61.30412950222178,84.38366704673956,52.297221593123325,99.10871141482916,22.113683216840105,54.075936983257996,6.517978724641108,10.997039744060213,71.72733627439506,128.13280243782083,40.68940377456915,80.93251560203197
2700,-66.49633768627157,-71.08732424565274,-169.90682835431846,-146.09269930237537,-48.571567466202225,-35.19082178680825,-74.03230392121847,-75.3307362696047,-45.09496355034756,-15.607156038822506,-46.64872165745084,-57.240619595445914,-117.15342114843654,-94.6819536281183
2701,-98.00620683731351,-109.49735871796875,-157.44021628379087,-138.55524399179444,-77.06851470258576,-81.89903234266387,-94.1832959160242,-96.2349226121706,-20.80750459260361,-6.3783392103423395,-96.61303851542368,-86.33346262361209,-106.93872655534723,-91.43601968735014
2702,-171.88078884409705,-181.68470702545798,-200.33497217581797,-190.51459993977699,-142.6937685301573,-155.21689900408379,-133.58030752772171,-155.19340915986157,-47.26231067312694,-25.798153054257394,-152.2359537384513,-143.62817928261677,-149.70776422118658,-130.62298278289475
2703,-132.225163757042,-125.19360304680363,-175.03009916627582,-164.59359573389156,-125.65888165215888,-127.41161378880058,-102.6474243280854,-129.15535968074127,-41.87566422668976,-14.239339287602343,-106.17231854960986,-94.35604955603357,-109.42395722066301,-91.05075548124007
2704,-62.07407271525647,-71.416703921207,-100.68301936009117,-92.6720017136638,-64.2659636565372,-67.31649279136715,-47.43874895544552,-59.38275027441476,-18.852939252041445,-1.4051447148263323,-37.46475162887461,-52.714513300499235,-57.2689183274083,-54.689682447845094
2705,-48.04398572128074,-61.51113946749393,-67.76754700655475,-59.946444297720475,-48.03393777624217,-50.79613164438309,-25.11006359452537,-17.291653908163315,-26.263952734680032,-16.182616284040577,-46.9010286837745,-23.0665986089889,-55.0638438616085,-55.7355109232546
2706,-123.51471190969002,-129.29674065715403,-151.76789467862616,-157.60087714681518,-120.3566119810122,-125.93479874914524,-66.8617658036866,-77.52969230539614,-29.926227929697728,-15.522673839708759,-113.31741865658779,-63.86922838110065,-94.72723524179372,-98.0833332151411
2707,-101.96263925181987,-118.01684923621994,-120.46127165372745,-124.93252345749755,-101.02692125069703,-107.93867282599614,-54.97395681035759,-55.74467422805043,-33.0842339214689,-30.046151330978542,-95.34005582011275,-60.0607180495398,-79.82811561831113,-89.01548880168679
2708,-136.26634488648008,-145.69939558231957,-130.11079007323528,-132.54791770722179,-141.38968478561281,-142.0164999366214,-51.08652776414302,-67.63665656004068,-29.13951769430442,-34.81228754974256,-96.16134763510864,-65.03331026071747,-78.58069479079224,-99.45746547808126
2709,-121.24686150361816,-123.94410677515891,-101.96368370431178,-98.244294837398,-110.05201256195393,-117.67262344834884,-58.161799558199746,-57.927365466359014,-22.89743557350827,-19.772871311023653,-66.1496637421369,-47.8598797979391,-65.66199551964961,-81.43959210181033
2710,-105.52599363948555,-105.02980150058688,-70.468540767384,-55.775783236509234,-74.4074632456138,-80.07867430568555,-22.8510129621584,-35.229871021957095,-22.498124493194364,-29.217117760235503,-16.666938680182795,-26.16730154193543,-39.27225492996566,-57.71317776885921
2711,-94.85797019830488,-91.92731230115257,-59.865565388111264,-55.70359792397619,-46.299462994836155,-63.222426341550445,-27.77020178737402,-29.125610107994863,-15.00924825020329,-27.544890807551315,-11.005149673353005,-12.721631326537938,-34.183861032537,-47.63382823850013
2712,-77.74782401151423,-66.00098429821387,-13.071003939401509,-15.504065055834145,7.088871847693406,-24.959819784241283,4.976963355527516,8.487673175291855,-8.505281380262504,-6.10047294249779,17.046492379086224,3.573303583607945,-25.724687587514374,-31.36157205235759
2713,-51.63764176390542,-51.93768254523855,16.123754997741973,-8.931074141778694,11.929971601400585,-2.6095569582804585,20.809031891001297,21.241736002977987,-17.539273987842456,-9.711782430667341,3.2110541815300744,5.635214936612446,-26.07684822114607,-19.41362305896263
2714,-4.0374385055812105,-7.452474935422934,52.08505374324428,45.1198106376455,39.592051842304514,18.039919321107956,39.82634999205341,49.56194867702502,-6.310893257049134,3.163044244369879,35.33875003211299,6.516980402693825,-14.262755950300717,-21.48668931223043
2715,-43.726416160921374,-51.70450432086224,34.87173032336266,26.10642979732026,3.9030600368586534,-11.251840657608325,32.94121983718222,41.11373828820387,-11.91334852564084,-6.201973260258879,-20.362070035562102,-7.231923297669201,-19.54021599235748,-33.209891529521
2716,15.161333275109293,15.124690691705807,78.87282156812739,59.419880983737634,39.20327039216555,5.408152523211761,45.066025939028364,45.023475715484906,-14.529092062192609,3.5326801517238735,-5.650963526912483,-9.621750152332414,-19.623889992382054,-28.111121509749747
2717,24.66974954893567,18.217387614224048,88.64013808234343,83.56148446452126,31.538546031321236,11.72804604019113,57.2960544521377,68.28503902440903,-11.904792725422288,-22.78398345060254,5.3525640569911275,-0.6744987621259855,-1.4422810771077246,-26.406359469489487
2718,87.45028027174278,81.3750484424693,123.30012049054848,122.07092562817382,62.78055473215571,50.865153308105064,70.84719280985463,89.57642760828843,-18.905399001693997,-13.166560997424526,36.73439647283602,24.725498128349816,16.661370969847134,11.582518688958315
2719,84.05244611257791,85.75802701302838,134.86550658811748,138.6756718536092,62.79664518017964,70.63172393091496,102.32069212809152,112.93253111268686,7.645048599359178,-0.41837097005520363,59.92223685091412,35.03117797052925,25.822863628043763,6.780574799435493
2720,68.52194027332692,75.71792144322524,88.5872443101692,97.2664896126094,61.42704419471721,61.60845109817297,72.09266443380835,75.43641196849573,-1.1577630689627558,1.8085524262000254,55.94393321755693,26.844610209050973,26.26935832850163,-0.8467104668687981
2721,136.0305721934065,153.57888991221236,127.96828814556461,153.31372987750328,128.7406280134879,142.5042207764487,100.53913464755384,118.70404347350984,12.483370540314937,2.043719353442377,135.41292493320566,71.77207358049327,38.44670513640041,17.937852238834026
2722,192.18161031679372,192.25046033986976,172.26032403348663,181.13384663611635,179.9977194673856,186.25996346037965,132.98619767863326,175.25750950111023,27.735695486833645,-9.743589765920355,172.216725602586,118.57916456968509,78.31621749693896,54.06477680559283
2723,51.20349358227751,62.61522130298387,9.090943258921614,20.29683565490664,66.36990313057036,79.34658911591116,30.557214855586306,67.94175225572425,9.554517268901195,-8.03532678913988,59.826675132809726,35.41844807539564,7.961982853669885,-17.140362530244342
2724,37.73567276497733,49.45653350038696,-5.412271076666079,-6.474896112270318,68.45279552656262,79.2061600817948,31.88152779868346,62.81374278814856,1.4377336228330677,-11.037303384634377,44.98781589607557,44.585789926533934,-21.063550273265754,-19.86760056385221
2725,-38.47661239677025,-51.42513522257215,-51.21270479330116,-61.643610447940006,13.760428816224538,15.090157294955402,17.075668536609324,21.968203834532385,-1.702871990662053,-6.685393716320167,-10.614014808247749,4.91586845008488,-40.07438814477761,-46.32455989996351
2726,-57.16799199591885,-58.03615161106704,-62.63167045308895,-50.32775599047772,9.653549651884347,13.174456663356876,-15.207808210085103,-8.652901786644232,-14.400273751372756,-23.60502845843622,-13.301280426274225,-6.471293526571587,-43.36864790258168,-48.9676511072598
2727,-35.5623117556016,-44.62592387256686,-3.7184988184113603,-2.127324060493701,9.224210801678444,7.6923176817859185,-0.49666297955527966,-1.8983173231505142,-4.362288831467952,13.340367043378702,-1.246591571166821,-7.737868710491721,-10.60774002213991,-28.47718731338193
2728,-75.07382867945556,-72.19570256880154,-32.226429978907,-32.87457050136195,-34.947330733692326,-40.25002297502976,-43.59124037014272,-50.230242115088785,-0.9333295729466374,-13.610292950332338,-43.824490182015744,-20.229972533467613,-26.31219684100563,-29.14560756096522
2729,-26.057754806640972,-10.958105097160303,34.39850498375345,38.338615742574156,4.424818049777924,-12.390377463965335,-8.043694533048981,-16.980491020965637,17.83502643216406,6.59765799322898,-21.275961368900063,-6.095391409620181,8.969930730679339,-0.47847129417643297
2730,-46.0841414510126,-31.093917242824055,20.0766405603761,30.768647135180565,-28.607946649685594,-32.92096878951115,2.253196535909828,-8.474792258377086,4.168013432283772,14.400607634478703,-18.14472901645364,-7.841707233707961,7.900600510599014,0.11833663403066713
2731,6.1586090591137115,6.128390186466218,59.685384916712046,39.947162353240785,9.79370388127973,3.0076225623437023,19.470677654731855,21.150796268722498,16.012131494021546,9.466418373444663,15.92618462058995,12.75237834467857,18.608316338609654,25.075701611044646
2732,-27.044757898387488,-26.732030023728857,15.379866181015837,23.009546205706563,-8.01538894154341,-14.831545710938855,14.270319884394041,17.20700695234624,18.816206308053648,12.339750611714122,5.72883182590558,6.660936124993098,11.32988930712879,17.552931608552047
2733,-0.7517817585562708,-21.4411699231957,-5.987188511792965,2.5414561284494632,-3.299854605107341,-15.40426844894991,13.965314075619789,28.781041068230714,4.684150928468778,-0.8347143261253802,1.3459108959011292,20.743607874908932,9.416539810909768,8.611248265086386
2734,-19.13047991461216,-20.012253302600826,23.3980884693424,37.53236637515171,2.6439154446220865,-5.513841749265039,32.08213049295382,42.264922972707105,-4.32620115940677,-13.768625696206225,4.306294500698332,19.390226919365386,6.295574986326636,7.228428127164702
2735,-6.134606090539841,-16.320555618965656,7.35187568752626,15.84823245736205,3.942855722197362,-16.24614417084633,37.191572785149944,23.051863960589625,-3.399825888293171,-6.235925603869819,-3.0764590742288895,-2.906207822599656,9.921886433904028,-0.7366840007904591
2736,14.240382866348543,7.077699612759361,67.68619857481598,63.05906203440676,25.111518826098543,13.856181747921454,68.88725651436212,61.59954894735372,1.6981269897007738,-9.379575067987119,25.908164823799716,20.18242032060621,32.33818337844204,22.736160686642076
2737,-15.29149685474329,-13.441657477578438,9.848894272542962,25.344497551502613,6.224548718735164,-7.776041640672184,43.13002311399657,23.900939762427534,-6.323711867011805,-1.9666141237387442,6.1729633413703935,16.27628245857899,15.858215984967124,4.260286380371072
2738,21.243937219476194,20.45052120025658,29.61000492081958,38.54468933753135,32.19434107665723,28.67305294344228,56.95156247430195,52.59952034800168,17.546265536266898,4.426214471422077,79.88434968499786,43.55408020810429,60.33338253539099,40.46645972233917
2739,65.40019893578472,67.64735961248226,74.98126528101194,76.72051868073196,61.13839996193913,62.85552255895417,99.9393831067321,98.15055124708759,35.57263141402971,-6.216827133429855,132.34098432136295,103.21339591912617,91.9599931279661,66.59052781954652
2740,20.250851157097358,4.348981074832821,-1.82322923166255,1.738588045451177,10.441806236467043,18.478782818097677,27.2033936354359,35.09706635536454,16.451641074948736,-4.244584068010683,81.94231545478175,66.54949499090745,64.08477031161087,44.44024252398655
2741,-7.7346887935011335,-14.019965933289686,-17.824190771529903,-35.255430818527415,-8.69290222355822,4.278459073063209,14.401058589259549,25.195083740610848,8.167945541453557,22.81906747416264,78.83565601348894,60.502917137528776,61.30532530979704,45.314808748741974
2742,-47.4682286018073,-45.25620491238532,-43.73959194463976,-51.84328379568143,-31.547883606744335,-27.542580544552656,-2.702891993599358,-23.18118829173087,4.6414142572258275,1.3973560296071108,38.44482490954746,38.278987642300855,41.7723971287029,27.308448315955527
2743,-30.814555211569875,-25.07923165832804,-21.10162841221643,-34.52875199765247,-14.957866721239318,-7.97196812275005,3.3461325746090944,-17.600137869533498,12.583426657451822,11.752591039218576,36.23252774718661,28.822807532322486,41.71188911689687,40.87825150551558
2744,-11.92584048056636,-10.910870825560053,-5.84296577383448,-2.8564884767494014,-25.4997205595347,-6.6143470318920565,18.912177276875347,12.78591773099358,15.122097518331776,5.037459914178349,32.72259100778537,37.37475483206743,50.64723017166694,44.65428797030108
2745,11.919892775195711,14.59688436263522,3.957600063802248,14.837047937662136,-2.3594364379844164,8.751195593013287,20.175693435043637,17.68390076796245,14.0899631819782,-2.2780556886196446,9.197361238805914,34.8956839473808,53.623262989881376,50.28928364320269
2746,107.70551151806369,97.43452582740628,106.40319650413802,96.12799668669763,38.015462793338095,68.01346373710399,62.874476338664806,74.69758620376547,38.479012856502926,9.628364526840093,46.165820424999204,62.88525237597595,85.59301528603565,88.33391635918076
2747,55.08713397753075,82.82983221728718,57.6624682540155,55.79907531486269,19.510999172624743,45.29279692291199,21.218120470227962,31.486073403897876,9.406817204529391,14.056069175036216,3.8547081563787255,31.117719317266506,57.34191124591974,59.20899780983728
2748,99.24311781284692,115.79450692278895,55.696619264415695,69.77585865345281,39.326112539419086,61.88755815233835,-6.111484874278254,10.599677116732895,21.89413449119748,10.260217367108742,5.356863903400824,19.1386617640928,47.512974897778186,55.91147600108774
2749,117.19838952929318,125.38771351967766,93.3520198559453,102.38638410009594,52.611382945793316,86.46029833029961,13.666137526403284,38.05182269156578,29.315341073070062,6.340883694454183,17.089700240706755,23.797453056246503,59.150306245116404,65.12102330275657
2750,86.97694987897366,115.78270736070652,30.544084419239013,37.06129563367781,48.78085315061245,75.22203313092264,-15.37311665924072,-22.677816308570492,13.533876257783822,2.219924170263594,-15.166996147900273,-0.8654110023876839,28.568831612921322,41.15373694530611
2751,197.04310404025819,193.09040359576798,113.70051246881799,117.00945034899868,114.16630386053646,130.78227761279035,55.56635560588678,56.292481597139115,27.761219812416808,16.23891007510306,51.53170071135383,43.28960560061992,67.1521420035577,77.79547535764826
2752,189.50515856911247,189.85036774726422,167.00410797741523,156.64074799683416,111.42348297399101,126.54434252886935,99.49112196597873,96.01707867382387,38.39588407893516,22.4118985768186,52.70875801121755,49.4336218234337,62.17794060542029,81.5295385687347
2753,168.75973178706357,176.30423939321344,107.19164742967659,91.93936211835906,96.63511202760077,103.83909067509872,54.56490186677185,59.24921692247763,20.12833151270148,24.693797139297647,22.47533781029599,45.42098445834072,38.316261898736634,71.14034796968373
2754,178.99354337306303,173.05625368955648,144.68093343708566,130.75048684806112,107.5886496610899,116.58659705395748,64.32407619140561,67.52221381227943,25.727991396385644,12.080154873554312,43.39545741173093,54.8798620918931,60.13241651286341,85.14789060078236
2755,61.51152700715985,60.149353413094666,22.393204336413174,10.71817620942833,29.871321997271025,22.992863766736345,-12.561949031466572,-28.1977847837892,10.921779712836818,18.866843374978426,-34.997161295300515,-4.051425021957358,-2.911969409213898,35.925654174782665
2756,60.24953848145584,56.76125069093375,36.827481236613984,28.503119275899508,48.40679636194465,28.30862276979414,-13.545969451579648,-12.034845465647347,18.393207861530943,8.826624536134332,-21.117046840465633,4.555747206670551,11.06777497984973,47.52312487010308
2757,64.96605463737097,61.137589424464316,39.34142445259652,55.362349276689805,38.42322863721066,31.156045375138312,3.848779746505786,8.81886386567287,7.595858990203587,18.105351461175,-15.163313411650725,15.002198260699762,4.984275308389979,36.72269659263513
2758,52.58122044324531,52.177819721876304,50.99656743740268,23.50975548251016,36.78785322778799,20.39854729432915,16.88419486954533,28.065271166307774,11.589559490506929,25.711289938661483,-1.9385178134310772,25.218128044494602,14.539307324942047,42.161114981984035
2759,49.92278597348876,32.867745076061205,40.60767716727764,28.021168356059224,24.011002950139773,16.476939723342245,35.52535382106241,29.432019869758996,17.597213235595387,16.6813846258397,14.928634033540607,37.335479223016385,16.000359864655277,47.381657739492496
2760,-27.395055572543356,-23.151773778558365,-19.415588951141096,-35.2540742155516,-16.943227466312564,-20.833351226663403,-17.581558866664228,-31.661798478772255,13.720522163243913,10.204400890072854,-20.734434637664073,4.991863997719725,-7.823272092257058,9.747549054208507
2761,-37.19376079952249,-35.62038364301578,-17.586325385424214,-23.168417684201067,-24.150462888832173,-21.87473643134079,-23.895650886647243,-39.47666449257862,3.510127204762666,-3.6342693800204584,-34.63019328602597,-4.63343219479318,-11.005387577810392,12.344730158351416
2762,-63.40432546695383,-78.86304302491408,-69.41893703846087,-58.09942036792805,-50.675649864709264,-32.69978809252354,-63.09138126637949,-95.07520289737487,-3.2206936696908763,0.41630165452956236,-66.98104806604934,-45.467925832601445,-17.048394708348546,-9.21193457247479
2763,-22.592738101825475,-31.21033009164758,-18.74295254109593,1.4315421294817439,-9.806937794285167,20.33625662878206,-26.308855411902265,-35.59134328309465,-0.6786277653268531,15.755018295541383,-21.923245320519193,-12.849706881857957,14.962151157473356,15.798428604805547
2764,-20.668929682112577,-31.259313497626817,-25.6627243941884,-2.1977144846929964,-27.524027578478304,17.241823951476984,-32.730892172867605,-54.965373371421414,-8.079509046861777,6.444955761398593,-28.296839955624396,-24.792619422961522,10.801961183979362,13.104845460163794
2765,30.904103556606287,12.215801548528773,11.254883476429262,30.342938816639087,6.256671323494027,44.231303247617745,-3.6840549227796293,-21.311303214952325,-10.95580425246542,8.305352060341116,-1.0959572210793307,-1.6531856711028523,34.45595015261776,35.22473791005822
2766,-15.849180710174643,-41.396909072406885,-6.714140757931214,-0.1642333158640632,-28.4711264503196,-3.374897300448109,-28.310406644115307,-46.294871668721356,9.375353919461462,-1.5265664741663958,-34.370135282266645,-32.94162907734811,14.182010079517365,9.37527885707104
2767,6.024148847971251,-12.832830961962863,-23.70802767043939,1.0111779792691333,-33.08534774909288,-1.6748864536444579,-33.22948096724939,-42.77449924576033,6.129580304786533,10.906691874049748,-32.84191813482297,-15.255752439899583,-0.9558161206715994,1.6198079907859586
2768,-36.97568105257066,-49.92612352683728,-59.22285546997364,-75.14815820411329,-77.473588069411,-67.76217563750093,-56.354668932585,-70.68528957529375,3.539610865166829,-0.65952303575998,-57.4798732075059,-41.95113435229628,-13.359837956495173,-26.041705789765228
2769,-18.79529803632354,-19.424027695230553,-57.090019703746144,-57.928342292766594,-49.195811064250194,-47.26094300459874,-45.865294676610596,-59.388693493875415,-1.1781861393228228,4.26082243936872,-46.72315788779171,-34.150270412170286,-16.356971067848725,-12.254139927782132
2770,48.88416638671159,40.16984209962951,14.943571029008597,15.815324337273465,-9.81601222282821,-13.699685658927425,-2.887152390145165,4.745712407137153,3.4103541172954075,24.65141562258065,-26.599513298650102,-6.568805026747093,3.718230127431103,17.427310645511206
2771,-38.19202979188543,-51.49063669447325,-71.68022465320065,-73.3283492093957,-54.65445465473418,-75.50926521791038,-45.03991453384505,-62.968432081950766,-15.51996481886155,4.965669853204104,-79.07403411493043,-63.673733515058046,-48.18431877995478,-26.179846164577295
2772,-35.94586479048566,-39.65932151671872,-45.687241428230315,-61.19095299898584,-41.573842188886516,-57.78523101024768,-48.60508819257978,-65.63022260911161,-11.978125461729896,23.96955825339529,-48.81578365054164,-42.88733387455347,-30.473406987321134,-6.200393220057956
2773,-72.08210521469366,-62.38725943071527,-56.13671778890904,-77.51649663710474,-69.03359289040193,-88.36103307889023,-46.50579339318116,-58.053004270531424,-3.893757599774949,12.822728878625307,-62.65127132651385,-53.42002982936285,-26.648837698730123,-14.560724633879495
2774,-46.71496329807594,-19.72349923381689,-33.90261517282834,-46.501202609943554,-35.53457954677846,-55.97885947325414,-38.945340091005065,-41.62690025323688,-11.384510605092375,16.56963170785165,-45.54715982205464,-26.55423898127009,-6.536666383936028,6.82375986238684
2775,1.7320032444024658,20.01646304101546,41.74066904023207,26.956924352978003,0.3737314232377029,-4.694609962534874,24.338704937857408,15.177986498229359,7.118795899105035,8.95135783768157,6.914083716973046,1.6113291296082832,41.32950174338753,37.49044033443802
2776,-6.643776737671565,3.176632808008136,9.290357315230294,-8.827389233432049,-5.607698734543261,-20.856605583164033,-6.115414075914962,-27.140367800671804,-2.3080675402850965,-0.6255865449665627,-12.013202583053287,-27.847939591320262,9.284605798499765,17.84053653983417
2777,35.486068439902574,50.39105294668045,36.95182459628074,34.565285490669474,21.107486904006127,25.160374272822327,-7.575981539704462,-9.132118655653368,13.561346453195917,16.02519055974046,13.637574906272379,-29.92987649261454,25.098964006331713,26.15325014932631
2778,-29.608910787736825,-9.230911837108618,-43.3525177519563,-39.78720141797487,-24.207838079760844,-24.481457694530086,-47.22667397878154,-35.52884185291634,-17.072153014856685,15.952537998448632,-37.615350443457956,-60.63123853146096,-10.186148677230886,-12.989419412443935
2779,23.42151612569927,33.43877932330184,-12.769003610846118,-9.377973086204845,7.084674615722509,7.671800197068962,-23.35936067003738,-5.217362559074988,-0.13830537143029295,7.011615983723274,-25.184305830619216,-49.98661384862952,4.32174591374473,10.193525077712254
2780,52.659760364060745,56.86336794925706,10.054088641043581,7.455875073273237,23.974833890261714,14.690769133296808,5.476816776012946,27.214532668078213,0.7427428239851146,11.802426533493728,-7.1219111947962395,-34.857371131702706,23.862393634294165,33.89418154199437
2781,6.355355989436838,16.398189668051295,-61.079414573772944,-54.43841882643896,-17.85319106360333,-19.203418089362618,-33.68418170084153,-22.22383069071524,-8.085876804768363,5.923697197540166,-36.303911019435034,-64.4729627519586,5.548851521248798,-2.669283774217554
2782,53.60447456875831,63.559278512249975,-27.44373649010349,-14.721763049705661,29.754977772503693,46.55455818056071,-14.906342811286423,11.678715616833877,18.152572112761924,19.350339729416618,6.124367837177808,-16.405750779835827,26.42158124967459,34.229648976844366
2783,81.41805485665363,95.13628469282388,11.031066620179267,6.797353444211158,45.785594511358006,78.4978027137539,12.587646546744619,52.26035701005178,28.216749082944308,39.28235126122101,57.259688355531075,20.409886199845253,59.67708892358349,74.6199781780287
2784,-36.107283766846386,-37.78073750559723,-94.32559606377065,-111.66809908639053,-46.251593288447616,-18.865555036985466,-66.63354551241392,-35.63127707967776,1.7626237875695168,12.96371671615364,-34.63248207365078,-37.85566602001295,11.97964686614651,25.363704355695617
2785,-53.99722392694921,-43.31769183892486,-100.02387824748871,-117.81824469760541,-37.548551596504524,-25.167375979828474,-67.00457469292856,-53.13965643887709,17.321936141968077,22.090673145070625,-56.36015555255905,-19.70988175513575,11.053009500729196,41.17135665512786
2786,-101.493934071403,-97.00858186780383,-127.47079878713453,-161.59031047153488,-74.5273231611679,-73.3242173645319,-93.3075690579511,-91.23150002279581,10.239542293412137,4.412513820929133,-85.45339945707461,-63.63080926766804,-18.331013246470125,9.137202899863304
2787,-94.4933585474377,-97.89550078254257,-98.98001616297603,-142.31619362701434,-64.12577859106432,-75.76327640232464,-71.32876868489822,-100.94376580383168,5.3918778431412635,8.00719881179848,-88.37158903532156,-65.55215283178214,-23.272510210890932,-17.81725331574312
2788,-106.04753265360144,-127.93447284355119,-101.22480475092074,-118.684954193807,-86.58850930085558,-86.19685451630946,-82.54708299405605,-101.71710295884408,-7.691478948571352,17.223906953952177,-97.96952547068561,-84.86167770474877,-33.66876511407887,-30.510661622942894
2789,-133.53885916372403,-143.461213859953,-132.32634290195054,-132.6613725224626,-100.71883852664385,-92.457670093591,-101.51268713311359,-124.21127903012068,-7.453831476594346,8.412814580441168,-110.87199337400943,-99.94070253778041,-51.48981571220054,-62.03794643110728
2790,-134.1560788659754,-138.5269695324563,-101.44819233313386,-93.50756630849224,-98.92972299173672,-85.10810522480456,-88.13987304903898,-114.66736573328663,-18.25673998105462,-15.713977729520352,-85.22753051761639,-99.58364486406978,-41.790248170897144,-62.47117516454967
2791,-156.4470087412576,-149.14248909699612,-114.3399518719591,-110.98521224041575,-111.30695577375164,-99.43319752854427,-103.91138317856962,-123.27627346932577,-17.462012923296204,-15.269149010786453,-91.37001501685404,-99.95868282749446,-46.857388214610765,-83.63984197696554
2792,-96.1306764672447,-59.84021644198549,-35.30643210807877,-32.89670760228784,-59.733740251758206,-47.62658586162479,-64.35423118088707,-67.78044431553268,-13.162969326070234,-2.550828422538567,-40.08885202568963,-52.94228094247616,-12.857572459497659,-31.7998706700797
2793,-75.9747168408423,-58.16129062043621,-0.305074156693685,-1.9024099293481291,-57.63584233644519,-39.820303271408875,-39.63414014212117,-39.353638750062984,-1.2448848354784576,7.538147389023153,-40.54806944571336,-37.04794587122646,-1.1901559006937292,-22.3665063923472
2794,-37.08566116416702,-15.700571220268227,9.89973403661527,2.0597952429464303,-41.50476351351185,-27.841893424717902,-30.950095064045097,-34.66735042688769,-6.198287524625653,9.36974977972699,-7.907450696149478,-10.316077337769032,29.564787277266177,-0.948346602569044
2795,-16.71603271910112,-10.823762476481523,-2.7794326843213573,-4.721318439405653,-41.832678988664654,-23.116817318490934,-18.927220065746855,-23.458995987033695,5.031821345659686,-1.7745858199185442,3.6253871278392786,11.338692200087442,44.68528947824745,13.686977790474687
2796,-50.20712423705814,-50.970981540136734,-64.31669584842587,-66.06291557126262,-77.94243597295825,-51.000019448977746,-59.77792357887198,-64.96296110360845,7.211134317826713,5.437713695380248,-35.351989345803496,-14.117342037890802,15.51843857412313,-8.745801315350285
2797,-32.898800591583466,-34.95229228048157,-37.57424111445566,-31.971843290921484,-42.22906850953682,-24.183848864393962,-33.62205383629508,-43.992826455826346,4.055997173657253,10.233000847152786,-19.23447605521438,-5.536168214369549,23.028362413288033,5.756169447391107
2798,-92.86490567722512,-100.29176718864386,-71.70005107036191,-73.462690103368,-75.37397533864478,-62.39411659677391,-48.22624693676208,-58.67266908318171,3.316816081862164,5.459571178735794,-61.492420823565745,-34.98715039313085,5.930291354830958,-21.846709445038893
2799,-84.0870208740979,-69.22927409630455,-20.51870969820871,-34.00084988904361,-58.10712164929957,-45.56818263164705,-23.644247527155414,-43.14542508025286,-0.9555210179850917,6.395961603539876,-33.088217444000975,-20.53671063288995,4.387616150391086,-10.811650694368208
2800,-77.29742364213128,-67.09840644289055,1.0641758666235666,-8.181553745556178,-36.54985199189046,-33.29735868663065,10.688557784348871,-4.059943674599654,8.683404409507709,6.854590159485708,-0.3793132002034545,-6.740195617742668,23.116573584124588,7.286893876466792
2801,-45.7561073808345,-30.5432519234134,41.29460868065151,27.346192318386024,-3.407511486265763,-18.855404397436626,11.875329628678712,11.121535436748406,4.189719786270818,6.296261673758915,16.56356345315659,19.279333883436884,24.282999377873445,19.43065653374748
2802,14.499975422842219,18.05770835071656,98.3058174438252,84.8060260402191,44.54744704930522,25.548979451324097,48.964801679819395,56.31233322350092,10.915746839743898,7.061623730672793,71.13038613583197,43.9802813093484,51.29566679254148,43.93502080358832
2803,2.8243028897014093,11.41448108992942,66.54232631045808,60.39996804439312,24.503314979979187,14.433944728912023,32.56813231246249,39.4124730815032,18.024835127917747,3.861064789369692,51.51316441518765,34.802196739689855,44.12604178660573,38.541497236608436
2804,72.59340139427961,72.04993400806119,150.65583229297044,121.57127804872049,68.35040927138894,65.09302728799716,67.36177529530542,69.41851087556286,13.182196923094688,0.42787164946873535,117.07760836612964,65.79518526665308,78.11360732939032,69.93989748091312
2805,99.75964605677213,102.28835115539235,124.16713706974662,125.58747158155738,70.46379524250855,81.70650891875677,58.95964434146159,74.00894121096113,20.0739020022602,6.96107874511444,109.40250544620079,70.73930848729066,66.05176820682476,71.78512759816527
2806,173.75925085940392,167.0851002206726,194.0666573231795,182.19615490807027,119.24206175553468,125.57540487957554,104.4072622027851,121.196932049721,14.012324245131099,-1.808889139801939,154.14242129477753,91.95347034107955,89.30755904204844,88.45775126575535
2807,143.49039327606266,137.35603784968347,114.59150446083332,118.07116756800663,94.3518088533834,88.4623968819031,79.31407527437258,98.61706992532169,10.880458157666325,-6.241899668659679,113.15135718087348,76.1508759143104,37.36171008871043,44.44862434408608
2808,159.0270390814309,142.81782395404548,99.9524412132781,118.96176883758731,100.15770547456742,96.57308584667601,72.60810376338819,86.45879899479993,-1.1288950388059924,-16.35486064104596,99.90526052079393,62.960139821668186,20.43128665258208,26.415817126184717
2809,106.09687921614123,109.85186024477271,56.20982831723864,67.47819314167812,66.69599625165532,48.02390079641152,44.65945463053962,42.23036761202989,0.15505666065459126,-2.508794877496414,64.99471602426244,29.021939387662435,-6.632373403224069,-2.5734262186298578
2810,121.17524715985158,116.49530495207915,66.09793754010322,80.61077118977434,71.14435296073933,57.82379270930917,49.6694347622581,38.8910726957085,-12.225542439860247,-1.454731057919137,70.51681381656388,39.81000442122781,-4.418354146556073,0.4674265353971178
2811,134.27279046361647,132.94283113329288,97.63488888092571,112.04009554898066,79.98791994698094,73.1763446545227,52.76696553755388,75.47494447275793,0.660600804065675,5.912668686330721,93.36528526502165,51.525811467872245,19.938218096278657,39.70268659942481
2812,89.32562440363479,98.35204669882617,52.43506534602403,66.03151440567473,62.39169160554392,60.014172968220564,33.64886293285683,34.300236917791715,-6.83312859393957,-0.6427843913618903,65.65638424920337,27.058562315320074,26.286331543629412,19.40127704100504
2813,113.74648640095604,134.34460843381447,86.19882397114146,96.10549885727764,91.34619444266103,80.116584018408,23.746265499820385,25.484565280849704,0.9159062422759886,-1.5877086731416474,67.44881034707643,35.26424515051477,14.711896437587958,36.6493899320906
2814,97.71959008014116,106.36240341704095,88.92562030547812,72.46329115465144,73.52842301222096,61.01324790352545,27.275383118182667,30.619335934344313,10.52990803851679,4.50587194130661,52.8932016331461,31.071775205064373,18.218115433889274,42.24553579666136
2815,120.55204432314287,133.7459086703028,115.34602326506774,103.5357944447636,82.66273255344025,81.09399982077454,36.921484356772986,40.2406531688629,10.588557400547122,11.524578182102243,44.103396578113816,42.8629082367686,25.199696081754723,50.72633970462227
2816,195.20878304642216,203.7422767778789,172.94314778097404,139.75226263732677,139.9668974448591,119.36903191007376,78.04647936715922,99.63849380966624,22.832983427630626,15.115852805393981,70.14625358366732,88.81045629038971,64.59403805473586,99.61335622854358
2817,108.1237845528112,110.41355487895699,58.62535934463086,42.51173712939931,57.76848891366175,51.0920962481769,7.929486115849543,18.35057122439804,11.844554858618878,14.652477962061148,19.911221648001383,51.44600707139815,14.380337460763696,48.35105824387276
2818,119.4169302300473,125.1298597828913,71.05323853258685,41.802280590692675,77.18679880067099,57.270803337022336,19.01893836104073,36.0773688710474,27.45771836983071,16.030876405377636,46.4772890594863,73.6190089421576,15.504126594984958,51.71063293036359
2819,25.864583939838113,7.928810224555553,-52.634204452105315,-68.3307826460545,2.458683728398469,-7.727675094859568,-32.02262384502014,-25.68156386763045,12.241979141459217,-10.617436707519204,17.094570147380185,37.15852778666533,-11.056802308240119,15.879859417784155
2820,-9.420771319278051,-30.942028957987088,-74.1930103780583,-96.51580041919922,-19.17117545665116,-39.907018951152516,-15.905231560653695,-32.099529083029715,10.797119382032344,-6.291288938812935,13.535760973755288,38.31368855387594,-17.35077800337889,-6.809906667835295
2821,-71.43280550058233,-104.5949579900606,-150.05425531210338,-166.4787750120162,-61.28882070830368,-63.44667066854076,-32.70916955646519,-22.594046016950237,-11.673710567822676,-12.512673439295025,-14.55292384522315,21.025720954837865,-39.49623347783843,-35.16865198036607
2822,-97.68478835337403,-118.43822612686324,-145.16939804275918,-166.67910653391158,-71.79032269298793,-74.53183075253864,-24.33839446432731,-25.204523779285644,-8.320590688477946,-6.215297880522709,-26.839899084435217,-4.696053048734743,-55.66996196276622,-67.98126863331596
2823,-77.12241184210114,-101.99858462803883,-136.5510430482033,-139.6436738551426,-60.42394632998381,-51.60829965081933,-10.91700147907513,-8.513476101522789,-22.654608248271867,-18.848085645198626,-15.74332081982207,-1.3913814450687358,-62.74464622117585,-79.1100905140214
2824,-77.4101688577116,-93.12285018922464,-127.56593026529161,-128.2592686890274,-45.71640836910294,-43.97800924982098,-11.528221338359453,-10.541309145591459,-18.192916111078862,-25.46356276290808,-38.386564941473566,-18.356630046170622,-69.52613621319455,-82.30049315599548
2825,-90.15775171398761,-84.03360919347998,-116.09653987753309,-83.73069399558891,-39.437319181415816,-22.412174782647444,-9.387844790867266,11.638722626304228,-5.520938171633669,2.362649399787245,-25.2191210225442,-20.777427018173032,-56.32526157593889,-64.8130917177284
2826,-126.98292094389146,-127.66853086319372,-140.02759876636753,-117.5697411931718,-55.11115163876184,-56.860892219747875,-42.24247142332344,-33.998459125861174,-24.149927772961764,-3.8005996160912754,-62.84296616390424,-44.46887214349371,-76.5087708727057,-86.3380254007351
2827,-108.47684853850338,-105.01711982541623,-72.58317583379694,-59.45984222821318,-32.12693340070901,-33.390933330033064,-21.441573603101244,-6.232979097668859,-23.84985472059429,-12.45957894906936,-46.76451215876243,-38.87715357935156,-59.3739819127344,-70.6054139369182
2828,-102.98215293977607,-101.22975632011995,-46.61239063620814,-50.22214263663896,-50.76634418987713,-57.688670382333775,-6.685219086345975,-2.4875640556503185,-11.905702229527227,-5.672943290111171,-40.78860953278249,-33.43063614231692,-46.930070066843435,-56.68629501708747
2829,-82.53854863422394,-76.39610205515852,-30.841840928517048,-31.075262380380874,-48.172816683146216,-62.895652043925814,-12.253672084956245,-2.4436118801236546,-6.302302703214136,-10.406589858510157,-34.805866570448686,-29.559597697605195,-42.063609800209974,-37.59758789051464
2830,-14.568896995442648,-12.015769632036088,44.52113271044406,23.97716856098667,-5.231781024783684,-17.994741278259376,26.072226077258215,35.20707835298762,-0.18502681165201215,1.966705583934079,8.87024193199907,0.07552571226465135,-0.7211712195879602,-5.424209420032333
2831,-0.08086075779679182,3.68576496617307,32.81393661803248,25.965168287961617,-0.9569183350670065,-18.669297819584965,28.61343327328398,21.809671474544526,3.186605464999305,7.603066095246072,-3.4297872410413843,-21.38593961118282,0.07181660442105034,1.8108108769923257
2832,64.83424754675993,56.738255815056554,114.49225536086043,101.03572504680835,49.9264100342898,46.68049382532791,58.21169974477116,60.431650411108386,8.015214786277609,7.629136627234688,65.96527163518367,16.538033840758363,34.584274138852464,31.478257535656883
2833,34.879509755500436,50.32049980462628,67.63924614873294,61.880726412271,14.297250804369042,18.909772004133448,7.747534567193531,9.092781509171777,4.009131951267523,11.799258808840245,32.06045139260972,-5.648495991630656,10.792816790927247,11.203416382710659
2834,37.38813531673075,43.095604721172116,29.13457749918707,54.14323674241522,-0.9597937128116767,5.620610184433772,-35.46145986732467,-25.99730942814251,8.44196171563226,0.6991330854333473,19.403389782232658,-11.488248434151247,-10.038771430380715,0.58120136633314
2835,101.07645955982589,79.17989073038942,75.14516128988636,98.94649926689581,47.693224031164235,52.262311289199374,-0.6848018272329023,3.488198090358293,9.56682985613405,13.527911591756533,57.963753058335904,12.755617644173348,3.8136123443340972,14.527472804227306
2836,31.79099184195987,23.368779281538792,40.1110062836018,41.78336784356743,10.024090712593342,2.213004333601861,-25.894822980574435,-24.233357506594167,4.227771316046058,11.851569800179567,17.053537807634665,-12.436137770970204,-12.835525967708982,-11.129931391420511
2837,74.58055788285213,64.72231449012759,83.32000940507633,84.65817229528963,41.41947169369906,45.064153707357,-2.3049274690404324,6.352036900719393,5.9736008129313865,-16.681272521613792,38.35085189848468,4.865323913941412,-5.50839509082373,10.502162583135132
2838,70.48510847636663,61.316899635403175,70.9112041316023,89.76475434417162,30.083701334049582,39.32149422788989,24.956726290865653,34.0590935663014,-10.507417676792222,-7.2599040275943025,22.747641454532904,6.433852699223422,-7.085440790553924,8.56741302206582
2839,135.5751603718237,109.76319462961017,107.3698710620297,141.43130566520654,85.94192752834148,84.91813662354227,26.94787776466998,58.03099687686317,8.333603054176978,8.065203361294666,55.97191995350918,31.30308750808006,9.12208909842802,20.11140900367246
2840,186.84813512964274,157.07957696629086,171.9802583363049,183.19774212788144,117.90867345474658,126.93908656658796,81.46977690474887,111.76117831502283,1.814020649685024,-1.0329475460081983,85.02691713668905,58.874400861425414,46.613519021945244,46.143062165879655
2841,77.2344351176908,58.67620482590192,23.159742947322755,38.92409208856847,31.504052666341334,32.24485599379174,-14.581953608329018,1.3770396040095387,-1.4321090817741597,2.9659952744060787,24.90634047994623,-10.48697309886049,-0.2390144549567373,-7.645201068438135
2842,42.59830680354973,47.75856193400663,-16.59862825209794,5.708714116763388,25.50563357583636,25.70066946018788,-26.167936318909224,-26.106408032765206,0.02485768305904183,4.981168758531879,42.442945398586296,14.289165480584295,15.455839800586647,2.699130934122256
2843,59.39895168794619,45.62285330180494,-10.14285761162197,2.7141516161286217,34.77704910597355,39.455883675974874,7.11565891005098,0.2879128015690899,13.690078445133617,0.10481575679229671,61.05310195110867,69.20774704140274,53.50696031284754,43.573690812031955
2844,55.926448054160716,44.55959874629823,-5.178442962935966,-2.1839238511567682,31.66671599253999,23.29106428666597,38.338134870649995,21.538006882599344,30.913520140498008,16.161307623439644,65.06713416754977,66.26656526128856,54.19286841826977,44.85277045183622
2845,-52.58751776170623,-54.73979781808421,-131.40451588767903,-109.61460588535556,-47.427406578439985,-64.74415546741865,-38.04230467010768,-45.361093515768545,-2.735692069253968,-14.675239846423352,-34.06722866894557,-12.387792617342264,-13.321699444289672,-19.37179935181011
2846,-73.65156133167275,-71.87104212688985,-124.34707665619437,-117.34932750306082,-67.14380417591823,-70.47327129514073,-44.06571851986031,-59.39648359753886,-0.5052623811580815,-6.410374272171595,-31.05320512314387,-15.894761386353398,-22.81949243505428,-28.10907855664925
2847,-115.71237838613735,-122.84961429793574,-159.60589905128862,-168.3567746740454,-89.49608886620022,-106.3981245327769,-51.56823438112656,-81.27242184708227,-20.327041687242897,-21.332751668782393,-75.95951078313402,-54.72999884304014,-47.89141364857334,-53.938407329256215
2848,-127.18229591507722,-136.01780459744722,-142.23286255350646,-144.2741308654919,-93.56651113708446,-102.46229165927721,-66.4506882108122,-90.84360588747354,-18.037340508569503,-12.244203270652436,-75.42369549903412,-73.92589472541763,-55.81948098175306,-60.55297287692418
2849,-135.33355352893926,-144.50119141946806,-136.20602635589475,-138.26837032282143,-81.81644121935045,-103.41348170562719,-85.03252497410399,-97.51988739103639,-28.917737916379583,-14.676222213797224,-98.47792094802365,-85.18145169212394,-77.42704536226765,-75.38392743766725
2850,-158.85016623776957,-159.78466177943227,-151.374547983717,-149.7803147234177,-84.06345806428655,-129.93876769191795,-122.33028054141049,-125.51920407224293,-34.63662013924497,-17.22686328342682,-133.96398846853367,-108.38609439281844,-98.71861828098798,-92.13584471734632
2851,-111.19394721413433,-100.96562685317944,-105.40578137200343,-74.52296128953498,-64.55532313377692,-85.50875790745827,-100.31973167386148,-95.19798315626053,-26.795636444962465,-27.676631837908513,-120.15996487600759,-75.54922535227375,-76.52147121346894,-61.33961248780316
2852,-144.65884987672467,-134.11867132751993,-125.76650866233592,-112.8561261316337,-88.63357289220846,-118.74293641484124,-95.82426286914949,-111.60869821647945,-21.9432249643651,-28.130239141042985,-135.38796463518617,-97.7876064417492,-81.78055500066635,-77.40293782665061
2853,-68.1148187517037,-72.49150813287805,-54.83127337761359,-73.7045065680202,-59.22039197165182,-79.61434484557812,-80.54417075033992,-74.24017354784186,-30.154059348022912,-9.599659963354824,-100.55999056800363,-56.21924696884952,-52.60861332532946,-46.0831309208498
2854,-24.37938158623983,-19.42996547289556,-27.36150657439873,-47.80604406526525,-30.552931329635104,-42.23560420960643,-47.05887639575976,-46.035217040757445,-14.919822483715429,3.6841635837996742,-55.19051125517757,-31.029517763983538,-6.181503086018301,-17.339521959750066
2855,36.876686725614064,28.27306275956205,7.020987435203612,-9.373794786220987,9.628843748311937,-1.200477798699003,-6.6540498197626246,-5.906375682394274,-14.805883395143942,-16.102539954426362,8.753211755650737,6.405530049895933,14.525005961026341,12.607884991750506
2856,41.12213175638853,58.89834553366634,54.305082642807065,8.88830035654628,22.611486344372334,26.473455628651045,18.39911787373415,22.313949835250792,-0.9855775181120333,-9.148691872110252,14.568179281597914,10.450505870755746,34.71158329836003,11.84035434304068
2857,-0.5870279805893895,30.377122911319322,7.416080747919661,-8.531381389259266,-6.123699051091428,-10.456933759130294,-16.368433351936808,-17.214210955169207,-14.615615509165467,-20.19366556695214,-31.596683325706035,-16.415127792097888,0.1934916278548971,-12.043307181074267
2858,4.3913909205124595,22.846310568981927,-4.968678857906791,-2.6395921969301916,-4.940928752848557,2.9053017965965102,-30.177748802057316,-26.3229357035563,-11.50707353951397,-3.3968774076214263,-19.712370525599848,-27.878484739606815,14.362613675586603,-5.38134437808454
2859,-46.3847373113106,-16.808459745834483,-41.563126751011204,-35.013438001248964,-27.849000314091114,-32.483487585470655,-23.00151758791248,-42.22735768342856,-11.362592834969178,-1.4213178759376133,-50.75316105269788,-40.689894079019496,8.963346333724083,-18.760027259755674
2860,-5.977766008351331,11.784180344155368,-13.742981560832488,-26.513801501584926,5.553615676473372,-0.6645120291919592,-19.720569961679587,-27.43365079619624,-16.891236254401157,-16.44541362309758,-25.580097631316256,-31.63486217620904,-2.0070480637413888,-7.525263774963848
2861,49.316531696306804,63.11564582373273,55.26331941308242,51.82455563711446,45.473728290390525,42.252115366361885,40.405081353618456,26.224583372256383,3.4834427038840814,0.6156936270873228,28.91241530631897,5.496201770536114,43.34558156274508,26.11465710854959
2862,91.39194599569714,105.95878005726732,92.42079700471407,79.18163070501066,64.89497152366754,63.602950377990815,68.05690141914627,30.89047298540651,14.021308745973272,8.92765568875377,47.06988860019813,33.70294466421272,51.0132702215648,37.06247734382096
2863,118.44778192333251,134.49690572953475,119.34344649555635,115.89405218734575,76.97776276670741,89.54325627380662,76.71930062839296,69.85946154684545,37.40964613240585,10.75718138542405,97.02262718616012,63.92467655924358,91.21263387176084,80.65095556068043
2864,99.3328093517422,112.91805624766008,102.91416338005466,115.2205874000874,63.64171645573085,83.44582638946238,48.54307098447619,42.595548662002216,27.362657094492576,19.159327649159394,81.25366657867441,47.3669231753378,73.71216788475093,68.54766676666256
2865,141.8383389596852,130.74490498607696,126.423234025572,133.16010467787387,101.97737012743377,111.30022145494134,55.306215977562815,58.249249279358864,32.596288655839864,6.817239944733843,122.84444433925967,75.48795193967709,92.25712207012893,93.22737675743127
2866,89.36788307437266,72.99719494951678,75.79895277888875,93.14852720481294,54.70050796760725,74.07687732609213,45.840381581395455,32.309082879495534,36.101555554347335,14.45876539343816,68.76147261229588,50.68374610385997,70.85858351511939,69.5520680102227
2867,86.74964331830807,62.34924131947255,62.67152180949662,80.64029572072607,66.77865069258809,63.57373464893386,20.459384424093447,14.38481262141911,33.60167718313709,6.1433773171612165,50.372889004158644,42.10190508952149,50.54940003691576,57.91203445467328
2868,79.79047739432971,44.3169927417436,47.93387318462515,75.14101232829978,52.79339177840525,53.64373194777817,34.52813172134227,24.769064621478343,19.329725587338782,15.18153006765499,39.502849276353466,40.968862868384036,41.00655236670468,58.24030292610325
2869,105.80254111535322,76.85808833866827,59.18006292805185,84.92996944953995,70.03819872415535,73.75968284369034,34.00959505848282,37.25147689153228,11.976949456982977,17.657367237176317,58.87885607789122,53.10536533764253,42.49999747076678,58.69943919148164
2870,112.78308867600524,88.79998233491416,92.11761982284878,110.84641604242174,77.49588825364914,84.09506988223038,56.25119669252462,59.913622986572285,35.729578130261,16.267728117075215,68.75573590599714,72.46156423616276,63.81758198679103,81.88315007633979
2871,91.7637394188356,72.0096770573409,56.38840734192638,82.0081397869571,53.91855757232102,82.23909344553239,53.51986449768919,59.66527849822857,20.49121748952414,2.441074518087391,38.6089317060935,69.2563686376962,28.01307771677585,52.347874078902585
2872,111.84922396686858,88.34306531063436,56.69750443018135,81.75088435085193,60.02092645872237,87.62190944263908,49.09303170422227,68.85866571325548,13.82277766749767,16.240712240713965,61.09984217253684,83.19194223420703,18.893952914363847,50.575965666094156
2873,-15.987511853225735,-29.935325172997466,-39.918680752291976,-18.551617215333884,-1.2249334476569258,10.458567694322417,5.90543026536283,9.008562232070114,6.260317066108866,-1.3319969424205236,3.2533611621956045,15.576269649747823,-46.72191131190326,-18.40111737415726
2874,-28.856421284721225,-51.32941452733202,-67.12613901743575,-37.37615069337826,-11.866434672232138,7.396002544728747,-33.20516919378345,-13.302567526578107,-8.421941149415824,-9.522772916101657,-17.735018236130692,2.1587604869928763,-51.4883939759758,-29.802744948361603
2875,-122.3320825257224,-134.2257321654906,-119.7935219656029,-112.97429326115937,-77.7401096041971,-62.21154059557735,-61.226710129392806,-80.2326614805042,-11.067382173494337,-21.229928632246526,-52.202865941437,-49.778537207455365,-53.9096926891806,-65.12430463289515
2876,-148.31913930657586,-138.21655867022514,-120.68565178208195,-109.22850233375546,-79.73038289723901,-74.88945902110376,-84.39308880242167,-98.31439134798083,-33.231616500834264,-10.933662099089256,-88.38236060230055,-61.754030990495295,-60.669031544566295,-53.39157194928179
2877,-75.57147120922212,-57.07113093881239,-11.227152449172573,-20.891991337832376,-39.22449178380187,-40.007250009918934,-36.95599656491375,-47.370287684310526,-7.473450745086595,-0.3682245770806587,-17.19765569597505,-18.40740482702212,6.066149064222194,-7.399023242996495
2878,-144.3221850461673,-100.84376275859762,-62.54163974899367,-83.22485240537138,-75.77862626079063,-98.58757396759286,-60.85058602091383,-78.83807911776498,-3.942805862486265,10.188435440253922,-70.47691656632176,-57.670261811261476,-19.26935938414667,-30.975724983701138
2879,-113.06267491059178,-83.48604810857364,-33.93545838884858,-61.29440614161732,-51.32585177257026,-68.79115230968665,-73.30658505046539,-86.92223427348735,0.41137578817729786,-5.636777658999402,-35.69579167458166,-32.530888571036456,-13.16090977456843,-13.687852369986608
2880,-138.71567303349977,-107.02398185033086,-73.11324115980032,-96.22209930857817,-71.49263628605732,-95.62763920903822,-68.96859605092882,-90.47562781669887,-12.242239777638721,-5.799870783693421,-70.18186837149491,-52.50161603460586,-23.83106037904971,-19.796265548942348
2881,-60.69647727130054,-45.22106425762002,-21.760959788281507,-36.48334750861104,-27.69288638189166,-56.00367396109175,-25.673045877227253,-45.53598881322429,-9.831487719547285,-2.13336645180192,-33.16060441259298,-25.88614262042877,-18.930367615598804,-3.660191176628325
2882,-2.0452458183833935,7.693363120052,52.89464455504333,16.704404250844764,-19.658332524329015,-26.469122972014866,3.787500242579516,-1.833684863825963,16.203578402732454,11.276062188566158,7.48584246048715,13.435710653910682,31.202585559772423,37.30260563731024
2883,-17.819903404595937,5.141166859347624,1.2434110073986762,-12.485319336654777,-28.944828692000996,-44.170749651347265,-0.07905130742232151,-15.137953848947348,-5.23794027592034,5.231133837968308,-11.413146762141547,-6.874699615686705,12.549287833431343,18.190488727189862
2884,46.35771714306867,53.02330878924325,20.162220025153772,18.325730313553496,10.558146216162806,-2.937403226828015,-14.537346605431326,6.2438710907109325,4.55681926570148,7.4770005390262675,-2.999912687823753,13.955349010485792,1.4019404021670643,24.862047955860074
2885,32.64197551521398,48.54650406723143,39.75211366700718,31.351400806631986,12.535178329216395,4.381074439434239,4.5324718463457705,22.85249107881616,10.398634165960049,-9.785968137829268,-8.587438400488875,-0.748304604646965,-0.19128319019907664,16.968863960637552
2886,86.41366208200209,96.57824032837564,69.14380968912427,61.566266237968144,44.278456846817726,41.408528956475784,18.121107162895147,28.90153337849886,9.152825708639982,1.0874858823123468,19.790215812152145,12.462961641225045,3.007030036585859,18.322371507299298
2887,76.85238167937084,75.53274199765852,63.286344872073336,69.90873866980111,17.127397913964682,21.498138941626575,-2.093792664219474,15.068566355469855,8.260119528722766,10.75925505360773,-6.399187240216063,15.457306365964882,3.8705944310100477,15.125554328309583
2888,39.89774242654383,34.72207379259275,8.828443367478586,19.675872024112387,3.4525852890234923,-1.1912377408585144,-34.592021536056755,-13.689274597409156,2.221290438355517,12.415292563874017,-20.074219724904154,-17.819956693894685,-16.984638873810788,-8.618152624756329
2889,12.578244475623803,20.554830472819578,-12.515885519636562,0.8197261937510651,-0.5097602260007585,-11.791454175465883,-40.53737379677363,-38.9775698034466,5.081205915018713,9.20375586221047,-37.952218724758104,-37.44237103866466,-14.613074672261178,-2.938307929004558
2890,-9.104822180193345,-10.347623485038273,-21.18585412263162,-25.925689683449093,-14.070540820606626,-22.991660744299736,-26.3016355307081,-34.15411369033934,4.542238767320206,-5.298377711078156,-36.69692432017524,-26.948949764209768,-10.807967308521976,-15.418091887658187
2891,-0.20392011526131804,-6.348276351679786,-26.720590849495995,-21.67318281208654,-7.147077530787035,-13.707665709895123,-32.040387508943354,-10.631001235275884,2.305836319059462,13.436664660477376,-28.29296778985356,-24.906458932595896,-12.91877222412437,-6.190738690524418
2892,79.01640280407274,59.363462322506265,70.81210718041916,59.1203364952952,48.14367108286441,28.754074784336634,46.282022210598036,55.684162672937155,10.572906236194328,7.730485267576775,37.02230381260816,5.616833305347902,33.40562128757285,32.130278849006906
2893,61.91489431307819,41.07375732016061,21.07059775610381,28.66601300838589,21.144673352957124,12.043812837665092,19.839900429916327,35.41754549153487,5.941028753354495,-1.2815551027793557,15.265006859636294,-24.40650113219958,15.095315382849833,5.727648134724056
2894,100.448949232566,78.60898450573372,57.41051322501328,50.87974415918238,43.77241006896922,38.30866799365843,51.38592168623482,65.81760080677125,0.15813484290849247,8.86962315250115,53.16680140118318,2.614632551530696,10.848000608615784,20.40484999867435
2895,31.907835891148174,-0.9115238562586947,-21.01791470796451,-25.28418953160733,-2.640375241820882,-20.62184363771177,19.556337660027303,30.751781530975347,4.5249469197371175,1.672652469246351,6.383065159348764,-17.682518121277578,1.459546557739744,-15.042877913478755
2896,-7.714628573595697,-21.53314592599919,-37.97909637979133,-38.490100957848675,-13.706573820004282,-23.779321586854742,4.3723439481219835,-7.363116956282566,-6.341416817779532,-5.0821719170146,-17.144813833072828,-16.01397321595971,-38.34017480475801,-39.03261679951789
2897,-63.51668973321249,-73.54078123139641,-68.73541616577633,-75.14141246920475,-49.68791104272562,-58.93471562160859,-26.272739115020336,-24.25966711010323,-4.992202027419,-13.150296871423148,-53.42415911127197,-25.124245958672958,-42.349738937603824,-46.47169059294711
2898,-66.24970224337494,-48.70613193590282,-65.90484139833352,-46.65832775620997,-45.674484409348096,-48.797667572906185,-64.56035543355054,-66.35960843275299,-5.625933942901388,-5.155606750993819,-66.3852278321825,-40.71495772145726,-55.20297127373782,-50.155287170153116
2899,-57.02315089951557,-27.459593210587343,1.9356564285218714,6.449905151665947,-29.14076201305446,-24.40696260943717,-24.462049288681186,-29.313646821511423,-4.280657716271292,7.863632844637445,-42.472494427158324,-18.482738495421724,-5.9587337997022765,-12.431103718016441
2900,10.330615507631567,19.631259537365384,40.096417584196196,31.449817219756348,0.5585962064572776,10.160762059434306,10.928400693275893,8.285441615225801,13.046385462570756,4.842285213245742,5.528450052398526,11.458815234674022,9.08460472181562,16.109614179236758
2901,-6.790627396145887,2.964636816740332,46.252701687509926,26.80482105114718,-21.72866814464285,-4.675125008238717,-12.944309374412374,-7.4614861729975575,-0.1804747955554077,-4.877067361286818,-1.7807164815216794,2.853510574207951,7.894914424208706,14.462124976655286
2902,-13.686667107578952,-9.154915840671672,42.24485804282717,17.22904703359252,-22.557396897863356,-18.8924552449283,6.750560332741047,5.918587346995933,-1.130975365458595,5.115955125233046,10.853602258348783,0.1746462012486434,5.798063789281508,12.657430904558902
2903,31.171979302810655,39.54293202513327,42.51823129275993,29.192232712731137,-9.18794967387429,2.8506688374633185,8.749891958199857,-2.9834735343027514,-13.140969965408821,0.6586095759606372,42.91194451470218,29.239446134485977,12.261031855874661,16.955459276052
2904,103.34002262181593,106.10726914341731,125.09018869395902,87.37220596580684,38.56427524711616,65.12790359874819,83.70091607207665,72.49712825124261,-5.423640091531024,5.406134139339245,91.36682249374812,80.31290444527339,50.62718913124457,65.86978977815079
2905,77.91925078320389,87.15248332929607,74.00646745028078,51.71295590204282,43.23052522138239,64.04888138188676,45.87688963393885,52.94950321388702,-11.189953125201697,-2.921975286134747,68.62903196098452,76.78309918805896,15.268902359168633,34.49260307412337
2906,4.587031342869221,15.865572406065034,-11.487946624959186,-25.31555925236143,17.692757120137788,27.59172986909639,-2.4059994098905864,-2.5147138521756403,-19.014806081524025,-4.9715463426988045,55.09572894086402,73.2994498447845,7.5705835940160275,30.985680426499854
2907,-17.189205305760623,-0.5285057852620092,-57.695003427050494,-67.77732633213877,8.35090732246622,34.06068139336369,-12.673947640050914,-1.2328184707631038,-14.120597011911833,-7.642084242478084,28.069797460550987,75.76854044458196,-4.853265482804219,28.12489461386865
2908,-64.3237965030383,-42.03563069731849,-88.71205097489376,-79.67040088815094,12.242315726200948,22.20900110720214,-46.53653364156903,-31.417260755930887,-6.501214677154777,-3.9609862004469765,-10.516253793753547,33.42687942681375,-34.764528661992685,-5.646169423989007
2909,-58.08118289953258,-60.26521845434541,-51.60723870806984,-74.63475908570423,-0.8954239213198942,0.33143181300671426,-20.76538316191832,-20.64471426361531,-18.02670609171724,-1.3011928521919638,-27.458663004069734,13.44693551344151,-26.196216511672187,-14.859512652318948
2910,-43.87853809646612,-39.61110917878838,-22.259640144671867,-17.37668326381473,25.59322017664549,23.93364182574221,-0.9570598805636418,-3.882895787695733,-17.48269586359095,-13.332533001104066,-50.905418966752805,-11.0303114405181,-21.063215335123775,-22.856291331908253
2911,13.285922265408416,8.114651135601703,5.429279504520984,21.381872118159343,26.193797351566907,52.01495012877307,8.016299386083718,39.73343145382663,1.4369985339866744,2.1261595368386974,-11.23930846034553,4.504127801132712,-5.471666881109093,12.719261455367315
2912,-0.5656787511293339,2.544736316537079,32.519705471751266,53.07797802108405,38.51229707278995,29.193442386831837,45.9892780713487,70.22756963305883,-4.5053424633096215,14.627039635387895,-8.601316682934872,-8.143534952371175,15.596953620779008,0.10818555742310662
2913,26.670499331862057,29.118339434634084,47.60008051923975,68.93064054607727,60.66513826666899,59.31742401656827,55.28457137399867,57.00064986863354,-0.4312263738896161,-5.60946359373197,40.03773077510489,11.937665737612491,17.353325021544112,14.00611087676017
2914,40.387682597121774,22.54032451531121,44.84990071641692,61.94882588226733,35.31499051890021,44.63102463742537,49.24704911202759,59.721311695240594,4.643650664482665,4.878454608416199,67.37473584441096,30.49674558753033,21.101414328867556,16.004311407662566
2915,-54.44861858942987,-55.067065113479146,-13.911922405691366,-10.909292324166255,5.546466314669441,1.3310049001048836,10.725758884923549,26.241171263777044,-9.95105279148292,-16.230739427592024,-8.513636605701326,-15.63030952055489,-35.472854400939056,-39.71340565083984
2916,-76.08940575982277,-81.36661256803822,-71.63691825513537,-45.97208515634438,-41.802039811145676,-29.783755035412874,-20.995503561566633,-15.052272540057995,-11.904668017385601,-8.236003557070465,-4.035991634607527,-22.578054815227997,-45.776925078693964,-48.71029707734839
2917,-119.78251839769122,-124.21290687601072,-102.60389610302127,-99.3490859024775,-51.956923752497545,-51.30742035258072,-19.453421497164584,-32.08622003012332,-24.878273766612537,-8.50760608366434,-48.571657839164224,-57.54720919430911,-75.97475597228755,-94.75707961040858
2918,-115.09081679428998,-118.23028109663431,-108.32358247684255,-96.03182071512013,-67.48401572941026,-57.23024774115855,-52.54574529633427,-62.53041010184967,-37.92212177976244,-5.173134652638734,-51.96939423785122,-65.19751491583813,-77.11523507023469,-88.20420019718568
2919,-145.97413454057596,-125.19310424670778,-102.82480479188858,-91.25381463578091,-87.64344233002294,-88.46853987947837,-51.71184958817002,-70.21903261144513,-19.134872522487846,-19.197403293385754,-69.65140009123452,-80.6007786803614,-57.10703444379393,-82.83772764455843
2920,-82.9457955958082,-73.54281685298467,-36.91807398154758,-28.442554659534697,-54.677755290012676,-48.089320344486715,-27.396011613498306,-52.63604924607519,-19.77114378473971,-5.859987650074255,-46.49359186667627,-58.757962391178275,-48.84705901744322,-67.21863827627645
2921,-44.090931262999995,-31.812215332545946,8.965474220863547,17.249558850983156,-42.20770285850595,-9.12051591143265,4.487949942062507,3.6275525363195653,-21.035357272253584,-24.392648471790682,-12.468081379312736,-25.352883765715173,-12.423642593147504,-34.860919341953036
2922,-4.2910097258641855,2.4643307823456575,43.343516462118714,63.288793118336805,5.7394464090986075,25.17594895040361,34.08619631292584,31.18970771286118,-9.237599960845273,0.7957733847408099,31.97118698472504,-6.785276303549391,-0.045160179330313625,-11.966205946523273
2923,22.833674140185753,38.3534375166222,86.87099808582944,99.57555135328833,17.249513790712687,46.01244748827488,49.18057694872124,55.31222561892332,-11.211399882865932,3.517323831029719,44.94641189217656,23.860331361808296,36.06842541095233,19.38683141570852
2924,32.626891322357466,44.029545125186445,80.74718764128541,103.29562233799528,14.323759456043872,46.8555878556993,50.947114973174486,55.94203641527929,-0.17400787396658432,4.884731008160361,36.90674243677809,20.854400475361302,29.577589250154947,14.09639885254762
2925,45.373616232012864,64.35145274607872,100.74994229577815,120.95065980748845,36.00830961983885,62.36928615700877,34.93371003244987,36.64457089047826,9.833419011453431,1.0567536573035898,39.976434217691235,12.370101714054178,34.65655999474301,14.211347862116055
2926,78.09543355490672,77.81462306164427,92.71626352222803,126.54823388885508,47.62553455126407,75.90436300020576,47.53970568445544,48.661340933675,6.699783069275699,12.799766059849933,36.50689845632685,20.303725564472597,11.960275247694323,10.250909457835265
2927,103.44716197170315,109.15438130632712,85.36784359135419,114.61512918639377,64.03763966927711,87.69978415019702,-4.193158974718604,17.14780397527619,12.992438588693652,-1.560817344965601,58.21871865592185,35.463567027003286,22.238481397506288,35.39520785458805
2928,71.3591144657752,69.91574548124721,51.142023834523684,86.59987451828047,28.602297061712544,53.027929433293174,21.54574363850708,10.476806590160283,7.719311807485522,0.09115080893985628,42.94643895906092,37.43535163144973,24.230657993755134,28.563365194786307
2929,45.25520882612139,40.82377258855072,27.79401233227489,68.64066464149411,17.173782457936476,31.004676079852608,-26.88133748028383,-29.624257723335084,8.371240954739827,7.3188021444833975,45.07775923758135,21.35829529736497,-6.524808284929713,12.488761013259683
2930,35.42853880163357,-6.554284600672992,17.368772065012774,55.359715531111085,-15.436880855791488,2.5970430901140307,-1.9163887586646393,-39.960051047897345,-8.674646913811664,5.783987811196457,55.89927290799436,28.91403222159155,18.26718818093483,27.565997777467455
2931,-18.458896998811944,-39.6745191007174,23.028156773174857,54.39151454241774,-38.850256637096976,-15.86781933343599,-28.140743476620994,-64.82070934847818,0.03506078871150701,-16.0756325688634,21.002798201573498,2.008564278921326,-22.08299510372865,0.10723219583113322
2932,3.764780304472012,-16.253331984726167,63.43023715238315,77.3909978635984,-28.776187030595533,-23.896306398470024,-1.3389790489825109,-42.55032587140991,-3.9428074234342083,-8.621667638729487,40.74164677096116,6.875184865028474,8.00054808724589,10.995939005896936
2933,22.94349660513929,1.5384582670176639,71.1128366339729,70.77518861669826,-18.943388384201047,-4.73946261863467,1.1088617582685012,-23.24202633348726,-19.059398450575173,-16.873048526451257,15.096351421729628,3.724443889751809,-14.288504274390574,-0.5256163649802478
2934,63.63524782844492,43.53298270766521,105.62072193975713,93.89507228542364,24.55665903478652,23.913806437326883,39.192277487944374,24.084338618822404,-4.071434374472755,-1.012809784343811,48.152953620867926,31.600909643677944,7.831993566154501,24.437210576022995
2935,54.918072306835406,33.296299352207555,73.93805031092319,69.7306494785294,21.496808904490976,20.767722168820715,62.01011115135625,49.71155666092992,-12.463931323408346,-17.88252602149746,32.26022112128489,22.726155185470923,-1.6818214761215105,8.04353084688461
2936,59.96978455199542,53.303749355271776,39.0788252723986,32.128643031739735,31.018250116529906,24.371778644318194,37.173063972336486,51.59495241572805,-20.868876963227347,3.246498153164124,23.432417247685606,29.40508143396267,-20.716861543688385,-14.124188944740764
2937,18.863062258491876,12.148957888496422,-8.409146380205941,-11.457559927693028,8.474717118108329,3.99495103308358,42.01423826477974,60.96791306241437,-16.179696784940543,-20.596245677669362,7.83248121450214,33.6808105873779,-23.403265123817903,-18.639828341497033
2938,-35.414390044713564,-29.19685263309514,-88.47952210409403,-107.84782514095295,-18.804823126689495,-27.649791516486,-16.389184469525258,-2.1295141099468866,-19.30180231321098,-33.26383026251148,-9.31001863571941,7.045615982144216,-64.72407299331648,-66.17275508572617
2939,-61.497099531124555,-71.32418730507419,-102.92453036477646,-127.65609329081802,-23.28255319289075,-40.78675279629387,0.1705258257730569,1.6152063233762526,-18.18679882015947,-16.584580362757464,-11.359376298955004,-6.346971684533383,-57.146818593118205,-78.613201061903
2940,-89.70945779605802,-88.53566421235496,-130.55057207794428,-148.64917087096737,-39.314553162762806,-53.8630193838373,-29.48400034596957,-50.353635522992896,-26.26937610119883,-13.550497176883667,-34.31977135826867,-22.640827808764342,-63.74003154484107,-90.4743767584007
2941,-104.30172444814707,-102.1010993211083,-122.0487543989584,-122.47118613121467,-53.712924856813295,-59.5114065408418,-41.306570752309895,-61.04415859094401,-12.099189674099563,-19.621703657738784,-39.88798514978048,-43.50367703728086,-57.94676843005562,-78.96616109828754
2942,-102.6169565735897,-111.6677558832495,-96.41265276235409,-98.97059503218378,-74.93029513104888,-72.15298846539174,-38.70500667142291,-56.06697996470194,-17.462062397337814,-7.894185110380557,-69.33234024517284,-66.92403934575252,-65.28115685263984,-90.14160853579614
2943,-105.53181576479572,-91.17027736465836,-80.02255650414115,-63.66064635668994,-55.286884444608695,-55.03461191409337,-32.91161856363488,-41.36550144586108,-6.896846412650934,-2.157525097503151,-66.558392491279,-56.43105481292472,-34.03917397749568,-50.75101961141267
2944,-60.684315220201306,-61.26051623824335,-21.936734382927188,-22.76157658190794,-34.9719835325624,-20.912986946258076,9.776181565203435,6.719303242889284,-4.026006733553616,-17.212122863839298,-57.562798349629425,-16.63443967058304,-8.913266226642758,-19.40650690079775
2945,-60.60213307051507,-55.21884871027847,-12.016105420534336,-22.41289487131639,-16.079383400636416,-22.984232952935077,10.221863262466794,-1.7457257438874394,-3.233866714456001,-21.470262560215673,-39.06109631004184,-24.268326040031393,-17.167063434223294,-35.80763984031359
2946,-11.010667096956649,-1.635334538468041,58.09208294243863,42.672275157737076,30.5041609979973,15.830846085392286,63.533153081922094,73.65476942311624,11.569862525015585,-7.631560834697963,0.5638617332568714,3.933437720403,18.257884903157176,0.8846793894257093
2947,-7.180568732523742,5.8390120172522195,36.91925379521056,22.17729620218027,47.91728600552136,21.449519116558665,37.198774702067844,44.909728047304256,8.399472123445037,4.808730507193021,-7.4475700392795545,0.5495119344573686,4.046463283603608,-9.034667969488861
2948,-8.173489106451497,9.362430852819092,49.61246291938403,51.35025690218035,22.66840013439652,22.509224428921943,37.541750268435784,54.47075697672305,11.204860463724257,-7.6801147114115516,-12.168383688633678,-1.1409792213419279,17.99361430728554,-8.258388099788148
2949,-16.54197926535635,-13.278473764049588,38.99791535954626,35.32467333266063,38.36708800762835,20.108396178508162,27.202759368565378,41.28157165447364,-5.998900402651889,-16.155760032140456,-20.782680124781034,-10.961069169020277,-7.871598270142311,-28.577229196715994
2950,-57.616507332371235,-56.60949112999658,-10.004642197530606,-23.156620820802868,14.381667504944213,-12.451179866797078,-2.956015376112942,0.7155646131753368,0.09405670115548692,-1.1098140328154003,-24.48755870262559,-16.989600684635654,16.37711738357489,-14.290576097324525
2951,-20.264675392663353,-4.984573850715188,85.80569110966088,67.24956613452751,41.25451178215374,20.478306316001067,55.01636896138554,51.40925388019525,-2.184192639111464,-2.2833962819103126,5.565735268652309,3.5527145044155755,11.236843936885435,-12.082748351831496
2952,-24.289918960850997,-7.237641397310451,58.37445624491509,56.79294911121363,-9.919860265741077,-18.86739947135767,29.61019901361579,19.469374654724163,-1.3308663113806254,-6.1520073927638865,-34.17762075413265,-22.285164989936757,20.291402225512567,8.228511731731802
2953,59.239540278695536,61.71481287623475,160.59348781558884,132.52799637115183,71.89548423297325,61.243764021309964,99.41277398611378,94.37483809056775,13.55505369719305,-0.6832600094319146,62.12201441246073,30.717383918520326,55.46029048575765,16.408083223546196
2954,33.02188922873493,56.557453555538196,98.41469725973774,95.5468144727979,56.301063391075985,30.06105425357161,66.87610059470619,69.90317388213302,17.18069445858163,-4.196120969145511,30.048968679959913,34.55892071868337,24.818446147448416,11.236321383974394
2955,100.81886367682402,129.10157838079536,195.60722014168132,180.8106061475638,115.71951361116054,81.52311100231786,126.18048204929919,136.48001414598716,31.524600647041172,-2.602758784749117,98.16730933454009,70.95342239221011,67.61729659294734,49.820248868312
2956,129.0474665353097,135.6017501619785,206.9606281709711,203.5792583731608,132.14656790988766,103.24907634913824,130.67061869619158,147.9247610922205,23.00296463889229,16.16314147230368,102.03149975312867,76.89234146828088,60.08953997956416,49.88601145099972
2957,116.04447505278456,124.58823031819307,165.763504085551,151.93606020397965,135.02264294881692,89.92411503459915,95.03440011108411,115.02028351708675,33.683791597638994,0.8036400677937205,98.41386338414544,55.79849419310728,70.0809055474793,44.55332359965189
2958,131.9979261944252,125.59322515107203,139.16917618295466,125.32338622817501,112.61972651312703,67.928563126419,80.45490866320365,99.57283801167941,29.180197006526527,3.478825547387206,80.75871724592557,54.230063184577226,56.94900288614003,39.603138474734834
2959,50.51157799985261,52.81662326399605,92.89533127078856,94.82776715731836,68.16913552338805,31.278711286330797,42.912016568462775,51.86446393444718,11.225427496029193,3.362308001234026,11.263322111470645,15.556324839996202,15.146250713912648,11.611159767187877
2960,56.026445301411904,37.25628652057233,22.690971117615238,13.610959674797819,32.55988258227161,-9.198614129267975,19.750187201652842,-5.184363982039793,21.18270433273699,-3.6755774395670313,9.546607464386351,12.463862250457193,40.50106791551225,33.358432467465825
2961,33.70393298092758,45.16006744583552,36.36137765010729,25.288945253401053,34.568672860831455,-5.894280506258212,30.792184112558566,23.463779109962296,19.177126041120477,-3.7892397940164066,3.242936515509264,21.91855469374806,30.834122118578172,26.156477265974193
2962,-8.121531862214072,9.083707470166367,-0.9444741353606568,-9.795993403806179,15.08963373289509,-28.890278346090515,8.739507762113265,-8.462853074218632,13.630377904778626,-9.739354431196052,1.241142256046715,10.031925400449355,30.350889380363185,25.027257065990533
2963,30.768753021889317,32.186039246571774,36.19052211681833,28.10496172113494,10.566619570781382,1.6492197604003473,17.820990391194737,24.31201266260278,4.595392763467305,6.600659456146065,-21.150478515294292,15.478996352384375,16.230225560050364,19.608033363522736
2964,75.93366614595277,83.28755514883298,58.58889370407206,62.14282516994914,38.57392179873932,36.455127195859404,50.6764845785914,57.336533723135574,0.17861585506407826,17.260411391887953,24.827660343012553,43.140359169300396,38.99157985628387,61.509187905637255
2965,28.103953635191925,25.54498398634348,64.7239750566485,32.72754481234457,10.079084434632858,-0.4035701760420229,28.022093390319476,41.760868791564995,5.224991352926055,12.524898170979508,7.6847881999994705,16.73228343229116,15.966913153744128,39.17671073172062
2966,-18.193557509609395,2.527452458675448,-63.510113851557215,-49.629449920157555,-31.430376129496587,-17.71228375875145,-41.566956258625446,-43.51058479854023,-3.745116209101651,7.212345292584656,-35.467556553652905,-15.062370549379494,-29.199457262700076,-3.178991974986457
2967,40.82216871366419,47.488109210400296,2.0531232162890753,0.49406807643401507,24.870708019227663,32.139676227293286,-7.018071486550105,7.273130043181547,-3.7272631249126955,12.346478303677774,-3.933578121880223,20.777990005437932,3.430106890621491,40.402311498754585
2968,-59.07528621825153,-61.7244297170963,-125.84678997059808,-114.20513901241928,-56.6588179705181,-47.74441500054662,-76.43020222368077,-60.547720642628995,-14.842228170415803,2.4202701783208305,-51.14983956101267,-16.041531101029854,-27.91315010244581,8.763394573208446
2969,-10.208944593929623,-14.264471783419268,-93.29233906529578,-93.5684579624609,-9.39746277824544,-0.2899671209475049,-47.493085081794945,-30.263457487074426,-8.626482750613704,-3.6314547387936233,-37.992338324273796,-1.3587714373075481,-13.849946987492135,10.287444195928323
2970,-36.6989693957516,-57.968141046570985,-118.43137030794485,-129.30532209073175,-31.004617247360084,-28.895141668397482,-61.37276957647906,-43.11401107284371,-8.386371404518192,-5.872979835016308,-60.466318468580525,-13.967730856650851,-15.249297497512774,2.746793922195819
2971,-31.74131421612077,-62.158950366815375,-131.82277117839217,-140.72050953112927,-40.35653149349503,-30.337334140201502,-66.52531463485813,-46.98632761024551,-9.276094988887607,-5.649520374019717,-60.179885279269584,-14.863764903059604,-10.82649527589904,2.8863082387064765
2972,13.215014513551418,-45.00794827368026,-63.45048886561972,-101.67413044003875,-9.949230580271049,-12.40322997295718,-51.21245692962843,-39.80122832772594,8.58712602567494,4.521080931240146,-31.86197723367402,12.921806003840942,24.623926188859325,28.205354781078448
2973,18.262370218666952,-14.953101702246613,-58.74082421071188,-86.13857033430327,-17.486027281643704,-17.590966060889446,-48.52312098954862,-44.036779444565255,3.873182481310323,2.877671721860467,-8.09670660265314,17.74856383430496,27.51207563376947,29.7305880088541
2974,76.2387479788068,49.537496203690026,-9.246906532845244,-31.607157111352656,10.69428684078805,24.5213911693218,-10.556821693391148,11.978860086439685,24.297987016674124,11.275560479569961,30.472114423153872,46.36647274510641,67.7678317246145,64.76977108265201
2975,36.71168866249065,-0.12792900655276096,-37.79373402620557,-58.346059748452106,-11.801127181230388,-1.1415522879475282,-35.27148213420545,-17.332266056905233,18.586165258847785,16.143273120022798,20.44396915818055,29.712867362167035,50.334671754039306,78.87729141615483
2976,-15.42671214908002,-30.10091024887968,-88.39503570452813,-95.59649520524056,-33.84334653666973,-21.802726517138066,-64.42673746076105,-40.252993872343815,6.269374525547068,12.990970368876226,-5.068842281506238,12.793667530816998,30.11872170070696,49.34058011334127
2977,-40.40847776935811,-35.15130447273394,-67.38101016700165,-85.19188853788351,-26.856874735854383,-16.01110081735268,-42.654686053787245,-31.632129938270417,20.45158941243361,25.46232419973581,3.6229261468297094,29.334315164483556,44.00644603764866,72.44917381659413
2978,-50.20900055779421,-57.154059337244334,-76.35720323212477,-96.15070020026151,-29.669338703165696,-31.462649518935326,-36.01555772426839,-34.02653263192108,19.2240501131513,8.681475319135057,-2.0931466782304105,36.43413185168394,37.67995791138806,72.53477958602254
2979,-17.594277740164344,-20.85000195150836,2.8438067824221753,-20.44780793942922,4.13239026692351,11.1676798379173,27.174669812028334,38.7310337828985,30.798871063465526,16.270382046373275,17.707470696806887,46.15029214839346,61.3206518218205,81.48898761448163
2980,-48.870622675126725,-35.02999724846777,-15.109955488468827,-52.93068564358714,-28.747734011769168,-9.421602000446663,3.119060736670388,12.828764210985844,11.199868457239807,20.727546514017767,-18.00761201949406,20.475021430047924,30.125705656609885,57.42958795358083
2981,-68.30603435588736,-25.765404490752452,-60.06217189516156,-68.70638884276559,-41.840197738564065,-31.027507401931633,-9.584746125394977,5.81850960132364,5.4527017787556105,10.078655980795856,-23.30576666732067,15.769395039457379,-9.675780930136721,20.66872856759724
2982,-89.42173477435801,-58.5372468336942,-72.401427152605,-85.02201970604708,-74.37254199272861,-51.411039521850384,-8.622106972484746,-9.75682287545148,-8.58875205226587,-0.7734306274098799,-24.11446414966403,3.545154178989117,-30.798645394323646,-7.459891566776466
2983,-78.48263142979492,-63.89771324059318,-85.76336313702944,-95.92578029429436,-61.04450575534105,-48.49976829977836,-20.68171854001906,-15.121264015961065,-20.353931040055254,-11.246933052771688,-15.494122672310212,-6.07771089710484,-55.27671587151383,-43.168789363476584
2984,-127.14589872381923,-100.83613882031126,-89.00793600798119,-93.05014011074505,-87.22497429728409,-78.31034764152982,-33.40853525879714,-43.348037531995246,-22.448561076676327,-1.3015013877650787,-33.34137611361071,-40.45169332014864,-58.72942932587715,-59.494869473201696
2985,-110.9393870760577,-84.4116704947198,-77.17156342908332,-77.6975300033949,-63.78774890897592,-62.22869927967306,-24.724789299786305,-45.363599551036074,-17.3244879789122,-2.691802898104127,-38.8379657825156,-34.357618401381714,-57.72850038338463,-48.28520338141373
2986,-81.29002409778633,-72.20343307752847,-57.01344177209083,-58.3106427684507,-54.05365315155011,-50.11767634421415,-15.410681028009963,-35.745982357631455,-25.742073160654765,3.188889125483804,-17.63416961184432,-31.96706260790219,-22.954914013780165,-19.09857733336912
2987,-134.23355306026895,-110.43832266329238,-92.15810216967549,-100.50471101755959,-82.79274360538797,-75.22135050094678,-50.344459367713874,-65.1914567126188,-12.10538285088686,0.7570882268437655,-49.333198436017454,-23.863719529314043,-30.898078666940265,-37.252344340812165
2988,-43.689441074220426,-32.029083962523515,-29.709892903975316,-34.28266030189513,-15.92113453116246,-11.707456234874359,-24.173447344579678,-29.659519588917647,3.3341864620588297,0.7160970960119188,33.55984271119666,7.118887543062911,11.985213781081722,1.1503847648130352
2989,19.39272463323013,20.4373770908763,42.504939261339175,33.277040176914966,29.388997804372693,42.19971969581632,31.77036963395454,23.932660697167066,4.81111771034118,-1.8461570616850738,79.00096256711387,33.950910780197376,43.98504034806993,30.98951438768329
2990,117.88018126458486,101.23162953624409,107.11254977649487,96.45894717930793,92.19787940156716,102.5822709981625,76.44300884577625,65.365711423694,16.109090174082993,5.93614258984228,140.77194434408264,56.639620899449945,72.1701936151018,52.52033392685664
2991,91.45693200739022,99.88337989126941,75.61251178617292,73.06662289532294,62.94080180496022,78.49064935354576,36.59965032608306,40.69536678242018,14.505511979125892,-1.125495579399547,113.38220124284652,27.383037117793624,62.893931754570495,43.86041046068071
2992,137.56429362515507,136.0621034841222,77.03441969753514,86.31035296944067,84.04883067446077,110.36011406177623,37.36919206365984,54.14361828121815,20.22062235050794,-0.554331454123334,97.3226454582074,42.95330533342552,60.22492008429893,55.99715446169332
2993,106.80615560373808,94.20548938929144,32.00155497809834,42.34348389480164,34.50758182911373,58.151581066176895,-2.2064489810541894,18.977714002860456,9.601852494843849,8.796110021675211,27.006647581601676,9.881379915621885,22.27240183056164,25.199916280947665
2994,91.21780149776586,71.33813207555978,10.13997680734133,27.142097791568293,35.380704948099876,45.40550712123853,4.175173968177606,5.938351717035806,6.532667162047801,-1.6175815493368009,8.376531887542221,3.1922807087665572,28.136768677077956,18.524941349398947
2995,74.14203835486073,63.49518446933814,-1.6408985439416872,20.657152948587804,36.43154992052474,31.862709959566036,0.5665563069672146,20.672170944093352,3.367941637452104,-14.205903881333771,-6.366244550714114,-1.632992445974836,-5.216525400628525,-8.783275707811761
2996,112.48027178943445,103.7093088385661,77.66751600836825,94.64585891806465,72.35068595878595,66.22192953158533,52.016347092100986,61.098705911658385,15.75504769549903,21.23323395115012,32.376806971012215,21.607676994527687,41.41555075299043,38.28483261556832
2997,106.05522655366818,87.55862199267386,63.488418138321435,84.97727318735468,52.33176076206545,50.69851378463362,51.858186431795566,48.60815062614038,14.511737917752647,6.6887894588861645,25.70975818350002,16.377246530505754,44.95029214313844,30.10803342670765
2998,132.86841284903343,118.57755178237218,113.6251217664618,146.15943297121999,78.15641707127068,83.67341678427832,82.97796014015556,83.99300931006943,21.39407309194066,20.40949207354085,51.38250853540711,37.76200809866731,62.391700099006435,54.70676982466293
2999,71.15359986782887,63.870455286099556,82.27118366281248,129.80333225456397,44.87154333084544,66.94724167723766,67.71953710111583,77.031178650995,19.05929743575271,16.47987826557568,42.8000291012867,16.62898334469382,50.71962670623931,44.39063885238042
3000,33.64762844593023,26.774000742277913,27.386373196528425,71.19798029449572,27.512122891908135,46.72601589245617,49.08447790798248,54.68390871685847,11.738307458385941,8.137675529616018,37.44800309486051,20.98750525305805,28.483049259610855,13.135372727674405
3001,-16.391428778650138,-30.612398977870733,20.78963969167496,67.75253658464936,9.315444126753668,35.46849708876104,50.6556379774677,45.758825288077595,6.876890469900502,11.17069492359361,15.561963944504509,9.399310808261816,13.9484821518939,-10.934151585153712
3002,-47.271048792535375,-35.47305306996136,-39.63791650703356,21.709405277126123,-16.049154370456858,14.239515141946086,12.374111638634547,4.879014903551933,6.145071893021445,-9.200378948110108,-0.8197361567420458,-1.8074300538718167,-27.83321197945261,-48.41644068983237
3003,-86.62881865662246,-84.54083380389439,-99.88635324582185,-66.04866105848646,-41.59272365233747,-31.231799582979217,-23.100187285244463,-22.077392078248725,-8.835274597856962,-15.282562151269605,-8.713145097687693,-23.518848250234285,-39.698814323397514,-66.50651170833683
3004,-90.69200200125265,-89.61528802107655,-104.75180012518022,-101.57985520745014,-61.70758343089907,-49.5622077791272,-12.073233031461765,-28.79648855781996,-21.08113854219775,-23.883732761612148,-22.878595601042985,-33.9668073582239,-71.95733458594931,-89.88212996182266
3005,-78.43943215263556,-60.59472534303717,-94.38666353128053,-79.79066135143292,-36.49972462201683,-51.260442730008414,-33.20377013624236,-40.287654585572184,-12.044085886010171,-24.222143958984663,-24.54746774418241,-43.987533491282775,-61.19203365309082,-84.3418858407289
3006,-98.00637353140894,-89.18011155188091,-80.37978673842424,-60.1591021534054,-68.01851653307041,-54.514974368818585,-34.12661655215899,-38.52626439196634,-8.32973676951706,-18.200955531173904,-55.65776822922117,-40.95344190258865,-59.28189719911765,-82.83310472472245
3007,-66.89008601565668,-71.0277258257454,-30.440458321714974,-25.462551970114625,-29.477328465333237,-34.302205860715006,1.9042580269908567,-19.441653850705148,-13.174499511314758,-15.838858533364267,-54.05242559463821,-35.301740346444284,-48.53990740387878,-71.93945271968815
3008,-57.820836212881936,-47.434679316225676,-0.09074445180335289,8.862517935005542,-25.54835707344781,-23.585625497479388,4.20590337472547,-9.220662294374957,-15.678610520521692,3.0835428612733864,-21.743003275225654,-33.44023615874258,-17.116777601016615,-35.005078968391516
3009,-5.805040348939956,-3.556940948196397,45.39321624740052,62.45424395162768,7.457011652105738,9.634246174095539,22.540989925919984,26.403311966579235,-1.7888620913979256,-7.400920668398518,17.588748453728403,5.200213852705577,9.363817645665236,-12.153850751270054
3010,-3.0975328996308695,-1.814805922640165,26.908298194671744,35.435150240283974,4.392398097546163,5.986893074364294,19.871332999979114,9.285571052198543,-1.1051790996900437,-3.675499722624743,3.7467474765242184,3.6308055441930356,15.707558609722184,10.696164307865116
3011,-18.858635009034913,-14.131114516348624,26.847525607004386,-1.771259558991483,-2.0390313874492154,-0.8305902219518109,16.147413709691246,16.52571113117095,11.897088617578127,3.4130710445283925,15.8626441410949,26.10664270190087,16.985329520732137,25.251334284329285
3012,-12.460534321229037,-3.7045896051685023,86.08451473593321,55.98397857220564,32.192426113861956,20.160376131121843,66.15468519879029,58.1072700754439,-2.2138271407748067,1.731841325794794,-6.749738713004019,-11.421648416394383,6.959761129629208,6.206662997096147
3013,3.844906377923058,12.988161768548714,97.76307473202253,83.10464970496302,36.57505958617884,39.02140700461057,92.03128185449631,74.21775257197206,-13.653702827438527,0.46521066819263246,28.560549528922746,17.675658430102594,12.147804341958068,27.125015371668987
3014,13.027973163022825,39.227110245618526,116.26519891594802,95.87572515769526,28.936145157470396,36.84552464627767,99.23978519397562,92.11158366346392,-3.4636649400590342,-3.819091234754506,-16.264040658489336,2.3223739686952736,12.92941431669544,18.108553132623697
3015,25.41062665979441,28.311746861844547,92.83324410873286,76.50174988291394,16.682625489903543,11.688558104209031,73.54885922577738,71.66036122421288,-4.964147986839871,18.184605744669252,-0.6893258260750266,-2.5040343606654734,1.4785370351221994,-5.535480921549757
3016,28.33540017565241,23.553046987087384,51.91184408331447,33.55867120472721,9.169281171949184,1.5225003646308701,37.12799456499136,54.85045790396985,-2.519980709436966,-3.804346644056068,-15.769195219475469,2.137464314996946,-6.32769413308391,11.273819090214323
3017,101.21019064607715,113.95409624996817,122.86708401849468,119.98194664175674,55.73959908724948,77.8438917412267,70.88572654852065,103.08825600661673,18.212944537210817,19.9394590765636,81.92471536181888,55.17380423287403,62.993122221045375,48.44063992573838
3018,190.1951790978135,186.89901978227644,234.35782092119712,227.38977986723066,129.98358185067218,148.77937352289413,144.10032693100214,190.6486263745781,31.147713722455936,9.769214686833996,135.14824130445956,108.57565613504597,84.48082069550736,115.22482077927903
3019,165.4365391232713,161.6482297708285,178.3155067633201,163.65438147867712,118.3915544665655,115.15747256627962,113.32853907012813,146.06336070838842,13.657362701265575,6.503284744229938,119.54860735168538,87.55542248841775,68.24397588831745,82.32914637273012
3020,169.36179473224354,168.72504455085522,137.32999793694975,144.92845240091953,111.14478903547261,115.89123474726273,89.78339827269464,113.5160440581974,9.500201354138882,1.0589000602512386,108.50829911421143,71.58275609925307,49.75593077350451,63.601509596541206
3021,90.17685497352915,82.37692569202235,73.40112529342552,66.05469273830138,90.26651262854998,71.82460141385106,81.58186466662299,75.40122458166454,8.745163496358343,4.2748000039605,79.31528426596662,45.91457600814431,27.721897189405777,31.500535441310436
3022,56.71306075671621,55.13627859967764,1.954104244756851,13.125526002993663,69.80640184383871,65.54524035094728,47.15514677528143,43.16530011626611,4.040763174532247,4.73636314640502,56.88608610217182,55.395877294794246,-6.100953784190777,-1.6759712244340221
3023,14.07062573746791,-4.353565282497914,-45.810914727110635,-27.33170735584126,62.43970083386531,33.59697144849362,25.171589592767333,27.780268021295324,-2.4470071910207056,-8.400688216685792,32.176255082206126,17.634983876747565,-28.034543700947253,-25.421006417251984
3024,-35.63033278838208,-49.157761938999215,-84.0915643324742,-81.33120114055106,17.4385708580594,-10.897904636150354,-10.431975685738433,-22.04295751975808,-21.627594295845437,-17.742343573026464,-36.55535970204197,-11.19841300697886,-66.86504431264828,-60.744141566443325
3025,-82.61859091580597,-102.83704621855418,-114.92261377339325,-117.15110248744303,-31.768277927203236,-54.583843725146906,-45.530743378762665,-56.857493345184636,-22.138848384628243,-12.57843816949977,-57.81159144200405,-49.23432077927821,-86.03320256721706,-84.83350296563762
3026,-131.13654788495043,-135.96921751911793,-141.2710163903252,-161.136494013607,-65.62222554532613,-98.56959117924023,-75.36913912188095,-109.97567430617308,-35.64590275476231,-17.79093840575347,-89.09855806032596,-75.98146903043543,-92.05493044707097,-99.33930703411879
3027,-152.04506272473114,-153.88592881798505,-158.28778999550107,-167.18752209657546,-79.54822546164161,-84.90296944119667,-96.17614264611676,-122.33731334616645,-33.5511288799442,-19.36353980912609,-80.44757207604522,-86.4830822121625,-90.91003588844885,-105.27863752987597
3028,-199.68973727478047,-189.62103055602654,-183.46740154883616,-170.18818509658712,-93.41430412754985,-91.86537039739513,-102.5588406058821,-120.97051834236474,-31.962436982558582,-23.23609629484801,-104.22084616806934,-108.31950687870875,-114.02894065046482,-130.96693330690644
3029,-163.0064211796008,-150.73161409071207,-141.55243325544552,-128.12260363703692,-72.29224823544348,-68.26233591209265,-86.59308056956272,-82.29311582784965,-30.59960022635776,-25.611064758059726,-68.05427238169781,-86.00838004564842,-79.79535262793446,-116.35440271407498
3030,-145.37192027116456,-141.98697427443759,-103.30338411115224,-94.03293049907889,-74.33426040109451,-60.40180862012375,-78.72904967052783,-81.10484096360983,-13.129750630965555,-10.9718368892099,-66.79810583277956,-55.77138127930011,-78.48058685530529,-90.30339697091465
3031,-87.22621595811893,-88.90250544357855,-49.22844331105898,-32.81130860517978,-93.3310243100033,-61.31092772352306,-51.53716919732743,-50.89032034916842,-10.85780750668052,-8.507609982463027,-56.94368908605593,-39.66727914584515,-40.417858692108204,-57.68494681457012
3032,-51.48461907074164,-28.646379142787584,41.17648662415987,47.01789551208885,-64.0954136526598,-43.52298849393663,-23.091961840440764,-24.23636316147212,-7.946774890391105,-10.630826784662025,21.62567394149559,-13.318925202607435,-28.047514786190707,-39.51901369162058
3033,-16.346131486355866,-10.906480331064259,35.081593157834355,28.199932534413353,-34.46203708770613,-40.90190795250515,-17.083156809547816,-12.473253164181836,-2.4902796619520413,-6.988297074513129,34.744047746081144,1.783121031626842,-11.524688149987977,-26.96637293855474
3034,-21.33235498088972,-7.486655452191411,62.51690756504129,51.369814235076234,-21.714803073902807,-30.15733837216671,11.159426739419972,5.301867357137295,-5.15646429904992,-11.225464808588894,23.334065472788183,-3.942965387582714,4.585047705332562,-17.63038349581998
3035,16.49119471545011,16.97204239502085,81.55970405041067,65.82410230107837,-6.142831833787773,-4.190590904872422,23.873217174637862,21.412497320271928,5.996640916931338,4.55850384965225,45.647885623553876,12.795794730123681,30.23023392148341,-2.070797572640806
3036,20.57405484980739,27.15714709734698,82.49476428522276,77.01283262328053,15.399399473690147,18.157164076570425,31.55886613291664,38.894832114622474,1.0730088242713276,-19.699675437962075,40.19761407013977,26.077390374258776,22.77602515630963,-3.273635382767124
3037,28.731044291173916,41.84756940097681,30.20789086734406,54.99873001747924,26.60233454442375,46.0321893297363,5.47139831140271,23.289162686281987,2.301074984311047,-8.288420548226302,42.34937797708395,27.79658104543209,25.663578756050676,13.260965634454429
3038,96.63046480338049,88.4188994157769,53.899426553834694,84.81755654921996,60.73913505313432,98.63159695955713,60.21885179995316,75.16391186519238,-4.7889636029353415,-18.526583340779055,81.06978135851986,54.664120702666,39.319055618459544,10.264557982189027
3039,89.59559491974423,74.7733841500926,49.959318639829775,85.32881683951956,59.546885436617764,88.44134081325038,48.53702683919666,73.99802471483076,0.5932588674550795,6.128986162280762,95.47945910125658,59.938377107538635,49.3234945450879,26.255084767091184
3040,57.668372427582604,41.53853972948167,1.9623175114582594,27.557315870447006,42.68512382969291,58.87968927172903,13.474919365996694,35.98301281541792,8.135806367919566,-5.734948922638271,53.51097986064468,29.788445401318672,32.953276958983444,5.482831296071215
3041,59.09368669017633,54.99452306741155,-4.257179783779102,18.17046007334426,31.50281594310154,45.344536551127604,16.877685629644763,21.961782011120892,-4.0458021642409925,-2.7799145115611044,49.36777709621995,32.37248471203764,30.233449020476694,20.560276145207027
3042,76.50799963902377,79.59615173707671,26.29228016706202,11.110152142529635,57.48485234669487,52.54328139615508,24.465220218635938,12.464862754187081,12.47197069052325,-1.4046573759025327,63.41865186620231,38.2938399521727,63.609410817623704,34.36809700443951
3043,89.55735410614426,79.41840016006424,54.49484479550779,24.796524617992503,77.33784220715806,52.133904372654385,61.79678230524128,35.95573716920633,17.5476984348705,5.349883601112934,62.64455089391692,45.7676736737616,73.34956459479852,58.11748822087043
3044,72.26924254213402,65.16850601631099,36.253903699244816,8.146854296628401,55.92975786225446,31.842513595950656,34.336309697496304,15.996350416621288,6.411215988849307,4.73349572437073,56.063098206582325,37.92404656539128,60.82550669853683,50.85483400503594
3045,80.64290556344002,80.66340042847601,49.775981971374954,32.594612822868896,63.237007154148245,38.32497250849172,40.64598027833382,34.342138000499446,16.19839777874842,6.047672460181985,71.15837999105324,46.49786918555428,60.92668026073215,63.00122401411588
3046,53.149770106881654,52.33473430553713,33.37399994772185,1.5943917467886872,41.51854335186992,15.273985001098422,-2.836772122207482,0.2748203054575672,9.712963196380342,26.719938348955928,41.45702184329805,20.41722956445223,49.88944150024041,55.43973119095465
3047,116.74477322544415,104.58043243982051,53.00027751917744,41.717119421118994,75.22796217796707,59.53347147799002,37.705996067655114,27.037705897671554,16.318829904923223,18.872396311965336,91.76590481892286,44.73580702233886,70.3542645533108,70.32682087718052
3048,107.7694245946889,121.8316677348602,82.77594343963999,41.34020061825436,70.49970295241376,43.00575439970385,44.98083003539723,24.780678352110108,29.733410108183183,25.90837644812651,95.05112873842619,50.31270260817379,86.46940983157955,84.35968308044606
3049,115.23034311769304,127.05516190757672,76.89705750268017,49.03760217245585,83.28643141319972,65.83362053142967,24.863298124582922,36.15842492941003,14.423948175920296,14.535199115253215,68.89995885690101,50.874249594874904,72.91283943194308,90.42109710028146
3050,92.21897103774467,95.25813822278371,48.453253097284744,11.545381059021247,54.92095660999676,9.363933466143852,20.051861649492526,12.045088744640283,3.276170456947743,7.595654052127625,15.732607184801267,19.058172817397242,48.939759922107356,69.73289855559742
3051,80.98800898748004,85.56434323407211,74.20757620530814,40.122384665629646,65.90440222291589,22.984674859629045,32.42612763326809,44.43958508324236,20.00228612841227,23.503084565340053,8.2467424877081,14.535525631374433,47.41703260972102,70.2823199454552
3052,91.43398845558795,101.2791356105478,98.91680283131267,70.70748711939453,77.7401825749007,44.46567809647605,71.34518755055099,63.30002685231792,7.149798128621018,4.7721617087142745,0.07564861861703776,15.404873848682264,37.01879847118717,59.30528012038562
3053,5.609274001186149,15.99571880332718,24.658157562637925,-6.4931104380250675,21.185889945629704,-6.460872041238922,-6.9419385185125355,-6.358641515093812,13.265392181952455,10.612197417164168,-59.360937647879254,-33.79896760898557,11.836154765193706,25.70023376882405
3054,9.98883896636817,24.596646960557607,47.719074076947294,40.20648325173876,34.42705907724051,11.85831928859408,-7.279488754528332,-15.42233632962143,-3.023137546103257,10.621284097582759,-77.76539035036986,-58.44710654238324,-16.081656989617734,2.024033279997144
3055,12.363502315585293,24.095197772470595,33.17128450167066,43.188904755117676,5.836155551945829,-3.372499950337786,-30.825625700358028,-40.36148391959638,-7.324078035500939,3.0495121817390785,-84.5308188444693,-66.9255272551407,-8.555221591257354,-7.663493054547379
3056,-27.436441015428134,-4.088231539847269,17.600273730247952,14.07134491553757,-28.34712913052187,-48.035646435579814,-38.38333159087769,-56.153662922803235,0.8849639589288939,6.994749232810182,-102.8677212028752,-62.87450936516214,-21.204616705678582,-6.868341326339393
3057,3.065386027103468,25.17790131239871,78.72694707310963,65.21147101163847,-15.0876825402067,-18.747929896396194,5.9993039885270525,-8.94719949613798,7.369465197471986,4.584665761038421,-68.11156135910427,-23.48541296951688,3.184873249640603,26.61948929623338
3058,21.916616911507802,41.68460948739388,73.59615419553462,74.07857521732667,-18.53965645901296,-8.781325146293755,0.4380764726261138,8.561009907179661,17.043593363286316,14.75137359318823,-33.27026830533537,-7.892570885147624,11.786101089782907,38.69982089790435
3059,0.6963759657923505,13.04956137029528,45.61145820124461,41.41465001788048,-32.064604002961175,-31.960709849144937,6.066573417918214,12.161578013688498,8.53599358243181,14.678328681123766,-67.32577279744345,-15.273268742717583,0.5046864627348451,31.299114730860342
3060,-21.56678704871509,-18.30377488810669,23.950919084004983,31.146658412910316,-45.17146280310256,-53.09322134047948,-23.18669340379459,-5.1436383961435865,12.140705213469403,14.242316974388068,-63.39586532550949,-11.845006792762325,-15.820554620874615,19.515545870359094
3061,-42.267233433723604,-56.46438101463181,-23.264291117405307,-4.693300563821478,-59.73416031549582,-62.179501172197206,-19.947284020524098,-32.4511025649013,11.954091685170907,22.8144675117818,-89.74596616530974,-31.596426095545805,-15.276842343588212,-1.9399139102378096
3062,-91.0863715234388,-85.25623783215758,-89.45965554279432,-66.62503071646866,-75.27418353551941,-74.06862033480589,-73.35382705013271,-90.6400201696429,-8.446314252578091,-4.781152341101448,-119.90982524927401,-63.74648502833525,-50.11710791072906,-37.09293051395111
3063,-9.259847175723916,-13.206221353216918,16.598859223882084,66.63150663895222,6.926969792417076,17.581189985384306,-0.21700863024091685,-6.881938353416198,18.77496156909882,4.6209105578195935,-50.55333142196901,-24.09652138127704,7.713023050420629,15.133340220874542
3064,-4.954278977486073,-6.375357986574579,64.45901998584942,73.05121124572786,11.387133104318252,13.64717314473748,30.65275923054956,25.571677390900778,1.8509993244200764,-0.4063772575755953,-62.75519705549132,-18.748114313070054,-4.728607228859607,15.032609721933927
3065,-29.01126201028972,-27.51747627605683,33.44830608598965,50.73097819229087,-10.850482572007534,-15.285742191491332,6.858446542113593,-3.926771169746253,-2.908305452043821,0.48507034403269683,-82.77581165679142,-48.81965154959513,-34.25256593012423,-5.711153852755116
3066,-80.30844206695558,-72.2370437354612,0.7114460811058437,-0.9379122789741807,-46.267116684422106,-53.19086209279634,-0.6058869175412995,-12.092384377699096,4.218930776284424,-2.486105103196848,-109.01932675882776,-60.66262572355437,-53.342354476981086,-32.447725471725654
3067,-78.90904553239953,-55.34116146336145,-1.784422488680934,9.364949991206137,-47.14231156310122,-50.26511677388925,-6.904370344456129,-17.01260971457399,11.41074439102588,-10.053980808998219,-76.08222605025905,-53.01420359161763,-43.509480939592144,-35.00865485586721
3068,-72.53549789031166,-65.29870362981438,-37.147865137807536,-14.403971735086696,-55.46057431113413,-51.554083447111665,-16.4989879523368,-6.667360068959975,8.138611585116129,1.146408557702131,-44.358600939771286,-40.95683337274129,-20.06418959890683,-28.6537352606214
3069,-55.180986223038886,-43.1601008002306,-68.45540220722116,-54.03127983885096,-49.39409889401676,-44.15651168438332,-53.98901721932707,-59.1782088716583,14.046228482421057,5.856334572687645,-32.29032478102769,-39.656784430690756,-17.181010023902843,-17.9914835821409
3070,-59.01143828860958,-60.19045273400525,-91.10308874570289,-78.85144788953468,-75.06965961268604,-57.132356591085404,-78.0590545967459,-74.68378837313728,2.164464316264088,16.001564705899558,-42.509810050008205,-37.012007313304316,-8.896695028104874,-7.653790146848953
3071,-46.97150753432536,-34.0083985974833,-65.36610327057281,-59.837418509926444,-40.92324967109426,-32.479221577026294,-56.74786718710735,-50.9989335054337,6.334288626220103,8.332765359829738,-18.9102262914521,-5.998064197345791,7.771968546937665,11.127375359023857
3072,-16.88861845296346,-11.498076724303923,-57.557999068184785,-54.31586703053526,-22.731528854889106,-12.632863122735383,-57.60619189160025,-51.948942012395364,18.667925898908603,16.047375133658527,6.3821552306867995,0.09387391146551691,24.268586687139955,25.95931815094881
3073,15.481180958620179,8.53155916727686,-13.072436459383148,-29.113741068186446,-20.178246137329616,-3.1617741781237076,-26.77450861628242,-5.602189863726759,15.197241900237096,12.988355909235212,-15.841424841407143,3.2708768154970733,29.821858434953388,35.50236482419584
3074,-29.192895066359583,-26.240906582912046,-114.77483920484809,-108.54469123374437,-64.5966404956667,-72.30300985044214,-106.78053244243542,-92.53612927281162,9.286240460908529,20.468950881842442,-28.406565111812963,-34.523125290345156,-3.257693862059154,11.883409578610589
3075,-29.027772714514487,-29.44576482476545,-106.96100164042748,-108.0900869487507,-82.38390417072108,-74.02474744907526,-99.2527427965748,-83.07873257660816,-9.222156096502617,-2.260665484777614,-56.323588353719735,-46.52556010066413,-20.31057054193964,-20.985123394139713
3076,-32.89349570990061,-40.723403118863175,-117.18657256902857,-92.94454893040275,-82.193838602675,-58.12281088376286,-112.59456705829207,-89.10318120357996,5.302845798925103,-0.8971398068651322,-50.51375951884581,-34.78540260312841,-11.412831759132665,-3.0415889473800717
3077,-56.30393479400019,-67.44770164407088,-89.1028672344277,-84.04903867168628,-78.87010455721395,-70.01832957727969,-97.51660018862266,-90.97617995483878,1.7559397396112295,9.981392942087224,-43.74266487587087,-30.856278774990674,-8.147656405646963,2.7196281924853367
3078,-80.27265804612716,-88.50608229632228,-39.60950492582207,-51.326121546296406,-66.65047104808635,-51.984932914742295,-33.67912209671356,-33.03812995162292,6.49037634462758,33.358281947165075,-42.26556650176514,-19.552019352835643,14.644333195172472,8.6026878787211
3079,-137.58607776651192,-119.98793510560546,-34.820005063748745,-57.72219864318274,-79.11788095919611,-74.4726780297941,-57.882674947398854,-41.79315991276776,2.7567736752745104,25.23089504792294,-54.219888492896736,-40.795154368441615,-22.67825654214102,-10.778757536943507
3080,-141.49542584652252,-117.0513384077558,-55.69794445864915,-82.68467189947233,-75.39846716602194,-52.36007115243823,-52.18431535136444,-45.184506240716956,5.560967501039514,8.709000789784513,-54.07895221828497,-24.89339222757193,-20.8912124020953,-16.216600947374573
3081,-67.6286437318946,-31.363917611642634,75.26062202089524,43.96670252006837,-4.465261347798907,16.342394285109624,24.057098290745355,27.396496782739927,19.37600542203587,19.493149562604778,1.6030006081896246,6.369276850874286,20.355581039150465,7.294405999707558
3082,-25.255278445624768,2.4145980100082545,74.86078878058312,48.90538625278041,14.6682868933825,46.385598119167824,20.532623236689826,25.93052511386791,10.358909454943213,6.534048439375349,31.708561670482705,41.960751343772756,28.246006297377615,33.84559481720811
3083,9.848202898906298,27.48546354871675,117.43354185064926,100.77881873484193,44.105630919243396,87.98326028143819,54.59917739131135,77.49996507396037,43.216418427419946,38.2192389676992,65.34370701106818,78.49626988291449,45.907944685505115,60.5023524331269
3084,-40.53623363492941,-14.58549724122993,84.81409084510524,61.923488066602644,8.39553255283553,32.0326386446415,8.63803871565131,19.945315702587102,21.00276750696878,15.353232943772657,17.177791587235646,30.493668607989278,12.889655938100816,34.510910077993536
3085,-49.175875776476936,-26.271703444735614,34.642392299507776,42.721482866845,-9.448117057408929,28.225271508950424,-17.75249826577154,10.758404361189612,24.994272388217826,17.636053394075347,-1.763031369685125,26.377548182525807,-14.267574245935347,17.22807431463764
3086,-65.9862356104048,-61.30788506010179,-61.53259872829215,-38.40396203951913,-47.53207257998229,-27.75468718196446,-47.63274140835225,-47.91434372006137,2.1856678570912815,-17.4079877743486,-52.90057340314912,-15.786420725719008,-14.518823432443286,4.383087044471554
3087,-70.64636868485312,-64.77566465356261,-69.39028839897695,-62.58511335394285,-45.96815860519146,-47.73944643207135,-50.894250573963326,-44.307953519551916,5.570646513007286,3.904561298642211,-56.689651935857306,-14.952331460067533,-33.73245032510487,2.5629331978294663
3088,-54.50767635762623,-54.78612134803599,-86.20310483942158,-70.18593123220396,-47.31238011021512,-48.299047077682324,-34.790998564532636,-39.85400649343199,-2.072882978157535,-6.4617051095018585,-64.37658510948319,-20.576235424243407,-24.55037179776374,-7.094280289923193
3089,-51.12241293522634,-54.94767010556819,-89.1513793402667,-101.76001443644898,-52.19119411315481,-67.07623865137855,-47.195616873111206,-63.61670746736669,-5.416052404974653,-4.705881931314282,-47.607281975313164,-30.463677025112272,-31.356993895705013,-22.10645601075046
3090,-15.497518427466717,-42.6286770407871,-91.93849571935591,-71.07367546656008,-49.53511093628114,-62.49579514075159,-29.81962291122619,-38.714352367781096,-17.367168296095382,-21.14923805373003,-18.594706265329343,-19.690618663015517,-34.111290413590446,-34.71850703791798
3091,3.857724763927826,-20.65505130518489,-90.1177013719266,-83.92781562472678,-26.51966169022034,-48.23613386904465,-42.544434343528096,-52.629313444460195,-23.348330220985115,3.121639430371104,-2.2518325406782074,-16.86458960971364,-44.30476502848335,-51.12476261033298
3092,4.827812132533552,-13.070026464902806,-73.94550120458851,-56.53516281317741,-27.830649153272915,-29.40789820785077,-25.833488953163357,-23.982989376854256,-23.639723167674365,-14.257317362371573,-19.21239586459967,-10.968454300149382,-59.083737353404985,-41.82908505179574
3093,37.89433191313551,17.409824175611817,-36.8325952023847,-22.246040871004958,28.704131824545687,21.812628186843373,-7.2986488389814514,2.4412830230590385,-27.016863804814975,-21.717990009217345,26.227211570304192,12.406624035851614,-47.466447905028645,-33.32046563459465
3094,7.770705672948342,-4.898999697507273,-62.96541918838516,-44.47097833753904,17.063020149775888,6.749339178886444,-20.147247444897832,-13.486511328925932,-22.831006896965818,-21.814823838831828,14.873064809568733,-9.252519107628789,-53.491070695954406,-54.708216578678
3095,60.398900799554404,45.39819687899007,-16.263265537080716,1.9899177860330584,68.1007809118706,66.14729295814233,24.78981545020788,29.357885464917054,-16.60050665423446,-8.392062402121033,38.8419058348353,26.52362153448451,-37.277730193394184,-31.21634695477766
3096,33.23868780779508,26.131417331071887,-69.17722971647841,-51.31010860763256,43.515299245476214,31.562811183029204,-41.571311176000776,-27.787311936620416,-18.19154165272312,-31.046219614988395,15.943944616877587,-9.253001998306225,-51.359444604574065,-62.24738387461366
3097,56.532828028449636,58.343923447561444,-56.034020502399294,-37.702513798149084,61.68116111270304,48.66640828358442,1.0074339718115988,4.744900101634696,-19.892489764322864,-16.737862381528146,40.34114983087591,15.23904042584173,-46.567692552021455,-48.42996007082565
3098,60.209905158709375,41.42237709613432,-69.14371536123849,-70.61405856878103,39.02316073341647,28.591668344997796,-22.56980534589843,-24.459628756537313,-28.246789994952653,-6.345157240564815,40.16974974903487,26.247435902159012,-42.45752616768656,-42.76107382305433
3099,39.05209605203889,22.988520826724404,-123.68293363388973,-95.717644713441,18.053916105569666,20.878232783442456,-52.31417174465783,-56.58652586586552,-26.244202446249943,-18.828322130111285,19.693134057223375,4.582502253995694,-51.15858764580818,-54.85534762435395
3100,69.94853855800902,56.86990742048373,-95.01328822935807,-54.4808487927613,61.06073928264666,51.73475512507894,15.882024648725166,2.647841986724175,10.326936783512211,5.656936747395781,45.418815483002106,40.240269265849165,-13.537523143173129,-23.362713486780375
3101,15.583408362100727,-15.892738840258403,-157.72443619255003,-127.76876976383797,6.56696952197197,-6.2169569025447,-52.446029192501655,-72.66328193564487,-15.246429749184623,-15.635810733276081,-32.875573945121985,-36.32652494721676,-53.782974680210145,-72.78064847170539
3102,12.243325840331533,-30.21640799379829,-115.51002692968153,-88.6968157531515,1.0079610908939474,-4.160011804191656,-27.068884893242068,-43.094720793418176,-28.225166706435306,-12.555316108082685,-38.40360922577482,-29.351010242862273,-36.894033325439,-56.20515278681992
3103,64.47334602172276,32.221811627539935,9.123251724794912,18.575974279459707,53.765596580636654,43.160872508178784,36.02194902244802,30.211213564988913,7.058263039394656,-7.52071430194768,21.994783923388116,17.078530363394567,1.4476244558152216,-13.419123241238047
3104,92.58291265138668,61.41831338634785,31.787183618688335,59.79374336454509,57.00247246156376,56.24413255729375,67.14509070181875,67.34383879188914,5.815302401073953,3.067628961015378,61.43780987925937,56.83061072359539,32.22770028855661,6.036066306501872
3105,125.2342586063477,81.59307347268997,74.73437490544892,97.94295616983301,59.14770579528587,73.18764392839546,74.53426815234236,95.7672077168952,6.444643053600992,3.9878817485295848,108.9188441347593,93.42050184072856,65.49070589618955,47.59061516569243
3106,101.5812091072444,71.08692337613833,35.62929971322057,67.84938641293982,28.44258004957527,55.27826791267075,29.322880916269412,37.96623360803204,2.895787105773518,-3.3704089027752953,96.87443212562852,73.22059874897712,46.2533194232454,26.754751393563932
3107,56.40891648933276,47.36323146133718,23.331175933063424,18.157316623122078,8.051237245998937,34.76711031601178,42.87645370208047,32.571593525033116,0.04416849564373574,2.4521126290254602,94.56001121852816,70.06282014679152,48.62782837286594,37.597842699909165
3108,42.87341100135288,40.112739987581605,-38.66557832359948,-42.209425102958505,-14.539646079789831,-10.286616693298154,-27.852901030739766,-25.47444426539655,-3.07767748889011,-4.2805788810803485,59.59056286307522,22.252082584161283,16.014911277594834,3.7537076315144913
3109,86.37705948953395,74.5572832405097,2.3349503096306363,6.8173208618203205,-7.9086590779507535,4.903492241149443,8.596761907912793,-12.193761730217723,-2.3168123141333328,4.862978137013533,30.6914758458165,6.641399461543529,34.06865542352267,28.141770451421177
3110,81.52313298915686,76.68312965496037,13.001136305533203,16.370119756922705,-8.299639466835064,5.823109065010489,29.965226011232385,20.027221907404023,-18.296395148969726,-16.619098882158728,15.267139496733018,16.223018411653957,27.689562381920023,46.711295199293616
3111,36.84352331018311,30.49822557903969,13.783649984843663,4.281590998614488,-26.168257039629427,-44.073615387824866,27.90886856754322,2.2672620653079627,-17.530192836262696,-0.6419064649411244,-38.36004278447109,-33.50982983607252,9.810806369505414,21.802931496955964
3112,28.076138157641278,16.68235850272295,-6.417229975509006,-9.711856507677375,-47.68590994809989,-51.95832942706017,-3.1497739209197926,-5.98792171067322,-14.098168392621389,-4.99290534868821,-57.42467762299159,-21.82361909745095,-9.560590179871822,5.274137811127916
3113,51.11713038536076,43.98875508921383,16.384723938535952,7.228077415735624,-14.60175073695045,-40.41310153459914,17.456340764351868,-1.2024672992362007,-2.610886689115256,1.7508481064632717,-4.790231660334619,9.523970236319645,0.8101207768861693,13.769119486879504
3114,34.12705639879585,23.58798446652856,26.21072897186811,14.72189785649304,-18.787128211924276,-40.03641512496044,28.86943637297214,6.718545257634067,-6.376157589144932,-2.215524764050147,-4.499989039110634,19.407562618406182,-4.734514808542297,5.0770591448443705
3115,11.37814183366606,-10.489974687705754,13.371083607803577,3.3079235685827033,-27.636808118580415,-46.36620918107627,26.54934802225737,11.219197882788986,-2.7490312095168523,0.579321170192739,-24.80546938313788,12.042168317473998,-27.428897093511296,-20.00536996108246
3116,-33.72710907911397,-65.51496050393389,-19.694325282175864,-31.58018334290588,-30.313700960401643,-63.29788346127975,20.194477734280948,6.005749066204385,-15.627271614149727,-16.99739060767187,-56.185986134170065,-10.4714287776198,-49.99863964995157,-52.66571491892037
3117,-109.77451160788172,-140.31312578193453,-85.12871801672104,-75.61974153691881,-70.13288979390042,-102.66454790811872,-42.184551051665565,-60.431410804193106,-18.809929333398088,-13.36042640536522,-118.40391850464961,-63.50633966986267,-103.29341582505046,-89.3213099273774
3118,-164.86216152263106,-194.35376621685833,-133.35330532966023,-123.5076761993455,-101.32339173131466,-124.29070454419869,-40.77336106650573,-51.18522979746733,-18.598413286155232,10.787628765220298,-151.94611228013198,-80.67128087526288,-92.39763029236138,-88.79597627029897
3119,-197.59866764046785,-201.6054448863487,-134.32567253679375,-138.4152568324315,-106.72226632089722,-146.08216653629356,-74.52686744835887,-93.15706929635864,-27.640457585777323,-0.7544342149512229,-175.23739816134162,-106.65548304231328,-90.2481163680094,-91.84127410375064
3120,-209.74693612320402,-183.38665110800352,-149.8957596315499,-137.6876639899411,-119.06747950363707,-152.37661075956322,-82.86635644139938,-102.63560192205814,-26.557188111951934,-5.002662180648139,-164.2413294009666,-104.86346580549086,-99.75372323333251,-102.35082661904818
3121,-149.02596189108056,-139.40765861749318,-68.66346973967849,-68.71775952276049,-85.45733131166567,-112.74161612886607,-60.88302487186833,-59.65896949982444,-18.13243374934319,-5.082373741729293,-125.0332890883792,-86.67444700618022,-72.82397703431326,-80.45559874841143
3122,-90.95289845356372,-75.27397013464902,-27.52143250395044,-26.423804776950433,-42.501268205268055,-71.03471404483801,-41.9197156683694,-29.141420084525066,-15.250791195337063,-4.740616073018332,-79.03130311938378,-62.48992762713192,-48.77460997377939,-55.65440261941911
3123,-14.35494188186021,-8.731978159821523,38.94030536718845,30.397583265064387,-3.850164697957343,-0.891426630679761,-3.7705173674116352,11.932986003987178,4.260462300169409,-0.8885033765658147,-21.215287357469617,-34.736039890269545,-16.966409457958243,-31.306995628564447
3124,-38.68443576046475,-28.244170699511077,-11.29006627858269,6.858078076757366,-23.75922828351918,-7.8129997414514305,-42.090557866622376,-21.28722071435788,-5.555781364884388,-12.69288451932611,-46.63596202914046,-73.96104170264437,-24.247427015140566,-44.63644547830907
3125,-6.778367568978995,-10.549260832166167,10.13165793169888,16.580215237199074,-6.122293585362579,15.977515781705392,-2.682603318600694,6.157350822565504,5.8224821287515836,-14.48606067740059,-51.12440617417903,-60.47454391445012,-10.591919545780845,-38.836868519114745
3126,-51.0059100953573,-39.897867715123226,-7.615493821587705,6.437837995969755,-25.149124087198754,-8.338196046345931,-41.06263661476175,-44.009682714123656,9.863190982663996,-6.456220605617937,-81.33493593156028,-79.66974037058074,-23.585499893026018,-37.25450354561174
3127,-18.064148472052715,-6.57988862168413,34.59050253089351,44.204269216887255,-4.009714165467525,11.97547475586397,-1.7222047767870399,-21.625235269442438,0.003573872460156243,-1.2300157663764297,-69.44063101883724,-65.3968621197518,-21.25096139138642,-32.30391904436204
3128,-6.211840094774007,-10.7136299884364,36.53871631228832,38.667145073147566,-9.807578680216995,21.469913028387214,-4.160285249602198,-7.8544486379467315,-0.41148523063267933,-6.826076687236508,-62.37474354648634,-49.76455515765728,-13.088045310665283,-40.137059676605965
3129,15.284898260140425,16.87175088157862,89.91283814464703,94.2874147774531,26.53388812800513,66.61972234922276,18.439125650018063,13.756319984985936,4.91128668221923,-2.8846586499740576,-32.60060555919082,-35.8083197904837,8.361967983531917,4.3106614004231085
3130,48.92952850758567,45.92904439958521,143.18930877433792,136.08423389051973,48.886892780235115,78.40621418923402,72.9473201593108,52.53802733603991,5.1320945940001,13.879911909119569,-32.73696314375641,-22.597576738456198,14.46249215823526,4.025567247292503
3131,72.76032798786404,60.75447801197025,180.38692822201344,159.58449737812063,61.35392536762331,85.48880300230164,89.1254341809679,80.13735150740916,23.596406418323173,15.00413193594846,34.97051820224358,-4.0592103357731055,33.71902547092327,22.97218784093477
3132,93.40639019366958,84.57859070738459,160.68582595898405,160.84390955489908,58.979165274315605,85.0340651026419,71.00150031495181,81.40873866639602,16.943366249323716,5.357149310275797,48.855716898945005,7.942278854567148,31.74051539950781,4.137360307738371
3133,107.54321767567617,82.70287367528715,129.74267216370646,135.3293424314614,62.00489685490683,81.7225460809566,71.20106823307694,84.52395417950709,16.155872811623464,18.222462285973307,104.08822461399404,36.53882864165277,81.57080993771994,39.24250842490855
3134,63.02170389949864,54.6294345596566,83.42282873785238,115.0146472339433,41.10103018454677,65.09299447014595,40.64954280544324,47.58165846478278,23.279098865631244,8.520488268092347,107.8242370691276,54.625907659455635,75.36110172447295,46.92789070138324
3135,-38.218137687337595,-59.11484262953479,-28.79205342445289,18.54797972425113,-15.949512234713975,2.61109083418897,1.778227153476421,1.3922139049982896,-6.7355818160547996,-4.117564558601503,58.302308143316,25.36086725053136,35.65280139448843,5.214023466910799
3136,-68.89294302326007,-74.66964955295849,3.8721997363986405,31.37349383809698,1.355235765676063,11.818223170058712,6.091010420093094,4.852809007671318,-8.64414614605436,-6.298241734263875,71.62008106453698,26.927654210928385,29.11206287391885,6.974939781985778
3137,-86.2174930050906,-96.00125927796073,-59.572143988498745,-29.962286506713873,-21.23708465084773,-20.207037572910792,-29.949814097686865,-32.285769070405635,-5.525560488143838,6.026587712667323,48.25985135266235,10.483273558978176,10.594464514928392,2.9263918934875437
3138,-68.67365052173183,-77.46211142564404,-51.389503408985114,-35.232780384987116,-1.2935732038957561,-8.074743692745907,-19.01640536424109,-21.64936535658365,-6.0099195914944685,-10.60706044469596,55.616752044830434,8.15736755736244,9.324022995217906,-5.7789845991027375
3139,-14.194723370829864,-14.721048329555291,-9.519165898299965,23.386911089984732,42.15213929830074,43.588338400326904,27.604737986989715,48.4295517588691,-4.1610691498654395,-10.43274009274439,98.14500990493073,43.69500223331798,25.372463812887908,27.441716730042707
3140,0.5607099358859702,-1.8513715706767684,27.605833792696526,49.14164494458039,54.48523003384747,55.39163085599049,47.24486265636205,61.23782138898842,1.11184885989519,1.8824122369349823,111.1836759815987,52.07398359603322,32.2514511356004,44.85368173158552
3141,69.6393235116461,56.46193875207039,15.475996683035504,33.76192408240138,71.8612786599123,65.87265727635318,63.41297078297958,74.46514182339459,-2.3865951171754083,9.952169935568172,125.36156002705785,75.6488457902873,36.79339313486537,52.11363499882911
3142,31.675235384841674,33.59518942926415,-23.17755185113685,-6.592255858672447,44.331596138402055,44.41848548379561,42.86281091709419,52.70135602018672,-14.868157272748165,-0.8167747300402093,84.75435841388214,51.25745667795675,6.2586902209722615,21.82547698757372
3143,9.281933390819013,10.378825939539325,-54.111406353393704,-36.54064705700055,14.552457985363597,18.281018861340577,1.851348344424157,15.277955800000441,-18.90250112885131,-1.1292762147073194,49.746726253914645,36.27805317588676,-21.537491282962492,10.4696492978494
3144,-60.61668772360391,-50.807144805156184,-106.80910993287102,-96.26234386304472,-34.39025309020107,-40.46744287860661,-24.464912530275825,-18.87342250268181,-17.14174705560982,-7.909117163615688,-3.8321446236200742,7.992104574698358,-42.458010177850255,-25.074007698572117
3145,-35.85514523791133,-18.43304033519646,-52.08028950393367,-50.900425149561265,-24.027435639292364,-23.52388524664978,-22.092235486829257,-28.308820991869556,-12.788261589561209,-0.4980124354898243,-14.64969122974767,2.030731132665645,-54.116353322296646,-42.82901385130818
3146,-90.03788197055005,-61.17610648348226,-126.34585716372798,-116.96266325717588,-82.1911596069525,-91.21862438097098,-56.55608894025716,-71.1634908274066,-11.808269155528256,-9.756871854391703,-78.76986822699149,-30.726719831568136,-69.69521068314823,-48.23996487132854
3147,-69.35940090740536,-55.27793031438082,-74.10216218195659,-95.55834485735528,-66.13114247603812,-96.12577774555987,-64.2577579930245,-68.78653388099652,-4.658059116314685,5.291854982992769,-102.94875925398121,-36.8769521542296,-71.24021196947741,-47.2317827013871
3148,10.210481043627826,13.083535006250113,26.519914427019902,-8.711990358101035,-7.704233747396575,-18.46653133228651,12.021621683865618,10.457406354842231,3.986206805203713,-1.9890456992946284,-17.98532145325663,11.104988145523203,-12.746186675693473,-4.452485512685573
3149,44.182829468758,60.10224773337053,18.48951855900265,-19.933110222196657,-7.52272152509361,-28.013646229595228,-11.818364918168202,-10.137782786028932,19.13071941124503,4.7785582999886635,-40.73468288497098,2.685707410844307,-13.068724557195278,6.01571592712751
3150,103.55984400632626,103.92600483852686,47.72161195886443,7.428149270857462,13.138986995052617,-7.435865839606122,1.9542880628896495,16.929439441431157,21.096538817043406,4.569110228957615,6.621518582998507,29.38731234478371,5.969200957522997,14.818045216317385
3151,68.46115897737394,76.59664031369756,3.864339367923014,-37.859164856232795,5.450306081617226,-30.825251475138266,-43.254368449769416,-15.509780643326005,2.282934328429605,-13.655325704688504,3.4297605090107277,12.668747880966864,-2.170474233227591,8.74366618339687
3152,42.088191371010105,38.74955739511187,-13.695829456495582,-67.25848118208233,-7.456187780485607,-48.47075074068989,-31.267351754681076,-29.16112099550086,17.676098665497125,-3.5976804078799054,-1.2753807961318435,1.3355919479721408,6.031889470259443,4.279696074481452
3153,70.48270328386084,72.11033295160216,29.59281360570327,-7.318487177455366,13.924556849960224,-14.095063845052978,-3.546839382108149,-3.181118616603155,20.532652882031872,4.731784810127463,16.020143718580456,18.785710521633465,42.35978733370284,29.50017349623687
3154,-3.7505123927695374,-13.366749194837203,-80.51398001389714,-112.46975311953622,-49.170922915790825,-71.3089618822254,-87.8113366502337,-75.33076684821818,-4.398984540960026,8.495935160568404,-56.128173512730086,-23.52516612507564,-30.653491797975036,-14.955029006282404
3155,17.48456927481782,3.1946935856739573,-5.211473491766676,-17.23221751899184,-26.897511250631126,-41.58682014155058,-18.747776239724313,-41.27547570355917,-1.1186317653386715,-0.5621726754050731,-27.866849206547094,-23.47742329822929,9.523649966063052,12.550024906536304
3156,33.9986327214289,22.617913832090107,33.375366922847896,4.018391919744962,-3.343123999323433,-17.54932826328865,-2.409218381039204,-10.915255834220488,11.231210810017506,10.328219543700612,5.465097481637374,-6.843907751571013,39.524233691001875,38.37997474325877
3157,39.467911663335855,46.26017751192592,28.948095558887527,13.128523759894765,-14.744024719013929,-1.4119210322714868,-2.5790815999005434,-1.2078334827972825,4.49336009717826,7.292153569314287,17.2991356500948,6.93414532864331,36.948562347589345,38.6758041518383
3158,-13.264114270706012,0.1540967245550382,-23.474091306086947,-46.713105907344904,-22.213365218388585,-22.241058618246207,-21.38999992103686,-18.85691717007955,5.602184995241611,6.751201952868287,0.8595224748868535,7.731860794761278,25.112080587042986,32.77194034237683
3159,48.715357859914405,65.82836007838792,5.734668604543981,12.427871341758472,30.843700992999405,52.97451625232198,-4.238362336874744,9.008692760045868,14.403433453717634,11.249945410562052,43.53364561561213,27.263613873206314,51.550612326202994,56.147200761351094
3160,19.45625812526798,40.88713647015365,-3.008636967596187,-25.59515943950997,19.750988559701874,37.19880243317268,9.584925478288069,4.655153191577475,7.049549668192962,11.683216871300385,38.62716071651968,5.507168379678884,54.68927133585078,54.35696650725592
3161,48.67713190150468,55.70564205448011,33.79119070969379,-2.4978021489608344,34.41397274514205,50.22361798533433,29.172086855101846,40.17547229630873,0.7281928727054856,13.979098768191669,65.4968338140503,37.98115434214943,66.27629179967713,58.70070904428967
3162,28.92147253408095,51.692232845809905,68.9852083037584,28.70640342285294,35.56221048240415,49.51190511903826,45.370163732233166,48.5826557558713,10.592548654045755,16.116718009381163,64.65199585888551,39.39375826890606,60.62554831949402,57.566504078246574
3163,4.602758470738223,16.788659402943566,26.017382492982065,-9.186413569372768,-9.87699837633714,-4.278986679538231,33.05226190256666,19.435157804453148,10.574046998055955,9.681692155546713,28.61127222633082,12.90165089267646,34.75691729747666,39.31882918169987
3164,26.314650245777337,32.96547170054991,55.790184794319494,21.401380526397418,32.994675981949285,38.6951717063878,57.998253126300874,65.77245756614128,-0.8973242150006673,10.653234519730947,60.68886751409531,45.29993288712431,46.13435833705304,62.226157896498265
3165,46.36760727243354,59.01077751572575,106.60442865558066,52.26091377591497,41.54852094165948,45.5154167830788,103.79524881900245,102.74373879672855,11.038584110134485,8.274073165006802,66.17935066893241,41.06449019065298,52.71374633894862,66.25527217602702
3166,113.00981051147794,124.73027108066732,128.39490636817123,77.36154385030403,78.01452475905093,77.38202922443284,117.10066290009878,126.1543149134183,14.088497139282785,4.554243842891582,98.7794415940256,73.29341932724321,79.32696342305009,82.01972122294183
3167,95.2561719715107,108.37705640375398,114.35380061609777,72.88038148025007,72.08747991429031,71.29930404916215,90.81278435939068,86.6860365290488,18.588012336429955,1.4208165716814785,72.6775287883456,57.13085888218585,53.86629051092679,68.74725757236314
3168,80.78576221342337,63.26659222617745,29.163937689323433,5.820781654491551,39.34752303031074,41.93079368947438,41.62330352030848,60.11584103554075,5.8480404322840185,3.0935800326400242,27.380860296646624,21.159023004706754,1.3712767078309522,31.677506655414053
3169,37.56533970752989,34.266135318830905,-47.63096104904411,-31.61372844402128,9.729185775299367,29.841811789221044,-8.883009673915186,10.257987531206423,14.705792667577555,-10.573830450718674,21.66075323796077,16.760240607761503,-10.565132704961183,-11.06191527737423
3170,-21.476681868738705,-13.804789527082072,-21.27098557906024,-10.898624578073003,11.607322396568216,45.73722530399616,4.6159214604593,32.815940085802744,1.131397165090933,-7.569331602420444,-19.642843802117834,-2.858450588390773,-20.955183205543417,-10.94796802542758
3171,-43.04548734656036,-54.71983030767869,-65.10268772289318,-43.490721344114,-13.761213211030643,34.644075589218595,-8.754423681161331,17.3637679937272,-0.026728599831778627,-10.912394661418372,-13.909897100515154,8.013615993132213,-39.06011571817879,-29.21887456525727
3172,-47.49623520063543,-45.735274848292235,-27.96223253097273,-50.71997255350874,-25.233515148150456,8.852186903319664,-6.133590235446126,4.276797578370411,-13.075712838588805,-17.580706791606715,-36.195736082925336,-16.58392529092531,-26.56716156887635,-35.700941763722355
3173,22.400095014878694,18.693577556052105,47.6914037340016,27.500720851260688,43.00560468500956,80.26854362071263,45.630085472245185,69.55691378976428,-18.663465259983123,-9.665011026869163,3.695185187435015,17.79438377472104,-26.915168001727938,-24.002623696305985
3174,22.148786901030093,10.112438444700167,30.724361929951655,22.33082089427091,32.477842737817724,69.11052803407799,36.200915982307706,41.28764862197521,-12.353007087387352,0.00792641256872173,21.217481049196643,15.482993349376917,-4.97090100278235,1.27376425699874
3175,-0.011079038831167528,-12.951877848103669,52.01784385225273,30.800991226871265,3.9683121874435887,37.582178869778794,35.94587218186833,29.953268538859998,-10.572591176581474,-9.106418790933851,3.0328163625847075,-10.327923029068671,-17.46757167928893,-17.504978578569226
3176,8.976240752567287,13.624870195863323,30.171283070249114,8.175002744561978,-10.82300802034252,24.83955126001072,19.609790801068243,-5.280872464064056,-12.664489076092442,0.9627401475460324,13.634636148425674,8.706225558973834,-0.8609706769170137,-7.815563311705071
3177,-39.26521991602879,-10.875542087104876,-10.03237112270049,-27.988731354286557,-34.99742561495996,-25.076043213563285,-14.050500416307,-51.15748333106842,-7.8080655216814305,3.7069608701275585,-0.9477806959157551,-7.267176912224946,-3.8870692278764665,-12.004401758806587
3178,-66.35443273518882,-46.14870757762397,-73.58447009132927,-75.04602005098278,-70.0492903528113,-69.02370224576778,-79.70409014269687,-109.79731210475059,-11.73586370910325,-9.146528679482774,-52.67583476883548,-42.09004556592475,-30.891924058185623,-39.61783436885103
3179,-50.17947515187416,-37.29924091150818,-69.12577876239978,-32.262170040474274,-61.176988148062236,-43.885771635973065,-57.884521377783344,-77.76959796619097,-7.834632666806169,-1.6330962523625794,-40.80590497030885,-35.7797076737757,-23.96267825705763,-25.314411344950887
3180,-90.45241955244029,-77.55914632669337,-44.19845461713348,-28.995121535809282,-76.97413002814902,-77.9741889749529,-58.80224943914691,-92.05557799507946,16.964137992976806,9.41434260135969,-70.083220416694,-64.14830307689964,-14.04157889480222,-33.319398520924786
3181,-104.1886966456727,-90.46320617875719,-54.46672655412019,-15.93350278519209,-94.4321498993228,-86.40447663365968,-64.37787056553599,-82.10584387448594,-11.990557103893329,-7.123749052835743,-108.53475499713898,-81.70867517202691,-53.085246748605655,-51.10603286780372
3182,-53.87669854346468,-53.47498389161551,-5.214532890180244,13.074516040784433,-44.1306645273342,-31.391085377818936,-15.547241726886657,-31.8187571451193,6.141209527561437,11.441402538496886,-82.8208841018337,-36.27473309487862,-17.884057396207915,-14.67725922690088
3183,-23.806037283383507,-22.335663681769542,39.398710630999666,78.97836498258017,3.585281121025729,2.3163364458057885,8.145791544855394,1.709993182105827,11.493703428765471,10.585071014417979,-58.66807471443773,-36.49930267775546,-10.905026699944349,-23.242740392740657
3184,-6.28412405262652,-8.49630078803925,63.11501747781232,72.37482692987594,18.000025973419863,2.4628283125031407,39.63669738783686,28.784644778348003,-7.838149840152615,10.441450469133702,-31.22171371737575,-19.381652124068232,-9.017063701421801,-14.374912544005094
3185,-16.323216708469438,-29.08427829119724,68.45237751458937,42.97230382140522,-1.6760188536856768,-18.99417086991018,13.93909140738019,3.479390148243168,-4.6600514988429955,-7.600345223073638,-59.340064019072024,-50.28106234237625,-26.08203584293539,-38.916461008430645
3186,38.70244062549836,27.785538799847828,141.28063843172492,112.88393519825675,43.06718262247957,27.259081764209007,51.246219760485225,54.39992017429766,1.4994666259840352,9.017044844735148,-28.681012764706658,-8.627583478822752,-17.587057896829,-18.90324710324561
3187,68.37240724996037,41.424221531343335,136.0189256248938,95.64826306942784,74.9934572000393,49.30260628708946,67.26194829030646,63.88040111782284,-1.8666311667874036,1.410290661747109,-4.4785954027355785,22.369294653135213,-10.821383844410137,-10.917291055910695
3188,-8.381898656626468,-24.931489497950327,50.82457636542765,-16.800605955695517,5.50056138186512,-32.129238050098486,14.405533720085666,-0.37629331706666774,-17.129096092119756,-8.035142261811028,-34.73066310908315,-20.63196177328672,-41.11160583763042,-41.21834718167337
3189,92.30533611799096,73.90074680449969,172.55050000886413,135.21243306172545,86.58048226151894,62.333304206202456,76.2282328369085,102.75444335414826,-6.200885738256562,-13.225978123019887,43.250814447248565,30.430661101845082,-5.90527157175753,9.863464718763781
3190,66.31395048067719,67.54294120948222,157.1078140836335,115.49519876830679,82.51171178523308,44.812261128996134,71.39014049456866,73.53438554605808,7.802398811597072,-8.67702313243451,60.485446199414625,40.15652408494106,5.977879970320078,6.563774600952357
3191,6.799826612606877,33.16824982414602,117.59279730404221,96.36965917941865,61.972533982376916,28.835494436898045,49.7709814915649,71.61397276320147,0.20533224154964694,-1.7770893280877038,67.34693182224176,40.1980296437342,-6.353717421191612,-3.2626441162306064
3192,-32.6180326979917,-12.091292600152086,71.81914610307616,51.44617768335234,34.65370064107249,20.336177094706876,7.677661518142414,14.656938603615123,-10.605794561741542,-9.970117097797942,41.095636602009144,25.128401370321154,-13.648587122567772,-13.08868548283113
3193,-89.81312895282441,-58.14865666078632,0.25300955328424024,2.0626419458546166,5.378755629645765,-7.465263862962449,-44.812121553830195,-25.25287669277098,-14.576044611400617,0.1585973290035958,15.089975708904763,11.087591977874903,-22.412678971197426,-22.616406616577763
3194,-86.24351166857056,-56.65186518656342,-46.98821077883665,-29.59770545611999,-0.4449838241480055,-9.146678190253644,-52.03014136486481,-58.33704434772834,-12.607289714506729,0.6008856736502657,0.23396776494510974,3.309103753897311,-23.55644662171473,-23.96759218280423
3195,-105.37633814138968,-75.89789199590874,-56.79210144161784,-52.22690589522461,-10.109707107121508,-24.09462640717518,-62.248898217053934,-62.66234841471022,-13.960270373700952,-10.399572294977563,-13.48172673229088,7.56234090833401,-23.994220249900472,-8.171166015261939
3196,-63.85765112212697,-47.534897031730324,-65.2320273047921,-28.351628629332538,-5.143644182344907,-14.127363972645265,-63.89050604506144,-77.65900664780744,-24.393375730931666,4.577300566729406,-3.254228910983037,-2.0632517953971856,-18.402785019391906,-2.5895376137354735
3197,1.7796483134385421,-6.662885061885263,5.762483242295997,4.969371423484297,8.034372525563711,-6.382244541796867,-38.83171492323972,-40.6125558766692,-8.377343733038908,5.954155345282604,1.4391115199154987,-8.743153800969928,-5.1908234788816205,6.980113442895592
3198,12.98812544708235,5.669328058501673,-21.01892586556049,-17.598788827227104,-3.557497483885554,-9.421804064474326,-43.83257959822135,-55.014925841663754,-12.556384445314583,15.071606135019607,15.41180254444454,-7.194817275646402,6.519430081660786,22.687362697169416
3199,55.54991497500004,40.73780982515903,51.445170490586946,60.35532903418147,15.624739782232922,5.455043347129973,9.823665470050875,9.077254791174216,-2.808997131479661,13.993715450746386,13.589104899859763,5.242903362421084,10.78244659060908,21.13250219811518
3200,31.455649807372588,22.14451272554163,22.351090785218783,29.11938617370014,-8.137674082479137,-17.6232929404941,3.728744545944594,-1.9923426871737018,-2.539694934816128,10.101687049368493,-3.659181933077194,-10.358161236033098,10.899191974705538,19.290263794957
3201,-48.01968612409281,-46.32066956536285,-117.89370240280236,-99.19623910709956,-81.06825180658822,-89.26020812166381,-77.74001303182426,-88.44091758102037,-11.095338599262769,-4.300715076952827,-39.0858474231746,-27.1800487710017,-30.377633835692606,-12.23978208217231
3202,-38.7119226453689,-55.340318799807186,-117.67267314745976,-96.8599729011317,-66.50586914962093,-62.106530830843944,-86.98485856621635,-83.99930553275722,-13.369885082416497,-11.585321433225154,-53.06660696511757,-34.386464515476625,-55.24056050444032,-26.18880420283208
3203,-45.13285752596368,-53.05771241218329,-154.88515955834023,-131.6729440928163,-64.01769377641229,-65.73759956868079,-95.41339988453446,-99.37761567518123,5.528706358850873,-7.706890732927555,-41.52365997767611,-15.050465121416657,-35.84265595984962,-16.34487757618129
3204,-61.126956672873725,-64.86444971826883,-181.66908513157196,-150.2867831324911,-77.53066174184548,-63.0630912672577,-71.24056456969397,-97.49159407066824,6.379086350804762,13.551669195638478,-53.029205489699834,-18.14751272047814,-33.18311493125475,-39.85108564567933
3205,-95.09035602133379,-105.62038558762654,-195.19858610251822,-169.1312095993651,-115.01482081349633,-97.2440672852156,-107.25690064971437,-101.70298979234032,3.1255629943075363,-8.131880752999242,-90.20593758999468,-43.53086658826423,-48.872549126693336,-58.973330940907275
3206,-174.04370989574946,-178.30047579218484,-241.00939833757505,-220.8591487643925,-164.75904945209516,-155.6109966501137,-139.8478347091303,-170.10092699885536,-16.48083171434071,-14.357335906943348,-142.23985122792618,-90.77114436787222,-69.11739690633998,-96.14599726246273
3207,-150.72539578103445,-150.74326987140824,-161.00064394991924,-164.0629336567973,-131.39765129808427,-107.63042854738379,-83.70146591809623,-101.07650077256574,4.173749512085712,-8.191764422851131,-93.23693091887395,-53.316192938240576,-36.382833561370745,-57.37572042410457
3208,-189.50583045603034,-184.31076868824738,-194.17649747426685,-181.89122542245352,-145.12443195597123,-132.11110853959767,-82.21500002057292,-131.3449223990953,1.8776298392213409,-5.080448815167874,-109.83114439502937,-77.89561188423727,-35.24349774723938,-68.48089984850013
3209,-150.69690113602513,-140.49488938051505,-126.17082147108273,-102.29221039852199,-101.09617947872609,-83.28722496616732,-43.25597436373963,-71.0504411630828,3.6769091908775677,-2.7981292096376578,-88.29698939596088,-55.57857967386669,-29.251229091072386,-51.33527189864494
3210,-93.78538550048599,-89.10727804971174,-86.73226793647397,-74.61274713138843,-41.546924714485726,-22.820633549597932,-9.061812820278169,-43.86441923776733,4.187483331281251,6.994975873549285,-74.13745189411173,-40.617832145242346,-25.165686012155394,-49.646151063859314
3211,-73.30379562088777,-64.63999429641866,-95.26399959303119,-66.87730024772179,-39.13894228328498,-30.878882589751445,-7.13781481735443,-25.284167125371948,12.51519088598755,-15.743117643404775,-67.4647619413528,-25.149155431801024,-21.293590183313242,-46.75833243716357
3212,-42.36674280048635,-41.3335089180188,-99.53787873577471,-66.82446516932296,-38.20020433204805,-17.509868346241444,-12.251265935520987,-3.366109103190438,7.042861198343577,-5.834066013788797,-53.936281996101116,-4.1373943372780735,-36.35588454883792,-40.09805025845646
3213,-55.940146862649584,-54.972201397501436,-79.64024775895415,-53.52022079747558,-46.40020504887076,-27.690396474833125,-21.45011949005345,6.682655506106366,3.4509438541094557,4.008613226491245,-65.04323731670111,-14.276199080791757,-40.16696968415954,-27.509033403961965
3214,-20.560806709983858,-41.06468367629978,-98.92710299071774,-72.96256871425823,-18.020080288622886,5.906607157265187,-41.16074916579617,-17.54942694480266,21.029712249198564,5.21545070674834,-32.54372200621432,1.2169565505269162,-28.394260638716773,-23.584937207731535
3215,-1.4080001314030173,-20.230378347664747,-75.48641933048053,-44.4902272618962,-1.9873136198736046,29.135919128255583,-23.80858026978645,11.788866638485246,4.28923028872598,0.3728064611026718,14.242185894456828,10.233644022555492,-18.012111282162454,-10.516490001402866
3216,-83.68818925898711,-104.00155599511345,-147.41171592006592,-117.70800645647297,-44.095718556171356,-32.369270643684914,-57.83802643122707,-49.132677591526864,-11.433342659400997,1.1507851471120496,-58.58164150531469,-18.413348444427957,-42.052495843762166,-50.832022759016375
3217,-72.451883978458,-88.59655854566321,-125.91126174617197,-126.50357451753469,-54.14888478123793,-33.338881732677784,-51.31154513272809,-73.66185581962043,-29.443332002021965,-4.007323048220203,-47.22716568923125,-40.26784028611111,-47.96935325680707,-52.50437986146898
3218,19.472621003009564,-3.300664622412747,-44.08452063000649,-36.27737803248961,17.28692538707782,20.542895509615544,-18.65694852529563,-3.430461284173173,-4.909130727890064,2.8212181294339183,-13.488807478557394,-2.006838176325729,-14.020803430741799,-18.91488830685322
3219,33.064545956820474,34.05520778131569,-49.49034730980742,-43.015475988251254,42.503660537611125,54.95257307817493,-35.77525687144959,-24.804280536247862,-8.17342325583467,-1.1497175855025241,29.184167809736476,8.288885048867787,-11.762609998610683,-1.1142688257482056
3220,27.395470728164295,30.51122820363824,-31.87614268629983,-25.07720298262474,63.177123994947195,49.060776927374306,-27.65503893556962,-5.894693723096234,-12.881009052361245,4.4494331719491935,37.999178866680154,20.454814099105494,-5.734156435362146,5.462172848033421
3221,29.224387854992926,42.88491493271553,-18.814841248349378,-9.71996302288007,46.780639267616486,35.566816085849496,-28.78933143370096,-12.36229125274591,-11.235401004954726,7.476889616666342,32.910833799648984,19.06135121974823,-10.703233889960583,-6.500542739524093
3222,18.094270412392014,27.217618000863254,-61.06095273695947,-69.25157709618718,6.568540841904781,-13.711578697729456,-64.61498862310494,-37.52343824563353,-22.387971081405748,-10.627722496645971,36.967683175755894,17.200153604488285,-13.522463075227128,-2.1216592414632927
3223,-22.23997108488007,-13.962827063465522,-117.21992303586605,-122.98412712270985,-31.72441943220131,-64.07231484879881,-63.95108427663053,-70.18626714313606,-23.975908322007555,-24.189131408074047,17.67066671900097,-11.980857965856298,-18.13562239725271,-17.78960629064448
3224,-4.86894370315964,-2.0937403100275795,-77.9913514465993,-106.04105257528613,-24.18457015257014,-54.41210524961671,-37.06152495168431,-50.51439570101513,-22.124276846820862,-12.198855052647449,33.26433934736653,-8.025237309236,-1.1402093784136325,-8.176232224200804
3225,-20.190541742136546,-20.80330767525903,-125.25081097030011,-127.95668863189294,-60.72930602825569,-79.49270170990926,-60.26776666770919,-71.04824530926524,-27.625896801483965,-25.97560763053494,13.558532593177581,-21.326719476677066,-29.155818129316824,-21.216470516602104
3226,17.25647105974152,37.87176820454468,-51.37027785606909,-68.90435821603963,-13.675673116332252,-36.149780876254134,-10.470157343029495,-14.238749246065709,-16.55234426232899,-36.44859380102598,48.62869988585318,-3.3591380589961832,12.063672314661845,9.223029828796829
3227,5.238416617920139,0.9991481005288936,-56.99654256955797,-82.58159551458601,-47.2893798024423,-55.57509894398006,-24.384814011979802,-23.082664270321235,-14.866437357070259,-2.6403298127467325,37.64301115346555,-7.820366994658694,11.008786432766156,19.372266653339395
3228,5.824134433012403,7.640798932027684,4.8219894039642,-48.36336479440517,-19.07187817152214,-50.67679847901908,18.485913895167545,9.159701947299974,-5.882816920219727,-9.009231140039446,30.688753743392507,0.8433697844574234,28.952772318390377,24.126255745953873
3229,43.43287182882242,32.36809978166059,57.78663132522291,4.524001352366049,11.738194870012787,0.6112053389709232,69.29883704882226,60.122980897680904,-3.6250020568582877,-4.18945782877744,67.57036062400356,23.38188800480346,60.90294370686517,49.014820524735235
3230,1.8078126951816655,-4.541567593411627,46.7420888568534,14.244493115021383,-3.9961198642860154,-24.53358300143059,50.602867775887795,62.521881609524996,-2.80680473482458,9.605488249167406,70.34666186749266,30.65926703379095,43.6528914277951,51.473861246470236
3231,18.051461052411554,11.016393385684593,37.69776294718863,17.883158159495682,2.0288969893004,-25.165070019991752,34.468603290261576,53.018663951273155,7.224628821366228,0.2909102396627251,88.17052389677791,47.157745020044736,57.837315815318284,67.68056589148414
3232,-32.29391340112085,-25.932567611827515,5.665701151403135,-15.318450920529356,-14.122680589668606,-34.799537339985214,-3.562652315528586,19.301958429764632,1.5471756339882934,12.634358087160873,50.23434167548415,32.6022640790873,40.076369214345846,55.112174559071285
3233,-47.49629740858023,-46.4255203323695,2.7559440002229016,-5.803557958687819,-5.423296514477696,-38.00268066672995,4.927405752868426,20.062130578625926,-3.4332433525933355,-10.498224045023365,15.97784074151525,23.244511959503285,7.194318689057656,24.474325129810225
3234,-109.37647558917595,-116.59517714708319,-6.054730871306716,-41.14054840979505,-17.670147551098008,-58.592796489178816,3.559178200091996,-8.116176088039404,-12.279001280364724,-6.338308146302972,-19.736261119766425,7.462963374550873,-11.550643179405348,-0.11589289078637095
3235,-148.07219525981571,-145.58686641178656,19.714642913194172,-1.391374364347313,-39.2671212588104,-57.20941287775922,20.700553868512277,7.835127465227364,-0.806734214114519,-0.26057879873156065,-50.329762595546256,-15.157485255955748,-32.09829281716133,-29.651745830701067
3236,-123.88502246108894,-120.6391281804541,38.899804554785234,26.41471506315922,-30.783557068618126,-44.38682331502708,36.99659815062172,24.140959597981617,-0.5067124808778131,-11.390340285527255,-51.49668927211805,2.147630331104116,-38.7189683109666,-17.009142221784696
3237,-84.4152492805053,-78.39129730100005,48.17422368380395,33.45758840248223,-41.81393898774078,-56.167030903839404,17.670695220798184,-8.391087056679426,1.575742595996512,-6.517525035740164,-38.44614766628292,-2.2340978599245727,-34.429378719553796,-20.220750192984962
3238,-19.82256961964589,-11.605044904252699,124.44252307218318,84.92245164837666,-16.73526982744617,-34.90748433052632,52.31991223908106,29.06515696589717,2.434157326488307,-7.29096597545411,12.317991057665894,18.426758206393725,-20.732691602290586,-17.220890037869058
3239,-69.99638966306941,-60.35421529338246,41.49643612912423,25.710072431445898,-53.04383547739392,-63.931742086851536,0.8442150990457803,-24.96426864860883,-15.348883010020563,-17.934712131662156,-17.781554028879828,-11.34857531869799,-58.19091400681487,-62.15807131482254
3240,9.853251186125304,-2.6765030221083124,77.42118993937001,86.09309444776628,-19.783261230682218,-2.767772300326754,22.287856679292194,13.668129668452986,-0.8175184496005953,-14.088999706751439,7.277286210159582,4.7634567516971345,-36.98016722831692,-28.498936222100294
3241,49.792916470377996,38.889802923174,177.5504555114945,172.74153198486678,20.22891490648637,30.013153514155835,95.30687906662497,84.2797131753205,7.84279841062775,-11.221241287290605,48.04579556309929,46.41768396250316,-10.723650660656709,-11.666813061518342
3242,24.551300525023365,18.73722533556751,133.0267097915871,150.92304697339443,22.523224276383395,35.40213896486465,70.52022056927589,74.09263014461769,3.3733528299185864,-9.731300582560404,24.38257945977949,38.560515679513664,-12.550379705239559,-18.406973651307855
3243,18.639809717408184,7.757030108064012,78.18675909144079,119.16915413903,15.553127421380676,31.00864628333857,50.75087587819137,73.39825271283729,-3.915231607731547,-4.843000995867776,29.608468167183894,23.30541086967606,-32.41609096840763,-38.41858397567443
3244,11.951874250644906,-1.692123429451125,49.532287004155144,88.87010655133096,-6.625739918660344,14.16118492516251,33.41733135392766,68.52083860568726,-10.379629943422964,-7.344526409111925,20.214462794832034,23.21657527039979,-54.7774507456406,-47.36424003701301
3245,-25.5468918141343,-28.459258622344784,-10.92451457802017,18.266851233339143,0.6141863232277815,-3.1548218778658352,10.302026050268081,25.709024589405534,3.8547892257073855,-1.1177848145712197,16.01303038517238,13.935805414756588,-45.19163407564538,-32.049606112995065
3246,-91.41785596132333,-109.94977802197204,-106.45039428462792,-77.30802755435523,-48.11468183924071,-68.56332905183903,-33.517573573842434,-36.33085951021073,-2.5158270229501762,8.909170105833878,-27.497014496055474,-40.29460020361765,-58.477916289381675,-74.23737543566162
3247,-74.91676129255808,-90.23277026666446,-105.01365825989568,-91.62445562745002,-52.12713268791983,-60.69153353652213,-57.37964856425253,-50.34658332464085,-10.192303507616499,-0.7939317886826642,-54.17994629509086,-42.51487180148601,-63.59820277871434,-66.15079753377083
3248,-56.61684608716239,-62.78639559245582,-98.60265495683596,-103.74285289937959,-31.033997908772967,-50.301675572653835,-47.968520911133965,-42.742173967196315,3.1223177903689527,-12.50577584738661,-30.972795571610565,-30.730227107015235,-36.51018141138116,-47.598305555248004
3249,-62.1532470620073,-67.68520457104897,-87.22167995819639,-85.3566010965913,-58.580570324024535,-74.08558583495265,-45.1430537885987,-45.259270651806375,1.6887158600249854,-8.722508557720877,-30.729912207508914,-35.777724264089734,-35.32622864008744,-50.81300392135713
3250,-9.381062646495328,-7.8741604875829,-12.56375814689342,-14.37721116353486,-29.750480895111437,-46.32927809545874,-0.4912339825596891,3.7360769152353237,12.864128389647396,1.0320501520375212,23.234667236799204,0.1563106870721565,-3.573665604871861,-7.65531819881929
3251,-12.904030837980091,-13.636255321545908,-57.32818158713825,-55.44520926010637,-51.92124713992583,-57.30163196377913,-41.178679975059715,-33.282061428653996,-0.026220134748426698,7.446013744502546,-1.9827893954767914,-35.13886358919284,-1.06504100378276,-16.310636320243635
3252,-50.43255031916239,-47.88749515590132,-151.85902775133448,-120.41360699385623,-77.22829477617543,-72.11286871041014,-104.41756684978282,-84.96335230975228,-14.144021620658833,-3.092837547535918,-72.86233268548814,-66.52834369014855,-44.67273551176712,-43.41334857895602
3253,28.12949693774489,31.726313920745127,-35.89381860825206,-29.015852214655894,14.228799847105012,15.750598700554232,-30.456860792593854,-28.82614098302444,10.831507056525865,10.889841131360459,-31.12395024806734,-26.869281873711778,-9.451244217686455,10.338222207187247
3254,20.278899936171378,5.148779553513145,-82.77608573842663,-55.896799757366196,-10.787023804077752,19.18972489162603,-52.46559407764385,-65.28426293017608,6.044144149827491,0.12450452137121548,-56.44709012481977,-27.408670827884652,-4.65485733481081,-2.113117984690558
3255,26.725124109807844,-6.126787862524187,-56.281801828766426,-31.966044438819097,-7.422950561683235,25.54672374842428,-31.617255776052964,-21.681329790852637,14.175954611106187,12.139102451436601,-56.981575491678456,-8.519595424087726,-19.538049032994113,1.82775322403786
3256,57.543044154532225,33.11947789415313,-9.944060849240735,-9.783502076830024,6.2784834150895765,28.085160488158884,-12.936572512007368,-10.87461920723623,-5.304559601327063,8.228710564285404,-33.948978535380064,-3.6363490323689494,-23.405112460809978,1.281138199088091
3257,35.789148102522454,18.565464914825398,-49.62527635812426,-60.32569917346759,-23.349237125683562,13.949494646309509,-44.701238081440614,-33.670589050670536,19.4200396352047,-3.122739830577383,-36.287500406721904,-4.435673245657575,-20.123248644477403,-6.0762247764117205
3258,4.447943963202054,11.116262280794375,-75.46262122684489,-78.40761108709349,-7.962892932472688,12.778161139478174,-64.23064904410842,-53.05226844938119,12.859812085560757,-2.5896059923497567,-53.57071712087589,-9.387957789890095,-33.015360689902735,-9.690711170666075
3259,-2.051544721357472,0.3644531975554465,-45.94185073455325,-52.38709553701289,1.8630693731749917,24.144229809017528,-44.31840475393547,-35.33838402196855,7.574100464266048,7.31487451797614,-43.852408207296754,-1.703336139630391,-15.46259216656809,1.8796619454308023
3260,-71.69069266400523,-78.98971835388444,-78.44890649859389,-82.44778469982285,-44.17291030500902,-14.754134868197458,-60.26714263370018,-53.96038862213677,-6.963546578972166,-3.717527110263159,-51.61117584568326,-18.932271420347124,-20.473189317511892,-3.257821833957277
3261,-34.77372737217616,-41.01021124924618,-6.153358752784459,-2.727926958706723,2.6270936313348665,27.115726448852882,-20.184795186575318,-3.6040234937364284,13.62483472749013,11.048523145938368,-6.467860011952429,20.480578280000792,11.905323067052613,27.553050728316055
3262,-60.705661933562254,-58.29150510068713,-28.949347247930678,-2.5251593999470545,6.5187169508718465,30.599874369329076,-20.165741727425623,-22.1651422864029,0.7294597560045947,1.0048764280440956,-13.336588665049469,7.852624833301835,-10.373580439869158,2.4776349201623558
3263,5.097232107556315,-0.21848705385740352,12.999414673924052,44.526817163583424,24.681114376317005,56.34741661820609,11.043626606360814,4.88646704963004,2.8456120032574463,20.69876495274304,26.586070823364068,41.28160153831494,21.042283980796746,35.50964431791872
3264,59.36214173699365,64.29378404636108,141.1493595214034,133.80590026313368,72.22671000041436,93.8666308225572,105.70390964853888,90.59298394324546,19.93081157236596,16.603940846947904,69.6539224522343,83.90887254012415,50.718483755015185,60.23394595970844
3265,55.77293652214059,62.519554061056,122.93190508895843,135.7233661597389,61.55054388244263,81.9721320304279,82.88583743123834,81.94989402147245,3.1156093475767954,10.667848624058795,69.7482352335153,64.60234049843078,30.0484775332493,38.31864475279581
3266,10.507079117262016,26.987932528065418,62.29433315850887,89.77496472569528,43.62316032424899,70.68842420154694,54.199313947174126,57.042617468250896,4.0243394098127405,6.468822883534451,58.963907053369155,40.92839688686668,8.26022354135628,14.968595295187667
3267,-4.402790185667104,23.177287374183432,42.375113730019756,56.41964283289826,29.791515878419727,39.79108952017041,22.180679593805856,17.899838910045595,3.3554784060907967,-12.317522405265564,66.21223410338271,16.889455876710144,12.338215210495692,1.6017646076026866
3268,-55.669553686259874,-51.18104913929423,-55.70419781332762,-38.45971292480357,-30.620674871824775,-20.142643872791243,-34.49323994122204,-45.4879923639771,-5.0888744266621115,-7.821957554762307,41.81324856456705,-14.678831216938853,-0.9309124588997395,-24.615016536492863
3269,-38.64617203762826,-39.96347330596205,-91.03790859432512,-70.75943464690539,-13.609540331951996,-0.6813160473862635,-51.39765577211211,-49.96060617865454,-6.5394095691985585,0.8368404433697858,43.83690263655234,-8.930967575325854,5.996201547105854,-12.032454913296112
3270,-70.47684084579696,-54.72512255093323,-100.58306134479461,-98.80996052835508,-19.370532026739948,-46.26041725187387,-45.8155427064295,-66.54337206020287,-14.75147884506543,-18.722873788382,10.503349743277727,-28.738829089598937,-3.5270947517419775,-24.25886997303968
3271,-57.11716566013245,-54.7027805651788,-92.16172478239496,-89.71418046294968,-27.194950658002632,-45.154487368757415,-28.969292421708804,-39.130302854797904,-14.862377145916938,-18.803795935510152,28.489643593401365,-12.522107596045792,12.548621901525149,-21.23196600205586
3272,-15.408714634151327,-13.965388884891869,-20.75079006502284,-21.919590546357764,-2.8432854089391917,-14.409223595861864,-9.870272890341775,-9.690548768079472,12.502871068646266,6.43006658978561,23.40019194921628,6.682879926995277,31.035395514543993,20.434563082878945
3273,-25.40417563572502,-29.96612751772125,-30.816581489697906,-40.674387095781285,-11.980126233565988,-33.09066015395722,-23.644123058577577,-29.397165864586544,2.9776879608638556,-0.9219561340752431,-7.708406054933208,-11.920664589133436,26.8587426358964,-0.23638528706404635
3274,-30.439086809487314,-29.725457018026304,-13.281972702393801,-26.664603205796347,-18.347728777832977,-51.314978908539125,-24.329744647107848,-20.808725000682237,-2.3077768377870123,-10.18306240347308,-34.05654551613475,-17.4765294841047,4.0876622715566855,-12.077116228121735
3275,7.935841167639484,14.522181898877513,4.612187120328315,-21.60907148081731,-6.731888408194379,-36.10001931326364,-8.48403523332547,-16.85841797715509,13.143675339416761,-2.702773664708191,-38.94100375272477,-2.7098923454109065,21.5531783361533,-4.3539552716424135
3276,32.7961396060729,50.0510891449271,-8.835024719247334,-21.64953601564404,-1.459073747612858,-27.678277252870565,-21.219755231631552,-7.612188014594189,18.50820385157201,18.563730817360856,-41.25235211796168,-6.285138634393519,24.471699201575884,0.34738305086275
3277,63.58319521217921,85.21200082456086,-15.558595266771503,-35.7031283568283,16.098968735264826,-3.0858541607146512,-7.201524322683611,3.2382871493167507,32.77107165297744,7.661989999734621,-17.607521436868723,22.750981099088765,23.383850233602594,21.737238768717862
3278,51.45788690739136,71.74174627879992,-48.866745990900604,-41.141850204886225,22.848176663757613,23.49818107515335,1.7175174618985707,14.47540830954467,10.081602447992502,19.305617618927364,2.6404723672241452,17.365362991267826,16.30903761984695,1.7012113455187743
3279,2.7361770304149817,8.55879410545156,-61.12068610945138,-58.65240838140484,-1.6056969442081148,0.602445691857843,6.769906268012376,-8.685398400009346,-14.052606902984754,-12.628854388685799,-46.55641093960902,-26.566668033903365,-6.1306300045036135,-31.344413381059294
3280,32.039057459012334,30.432252168943123,-49.75661478821434,-30.166239910742785,10.388723574672744,29.623174183194294,7.2029773775494235,21.06376912985615,1.0892380411629543,-2.5034899584037587,-13.0028004509876,15.481193185612366,3.5788097141292288,-10.597233392079573
3281,61.723895747981636,54.155017932732626,-14.833022963362035,-14.844100681175592,40.81945067119887,52.28383909647888,34.461199605650954,40.44024903745167,4.567327310888962,-14.756271104569256,39.494069303308436,18.966447375408677,25.230822127301035,2.8293272972118393
3282,75.07050852547864,60.23714155009917,38.217434841785575,24.313248850758875,42.91471217742806,48.492934456163766,54.70442893479983,61.45911366942181,1.4077470141158923,0.807578786820383,40.880660441256474,28.383888982087633,33.534726699179515,21.28670319299397
3283,110.50974624815063,88.34212228158829,54.73937504545671,38.663328361899396,42.837935030599866,49.44443173964589,59.12790576559722,62.14960590736863,-4.024929862845946,-17.288179862921723,64.37883665466052,25.543364525561927,34.40980582426595,4.000014290731665
3284,102.68383524472031,99.27681349944334,38.07689869530762,47.90083240099509,45.73242497993686,65.72035067234208,47.32706228738807,55.75435247816305,-10.192801635481192,-14.004858688419695,66.75967467094377,33.88287950532491,37.55004283817304,17.666501187655545
3285,114.91750462482618,104.68979220783403,33.24026893589485,42.61706852869336,86.72569957484635,105.32657222446645,43.566633603146315,72.13696849850413,6.3852563755163985,-1.9127568231938024,86.01521484669057,70.35109055713369,27.022852170720434,32.48615545013275
3286,89.50829232387731,78.69441676639005,-1.3923919603622057,-3.0813418694634453,63.51896322499741,101.33360465469552,1.7293968957948676,36.155622652848656,-11.293528973531918,-9.486633498536278,68.35780074694418,25.214941517132548,1.8729519983300802,4.472373377060127
3287,45.80128146943413,46.826157080545066,-49.69592784353753,-37.493240372046664,35.1430032378415,66.17576545106368,-20.574876596755157,-1.5907314484492432,-15.151969115145691,-9.616409863262295,0.22998917210542125,-0.7399269755548248,-21.80925104979639,-19.459273230214148
3288,61.15950448200999,77.48084177975963,3.933600869221307,-22.34953168922376,71.60005507245272,91.48607714922625,20.374787957743223,32.767685183923966,-2.2353052917682583,-5.230111354474733,18.56558836950531,35.62599645083047,-0.7749194069606792,19.104691788461306
3289,91.13380533319297,104.33163746222657,5.792847688397998,-13.994814456289529,78.48919512169127,96.52575467731556,26.081787993826453,34.22560936964363,-7.391987560679876,-1.6055910306394514,38.194515767356386,28.239253349887132,-1.1489928352430618,21.316417020910187
3290,76.71989279982765,89.32179565694781,31.915340526285377,24.960950181044055,55.564557602783815,78.06398548004563,47.80065813721995,39.0810344999149,-11.568998224291768,-0.3817741140400681,25.982216926496818,7.239302109386519,-2.740764786985873,7.561270216001592
3291,115.15706978797463,126.19509038117651,71.25935832103396,69.51640172574538,66.08328679710344,82.34416556366841,63.330407479775715,58.47495099784104,-7.473936878808739,5.153057320153982,57.529243066205694,38.19286712758563,17.712631829567496,44.169522010907386
3292,92.73657181674731,94.15861308196199,19.074478146077666,-3.820396883408657,40.467756443922035,33.94669366049381,35.45139552555549,13.727870945706266,-17.8463644407577,10.370058165688627,45.2592044092989,8.966429116734624,9.90573716779271,19.99928835541966
3293,130.14016509264545,139.5613987575601,141.90442400446807,100.44506702122506,70.88371062570855,52.56595754674247,77.33927330316294,89.67418525656508,-15.981255794304452,5.976351474919538,70.05472101722941,38.933100716074726,35.66914682781621,57.500353220498845
3294,143.21793436574146,154.8355490599766,163.5876653390556,131.60302832479655,81.29363978379126,49.59758462581582,110.92840652739525,100.30253372695987,3.4725152894161773,9.504054278244782,83.82457961422688,43.30000351081647,46.77186373897677,53.97144455862668
3295,132.24170583972332,150.81602727379556,194.8337958491242,155.49588967089522,87.07522000823495,32.606177630271446,115.67071147172281,117.61427363201071,9.771646614670665,12.149008633912224,98.28505088349665,49.36948791009498,58.522346830546745,60.70868448655828
3296,102.92780805106231,109.35269135269569,132.75875823010054,110.0900768748761,57.76939113432404,26.652825919351375,69.92083398050532,66.03392468460284,-10.833599151154544,2.38783431057906,71.99113539228532,32.6235814209646,28.358974774967063,35.22654399234628
3297,48.63212981104466,43.618572802358955,78.70069532226496,52.995295202274846,55.82150009637754,-0.19543024814397864,20.425105425162336,9.803722929756422,-13.917638619882368,-12.930225453476066,55.30700442398838,1.246515061845132,33.71295032351601,28.02684935527391
3298,-23.686072067195692,-8.80449479642412,14.814345215751805,2.4817547481740423,44.614238289834134,-16.670818823831954,-17.604107619656194,-11.370620759658337,-4.405955599233193,-11.818147278421105,29.52160249595134,-0.7633151258967482,-1.0341340146284528,7.25214683230096
3299,41.70078576527232,44.31044320785822,64.09826124071073,53.13993880446316,72.32149401594222,22.837671665883953,28.822956049389063,25.578859238229555,-7.183551046582011,-7.927754465871233,47.654491733053874,0.3503111544114827,25.472575012765112,27.20265555228734
3300,-5.6544975031871765,1.047239624073951,36.914772818842785,17.111299167379272,21.221401308157628,-27.781109234343177,20.060868076156314,5.162034054787689,-3.9997903989568537,-15.350955033153513,-15.02044465806792,-29.474791721489908,5.326810583282978,4.890624794177808
3301,-2.456481660113594,-1.7457925718010436,44.60618002636685,28.477390881835,26.80323304321587,-22.0308787172621,51.65757374066501,25.219192523326694,4.614613736882152,-8.053776863510258,-29.340780376981222,-29.31208287101657,15.242215059564769,-7.536884506529572
3302,-20.623914256173542,-19.369175943391838,15.695494912625144,25.110124307123357,1.5703363929465932,-32.014231477109355,17.94442980391539,8.323790815612654,-1.8750104841217166,2.9678659306577915,-24.98163822625157,-32.54546416079721,22.893775095507458,7.305220765712137
3303,39.99187249593659,48.772808214889565,75.08160714082813,94.07062878550636,16.7705700888789,2.4540919745971843,14.900127278491647,11.301599093812015,11.904733798515258,11.187430228327415,-10.371353447992593,-9.910807921914303,44.878940375005044,42.615975166587646
3304,73.25408925575546,78.72673842945115,84.9602870114022,102.5818087632294,7.073080502216894,-0.42151835282343036,-6.5154346245363195,17.101153904498876,17.31796651060595,6.641377915311668,4.945697637200036,3.979130074042118,56.167918238917046,57.953181229673916
3305,34.513020063958244,25.352738011988528,78.95520725589522,88.10848991771825,-16.01053316522262,-29.476088195618846,-23.775427037702197,-13.281783800707032,11.766592206243786,7.569782753388713,-32.684711618629166,-10.709651841099518,38.53032790594491,45.35725612361304
3306,70.19414254586508,78.14674419350584,144.1351618207717,159.40238590372758,9.572813832650189,-3.0476629500780805,39.03713420088083,25.119112698231476,21.581159832279198,17.099733930775162,10.002574262917408,7.269295339890389,68.18256140059196,61.11289263812092
3307,37.763401263615705,28.548329099199357,118.8230660671647,129.09371978875575,-27.85251118418262,-41.70796430739085,19.623129125851342,26.039199167819426,12.91722789219475,5.749039461428618,-9.7015785375526,-18.88486296755632,44.98437382912983,44.08328898282678
3308,13.690027728817714,8.963904930373577,133.39520965936006,145.44371724975923,-37.058143755768796,-41.700750668275546,50.78781569220996,42.616695554372086,8.170635643092028,-4.923623940959339,-16.849768890299625,-1.9004009492916627,44.80057587684328,25.36349859251203
3309,19.42768745808216,13.662752502758392,138.75068723633282,138.62158774671715,-22.812818726318696,-27.02724630953069,55.022932617029014,52.74739280775135,8.67362073435869,18.411507434162424,-10.317325967871215,7.861955552732931,52.58189891730572,37.46733822521323
3310,59.091249660156045,50.65552549882732,121.80556697128816,139.62570430296248,-8.400735896955101,4.188738730195306,62.8543202509068,58.6466713230457,24.40932318239874,9.006685899413023,42.289630509984164,29.516681413873446,59.6078020576153,40.28124930151423
3311,135.85445717148184,128.33107238105262,195.62128598930738,212.70667245985726,34.34713871708587,51.826075532244275,105.2991783699076,109.68183443883713,31.12153257734816,2.623297914391788,62.95406026868453,79.03033469273865,73.05848428815764,55.34614900106735
3312,118.45306632874684,109.32544260312865,132.87157362197726,174.67758944739285,33.432740494391936,47.004020773450236,67.52147394004837,76.20360679199538,28.06423001655401,8.558484813800085,81.37293569258624,81.99536457281236,76.68280149427213,58.782893073118814
3313,90.86632923224202,80.31102934858714,89.60311310348955,125.04883848684226,12.393637718395901,23.432397818298142,33.11556819388792,41.00631585396932,28.549351446610846,0.4902058512455838,28.334837273109777,61.72758497092923,44.04174781369764,29.73990680915548
3314,57.863343616597426,51.671540512993715,25.532245658202232,52.237922341371586,-2.4491586933204887,-3.853317355004974,5.544694884837974,-15.405350365833277,8.54176015351844,-0.8045394853963117,6.318333273459533,41.32614106196741,27.009625581541496,12.34160325870999
3315,3.639729570566919,4.5505001345106075,-91.30719531479495,-40.549102613846635,-26.89059293105793,-13.217256070049087,-42.06933296462137,-59.959388835253876,8.618683372895937,-6.995080801130736,-8.447889912846339,26.12614873151635,12.52472342667552,0.799127567535361
3316,2.3607513753448583,7.009411787636365,-87.53783787958794,-48.2223959880761,12.217101768873604,18.683486710909644,-36.90428396501467,-53.8140622045798,16.664334795137425,7.196316780763917,-10.176163175970178,28.80819809727475,8.196998091636612,5.214495273367759
3317,-45.02431047738475,-27.25576145143221,-117.90433203194861,-107.51154851008552,15.588685641914305,17.9076026271186,-74.8070746122692,-81.67432574680822,9.785605908258377,6.089061016015847,-36.138449741470325,-0.11918272075043193,-6.127237265738954,-11.099326530007417
3318,-63.0289659392644,-45.25304646269873,-98.02174097267988,-68.81591827587232,3.1375666156311293,15.752727527681085,-65.42455155530486,-65.07987400205826,7.419916909042857,3.485928621732922,-41.79322079551483,-11.689766546874239,-12.708626117244759,-8.363061085756163
3319,-15.606878766426487,-9.04664356712231,-42.088777121534335,-3.6503197096107476,13.302311023880538,28.51909018762921,-35.320547517009736,-25.198675106317708,16.744053234761804,20.189575438488756,-11.745769906185874,-5.374213599084821,7.108843065080136,7.290284956171012
3320,-25.23522341159333,-16.01649525328807,-46.732965373216665,-33.71735783630686,-8.200374096620166,29.31238636999655,-55.03594397788642,-30.581654375477548,16.32746421050646,11.67514823299518,15.112594645014962,-3.5713876024623072,7.023645741532487,19.94070857046071
3321,-39.80080568009487,-28.18836872174784,-78.70334688680492,-74.91287625279766,-13.819415306571933,0.9465848945221172,-76.72985117763965,-61.33928542642792,11.892659187530219,10.058818824231263,-25.949286794584538,-25.546811890264955,-11.781955665754612,2.978492803270841
3322,-7.601625538697448,-5.8704819524053615,-63.34747374392746,-52.65524218961193,-10.816144232958019,13.80878288325539,-63.5012367944534,-28.671589604998548,-2.013753241551303,2.744212595488927,-4.459185715540745,-40.039355152859294,-7.461467262502756,6.271758894929537
3323,-49.695429862116924,-44.50112417093387,-75.11663730955719,-55.32898764433426,-18.501135896614578,2.0010285429790957,-75.75656371484388,-64.63620830960953,-8.47290722024882,10.853161353513542,-45.62353658966021,-71.90661410413253,-20.871764259719985,-8.761513749416213
3324,-17.770285589177686,-14.567597036664388,-21.203169674466974,-12.527988892624062,14.728300979277412,21.481273386173363,-40.17605822920832,-24.73196013654519,-0.04489527936512635,21.41671812723709,-52.70751091985109,-74.34470278925257,-35.58957850653687,-1.279369601893036
3325,-29.24061470505544,-40.75035168525934,14.898585783624734,11.546848511664715,17.63050590129425,30.81876204202594,-16.240805702816107,-12.023332074199427,2.0103337556270624,22.63692236503012,-31.501832111250966,-59.00225050772186,-18.956746834422812,2.0332487718954124
3326,-13.435010059982737,-40.10921385378463,68.29543639442272,51.170558045283904,33.91820870677016,49.040457925019105,17.78255439390717,23.28041889295761,18.23784134081404,16.557371250376136,0.2098972792216811,-31.232029526816746,10.233726664540374,21.923614516525404
3327,-23.52616943046513,-32.39736805667561,50.60913960877523,52.365113563192835,30.13919698253485,55.109971964390304,11.708886121561438,12.478798300801074,-1.3119438759082886,16.943695866343745,-2.0413622223567662,-48.51343742891744,8.240053395993986,0.6949024380538169
3328,-38.381116682374994,-35.99035192689137,65.93348296075321,53.291403528143185,23.843770363562243,53.53390184684927,29.671312621506235,35.1219939717442,0.22600904120892787,2.344758273478557,-12.905259781532603,-50.184307929295954,1.8774261532960794,-2.362417432397674
3329,49.59199323531078,27.168083907028855,45.459266656367824,40.544716628426265,63.77033208493463,99.47307956618393,44.139796379743835,47.49751487306195,12.067748954028241,12.604311340149836,52.80765083543426,13.08372271798629,17.27982410885091,17.60828498934667
3330,131.13521459268583,118.83722787180783,215.31258168859085,197.16106949103866,149.13230162344274,172.23832428982283,121.29020095336732,158.43403749012816,18.14734733245781,31.449794386395695,112.35516505509167,43.796276464682215,64.85517748745012,87.33006104254954
3331,104.91858110944015,93.22620848201828,156.1636464866183,150.10805854374777,107.3774244790806,138.6373004084879,95.89910058107493,116.18817836862858,3.0978967395559214,6.407909806799224,85.4593860024781,34.26976805276257,32.07649881990256,33.158550588046836
3332,132.7750433077642,119.0516687329704,198.79548728354678,179.48188534399705,120.97338679461056,140.76826642564123,105.79156357689983,142.6481346116089,15.954684373444374,28.68884855037635,104.3628239315541,68.44841732827696,53.17339902758811,60.06129140020496
3333,88.97900337963154,72.50180289939507,86.92639286472367,87.61827254274915,53.366262370709855,70.41942169205979,51.36676449838067,73.57851414489258,4.77767529387687,-5.519925905986627,98.06616771247857,45.6345604026282,23.000382959105202,11.490447511902884
3334,50.49904927182044,33.532100972667635,-14.198011495725547,-3.5484284995573554,40.312300884920816,6.6402431737507355,8.712566467730701,17.977173384645816,-10.628672484939488,-8.717028278251009,50.23629711000087,21.421468833886404,-5.288685061849242,-5.858791102337198
3335,28.759056007308384,10.877647732120831,-75.22709706822333,-58.1658640848671,0.2780431995363264,-19.228054072199615,-1.3513270273260432,-14.002003779346087,-8.850617494882256,-11.823871751044004,59.437577451955505,54.80577587123824,3.3834261866720463,4.991652991072604
3336,15.956589732008403,-7.644032388492045,-48.21727792824999,-57.1650583360473,-22.546497241168215,-45.51816640411727,37.03372513693904,17.406653757139107,-13.452868424471879,-21.205145171202318,45.51740674181479,49.52438015574309,8.320001173140557,-0.5416579951895192
3337,-21.785912456842414,-39.45934749799275,-76.89409566384818,-77.78230912593838,-33.98875918961298,-74.14122533844822,8.078196517316588,-6.049338969089339,-7.31492715880177,-7.562615609037415,25.910948400812963,32.30461418274873,-7.011124396087723,-11.737709585270546
3338,-57.80313082393488,-69.87993137043907,-60.92977766421776,-70.68884645114309,-61.36407458625076,-78.0313687655943,-5.684567127745234,-2.102132928592207,-0.37204539733883674,-5.999390298527006,12.725012317699598,22.610336361092326,-6.421312117196257,-4.276506813808475
3339,-64.97519780701947,-80.90978096003055,-69.06150110549316,-81.17988710664918,-68.67583411230095,-90.5925902946232,-11.377446112785893,-13.82874417504551,-17.560722184821678,-14.182464750637688,-15.1304835119892,11.752101645465782,-29.354601268929397,-30.429533826729575
3340,-102.72595203067343,-106.70068051761098,-104.52326206046443,-98.1034888394701,-99.21057487981365,-102.82882401379557,-40.91078964469836,-46.477973130103486,-21.955388360102393,-10.906703953499925,-69.6241679787326,-15.718625585302334,-47.192976647763196,-53.99946068517504
3341,-120.49454343140366,-120.14377998508118,-111.43633551822758,-123.36168448190034,-103.14294897278558,-116.27681025217032,-64.45502184008949,-76.64846426471101,-32.49510622085234,-38.15083536600176,-123.57798104544685,-59.40691277349713,-87.65847158355028,-88.3050014021205
3342,-121.18221447936088,-127.74708682988239,-112.27930805779677,-112.82202531112141,-117.94727901022156,-111.59521288796111,-61.072349599625454,-84.63622848983766,-26.73489841862509,-23.85793600532311,-103.25851788573128,-48.28872624212667,-70.24150024329592,-69.85020046703015
3343,-112.49789284971206,-121.4843591602397,-77.23991602610788,-129.13357145596342,-101.14886640705762,-115.58444861872611,-59.16760832809704,-90.76845354857367,-32.868474734569894,-25.83018726402785,-92.98871481845255,-67.66031396494981,-92.61866655133402,-82.98646700316239
3344,-123.3682601765347,-126.24493510446551,-75.77816062336849,-99.13843435506485,-94.15880161315577,-93.0232437436722,-46.74521447014233,-68.0770338893772,-17.46641641824464,-5.283611908150164,-102.07769499708223,-44.793375718503334,-67.46038764951246,-48.12184336015266
3345,-126.18232432554909,-123.91433340233291,-75.99001263500325,-93.3029638582223,-98.04963824681855,-103.24866297319822,-49.13959822178464,-70.95908735740372,-29.05769992495952,-6.990764266051408,-89.81797197805335,-64.31542149988589,-83.28222676996648,-67.04629153554943
3346,-116.2614686749511,-106.48845617070057,-47.121714439711646,-69.37442119692508,-93.5979125297305,-88.85789666299945,-24.46115703535847,-31.571586224690755,-15.033124288488322,-12.624542347700277,-90.27512567564142,-44.00413424761553,-42.15161396682923,-32.67332010031765
3347,-84.03318806927625,-76.47623809915771,-49.025090064590245,-49.032438703392536,-75.31245806053266,-74.92780225020564,-46.54849809750023,-61.508982848199366,-16.287263170337933,-5.829968911276078,-75.85598751550637,-67.23479740551454,-48.66409168077419,-56.591803794454535
3348,-69.83443868230773,-75.36017794912941,-53.20341940888659,-44.18955478182777,-74.32356772626606,-69.43771389998167,-42.15409243767482,-52.16037298539611,-15.359921843431204,-18.442095431796986,-81.04457212589324,-60.517756585798,-32.937467541853415,-45.228962835288854
3349,-32.587443427179174,-9.691096537012001,-33.08042017742676,-8.087975300886496,-35.843704853638094,-31.658926201500353,-29.35665739315686,-41.73172317354973,-14.219070079096277,5.337655803280738,-41.39337540730498,-42.203940588808095,-24.361751237135188,-23.60719255277644
3350,1.4368094743418298,14.378771742159724,-18.20380860093663,6.12233366798797,-11.936423302658815,-17.071443490427733,-24.68425915171491,-26.268275345218534,-13.680639658881434,3.074915215979966,-4.428799128652461,-16.399469615978923,2.7190865754126654,-7.063792069477373
3351,42.90041938667414,43.007985662702005,34.91210489286183,49.94787870892657,5.9048506907966445,9.442888125336927,24.54347326062729,19.07646089017866,2.9946204759904482,7.028795605307463,16.0337473659636,-0.8502678427676786,19.120614759207143,12.477824199790065
3352,42.91825867662921,54.87181242040697,39.03870041010905,55.386741540296555,24.255718746496278,33.402753193711995,1.9301324687685089,9.36865493784438,-15.42119928160705,11.48044897307563,51.21712906811508,2.4150747837060713,14.20254005257122,12.520447271177074
3353,40.14686887954404,45.540772091431364,61.338492812252504,61.84918137488343,6.569675044284644,25.664015310181124,5.3610446192218815,16.03218983786354,-6.934371296188253,-16.070971214677716,34.16892592874023,-5.106606279742674,12.539466814568554,-2.6748803730297186
3354,110.92562931017945,120.55480866749367,153.8569003271185,154.5473865097583,88.73407792774027,102.51126598878686,72.84476971232512,86.32423413654348,4.576755594276707,-0.6261096889122135,101.64336413243493,56.66489264416457,46.13250798561206,48.38019573152626
3355,152.52193630719955,159.6745179690455,159.75380907207227,162.07322647378714,107.24939751454718,118.89287316223952,76.99249771552354,95.76310843773122,16.66235999203857,-8.237714828257323,151.67394412685144,77.41308942883357,78.71262994543797,53.895175435472794
3356,185.92080930340754,196.89663104378118,191.7755988004502,196.04478223163275,129.92142652455155,153.0137203018149,110.31769470833953,138.50461440409833,14.323856641472638,-8.788397272873887,174.55349929806232,122.90536242079381,86.31403012654913,72.12142161374561
3357,165.8494968087356,179.24780246606875,136.1043676076315,167.01115385638334,115.18490964405727,136.10486446087634,49.72033753239058,53.83357076349339,12.88167582144692,-0.6702783127252318,174.13831789500483,104.58514742915892,79.51438104750633,57.919988126928864
3358,135.91531429119064,138.4826058381525,111.65408695255032,142.2908981586352,113.34000925785057,128.03263068320504,52.754730996773034,69.89207507489807,12.993934464732659,-6.695040770278406,176.69029385379483,124.84930536899878,77.56934416825234,68.03937270863622
3359,133.8911654200839,142.20967921034617,66.52073761015929,120.33142783146982,99.05316781843548,117.40222097328254,14.566590169538342,27.798433720609136,14.621486374575412,1.8972795963799545,176.02792089225142,114.4262656866809,74.46317686065085,57.482790510104365
3360,91.87698509436862,95.3732914182113,59.69132867593151,63.72648508382172,83.5774469163937,91.05237034769762,19.68642140491313,19.551498689584353,15.272620203823932,3.838400298847193,145.6685085588376,106.43570110947763,69.5298310261447,58.64073640339598
3361,89.12784002529152,93.66738345055768,49.074005074447435,49.05012117023703,83.71336170660963,102.34383026074786,45.30504498993947,34.65425676299582,13.474256252132477,-5.583413308236964,124.20811380257817,106.56494741232945,58.865447884552864,50.93384570699528
3362,82.03945983537587,73.05593499518655,87.02931065789191,63.53253601179597,82.59661126723962,92.10178182121209,45.52612156877722,49.6814132125372,27.94341715010023,7.050556876718601,103.40876189281428,72.22623661573931,66.63064473555458,51.08716030325823
3363,45.745006283369406,37.395748050524894,58.69914246881863,13.30809868361504,67.34296442932711,52.66487741741596,44.72240044871654,26.85150334836348,17.22336433046772,14.099867291616516,27.075671401106554,14.434726526730325,26.307415401005,10.658466399040528
3364,80.96384486455995,85.4446066152778,125.45564890771584,81.14979077391658,104.98509824451136,88.66645052676309,78.16684387023409,86.4475877579646,19.067020792114462,7.591441843681539,39.60908296664854,26.302727319634062,53.7793353385199,51.559261336178544
3365,110.96093813602137,110.84820148844094,147.25589768456973,70.35762313109448,119.39887322598979,103.41015744319165,96.02069722331103,88.07205634183285,11.299029875062827,3.2664248477041036,47.79972020198156,6.608027331811055,60.90222561503668,44.24383531254251
3366,117.24822092768679,121.32120517066073,153.86246816484496,96.85388840321201,104.71233951981463,113.5589103232163,111.61479199390912,109.04578690511184,21.83673938682414,18.944746531964515,51.61552229987147,10.61207598529022,55.9234624890011,49.2044752906743
3367,90.22081521397773,89.95471135839426,139.6343243059906,100.32309289461006,108.60219076755209,99.25214679630301,82.91637641242794,94.82861089338158,30.006114172692833,13.299139932998466,56.74335877116164,14.925462412567974,55.22536837467773,41.464981153853955
3368,55.89173242051553,48.646457568788186,92.2122990435176,87.12994751328394,86.54857349053201,65.8187255503804,53.35016091464111,71.80470696662351,14.560171755633343,13.327640183750091,24.18687803997887,-13.433744076518526,31.154900002248375,19.50319732589478
3369,-16.215307899097052,-18.41684850377487,5.467490496485826,15.336169645848104,52.705721327299656,11.229113442805785,2.6044064749973708,1.6695483416033081,17.01277141409774,-13.061919805913401,-33.36959536759198,-40.25479813649462,2.5497992000652037,-14.020958884604148
3370,-48.46127903217554,-42.046796550408715,-57.625745125472235,-22.42915594282527,41.4565782744968,1.185252149755605,-30.92059244108471,-23.076882941351368,10.882722259122433,0.25141450149723354,-48.03854912021998,-34.72291170150215,-16.9034046988237,-12.866673575362428
3371,-50.17055933265684,-43.67074998703173,-11.853844346225507,-0.818085811252681,62.658563597575146,23.98919244556561,23.486235547034408,14.18908569849041,19.1891002817415,16.433000167080404,-31.6382000310494,-6.639816349641499,9.076871082652579,2.259888990120707
3372,-49.48623991321038,-34.06597865267029,-30.17446553762186,-20.128616511109428,36.029510589169824,1.3301289544059234,24.838327254828567,16.786518424138613,19.068087800488442,4.577031339420683,-14.159866648787276,-7.858013681945863,25.901785151900626,9.426981739329735
3373,-90.39084237941948,-79.76440372706293,-66.95386505608296,-48.21278328467799,-4.223736261911325,-18.10021000912555,-17.2277415412436,-10.859636118114647,6.352098596502162,2.215097027603421,-67.83232845083171,-34.685148885116774,-14.16998817521337,-19.02732045075665
3374,-63.91919560145352,-65.0951071108877,-38.46003405683218,-37.50455713330291,3.2742396397626736,-19.323795884092387,-2.1983322758212145,8.954611864235186,-3.3292109178492724,4.138426986193846,-45.17520955750058,-34.882444554395825,-3.6528920151760174,-22.685627165470798
3375,-104.46982415646151,-112.03961721345401,-92.57300685411184,-95.14442832914776,-55.880795828866766,-68.72119865230026,-45.35245006359495,-33.541532490853086,-14.71541160068339,-18.90612781744031,-87.67288636596433,-58.77483094275739,-25.619067139553717,-52.2454997567457
3376,-97.67904367428066,-90.65107242098333,-62.979082223598965,-61.31024158035349,-41.10902386520042,-39.210405349802,-19.443491019091645,-16.809131304161433,-9.308417092491146,-6.650853220297353,-67.07470130004344,-39.78468519279838,-21.397400003665442,-37.41801508022855
3377,-115.5458395768606,-100.84582093242453,-101.95062222650988,-99.57239656887403,-42.481955718633046,-60.34535999413227,-31.16815192452048,-34.73234226000949,-8.637999596922727,-2.880691637861621,-48.46435438540149,-34.50968196489055,-32.76261404682326,-45.45445131094335
3378,-57.09818857259726,-44.442278597149866,-4.864668277251471,-4.329516164047844,20.28888563021471,20.65826680444817,34.570810000588054,22.372928115643592,-0.9963699353073919,-3.0438473569138074,-10.687071206004973,-14.532887211207203,-18.537827197395355,-24.007414807046448
3379,-32.35528910109365,-28.275814102818046,27.42769919615166,20.94416151479485,22.401750608531348,22.85306708978203,45.94737093157094,50.89526453553875,-3.3775453744845234,3.3497506339888394,-0.06013223697929215,-31.509847207886555,-20.733772448995474,-36.96441172903377
3380,19.13714766279946,10.84695892824098,94.18490834365161,92.54506153700041,64.23345630547155,60.85460925027138,84.55370122878483,89.21597184356611,8.704563640611376,-5.411220066095718,32.999042875682015,6.846084543084583,-7.123560230500355,-13.435505636230506
3381,-55.81156602656582,-40.811277867411185,-21.594708864322744,6.063195739336364,-3.3558076197587523,9.693710309027205,5.495651506777514,8.575836885612706,-11.166466900377335,-17.20326370264293,-15.488895775167304,-31.470104347968896,-44.676696017365614,-49.51352598559927
3382,-82.88314813813352,-67.91846362887468,-26.051475326622427,-18.153396812475282,-31.358820191017013,-32.04316191409049,-9.74940873400688,-14.451185845046055,-8.269795666271918,-15.26460765452634,-41.62765218700254,-50.76841371398124,-56.0942698376717,-73.72598807126649
3383,-34.200504966224145,-6.51951865277568,-53.21440613699907,-29.130555720537625,-7.044472493904323,6.159566749227026,-30.47069784790327,-37.94497092094078,-13.569213432507686,-12.037778901707245,-0.3727563037654438,-15.324566962427363,-15.246917090046955,-21.909771784069566
3384,-34.31365840029687,9.394045173902926,-55.67835928611168,-24.911437280570905,-0.8440625327231777,-6.830602698313543,-17.42708083390298,-32.35202050239325,-1.957223395020649,-14.564031824722562,25.75787833494976,3.1865964982811765,15.927011662158812,7.8878847208017815
3385,-28.38847363631017,-2.0847029025671215,-38.8555352287577,-7.899586827541986,-2.1201907005873357,-16.433293307298516,-14.727205414098165,-36.320958485612636,1.5032856296486294,-9.837896554445017,0.3599100795067307,15.772149544368979,-0.9327495214078788,2.6526104507961668
3386,-30.008072626394014,-9.670678176973427,-39.696291781213375,-14.17978491376308,-0.9342120306406014,2.8110562199892306,-27.76234346518212,-49.20013678441099,-17.039965724975904,-7.159016634611228,-3.787707337938509,5.5350911852647,-1.8517536716966119,7.986591094795934
3387,-11.16008517311582,-3.1074997510969404,-17.865663956482447,-1.2377495446590023,6.067229855155985,3.0509669125450225,-16.16121081425008,-37.07817411934236,-6.618709907865571,-18.73818468888844,-1.4068764642876446,-8.077095485330307,-13.664483934253564,1.2051003971871734
3388,40.8646631911949,47.54038633544866,-16.03935359727939,9.877427674589688,12.401617755504677,21.69716137987708,-26.063982257358827,-41.67019115822352,0.013065508488087185,-17.206484801358137,31.785856917174485,30.09948388160623,8.594786424896611,22.41282435010451
3389,46.89502434549143,46.784140153856555,-39.51391986556811,-6.930574496164761,-19.936977716730347,1.3843613858163752,-48.202291216915846,-61.37087330656256,2.7734951867476028,0.7928151742594425,45.510215692588794,18.397254378674006,21.000419917333126,24.048994061735552
3390,32.08636263962288,18.0612056703241,-84.8915664480469,-69.21035391152427,-41.04166322683417,-40.484271724852626,-68.02715080760848,-84.43399761815503,-6.844641402213592,-6.322068243145353,1.120384267959997,-2.5337459792535038,-3.0400348262304564,3.3955097005371986
3391,13.684777451547266,-0.3642232364963862,-114.5030630875922,-84.08891133646291,-75.94649578915265,-65.87060083527014,-83.00543104162149,-100.30575741257948,-8.752070709709942,0.2561008382572991,-7.873062019578228,-19.79289522248906,-14.56746887843457,0.7200586077845812
3392,26.091010838209254,12.206195203509584,-94.21121935793617,-71.83448524573917,-55.51260436083161,-41.91450334794649,-52.7570860972245,-74.16201729694254,-9.953589682103493,8.293880430152658,-24.73739551790194,-16.295316356441262,-25.042494848980127,2.9041696722585444
3393,-6.3917555309728,-21.813113305970816,-99.71332175188866,-66.47557910813971,-53.99499922351799,-46.42883898986406,-50.782488912006876,-53.58263458839358,-14.341878645015088,5.780882776679774,-43.73751038651174,-36.68033684584556,-26.695508836431753,-16.72057747457288
3394,-14.747768354321856,-23.59319937600149,-131.99207034532583,-100.48733724320701,-56.695312612317366,-55.80342008238097,-51.39843004124996,-51.07054611488101,-9.999823624191515,-10.811114364659801,-60.7968688561314,-40.602822540784246,-25.277384507346987,-17.167920840465218
3395,24.49937554341282,21.081728203135814,-35.675273834615574,-11.373974947501988,-24.396930492594098,-18.075605772669316,-4.894538851598004,6.658809306886672,-13.577021854806892,-1.619365031402543,-31.65394162270811,-32.50196808302806,-12.454568628513318,2.348176949299681
3396,65.25289671401522,52.048685249987024,-14.968686627984269,27.891184669245504,0.9848883605171306,8.226215922904178,5.113147157384218,34.73426934230497,-2.6070284850706638,9.683758915448518,11.29825873909884,-5.392761311729185,20.46620529981906,16.21013760498965
3397,112.35591995940018,106.48855684244512,18.750443451479473,66.95364340510291,5.54569383477411,26.500954358838957,17.910270564549304,63.55619582916961,7.761643065782302,9.011663495721919,30.61466941472953,14.64725603457049,26.519958402512312,47.06086468667912
3398,104.49888949334428,105.83613316198289,9.16581599621002,36.68873317249664,-20.456149279991724,13.259613480521168,10.292766465965661,42.34934371927675,2.796973073111841,-5.263407816926303,35.009783965979736,1.6795853793846804,32.171415218460474,35.545396535472605
3399,66.90578715314808,66.21064209840897,-58.284813151787176,-21.448135051557166,-46.25650471691161,-22.91598679584499,-51.94289714609458,-27.549687997700733,-5.136490795296684,11.605184624758653,-22.49299676873762,-26.171168063300165,4.862386922657261,17.905454047381184
3400,98.11079965692042,95.80985374175319,-20.658377912576704,-1.2144275007150225,-5.844822371448404,14.053042221610541,-18.08869926999889,7.426557708201666,4.638008064403831,25.012672017059018,-14.626196501113384,-15.942800060462682,-3.344876524262167,24.53983865259177
3401,78.52624384906466,74.29933197216812,-35.236847699283224,-41.52610854368271,-15.918743727383658,0.7611478881035489,-32.41337563477825,-8.370105275078412,16.403512092942666,15.40386962142339,-22.082388710772197,-17.425644194317854,-1.6257181069497189,15.181826806151212
3402,50.110920727404554,37.62865148554491,-46.48990417300126,-59.58616627921006,-20.38546837779305,-19.482448981579694,-20.244328202545166,-1.4964711122902365,12.964954449484333,0.38775922238482696,-31.270610964306737,-11.130382274284678,3.9252226415762825,8.841621372124289
3403,-10.929002340738457,-21.82059458407552,-87.63115181892562,-83.28865854661714,-45.795808504066216,-43.679806453250436,-34.448481030916696,-32.27156363271966,15.970562516394631,-14.403805343863311,-44.686875185530006,-31.802276052231978,-13.648724260810308,-12.322049876747576
3404,-97.49279987659321,-100.35096815548256,-89.1862105715435,-109.11888402046937,-92.31192583497918,-96.44946223275919,-55.06622486870468,-62.77994174988295,4.535355589921042,3.1944895915023253,-67.77542571775778,-45.35921167611819,-29.0076157840114,-39.115969228315755
3405,-98.22445059512366,-97.25024209526065,-50.783200236656334,-73.33414351139331,-81.43533515681722,-81.71184836738546,-17.073796183534736,-29.868291827941682,3.038838328877862,2.40892774342604,-53.9990147044873,-17.198554614171403,-9.386298393270081,-7.2837522446164975
3406,-95.27260412308833,-104.9118454756376,-69.9194449610586,-69.16668858410218,-84.08995168806072,-95.75661905822024,-29.56787620883775,-39.515402945195675,-5.289919760565389,-9.251042504593398,-50.88376940534711,-24.847609507478065,-15.571209520920904,-17.57680066277118
3407,-64.81930456145159,-77.38600244877257,-19.77225335548851,-21.3048433221336,-63.10553744807439,-55.58997965994705,-4.804192134592,-18.505124207234974,3.8080743211737365,-2.307020898937534,-36.18355765532152,-11.483140932268649,-14.569966828510037,-15.390135724045846
3408,-44.70804486373194,-69.4644415649507,4.874311326484064,-29.904185958536566,-37.001688835847105,-29.829397678678863,1.2656749548770496,-18.456151901284514,-3.658756660374614,-3.3439956521425738,-17.51476789336645,9.730381724525024,-6.094440132050256,-3.2999402255559147
3409,-17.784164007972535,-47.871961790648896,25.702315761975957,10.820515426026112,3.040497207781952,12.274840850796627,34.96015623574278,29.321173118330137,-5.730478382789097,0.2046614224477542,40.78268704540164,51.504690671352165,3.0595779161129757,19.22648191686773
3410,-36.43174417252461,-50.70603665728506,25.99631161987216,-1.2437388225062793,-19.440537063091643,3.540851603086325,7.857555545147276,-1.2815073354161874,-6.77196017188878,-10.922473789935005,16.324361466776438,27.566883529901403,-10.956486098569096,-2.943225026157241
3411,-87.21713264977579,-101.03959189801209,11.93239413538239,-24.067362151232594,-56.25902757711575,-39.02928000721829,-4.002716267186735,-9.587778614432597,-11.528238772125308,6.213175676484205,-7.0540666583140865,14.146834949918231,-21.82301644470011,-4.398199920176186
3412,-78.53977792628793,-71.39642542451992,10.40514778148655,-22.61254259027738,-23.953283825521783,-19.717136395073158,-2.847818143244259,-15.857848998898826,1.1543732587004676,1.675554891510728,-22.1367919382983,10.234231159517103,-9.157281849046985,-9.111443881275214
3413,-90.15489836639424,-78.31127919361943,45.02345945708935,1.761421704483146,-7.50900410460892,-19.66109581425052,10.069170513085785,-1.2493711486875114,3.6689879179647122,18.45896228260292,-40.28851999436715,-10.014038630158646,-17.560096420492428,-0.4164955346914356
3414,-126.84561728257333,-125.64806355525569,62.50311074140359,4.618552613430624,-5.756636932417811,-8.398712065594337,26.479446108065254,6.846095163073388,-1.4768316395150736,8.214049395103443,-43.96509054625258,-12.595340870760483,-27.247230588138056,-17.6733792342343
3415,-109.8805867795104,-101.12180054773768,101.25954057002097,52.06520902150542,1.7806507489405656,-7.31829074245055,57.068170981416024,23.531823150673027,-8.34472990816767,2.7436278352169463,-20.605185217073767,-10.826216827042664,-22.113961710895676,-22.645612628324237
3416,-129.3124400921187,-124.0665888051131,6.140701557528598,-23.718857820525628,-26.382363406007368,-35.988414686569435,-12.907795887424184,-22.979891697527133,1.1118973066301001,8.138565294607861,-52.693683198338576,-25.520098022398233,-52.73446225335389,-50.07429161700765
3417,-58.68823478555146,-60.765703519407225,108.87985848746825,64.98879564421297,15.17293893364599,-1.729987058238825,40.157517928933075,21.47723677798141,-2.247561789718631,-2.873486682736284,-14.103785688725726,-3.2819015954078266,-25.332871667818424,-21.300186325069344
3418,-20.10725083619248,-17.43690211734267,128.63791328912535,89.53447495435117,17.676874160196093,9.514536960728575,60.35388278249908,44.834857544285015,1.557788323681202,14.858495204626463,2.26670243732603,7.903680740270932,-15.83173474531979,-11.909768687658765
3419,16.155010253289266,8.832282764609971,160.79298862638913,124.66936733664927,10.720195520785216,-8.98319716459011,64.79154555224805,42.80048118017841,7.800641363264038,18.11361630322383,18.893470103616746,7.969929627598116,-2.7063611071926728,-15.698456884141667
3420,9.827605764184987,22.620021697664633,90.3053547759839,86.60585751448546,-5.9221826772487685,0.09227861897002551,26.877317669413873,20.908800779490644,2.85008440677186,10.056633564508973,15.081077660516572,19.806942699795364,-5.8986717514244145,-26.080606684541127
3421,47.88353846503447,56.55591884452562,109.56602166508968,102.08978695166506,33.02499194129933,37.90701860840416,20.915772619009083,16.737663708172104,13.64528046777644,10.395086041243164,26.712675951344576,28.218903625965947,29.98205036960712,18.114695369477673
3422,10.295700332391922,8.356183951093442,35.25162836250541,34.34426648359327,9.37550084143215,9.759103284043556,-5.316868059656037,-19.99439934900881,17.08717699858972,-3.1564179501993808,3.4601809215535164,12.915712546185635,14.8778131691298,6.0493628588694826
3423,9.50875604620874,2.495792484318269,-0.9878158757318521,8.353943481687772,14.452143150978088,20.12381136518999,-8.30138129153917,-16.207717428273085,5.9667642321613705,-11.439070917864395,-2.0248505571969453,-8.695428055467765,20.765390060740323,2.114740416248738
3424,-26.840416457779547,-28.209012262312257,-44.69624254519096,-57.6122010335434,-9.050155803026932,-9.402507060593958,-34.34988034632944,-52.92795553277843,-6.748156652099038,-2.4251599894094698,-30.62652639953114,-38.11940650144706,9.468634309904388,-27.153168530350865
3425,-28.619902199394815,-36.701372798269624,-124.3621438487241,-98.92363282314432,-2.8710467718729955,2.9045841766981817,-54.225856590284785,-60.08101677654853,-7.722275980940995,-5.775945673629609,-22.571208411085813,-34.57692880339758,-13.868516615823541,-34.33326403320484
3426,-70.32166149049375,-80.69060238219615,-136.28964077941347,-134.73534118635837,-11.568152621701854,-10.306227767563314,-66.19219829466411,-58.93764911668213,3.341738539852726,-5.437640691284669,-37.56303606716658,-27.312967831160588,-33.10457705863861,-59.08414931885812
3427,-92.76297646300819,-98.99059992469333,-144.3764967385916,-138.0662894728039,-9.333842451905998,5.6282701949363325,-44.133937167635914,-46.779849571452345,-12.025241524622677,-6.281029030109584,-39.17257565659395,-22.350279487204432,-37.637566962762335,-66.44680280845745
3428,-90.20632505433069,-106.18187275728522,-149.5638596101866,-144.67726782726922,-17.999202682456065,11.92926294142691,-69.56987061004214,-60.10357207413783,-7.014287349246527,9.393265770078113,-56.25983331364779,-36.258792157645615,-32.291654257804296,-49.2700105177016
3429,3.573831310289999,-3.828080732260359,-74.05145322439776,-53.22329907624924,18.743315654041478,62.9856154830349,-3.214672877762387,-2.5127719713345242,1.9523289505514867,-10.089868982006058,35.47023182511355,36.547209364790476,23.812519509674377,4.343056412572899
3430,-52.8318123047657,-62.1089738660727,-149.4977615893163,-141.92279005906408,-38.93473761853301,1.8948699388184704,-78.88271589752306,-65.04235999308887,-19.81420442094097,-9.747745057253175,-35.98446012131954,-19.049653978686113,-30.92072650013461,-26.095400409117737
3431,-44.92676641320179,-68.12734929729214,-142.85572421929922,-122.49442137800827,-33.62297709737533,4.776792534643861,-64.92646447244634,-45.71278888104335,-8.453519218746765,-11.534291998530371,-46.58812654254992,-23.878676297411946,-20.728377987816884,-23.250528759128482
3432,-86.87831454203405,-108.04262465030448,-155.64050358458746,-135.53065937476393,-46.81154357883866,-27.4714503315322,-63.867228958968795,-54.55618938580674,-14.39790680127931,-7.982514812688193,-100.57579495415789,-50.17202297025142,-45.62366947292832,-42.06921630633503
3433,-63.995805498906215,-68.36096952028498,-119.63852814336845,-97.58799063411666,-47.23401195531586,-11.674419583413181,-43.031418493932634,-29.02234259247195,-27.815333908936054,0.5547631749954478,-56.62952786762129,-35.0907226148788,-28.2543043072521,-23.059441054186173
3434,-70.72504734655776,-82.69656224721525,-99.28232644921466,-87.95561186718756,-60.4864484375011,-46.35488801197884,-32.87242415953718,-39.54222368165212,-20.421094913400868,-11.261369934760086,-62.91986719207071,-49.7720613217818,-24.469840702635732,-37.46098453031605
3435,-78.47591652078836,-67.78707556920651,-80.32607257609861,-81.92836742797493,-72.05872557208868,-69.54077459855124,-43.48373649023945,-33.060894766451675,-24.706569018998124,-14.979862534720844,-42.4648156295173,-41.36455300429691,-34.926412688894594,-28.966440642210724
3436,-72.51151723766341,-71.21657059523076,-64.25803989261019,-65.40501474364595,-83.73754648794743,-76.11860461656774,-38.84856098455257,-37.957814467256966,-15.440820566355915,7.952861258205242,-32.2311011320694,-30.39307437095046,-13.675596753696322,-16.39242971768497
3437,-94.48950747899774,-85.94795574358362,-86.94807806278122,-91.87867819436933,-91.20379445738752,-108.19088663534227,-52.952449032865424,-43.655911412388534,-31.942902560242363,-11.047084919501037,-77.0196408513706,-42.55121248241188,-43.14254829126881,-33.1858650434822
3438,-78.67058994482012,-57.626204626027295,-39.55222599558529,-40.03150307101956,-76.87626547258334,-89.12109942427149,2.647395640692394,-2.08857382506483,-18.659796711524375,3.2190800383265463,-51.41819806264186,-9.037773185501267,-24.369091014600976,-15.433601479890998
3439,-94.57026068829283,-82.99815680867043,-31.62843681260119,-58.58877285602975,-61.15954893680257,-89.30280335574832,-8.227292600634154,-9.266703181252556,-14.2437089741204,-13.194577705333183,-73.87141337042533,-22.43998370371433,-32.01922789948047,-22.088031816027605
3440,-60.95309791086025,-46.294495357052,4.473700065921389,-11.39729593668233,-34.034372944217075,-69.73218080847758,17.143035092752523,27.712246073653652,-21.668184324014817,-8.073963656225345,-83.40676816097185,-21.617402049168827,-39.973192961147674,-11.638697259743445
3441,-85.92087796352043,-91.18126195178856,-40.40169368053278,-80.33633253654645,-66.85440901345581,-99.25395902738602,-14.8145671044379,-12.597731713571111,-22.705303573279394,-2.8139447930677965,-95.04178209885322,-24.201258638035725,-60.45349897765435,-29.260457355460662
3442,-21.47597857857197,-6.826828889599171,71.79265169042279,52.3348169426347,-13.429225420539728,-35.267339389893884,58.18853478002435,64.09092911245843,-17.042074880659786,-20.349127234693917,-18.12296719408978,-1.916039239619466,-18.230336147464826,3.882739926602143
3443,45.61781069862532,51.04071044793908,87.45200177277117,48.814575664238646,8.555230353512531,-9.244205150710298,69.72307019546771,58.56001681045941,1.845497107130873,2.9943041545843965,15.73297265166223,20.235549273410072,-4.459186313620644,27.53292024121586
3444,60.78704257589207,60.7056389118338,104.22611625305608,84.78686200501835,20.085621149156466,-11.446960529749061,84.1798924387474,79.97255215513219,-10.00549811248887,-8.659374994293916,26.809188674460167,37.39552879053497,-2.429459169605593,30.475185819983462
3445,77.38764593057333,82.84118949969306,138.06651451879713,111.45618170766582,21.340866645134206,11.407267022686133,93.77721974865453,91.91055919545276,-9.138141124731174,4.951588235137304,50.72006924420181,25.35981981724727,18.00108787290838,40.21510875854145
3446,104.0722913651919,107.82679461934573,112.43575257344928,87.79668184159468,15.901041898313634,2.4891871927763347,73.8472266465609,78.12548823935907,3.8543232290931377,5.838416060647136,63.63610943716637,33.136088532116126,13.25013256440548,36.612332339400034
3447,69.71147713491636,82.73624396297456,104.31237204009555,72.60176949973533,-4.7148342580315115,-38.26599242477288,62.883434485718674,64.41051548762997,7.891739289708982,10.47120992062635,53.886403864336984,19.55711807036184,20.969566894003297,25.90322927919718
3448,90.11385479538038,96.81994492116104,117.62681797098288,105.23600456102866,14.40183155385505,2.4477944924440345,60.07940157248604,55.66361324477167,2.7448695241549905,5.199990443805443,73.05044953477383,29.357055463449456,43.00241178585648,34.771882708701725
3449,92.90415276298167,117.45988726958568,101.96315300438727,117.07779435451955,22.994510072286833,14.463005600951382,54.0873624324177,42.01440171291005,8.237282986381738,13.9269936011857,83.89369535658957,17.196276991524456,48.62389162145161,21.127574710311112
3450,71.81988211577057,63.674635495517876,61.67494657811898,94.09934444300194,4.112596764528202,21.45418615194643,25.202306231899332,24.257588719184554,5.452118948252473,-1.6650238150697492,122.02081232256403,53.282775904562996,44.39985844981196,19.271699650509287
3451,27.04846516849257,40.999960243272405,15.847439470952438,38.90213697458236,-13.250699372134855,-11.172715452723994,24.38260706769296,17.364964872113337,4.4851382763646335,-4.199050711499427,82.56169745607816,36.02002115155028,17.3595452708834,-16.881305835386048
3452,54.162228655114816,60.82248393675775,88.53465385307159,123.19317774894502,49.79935206103293,58.08292115143853,56.339179367373795,60.10948410175657,24.965990186079352,-0.6550935925450636,116.05012843808571,75.82391206112038,46.63454560909762,18.58911318641377
3453,-11.611825938911368,-0.09030700197894959,-10.428947389051721,49.086842689243355,14.94237951181507,11.561967846021531,-10.287670469852298,1.5583727566494603,10.264517474953019,-2.171103711709936,47.63836701013636,25.541792016633053,0.2582901916659965,-9.602061087532688
3454,-98.09602060418018,-76.75299385841544,-107.80100123103347,-61.64931580293642,-33.656714821278534,-29.38018275030712,-63.437766765091546,-63.59939432632929,7.248522838036514,-7.748954977698373,1.7309538772512965,-14.276395257920386,-27.146113022136912,-44.22822182626367
3455,-99.75944116720251,-90.44343470244215,-143.24681957985896,-107.62398498336744,-40.10587354725565,-40.45115964426129,-57.7828290673241,-74.91833633936983,6.24220861510909,-1.8755432389060842,-15.202724080419438,-9.817930616278646,-37.78042127103759,-41.99643563714889
3456,-113.42170084549693,-116.41022000240444,-153.936312627015,-161.8646117794793,-55.556825785973714,-81.68393878071421,-71.20805276511729,-86.78848092864268,4.783081808775595,-8.552357021353261,-23.5457669661449,-19.82192601991097,-36.7640431826604,-17.470094084010313
3457,-142.986078650191,-139.74962923419514,-173.55473203859933,-163.28920586267512,-81.72119070712034,-89.00270121450431,-110.04988230469392,-115.4613140409891,-14.805692111486673,1.0361414829430151,-47.78666597353528,-38.9879776100844,-70.80093608078843,-56.660198935951776
3458,-126.90373037531072,-131.15807000448046,-138.51454668476794,-106.1099975038938,-101.26037193877163,-88.80196119190472,-94.35650745516935,-97.08562514114081,-20.89722855888431,-12.383453790527296,-35.08835598719058,-35.81292485337883,-56.18397349405241,-55.473062909096946
3459,-164.91804206663988,-161.2319901613074,-176.16069986129267,-131.71175464695162,-130.84108821656403,-114.36691366045476,-135.73294186558851,-142.1250177892394,-20.60550541881145,-19.709724684190544,-105.94070959482772,-82.07850889161027,-88.25110388470837,-88.4569694825139
3460,-107.08254537938552,-120.76199083566482,-100.81657550606919,-53.07833121322459,-59.20555007933474,-50.63020157652345,-64.41038795712312,-78.97123848698568,-6.267570400711925,6.317906403762645,-77.511673020503,-49.536122444309655,-50.61727835143658,-60.12343701469494
3461,-109.09603710673785,-118.90264573217802,-79.8421304044562,-36.676082354035074,-71.5941275914966,-51.89983178271584,-56.77732418092792,-57.545462061000464,-7.6887408516825495,-4.290390115168975,-111.73413346003828,-82.56493262527846,-47.885913957306414,-65.1140412597891
3462,-93.92001799557735,-98.74982473597757,-80.37507057378996,-31.41078109590269,-30.91585016690913,-17.308430246980297,-28.902448402617722,-42.961645968094516,1.7941569574068466,-6.733993653822541,-64.86543931483047,-59.31138873579394,-34.974348274532424,-69.85054024791089
3463,-14.832196474536078,-30.625719976734835,18.88539411450365,51.506877085142385,36.25469072619102,42.595215010363226,32.78068468998548,29.001052245487926,8.435609936607102,-1.7859994629898495,5.434933772375859,-9.061940823901901,22.531191976136842,-8.021882878460309
3464,-23.170428356910676,-43.62593934809678,4.603066788090694,14.37708236353975,33.74798675583737,11.061553770205254,25.621701592181466,7.894890287028706,2.9413869957316847,-6.706880155033531,2.6889307382185654,-20.979623347790564,26.784789851026417,-17.379205044297557
3465,4.695662500361402,-31.28888677378826,26.446051665606692,33.296183894890376,45.80760055720023,24.089451833736856,30.587318914469186,24.2636784958041,11.703093194712219,-5.0502269445554955,24.764087977848234,4.492974988570847,30.68375953435764,-12.908716027265383
3466,12.521497431520629,-4.642607410542854,3.950684031237857,28.716774499585608,41.24808908118129,27.87374050758123,10.145002202771009,15.5502520459996,13.559159469097942,-11.48189240393274,45.7569736519648,-5.849424114519092,29.543935072597478,6.045348961892483
3467,29.89550869950206,7.348995357827132,-39.699101235178624,-10.654400991967112,26.017384382554958,14.923359137936865,-11.279064775715023,-8.563010928841313,12.848912682621892,-13.064642922870938,22.919007064757093,-1.2791186470781806,27.703760374113983,2.9776129291937563
3468,-3.523135267138595,-27.80879081589614,-42.01267849219736,-42.94130663295462,-10.374415438953612,-24.89252083428924,-21.643844587705946,-28.31452843788143,-2.327543825472593,-5.794357759845161,7.343259041643252,-23.65612024924125,35.79233218499918,-6.976686929844406
3469,5.605154855807893,-4.221394295817781,-55.50166688657251,-37.559581013574864,1.7009808076096506,6.500377024708166,0.8895085335077663,11.827493295140115,-9.239846572525046,-27.001392197752985,26.276668361931943,10.856187323062535,45.69495185623082,8.563215254616729
3470,5.9576131018670635,-12.226428629193759,-34.537685930690635,-13.453569542638544,29.80307441934725,42.404719002508344,10.858295770129644,21.611347736751068,-5.46826611166276,-4.888373113069919,40.08565289937121,27.542467748288246,64.46685647663557,36.248498413515186
3471,17.72894364853791,13.664394624994676,-1.8486260998312822,4.83531822795139,14.859585845939987,14.49959937858525,23.947958260386816,32.75442320188689,-12.90847501539551,-15.043222088454193,44.94261192085096,26.071491442292047,53.34423808173709,33.13508985886511
3472,39.06004262113393,29.08082566266079,-2.7659006154407506,12.233405170796287,7.605011472523392,17.950298091932147,15.141265089190897,35.5468405769745,-15.480892670640907,-18.670271451267865,46.68528192830827,50.40543102841598,54.07322168934059,45.10071709920801
3473,47.771027450684386,48.21915296226222,-0.11735387321663933,-3.4598547837227582,-10.827828480493714,3.0849737142454887,0.820003530164586,17.556831470174767,-12.2974526971162,-4.3927663326479385,46.48827414152744,31.869659581691238,28.281280374202087,26.309948444269004
3474,50.597100779423435,49.066223538576736,-50.9989942243292,-30.592994101065607,-23.205083049585358,10.18188266546571,-30.156671702162573,-13.190090044767853,-15.840069364439891,-6.562707835941076,41.63929338112904,26.248033858272247,5.498772837565477,6.688453641114081
3475,23.663853372942107,33.830042327533974,-33.66247108056579,-27.24572361493748,-8.189378037122598,4.148557933554328,-15.715276869653769,-11.994366047463448,12.418443825861686,14.102494774543622,60.04307183041173,41.46185626842643,15.468739023953255,24.208331880667245
3476,-17.686326523491502,-6.877095512901272,-98.61533459184481,-98.2757766564553,-15.43693832325366,-3.902191026067335,-63.78820090334958,-70.88404984916204,-8.436600875877948,-9.533112754579786,23.924999599703952,3.7180084799324016,-24.68321714174577,-30.61648719686783
3477,-31.49411856009943,-34.75975880630224,-41.60388774404293,-46.08674972604746,6.5192133496926115,18.687304920764753,-26.36651828092889,-43.06997317891289,15.878231876615994,5.909727875107568,34.69365833491096,21.232227013357225,5.360904595501225,-16.061105640402253
3478,-68.53752148923562,-78.58270753280296,-54.82443539808454,-66.2487991649808,-5.157226505078225,0.995800958419377,-19.194905915138794,-47.84779798324835,-6.209448314684038,-1.5881509082164889,11.009804951446727,-9.160849003535178,-30.373915461132185,-39.134271596363035
3479,-81.405290704808,-83.7515470987948,-22.33558530932743,-45.70180413990182,-16.38099720462924,-16.288792690054052,7.479620285890476,-22.33401404621962,2.4117585896234224,-2.308342808504891,12.79123743133336,3.5683570838485346,-31.631247488728693,-44.93025129073022
3480,-98.14534239524052,-108.70473247950815,-54.41283804930716,-79.24524069962771,-52.001611845159275,-59.432087513094494,-10.800397644590344,-23.19699439405153,-5.79306665786027,-11.61960929276611,-37.639943768677156,-25.21565268947202,-43.088556840629685,-76.38494127908935
3481,-15.652618634910002,-30.017382761030245,62.37724004317587,17.196589379281335,0.9903893661957053,-16.48364834886753,53.31920970963711,22.601546933003892,-9.479603470117537,-0.8724843333267849,11.940814582551951,13.67597512028533,-23.536449878250203,-43.35630008008135
3482,17.675217746140945,14.54467606324793,77.7150748914696,66.49652379155519,1.7980835711427074,3.3278584656659627,49.079471673480434,34.455763492883094,-4.660506331565602,-10.182838294921545,3.8766704214325403,3.788159235244367,-20.877117491113644,-17.272885957605073
3483,29.64452709580061,21.757794984299654,122.04743416593804,78.09194791152115,8.910030149530456,5.432718629737302,93.89465752700406,79.95591156210268,8.51507843198018,-7.522898503387532,7.3599654052573324,24.0030152010355,-20.316785232337054,-9.264707320167458
3484,30.777375296035125,21.42371560929595,118.90594737194583,85.61275634092696,21.495702413702332,20.757149805188845,51.7579853242172,69.20012597183859,17.68125406523582,4.2373181788324485,-7.151737733360031,30.825270856561207,-28.989601095288148,-8.73025538356261
3485,-12.747812189452041,-34.61162479457839,37.88318772980333,-5.80567737618987,-23.747900975923226,-27.37933479241828,21.861293250254963,34.883923266448264,-12.7851730798153,-6.3534715001724695,-34.465060645124254,6.374577616795735,-53.69844789978318,-41.77494495268416
3486,-0.5990134319822205,-16.56106904021839,13.98585287758515,-26.054436647679076,2.907415264825941,-17.48678469840984,7.612073144475057,12.47801251185351,6.202369338494712,-2.040867148395766,-29.014857298709856,-2.208147165047544,-48.41697989860568,-45.892930770936026
3487,-52.174053347838914,-62.507312527253774,-55.946988131817925,-61.6829132527278,-39.070072371692575,-35.632100216848436,-23.7127123497286,-11.288171107907202,-3.843997065165544,-2.649426935868949,-55.79305060696755,-18.979464956003213,-46.22598116814122,-37.165528501611625
3488,-108.7162762794321,-107.2138524503113,-149.6458787354248,-158.7579873649913,-58.891328097573975,-74.88649952141739,-47.01817017209015,-56.30597211992624,-13.109628781254656,-9.403867643644139,-94.811338017244,-42.31925486643539,-66.48296893083494,-69.47451938067185
3489,-81.36498374587535,-89.59157815273596,-107.85827546006635,-96.27357319598927,-36.46691663427228,-43.9841368720457,-38.75312720339112,-35.89977619127272,0.29622840214984336,-14.679357658212071,-81.96321842021659,-37.85806454913787,-45.24475809251852,-47.39369842591839
3490,-127.69583673497047,-104.43479884987428,-98.85451173084272,-107.96492991711949,-34.451294288209816,-54.98302466601388,-42.90229803676681,-33.46773405779537,-6.856960626741245,-12.204188770268052,-92.52615907979256,-51.126680282392684,-42.996740899762486,-42.645965793314765
3491,-82.63797853646558,-82.15141410333001,-59.913095216267436,-65.25493812240319,-47.107676007099975,-65.24453107894225,-40.685123773205376,-31.491141855392964,-10.734045875042094,-9.717851812511848,-101.50004401418602,-57.86109236918326,-45.891069489443105,-40.70739827653081
3492,-42.07992736266297,-23.697147936941988,-37.02741624876841,-58.728684993801465,-52.348427084658326,-68.91408302722941,-24.052806368662516,-28.03105459712133,-4.165677528079862,-0.5476167304693509,-66.86971260749021,-46.23756964683534,-31.36272110167482,-30.72605407021931
3493,1.6146661869669745,18.22946817567362,13.022644487769702,-7.875974391884642,-33.87746940093896,-54.034177853649176,6.3034702115342585,-13.878600227872488,-2.670886976287381,-7.321335148186155,-40.923206053146465,-27.565904888353412,-16.874282801747906,-21.268993201955364
3494,19.97606581599929,32.69051719536886,20.074761714623715,15.173022670577765,-42.43441866482277,-64.60587105328185,3.7945852979748227,3.258550676333042,-9.271652080970627,-6.706486782914139,-73.4498082164468,-58.048370743701156,-24.33793340194176,-14.495177083085343
3495,39.08441200902397,46.43606474713857,3.31922795577119,-9.870331420872148,-42.81304209585816,-68.7064293037935,-24.563957862951707,-24.278139315359304,-8.220490111122022,7.996300962985339,-101.00305111215245,-61.712370297801186,-26.315847407364476,-22.774691696301698
3496,83.97127630183503,89.23560272241082,90.9995777713919,78.6458910756972,22.041837064765634,-8.02686239566798,37.34657276299841,40.68228533825827,-6.796817892619955,2.9538224771521553,-50.01525185814714,-13.272692027474319,5.816086447527502,12.65308283665843
3497,20.46669438178666,47.76668165684046,42.07428094847301,22.087277607868707,-39.806355916924964,-71.67915854469716,1.0759893041251074,-0.7564253876622573,-5.237616525711137,-5.165235145290776,-117.51858739483691,-61.89430317500545,-20.583842722342162,-12.386784655168201
3498,79.25294195214468,100.41935354120773,103.04504420509808,72.94405350644527,2.781900193549273,-25.9734735169942,44.11306100336732,41.65449778161588,3.6767225160193515,-8.428702701061445,-59.2829575422055,-40.178639021296945,-2.5542484426617205,3.2875900453267217
3499,86.24477894177284,112.77000165484705,131.99469605731667,97.49605064477291,31.207971524067187,-6.698434544912701,64.97024618102942,68.85095192095763,3.9547489271029868,0.7065666781808134,-28.10636426763506,-27.945788976581895,18.889257955915916,18.438256490022685
3500,185.6112414248401,190.2629477024011,179.8937875202871,162.52489249809682,104.1795197375834,90.20139504209877,107.99281488399707,112.0021523894867,18.37505223393452,8.877728895442532,69.94586704275147,40.2382894884372,63.88733691457328,72.75099371561876
3501,158.1137219181087,172.3518059605247,163.62682058807675,147.61738014966397,81.4260767022148,95.62372116750782,73.78076172634353,108.23718642242193,11.916070710775474,4.78336758480443,42.23260786629907,38.973652325680554,46.98749766417784,63.224466939463746
3502,117.51453183873936,133.81950630676928,139.7931243621745,99.30660721117012,74.28444950225435,102.69090044249552,33.87310575721682,67.40370887223006,25.35629164049432,30.43789122717777,61.774308995377666,22.20531936313793,54.182446513077316,51.81615796075983
3503,115.50019122394318,120.91723102888088,33.00860021471297,41.471894536060006,75.10122220875613,113.03942933281357,-3.5903160529253575,20.558103561950375,22.873786988692725,2.6292711340273853,59.453110116154846,31.540557681012178,41.513346963069544,44.97149357591206
3504,65.24750064583647,81.75982543777367,36.74764272424444,23.71607022577711,65.81750228388753,100.74510925034383,-4.229188344379741,10.768317940112713,16.40480522790735,-1.4160875651352,29.449649823166652,18.445614055552856,38.722515081791336,42.50642921350613
3505,63.5356950164682,48.660445433395864,-18.444512993167777,-28.754643965723318,56.729531516004215,101.63310813685935,-20.872412536965136,-22.192758906749134,13.943401792423892,-8.567551578294788,0.4768934980949302,22.937330118441498,22.889210032731487,34.66752161051453
3506,63.59955199377529,62.84013137083879,-12.455728554733701,8.535117327081977,50.265241776086285,107.97870550549126,-4.552136633215624,-9.65144320564897,25.039934759974226,7.537825450329841,39.52755151017522,41.994446317644396,52.494510353219326,48.419213572751005
3507,11.171045044081048,3.49026413127648,-44.739043307587245,-19.428029123571072,3.215233977142307,62.123757851745715,-9.50147545199234,-35.43904192094549,14.16331631943722,-2.981275601240218,-1.2188108710928582,28.699178644684423,37.320533693025645,29.618630984183827
3508,-10.407926819837336,-16.70227196636897,-33.8962235492734,20.22047168172336,-2.5476362985855934,53.578609092172485,1.7870873294093943,-28.26500959968472,3.763843741763651,-8.03444922957182,-10.713524827266912,29.887724223152492,29.753365167375115,29.62153659047289
3509,-25.49342919391489,-27.50255868972036,-13.228422472400768,30.089532514863187,-13.458250954516043,24.045858442738023,16.240451505581884,-22.52778982531517,-4.108897690960224,0.27337857342608984,9.19344507291724,13.752810260313835,27.263496949163116,15.026790885120686
3510,-24.437809644497374,-39.26456697095762,-25.74378239640954,6.762569248580368,-5.610876741006397,28.952508668953236,-13.699618262817243,-41.730480178357055,8.390328137417258,3.0260098333276275,-3.3980118572805003,7.918882903539757,23.510303484156942,13.092607847424448
3511,41.8057944230998,40.364362912799166,-28.672640075664138,3.366337660717429,25.76015079623079,46.90888024746918,-35.22714525764423,-49.16190215726626,1.5770934348474477,14.205391272416698,39.76811954886996,21.56809946969933,28.976996032132018,38.57225507536398
3512,22.2410225376178,35.1767541154532,19.378159162471427,64.13370407865823,19.614650798128185,46.61570390673103,-28.443734862918756,-33.37304870491027,12.348840232331185,33.63702125044776,10.583742423560306,2.1427639203178477,38.342190528617664,60.49053419721922
3513,7.833262826725882,24.30089832654449,41.28096589726648,48.22621399680126,24.774893941024843,37.03045872253316,-7.979208788613283,-9.532699836389153,-1.3194754052878732,35.14280941686968,-3.5038204695149036,4.93049314409414,43.33804950021026,56.26625161494733
3514,31.04180459974882,44.83551971483686,121.01047391005521,93.70411146447161,35.78993708550406,33.6469096047767,31.54080652417354,17.418255219897503,11.11361535272149,25.303529132033198,15.081652978429856,-10.528814309655493,45.297612863796104,53.7362921852015
3515,37.15580537585017,57.18187564030901,126.20016893060388,126.49106143573584,33.36739941149648,39.831967835997794,38.70133520078103,52.21837790912694,17.708038182839932,26.35787178474955,32.446392412889516,15.052986822459477,64.25424969252023,81.6568176978477
3516,-55.28797123788008,-28.467209484936795,35.659902936005494,26.824325479043267,-39.71325812261598,-55.444660942292735,-12.212754163016957,-8.83722905559406,3.4023452573281916,9.256126149799321,-34.68999107341327,-22.48369423638704,1.4936978376903778,25.836926359988283
3517,-74.68987057606272,-50.845880427264895,15.594733165083476,22.298513953885532,-32.14224790467055,-67.87577480649294,-23.504957534087104,-19.807737999226937,8.968919969929471,1.24180651272982,-21.169895458198244,-22.978397067108794,-7.351479011580091,2.607066951343503
3518,-153.70573615754324,-137.4702548304281,-120.20949806062141,-111.14282408255177,-84.8289981333103,-127.7367736172999,-61.65072640788476,-86.28292871160838,-15.796582543204815,-7.535132125604303,-58.932244789119,-51.261160378078024,-49.78904478448859,-35.34705508859625
3519,-155.9679397647742,-147.72991732374877,-99.33896239558771,-90.78462113586772,-77.36361318605648,-127.76003615121444,-48.31641771482901,-76.25672002038684,-11.987740411160432,-4.1225844371618425,-61.48850681395388,-46.66931022151662,-40.96628792375801,-37.95410227209566
3520,-196.57415012798305,-197.1899271513483,-165.8806101501666,-161.7653840590031,-114.97107179487061,-163.3612241782912,-89.83479579947264,-111.94982104956384,5.666402010801431,-4.632729207661568,-113.49121912848,-78.08695505605706,-65.96834666484581,-69.42575404718521
3521,-122.7775557172383,-136.20551484975323,-108.5804367583582,-105.48075872379141,-78.3634337794526,-116.90950181167446,-51.66039266666381,-83.59569994978946,-7.200218575251746,-4.503053177438333,-89.43063139441853,-64.20874339023722,-52.00959486563654,-52.98454320576684
3522,-79.01449949904362,-77.27307519102968,-49.44708151208355,-58.36801347565577,-56.80860917548655,-102.37705519393947,-33.93781002859252,-43.37810937903987,4.359894958171477,12.417538365670632,-65.54492798365487,-66.772866562112,-24.075538417861903,-30.688729707057313
3523,-46.844938696274795,-33.05555480004608,-40.901784344860886,-47.55556831604302,-34.91534674732022,-87.85437534635938,-14.461948866569672,-33.16576098059164,9.256768569405788,5.507670389779574,-56.21686413190725,-45.54286933841659,-9.011745987117457,-10.235533018767239
3524,-44.98296464777334,-31.00583691614422,-30.10566022461559,-33.08687269129449,-42.49086912909963,-79.54128276558959,-27.207112998421383,-31.11445385955671,0.4332922417955379,10.957836978393752,-49.93872441714822,-32.92504027070484,14.642248008413455,2.3492684239809507
3525,-86.78910686754055,-64.63204952204426,-34.47344539805386,-59.86615339545552,-50.156475030362444,-81.59114696083357,-35.07952601056153,-62.21328449796492,9.359056589002758,21.459210169192765,-49.60342485147198,-50.86339692069586,20.138184724052522,12.501230225463017
3526,-110.93168887966857,-109.89646271000653,-91.93426741092377,-106.57574750543245,-50.66393420165624,-80.9347889926592,-62.848332230484125,-69.37721824205181,14.720325875766193,11.424739750290797,-52.42482770577335,-41.35359441252834,18.6965813983038,12.203186859176332
3527,-121.17860935444459,-116.53518280815648,-64.63168633637751,-69.50323605054689,-37.35044183442197,-61.034502065180256,-62.47615883911409,-66.3287133461645,28.200069554304907,11.6024190924077,-68.60765510222846,-51.60614124302541,11.92891622772019,20.69603639590882
3528,-159.7402107544019,-148.73370778612744,-80.52969732098519,-95.0073460391582,-42.34622155840639,-66.43893302550056,-62.31275344416035,-83.91729247404844,3.828101694561703,7.904243629054726,-90.11746729124637,-57.63940631632025,-11.42687666072587,-1.1926277057959083
3529,-86.90841165776702,-84.64207002829866,14.234167918774206,-11.202201612119262,-4.06394888339156,-16.147870001112043,6.958974811470151,-14.036665915715375,2.0434260348696633,6.975975817918243,-23.027059342343787,-13.987188260980107,28.49861146437047,46.22246546816004
3530,-99.75153377067682,-104.45392145669,-17.84249353092437,-38.93285430271507,-46.22950228116496,-46.82046490573975,-30.19028349265643,-43.84028759226318,16.657030891382632,12.159659367816328,-49.02128233278603,-26.2888692847606,19.627481905035644,29.52178181940258
3531,-40.003033216073064,-44.90532767181074,41.576543670930626,27.46193673961849,2.3296687393126065,-20.083847926312036,15.439552030761405,-1.1383801318821725,7.953190259983734,16.63483780424901,-21.101974432667973,-6.888566605560475,11.080306885634437,32.72588755238478
3532,-28.068468965770595,-22.35780118349824,57.35420913998747,56.97472548816694,3.062828358404232,9.036009944573339,26.279278122575846,30.625448084340178,10.529827694485114,23.05366793730103,15.479042416346763,7.7563102271049535,27.08105160267979,40.201748913021
3533,-8.684666697612297,-3.6639730554582117,46.750339350981875,29.638468922512196,14.643576516906888,13.996550921978017,-0.10533605980951778,17.19918743311842,10.215995077990152,3.5245477002964702,47.86580973147457,34.53173402016995,15.405226287497193,19.629163654963122
3534,-24.406819889473823,-13.75084715096721,-1.074970794836914,14.671069786445601,4.672143409102528,17.432017280350372,-13.477414802550943,-1.3420432630465287,12.177227310263014,-3.0552838630411827,39.54343780957969,35.84605909527298,0.4149045331885438,7.943874506818449
3535,26.476864903111682,11.00254044559622,-18.15469142723907,-7.6379317290495035,24.410709060590037,32.85682577216549,-17.88076564548258,-10.54938293707299,-2.2270146393590395,12.28491927910753,51.52306051814489,44.51968433490279,-8.362651989487729,1.9499614095554116
3536,40.320526982147115,20.229531209831947,-62.36184641059962,-31.932797706439978,25.39711906534511,43.07668425408578,-24.376045722478274,-21.302986399608876,-2.801392277045816,3.293804466159113,48.54142083635151,53.33637487305268,-13.159713887140033,10.794086155361166
3537,48.297024614960975,19.911542667629043,-58.824239740049016,-54.300583688915154,28.344841596310015,43.030439186738896,-17.32525733828456,-18.823786966202892,-9.719994917641577,7.376005005102226,40.4366914337984,55.324155196152596,-21.152388858973918,10.035561860514676
3538,91.1705167559382,38.8831364961217,-68.00860212797528,-26.168405028739826,35.125538613758906,55.64599394809717,-2.9681010952052373,-1.5065034343355264,-1.6208414134138955,-9.321338105555688,65.68030031194209,68.43484619672044,-3.5863876185925796,15.181205775882773
3539,47.7602531042624,16.93673638599561,-14.61517396054159,-4.60012058569879,22.471694062878093,43.234519042477004,-5.987661335567361,4.078949437785719,-18.512233419512686,-14.491273244226482,51.72385662948693,55.492886186393264,-7.471820289356588,6.990579418698039
3540,75.92685270000462,35.89274220631318,14.753080644592231,28.812596788832444,37.572783374036035,58.71757587691635,29.33098634387516,6.670049506526846,-12.102486589528368,-3.9740924363263583,63.500814560015364,45.79876445323433,-1.899005787781681,-2.6040776848440834
3541,110.74490422309302,73.33309593992404,46.19345396580892,67.02508100902432,38.16372082837295,75.6305333455194,53.92769240671504,57.86837901396958,-10.344541388912413,1.9959798550926824,82.00867193539257,66.9085098526616,1.4026261618778195,22.891872358126587
3542,88.83100318507391,78.87743793362532,70.04073706068068,84.26308260374067,28.85013594302503,65.69410580750478,58.9933236461049,40.05055565065801,-9.607368574882086,8.699592999350797,64.67620295503467,23.394368714355526,19.96396862064586,6.426218172989232
3543,126.4865991286477,126.64552577327501,131.54143440303133,161.43018932849688,74.12262859072362,87.27275061470105,79.94194653216229,74.60558702632913,-8.919321699655066,-1.684565131828018,89.42303909420477,26.05747460510628,24.75332738329801,10.072176879775357
3544,165.42229702522425,151.13302300276456,155.87441807778998,169.4118496039204,113.03980755117863,126.68296457709755,112.48513921433303,120.24580038332476,-1.3899947946791196,-0.4735079673890401,110.55627541304847,54.82183017160656,30.638158785891804,33.70429211821065
3545,164.18921119439983,146.48974053298238,167.8757968678567,174.77085105790647,126.60547892521845,135.14361195399698,129.21131870443827,130.57629988182305,-12.04661481626711,-4.506263300813298,121.96844137985943,62.460834765588075,19.441697057697564,16.162576948085206
3546,174.0826976267837,152.62872460894425,186.16395275824854,180.49079200573536,150.6343883834902,147.47658535898867,151.50587654589157,154.5519009227851,-5.147346865003755,-11.30974443096205,109.33923655218086,67.79743088596574,31.545350349210405,6.00065151692813
3547,153.90394948146468,147.93806509916578,195.71723847348142,193.63357563377465,139.43441847627827,139.31177612480568,152.62316521786684,154.37038437729748,-6.127339073246529,-12.189720137759963,95.75975670834569,34.268974387259874,32.26646645923173,-0.3412991345497121
3548,173.74676576504228,153.72632407461379,198.10670322319132,207.47206558171771,139.65310070433924,149.70523643570272,137.78813786512652,155.85555488141995,-3.460014407627179,-15.53536945036549,115.36789890906091,76.66415175333468,31.222419516240052,7.6105548693502305
3549,153.62717297166787,147.73206842895894,195.0802979246056,207.4051478025799,148.3072112776409,145.6801567314213,109.14296815363446,139.32247473425883,25.012599041334408,-5.75241438940348,105.44703639140435,87.2740949772517,38.176289568731086,27.794143273041342
3550,58.98848856834507,56.31652130936036,61.98606656059919,71.51345395776848,69.29257851156366,66.59307544362413,1.4124257122477408,25.48227460482721,-1.3781939127689367,-27.06817688762138,20.278500635312216,31.05930125964477,-5.808991544304236,-9.075619214714356
3551,33.23958722019438,33.55112912484982,27.410504450540632,40.3662018831727,29.477985926339617,36.70529940689621,-17.955718459150273,-5.350745401302299,-0.7659868588464059,-11.602620463859866,9.599013688449471,38.224914418525366,-0.20239406291322645,10.960476712571788
3552,-16.95252557590517,4.452626897023137,-11.0411597528838,-0.9523585084966228,6.7570012733909355,-5.800060094871377,-49.4937298944285,-42.33851623660489,17.353729132468384,7.012996235465598,-11.75826191731403,21.784164950706113,-6.781748084409115,11.804225991575352
3553,20.517588734007173,28.505400747809315,-7.901223782230569,-17.108045445800443,32.409971328216315,8.661639688601623,-29.13066747487468,-32.373388199958676,16.000800495985917,-2.7877343621002866,12.331228241584219,19.20135878693438,4.129025739716502,8.533054050008547
3554,-6.0332897949592965,13.817592159145622,-52.173117842117676,-64.3746665853882,27.326396140098545,0.6259194604951313,-16.728203282493343,-30.767352917740862,12.266350463565468,-1.595089134690396,20.116101503625984,28.786270608934355,9.724363085755458,15.077782657944653
3555,-48.95283330198703,-33.06623425976811,-31.088430477814516,-58.714839563185805,14.992587795212483,-18.453367854254804,-24.956644108303134,-37.79994304081816,6.631744179084504,-6.667568089265684,9.798525269132575,3.616668162620016,-5.348816136666075,-16.788061590370486
3556,-32.94580662512606,-22.963571545545697,32.43334747400363,-14.676731648082544,33.71195521105483,-7.417466433455394,34.421288564211736,15.364611964642103,-3.724056182214428,-8.3045458289351,33.86211742362094,20.17053128349717,10.153860313282722,12.599682799623327
3557,-48.072522746284605,-32.001979529227576,29.72833058095215,-15.581097171025714,5.906494035861643,-13.293609816691983,32.49241579687909,14.14313053760444,14.694889584880075,8.446992330365184,20.65414699660012,28.60031330502589,3.538634631071528,16.226357277794083
3558,-86.84458323246344,-63.7313155857693,-12.067233998956569,-50.305216017753935,-42.86350012852269,-59.373964200119346,-12.88609266116102,-17.78747435904574,-0.8157286533311504,-0.4528780430018866,-36.190305651103216,-11.680868609202541,-26.976142144875755,-13.96373138031492
3559,-122.7567432321308,-103.69648337218311,-88.91237442014824,-108.2638822888762,-63.149885021517306,-77.72042317789179,-56.08197633680358,-77.1014396428869,-7.559548500491523,-6.413979648411393,-66.23197449724175,-35.3562971987207,-25.880533176424443,-39.49286379152288
3560,-132.71335461670463,-115.23537630962994,-110.1088548426993,-123.40772743769008,-85.09304469256342,-102.88821199557366,-98.71968584371534,-99.18748924328,-4.472375929672338,-6.003862977633089,-84.81244129675581,-55.52493279763467,-36.32123511292653,-47.49919491425155
3561,-126.85274540627951,-123.31526124838034,-155.42580813743504,-143.81913916538772,-95.76088963656139,-112.53659226377638,-104.96436655547707,-107.51452169136246,-7.58806480249702,-5.684945919790689,-104.62019400468617,-45.79265345778393,-28.37139776467487,-27.218180223658234
3562,-108.49650132483197,-88.04480518102169,-79.10317425489684,-84.72606761809446,-64.86881751469278,-71.9197060467187,-65.913350625869,-66.0896299231823,1.14392826659627,-1.669785839194934,-73.11459936788822,-39.66251925022671,5.246904389129379,-2.359758633671682
3563,-108.48179584432815,-92.13930935203618,-106.66708040551613,-101.72049674015777,-102.61485111774945,-83.46502782912147,-82.31726017089625,-91.62409902711023,0.8170676537195822,4.054207487547713,-80.83996970047785,-54.61143166966313,-14.035676333678595,-12.415473419191489
3564,-32.14556997954853,-38.53194813754307,-51.316244799441336,-66.70849523412222,-73.37255859324999,-60.26635168740705,-44.801210195544,-48.5695658306405,-7.748062881232567,1.645469822278093,-65.08950124054958,-35.03821099085189,-13.372497090124423,-9.545231831372137
3565,-29.065856656490674,-10.791103355958484,-69.19953541469948,-79.26864735590672,-77.43391848872166,-42.774315112350244,-67.62040164002858,-73.84891883016887,-10.536972482451512,3.7659520072500117,-47.86184730960073,-27.660147808372265,-11.232250224779929,2.3487138519703348
3566,-13.957463574110594,-4.303776579978205,-67.2448413329157,-82.66510399838108,-48.72293466978379,-31.239198270905824,-66.35364337930658,-58.91401728819403,-16.976108363882926,-0.22509438747335997,-39.4959764866275,-31.212494766452878,-19.721849656065565,-15.417535067097493
3567,-46.477407356842505,-40.16546623101751,-78.99063806269808,-83.21111226947606,-56.15583096933791,-40.49690541311147,-69.12384746909069,-59.871863665004796,-14.103355931132604,3.7375949294837545,-79.96422234645665,-53.702743839765326,-29.700618202742824,-19.515884923146217
3568,-41.25077872595083,-39.99550784349494,-63.328394345556376,-60.61138632309889,-22.548183894216763,-21.516454081369258,-51.156209832470324,-68.99746354051956,-23.518438835522762,-1.7772238357920669,-65.48660720583734,-73.18231519165728,-30.51606983345715,-30.31904988299595
3569,-43.72194739251764,-51.80946617649978,-67.07940326705975,-38.777024565035106,-27.775738552241872,-21.78489504088856,-43.15093817517062,-42.81094095520367,-21.51970405744777,4.180042260473516,-59.25347075756101,-69.81860228737462,-34.26899093658226,-29.141609568102073
3570,-25.79183931235457,-35.9685088203981,16.35224419990664,18.153322475316884,-8.482399428143445,5.350057488777462,-23.473824454342356,-19.82131491423982,-25.47273413636107,-8.593396813566908,-34.989154062924435,-79.51182451449307,-15.881892600751335,-34.569938274519316
3571,10.584885326763448,13.945890210680078,50.0992492895522,66.89538886315914,24.896632681856083,29.858122197048136,11.744804902418496,11.499330234566504,-3.691699880732248,-6.156657667853365,4.413225599509426,-59.17790603136091,3.1037169623926673,-22.392287001501487
3572,48.83804145715399,46.13469629726674,89.92550482208725,98.54496621423282,50.756275351665195,78.38184939126295,32.1773879725442,42.9214459715373,-8.731699867706576,1.1003556073522143,48.89369896555052,-25.74980752232558,9.959649825290844,-3.667825182729459
3573,120.39222748136086,95.60794990805151,141.6418891406439,154.1704625967854,71.74227389499175,122.56767521444543,57.48605225713931,81.66803706429448,1.7773496268125484,-1.0610949498750561,98.75651770254768,26.007500660465052,46.35105077840059,43.99926541463997
3574,112.38611737249968,101.21448930003616,116.0507783080629,140.89289923382972,83.57667780636653,127.14475341110972,51.53673611376046,89.416674559545,3.849779968026398,12.995487972105742,102.5720926410293,34.66239808072098,30.178536439889392,32.10954077635369
3575,18.753811660132527,13.310138389390083,50.92199448068311,73.00519350213426,26.012048404192413,61.211022580331765,12.824786098905296,39.8555281887764,-8.012134808935757,0.46109690785825874,42.13857392624785,-1.8082929439726345,-3.504798809830173,-3.7682220519780922
3576,-6.084927188882489,-7.4581727705133005,-2.368947503798983,13.687483338991967,27.083404510832093,60.449683722597726,-16.723179932267694,18.979913148016276,-12.288938297539326,3.6306419352571258,41.593135816075666,22.019769125543572,-10.58047552178009,12.5031662217834
3577,-37.40613617383429,-41.05200951141106,-14.156093331395153,-2.64699205460668,28.210358988761005,54.97947687989059,19.50148770324071,46.2785549207553,-2.7939424231040193,-4.836904037403398,57.731767616879964,42.368407113904766,22.321764585031936,20.109695683326013
3578,-81.91953120847778,-72.82887760195679,-38.18783499527655,-47.871781227797214,-8.675639032244952,5.81485836573373,17.275679573399866,15.129157321447106,-14.159832634093931,-0.27722189711858825,33.99078117694145,8.3280347965512,-3.682692493527957,-12.452320884010964
3579,-32.556655274077386,-16.773307804209153,-5.6406885217433045,-4.967643262386803,6.705793824903758,8.47886727935673,56.941934916383175,65.28220643308592,-8.58614612666596,8.169866629288714,40.89816573437133,29.03294190559167,24.91072809646181,15.763048881447974
3580,-16.509937459342336,0.7778812583168024,42.51217243297798,23.152630994926092,-10.89781618448507,-1.2362153669886737,60.032723895379995,59.937211681055146,5.583741483730239,2.097700129289702,41.045197945253655,18.5897724605401,31.717007244096205,8.879984228003172
3581,22.725319041046024,47.47211541569582,71.17755105762382,57.08900394710738,27.56721481916377,24.318205903120802,68.89964558667127,87.18907747862136,18.504853838927545,6.201849323468066,67.50962537527055,27.20454260517372,33.444869187018256,25.72424335712449
3582,69.0933947003503,73.02414719917813,119.7481011876405,93.23283491361671,45.12347972879928,47.46072882616948,110.02647312807385,141.22505006355155,30.714619279170833,35.54726165264647,73.47819256319274,59.056473401269926,65.12285152993313,62.564661078741985
3583,22.75522143481044,34.52925192407903,70.11433635336475,42.45376371091153,17.26157749068406,9.092345546325182,50.992069871119675,70.15901988500943,3.7671927138323436,3.927517355215664,24.977064084991632,22.29280046439449,17.599803966316244,24.503755168502042
3584,89.38800429804293,98.576455340184,127.44630758078428,104.25089534311834,61.90447666927068,54.31200825631466,89.40520605081005,127.76295398938494,32.329923704547085,11.244351919914106,46.25107502472261,47.112768529135,35.04280256794844,41.51506766787519
3585,91.29050628948448,98.91114347879228,139.91980606455726,115.56787626528703,44.545767856308146,26.49418142398879,73.041110986693,109.1530393121379,21.774021496301373,13.520218428409864,35.168789415832464,41.76735822757347,27.507504487156027,44.81590364312249
3586,130.8113566951344,132.58418152067782,173.74053657647735,154.50644216406067,51.061713419936474,46.277803645240226,90.74066812043614,127.92723889929906,18.86360228479835,19.64603279553977,42.74077162020849,55.641068952239934,21.65240477699377,50.8710354593238
3587,133.70014226977156,140.40623039894322,155.07632116598063,146.59719687280187,48.74115308705733,43.958941496347805,92.6172807283132,117.85966947537959,26.605573560770143,17.05990158324446,42.488631738022605,59.65447727899472,29.65694288650055,58.36865658070662
3588,87.1750033899404,91.33295968320782,42.826275394666716,59.015812839650806,-2.0435003345247313,-4.7783176447462,4.488701442522612,22.47094917169344,6.709478935665751,3.8442917429144208,-1.9877119053607188,21.349351892861154,-16.36082789516322,15.493507602262069
3589,112.08857586275654,107.43822008534494,11.038510655237586,9.83035388581891,24.28620024239488,23.206010775183547,2.3027015032796165,14.350183738130221,-2.4397256297133674,11.222464688548232,12.97375601598221,35.912392732764374,-17.710685569209765,18.603802840675183
3590,85.1786515170545,92.70184136050841,-65.19863955397433,-50.43573493420328,23.231228165417594,25.02407578660175,-40.73040375552211,-19.466378065543672,3.4436846721501424,-6.249238182043651,-4.094169230513982,21.844719743858043,-24.085778748054512,0.8546914349487866
3591,102.10007464640363,90.52622872392082,-105.59219186496085,-92.1588087844901,44.25079559305587,37.33084835366553,-68.93815141178415,-50.331225111139105,-4.323293407592161,-3.1565353970203596,14.841778749647265,15.78781862158251,-26.22181752553799,-2.7319871440756747
3592,82.00617335293978,74.65604534059415,-115.0078013484386,-107.96335965139465,27.150307377171693,10.485689357169678,-52.514595408659844,-58.5145128419036,-8.631791519925796,-18.812117559498397,-10.342098745373063,1.8070731058773057,-24.712197505478795,-8.407789217475234
3593,50.01173909995931,49.36404615747344,-93.63558296101762,-96.79138766056332,-4.482989710370283,-5.538700770920111,-71.53960330731766,-83.21234732099961,-4.926130207360585,4.2506546593808245,-27.987358454223376,-12.460817522548288,-1.003644841063698,4.532833704390986
3594,58.25807329504656,53.802747501160944,-80.647290039769,-85.9066017485592,-23.189398242541984,-21.450718500543697,-68.73929992394162,-70.77806429191496,1.1777320527466033,5.980626392124676,-49.35624194192414,-30.271700184500432,-9.038322042669138,-7.675252292079279
3595,75.33841071281044,75.90429473977716,-22.214298683189053,-28.478821016608222,-3.148470954004229,-6.161748728864521,-44.63366858032817,-32.13410916609916,6.082699060911607,5.281169713883113,-64.55421518673558,-18.06179917907297,-1.8620004979924167,20.967897666135606
3596,99.57562914941307,80.48181364531348,37.88476671740868,26.276751931862925,0.8021680374454491,-7.31988853092482,-1.7535352620626696,-21.313479692953674,-0.08560393314715409,1.1818186807028725,-43.68020848877904,-15.801358744857932,16.758472630153367,26.76294491903822
3597,87.22385223594033,61.93191841761724,47.546376301450636,30.718724729156566,-4.545816426362956,-17.448821699983103,-6.086803519074335,-11.0771434328045,5.024060552964834,12.980771591197163,-37.55180583713105,-3.96191258683512,14.084118358828238,26.80542727437671
3598,32.40703202598038,29.751571098534626,21.049773200208545,-3.628375610940644,-26.269405315634344,-36.41293266700685,-19.23016575174078,-21.34928550740612,1.797973223355762,12.623420297040328,-24.305648901843522,-1.0515231932050089,6.368541831905319,18.779704981456483
3599,54.636206814724964,55.6647698575358,15.96838074154845,9.713924017436572,11.402633720547398,6.737137379005219,-33.34092192640395,-41.46007196332677,7.5343397604834275,18.961093091143425,17.84810299422525,29.90093802052941,33.557556732698295,55.031183637097314
